<?xml version='1.0' encoding='UTF-8' standalone='yes' ?>
<gpx version="1.1" creator="GPSBabel - http://www.gpsbabel.org" xmlns:xsi="http://www.w3.org/2001/XMLSchema-instance" xmlns="http://www.topografix.com/GPX/1/1" xsi:schemaLocation="http://www.topografix.com/GPX/1/1 http://www.topografix.com/GPX/1/1/gpx.xsd">
  <metadata>
    <link href="http://www.garmin.com">
      <text>Garmin International</text>
    </link>
    <time>2026-09-10T01:55:38Z</time>
    <bounds minlat="29.3552044" minlon="119.3618257" maxlat="29.3710233" maxlon="119.3760035" />
  </metadata>
  <extensions>
    <name><![CDATA[三峰尖小环线]]>
    </name>
    <description><![CDATA[]]>
    </description>
    <TrackId>89472609</TrackId>
    <TrackTypeId>8</TrackTypeId>
    <TrackTags>徒步</TrackTags>
    <BeginTime>1789005338000</BeginTime>
    <EndTime>1789019873000</EndTime>
    <TimeUsed>14535000</TimeUsed>
    <PauseTime>3556</PauseTime>
    <PosStartName>金华市兰溪市黄店镇三峰殿口村凉亭</PosStartName>
    <PosEndName>金华市兰溪市黄店镇三峰殿口村凉亭</PosEndName>
    <ProductVersion>and_9.2.3</ProductVersion>
    <StartDistrictId>9659</StartDistrictId>
    <EndDistrictId>9659</EndDistrictId>
    <CreaterId>64771087</CreaterId>
    <CreaterName><![CDATA[步履赴山野]]>
    </CreaterName>
    <CreaterIcon>1523534626</CreaterIcon>
    <OriginCreaterId>64771087</OriginCreaterId>
    <OriginCreaterNickname><![CDATA[步履赴山野]]>
    </OriginCreaterNickname>
    <OriginCreaterName><![CDATA[null]]>
    </OriginCreaterName>
    <OriginCreaterIcon>1523534626</OriginCreaterIcon>
    <ThumbnailId>1673918490</ThumbnailId>
    <Distance>6106.0</Distance>
    <ElevationGain>617.0399999999997</ElevationGain>
    <ElevationLoss>599.0699999999995</ElevationLoss>
    <SportAvgSpeed>0.42019223967005614</SportAvgSpeed>
  </extensions>
  <trk>
    <trkseg>
      <trkpt lat="29.35663" lon="119.3644367">
        <ele>122.1</ele>
        <time>2026-09-10T01:55:39Z</time>
        <speed>0.0</speed>
      </trkpt>
      <trkpt lat="29.3567185" lon="119.3644427">
        <ele>122.1</ele>
        <time>2026-09-10T01:56:19Z</time>
        <speed>0.0</speed>
      </trkpt>
      <trkpt lat="29.3568118" lon="119.364476">
        <ele>121.5</ele>
        <time>2026-09-10T01:56:31Z</time>
        <speed>1.0114292</speed>
      </trkpt>
      <trkpt lat="29.3569109" lon="119.364484">
        <ele>123.0</ele>
        <time>2026-09-10T01:56:45Z</time>
        <speed>0.670683</speed>
      </trkpt>
      <trkpt lat="29.3570294" lon="119.3645021">
        <ele>125.33</ele>
        <time>2026-09-10T01:56:59Z</time>
        <speed>0.74222946</speed>
      </trkpt>
      <trkpt lat="29.3571333" lon="119.3645484">
        <ele>125.06</ele>
        <time>2026-09-10T01:57:07Z</time>
        <speed>1.1972439</speed>
      </trkpt>
      <trkpt lat="29.3572274" lon="119.3645221">
        <ele>126.62</ele>
        <time>2026-09-10T01:57:15Z</time>
        <speed>1.3001883</speed>
      </trkpt>
      <trkpt lat="29.3573038" lon="119.3644551">
        <ele>130.1</ele>
        <time>2026-09-10T01:57:23Z</time>
        <speed>1.1591544</speed>
      </trkpt>
      <trkpt lat="29.3573729" lon="119.3643776">
        <ele>133.37</ele>
        <time>2026-09-10T01:57:29Z</time>
        <speed>1.2986442</speed>
      </trkpt>
      <trkpt lat="29.357468" lon="119.3643489">
        <ele>134.84</ele>
        <time>2026-09-10T01:57:35Z</time>
        <speed>1.5127686</speed>
      </trkpt>
      <trkpt lat="29.3575737" lon="119.364312">
        <ele>135.47</ele>
        <time>2026-09-10T01:57:43Z</time>
        <speed>1.2909234</speed>
      </trkpt>
      <trkpt lat="29.3576698" lon="119.3642832">
        <ele>135.66</ele>
        <time>2026-09-10T01:57:49Z</time>
        <speed>1.803072</speed>
      </trkpt>
      <trkpt lat="29.3577727" lon="119.3642548">
        <ele>134.56</ele>
        <time>2026-09-10T01:57:57Z</time>
        <speed>1.5915211</speed>
      </trkpt>
      <trkpt lat="29.3578817" lon="119.3642233">
        <ele>132.81</ele>
        <time>2026-09-10T01:58:05Z</time>
        <speed>1.5838003</speed>
      </trkpt>
      <trkpt lat="29.3579851" lon="119.3641767">
        <ele>131.43</ele>
        <time>2026-09-10T01:58:13Z</time>
        <speed>1.8519706</speed>
      </trkpt>
      <trkpt lat="29.3580747" lon="119.3641132">
        <ele>131.59</ele>
        <time>2026-09-10T01:58:23Z</time>
        <speed>1.7129955</speed>
      </trkpt>
      <trkpt lat="29.3581729" lon="119.3640695">
        <ele>134.26</ele>
        <time>2026-09-10T01:58:31Z</time>
        <speed>1.3182036</speed>
      </trkpt>
      <trkpt lat="29.3582576" lon="119.3640005">
        <ele>135.57</ele>
        <time>2026-09-10T01:58:37Z</time>
        <speed>1.584315</speed>
      </trkpt>
      <trkpt lat="29.3583398" lon="119.3639333">
        <ele>136.01</ele>
        <time>2026-09-10T01:58:43Z</time>
        <speed>1.9379292</speed>
      </trkpt>
      <trkpt lat="29.3584155" lon="119.3638515">
        <ele>136.91</ele>
        <time>2026-09-10T01:58:51Z</time>
        <speed>1.6872594</speed>
      </trkpt>
      <trkpt lat="29.3585043" lon="119.3638089">
        <ele>138.11</ele>
        <time>2026-09-10T01:58:59Z</time>
        <speed>1.6033597</speed>
      </trkpt>
      <trkpt lat="29.3586086" lon="119.3637528">
        <ele>138.36</ele>
        <time>2026-09-10T01:59:07Z</time>
        <speed>1.4309278</speed>
      </trkpt>
      <trkpt lat="29.3587095" lon="119.3637014">
        <ele>138.21</ele>
        <time>2026-09-10T01:59:13Z</time>
        <speed>1.732555</speed>
      </trkpt>
      <trkpt lat="29.3587992" lon="119.3636605">
        <ele>138.2</ele>
        <time>2026-09-10T01:59:21Z</time>
        <speed>1.5410783</speed>
      </trkpt>
      <trkpt lat="29.3588995" lon="119.3636457">
        <ele>138.93</ele>
        <time>2026-09-10T01:59:29Z</time>
        <speed>1.282173</speed>
      </trkpt>
      <trkpt lat="29.3590028" lon="119.3636133">
        <ele>138.96</ele>
        <time>2026-09-10T01:59:37Z</time>
        <speed>1.3882059</speed>
      </trkpt>
      <trkpt lat="29.3590819" lon="119.3635552">
        <ele>139.02</ele>
        <time>2026-09-10T01:59:43Z</time>
        <speed>1.42681</speed>
      </trkpt>
      <trkpt lat="29.3591768" lon="119.3634864">
        <ele>140.52</ele>
        <time>2026-09-10T01:59:53Z</time>
        <speed>1.1807728</speed>
      </trkpt>
      <trkpt lat="29.3592836" lon="119.3634489">
        <ele>142.49</ele>
        <time>2026-09-10T02:00:01Z</time>
        <speed>1.4695319</speed>
      </trkpt>
      <trkpt lat="29.3593944" lon="119.363438">
        <ele>145.03</ele>
        <time>2026-09-10T02:00:11Z</time>
        <speed>1.2440836</speed>
      </trkpt>
      <trkpt lat="29.359491" lon="119.3634307">
        <ele>146.95</ele>
        <time>2026-09-10T02:00:19Z</time>
        <speed>1.0886375</speed>
      </trkpt>
      <trkpt lat="29.359598" lon="119.3634404">
        <ele>148.69</ele>
        <time>2026-09-10T02:00:27Z</time>
        <speed>1.3496016</speed>
      </trkpt>
      <trkpt lat="29.3597104" lon="119.3634349">
        <ele>150.2</ele>
        <time>2026-09-10T02:00:37Z</time>
        <speed>1.3429103</speed>
      </trkpt>
      <trkpt lat="29.3598033" lon="119.3634611">
        <ele>150.37</ele>
        <time>2026-09-10T02:00:47Z</time>
        <speed>1.1555514</speed>
      </trkpt>
      <trkpt lat="29.3598973" lon="119.3634563">
        <ele>149.27</ele>
        <time>2026-09-10T02:01:11Z</time>
        <speed>0.58987164</speed>
      </trkpt>
      <trkpt lat="29.3599887" lon="119.363471">
        <ele>146.96</ele>
        <time>2026-09-10T02:01:31Z</time>
        <speed>0.70053697</speed>
      </trkpt>
      <trkpt lat="29.3600721" lon="119.363441">
        <ele>147.19</ele>
        <time>2026-09-10T02:01:41Z</time>
        <speed>1.1339331</speed>
      </trkpt>
      <trkpt lat="29.3601654" lon="119.3634166">
        <ele>147.28</ele>
        <time>2026-09-10T02:01:51Z</time>
        <speed>0.83899724</speed>
      </trkpt>
      <trkpt lat="29.3602667" lon="119.3633887">
        <ele>149.22</ele>
        <time>2026-09-10T02:01:59Z</time>
        <speed>1.2672461</speed>
      </trkpt>
      <trkpt lat="29.3603181" lon="119.363398">
        <ele>150.93</ele>
        <time>2026-09-10T02:02:21Z</time>
        <speed>0.0</speed>
      </trkpt>
      <trkpt lat="29.3603983" lon="119.3634217">
        <ele>154.36</ele>
        <time>2026-09-10T02:03:23Z</time>
        <speed>1.2435689</speed>
      </trkpt>
      <trkpt lat="29.3604683" lon="119.3635083">
        <ele>156.06</ele>
        <time>2026-09-10T02:03:49Z</time>
        <speed>0.7175228</speed>
      </trkpt>
      <trkpt lat="29.3605496" lon="119.3635781">
        <ele>156.42</ele>
        <time>2026-09-10T02:03:55Z</time>
        <speed>1.1375362</speed>
      </trkpt>
      <trkpt lat="29.3606149" lon="119.3635265">
        <ele>157.01</ele>
        <time>2026-09-10T02:04:03Z</time>
        <speed>1.2775406</speed>
      </trkpt>
      <trkpt lat="29.3606652" lon="119.3634331">
        <ele>158.21</ele>
        <time>2026-09-10T02:04:11Z</time>
        <speed>0.89046943</speed>
      </trkpt>
      <trkpt lat="29.3607454" lon="119.3633523">
        <ele>159.88</ele>
        <time>2026-09-10T02:04:19Z</time>
        <speed>1.028415</speed>
      </trkpt>
      <trkpt lat="29.3608402" lon="119.3632916">
        <ele>161.7</ele>
        <time>2026-09-10T02:04:27Z</time>
        <speed>1.0495186</speed>
      </trkpt>
      <trkpt lat="29.3609255" lon="119.3632346">
        <ele>162.9</ele>
        <time>2026-09-10T02:04:33Z</time>
        <speed>1.1864347</speed>
      </trkpt>
      <trkpt lat="29.3610135" lon="119.363178">
        <ele>163.42</ele>
        <time>2026-09-10T02:04:41Z</time>
        <speed>1.4154861</speed>
      </trkpt>
      <trkpt lat="29.3611148" lon="119.3631741">
        <ele>162.89</ele>
        <time>2026-09-10T02:04:47Z</time>
        <speed>1.3598961</speed>
      </trkpt>
      <trkpt lat="29.3611932" lon="119.3631179">
        <ele>162.08</ele>
        <time>2026-09-10T02:04:57Z</time>
        <speed>0.8729689</speed>
      </trkpt>
      <trkpt lat="29.3612498" lon="119.363016">
        <ele>161.49</ele>
        <time>2026-09-10T02:05:03Z</time>
        <speed>1.1715078</speed>
      </trkpt>
      <trkpt lat="29.3612679" lon="119.3629062">
        <ele>160.2</ele>
        <time>2026-09-10T02:05:09Z</time>
        <speed>1.4067358</speed>
      </trkpt>
      <trkpt lat="29.3613287" lon="119.3628193">
        <ele>158.57</ele>
        <time>2026-09-10T02:05:15Z</time>
        <speed>1.2955558</speed>
      </trkpt>
      <trkpt lat="29.3614181" lon="119.3627466">
        <ele>156.43</ele>
        <time>2026-09-10T02:05:21Z</time>
        <speed>1.719687</speed>
      </trkpt>
      <trkpt lat="29.3615234" lon="119.362719">
        <ele>154.52</ele>
        <time>2026-09-10T02:05:29Z</time>
        <speed>1.4365897</speed>
      </trkpt>
      <trkpt lat="29.3616326" lon="119.3627159">
        <ele>153.14</ele>
        <time>2026-09-10T02:05:37Z</time>
        <speed>1.3027619</speed>
      </trkpt>
      <trkpt lat="29.3617362" lon="119.36269">
        <ele>151.87</ele>
        <time>2026-09-10T02:05:47Z</time>
        <speed>1.1138589</speed>
      </trkpt>
      <trkpt lat="29.3618291" lon="119.3626666">
        <ele>149.78</ele>
        <time>2026-09-10T02:05:57Z</time>
        <speed>1.1329036</speed>
      </trkpt>
      <trkpt lat="29.3618952" lon="119.3625787">
        <ele>147.59</ele>
        <time>2026-09-10T02:06:07Z</time>
        <speed>1.0845197</speed>
      </trkpt>
      <trkpt lat="29.3619794" lon="119.3624846">
        <ele>146.05</ele>
        <time>2026-09-10T02:06:17Z</time>
        <speed>1.2291566</speed>
      </trkpt>
      <trkpt lat="29.3620857" lon="119.3624341">
        <ele>145.98</ele>
        <time>2026-09-10T02:06:27Z</time>
        <speed>1.2085677</speed>
      </trkpt>
      <trkpt lat="29.3621812" lon="119.3623854">
        <ele>147.32</ele>
        <time>2026-09-10T02:06:37Z</time>
        <speed>0.76950973</speed>
      </trkpt>
      <trkpt lat="29.362279" lon="119.3623686">
        <ele>149.98</ele>
        <time>2026-09-10T02:06:45Z</time>
        <speed>1.1148883</speed>
      </trkpt>
      <trkpt lat="29.3623613" lon="119.362324">
        <ele>154.12</ele>
        <time>2026-09-10T02:06:53Z</time>
        <speed>1.0953289</speed>
      </trkpt>
      <trkpt lat="29.3624515" lon="119.3623183">
        <ele>159.36</ele>
        <time>2026-09-10T02:07:03Z</time>
        <speed>0.79318696</speed>
      </trkpt>
      <trkpt lat="29.3625491" lon="119.3623248">
        <ele>165.79</ele>
        <time>2026-09-10T02:07:11Z</time>
        <speed>0.82973224</speed>
      </trkpt>
      <trkpt lat="29.3626407" lon="119.3623488">
        <ele>171.81</ele>
        <time>2026-09-10T02:07:19Z</time>
        <speed>0.0</speed>
      </trkpt>
      <trkpt lat="29.3627433" lon="119.3623662">
        <ele>177.53</ele>
        <time>2026-09-10T02:07:31Z</time>
        <speed>0.9100289</speed>
      </trkpt>
      <trkpt lat="29.3628352" lon="119.3623318">
        <ele>183.28</ele>
        <time>2026-09-10T02:07:41Z</time>
        <speed>0.0</speed>
      </trkpt>
      <trkpt lat="29.3629262" lon="119.3622879">
        <ele>187.89</ele>
        <time>2026-09-10T02:07:49Z</time>
        <speed>0.9326767</speed>
      </trkpt>
      <trkpt lat="29.3630386" lon="119.3622592">
        <ele>191.81</ele>
        <time>2026-09-10T02:07:57Z</time>
        <speed>1.065475</speed>
      </trkpt>
      <trkpt lat="29.3631264" lon="119.3622079">
        <ele>194.04</ele>
        <time>2026-09-10T02:08:05Z</time>
        <speed>1.0330476</speed>
      </trkpt>
      <trkpt lat="29.3631754" lon="119.3621511">
        <ele>195.49</ele>
        <time>2026-09-10T02:08:11Z</time>
        <speed>0.0</speed>
      </trkpt>
      <trkpt lat="29.3632485" lon="119.362101">
        <ele>197.17</ele>
        <time>2026-09-10T02:08:21Z</time>
        <speed>0.56928277</speed>
      </trkpt>
      <trkpt lat="29.3633167" lon="119.3620343">
        <ele>196.88</ele>
        <time>2026-09-10T02:08:35Z</time>
        <speed>0.5723711</speed>
      </trkpt>
      <trkpt lat="29.3633982" lon="119.3619756">
        <ele>196.42</ele>
        <time>2026-09-10T02:08:43Z</time>
        <speed>0.7828925</speed>
      </trkpt>
      <trkpt lat="29.363481" lon="119.3619182">
        <ele>196.71</ele>
        <time>2026-09-10T02:08:55Z</time>
        <speed>0.7623036</speed>
      </trkpt>
      <trkpt lat="29.3635713" lon="119.3619065">
        <ele>198.21</ele>
        <time>2026-09-10T02:09:03Z</time>
        <speed>0.0</speed>
      </trkpt>
      <trkpt lat="29.3636539" lon="119.3618676">
        <ele>199.76</ele>
        <time>2026-09-10T02:09:11Z</time>
        <speed>0.66605055</speed>
      </trkpt>
      <trkpt lat="29.3637456" lon="119.3618664">
        <ele>202.05</ele>
        <time>2026-09-10T02:09:23Z</time>
        <speed>0.73605275</speed>
      </trkpt>
      <trkpt lat="29.3638383" lon="119.3618841">
        <ele>205.21</ele>
        <time>2026-09-10T02:09:47Z</time>
        <speed>0.23986055</speed>
      </trkpt>
      <trkpt lat="29.3639333" lon="119.3618741">
        <ele>209.94</ele>
        <time>2026-09-10T02:10:05Z</time>
        <speed>0.5981072</speed>
      </trkpt>
      <trkpt lat="29.3640126" lon="119.3618257">
        <ele>212.98</ele>
        <time>2026-09-10T02:10:17Z</time>
        <speed>0.68252164</speed>
      </trkpt>
      <trkpt lat="29.3641022" lon="119.3618287">
        <ele>215.61</ele>
        <time>2026-09-10T02:10:29Z</time>
        <speed>0.0</speed>
      </trkpt>
      <trkpt lat="29.3641925" lon="119.3618792">
        <ele>217.76</ele>
        <time>2026-09-10T02:10:45Z</time>
        <speed>0.4797211</speed>
      </trkpt>
      <trkpt lat="29.3642816" lon="119.3618715">
        <ele>220.1</ele>
        <time>2026-09-10T02:11:31Z</time>
        <speed>0.0</speed>
      </trkpt>
      <trkpt lat="29.3643564" lon="119.3619181">
        <ele>224.87</ele>
        <time>2026-09-10T02:11:43Z</time>
        <speed>0.70259583</speed>
      </trkpt>
      <trkpt lat="29.3644459" lon="119.3619031">
        <ele>228.5</ele>
        <time>2026-09-10T02:11:57Z</time>
        <speed>0.6583297</speed>
      </trkpt>
      <trkpt lat="29.3645279" lon="119.3618522">
        <ele>232.41</ele>
        <time>2026-09-10T02:12:13Z</time>
        <speed>0.45552915</speed>
      </trkpt>
      <trkpt lat="29.364618" lon="119.3618304">
        <ele>237.01</ele>
        <time>2026-09-10T02:12:25Z</time>
        <speed>0.64082915</speed>
      </trkpt>
      <trkpt lat="29.3646761" lon="119.3618912">
        <ele>240.92</ele>
        <time>2026-09-10T02:13:21Z</time>
        <speed>0.41949862</speed>
      </trkpt>
      <trkpt lat="29.3647624" lon="119.3619246">
        <ele>247.32</ele>
        <time>2026-09-10T02:13:35Z</time>
        <speed>0.0</speed>
      </trkpt>
      <trkpt lat="29.3648066" lon="119.3620087">
        <ele>252.56</ele>
        <time>2026-09-10T02:13:51Z</time>
        <speed>0.44111696</speed>
      </trkpt>
      <trkpt lat="29.3648561" lon="119.3620979">
        <ele>256.58</ele>
        <time>2026-09-10T02:14:25Z</time>
        <speed>0.0</speed>
      </trkpt>
      <trkpt lat="29.3648944" lon="119.3621995">
        <ele>260.16</ele>
        <time>2026-09-10T02:14:49Z</time>
        <speed>0.0</speed>
      </trkpt>
      <trkpt lat="29.3649769" lon="119.3622447">
        <ele>264.69</ele>
        <time>2026-09-10T02:15:01Z</time>
        <speed>0.0</speed>
      </trkpt>
      <trkpt lat="29.3650628" lon="119.3622138">
        <ele>268.09</ele>
        <time>2026-09-10T02:15:33Z</time>
        <speed>0.57443</speed>
      </trkpt>
      <trkpt lat="29.3651255" lon="119.3621272">
        <ele>275.15</ele>
        <time>2026-09-10T02:15:47Z</time>
        <speed>0.62899053</speed>
      </trkpt>
      <trkpt lat="29.3651986" lon="119.3620468">
        <ele>280.89</ele>
        <time>2026-09-10T02:15:59Z</time>
        <speed>0.7458325</speed>
      </trkpt>
      <trkpt lat="29.3652686" lon="119.3619545">
        <ele>284.77</ele>
        <time>2026-09-10T02:16:13Z</time>
        <speed>0.0</speed>
      </trkpt>
      <trkpt lat="29.3653385" lon="119.3618744">
        <ele>287.96</ele>
        <time>2026-09-10T02:16:35Z</time>
        <speed>0.64494693</speed>
      </trkpt>
      <trkpt lat="29.3653734" lon="119.3619337">
        <ele>292.5</ele>
        <time>2026-09-10T02:16:47Z</time>
        <speed>0.6212697</speed>
      </trkpt>
      <trkpt lat="29.3653779" lon="119.3620493">
        <ele>296.76</ele>
        <time>2026-09-10T02:16:59Z</time>
        <speed>0.6830364</speed>
      </trkpt>
      <trkpt lat="29.3654083" lon="119.3621933">
        <ele>301.29</ele>
        <time>2026-09-10T02:18:15Z</time>
        <speed>0.0</speed>
      </trkpt>
      <trkpt lat="29.36543" lon="119.3622983">
        <ele>304.18</ele>
        <time>2026-09-10T02:18:27Z</time>
        <speed>0.7715686</speed>
      </trkpt>
      <trkpt lat="29.3654235" lon="119.3624047">
        <ele>306.38</ele>
        <time>2026-09-10T02:18:47Z</time>
        <speed>0.49464807</speed>
      </trkpt>
      <trkpt lat="29.3653823" lon="119.3624973">
        <ele>309.31</ele>
        <time>2026-09-10T02:19:43Z</time>
        <speed>0.39221832</speed>
      </trkpt>
      <trkpt lat="29.3653278" lon="119.3625817">
        <ele>314.3</ele>
        <time>2026-09-10T02:19:59Z</time>
        <speed>0.5883275</speed>
      </trkpt>
      <trkpt lat="29.365371" lon="119.3626473">
        <ele>317.4</ele>
        <time>2026-09-10T02:20:29Z</time>
        <speed>0.36751166</speed>
      </trkpt>
      <trkpt lat="29.3654009" lon="119.3627393">
        <ele>321.79</ele>
        <time>2026-09-10T02:21:19Z</time>
        <speed>0.38913</speed>
      </trkpt>
      <trkpt lat="29.3653877" lon="119.3628388">
        <ele>327.04</ele>
        <time>2026-09-10T02:21:37Z</time>
        <speed>0.5888422</speed>
      </trkpt>
      <trkpt lat="29.3653473" lon="119.3629402">
        <ele>332.44</ele>
        <time>2026-09-10T02:21:53Z</time>
        <speed>0.63774085</speed>
      </trkpt>
      <trkpt lat="29.3653173" lon="119.3630442">
        <ele>337.72</ele>
        <time>2026-09-10T02:22:19Z</time>
        <speed>0.5610472</speed>
      </trkpt>
      <trkpt lat="29.3652809" lon="119.3631448">
        <ele>342.61</ele>
        <time>2026-09-10T02:23:01Z</time>
        <speed>0.52656084</speed>
      </trkpt>
      <trkpt lat="29.3652328" lon="119.3632388">
        <ele>347.17</ele>
        <time>2026-09-10T02:23:45Z</time>
        <speed>0.0</speed>
      </trkpt>
      <trkpt lat="29.3652083" lon="119.36335">
        <ele>352.82</ele>
        <time>2026-09-10T02:24:55Z</time>
        <speed>0.31449527</speed>
      </trkpt>
      <trkpt lat="29.3652117" lon="119.3634917">
        <ele>360.38</ele>
        <time>2026-09-10T02:25:47Z</time>
        <speed>0.33662835</speed>
      </trkpt>
      <trkpt lat="29.3652799" lon="119.3635995">
        <ele>370.2</ele>
        <time>2026-09-10T02:26:23Z</time>
        <speed>0.38089445</speed>
      </trkpt>
      <trkpt lat="29.3653531" lon="119.3636859">
        <ele>379.66</ele>
        <time>2026-09-10T02:26:51Z</time>
        <speed>0.88995475</speed>
      </trkpt>
      <trkpt lat="29.3653982" lon="119.3637779">
        <ele>386.43</ele>
        <time>2026-09-10T02:26:59Z</time>
        <speed>1.3871764</speed>
      </trkpt>
      <trkpt lat="29.3654371" lon="119.3638606">
        <ele>390.68</ele>
        <time>2026-09-10T02:27:21Z</time>
        <speed>0.0</speed>
      </trkpt>
      <trkpt lat="29.3654405" lon="119.3639581">
        <ele>394.39</ele>
        <time>2026-09-10T02:28:13Z</time>
        <speed>0.54509085</speed>
      </trkpt>
      <trkpt lat="29.3654502" lon="119.3640594">
        <ele>397.15</ele>
        <time>2026-09-10T02:28:35Z</time>
        <speed>0.43185195</speed>
      </trkpt>
      <trkpt lat="29.3654408" lon="119.3641655">
        <ele>399.1</ele>
        <time>2026-09-10T02:28:47Z</time>
        <speed>0.917235</speed>
      </trkpt>
      <trkpt lat="29.3654665" lon="119.3642643">
        <ele>401.04</ele>
        <time>2026-09-10T02:29:09Z</time>
        <speed>0.32839277</speed>
      </trkpt>
      <trkpt lat="29.3654803" lon="119.3643661">
        <ele>404.85</ele>
        <time>2026-09-10T02:29:47Z</time>
        <speed>0.5404583</speed>
      </trkpt>
      <trkpt lat="29.3655317" lon="119.3644617">
        <ele>409.26</ele>
        <time>2026-09-10T02:30:47Z</time>
        <speed>0.52244306</speed>
      </trkpt>
      <trkpt lat="29.3655" lon="119.3645767">
        <ele>413.28</ele>
        <time>2026-09-10T02:31:07Z</time>
        <speed>0.8019372</speed>
      </trkpt>
      <trkpt lat="29.3654641" lon="119.364686">
        <ele>418.28</ele>
        <time>2026-09-10T02:31:29Z</time>
        <speed>0.74634725</speed>
      </trkpt>
      <trkpt lat="29.3654377" lon="119.3647905">
        <ele>423.41</ele>
        <time>2026-09-10T02:31:47Z</time>
        <speed>0.5178106</speed>
      </trkpt>
      <trkpt lat="29.3654106" lon="119.3649035">
        <ele>427.79</ele>
        <time>2026-09-10T02:32:11Z</time>
        <speed>0.46839723</speed>
      </trkpt>
      <trkpt lat="29.3653729" lon="119.3650048">
        <ele>431.92</ele>
        <time>2026-09-10T02:32:39Z</time>
        <speed>0.5203842</speed>
      </trkpt>
      <trkpt lat="29.3653287" lon="119.365104">
        <ele>435.31</ele>
        <time>2026-09-10T02:32:55Z</time>
        <speed>0.6145783</speed>
      </trkpt>
      <trkpt lat="29.3652738" lon="119.3651892">
        <ele>438.75</ele>
        <time>2026-09-10T02:33:27Z</time>
        <speed>0.4488378</speed>
      </trkpt>
      <trkpt lat="29.3652457" lon="119.3652935">
        <ele>440.84</ele>
        <time>2026-09-10T02:34:09Z</time>
        <speed>0.5178106</speed>
      </trkpt>
      <trkpt lat="29.365197" lon="119.3653806">
        <ele>444.95</ele>
        <time>2026-09-10T02:34:39Z</time>
        <speed>0.0</speed>
      </trkpt>
      <trkpt lat="29.3651798" lon="119.3654823">
        <ele>450.56</ele>
        <time>2026-09-10T02:35:21Z</time>
        <speed>0.8317911</speed>
      </trkpt>
      <trkpt lat="29.3652633" lon="119.3655433">
        <ele>456.99</ele>
        <time>2026-09-10T02:38:03Z</time>
        <speed>0.5770036</speed>
      </trkpt>
      <trkpt lat="29.3652933" lon="119.365645">
        <ele>459.79</ele>
        <time>2026-09-10T02:38:37Z</time>
        <speed>0.49413332</speed>
      </trkpt>
      <trkpt lat="29.3653767" lon="119.3657133">
        <ele>458.46</ele>
        <time>2026-09-10T02:39:53Z</time>
        <speed>0.42927834</speed>
      </trkpt>
      <trkpt lat="29.3654583" lon="119.3657767">
        <ele>453.96</ele>
        <time>2026-09-10T02:40:41Z</time>
        <speed>0.324275</speed>
      </trkpt>
      <trkpt lat="29.3655329" lon="119.36584">
        <ele>449.2</ele>
        <time>2026-09-10T02:41:07Z</time>
        <speed>0.54560554</speed>
      </trkpt>
      <trkpt lat="29.3655947" lon="119.3659304">
        <ele>447.57</ele>
        <time>2026-09-10T02:41:33Z</time>
        <speed>0.44111696</speed>
      </trkpt>
      <trkpt lat="29.3656525" lon="119.3660216">
        <ele>445.99</ele>
        <time>2026-09-10T02:41:47Z</time>
        <speed>0.80245197</speed>
      </trkpt>
      <trkpt lat="29.3657205" lon="119.3661012">
        <ele>445.18</ele>
        <time>2026-09-10T02:42:19Z</time>
        <speed>0.37626195</speed>
      </trkpt>
      <trkpt lat="29.3657854" lon="119.3661806">
        <ele>444.28</ele>
        <time>2026-09-10T02:42:39Z</time>
        <speed>0.0</speed>
      </trkpt>
      <trkpt lat="29.365849" lon="119.366269">
        <ele>444.63</ele>
        <time>2026-09-10T02:42:53Z</time>
        <speed>0.71700805</speed>
      </trkpt>
      <trkpt lat="29.3659084" lon="119.3663521">
        <ele>445.31</ele>
        <time>2026-09-10T02:43:41Z</time>
        <speed>0.9738544</speed>
      </trkpt>
      <trkpt lat="29.3659752" lon="119.3664277">
        <ele>443.97</ele>
        <time>2026-09-10T02:44:15Z</time>
        <speed>0.34177557</speed>
      </trkpt>
      <trkpt lat="29.3660617" lon="119.3665083">
        <ele>441.92</ele>
        <time>2026-09-10T02:46:17Z</time>
        <speed>0.28875917</speed>
      </trkpt>
      <trkpt lat="29.3660967" lon="119.3666083">
        <ele>435.46</ele>
        <time>2026-09-10T02:47:09Z</time>
        <speed>0.43494028</speed>
      </trkpt>
      <trkpt lat="29.3661401" lon="119.3667083">
        <ele>430.1</ele>
        <time>2026-09-10T02:47:33Z</time>
        <speed>0.453985</speed>
      </trkpt>
      <trkpt lat="29.3661864" lon="119.3668019">
        <ele>426.92</ele>
        <time>2026-09-10T02:47:49Z</time>
        <speed>0.8842928</speed>
      </trkpt>
      <trkpt lat="29.3662411" lon="119.3668922">
        <ele>425.79</ele>
        <time>2026-09-10T02:48:05Z</time>
        <speed>1.0701075</speed>
      </trkpt>
      <trkpt lat="29.3663111" lon="119.3669302">
        <ele>426.01</ele>
        <time>2026-09-10T02:48:27Z</time>
        <speed>0.0</speed>
      </trkpt>
      <trkpt lat="29.3663874" lon="119.3669795">
        <ele>427.12</ele>
        <time>2026-09-10T02:48:59Z</time>
        <speed>0.0</speed>
      </trkpt>
      <trkpt lat="29.366465" lon="119.36705">
        <ele>427.41</ele>
        <time>2026-09-10T02:50:35Z</time>
        <speed>0.2547875</speed>
      </trkpt>
      <trkpt lat="29.3665433" lon="119.367115">
        <ele>428.91</ele>
        <time>2026-09-10T02:50:51Z</time>
        <speed>0.56413555</speed>
      </trkpt>
      <trkpt lat="29.3666372" lon="119.3671574">
        <ele>429.17</ele>
        <time>2026-09-10T02:51:01Z</time>
        <speed>0.8935578</speed>
      </trkpt>
      <trkpt lat="29.3667376" lon="119.3671946">
        <ele>429.01</ele>
        <time>2026-09-10T02:51:17Z</time>
        <speed>0.94503</speed>
      </trkpt>
      <trkpt lat="29.3668327" lon="119.3672174">
        <ele>428.57</ele>
        <time>2026-09-10T02:51:29Z</time>
        <speed>0.85083586</speed>
      </trkpt>
      <trkpt lat="29.3669279" lon="119.3672243">
        <ele>429.53</ele>
        <time>2026-09-10T02:51:45Z</time>
        <speed>0.9774575</speed>
      </trkpt>
      <trkpt lat="29.3670244" lon="119.367229">
        <ele>431.37</ele>
        <time>2026-09-10T02:52:01Z</time>
        <speed>0.58729804</speed>
      </trkpt>
      <trkpt lat="29.367125" lon="119.3672269">
        <ele>433.27</ele>
        <time>2026-09-10T02:52:15Z</time>
        <speed>0.88326335</speed>
      </trkpt>
      <trkpt lat="29.3671831" lon="119.3672947">
        <ele>434.88</ele>
        <time>2026-09-10T02:52:45Z</time>
        <speed>0.44832304</speed>
      </trkpt>
      <trkpt lat="29.3672518" lon="119.367365">
        <ele>434.5</ele>
        <time>2026-09-10T02:53:27Z</time>
        <speed>0.0</speed>
      </trkpt>
      <trkpt lat="29.3673253" lon="119.367433">
        <ele>431.96</ele>
        <time>2026-09-10T02:54:05Z</time>
        <speed>0.0</speed>
      </trkpt>
      <trkpt lat="29.3674036" lon="119.3674956">
        <ele>428.8</ele>
        <time>2026-09-10T02:54:17Z</time>
        <speed>0.95738333</speed>
      </trkpt>
      <trkpt lat="29.3674849" lon="119.3675478">
        <ele>426.56</ele>
        <time>2026-09-10T02:54:49Z</time>
        <speed>0.48538306</speed>
      </trkpt>
      <trkpt lat="29.3675734" lon="119.3675736">
        <ele>426.36</ele>
        <time>2026-09-10T02:55:31Z</time>
        <speed>0.64443225</speed>
      </trkpt>
      <trkpt lat="29.3676641" lon="119.3676002">
        <ele>427.88</ele>
        <time>2026-09-10T02:56:11Z</time>
        <speed>0.8528947</speed>
      </trkpt>
      <trkpt lat="29.3677527" lon="119.3676438">
        <ele>429.87</ele>
        <time>2026-09-10T02:56:27Z</time>
        <speed>0.8595861</speed>
      </trkpt>
      <trkpt lat="29.3678388" lon="119.3676945">
        <ele>433.15</ele>
        <time>2026-09-10T02:56:39Z</time>
        <speed>0.8848075</speed>
      </trkpt>
      <trkpt lat="29.3678926" lon="119.3677811">
        <ele>435.97</ele>
        <time>2026-09-10T02:57:01Z</time>
        <speed>0.56156194</speed>
      </trkpt>
      <trkpt lat="29.3679647" lon="119.3678426">
        <ele>437.7</ele>
        <time>2026-09-10T02:57:59Z</time>
        <speed>0.43854332</speed>
      </trkpt>
      <trkpt lat="29.3680429" lon="119.3679064">
        <ele>440.88</ele>
        <time>2026-09-10T02:58:23Z</time>
        <speed>0.54406136</speed>
      </trkpt>
      <trkpt lat="29.3681169" lon="119.3679837">
        <ele>445.67</ele>
        <time>2026-09-10T02:58:39Z</time>
        <speed>0.8220114</speed>
      </trkpt>
      <trkpt lat="29.3681327" lon="119.3680835">
        <ele>450.5</ele>
        <time>2026-09-10T02:58:59Z</time>
        <speed>0.49722168</speed>
      </trkpt>
      <trkpt lat="29.3681411" lon="119.3681944">
        <ele>455.14</ele>
        <time>2026-09-10T02:59:13Z</time>
        <speed>0.7762011</speed>
      </trkpt>
      <trkpt lat="29.3681086" lon="119.3683028">
        <ele>458.57</ele>
        <time>2026-09-10T02:59:47Z</time>
        <speed>0.83642364</speed>
      </trkpt>
      <trkpt lat="29.3680521" lon="119.3683962">
        <ele>461.25</ele>
        <time>2026-09-10T02:59:59Z</time>
        <speed>0.82561445</speed>
      </trkpt>
      <trkpt lat="29.3680013" lon="119.3684911">
        <ele>462.86</ele>
        <time>2026-09-10T03:00:15Z</time>
        <speed>0.6804628</speed>
      </trkpt>
      <trkpt lat="29.3679621" lon="119.3685882">
        <ele>463.31</ele>
        <time>2026-09-10T03:00:37Z</time>
        <speed>0.64082915</speed>
      </trkpt>
      <trkpt lat="29.3679309" lon="119.3686913">
        <ele>463.09</ele>
        <time>2026-09-10T03:01:05Z</time>
        <speed>0.5167811</speed>
      </trkpt>
      <trkpt lat="29.367915" lon="119.3688167">
        <ele>461.55</ele>
        <time>2026-09-10T03:02:11Z</time>
        <speed>0.3448639</speed>
      </trkpt>
      <trkpt lat="29.3679383" lon="119.3689433">
        <ele>458.21</ele>
        <time>2026-09-10T03:03:15Z</time>
        <speed>0.26919973</speed>
      </trkpt>
      <trkpt lat="29.3679683" lon="119.369055">
        <ele>455.15</ele>
        <time>2026-09-10T03:03:51Z</time>
        <speed>0.62178445</speed>
      </trkpt>
      <trkpt lat="29.3679617" lon="119.3691624">
        <ele>452.08</ele>
        <time>2026-09-10T03:04:11Z</time>
        <speed>0.40766</speed>
      </trkpt>
      <trkpt lat="29.3679871" lon="119.3692614">
        <ele>452.13</ele>
        <time>2026-09-10T03:04:55Z</time>
        <speed>0.60428387</speed>
      </trkpt>
      <trkpt lat="29.3680562" lon="119.3693326">
        <ele>452.55</ele>
        <time>2026-09-10T03:05:53Z</time>
        <speed>0.7406853</speed>
      </trkpt>
      <trkpt lat="29.3681369" lon="119.3694054">
        <ele>451.19</ele>
        <time>2026-09-10T03:06:15Z</time>
        <speed>0.53582585</speed>
      </trkpt>
      <trkpt lat="29.3682204" lon="119.3694604">
        <ele>449.17</ele>
        <time>2026-09-10T03:06:37Z</time>
        <speed>0.6197256</speed>
      </trkpt>
      <trkpt lat="29.3683028" lon="119.3695098">
        <ele>448.41</ele>
        <time>2026-09-10T03:06:53Z</time>
        <speed>0.69847804</speed>
      </trkpt>
      <trkpt lat="29.3683873" lon="119.3695499">
        <ele>447.16</ele>
        <time>2026-09-10T03:07:13Z</time>
        <speed>0.40611583</speed>
      </trkpt>
      <trkpt lat="29.3684305" lon="119.3696402">
        <ele>445.03</ele>
        <time>2026-09-10T03:07:35Z</time>
        <speed>0.64855</speed>
      </trkpt>
      <trkpt lat="29.3684833" lon="119.3697374">
        <ele>443.21</ele>
        <time>2026-09-10T03:08:31Z</time>
        <speed>0.3778061</speed>
      </trkpt>
      <trkpt lat="29.3685491" lon="119.3698174">
        <ele>442.65</ele>
        <time>2026-09-10T03:08:45Z</time>
        <speed>0.53737</speed>
      </trkpt>
      <trkpt lat="29.368614" lon="119.3698934">
        <ele>440.3</ele>
        <time>2026-09-10T03:09:01Z</time>
        <speed>0.772598</speed>
      </trkpt>
      <trkpt lat="29.3687031" lon="119.3699643">
        <ele>436.17</ele>
        <time>2026-09-10T03:09:19Z</time>
        <speed>0.90745527</speed>
      </trkpt>
      <trkpt lat="29.3687671" lon="119.3700448">
        <ele>433.86</ele>
        <time>2026-09-10T03:09:35Z</time>
        <speed>0.8039961</speed>
      </trkpt>
      <trkpt lat="29.3688055" lon="119.3701519">
        <ele>432.76</ele>
        <time>2026-09-10T03:10:09Z</time>
        <speed>0.0</speed>
      </trkpt>
      <trkpt lat="29.3688501" lon="119.3702621">
        <ele>431.74</ele>
        <time>2026-09-10T03:10:27Z</time>
        <speed>0.64288807</speed>
      </trkpt>
      <trkpt lat="29.3688813" lon="119.3703694">
        <ele>431.34</ele>
        <time>2026-09-10T03:10:43Z</time>
        <speed>0.56001776</speed>
      </trkpt>
      <trkpt lat="29.3689244" lon="119.3704745">
        <ele>432.48</ele>
        <time>2026-09-10T03:10:59Z</time>
        <speed>0.9244411</speed>
      </trkpt>
      <trkpt lat="29.3689741" lon="119.3705659">
        <ele>434.6</ele>
        <time>2026-09-10T03:11:29Z</time>
        <speed>0.5502381</speed>
      </trkpt>
      <trkpt lat="29.3690513" lon="119.370641">
        <ele>435.8</ele>
        <time>2026-09-10T03:11:49Z</time>
        <speed>0.67531556</speed>
      </trkpt>
      <trkpt lat="29.3691292" lon="119.3707058">
        <ele>436.4</ele>
        <time>2026-09-10T03:12:29Z</time>
        <speed>0.7756864</speed>
      </trkpt>
      <trkpt lat="29.369212" lon="119.3707518">
        <ele>437.61</ele>
        <time>2026-09-10T03:12:41Z</time>
        <speed>0.7581858</speed>
      </trkpt>
      <trkpt lat="29.3692755" lon="119.3708311">
        <ele>439.58</ele>
        <time>2026-09-10T03:13:01Z</time>
        <speed>0.48178</speed>
      </trkpt>
      <trkpt lat="29.3693283" lon="119.3709283">
        <ele>442.04</ele>
        <time>2026-09-10T03:23:19Z</time>
        <speed>0.49258918</speed>
      </trkpt>
      <trkpt lat="29.3693583" lon="119.371045">
        <ele>444.91</ele>
        <time>2026-09-10T03:24:05Z</time>
        <speed>0.63104945</speed>
      </trkpt>
      <trkpt lat="29.3693897" lon="119.3711532">
        <ele>446.8</ele>
        <time>2026-09-10T03:24:33Z</time>
        <speed>1.0716517</speed>
      </trkpt>
      <trkpt lat="29.3694008" lon="119.3712496">
        <ele>449.29</ele>
        <time>2026-09-10T03:24:57Z</time>
        <speed>0.0</speed>
      </trkpt>
      <trkpt lat="29.3694533" lon="119.3713317">
        <ele>454.72</ele>
        <time>2026-09-10T03:26:55Z</time>
        <speed>0.3036861</speed>
      </trkpt>
      <trkpt lat="29.369525" lon="119.371415">
        <ele>458.75</ele>
        <time>2026-09-10T03:27:43Z</time>
        <speed>0.4864125</speed>
      </trkpt>
      <trkpt lat="29.3696217" lon="119.3714967">
        <ele>463.81</ele>
        <time>2026-09-10T03:28:43Z</time>
        <speed>0.40148333</speed>
      </trkpt>
      <trkpt lat="29.369645" lon="119.3716017">
        <ele>469.7</ele>
        <time>2026-09-10T03:29:25Z</time>
        <speed>0.57340056</speed>
      </trkpt>
      <trkpt lat="29.3696556" lon="119.3717151">
        <ele>472.41</ele>
        <time>2026-09-10T03:30:15Z</time>
        <speed>0.55898833</speed>
      </trkpt>
      <trkpt lat="29.369665" lon="119.371865">
        <ele>474.25</ele>
        <time>2026-09-10T03:31:45Z</time>
        <speed>0.30008304</speed>
      </trkpt>
      <trkpt lat="29.369695" lon="119.3719733">
        <ele>472.6</ele>
        <time>2026-09-10T03:33:09Z</time>
        <speed>0.38295335</speed>
      </trkpt>
      <trkpt lat="29.3696983" lon="119.3720867">
        <ele>471.22</ele>
        <time>2026-09-10T03:33:31Z</time>
        <speed>0.8369383</speed>
      </trkpt>
      <trkpt lat="29.3697073" lon="119.3721958">
        <ele>470.52</ele>
        <time>2026-09-10T03:34:03Z</time>
        <speed>0.34640807</speed>
      </trkpt>
      <trkpt lat="29.3697314" lon="119.3723015">
        <ele>471.12</ele>
        <time>2026-09-10T03:34:27Z</time>
        <speed>0.5605325</speed>
      </trkpt>
      <trkpt lat="29.3697666" lon="119.3723987">
        <ele>471.54</ele>
        <time>2026-09-10T03:35:25Z</time>
        <speed>0.25787583</speed>
      </trkpt>
      <trkpt lat="29.3698077" lon="119.372493">
        <ele>474.53</ele>
        <time>2026-09-10T03:35:51Z</time>
        <speed>0.0</speed>
      </trkpt>
      <trkpt lat="29.3698963" lon="119.3725367">
        <ele>478.39</ele>
        <time>2026-09-10T03:36:35Z</time>
        <speed>0.32478973</speed>
      </trkpt>
      <trkpt lat="29.3699863" lon="119.3725749">
        <ele>482.87</ele>
        <time>2026-09-10T03:37:11Z</time>
        <speed>0.5595031</speed>
      </trkpt>
      <trkpt lat="29.3700536" lon="119.3726479">
        <ele>489.03</ele>
        <time>2026-09-10T03:37:35Z</time>
        <speed>0.5471497</speed>
      </trkpt>
      <trkpt lat="29.3701273" lon="119.3727168">
        <ele>494.18</ele>
        <time>2026-09-10T03:37:59Z</time>
        <speed>0.4215575</speed>
      </trkpt>
      <trkpt lat="29.370161" lon="119.3728109">
        <ele>496.73</ele>
        <time>2026-09-10T03:38:45Z</time>
        <speed>0.0</speed>
      </trkpt>
      <trkpt lat="29.3701724" lon="119.3729176">
        <ele>497.58</ele>
        <time>2026-09-10T03:39:15Z</time>
        <speed>0.0</speed>
      </trkpt>
      <trkpt lat="29.3701841" lon="119.3730338">
        <ele>498.15</ele>
        <time>2026-09-10T03:39:41Z</time>
        <speed>0.4426611</speed>
      </trkpt>
      <trkpt lat="29.3702132" lon="119.3731518">
        <ele>498.69</ele>
        <time>2026-09-10T03:39:57Z</time>
        <speed>0.75200915</speed>
      </trkpt>
      <trkpt lat="29.3702361" lon="119.3732693">
        <ele>500.2</ele>
        <time>2026-09-10T03:40:39Z</time>
        <speed>0.7736275</speed>
      </trkpt>
      <trkpt lat="29.3702539" lon="119.3733782">
        <ele>504.2</ele>
        <time>2026-09-10T03:40:59Z</time>
        <speed>0.7576711</speed>
      </trkpt>
      <trkpt lat="29.3702813" lon="119.3734799">
        <ele>510.09</ele>
        <time>2026-09-10T03:41:31Z</time>
        <speed>0.8220114</speed>
      </trkpt>
      <trkpt lat="29.3703077" lon="119.3735829">
        <ele>515.52</ele>
        <time>2026-09-10T03:41:47Z</time>
        <speed>1.2049648</speed>
      </trkpt>
      <trkpt lat="29.3703558" lon="119.373672">
        <ele>518.22</ele>
        <time>2026-09-10T03:42:11Z</time>
        <speed>0.5111192</speed>
      </trkpt>
      <trkpt lat="29.3703879" lon="119.3737736">
        <ele>519.37</ele>
        <time>2026-09-10T03:42:31Z</time>
        <speed>0.76384777</speed>
      </trkpt>
      <trkpt lat="29.3704355" lon="119.373862">
        <ele>521.06</ele>
        <time>2026-09-10T03:43:13Z</time>
        <speed>0.46736777</speed>
      </trkpt>
      <trkpt lat="29.3704853" lon="119.3739503">
        <ele>523.66</ele>
        <time>2026-09-10T03:43:25Z</time>
        <speed>0.7592153</speed>
      </trkpt>
      <trkpt lat="29.37054" lon="119.3740379">
        <ele>526.86</ele>
        <time>2026-09-10T03:43:35Z</time>
        <speed>1.0953289</speed>
      </trkpt>
      <trkpt lat="29.3705886" lon="119.3741294">
        <ele>529.8</ele>
        <time>2026-09-10T03:44:01Z</time>
        <speed>0.0</speed>
      </trkpt>
      <trkpt lat="29.37067" lon="119.374175">
        <ele>531.78</ele>
        <time>2026-09-10T03:50:45Z</time>
        <speed>0.15801972</speed>
      </trkpt>
      <trkpt lat="29.3705967" lon="119.3741133">
        <ele>532.48</ele>
        <time>2026-09-10T03:51:31Z</time>
        <speed>0.59913665</speed>
      </trkpt>
      <trkpt lat="29.3706733" lon="119.374215">
        <ele>533.95</ele>
        <time>2026-09-10T03:54:33Z</time>
        <speed>0.23934583</speed>
      </trkpt>
      <trkpt lat="29.3707317" lon="119.3743">
        <ele>534.49</ele>
        <time>2026-09-10T03:55:37Z</time>
        <speed>0.69538975</speed>
      </trkpt>
      <trkpt lat="29.37075" lon="119.374405">
        <ele>538.02</ele>
        <time>2026-09-10T03:58:47Z</time>
        <speed>0.53170806</speed>
      </trkpt>
      <trkpt lat="29.3708017" lon="119.37449">
        <ele>540.98</ele>
        <time>2026-09-10T03:59:25Z</time>
        <speed>0.38398278</speed>
      </trkpt>
      <trkpt lat="29.3708124" lon="119.3746032">
        <ele>542.54</ele>
        <time>2026-09-10T03:59:51Z</time>
        <speed>0.36905584</speed>
      </trkpt>
      <trkpt lat="29.3708546" lon="119.374706">
        <ele>546.26</ele>
        <time>2026-09-10T04:00:07Z</time>
        <speed>0.6557561</speed>
      </trkpt>
      <trkpt lat="29.3708636" lon="119.3748094">
        <ele>550.32</ele>
        <time>2026-09-10T04:00:31Z</time>
        <speed>0.38758582</speed>
      </trkpt>
      <trkpt lat="29.3708729" lon="119.3749142">
        <ele>555.13</ele>
        <time>2026-09-10T04:01:13Z</time>
        <speed>0.4400875</speed>
      </trkpt>
      <trkpt lat="29.3709067" lon="119.3750267">
        <ele>558.9</ele>
        <time>2026-09-10T04:02:39Z</time>
        <speed>0.32015723</speed>
      </trkpt>
      <trkpt lat="29.370925" lon="119.37513">
        <ele>565.87</ele>
        <time>2026-09-10T04:03:13Z</time>
        <speed>0.23368388</speed>
      </trkpt>
      <trkpt lat="29.3709433" lon="119.3752446">
        <ele>570.49</ele>
        <time>2026-09-10T04:03:53Z</time>
        <speed>0.54303193</speed>
      </trkpt>
      <trkpt lat="29.370963" lon="119.3753625">
        <ele>575.35</ele>
        <time>2026-09-10T04:04:05Z</time>
        <speed>0.8014225</speed>
      </trkpt>
      <trkpt lat="29.3709943" lon="119.3754727">
        <ele>580.58</ele>
        <time>2026-09-10T04:04:27Z</time>
        <speed>0.3386872</speed>
      </trkpt>
      <trkpt lat="29.3710147" lon="119.3755799">
        <ele>585.58</ele>
        <time>2026-09-10T04:04:47Z</time>
        <speed>0.51729584</speed>
      </trkpt>
      <trkpt lat="29.3710233" lon="119.3757">
        <ele>588.94</ele>
        <time>2026-09-10T04:06:11Z</time>
        <speed>0.35824665</speed>
      </trkpt>
      <trkpt lat="29.3709933" lon="119.37581">
        <ele>591.51</ele>
        <time>2026-09-10T04:07:21Z</time>
        <speed>0.73347914</speed>
      </trkpt>
      <trkpt lat="29.3709483" lon="119.375905">
        <ele>592.71</ele>
        <time>2026-09-10T04:07:43Z</time>
        <speed>0.5697975</speed>
      </trkpt>
      <trkpt lat="29.3708624" lon="119.3758999">
        <ele>594.94</ele>
        <time>2026-09-10T04:08:23Z</time>
        <speed>0.57340056</speed>
      </trkpt>
      <trkpt lat="29.3707706" lon="119.3758757">
        <ele>596.13</ele>
        <time>2026-09-10T04:08:47Z</time>
        <speed>0.8112022</speed>
      </trkpt>
      <trkpt lat="29.3706792" lon="119.3758489">
        <ele>594.4</ele>
        <time>2026-09-10T04:09:07Z</time>
        <speed>0.47405916</speed>
      </trkpt>
      <trkpt lat="29.3705886" lon="119.3758217">
        <ele>590.53</ele>
        <time>2026-09-10T04:09:29Z</time>
        <speed>0.43030778</speed>
      </trkpt>
      <trkpt lat="29.3704978" lon="119.3758038">
        <ele>586.73</ele>
        <time>2026-09-10T04:09:39Z</time>
        <speed>0.88635164</speed>
      </trkpt>
      <trkpt lat="29.3703934" lon="119.3757879">
        <ele>584.39</ele>
        <time>2026-09-10T04:09:53Z</time>
        <speed>1.00062</speed>
      </trkpt>
      <trkpt lat="29.3702968" lon="119.3757641">
        <ele>583.75</ele>
        <time>2026-09-10T04:10:03Z</time>
        <speed>0.83899724</speed>
      </trkpt>
      <trkpt lat="29.3701926" lon="119.3757573">
        <ele>583.82</ele>
        <time>2026-09-10T04:10:17Z</time>
        <speed>0.8276733</speed>
      </trkpt>
      <trkpt lat="29.3700981" lon="119.3757634">
        <ele>583.29</ele>
        <time>2026-09-10T04:10:31Z</time>
        <speed>0.6264169</speed>
      </trkpt>
      <trkpt lat="29.3699952" lon="119.3757798">
        <ele>582.65</ele>
        <time>2026-09-10T04:10:49Z</time>
        <speed>0.6974486</speed>
      </trkpt>
      <trkpt lat="29.3698938" lon="119.3758138">
        <ele>582.41</ele>
        <time>2026-09-10T04:11:05Z</time>
        <speed>0.99341387</speed>
      </trkpt>
      <trkpt lat="29.369802" lon="119.3758006">
        <ele>580.43</ele>
        <time>2026-09-10T04:11:35Z</time>
        <speed>0.32478973</speed>
      </trkpt>
      <trkpt lat="29.3697051" lon="119.3757986">
        <ele>575.64</ele>
        <time>2026-09-10T04:11:51Z</time>
        <speed>0.8132611</speed>
      </trkpt>
      <trkpt lat="29.3696109" lon="119.3757936">
        <ele>571.84</ele>
        <time>2026-09-10T04:12:05Z</time>
        <speed>0.75149447</speed>
      </trkpt>
      <trkpt lat="29.3695076" lon="119.375783">
        <ele>569.5</ele>
        <time>2026-09-10T04:12:17Z</time>
        <speed>1.1323888</speed>
      </trkpt>
      <trkpt lat="29.3694033" lon="119.3757868">
        <ele>568.51</ele>
        <time>2026-09-10T04:12:33Z</time>
        <speed>0.68509525</speed>
      </trkpt>
      <trkpt lat="29.3693117" lon="119.3758189">
        <ele>567.99</ele>
        <time>2026-09-10T04:12:45Z</time>
        <speed>0.8081139</speed>
      </trkpt>
      <trkpt lat="29.3692262" lon="119.375792">
        <ele>567.69</ele>
        <time>2026-09-10T04:13:09Z</time>
        <speed>0.34229028</speed>
      </trkpt>
      <trkpt lat="29.3691337" lon="119.3757567">
        <ele>566.58</ele>
        <time>2026-09-10T04:13:35Z</time>
        <speed>0.4472936</speed>
      </trkpt>
      <trkpt lat="29.3690442" lon="119.3757218">
        <ele>564.01</ele>
        <time>2026-09-10T04:13:55Z</time>
        <speed>0.4375139</speed>
      </trkpt>
      <trkpt lat="29.3689608" lon="119.375675">
        <ele>561.12</ele>
        <time>2026-09-10T04:14:07Z</time>
        <speed>0.7164933</speed>
      </trkpt>
      <trkpt lat="29.3688684" lon="119.3756698">
        <ele>558.75</ele>
        <time>2026-09-10T04:14:21Z</time>
        <speed>0.74377364</speed>
      </trkpt>
      <trkpt lat="29.3687696" lon="119.3756759">
        <ele>556.92</ele>
        <time>2026-09-10T04:14:33Z</time>
        <speed>0.843115</speed>
      </trkpt>
      <trkpt lat="29.3686764" lon="119.3757194">
        <ele>555.19</ele>
        <time>2026-09-10T04:14:59Z</time>
        <speed>0.5512675</speed>
      </trkpt>
      <trkpt lat="29.3685807" lon="119.3757438">
        <ele>554.38</ele>
        <time>2026-09-10T04:15:11Z</time>
        <speed>1.1004761</speed>
      </trkpt>
      <trkpt lat="29.3684853" lon="119.3757697">
        <ele>552.8</ele>
        <time>2026-09-10T04:15:23Z</time>
        <speed>0.95069194</speed>
      </trkpt>
      <trkpt lat="29.3683851" lon="119.3757731">
        <ele>551.55</ele>
        <time>2026-09-10T04:15:37Z</time>
        <speed>0.90899944</speed>
      </trkpt>
      <trkpt lat="29.3682831" lon="119.3757704">
        <ele>551.66</ele>
        <time>2026-09-10T04:16:01Z</time>
        <speed>0.37626195</speed>
      </trkpt>
      <trkpt lat="29.3681909" lon="119.3757353">
        <ele>554.86</ele>
        <time>2026-09-10T04:16:15Z</time>
        <speed>0.7324497</speed>
      </trkpt>
      <trkpt lat="29.3681" lon="119.3757117">
        <ele>557.76</ele>
        <time>2026-09-10T04:16:39Z</time>
        <speed>0.47817695</speed>
      </trkpt>
      <trkpt lat="29.3680141" lon="119.3757472">
        <ele>558.98</ele>
        <time>2026-09-10T04:17:01Z</time>
        <speed>0.6233286</speed>
      </trkpt>
      <trkpt lat="29.367921" lon="119.3757849">
        <ele>558.26</ele>
        <time>2026-09-10T04:17:19Z</time>
        <speed>0.5054572</speed>
      </trkpt>
      <trkpt lat="29.3678236" lon="119.3758003">
        <ele>556.64</ele>
        <time>2026-09-10T04:17:53Z</time>
        <speed>0.0</speed>
      </trkpt>
      <trkpt lat="29.3677173" lon="119.3758072">
        <ele>555.12</ele>
        <time>2026-09-10T04:18:29Z</time>
        <speed>0.0</speed>
      </trkpt>
      <trkpt lat="29.3677571" lon="119.3758176">
        <ele>554.59</ele>
        <time>2026-09-10T04:18:51Z</time>
        <speed>0.0</speed>
      </trkpt>
      <trkpt lat="29.36771" lon="119.375815">
        <ele>553.95</ele>
        <time>2026-09-10T04:26:25Z</time>
        <speed>0.4514114</speed>
      </trkpt>
      <trkpt lat="29.3676183" lon="119.3758617">
        <ele>554.7</ele>
        <time>2026-09-10T04:27:13Z</time>
        <speed>0.9012786</speed>
      </trkpt>
      <trkpt lat="29.3675217" lon="119.3758383">
        <ele>558.14</ele>
        <time>2026-09-10T04:28:39Z</time>
        <speed>0.73450863</speed>
      </trkpt>
      <trkpt lat="29.3674383" lon="119.3758817">
        <ele>563.97</ele>
        <time>2026-09-10T04:28:57Z</time>
        <speed>0.40868944</speed>
      </trkpt>
      <trkpt lat="29.3673494" lon="119.3759151">
        <ele>567.69</ele>
        <time>2026-09-10T04:29:21Z</time>
        <speed>0.60325444</speed>
      </trkpt>
      <trkpt lat="29.3674067" lon="119.3758267">
        <ele>571.09</ele>
        <time>2026-09-10T04:31:13Z</time>
        <speed>0.5420025</speed>
      </trkpt>
      <trkpt lat="29.367315" lon="119.3758067">
        <ele>573.68</ele>
        <time>2026-09-10T04:31:57Z</time>
        <speed>0.2830972</speed>
      </trkpt>
      <trkpt lat="29.3672117" lon="119.3758383">
        <ele>578.89</ele>
        <time>2026-09-10T04:33:11Z</time>
        <speed>0.5342817</speed>
      </trkpt>
      <trkpt lat="29.36713" lon="119.3758817">
        <ele>588.19</ele>
        <time>2026-09-10T04:33:53Z</time>
        <speed>0.57340056</speed>
      </trkpt>
      <trkpt lat="29.3670469" lon="119.3759349">
        <ele>597.78</ele>
        <time>2026-09-10T04:34:25Z</time>
        <speed>0.82973224</speed>
      </trkpt>
      <trkpt lat="29.3670117" lon="119.3758233">
        <ele>604.72</ele>
        <time>2026-09-10T04:36:27Z</time>
        <speed>0.3494964</speed>
      </trkpt>
      <trkpt lat="29.3669167" lon="119.375775">
        <ele>614.3</ele>
        <time>2026-09-10T04:39:19Z</time>
        <speed>0.4421464</speed>
      </trkpt>
      <trkpt lat="29.3668233" lon="119.3757483">
        <ele>623.68</ele>
        <time>2026-09-10T04:39:53Z</time>
        <speed>0.65421194</speed>
      </trkpt>
      <trkpt lat="29.3667413" lon="119.3756921">
        <ele>628.03</ele>
        <time>2026-09-10T04:40:27Z</time>
        <speed>0.42464584</speed>
      </trkpt>
      <trkpt lat="29.3666522" lon="119.3757077">
        <ele>627.85</ele>
        <time>2026-09-10T04:40:51Z</time>
        <speed>0.6439175</speed>
      </trkpt>
      <trkpt lat="29.3665633" lon="119.3756883">
        <ele>625.68</ele>
        <time>2026-09-10T04:42:15Z</time>
        <speed>0.51060444</speed>
      </trkpt>
      <trkpt lat="29.36649" lon="119.3757617">
        <ele>620.83</ele>
        <time>2026-09-10T04:42:31Z</time>
        <speed>0.811717</speed>
      </trkpt>
      <trkpt lat="29.3663983" lon="119.3757617">
        <ele>616.56</ele>
        <time>2026-09-10T04:43:27Z</time>
        <speed>0.2527286</speed>
      </trkpt>
      <trkpt lat="29.3663034" lon="119.3757577">
        <ele>611.84</ele>
        <time>2026-09-10T04:43:51Z</time>
        <speed>0.69847804</speed>
      </trkpt>
      <trkpt lat="29.3662087" lon="119.3757897">
        <ele>607.09</ele>
        <time>2026-09-10T04:44:13Z</time>
        <speed>0.5342817</speed>
      </trkpt>
      <trkpt lat="29.3661193" lon="119.3758345">
        <ele>602.36</ele>
        <time>2026-09-10T04:44:29Z</time>
        <speed>0.64855</speed>
      </trkpt>
      <trkpt lat="29.3660322" lon="119.3758695">
        <ele>598.38</ele>
        <time>2026-09-10T04:44:51Z</time>
        <speed>0.44111696</speed>
      </trkpt>
      <trkpt lat="29.3659346" lon="119.3759034">
        <ele>594.09</ele>
        <time>2026-09-10T04:45:13Z</time>
        <speed>0.5528117</speed>
      </trkpt>
      <trkpt lat="29.3658391" lon="119.3759431">
        <ele>591.38</ele>
        <time>2026-09-10T04:45:29Z</time>
        <speed>0.64185864</speed>
      </trkpt>
      <trkpt lat="29.3657488" lon="119.3759712">
        <ele>589.37</ele>
        <time>2026-09-10T04:45:47Z</time>
        <speed>0.0</speed>
      </trkpt>
      <trkpt lat="29.3656578" lon="119.3760022">
        <ele>588.26</ele>
        <time>2026-09-10T04:46:09Z</time>
        <speed>0.5193547</speed>
      </trkpt>
      <trkpt lat="29.3655615" lon="119.3760035">
        <ele>586.99</ele>
        <time>2026-09-10T04:46:35Z</time>
        <speed>0.67685974</speed>
      </trkpt>
      <trkpt lat="29.3654819" lon="119.3759476">
        <ele>586.91</ele>
        <time>2026-09-10T04:47:27Z</time>
        <speed>0.41280723</speed>
      </trkpt>
      <trkpt lat="29.3653949" lon="119.3759502">
        <ele>589.31</ele>
        <time>2026-09-10T04:47:55Z</time>
        <speed>0.6222992</speed>
      </trkpt>
      <trkpt lat="29.3652969" lon="119.3759406">
        <ele>593.05</ele>
        <time>2026-09-10T04:48:21Z</time>
        <speed>0.7828925</speed>
      </trkpt>
      <trkpt lat="29.3652049" lon="119.375913">
        <ele>598.49</ele>
        <time>2026-09-10T04:48:57Z</time>
        <speed>0.0</speed>
      </trkpt>
      <trkpt lat="29.3650817" lon="119.3757867">
        <ele>600.56</ele>
        <time>2026-09-10T04:50:15Z</time>
        <speed>0.35104054</speed>
      </trkpt>
      <trkpt lat="29.364995" lon="119.3757533">
        <ele>596.19</ele>
        <time>2026-09-10T04:50:47Z</time>
        <speed>0.0</speed>
      </trkpt>
      <trkpt lat="29.364845" lon="119.375765">
        <ele>591.08</ele>
        <time>2026-09-10T04:52:45Z</time>
        <speed>0.29545057</speed>
      </trkpt>
      <trkpt lat="29.364755" lon="119.375735">
        <ele>582.35</ele>
        <time>2026-09-10T04:53:31Z</time>
        <speed>0.4030275</speed>
      </trkpt>
      <trkpt lat="29.3646805" lon="119.3756726">
        <ele>577.04</ele>
        <time>2026-09-10T04:54:01Z</time>
        <speed>0.54817915</speed>
      </trkpt>
      <trkpt lat="29.3646474" lon="119.3755774">
        <ele>572.2</ele>
        <time>2026-09-10T04:54:39Z</time>
        <speed>0.34795222</speed>
      </trkpt>
      <trkpt lat="29.36454" lon="119.3754767">
        <ele>565.84</ele>
        <time>2026-09-10T04:56:35Z</time>
        <speed>0.3078039</speed>
      </trkpt>
      <trkpt lat="29.3645017" lon="119.3753833">
        <ele>553.3</ele>
        <time>2026-09-10T04:56:53Z</time>
        <speed>0.45295554</speed>
      </trkpt>
      <trkpt lat="29.3645071" lon="119.3752801">
        <ele>542.89</ele>
        <time>2026-09-10T04:57:51Z</time>
        <speed>0.3361136</speed>
      </trkpt>
      <trkpt lat="29.3644353" lon="119.3752395">
        <ele>533.69</ele>
        <time>2026-09-10T04:58:09Z</time>
        <speed>0.42619</speed>
      </trkpt>
      <trkpt lat="29.3643283" lon="119.3752021">
        <ele>527.76</ele>
        <time>2026-09-10T04:58:41Z</time>
        <speed>0.38913</speed>
      </trkpt>
      <trkpt lat="29.3642342" lon="119.3751441">
        <ele>522.31</ele>
        <time>2026-09-10T04:59:17Z</time>
        <speed>0.30728915</speed>
      </trkpt>
      <trkpt lat="29.3641467" lon="119.3750867">
        <ele>516.07</ele>
        <time>2026-09-10T05:00:23Z</time>
        <speed>0.3561878</speed>
      </trkpt>
      <trkpt lat="29.364035" lon="119.3749917">
        <ele>508.17</ele>
        <time>2026-09-10T05:01:57Z</time>
        <speed>0.17757916</speed>
      </trkpt>
      <trkpt lat="29.3640317" lon="119.3748817">
        <ele>498.93</ele>
        <time>2026-09-10T05:02:33Z</time>
        <speed>0.0</speed>
      </trkpt>
      <trkpt lat="29.36394" lon="119.3748583">
        <ele>489.93</ele>
        <time>2026-09-10T05:03:41Z</time>
        <speed>0.21258028</speed>
      </trkpt>
      <trkpt lat="29.3638483" lon="119.3748333">
        <ele>480.62</ele>
        <time>2026-09-10T05:04:29Z</time>
        <speed>0.4956775</speed>
      </trkpt>
      <trkpt lat="29.3637553" lon="119.3748281">
        <ele>472.83</ele>
        <time>2026-09-10T05:05:17Z</time>
        <speed>0.528105</speed>
      </trkpt>
      <trkpt lat="29.3636889" lon="119.3747581">
        <ele>464.47</ele>
        <time>2026-09-10T05:05:53Z</time>
        <speed>0.35104054</speed>
      </trkpt>
      <trkpt lat="29.3636072" lon="119.3747182">
        <ele>455.32</ele>
        <time>2026-09-10T05:06:13Z</time>
        <speed>0.5342817</speed>
      </trkpt>
      <trkpt lat="29.3635165" lon="119.3746745">
        <ele>447.35</ele>
        <time>2026-09-10T05:06:57Z</time>
        <speed>0.29287696</speed>
      </trkpt>
      <trkpt lat="29.3634253" lon="119.3746645">
        <ele>440.62</ele>
        <time>2026-09-10T05:07:17Z</time>
        <speed>0.41126305</speed>
      </trkpt>
      <trkpt lat="29.363343" lon="119.3746119">
        <ele>435.58</ele>
        <time>2026-09-10T05:07:35Z</time>
        <speed>0.47457388</speed>
      </trkpt>
      <trkpt lat="29.3632644" lon="119.3745507">
        <ele>430.99</ele>
        <time>2026-09-10T05:08:01Z</time>
        <speed>0.46839723</speed>
      </trkpt>
      <trkpt lat="29.3631906" lon="119.3744765">
        <ele>426.13</ele>
        <time>2026-09-10T05:08:39Z</time>
        <speed>0.3963361</speed>
      </trkpt>
      <trkpt lat="29.3631143" lon="119.3743763">
        <ele>421.13</ele>
        <time>2026-09-10T05:09:23Z</time>
        <speed>0.25375804</speed>
      </trkpt>
      <trkpt lat="29.3630781" lon="119.3742617">
        <ele>414.53</ele>
        <time>2026-09-10T05:10:03Z</time>
        <speed>0.32839277</speed>
      </trkpt>
      <trkpt lat="29.3630476" lon="119.3741439">
        <ele>410.0</ele>
        <time>2026-09-10T05:10:45Z</time>
        <speed>0.35773194</speed>
      </trkpt>
      <trkpt lat="29.3630307" lon="119.3740294">
        <ele>403.03</ele>
        <time>2026-09-10T05:11:17Z</time>
        <speed>0.38037974</speed>
      </trkpt>
      <trkpt lat="29.3630172" lon="119.3739048">
        <ele>396.31</ele>
        <time>2026-09-10T05:11:57Z</time>
        <speed>0.2733175</speed>
      </trkpt>
      <trkpt lat="29.3629697" lon="119.3738145">
        <ele>391.31</ele>
        <time>2026-09-10T05:12:25Z</time>
        <speed>0.6387703</speed>
      </trkpt>
      <trkpt lat="29.3629" lon="119.3737501">
        <ele>385.76</ele>
        <time>2026-09-10T05:12:55Z</time>
        <speed>0.44472</speed>
      </trkpt>
      <trkpt lat="29.362851" lon="119.3736649">
        <ele>379.97</ele>
        <time>2026-09-10T05:13:15Z</time>
        <speed>0.43905807</speed>
      </trkpt>
      <trkpt lat="29.3628102" lon="119.3735723">
        <ele>375.08</ele>
        <time>2026-09-10T05:13:33Z</time>
        <speed>0.5054572</speed>
      </trkpt>
      <trkpt lat="29.3627711" lon="119.3734771">
        <ele>371.17</ele>
        <time>2026-09-10T05:14:13Z</time>
        <speed>0.58729804</speed>
      </trkpt>
      <trkpt lat="29.3627159" lon="119.3733951">
        <ele>368.6</ele>
        <time>2026-09-10T05:14:41Z</time>
        <speed>0.0</speed>
      </trkpt>
      <trkpt lat="29.3626343" lon="119.3733558">
        <ele>365.55</ele>
        <time>2026-09-10T05:15:30Z</time>
        <speed>0.5301639</speed>
      </trkpt>
      <trkpt lat="29.3625913" lon="119.3732527">
        <ele>361.4</ele>
        <time>2026-09-10T05:16:06Z</time>
        <speed>0.0</speed>
      </trkpt>
      <trkpt lat="29.3625506" lon="119.3731424">
        <ele>355.03</ele>
        <time>2026-09-10T05:16:38Z</time>
        <speed>0.7550975</speed>
      </trkpt>
      <trkpt lat="29.3625282" lon="119.3730317">
        <ele>350.16</ele>
        <time>2026-09-10T05:17:08Z</time>
        <speed>0.5116339</speed>
      </trkpt>
      <trkpt lat="29.3624843" lon="119.3729385">
        <ele>344.71</ele>
        <time>2026-09-10T05:17:26Z</time>
        <speed>0.47457388</speed>
      </trkpt>
      <trkpt lat="29.3624474" lon="119.3728388">
        <ele>339.67</ele>
        <time>2026-09-10T05:17:56Z</time>
        <speed>0.26662612</speed>
      </trkpt>
      <trkpt lat="29.362411" lon="119.3727412">
        <ele>336.2</ele>
        <time>2026-09-10T05:18:18Z</time>
        <speed>0.63156414</speed>
      </trkpt>
      <trkpt lat="29.3623609" lon="119.372647">
        <ele>332.42</ele>
        <time>2026-09-10T05:18:44Z</time>
        <speed>0.18838833</speed>
      </trkpt>
      <trkpt lat="29.3623306" lon="119.3725451">
        <ele>328.15</ele>
        <time>2026-09-10T05:19:02Z</time>
        <speed>0.5878128</speed>
      </trkpt>
      <trkpt lat="29.3623209" lon="119.372439">
        <ele>323.78</ele>
        <time>2026-09-10T05:19:28Z</time>
        <speed>0.4997953</speed>
      </trkpt>
      <trkpt lat="29.3623054" lon="119.3723342">
        <ele>319.88</ele>
        <time>2026-09-10T05:19:54Z</time>
        <speed>0.39942443</speed>
      </trkpt>
      <trkpt lat="29.3622813" lon="119.3722327">
        <ele>316.96</ele>
        <time>2026-09-10T05:20:08Z</time>
        <speed>0.70362526</speed>
      </trkpt>
      <trkpt lat="29.3622573" lon="119.3721288">
        <ele>314.4</ele>
        <time>2026-09-10T05:20:32Z</time>
        <speed>0.3448639</speed>
      </trkpt>
      <trkpt lat="29.3622223" lon="119.3720276">
        <ele>310.61</ele>
        <time>2026-09-10T05:20:50Z</time>
        <speed>0.6536972</speed>
      </trkpt>
      <trkpt lat="29.3621847" lon="119.3719276">
        <ele>306.48</ele>
        <time>2026-09-10T05:21:04Z</time>
        <speed>0.6603886</speed>
      </trkpt>
      <trkpt lat="29.3621467" lon="119.3718304">
        <ele>302.79</ele>
        <time>2026-09-10T05:21:16Z</time>
        <speed>0.7149492</speed>
      </trkpt>
      <trkpt lat="29.3621279" lon="119.3717265">
        <ele>299.61</ele>
        <time>2026-09-10T05:21:32Z</time>
        <speed>0.48538306</speed>
      </trkpt>
      <trkpt lat="29.3621539" lon="119.3716288">
        <ele>296.29</ele>
        <time>2026-09-10T05:22:00Z</time>
        <speed>0.5620767</speed>
      </trkpt>
      <trkpt lat="29.3621992" lon="119.3715335">
        <ele>293.37</ele>
        <time>2026-09-10T05:22:38Z</time>
        <speed>0.71031666</speed>
      </trkpt>
      <trkpt lat="29.3621697" lon="119.3714503">
        <ele>289.86</ele>
        <time>2026-09-10T05:23:28Z</time>
        <speed>0.2897886</speed>
      </trkpt>
      <trkpt lat="29.3620733" lon="119.3714067">
        <ele>285.49</ele>
        <time>2026-09-10T05:24:48Z</time>
        <speed>0.34383443</speed>
      </trkpt>
      <trkpt lat="29.3619883" lon="119.3713633">
        <ele>278.35</ele>
        <time>2026-09-10T05:26:22Z</time>
        <speed>0.20485945</speed>
      </trkpt>
      <trkpt lat="29.36192" lon="119.371285">
        <ele>269.0</ele>
        <time>2026-09-10T05:27:18Z</time>
        <speed>0.22802195</speed>
      </trkpt>
      <trkpt lat="29.3618433" lon="119.37122">
        <ele>259.92</ele>
        <time>2026-09-10T05:28:56Z</time>
        <speed>0.0</speed>
      </trkpt>
      <trkpt lat="29.361895" lon="119.3711283">
        <ele>251.48</ele>
        <time>2026-09-10T05:29:22Z</time>
        <speed>0.31912777</speed>
      </trkpt>
      <trkpt lat="29.3618423" lon="119.3710578">
        <ele>244.39</ele>
        <time>2026-09-10T05:30:12Z</time>
        <speed>0.32839277</speed>
      </trkpt>
      <trkpt lat="29.3618496" lon="119.3709653">
        <ele>237.73</ele>
        <time>2026-09-10T05:30:52Z</time>
        <speed>0.47817695</speed>
      </trkpt>
      <trkpt lat="29.3618338" lon="119.370861">
        <ele>232.04</ele>
        <time>2026-09-10T05:31:26Z</time>
        <speed>0.42413113</speed>
      </trkpt>
      <trkpt lat="29.3617741" lon="119.3707842">
        <ele>227.38</ele>
        <time>2026-09-10T05:32:08Z</time>
        <speed>0.28412667</speed>
      </trkpt>
      <trkpt lat="29.3618045" lon="119.3707145">
        <ele>221.62</ele>
        <time>2026-09-10T05:32:32Z</time>
        <speed>0.42721945</speed>
      </trkpt>
      <trkpt lat="29.3618731" lon="119.3706403">
        <ele>214.73</ele>
        <time>2026-09-10T05:32:44Z</time>
        <speed>0.8817192</speed>
      </trkpt>
      <trkpt lat="29.3619561" lon="119.3705722">
        <ele>209.47</ele>
        <time>2026-09-10T05:32:58Z</time>
        <speed>0.8662775</speed>
      </trkpt>
      <trkpt lat="29.3620567" lon="119.370545">
        <ele>207.29</ele>
        <time>2026-09-10T05:33:14Z</time>
        <speed>0.57803303</speed>
      </trkpt>
      <trkpt lat="29.3621533" lon="119.3705222">
        <ele>206.43</ele>
        <time>2026-09-10T05:33:32Z</time>
        <speed>0.6547267</speed>
      </trkpt>
      <trkpt lat="29.3621397" lon="119.370456">
        <ele>204.48</ele>
        <time>2026-09-10T05:33:50Z</time>
        <speed>1.293497</speed>
      </trkpt>
      <trkpt lat="29.3620582" lon="119.3704">
        <ele>202.3</ele>
        <time>2026-09-10T05:34:10Z</time>
        <speed>0.69436026</speed>
      </trkpt>
      <trkpt lat="29.3619551" lon="119.3703817">
        <ele>200.06</ele>
        <time>2026-09-10T05:34:26Z</time>
        <speed>0.40611583</speed>
      </trkpt>
      <trkpt lat="29.3618455" lon="119.3703362">
        <ele>197.88</ele>
        <time>2026-09-10T05:34:54Z</time>
        <speed>0.0</speed>
      </trkpt>
      <trkpt lat="29.3617759" lon="119.370255">
        <ele>196.3</ele>
        <time>2026-09-10T05:35:14Z</time>
        <speed>0.89561665</speed>
      </trkpt>
      <trkpt lat="29.361745" lon="119.3701537">
        <ele>194.23</ele>
        <time>2026-09-10T05:35:38Z</time>
        <speed>0.9326767</speed>
      </trkpt>
      <trkpt lat="29.3616725" lon="119.3700874">
        <ele>190.31</ele>
        <time>2026-09-10T05:36:04Z</time>
        <speed>0.9481183</speed>
      </trkpt>
      <trkpt lat="29.3615835" lon="119.3700962">
        <ele>185.74</ele>
        <time>2026-09-10T05:36:12Z</time>
        <speed>1.5482844</speed>
      </trkpt>
      <trkpt lat="29.3614858" lon="119.3701267">
        <ele>182.46</ele>
        <time>2026-09-10T05:36:26Z</time>
        <speed>0.8678217</speed>
      </trkpt>
      <trkpt lat="29.3613862" lon="119.3701808">
        <ele>179.89</ele>
        <time>2026-09-10T05:36:38Z</time>
        <speed>1.1143736</speed>
      </trkpt>
      <trkpt lat="29.3612847" lon="119.3702235">
        <ele>178.22</ele>
        <time>2026-09-10T05:36:46Z</time>
        <speed>1.7891744</speed>
      </trkpt>
      <trkpt lat="29.3611895" lon="119.3702214">
        <ele>176.15</ele>
        <time>2026-09-10T05:36:56Z</time>
        <speed>1.1313595</speed>
      </trkpt>
      <trkpt lat="29.3610796" lon="119.3702081">
        <ele>175.14</ele>
        <time>2026-09-10T05:37:04Z</time>
        <speed>1.6522583</speed>
      </trkpt>
      <trkpt lat="29.3609793" lon="119.3702301">
        <ele>174.26</ele>
        <time>2026-09-10T05:37:16Z</time>
        <speed>1.0242972</speed>
      </trkpt>
      <trkpt lat="29.3609471" lon="119.3702642">
        <ele>172.82</ele>
        <time>2026-09-10T05:37:29Z</time>
        <speed>0.0</speed>
      </trkpt>
      <trkpt lat="29.360867" lon="119.3702841">
        <ele>172.59</ele>
        <time>2026-09-10T05:37:45Z</time>
        <speed>1.14886</speed>
      </trkpt>
      <trkpt lat="29.3607819" lon="119.3703188">
        <ele>172.25</ele>
        <time>2026-09-10T05:37:53Z</time>
        <speed>1.2620989</speed>
      </trkpt>
      <trkpt lat="29.3606906" lon="119.3703804">
        <ele>171.76</ele>
        <time>2026-09-10T05:38:05Z</time>
        <speed>0.89921975</speed>
      </trkpt>
      <trkpt lat="29.3605914" lon="119.3704134">
        <ele>170.74</ele>
        <time>2026-09-10T05:38:35Z</time>
        <speed>1.0531217</speed>
      </trkpt>
      <trkpt lat="29.3604937" lon="119.370423">
        <ele>169.13</ele>
        <time>2026-09-10T05:38:43Z</time>
        <speed>1.2929822</speed>
      </trkpt>
      <trkpt lat="29.360386" lon="119.3704232">
        <ele>167.27</ele>
        <time>2026-09-10T05:38:53Z</time>
        <speed>0.9867225</speed>
      </trkpt>
      <trkpt lat="29.3602763" lon="119.3704416">
        <ele>165.69</ele>
        <time>2026-09-10T05:39:03Z</time>
        <speed>1.1720225</speed>
      </trkpt>
      <trkpt lat="29.3601729" lon="119.3704669">
        <ele>165.52</ele>
        <time>2026-09-10T05:39:11Z</time>
        <speed>1.1468011</speed>
      </trkpt>
      <trkpt lat="29.3600759" lon="119.3705055">
        <ele>166.37</ele>
        <time>2026-09-10T05:39:19Z</time>
        <speed>1.5987272</speed>
      </trkpt>
      <trkpt lat="29.3599888" lon="119.3705762">
        <ele>167.03</ele>
        <time>2026-09-10T05:39:29Z</time>
        <speed>1.5812267</speed>
      </trkpt>
      <trkpt lat="29.3599299" lon="119.3706625">
        <ele>166.54</ele>
        <time>2026-09-10T05:39:39Z</time>
        <speed>1.3393072</speed>
      </trkpt>
      <trkpt lat="29.3598643" lon="119.3707485">
        <ele>165.54</ele>
        <time>2026-09-10T05:39:49Z</time>
        <speed>0.9738544</speed>
      </trkpt>
      <trkpt lat="29.3597818" lon="119.3708122">
        <ele>165.26</ele>
        <time>2026-09-10T05:39:57Z</time>
        <speed>1.4211481</speed>
      </trkpt>
      <trkpt lat="29.3596924" lon="119.3708392">
        <ele>164.85</ele>
        <time>2026-09-10T05:40:05Z</time>
        <speed>1.3763672</speed>
      </trkpt>
      <trkpt lat="29.3595836" lon="119.3708347">
        <ele>163.8</ele>
        <time>2026-09-10T05:40:13Z</time>
        <speed>1.5971831</speed>
      </trkpt>
      <trkpt lat="29.3594821" lon="119.3708259">
        <ele>162.29</ele>
        <time>2026-09-10T05:40:21Z</time>
        <speed>1.5256367</speed>
      </trkpt>
      <trkpt lat="29.3593848" lon="119.3708374">
        <ele>160.45</ele>
        <time>2026-09-10T05:40:31Z</time>
        <speed>1.4566638</speed>
      </trkpt>
      <trkpt lat="29.359283" lon="119.3708456">
        <ele>159.22</ele>
        <time>2026-09-10T05:40:41Z</time>
        <speed>1.2759964</speed>
      </trkpt>
      <trkpt lat="29.3591796" lon="119.3708637">
        <ele>159.08</ele>
        <time>2026-09-10T05:40:51Z</time>
        <speed>1.1576103</speed>
      </trkpt>
      <trkpt lat="29.3590871" lon="119.3709118">
        <ele>159.35</ele>
        <time>2026-09-10T05:40:59Z</time>
        <speed>1.228642</speed>
      </trkpt>
      <trkpt lat="29.359005" lon="119.3709654">
        <ele>159.63</ele>
        <time>2026-09-10T05:41:07Z</time>
        <speed>1.1874641</speed>
      </trkpt>
      <trkpt lat="29.3589275" lon="119.3710216">
        <ele>159.23</ele>
        <time>2026-09-10T05:41:15Z</time>
        <speed>1.1359919</speed>
      </trkpt>
      <trkpt lat="29.3588371" lon="119.3710511">
        <ele>158.7</ele>
        <time>2026-09-10T05:41:25Z</time>
        <speed>0.89973444</speed>
      </trkpt>
      <trkpt lat="29.358745" lon="119.3710713">
        <ele>158.1</ele>
        <time>2026-09-10T05:41:33Z</time>
        <speed>1.1174619</speed>
      </trkpt>
      <trkpt lat="29.3586539" lon="119.3710804">
        <ele>157.97</ele>
        <time>2026-09-10T05:41:41Z</time>
        <speed>0.811717</speed>
      </trkpt>
      <trkpt lat="29.3585659" lon="119.3710564">
        <ele>158.41</ele>
        <time>2026-09-10T05:41:49Z</time>
        <speed>1.0834903</speed>
      </trkpt>
      <trkpt lat="29.3584792" lon="119.3710239">
        <ele>159.35</ele>
        <time>2026-09-10T05:41:57Z</time>
        <speed>1.1097411</speed>
      </trkpt>
      <trkpt lat="29.3583865" lon="119.3709933">
        <ele>159.76</ele>
        <time>2026-09-10T05:42:06Z</time>
        <speed>1.2965853</speed>
      </trkpt>
      <trkpt lat="29.3582991" lon="119.3709539">
        <ele>160.08</ele>
        <time>2026-09-10T05:42:13Z</time>
        <speed>1.4875473</speed>
      </trkpt>
      <trkpt lat="29.3582113" lon="119.3709021">
        <ele>159.27</ele>
        <time>2026-09-10T05:42:23Z</time>
        <speed>1.1112853</speed>
      </trkpt>
      <trkpt lat="29.3581195" lon="119.3708692">
        <ele>158.12</ele>
        <time>2026-09-10T05:42:31Z</time>
        <speed>1.0644456</speed>
      </trkpt>
      <trkpt lat="29.3580286" lon="119.3708356">
        <ele>157.04</ele>
        <time>2026-09-10T05:42:39Z</time>
        <speed>1.3918089</speed>
      </trkpt>
      <trkpt lat="29.3579308" lon="119.3708376">
        <ele>156.59</ele>
        <time>2026-09-10T05:42:47Z</time>
        <speed>1.5838003</speed>
      </trkpt>
      <trkpt lat="29.3578292" lon="119.3708625">
        <ele>156.25</ele>
        <time>2026-09-10T05:42:57Z</time>
        <speed>1.0778283</speed>
      </trkpt>
      <trkpt lat="29.3577204" lon="119.37089">
        <ele>154.38</ele>
        <time>2026-09-10T05:43:07Z</time>
        <speed>1.2090825</speed>
      </trkpt>
      <trkpt lat="29.3576182" lon="119.3709173">
        <ele>152.97</ele>
        <time>2026-09-10T05:43:15Z</time>
        <speed>1.4098241</speed>
      </trkpt>
      <trkpt lat="29.3575139" lon="119.3709469">
        <ele>151.99</ele>
        <time>2026-09-10T05:43:25Z</time>
        <speed>1.3027619</speed>
      </trkpt>
      <trkpt lat="29.3574076" lon="119.3709529">
        <ele>151.39</ele>
        <time>2026-09-10T05:43:33Z</time>
        <speed>1.1756256</speed>
      </trkpt>
      <trkpt lat="29.3573132" lon="119.3709446">
        <ele>150.88</ele>
        <time>2026-09-10T05:43:41Z</time>
        <speed>1.3140858</speed>
      </trkpt>
      <trkpt lat="29.3572146" lon="119.3709473">
        <ele>150.5</ele>
        <time>2026-09-10T05:43:49Z</time>
        <speed>1.2250389</speed>
      </trkpt>
      <trkpt lat="29.3571101" lon="119.3709565">
        <ele>150.72</ele>
        <time>2026-09-10T05:43:59Z</time>
        <speed>1.1087117</speed>
      </trkpt>
      <trkpt lat="29.3569958" lon="119.3709544">
        <ele>150.67</ele>
        <time>2026-09-10T05:44:09Z</time>
        <speed>1.2234948</speed>
      </trkpt>
      <trkpt lat="29.3568983" lon="119.3709179">
        <ele>149.82</ele>
        <time>2026-09-10T05:44:17Z</time>
        <speed>1.5925505</speed>
      </trkpt>
      <trkpt lat="29.3567989" lon="119.3709042">
        <ele>149.3</ele>
        <time>2026-09-10T05:44:27Z</time>
        <speed>0.8601008</speed>
      </trkpt>
      <trkpt lat="29.3566969" lon="119.3709024">
        <ele>149.3</ele>
        <time>2026-09-10T05:44:35Z</time>
        <speed>1.0520922</speed>
      </trkpt>
      <trkpt lat="29.3565901" lon="119.3708784">
        <ele>149.3</ele>
        <time>2026-09-10T05:44:43Z</time>
        <speed>1.510195</speed>
      </trkpt>
      <trkpt lat="29.3564915" lon="119.3708681">
        <ele>148.91</ele>
        <time>2026-09-10T05:44:51Z</time>
        <speed>1.4015886</speed>
      </trkpt>
      <trkpt lat="29.356395" lon="119.3708662">
        <ele>148.65</ele>
        <time>2026-09-10T05:45:01Z</time>
        <speed>0.89304304</speed>
      </trkpt>
      <trkpt lat="29.356289" lon="119.3708608">
        <ele>146.99</ele>
        <time>2026-09-10T05:45:09Z</time>
        <speed>1.3912941</speed>
      </trkpt>
      <trkpt lat="29.3561754" lon="119.3708523">
        <ele>145.62</ele>
        <time>2026-09-10T05:45:19Z</time>
        <speed>0.9429711</speed>
      </trkpt>
      <trkpt lat="29.3560632" lon="119.3708549">
        <ele>144.49</ele>
        <time>2026-09-10T05:45:27Z</time>
        <speed>1.3707052</speed>
      </trkpt>
      <trkpt lat="29.3559696" lon="119.370828">
        <ele>144.02</ele>
        <time>2026-09-10T05:45:35Z</time>
        <speed>1.4952681</speed>
      </trkpt>
      <trkpt lat="29.3558644" lon="119.370811">
        <ele>143.28</ele>
        <time>2026-09-10T05:45:45Z</time>
        <speed>0.9898108</speed>
      </trkpt>
      <trkpt lat="29.3557677" lon="119.3708076">
        <ele>141.61</ele>
        <time>2026-09-10T05:45:53Z</time>
        <speed>1.1534925</speed>
      </trkpt>
      <trkpt lat="29.3557307" lon="119.370797">
        <ele>139.93</ele>
        <time>2026-09-10T05:46:03Z</time>
        <speed>0.0</speed>
      </trkpt>
      <trkpt lat="29.3556387" lon="119.3707992">
        <ele>138.76</ele>
        <time>2026-09-10T05:46:31Z</time>
        <speed>1.2430542</speed>
      </trkpt>
      <trkpt lat="29.355547" lon="119.3707824">
        <ele>137.53</ele>
        <time>2026-09-10T05:46:37Z</time>
        <speed>2.2174234</speed>
      </trkpt>
      <trkpt lat="29.355454" lon="119.3707868">
        <ele>136.83</ele>
        <time>2026-09-10T05:46:45Z</time>
        <speed>1.6218897</speed>
      </trkpt>
      <trkpt lat="29.3553787" lon="119.3707771">
        <ele>135.18</ele>
        <time>2026-09-10T05:47:03Z</time>
        <speed>0.0</speed>
      </trkpt>
      <trkpt lat="29.3552903" lon="119.3707727">
        <ele>135.36</ele>
        <time>2026-09-10T05:47:12Z</time>
        <speed>0.9548097</speed>
      </trkpt>
      <trkpt lat="29.35521" lon="119.3707092">
        <ele>135.81</ele>
        <time>2026-09-10T05:47:21Z</time>
        <speed>1.0979025</speed>
      </trkpt>
      <trkpt lat="29.3552044" lon="119.3706816">
        <ele>136.58</ele>
        <time>2026-09-10T05:47:29Z</time>
        <speed>0.0</speed>
      </trkpt>
      <trkpt lat="29.3552058" lon="119.3705865">
        <ele>137.06</ele>
        <time>2026-09-10T05:48:11Z</time>
        <speed>1.2034205</speed>
      </trkpt>
      <trkpt lat="29.355228" lon="119.3704738">
        <ele>137.51</ele>
        <time>2026-09-10T05:48:19Z</time>
        <speed>1.2518045</speed>
      </trkpt>
      <trkpt lat="29.3552552" lon="119.3703534">
        <ele>137.25</ele>
        <time>2026-09-10T05:48:27Z</time>
        <speed>1.3182036</speed>
      </trkpt>
      <trkpt lat="29.3552892" lon="119.3702304">
        <ele>136.28</ele>
        <time>2026-09-10T05:48:37Z</time>
        <speed>1.1740814</speed>
      </trkpt>
      <trkpt lat="29.3553178" lon="119.3701209">
        <ele>135.3</ele>
        <time>2026-09-10T05:48:45Z</time>
        <speed>1.2739375</speed>
      </trkpt>
      <trkpt lat="29.355357" lon="119.3700251">
        <ele>134.7</ele>
        <time>2026-09-10T05:48:53Z</time>
        <speed>1.2394512</speed>
      </trkpt>
      <trkpt lat="29.355406" lon="119.3699229">
        <ele>134.14</ele>
        <time>2026-09-10T05:49:03Z</time>
        <speed>1.2435689</speed>
      </trkpt>
      <trkpt lat="29.3554615" lon="119.3698362">
        <ele>133.52</ele>
        <time>2026-09-10T05:49:11Z</time>
        <speed>1.2456278</speed>
      </trkpt>
      <trkpt lat="29.3555159" lon="119.3697302">
        <ele>132.57</ele>
        <time>2026-09-10T05:49:21Z</time>
        <speed>1.1900377</speed>
      </trkpt>
      <trkpt lat="29.3555591" lon="119.3696325">
        <ele>132.67</ele>
        <time>2026-09-10T05:49:29Z</time>
        <speed>1.2759964</speed>
      </trkpt>
      <trkpt lat="29.355594" lon="119.3695296">
        <ele>132.85</ele>
        <time>2026-09-10T05:49:37Z</time>
        <speed>1.5874033</speed>
      </trkpt>
      <trkpt lat="29.3556301" lon="119.3694134">
        <ele>133.39</ele>
        <time>2026-09-10T05:49:47Z</time>
        <speed>1.4690173</speed>
      </trkpt>
      <trkpt lat="29.355646" lon="119.3693013">
        <ele>135.03</ele>
        <time>2026-09-10T05:49:55Z</time>
        <speed>1.4885767</speed>
      </trkpt>
      <trkpt lat="29.3556622" lon="119.3691878">
        <ele>135.88</ele>
        <time>2026-09-10T05:50:03Z</time>
        <speed>1.5405636</speed>
      </trkpt>
      <trkpt lat="29.3557037" lon="119.3690728">
        <ele>136.27</ele>
        <time>2026-09-10T05:50:13Z</time>
        <speed>1.3604108</speed>
      </trkpt>
      <trkpt lat="29.3557764" lon="119.3689962">
        <ele>135.9</ele>
        <time>2026-09-10T05:50:23Z</time>
        <speed>1.2260684</speed>
      </trkpt>
      <trkpt lat="29.3558581" lon="119.3689251">
        <ele>135.6</ele>
        <time>2026-09-10T05:50:33Z</time>
        <speed>1.0325328</speed>
      </trkpt>
      <trkpt lat="29.3559421" lon="119.3688502">
        <ele>135.38</ele>
        <time>2026-09-10T05:50:43Z</time>
        <speed>1.2070236</speed>
      </trkpt>
      <trkpt lat="29.3560078" lon="119.3687488">
        <ele>135.3</ele>
        <time>2026-09-10T05:50:53Z</time>
        <speed>1.1447423</speed>
      </trkpt>
      <trkpt lat="29.3560632" lon="119.3686447">
        <ele>135.43</ele>
        <time>2026-09-10T05:51:03Z</time>
        <speed>1.1385655</speed>
      </trkpt>
      <trkpt lat="29.3561166" lon="119.368537">
        <ele>134.99</ele>
        <time>2026-09-10T05:51:13Z</time>
        <speed>1.213715</speed>
      </trkpt>
      <trkpt lat="29.3561425" lon="119.368415">
        <ele>134.26</ele>
        <time>2026-09-10T05:51:23Z</time>
        <speed>1.2754817</speed>
      </trkpt>
      <trkpt lat="29.3561514" lon="119.3682909">
        <ele>133.89</ele>
        <time>2026-09-10T05:51:33Z</time>
        <speed>1.2250389</speed>
      </trkpt>
      <trkpt lat="29.3561608" lon="119.3681696">
        <ele>133.64</ele>
        <time>2026-09-10T05:51:43Z</time>
        <speed>1.1884936</speed>
      </trkpt>
      <trkpt lat="29.3561762" lon="119.3680614">
        <ele>133.36</ele>
        <time>2026-09-10T05:51:51Z</time>
        <speed>1.2106267</speed>
      </trkpt>
      <trkpt lat="29.3562272" lon="119.3679731">
        <ele>133.38</ele>
        <time>2026-09-10T05:51:59Z</time>
        <speed>1.3037914</speed>
      </trkpt>
      <trkpt lat="29.3563076" lon="119.3678953">
        <ele>134.08</ele>
        <time>2026-09-10T05:52:09Z</time>
        <speed>1.1993028</speed>
      </trkpt>
      <trkpt lat="29.356382" lon="119.3678099">
        <ele>135.12</ele>
        <time>2026-09-10T05:52:19Z</time>
        <speed>1.2039353</speed>
      </trkpt>
      <trkpt lat="29.356389" lon="119.3677054">
        <ele>135.84</ele>
        <time>2026-09-10T05:52:31Z</time>
        <speed>0.84414446</speed>
      </trkpt>
      <trkpt lat="29.356379" lon="119.3675836">
        <ele>136.0</ele>
        <time>2026-09-10T05:52:41Z</time>
        <speed>1.1833464</speed>
      </trkpt>
      <trkpt lat="29.356391" lon="119.3674751">
        <ele>135.01</ele>
        <time>2026-09-10T05:52:49Z</time>
        <speed>1.1498895</speed>
      </trkpt>
      <trkpt lat="29.3564525" lon="119.3674068">
        <ele>134.4</ele>
        <time>2026-09-10T05:52:57Z</time>
        <speed>1.1416539</speed>
      </trkpt>
      <trkpt lat="29.3565498" lon="119.3673857">
        <ele>133.71</ele>
        <time>2026-09-10T05:53:05Z</time>
        <speed>1.198788</speed>
      </trkpt>
      <trkpt lat="29.3566587" lon="119.3673859">
        <ele>133.19</ele>
        <time>2026-09-10T05:53:15Z</time>
        <speed>1.1632723</speed>
      </trkpt>
      <trkpt lat="29.3567623" lon="119.367394">
        <ele>133.45</ele>
        <time>2026-09-10T05:53:23Z</time>
        <speed>1.1740814</speed>
      </trkpt>
      <trkpt lat="29.3568578" lon="119.3673616">
        <ele>133.56</ele>
        <time>2026-09-10T05:53:33Z</time>
        <speed>1.2178328</speed>
      </trkpt>
      <trkpt lat="29.3569519" lon="119.3673224">
        <ele>134.18</ele>
        <time>2026-09-10T05:53:41Z</time>
        <speed>1.3614403</speed>
      </trkpt>
      <trkpt lat="29.3570466" lon="119.3672581">
        <ele>134.15</ele>
        <time>2026-09-10T05:53:51Z</time>
        <speed>1.4036475</speed>
      </trkpt>
      <trkpt lat="29.3570626" lon="119.3671591">
        <ele>133.52</ele>
        <time>2026-09-10T05:54:03Z</time>
        <speed>1.1555514</speed>
      </trkpt>
      <trkpt lat="29.3570074" lon="119.3670583">
        <ele>132.35</ele>
        <time>2026-09-10T05:54:13Z</time>
        <speed>1.0731958</speed>
      </trkpt>
      <trkpt lat="29.3569366" lon="119.3669621">
        <ele>131.38</ele>
        <time>2026-09-10T05:54:23Z</time>
        <speed>1.2075384</speed>
      </trkpt>
      <trkpt lat="29.3568652" lon="119.3668755">
        <ele>131.56</ele>
        <time>2026-09-10T05:54:33Z</time>
        <speed>1.2368774</speed>
      </trkpt>
      <trkpt lat="29.3568001" lon="119.3667742">
        <ele>131.66</ele>
        <time>2026-09-10T05:54:43Z</time>
        <speed>1.00062</speed>
      </trkpt>
      <trkpt lat="29.3567771" lon="119.3666624">
        <ele>131.12</ele>
        <time>2026-09-10T05:54:51Z</time>
        <speed>1.3609256</speed>
      </trkpt>
      <trkpt lat="29.3567991" lon="119.3665462">
        <ele>130.04</ele>
        <time>2026-09-10T05:54:59Z</time>
        <speed>1.6321841</speed>
      </trkpt>
      <trkpt lat="29.356842" lon="119.3664343">
        <ele>128.6</ele>
        <time>2026-09-10T05:55:07Z</time>
        <speed>1.6326989</speed>
      </trkpt>
      <trkpt lat="29.3569141" lon="119.3663473">
        <ele>127.4</ele>
        <time>2026-09-10T05:55:15Z</time>
        <speed>1.4695319</speed>
      </trkpt>
      <trkpt lat="29.3569964" lon="119.3662845">
        <ele>126.88</ele>
        <time>2026-09-10T05:55:23Z</time>
        <speed>1.2888645</speed>
      </trkpt>
      <trkpt lat="29.3570693" lon="119.3662068">
        <ele>127.06</ele>
        <time>2026-09-10T05:55:31Z</time>
        <speed>1.3789408</speed>
      </trkpt>
      <trkpt lat="29.3571164" lon="119.3661154">
        <ele>127.38</ele>
        <time>2026-09-10T05:55:39Z</time>
        <speed>1.3336452</speed>
      </trkpt>
      <trkpt lat="29.3571747" lon="119.3660125">
        <ele>127.04</ele>
        <time>2026-09-10T05:55:47Z</time>
        <speed>1.4190892</speed>
      </trkpt>
      <trkpt lat="29.3572243" lon="119.3658947">
        <ele>126.94</ele>
        <time>2026-09-10T05:55:55Z</time>
        <speed>1.3532047</speed>
      </trkpt>
      <trkpt lat="29.3572182" lon="119.3657736">
        <ele>128.04</ele>
        <time>2026-09-10T05:56:03Z</time>
        <speed>1.3485723</speed>
      </trkpt>
      <trkpt lat="29.3572097" lon="119.3656415">
        <ele>129.53</ele>
        <time>2026-09-10T05:56:13Z</time>
        <speed>1.1704783</speed>
      </trkpt>
      <trkpt lat="29.3571973" lon="119.3655099">
        <ele>132.23</ele>
        <time>2026-09-10T05:56:25Z</time>
        <speed>0.6413439</speed>
      </trkpt>
      <trkpt lat="29.3571704" lon="119.3653809">
        <ele>134.88</ele>
        <time>2026-09-10T05:56:33Z</time>
        <speed>1.0037084</speed>
      </trkpt>
      <trkpt lat="29.3571143" lon="119.3652846">
        <ele>136.78</ele>
        <time>2026-09-10T05:56:41Z</time>
        <speed>1.35269</speed>
      </trkpt>
      <trkpt lat="29.3570377" lon="119.3651942">
        <ele>137.26</ele>
        <time>2026-09-10T05:56:49Z</time>
        <speed>1.411883</speed>
      </trkpt>
      <trkpt lat="29.3569835" lon="119.3650992">
        <ele>137.49</ele>
        <time>2026-09-10T05:56:55Z</time>
        <speed>1.7165986</speed>
      </trkpt>
      <trkpt lat="29.3569287" lon="119.3650101">
        <ele>137.75</ele>
        <time>2026-09-10T05:57:01Z</time>
        <speed>1.893663</speed>
      </trkpt>
      <trkpt lat="29.3568636" lon="119.364924">
        <ele>137.95</ele>
        <time>2026-09-10T05:57:13Z</time>
        <speed>1.0423125</speed>
      </trkpt>
      <trkpt lat="29.3567998" lon="119.3648459">
        <ele>139.65</ele>
        <time>2026-09-10T05:57:23Z</time>
        <speed>1.0680486</speed>
      </trkpt>
      <trkpt lat="29.3567772" lon="119.3647353">
        <ele>141.56</ele>
        <time>2026-09-10T05:57:31Z</time>
        <speed>1.1524631</speed>
      </trkpt>
      <trkpt lat="29.3567585" lon="119.3646283">
        <ele>141.71</ele>
        <time>2026-09-10T05:57:39Z</time>
        <speed>1.1910672</speed>
      </trkpt>
      <trkpt lat="29.3567367" lon="119.3645129">
        <ele>140.07</ele>
        <time>2026-09-10T05:57:47Z</time>
        <speed>1.3207772</speed>
      </trkpt>
      <trkpt lat="29.3567367" lon="119.3645129">
        <ele>140.07</ele>
        <time>2026-09-10T05:57:52Z</time>
        <speed>1.3207772</speed>
      </trkpt>
      <extensions>
        <PauseTimes>1789019872000:pause</PauseTimes>
      </extensions>
    </trkseg>
  </trk>
  <wpt lat="29.35663" lon="119.3644367">
    <ele>122.1</ele>
    <time>2026-09-10T01:55:39Z</time>
    <name><![CDATA[停车免费边上有厕所
        ]]>
    </name>
    <cmt>停车免费边上有厕所
        </cmt>
    <desc><![CDATA[]]>
    </desc>
    <sym>Flag, Blue</sym>
    <type>user</type>
    <extensions>
      <PosType>0</PosType>
      <Speed>0.0</Speed>
      <Accuracy>1.6</Accuracy>
      <Time>1789005339715</Time>
      <description><![CDATA[]]>
      </description>
    </extensions>
  </wpt>
  <wpt lat="29.3571333" lon="119.3645484">
    <ele>128.7</ele>
    <time>2026-09-10T01:57:07Z</time>
    <name><![CDATA[小店
        ]]>
    </name>
    <cmt>小店
        </cmt>
    <desc><![CDATA[]]>
    </desc>
    <sym>Flag, Blue</sym>
    <type>user</type>
    <extensions>
      <PosType>0</PosType>
      <Speed>1.1972439</Speed>
      <Accuracy>1.4</Accuracy>
      <Time>1789005427730</Time>
      <description><![CDATA[]]>
      </description>
    </extensions>
  </wpt>
  <wpt lat="29.3579851" lon="119.3641767">
    <ele>131.8</ele>
    <time>2026-09-10T01:58:13Z</time>
    <name><![CDATA[左转
        ]]>
    </name>
    <cmt>左转
        </cmt>
    <desc><![CDATA[]]>
    </desc>
    <sym>Flag, Blue</sym>
    <type>user</type>
    <extensions>
      <PosType>0</PosType>
      <Speed>1.8519706</Speed>
      <Accuracy>1.6</Accuracy>
      <Time>1789005493710</Time>
      <description><![CDATA[]]>
      </description>
    </extensions>
  </wpt>
  <wpt lat="29.3603983" lon="119.3634217">
    <ele>158.3</ele>
    <time>2026-09-10T02:03:23Z</time>
    <name><![CDATA[水库
        ]]>
    </name>
    <cmt>水库
        </cmt>
    <desc><![CDATA[]]>
    </desc>
    <sym>Flag, Blue</sym>
    <type>user</type>
    <extensions>
      <PosType>0</PosType>
      <Speed>1.2435689</Speed>
      <Accuracy>1.5</Accuracy>
      <Time>1789005803747</Time>
      <description><![CDATA[]]>
      </description>
    </extensions>
  </wpt>
  <wpt lat="29.3632485" lon="119.362101">
    <ele>196.5</ele>
    <time>2026-09-10T02:08:21Z</time>
    <name><![CDATA[碎石路
        ]]>
    </name>
    <cmt>碎石路
        </cmt>
    <desc><![CDATA[]]>
    </desc>
    <sym>Flag, Blue</sym>
    <type>user</type>
    <extensions>
      <PosType>0</PosType>
      <Speed>0.56928277</Speed>
      <Accuracy>1.7</Accuracy>
      <Time>1789006101745</Time>
      <description><![CDATA[]]>
      </description>
    </extensions>
  </wpt>
  <wpt lat="29.3653779" lon="119.3620493">
    <ele>307.3</ele>
    <time>2026-09-10T02:16:59Z</time>
    <name><![CDATA[右转小环，直走大尖
        ]]>
    </name>
    <cmt>右转小环，直走大尖
        </cmt>
    <desc><![CDATA[]]>
    </desc>
    <sym>Flag, Blue</sym>
    <type>user</type>
    <extensions>
      <PosType>0</PosType>
      <Speed>0.6830364</Speed>
      <Accuracy>1.5</Accuracy>
      <Time>1789006619711</Time>
      <description><![CDATA[]]>
      </description>
    </extensions>
  </wpt>
  <wpt lat="29.3651798" lon="119.3654823">
    <ele>465.5</ele>
    <time>2026-09-10T02:35:21Z</time>
    <name><![CDATA[左转，看飘带
        ]]>
    </name>
    <cmt>左转，看飘带
        </cmt>
    <desc><![CDATA[]]>
    </desc>
    <sym>Flag, Blue</sym>
    <type>user</type>
    <extensions>
      <PosType>0</PosType>
      <Speed>0.8317911</Speed>
      <Accuracy>1.3</Accuracy>
      <Time>1789007721782</Time>
      <description><![CDATA[]]>
      </description>
    </extensions>
  </wpt>
  <wpt lat="29.367915" lon="119.3688167">
    <ele>453.8</ele>
    <time>2026-09-10T03:02:11Z</time>
    <name><![CDATA[休息点
        ]]>
    </name>
    <cmt>休息点
        </cmt>
    <desc><![CDATA[]]>
    </desc>
    <sym>Flag, Blue</sym>
    <type>user</type>
    <extensions>
      <PosType>0</PosType>
      <Speed>0.3448639</Speed>
      <Accuracy>1.3</Accuracy>
      <Time>1789009331779</Time>
      <description><![CDATA[]]>
      </description>
    </extensions>
  </wpt>
  <wpt lat="29.3687671" lon="119.3700448">
    <ele>431.3</ele>
    <time>2026-09-10T03:09:35Z</time>
    <name><![CDATA[休息区
        ]]>
    </name>
    <cmt>休息区
        </cmt>
    <desc><![CDATA[]]>
    </desc>
    <sym>Flag, Blue</sym>
    <type>user</type>
    <extensions>
      <PosType>0</PosType>
      <Speed>0.8039961</Speed>
      <Accuracy>1.2</Accuracy>
      <Time>1789009775772</Time>
      <description><![CDATA[]]>
      </description>
    </extensions>
  </wpt>
  <wpt lat="29.37055" lon="119.374055">
    <ele>534.1</ele>
    <time>2026-09-10T03:53:31Z</time>
    <name><![CDATA[右边
        ]]>
    </name>
    <cmt>右边
        </cmt>
    <desc><![CDATA[]]>
    </desc>
    <sym>Flag, Blue</sym>
    <type>user</type>
    <extensions>
      <PosType>0</PosType>
      <Speed>0.41023362</Speed>
      <Accuracy>1.4</Accuracy>
      <Time>1789012411724</Time>
      <description><![CDATA[]]>
      </description>
      <FileId>1673918487</FileId>
      <FileSize>2796185</FileSize>
      <FileType>0</FileType>
    </extensions>
  </wpt>
  <wpt lat="29.3710233" lon="119.3757">
    <ele>594.9</ele>
    <time>2026-09-10T04:06:11Z</time>
    <name><![CDATA[直行二尖，左转大尖刀脊线
        ]]>
    </name>
    <cmt>直行二尖，左转大尖刀脊线
        </cmt>
    <desc><![CDATA[]]>
    </desc>
    <sym>Flag, Blue</sym>
    <type>user</type>
    <extensions>
      <PosType>0</PosType>
      <Speed>0.35824665</Speed>
      <Accuracy>1.2</Accuracy>
      <Time>1789013171765</Time>
      <description><![CDATA[]]>
      </description>
    </extensions>
  </wpt>
  <wpt lat="29.3670117" lon="119.37578">
    <ele>633.0</ele>
    <time>2026-09-10T04:38:37Z</time>
    <name><![CDATA[登顶
        ]]>
    </name>
    <cmt>登顶
        </cmt>
    <desc><![CDATA[]]>
    </desc>
    <sym>Flag, Blue</sym>
    <type>user</type>
    <extensions>
      <PosType>0</PosType>
      <Speed>0.0</Speed>
      <Accuracy>1.1</Accuracy>
      <Time>1789015117765</Time>
      <description><![CDATA[]]>
      </description>
    </extensions>
  </wpt>
  <wpt lat="29.36192" lon="119.371285">
    <ele>247.9</ele>
    <time>2026-09-10T05:27:18Z</time>
    <name><![CDATA[陡坡
        ]]>
    </name>
    <cmt>陡坡
        </cmt>
    <desc><![CDATA[]]>
    </desc>
    <sym>Flag, Blue</sym>
    <type>user</type>
    <extensions>
      <PosType>0</PosType>
      <Speed>0.22802195</Speed>
      <Accuracy>1.4</Accuracy>
      <Time>1789018038815</Time>
      <description><![CDATA[]]>
      </description>
    </extensions>
  </wpt>
  <wpt lat="29.3619561" lon="119.3705722">
    <ele>204.4</ele>
    <time>2026-09-10T05:32:58Z</time>
    <name><![CDATA[下山
        ]]>
    </name>
    <cmt>下山
        </cmt>
    <desc><![CDATA[]]>
    </desc>
    <sym>Flag, Blue</sym>
    <type>user</type>
    <extensions>
      <PosType>0</PosType>
      <Speed>0.8662775</Speed>
      <Accuracy>1.6</Accuracy>
      <Time>1789018378780</Time>
      <description><![CDATA[]]>
      </description>
    </extensions>
  </wpt>
  <wpt lat="29.3569958" lon="119.3709544">
    <ele>148.7</ele>
    <time>2026-09-10T05:44:09Z</time>
    <name><![CDATA[这里可以停车
        ]]>
    </name>
    <cmt>这里可以停车
        </cmt>
    <desc><![CDATA[]]>
    </desc>
    <sym>Flag, Blue</sym>
    <type>user</type>
    <extensions>
      <PosType>0</PosType>
      <Speed>1.2234948</Speed>
      <Accuracy>1.3</Accuracy>
      <Time>1789019049828</Time>
      <description><![CDATA[]]>
      </description>
    </extensions>
  </wpt>
  <wpt lat="29.3552903" lon="119.3707727">
    <ele>136.4</ele>
    <time>2026-09-10T05:47:12Z</time>
    <name><![CDATA[右转
        ]]>
    </name>
    <cmt>右转
        </cmt>
    <desc><![CDATA[]]>
    </desc>
    <sym>Flag, Blue</sym>
    <type>user</type>
    <extensions>
      <PosType>0</PosType>
      <Speed>0.9548097</Speed>
      <Accuracy>1.4</Accuracy>
      <Time>1789019232234</Time>
      <description><![CDATA[]]>
      </description>
    </extensions>
  </wpt>
  <wpt lat="29.3572243" lon="119.3658947">
    <ele>129.5</ele>
    <time>2026-09-10T05:55:55Z</time>
    <name><![CDATA[左转
        ]]>
    </name>
    <cmt>左转
        </cmt>
    <desc><![CDATA[]]>
    </desc>
    <sym>Flag, Blue</sym>
    <type>user</type>
    <extensions>
      <PosType>0</PosType>
      <Speed>1.3532047</Speed>
      <Accuracy>1.4</Accuracy>
      <Time>1789019755815</Time>
      <description><![CDATA[]]>
      </description>
    </extensions>
  </wpt>
  <wpt lat="29.3571973" lon="119.3655099">
    <ele>138.4</ele>
    <time>2026-09-10T05:56:25Z</time>
    <name><![CDATA[左转
        ]]>
    </name>
    <cmt>左转
        </cmt>
    <desc><![CDATA[]]>
    </desc>
    <sym>Flag, Blue</sym>
    <type>user</type>
    <extensions>
      <PosType>0</PosType>
      <Speed>0.6413439</Speed>
      <Accuracy>1.5</Accuracy>
      <Time>1789019785858</Time>
      <description><![CDATA[]]>
      </description>
    </extensions>
  </wpt>
</gpx>