<?xml version='1.0' encoding='UTF-8' standalone='yes' ?>
<gpx version="1.1" creator="GPSBabel - http://www.gpsbabel.org" xmlns:xsi="http://www.w3.org/2001/XMLSchema-instance" xmlns="http://www.topografix.com/GPX/1/1" xsi:schemaLocation="http://www.topografix.com/GPX/1/1 http://www.topografix.com/GPX/1/1/gpx.xsd">
  <metadata>
    <link href="http://www.garmin.com">
      <text>Garmin International</text>
    </link>
    <time>2025-03-20T02:07:11Z</time>
    <bounds minlat="29.35819" minlon="119.334316" maxlat="29.385457" maxlon="119.354412" />
  </metadata>
  <extensions>
    <name><![CDATA[2025-03-20 10:07:11]]>
    </name>
    <description><![CDATA[]]>
    </description>
    <TrackId>66435210</TrackId>
    <TrackTypeId>8</TrackTypeId>
    <TrackTags></TrackTags>
    <BeginTime>1742436431356</BeginTime>
    <EndTime>1742471169329</EndTime>
    <TimeUsed>34737000</TimeUsed>
    <PauseTime>20685388</PauseTime>
    <PosStartName>芝堰古村游客中心</PosStartName>
    <PosEndName>黄店镇芝堰英才饭店</PosEndName>
    <ProductVersion>7.9.0</ProductVersion>
    <StartDistrictId>0</StartDistrictId>
    <EndDistrictId>9659</EndDistrictId>
    <CreaterId>57355145</CreaterId>
    <CreaterName><![CDATA[百米公子李]]>
    </CreaterName>
    <CreaterIcon>1316918342</CreaterIcon>
    <OriginCreaterId>57355145</OriginCreaterId>
    <OriginCreaterNickname><![CDATA[百米公子李]]>
    </OriginCreaterNickname>
    <OriginCreaterName><![CDATA[null]]>
    </OriginCreaterName>
    <OriginCreaterIcon>1316918342</OriginCreaterIcon>
    <ThumbnailId>1413763799</ThumbnailId>
    <Distance>10014.0</Distance>
    <ElevationGain>765.1483049999999</ElevationGain>
    <ElevationLoss>756.1548530000002</ElevationLoss>
    <SportAvgSpeed>0.7126584480129396</SportAvgSpeed>
  </extensions>
  <trk>
    <trkseg>
      <trkpt lat="29.35819" lon="119.350812">
        <ele>98.208553</ele>
        <time>2025-03-20T02:10:04Z</time>
        <speed>0.611194</speed>
      </trkpt>
      <trkpt lat="29.358261" lon="119.350807">
        <ele>99.187842</ele>
        <time>2025-03-20T02:12:12Z</time>
        <speed>0.856754</speed>
      </trkpt>
      <trkpt lat="29.358291" lon="119.350906">
        <ele>99.173832</ele>
        <time>2025-03-20T02:12:21Z</time>
        <speed>1.232612</speed>
      </trkpt>
      <trkpt lat="29.35838" lon="119.350949">
        <ele>99.180649</ele>
        <time>2025-03-20T02:14:18Z</time>
        <speed>2.17389</speed>
      </trkpt>
      <trkpt lat="29.358475" lon="119.350928">
        <ele>98.827752</ele>
        <time>2025-03-20T02:14:20Z</time>
        <speed>4.970154</speed>
      </trkpt>
      <trkpt lat="29.358602" lon="119.350884">
        <ele>99.36739</ele>
        <time>2025-03-20T02:14:22Z</time>
        <speed>6.913302</speed>
      </trkpt>
      <trkpt lat="29.358721" lon="119.350738">
        <ele>99.692662</ele>
        <time>2025-03-20T02:14:24Z</time>
        <speed>8.872309</speed>
      </trkpt>
      <trkpt lat="29.358795" lon="119.350668">
        <ele>99.498415</ele>
        <time>2025-03-20T02:14:25Z</time>
        <speed>9.822332</speed>
      </trkpt>
      <trkpt lat="29.358866" lon="119.350591">
        <ele>99.585117</ele>
        <time>2025-03-20T02:14:26Z</time>
        <speed>10.38498</speed>
      </trkpt>
      <trkpt lat="29.358935" lon="119.35051">
        <ele>99.45447</ele>
        <time>2025-03-20T02:14:27Z</time>
        <speed>10.693348</speed>
      </trkpt>
      <trkpt lat="29.35901" lon="119.350434">
        <ele>98.83349</ele>
        <time>2025-03-20T02:14:28Z</time>
        <speed>10.996032</speed>
      </trkpt>
      <trkpt lat="29.359079" lon="119.350351">
        <ele>98.860278</ele>
        <time>2025-03-20T02:14:29Z</time>
        <speed>11.160572</speed>
      </trkpt>
      <trkpt lat="29.359153" lon="119.350258">
        <ele>98.903176</ele>
        <time>2025-03-20T02:14:30Z</time>
        <speed>11.553779</speed>
      </trkpt>
      <trkpt lat="29.359222" lon="119.350161">
        <ele>99.172306</ele>
        <time>2025-03-20T02:14:31Z</time>
        <speed>11.81544</speed>
      </trkpt>
      <trkpt lat="29.359287" lon="119.350056">
        <ele>99.297889</ele>
        <time>2025-03-20T02:14:32Z</time>
        <speed>12.054735</speed>
      </trkpt>
      <trkpt lat="29.35935" lon="119.349945">
        <ele>99.55746</ele>
        <time>2025-03-20T02:14:33Z</time>
        <speed>12.244326</speed>
      </trkpt>
      <trkpt lat="29.359413" lon="119.34984">
        <ele>99.459269</ele>
        <time>2025-03-20T02:14:34Z</time>
        <speed>12.23885</speed>
      </trkpt>
      <trkpt lat="29.359476" lon="119.349731">
        <ele>99.734504</ele>
        <time>2025-03-20T02:14:35Z</time>
        <speed>12.40495</speed>
      </trkpt>
      <trkpt lat="29.359534" lon="119.349631">
        <ele>99.699364</ele>
        <time>2025-03-20T02:14:36Z</time>
        <speed>11.82189</speed>
      </trkpt>
      <trkpt lat="29.359593" lon="119.349534">
        <ele>99.289555</ele>
        <time>2025-03-20T02:14:37Z</time>
        <speed>11.539442</speed>
      </trkpt>
      <trkpt lat="29.359646" lon="119.34944">
        <ele>99.357295</ele>
        <time>2025-03-20T02:14:38Z</time>
        <speed>11.035954</speed>
      </trkpt>
      <trkpt lat="29.359701" lon="119.349347">
        <ele>98.905967</ele>
        <time>2025-03-20T02:14:39Z</time>
        <speed>10.858896</speed>
      </trkpt>
      <trkpt lat="29.359747" lon="119.349253">
        <ele>99.690427</ele>
        <time>2025-03-20T02:14:40Z</time>
        <speed>10.51117</speed>
      </trkpt>
      <trkpt lat="29.359832" lon="119.349112">
        <ele>99.995303</ele>
        <time>2025-03-20T02:14:42Z</time>
        <speed>8.084676</speed>
      </trkpt>
      <trkpt lat="29.35991" lon="119.348998">
        <ele>99.100562</ele>
        <time>2025-03-20T02:14:44Z</time>
        <speed>6.67865</speed>
      </trkpt>
      <trkpt lat="29.36" lon="119.348926">
        <ele>99.240293</ele>
        <time>2025-03-20T02:14:46Z</time>
        <speed>6.104297</speed>
      </trkpt>
      <trkpt lat="29.36009" lon="119.348867">
        <ele>99.074378</ele>
        <time>2025-03-20T02:14:48Z</time>
        <speed>5.821583</speed>
      </trkpt>
      <trkpt lat="29.360209" lon="119.348784">
        <ele>99.521914</ele>
        <time>2025-03-20T02:14:51Z</time>
        <speed>5.286949</speed>
      </trkpt>
      <trkpt lat="29.36029" lon="119.348723">
        <ele>99.989279</ele>
        <time>2025-03-20T02:14:53Z</time>
        <speed>5.407599</speed>
      </trkpt>
      <trkpt lat="29.360382" lon="119.348657">
        <ele>99.677231</ele>
        <time>2025-03-20T02:14:56Z</time>
        <speed>3.571392</speed>
      </trkpt>
      <trkpt lat="29.360398" lon="119.348552">
        <ele>100.149157</ele>
        <time>2025-03-20T02:15:00Z</time>
        <speed>2.28356</speed>
      </trkpt>
      <trkpt lat="29.360421" lon="119.348447">
        <ele>100.304746</ele>
        <time>2025-03-20T02:15:05Z</time>
        <speed>2.290824</speed>
      </trkpt>
      <trkpt lat="29.360526" lon="119.348408">
        <ele>100.621627</ele>
        <time>2025-03-20T02:15:10Z</time>
        <speed>2.404059</speed>
      </trkpt>
      <trkpt lat="29.360586" lon="119.348486">
        <ele>99.755467</ele>
        <time>2025-03-20T02:15:59Z</time>
        <speed>0.95505</speed>
      </trkpt>
      <trkpt lat="29.360629" lon="119.348582">
        <ele>100.361636</ele>
        <time>2025-03-20T02:16:11Z</time>
        <speed>0.902081</speed>
      </trkpt>
      <trkpt lat="29.360717" lon="119.348559">
        <ele>101.069657</ele>
        <time>2025-03-20T02:16:22Z</time>
        <speed>0.883717</speed>
      </trkpt>
      <trkpt lat="29.36081" lon="119.348557">
        <ele>103.847808</ele>
        <time>2025-03-20T02:16:33Z</time>
        <speed>1.116551</speed>
      </trkpt>
      <trkpt lat="29.360902" lon="119.348532">
        <ele>102.749148</ele>
        <time>2025-03-20T02:16:44Z</time>
        <speed>0.918365</speed>
      </trkpt>
      <trkpt lat="29.361001" lon="119.348535">
        <ele>101.31572</ele>
        <time>2025-03-20T02:16:54Z</time>
        <speed>0.844006</speed>
      </trkpt>
      <trkpt lat="29.361091" lon="119.348518">
        <ele>101.745617</ele>
        <time>2025-03-20T02:17:04Z</time>
        <speed>0.858813</speed>
      </trkpt>
      <trkpt lat="29.361187" lon="119.348517">
        <ele>101.999244</ele>
        <time>2025-03-20T02:17:13Z</time>
        <speed>1.040965</speed>
      </trkpt>
      <trkpt lat="29.36128" lon="119.348497">
        <ele>104.296134</ele>
        <time>2025-03-20T02:17:23Z</time>
        <speed>0.926055</speed>
      </trkpt>
      <trkpt lat="29.361374" lon="119.348476">
        <ele>104.534595</ele>
        <time>2025-03-20T02:17:32Z</time>
        <speed>1.044805</speed>
      </trkpt>
      <trkpt lat="29.361472" lon="119.348472">
        <ele>104.530005</ele>
        <time>2025-03-20T02:17:41Z</time>
        <speed>1.0881</speed>
      </trkpt>
      <trkpt lat="29.361566" lon="119.348459">
        <ele>104.424708</ele>
        <time>2025-03-20T02:17:50Z</time>
        <speed>1.284573</speed>
      </trkpt>
      <trkpt lat="29.361659" lon="119.348459">
        <ele>104.207166</ele>
        <time>2025-03-20T02:17:58Z</time>
        <speed>1.107461</speed>
      </trkpt>
      <trkpt lat="29.361748" lon="119.348438">
        <ele>102.868111</ele>
        <time>2025-03-20T02:18:06Z</time>
        <speed>1.175665</speed>
      </trkpt>
      <trkpt lat="29.361842" lon="119.348419">
        <ele>103.219589</ele>
        <time>2025-03-20T02:18:15Z</time>
        <speed>1.145964</speed>
      </trkpt>
      <trkpt lat="29.361933" lon="119.348417">
        <ele>102.449327</ele>
        <time>2025-03-20T02:18:23Z</time>
        <speed>1.10656</speed>
      </trkpt>
      <trkpt lat="29.362034" lon="119.348427">
        <ele>102.62956</ele>
        <time>2025-03-20T02:18:32Z</time>
        <speed>1.239377</speed>
      </trkpt>
      <trkpt lat="29.362135" lon="119.348424">
        <ele>102.974326</ele>
        <time>2025-03-20T02:18:40Z</time>
        <speed>1.402246</speed>
      </trkpt>
      <trkpt lat="29.362268" lon="119.348398">
        <ele>98.797396</ele>
        <time>2025-03-20T02:18:48Z</time>
        <speed>1.35</speed>
      </trkpt>
      <trkpt lat="29.36236" lon="119.348438">
        <ele>100.963473</ele>
        <time>2025-03-20T02:19:04Z</time>
        <speed>1.36</speed>
      </trkpt>
      <trkpt lat="29.362435" lon="119.348497">
        <ele>103.700141</ele>
        <time>2025-03-20T02:19:14Z</time>
        <speed>1.117732</speed>
      </trkpt>
      <trkpt lat="29.362521" lon="119.348553">
        <ele>102.586198</ele>
        <time>2025-03-20T02:19:21Z</time>
        <speed>1.632843</speed>
      </trkpt>
      <trkpt lat="29.362606" lon="119.348603">
        <ele>103.009026</ele>
        <time>2025-03-20T02:19:29Z</time>
        <speed>1.262111</speed>
      </trkpt>
      <trkpt lat="29.362696" lon="119.348637">
        <ele>103.723245</ele>
        <time>2025-03-20T02:19:37Z</time>
        <speed>1.043029</speed>
      </trkpt>
      <trkpt lat="29.362771" lon="119.348698">
        <ele>102.199915</ele>
        <time>2025-03-20T02:19:45Z</time>
        <speed>1.397432</speed>
      </trkpt>
      <trkpt lat="29.362852" lon="119.34876">
        <ele>100.759316</ele>
        <time>2025-03-20T02:19:54Z</time>
        <speed>1.077513</speed>
      </trkpt>
      <trkpt lat="29.362929" lon="119.348823">
        <ele>101.268029</ele>
        <time>2025-03-20T02:20:03Z</time>
        <speed>0.757387</speed>
      </trkpt>
      <trkpt lat="29.362995" lon="119.348894">
        <ele>101.475733</ele>
        <time>2025-03-20T02:20:12Z</time>
        <speed>0.936769</speed>
      </trkpt>
      <trkpt lat="29.363055" lon="119.348977">
        <ele>102.225924</ele>
        <time>2025-03-20T02:20:21Z</time>
        <speed>1.10867</speed>
      </trkpt>
      <trkpt lat="29.363114" lon="119.349056">
        <ele>103.50669</ele>
        <time>2025-03-20T02:20:28Z</time>
        <speed>1.271518</speed>
      </trkpt>
      <trkpt lat="29.363174" lon="119.349154">
        <ele>106.345509</ele>
        <time>2025-03-20T02:20:37Z</time>
        <speed>1.273923</speed>
      </trkpt>
      <trkpt lat="29.363238" lon="119.349233">
        <ele>104.831982</ele>
        <time>2025-03-20T02:20:45Z</time>
        <speed>1.103692</speed>
      </trkpt>
      <trkpt lat="29.3633" lon="119.349325">
        <ele>103.50817</ele>
        <time>2025-03-20T02:20:53Z</time>
        <speed>1.703696</speed>
      </trkpt>
      <trkpt lat="29.363378" lon="119.349406">
        <ele>103.226186</ele>
        <time>2025-03-20T02:20:58Z</time>
        <speed>1.326604</speed>
      </trkpt>
      <trkpt lat="29.363431" lon="119.3495">
        <ele>103.077315</ele>
        <time>2025-03-20T02:21:06Z</time>
        <speed>1.132235</speed>
      </trkpt>
      <trkpt lat="29.363497" lon="119.349589">
        <ele>105.109025</ele>
        <time>2025-03-20T02:21:14Z</time>
        <speed>1.446809</speed>
      </trkpt>
      <trkpt lat="29.363573" lon="119.349651">
        <ele>106.609011</ele>
        <time>2025-03-20T02:21:26Z</time>
        <speed>1.31415</speed>
      </trkpt>
      <trkpt lat="29.363671" lon="119.349684">
        <ele>106.185897</ele>
        <time>2025-03-20T02:21:34Z</time>
        <speed>1.401632</speed>
      </trkpt>
      <trkpt lat="29.363705" lon="119.349786">
        <ele>104.819302</ele>
        <time>2025-03-20T02:21:46Z</time>
        <speed>1.027015</speed>
      </trkpt>
      <trkpt lat="29.363694" lon="119.349897">
        <ele>104.165962</ele>
        <time>2025-03-20T02:21:55Z</time>
        <speed>1.137139</speed>
      </trkpt>
      <trkpt lat="29.363693" lon="119.350005">
        <ele>104.709677</ele>
        <time>2025-03-20T02:22:04Z</time>
        <speed>1.136508</speed>
      </trkpt>
      <trkpt lat="29.363673" lon="119.350119">
        <ele>103.886051</ele>
        <time>2025-03-20T02:22:14Z</time>
        <speed>1.168646</speed>
      </trkpt>
      <trkpt lat="29.363657" lon="119.350223">
        <ele>105.207739</ele>
        <time>2025-03-20T02:22:23Z</time>
        <speed>1.174369</speed>
      </trkpt>
      <trkpt lat="29.363657" lon="119.350329">
        <ele>105.594449</ele>
        <time>2025-03-20T02:22:31Z</time>
        <speed>1.111132</speed>
      </trkpt>
      <trkpt lat="29.363662" lon="119.350443">
        <ele>107.788863</ele>
        <time>2025-03-20T02:22:43Z</time>
        <speed>1.105868</speed>
      </trkpt>
      <trkpt lat="29.363679" lon="119.350551">
        <ele>108.580987</ele>
        <time>2025-03-20T02:22:52Z</time>
        <speed>0.981994</speed>
      </trkpt>
      <trkpt lat="29.363695" lon="119.350654">
        <ele>110.12416</ele>
        <time>2025-03-20T02:23:01Z</time>
        <speed>1.078611</speed>
      </trkpt>
      <trkpt lat="29.363705" lon="119.350765">
        <ele>110.237067</ele>
        <time>2025-03-20T02:23:11Z</time>
        <speed>1.088348</speed>
      </trkpt>
      <trkpt lat="29.363729" lon="119.350872">
        <ele>111.894909</ele>
        <time>2025-03-20T02:23:20Z</time>
        <speed>1.108049</speed>
      </trkpt>
      <trkpt lat="29.363776" lon="119.350976">
        <ele>111.390084</ele>
        <time>2025-03-20T02:23:31Z</time>
        <speed>1.293996</speed>
      </trkpt>
      <trkpt lat="29.363825" lon="119.351064">
        <ele>111.467512</ele>
        <time>2025-03-20T02:23:46Z</time>
        <speed>1.339965</speed>
      </trkpt>
      <trkpt lat="29.363878" lon="119.351163">
        <ele>113.325805</ele>
        <time>2025-03-20T02:23:55Z</time>
        <speed>1.310823</speed>
      </trkpt>
      <trkpt lat="29.363943" lon="119.351248">
        <ele>113.299401</ele>
        <time>2025-03-20T02:24:04Z</time>
        <speed>1.109675</speed>
      </trkpt>
      <trkpt lat="29.364016" lon="119.351326">
        <ele>114.661451</ele>
        <time>2025-03-20T02:24:12Z</time>
        <speed>1.371021</speed>
      </trkpt>
      <trkpt lat="29.364081" lon="119.35141">
        <ele>115.040456</ele>
        <time>2025-03-20T02:24:21Z</time>
        <speed>1.314501</speed>
      </trkpt>
      <trkpt lat="29.364146" lon="119.351499">
        <ele>115.337286</ele>
        <time>2025-03-20T02:24:30Z</time>
        <speed>1.381937</speed>
      </trkpt>
      <trkpt lat="29.364198" lon="119.351595">
        <ele>116.03099</ele>
        <time>2025-03-20T02:24:39Z</time>
        <speed>1.241934</speed>
      </trkpt>
      <trkpt lat="29.364232" lon="119.351696">
        <ele>115.688769</ele>
        <time>2025-03-20T02:24:53Z</time>
        <speed>1.124192</speed>
      </trkpt>
      <trkpt lat="29.364276" lon="119.351798">
        <ele>116.196917</ele>
        <time>2025-03-20T02:25:02Z</time>
        <speed>1.194761</speed>
      </trkpt>
      <trkpt lat="29.364326" lon="119.351889">
        <ele>115.403948</ele>
        <time>2025-03-20T02:28:10Z</time>
        <speed>1.146139</speed>
      </trkpt>
      <trkpt lat="29.364353" lon="119.352">
        <ele>114.873879</ele>
        <time>2025-03-20T02:28:21Z</time>
        <speed>1.026872</speed>
      </trkpt>
      <trkpt lat="29.364389" lon="119.352102">
        <ele>114.942198</ele>
        <time>2025-03-20T02:28:31Z</time>
        <speed>0.958662</speed>
      </trkpt>
      <trkpt lat="29.364421" lon="119.352199">
        <ele>115.11607</ele>
        <time>2025-03-20T02:28:40Z</time>
        <speed>1.019225</speed>
      </trkpt>
      <trkpt lat="29.364452" lon="119.352297">
        <ele>115.765506</ele>
        <time>2025-03-20T02:28:49Z</time>
        <speed>0.912994</speed>
      </trkpt>
      <trkpt lat="29.364499" lon="119.352398">
        <ele>116.737204</ele>
        <time>2025-03-20T02:28:59Z</time>
        <speed>1.282815</speed>
      </trkpt>
      <trkpt lat="29.364555" lon="119.352485">
        <ele>118.453169</ele>
        <time>2025-03-20T02:29:09Z</time>
        <speed>0.902962</speed>
      </trkpt>
      <trkpt lat="29.364604" lon="119.352586">
        <ele>120.114944</ele>
        <time>2025-03-20T02:29:19Z</time>
        <speed>1.183537</speed>
      </trkpt>
      <trkpt lat="29.364661" lon="119.352679">
        <ele>120.77376</ele>
        <time>2025-03-20T02:29:29Z</time>
        <speed>1.03614</speed>
      </trkpt>
      <trkpt lat="29.364727" lon="119.35275">
        <ele>120.365303</ele>
        <time>2025-03-20T02:29:39Z</time>
        <speed>1.046237</speed>
      </trkpt>
      <trkpt lat="29.364794" lon="119.352828">
        <ele>119.518611</ele>
        <time>2025-03-20T02:29:50Z</time>
        <speed>0.88166</speed>
      </trkpt>
      <trkpt lat="29.364846" lon="119.352912">
        <ele>119.166515</ele>
        <time>2025-03-20T02:30:01Z</time>
        <speed>0.922036</speed>
      </trkpt>
      <trkpt lat="29.364904" lon="119.352997">
        <ele>122.675254</ele>
        <time>2025-03-20T02:30:11Z</time>
        <speed>0.912165</speed>
      </trkpt>
      <trkpt lat="29.364964" lon="119.353077">
        <ele>124.798338</ele>
        <time>2025-03-20T02:30:22Z</time>
        <speed>0.912318</speed>
      </trkpt>
      <trkpt lat="29.365027" lon="119.353162">
        <ele>126.531511</ele>
        <time>2025-03-20T02:30:32Z</time>
        <speed>1.280312</speed>
      </trkpt>
      <trkpt lat="29.365101" lon="119.353234">
        <ele>127.732076</ele>
        <time>2025-03-20T02:30:43Z</time>
        <speed>1.01878</speed>
      </trkpt>
      <trkpt lat="29.365176" lon="119.353303">
        <ele>129.222092</ele>
        <time>2025-03-20T02:30:53Z</time>
        <speed>1.187836</speed>
      </trkpt>
      <trkpt lat="29.365254" lon="119.353366">
        <ele>129.625036</ele>
        <time>2025-03-20T02:31:06Z</time>
        <speed>0.905781</speed>
      </trkpt>
      <trkpt lat="29.36532" lon="119.353443">
        <ele>129.988206</ele>
        <time>2025-03-20T02:31:15Z</time>
        <speed>1.055675</speed>
      </trkpt>
      <trkpt lat="29.365385" lon="119.353517">
        <ele>131.351422</ele>
        <time>2025-03-20T02:31:24Z</time>
        <speed>0.796226</speed>
      </trkpt>
      <trkpt lat="29.365454" lon="119.353588">
        <ele>133.977241</ele>
        <time>2025-03-20T02:31:32Z</time>
        <speed>1.144023</speed>
      </trkpt>
      <trkpt lat="29.365528" lon="119.353664">
        <ele>133.739821</ele>
        <time>2025-03-20T02:31:41Z</time>
        <speed>1.254705</speed>
      </trkpt>
      <trkpt lat="29.365595" lon="119.353734">
        <ele>136.680396</ele>
        <time>2025-03-20T02:31:50Z</time>
        <speed>1.152116</speed>
      </trkpt>
      <trkpt lat="29.365675" lon="119.353793">
        <ele>138.961069</ele>
        <time>2025-03-20T02:32:00Z</time>
        <speed>1.140958</speed>
      </trkpt>
      <trkpt lat="29.365761" lon="119.353841">
        <ele>139.54556</ele>
        <time>2025-03-20T02:32:10Z</time>
        <speed>1.016203</speed>
      </trkpt>
      <trkpt lat="29.365846" lon="119.35391">
        <ele>140.54998</ele>
        <time>2025-03-20T02:32:30Z</time>
        <speed>1.094435</speed>
      </trkpt>
      <trkpt lat="29.36593" lon="119.353969">
        <ele>140.636748</ele>
        <time>2025-03-20T02:32:39Z</time>
        <speed>1.026129</speed>
      </trkpt>
      <trkpt lat="29.366009" lon="119.354023">
        <ele>140.112148</ele>
        <time>2025-03-20T02:32:47Z</time>
        <speed>0.947406</speed>
      </trkpt>
      <trkpt lat="29.366074" lon="119.354105">
        <ele>140.368671</ele>
        <time>2025-03-20T02:32:57Z</time>
        <speed>0.770272</speed>
      </trkpt>
      <trkpt lat="29.366165" lon="119.354138">
        <ele>142.783089</ele>
        <time>2025-03-20T02:33:08Z</time>
        <speed>1.021412</speed>
      </trkpt>
      <trkpt lat="29.366246" lon="119.354196">
        <ele>143.432648</ele>
        <time>2025-03-20T02:33:17Z</time>
        <speed>1.163022</speed>
      </trkpt>
      <trkpt lat="29.366326" lon="119.354262">
        <ele>144.249625</ele>
        <time>2025-03-20T02:33:27Z</time>
        <speed>1.324709</speed>
      </trkpt>
      <trkpt lat="29.366416" lon="119.354289">
        <ele>144.50703</ele>
        <time>2025-03-20T02:33:36Z</time>
        <speed>1.049599</speed>
      </trkpt>
      <trkpt lat="29.366512" lon="119.354314">
        <ele>145.425109</ele>
        <time>2025-03-20T02:33:45Z</time>
        <speed>1.151033</speed>
      </trkpt>
      <trkpt lat="29.3666" lon="119.354349">
        <ele>146.705118</ele>
        <time>2025-03-20T02:33:54Z</time>
        <speed>1.157314</speed>
      </trkpt>
      <trkpt lat="29.366694" lon="119.354378">
        <ele>147.410565</ele>
        <time>2025-03-20T02:34:02Z</time>
        <speed>1.191559</speed>
      </trkpt>
      <trkpt lat="29.366793" lon="119.354385">
        <ele>149.081387</ele>
        <time>2025-03-20T02:34:11Z</time>
        <speed>1.248492</speed>
      </trkpt>
      <trkpt lat="29.366886" lon="119.354412">
        <ele>150.423342</ele>
        <time>2025-03-20T02:34:22Z</time>
        <speed>0.878406</speed>
      </trkpt>
      <trkpt lat="29.366977" lon="119.354396">
        <ele>151.550586</ele>
        <time>2025-03-20T02:34:30Z</time>
        <speed>1.239103</speed>
      </trkpt>
      <trkpt lat="29.367072" lon="119.354402">
        <ele>151.90367</ele>
        <time>2025-03-20T02:34:40Z</time>
        <speed>1.071481</speed>
      </trkpt>
      <trkpt lat="29.36717" lon="119.354388">
        <ele>151.996417</ele>
        <time>2025-03-20T02:34:49Z</time>
        <speed>1.223473</speed>
      </trkpt>
      <trkpt lat="29.367262" lon="119.354366">
        <ele>153.588006</ele>
        <time>2025-03-20T02:34:58Z</time>
        <speed>1.135244</speed>
      </trkpt>
      <trkpt lat="29.367355" lon="119.354348">
        <ele>156.717995</ele>
        <time>2025-03-20T02:35:36Z</time>
        <speed>1.166401</speed>
      </trkpt>
      <trkpt lat="29.367453" lon="119.354345">
        <ele>155.405897</ele>
        <time>2025-03-20T02:35:46Z</time>
        <speed>0.998438</speed>
      </trkpt>
      <trkpt lat="29.367539" lon="119.354309">
        <ele>153.963081</ele>
        <time>2025-03-20T02:35:55Z</time>
        <speed>0.825538</speed>
      </trkpt>
      <trkpt lat="29.367581" lon="119.354209">
        <ele>152.384083</ele>
        <time>2025-03-20T02:36:19Z</time>
        <speed>1.29409</speed>
      </trkpt>
      <trkpt lat="29.367601" lon="119.354098">
        <ele>153.579496</ele>
        <time>2025-03-20T02:36:28Z</time>
        <speed>1.17183</speed>
      </trkpt>
      <trkpt lat="29.367616" lon="119.353986">
        <ele>153.346114</ele>
        <time>2025-03-20T02:36:36Z</time>
        <speed>1.232415</speed>
      </trkpt>
      <trkpt lat="29.367626" lon="119.353875">
        <ele>153.710275</ele>
        <time>2025-03-20T02:36:45Z</time>
        <speed>1.372835</speed>
      </trkpt>
      <trkpt lat="29.367628" lon="119.35376">
        <ele>153.640772</ele>
        <time>2025-03-20T02:36:54Z</time>
        <speed>1.368397</speed>
      </trkpt>
      <trkpt lat="29.367625" lon="119.353651">
        <ele>153.860909</ele>
        <time>2025-03-20T02:37:05Z</time>
        <speed>1.245366</speed>
      </trkpt>
      <trkpt lat="29.367612" lon="119.353548">
        <ele>153.476473</ele>
        <time>2025-03-20T02:37:14Z</time>
        <speed>1.227173</speed>
      </trkpt>
      <trkpt lat="29.367609" lon="119.353434">
        <ele>153.309049</ele>
        <time>2025-03-20T02:37:24Z</time>
        <speed>1.07504</speed>
      </trkpt>
      <trkpt lat="29.367601" lon="119.353328">
        <ele>153.367667</ele>
        <time>2025-03-20T02:37:34Z</time>
        <speed>0.767647</speed>
      </trkpt>
      <trkpt lat="29.367609" lon="119.353211">
        <ele>152.919905</ele>
        <time>2025-03-20T02:37:44Z</time>
        <speed>1.394012</speed>
      </trkpt>
      <trkpt lat="29.367604" lon="119.353105">
        <ele>152.781516</ele>
        <time>2025-03-20T02:37:55Z</time>
        <speed>0.789502</speed>
      </trkpt>
      <trkpt lat="29.367613" lon="119.352994">
        <ele>151.791053</ele>
        <time>2025-03-20T02:38:08Z</time>
        <speed>1.578826</speed>
      </trkpt>
      <trkpt lat="29.367593" lon="119.352884">
        <ele>152.095168</ele>
        <time>2025-03-20T02:38:17Z</time>
        <speed>1.267718</speed>
      </trkpt>
      <trkpt lat="29.367585" lon="119.352778">
        <ele>153.051857</ele>
        <time>2025-03-20T02:38:26Z</time>
        <speed>1.155721</speed>
      </trkpt>
      <trkpt lat="29.367578" lon="119.352668">
        <ele>153.550529</ele>
        <time>2025-03-20T02:38:35Z</time>
        <speed>1.188784</speed>
      </trkpt>
      <trkpt lat="29.367589" lon="119.35256">
        <ele>154.312835</ele>
        <time>2025-03-20T02:38:44Z</time>
        <speed>1.126309</speed>
      </trkpt>
      <trkpt lat="29.367585" lon="119.352454">
        <ele>153.909145</ele>
        <time>2025-03-20T02:38:53Z</time>
        <speed>1.161745</speed>
      </trkpt>
      <trkpt lat="29.36759" lon="119.352339">
        <ele>154.19061</ele>
        <time>2025-03-20T02:39:03Z</time>
        <speed>1.199005</speed>
      </trkpt>
      <trkpt lat="29.367587" lon="119.352225">
        <ele>154.715023</ele>
        <time>2025-03-20T02:39:13Z</time>
        <speed>1.108511</speed>
      </trkpt>
      <trkpt lat="29.367572" lon="119.352113">
        <ele>155.158788</ele>
        <time>2025-03-20T02:39:23Z</time>
        <speed>1.023171</speed>
      </trkpt>
      <trkpt lat="29.367579" lon="119.352008">
        <ele>154.944721</ele>
        <time>2025-03-20T02:39:32Z</time>
        <speed>1.144853</speed>
      </trkpt>
      <trkpt lat="29.367553" lon="119.351905">
        <ele>155.044207</ele>
        <time>2025-03-20T02:39:41Z</time>
        <speed>1.004409</speed>
      </trkpt>
      <trkpt lat="29.367559" lon="119.351797">
        <ele>154.417029</ele>
        <time>2025-03-20T02:39:50Z</time>
        <speed>1.255936</speed>
      </trkpt>
      <trkpt lat="29.367556" lon="119.351688">
        <ele>153.867831</ele>
        <time>2025-03-20T02:39:59Z</time>
        <speed>1.212367</speed>
      </trkpt>
      <trkpt lat="29.36755" lon="119.351575">
        <ele>154.690121</ele>
        <time>2025-03-20T02:40:08Z</time>
        <speed>1.254553</speed>
      </trkpt>
      <trkpt lat="29.367536" lon="119.351457">
        <ele>156.089383</ele>
        <time>2025-03-20T02:40:16Z</time>
        <speed>1.829572</speed>
      </trkpt>
      <trkpt lat="29.367521" lon="119.351352">
        <ele>155.600223</ele>
        <time>2025-03-20T02:40:26Z</time>
        <speed>1.175336</speed>
      </trkpt>
      <trkpt lat="29.367584" lon="119.351267">
        <ele>153.939585</ele>
        <time>2025-03-20T02:41:00Z</time>
        <speed>1.401747</speed>
      </trkpt>
      <trkpt lat="29.367673" lon="119.351233">
        <ele>154.738344</ele>
        <time>2025-03-20T02:41:09Z</time>
        <speed>1.361202</speed>
      </trkpt>
      <trkpt lat="29.367749" lon="119.351172">
        <ele>154.4098</ele>
        <time>2025-03-20T02:41:17Z</time>
        <speed>1.29961</speed>
      </trkpt>
      <trkpt lat="29.367821" lon="119.351109">
        <ele>154.300922</ele>
        <time>2025-03-20T02:41:25Z</time>
        <speed>1.275521</speed>
      </trkpt>
      <trkpt lat="29.367902" lon="119.351058">
        <ele>154.476361</ele>
        <time>2025-03-20T02:41:33Z</time>
        <speed>1.319698</speed>
      </trkpt>
      <trkpt lat="29.367992" lon="119.351021">
        <ele>153.2074</ele>
        <time>2025-03-20T02:41:40Z</time>
        <speed>1.360328</speed>
      </trkpt>
      <trkpt lat="29.368074" lon="119.350973">
        <ele>153.055006</ele>
        <time>2025-03-20T02:41:48Z</time>
        <speed>1.365965</speed>
      </trkpt>
      <trkpt lat="29.36814" lon="119.350876">
        <ele>151.856688</ele>
        <time>2025-03-20T02:41:56Z</time>
        <speed>1.618818</speed>
      </trkpt>
      <trkpt lat="29.368221" lon="119.350805">
        <ele>151.863295</ele>
        <time>2025-03-20T02:42:05Z</time>
        <speed>1.215015</speed>
      </trkpt>
      <trkpt lat="29.368296" lon="119.350716">
        <ele>153.156315</ele>
        <time>2025-03-20T02:42:13Z</time>
        <speed>1.536931</speed>
      </trkpt>
      <trkpt lat="29.368382" lon="119.350649">
        <ele>154.749663</ele>
        <time>2025-03-20T02:42:23Z</time>
        <speed>1.304501</speed>
      </trkpt>
      <trkpt lat="29.368453" lon="119.350578">
        <ele>154.385762</ele>
        <time>2025-03-20T02:42:30Z</time>
        <speed>1.49203</speed>
      </trkpt>
      <trkpt lat="29.368531" lon="119.350518">
        <ele>155.529356</ele>
        <time>2025-03-20T02:42:39Z</time>
        <speed>0.969777</speed>
      </trkpt>
      <trkpt lat="29.368624" lon="119.350483">
        <ele>154.52096</ele>
        <time>2025-03-20T02:42:47Z</time>
        <speed>1.339215</speed>
      </trkpt>
      <trkpt lat="29.368712" lon="119.350452">
        <ele>155.470159</ele>
        <time>2025-03-20T02:42:55Z</time>
        <speed>1.021506</speed>
      </trkpt>
      <trkpt lat="29.368811" lon="119.35045">
        <ele>156.655854</ele>
        <time>2025-03-20T02:43:03Z</time>
        <speed>1.885277</speed>
      </trkpt>
      <trkpt lat="29.368901" lon="119.350455">
        <ele>156.302531</ele>
        <time>2025-03-20T02:43:13Z</time>
        <speed>1.216492</speed>
      </trkpt>
      <trkpt lat="29.368994" lon="119.350477">
        <ele>157.352463</ele>
        <time>2025-03-20T02:43:21Z</time>
        <speed>1.439108</speed>
      </trkpt>
      <trkpt lat="29.369028" lon="119.350577">
        <ele>155.795036</ele>
        <time>2025-03-20T02:43:29Z</time>
        <speed>1.211632</speed>
      </trkpt>
      <trkpt lat="29.369128" lon="119.350588">
        <ele>155.854218</ele>
        <time>2025-03-20T02:43:39Z</time>
        <speed>0.966748</speed>
      </trkpt>
      <trkpt lat="29.369223" lon="119.350553">
        <ele>156.156765</ele>
        <time>2025-03-20T02:43:50Z</time>
        <speed>1.21264</speed>
      </trkpt>
      <trkpt lat="29.369325" lon="119.350524">
        <ele>154.47743</ele>
        <time>2025-03-20T02:44:00Z</time>
        <speed>1.482937</speed>
      </trkpt>
      <trkpt lat="29.369424" lon="119.350528">
        <ele>154.240863</ele>
        <time>2025-03-20T02:44:10Z</time>
        <speed>1.177633</speed>
      </trkpt>
      <trkpt lat="29.369516" lon="119.350508">
        <ele>152.506355</ele>
        <time>2025-03-20T02:44:20Z</time>
        <speed>0.944089</speed>
      </trkpt>
      <trkpt lat="29.369593" lon="119.350451">
        <ele>152.101678</ele>
        <time>2025-03-20T02:44:30Z</time>
        <speed>0.971612</speed>
      </trkpt>
      <trkpt lat="29.369665" lon="119.350388">
        <ele>151.920162</ele>
        <time>2025-03-20T02:44:43Z</time>
        <speed>0.734955</speed>
      </trkpt>
      <trkpt lat="29.369727" lon="119.350306">
        <ele>150.683801</ele>
        <time>2025-03-20T02:45:14Z</time>
        <speed>0.819924</speed>
      </trkpt>
      <trkpt lat="29.369797" lon="119.350236">
        <ele>152.711513</ele>
        <time>2025-03-20T02:45:26Z</time>
        <speed>0.842988</speed>
      </trkpt>
      <trkpt lat="29.369875" lon="119.350171">
        <ele>154.29723</ele>
        <time>2025-03-20T02:45:35Z</time>
        <speed>1.288573</speed>
      </trkpt>
      <trkpt lat="29.369932" lon="119.350255">
        <ele>156.45241</ele>
        <time>2025-03-20T02:45:44Z</time>
        <speed>0.701735</speed>
      </trkpt>
      <trkpt lat="29.369948" lon="119.35037">
        <ele>155.111277</ele>
        <time>2025-03-20T02:45:51Z</time>
        <speed>1.512352</speed>
      </trkpt>
      <trkpt lat="29.370039" lon="119.350419">
        <ele>156.524527</ele>
        <time>2025-03-20T02:46:02Z</time>
        <speed>1.168168</speed>
      </trkpt>
      <trkpt lat="29.370136" lon="119.350402">
        <ele>155.304341</ele>
        <time>2025-03-20T02:46:15Z</time>
        <speed>1.788896</speed>
      </trkpt>
      <trkpt lat="29.370222" lon="119.35034">
        <ele>154.300482</ele>
        <time>2025-03-20T02:46:26Z</time>
        <speed>0.900846</speed>
      </trkpt>
      <trkpt lat="29.370307" lon="119.350298">
        <ele>155.51351</ele>
        <time>2025-03-20T02:46:35Z</time>
        <speed>1.109969</speed>
      </trkpt>
      <trkpt lat="29.370399" lon="119.350246">
        <ele>155.3588</ele>
        <time>2025-03-20T02:46:44Z</time>
        <speed>1.506284</speed>
      </trkpt>
      <trkpt lat="29.370465" lon="119.35017">
        <ele>155.151398</ele>
        <time>2025-03-20T02:46:55Z</time>
        <speed>0.332609</speed>
      </trkpt>
      <trkpt lat="29.370553" lon="119.350147">
        <ele>155.729295</ele>
        <time>2025-03-20T02:47:04Z</time>
        <speed>0.999931</speed>
      </trkpt>
      <trkpt lat="29.37061" lon="119.350237">
        <ele>155.726027</ele>
        <time>2025-03-20T02:47:14Z</time>
        <speed>0.729613</speed>
      </trkpt>
      <trkpt lat="29.370698" lon="119.350259">
        <ele>154.390109</ele>
        <time>2025-03-20T02:47:23Z</time>
        <speed>0.847028</speed>
      </trkpt>
      <trkpt lat="29.37079" lon="119.350254">
        <ele>154.569489</ele>
        <time>2025-03-20T02:47:34Z</time>
        <speed>0.545054</speed>
      </trkpt>
      <trkpt lat="29.370881" lon="119.350267">
        <ele>153.422903</ele>
        <time>2025-03-20T02:47:44Z</time>
        <speed>1.171963</speed>
      </trkpt>
      <trkpt lat="29.370971" lon="119.350211">
        <ele>153.266723</ele>
        <time>2025-03-20T02:47:55Z</time>
        <speed>1.118022</speed>
      </trkpt>
      <trkpt lat="29.371061" lon="119.350218">
        <ele>153.763035</ele>
        <time>2025-03-20T02:48:03Z</time>
        <speed>1.444112</speed>
      </trkpt>
      <trkpt lat="29.371155" lon="119.35023">
        <ele>153.3745</ele>
        <time>2025-03-20T02:48:12Z</time>
        <speed>1.219958</speed>
      </trkpt>
      <trkpt lat="29.371246" lon="119.350236">
        <ele>156.146223</ele>
        <time>2025-03-20T02:48:25Z</time>
        <speed>0.733272</speed>
      </trkpt>
      <trkpt lat="29.371339" lon="119.350239">
        <ele>157.624387</ele>
        <time>2025-03-20T02:48:36Z</time>
        <speed>0.885339</speed>
      </trkpt>
      <trkpt lat="29.371429" lon="119.350261">
        <ele>158.216484</ele>
        <time>2025-03-20T02:48:46Z</time>
        <speed>1.075518</speed>
      </trkpt>
      <trkpt lat="29.371525" lon="119.350278">
        <ele>158.439064</ele>
        <time>2025-03-20T02:48:55Z</time>
        <speed>1.15758</speed>
      </trkpt>
      <trkpt lat="29.371611" lon="119.350318">
        <ele>158.846961</ele>
        <time>2025-03-20T02:49:05Z</time>
        <speed>0.727785</speed>
      </trkpt>
      <trkpt lat="29.371701" lon="119.350374">
        <ele>157.390907</ele>
        <time>2025-03-20T02:49:16Z</time>
        <speed>1.257103</speed>
      </trkpt>
      <trkpt lat="29.371792" lon="119.350414">
        <ele>157.43279</ele>
        <time>2025-03-20T02:49:26Z</time>
        <speed>1.179835</speed>
      </trkpt>
      <trkpt lat="29.371894" lon="119.350421">
        <ele>156.143327</ele>
        <time>2025-03-20T02:49:34Z</time>
        <speed>2.529002</speed>
      </trkpt>
      <trkpt lat="29.371992" lon="119.350444">
        <ele>158.070459</ele>
        <time>2025-03-20T02:49:48Z</time>
        <speed>0.902954</speed>
      </trkpt>
      <trkpt lat="29.372078" lon="119.350478">
        <ele>159.553622</ele>
        <time>2025-03-20T02:49:58Z</time>
        <speed>1.206142</speed>
      </trkpt>
      <trkpt lat="29.372172" lon="119.350507">
        <ele>159.314926</ele>
        <time>2025-03-20T02:50:10Z</time>
        <speed>0.75108</speed>
      </trkpt>
      <trkpt lat="29.372259" lon="119.350538">
        <ele>160.196491</ele>
        <time>2025-03-20T02:50:19Z</time>
        <speed>0.748404</speed>
      </trkpt>
      <trkpt lat="29.372351" lon="119.35055">
        <ele>162.044307</ele>
        <time>2025-03-20T02:50:30Z</time>
        <speed>0.947531</speed>
      </trkpt>
      <trkpt lat="29.372443" lon="119.350584">
        <ele>163.962994</ele>
        <time>2025-03-20T02:50:41Z</time>
        <speed>0.652448</speed>
      </trkpt>
      <trkpt lat="29.372531" lon="119.350624">
        <ele>161.678153</ele>
        <time>2025-03-20T02:50:51Z</time>
        <speed>1.069749</speed>
      </trkpt>
      <trkpt lat="29.372626" lon="119.350662">
        <ele>160.414572</ele>
        <time>2025-03-20T02:51:03Z</time>
        <speed>0.922156</speed>
      </trkpt>
      <trkpt lat="29.372697" lon="119.350726">
        <ele>161.094999</ele>
        <time>2025-03-20T02:51:12Z</time>
        <speed>0.878648</speed>
      </trkpt>
      <trkpt lat="29.372769" lon="119.35079">
        <ele>162.032853</ele>
        <time>2025-03-20T02:51:22Z</time>
        <speed>0.815028</speed>
      </trkpt>
      <trkpt lat="29.372841" lon="119.350859">
        <ele>161.681548</ele>
        <time>2025-03-20T02:51:36Z</time>
        <speed>0.797297</speed>
      </trkpt>
      <trkpt lat="29.372881" lon="119.350955">
        <ele>160.245181</ele>
        <time>2025-03-20T02:51:44Z</time>
        <speed>1.135145</speed>
      </trkpt>
      <trkpt lat="29.372898" lon="119.351065">
        <ele>163.621376</ele>
        <time>2025-03-20T02:51:52Z</time>
        <speed>1.788224</speed>
      </trkpt>
      <trkpt lat="29.372975" lon="119.351009">
        <ele>161.270474</ele>
        <time>2025-03-20T02:52:04Z</time>
        <speed>0.481901</speed>
      </trkpt>
      <trkpt lat="29.373059" lon="119.350954">
        <ele>161.539903</ele>
        <time>2025-03-20T02:52:11Z</time>
        <speed>1.221996</speed>
      </trkpt>
      <trkpt lat="29.37314" lon="119.350906">
        <ele>159.225434</ele>
        <time>2025-03-20T02:52:22Z</time>
        <speed>0.453897</speed>
      </trkpt>
      <trkpt lat="29.373206" lon="119.350832">
        <ele>157.424284</ele>
        <time>2025-03-20T02:52:37Z</time>
        <speed>1.123835</speed>
      </trkpt>
      <trkpt lat="29.373306" lon="119.350803">
        <ele>155.27631</ele>
        <time>2025-03-20T02:52:47Z</time>
        <speed>1.201168</speed>
      </trkpt>
      <trkpt lat="29.373386" lon="119.350738">
        <ele>154.994611</ele>
        <time>2025-03-20T02:52:55Z</time>
        <speed>1.615029</speed>
      </trkpt>
      <trkpt lat="29.373476" lon="119.35072">
        <ele>154.372007</ele>
        <time>2025-03-20T02:53:04Z</time>
        <speed>0.933044</speed>
      </trkpt>
      <trkpt lat="29.373547" lon="119.350648">
        <ele>155.355629</ele>
        <time>2025-03-20T02:53:13Z</time>
        <speed>0.884285</speed>
      </trkpt>
      <trkpt lat="29.373648" lon="119.350659">
        <ele>157.215575</ele>
        <time>2025-03-20T02:53:22Z</time>
        <speed>1.243705</speed>
      </trkpt>
      <trkpt lat="29.373738" lon="119.350643">
        <ele>158.082744</ele>
        <time>2025-03-20T02:53:34Z</time>
        <speed>0.962609</speed>
      </trkpt>
      <trkpt lat="29.373838" lon="119.350615">
        <ele>155.724149</ele>
        <time>2025-03-20T02:53:43Z</time>
        <speed>1.249949</speed>
      </trkpt>
      <trkpt lat="29.373918" lon="119.350557">
        <ele>154.522811</ele>
        <time>2025-03-20T02:53:54Z</time>
        <speed>0.546247</speed>
      </trkpt>
      <trkpt lat="29.37399" lon="119.350491">
        <ele>154.687302</ele>
        <time>2025-03-20T02:54:03Z</time>
        <speed>0.833391</speed>
      </trkpt>
      <trkpt lat="29.374038" lon="119.350397">
        <ele>152.59188</ele>
        <time>2025-03-20T02:54:13Z</time>
        <speed>1.156677</speed>
      </trkpt>
      <trkpt lat="29.374097" lon="119.350313">
        <ele>152.343522</ele>
        <time>2025-03-20T02:54:21Z</time>
        <speed>1.066619</speed>
      </trkpt>
      <trkpt lat="29.374129" lon="119.350213">
        <ele>153.206546</ele>
        <time>2025-03-20T02:54:33Z</time>
        <speed>1.074319</speed>
      </trkpt>
      <trkpt lat="29.374219" lon="119.350206">
        <ele>156.024955</ele>
        <time>2025-03-20T02:54:55Z</time>
        <speed>0.633385</speed>
      </trkpt>
      <trkpt lat="29.374257" lon="119.350302">
        <ele>156.906967</ele>
        <time>2025-03-20T02:55:03Z</time>
        <speed>0.926661</speed>
      </trkpt>
      <trkpt lat="29.374267" lon="119.350407">
        <ele>159.1141</ele>
        <time>2025-03-20T02:55:21Z</time>
        <speed>0.981511</speed>
      </trkpt>
      <trkpt lat="29.374259" lon="119.350517">
        <ele>158.826054</ele>
        <time>2025-03-20T02:55:29Z</time>
        <speed>1.034796</speed>
      </trkpt>
      <trkpt lat="29.374279" lon="119.350618">
        <ele>158.297781</ele>
        <time>2025-03-20T02:55:36Z</time>
        <speed>1.438742</speed>
      </trkpt>
      <trkpt lat="29.374298" lon="119.350727">
        <ele>159.959946</ele>
        <time>2025-03-20T02:55:50Z</time>
        <speed>0.592994</speed>
      </trkpt>
      <trkpt lat="29.374274" lon="119.350831">
        <ele>159.906081</ele>
        <time>2025-03-20T02:56:00Z</time>
        <speed>0.8035</speed>
      </trkpt>
      <trkpt lat="29.374221" lon="119.350914">
        <ele>158.123113</ele>
        <time>2025-03-20T02:56:09Z</time>
        <speed>1.232802</speed>
      </trkpt>
      <trkpt lat="29.374161" lon="119.35101">
        <ele>156.165371</ele>
        <time>2025-03-20T02:56:20Z</time>
        <speed>1.291756</speed>
      </trkpt>
      <trkpt lat="29.374079" lon="119.351061">
        <ele>156.300424</ele>
        <time>2025-03-20T02:56:29Z</time>
        <speed>1.253058</speed>
      </trkpt>
      <trkpt lat="29.373999" lon="119.351113">
        <ele>154.04749</ele>
        <time>2025-03-20T02:56:39Z</time>
        <speed>1.428995</speed>
      </trkpt>
      <trkpt lat="29.373933" lon="119.351191">
        <ele>154.264409</ele>
        <time>2025-03-20T02:56:53Z</time>
        <speed>0.717344</speed>
      </trkpt>
      <trkpt lat="29.373887" lon="119.351281">
        <ele>154.648466</ele>
        <time>2025-03-20T02:57:03Z</time>
        <speed>0.937355</speed>
      </trkpt>
      <trkpt lat="29.373872" lon="119.351388">
        <ele>156.600512</ele>
        <time>2025-03-20T02:57:12Z</time>
        <speed>1.067182</speed>
      </trkpt>
      <trkpt lat="29.373872" lon="119.351495">
        <ele>157.379163</ele>
        <time>2025-03-20T02:57:23Z</time>
        <speed>0.943315</speed>
      </trkpt>
      <trkpt lat="29.373852" lon="119.351608">
        <ele>155.328328</ele>
        <time>2025-03-20T02:57:33Z</time>
        <speed>1.16772</speed>
      </trkpt>
      <trkpt lat="29.373839" lon="119.35171">
        <ele>154.330104</ele>
        <time>2025-03-20T02:57:44Z</time>
        <speed>1.039273</speed>
      </trkpt>
      <trkpt lat="29.373833" lon="119.351824">
        <ele>155.725071</ele>
        <time>2025-03-20T02:57:55Z</time>
        <speed>1.054098</speed>
      </trkpt>
      <trkpt lat="29.373826" lon="119.35193">
        <ele>155.42395</ele>
        <time>2025-03-20T02:58:05Z</time>
        <speed>0.946738</speed>
      </trkpt>
      <trkpt lat="29.373916" lon="119.351948">
        <ele>154.195073</ele>
        <time>2025-03-20T02:58:18Z</time>
        <speed>0.816315</speed>
      </trkpt>
      <trkpt lat="29.373999" lon="119.351881">
        <ele>153.262965</ele>
        <time>2025-03-20T02:58:29Z</time>
        <speed>1.040233</speed>
      </trkpt>
      <trkpt lat="29.374072" lon="119.351806">
        <ele>151.50972</ele>
        <time>2025-03-20T02:58:39Z</time>
        <speed>1.061523</speed>
      </trkpt>
      <trkpt lat="29.374143" lon="119.351738">
        <ele>151.979547</ele>
        <time>2025-03-20T02:58:51Z</time>
        <speed>0.839447</speed>
      </trkpt>
      <trkpt lat="29.374228" lon="119.3517">
        <ele>151.604652</ele>
        <time>2025-03-20T02:59:02Z</time>
        <speed>0.73687</speed>
      </trkpt>
      <trkpt lat="29.374298" lon="119.351629">
        <ele>151.946784</ele>
        <time>2025-03-20T02:59:13Z</time>
        <speed>0.730394</speed>
      </trkpt>
      <trkpt lat="29.374374" lon="119.351553">
        <ele>152.105084</ele>
        <time>2025-03-20T02:59:24Z</time>
        <speed>1.131412</speed>
      </trkpt>
      <trkpt lat="29.374463" lon="119.351503">
        <ele>150.904434</ele>
        <time>2025-03-20T02:59:34Z</time>
        <speed>1.197742</speed>
      </trkpt>
      <trkpt lat="29.374554" lon="119.351467">
        <ele>152.117709</ele>
        <time>2025-03-20T02:59:45Z</time>
        <speed>1.019821</speed>
      </trkpt>
      <trkpt lat="29.374643" lon="119.35145">
        <ele>151.82754</ele>
        <time>2025-03-20T02:59:56Z</time>
        <speed>0.74947</speed>
      </trkpt>
      <trkpt lat="29.374742" lon="119.351408">
        <ele>151.774925</ele>
        <time>2025-03-20T03:00:08Z</time>
        <speed>0.860712</speed>
      </trkpt>
      <trkpt lat="29.374836" lon="119.351392">
        <ele>153.286744</ele>
        <time>2025-03-20T03:00:21Z</time>
        <speed>0.689776</speed>
      </trkpt>
      <trkpt lat="29.374924" lon="119.35137">
        <ele>152.804935</ele>
        <time>2025-03-20T03:00:30Z</time>
        <speed>1.283439</speed>
      </trkpt>
      <trkpt lat="29.375025" lon="119.351385">
        <ele>154.154872</ele>
        <time>2025-03-20T03:00:42Z</time>
        <speed>1.047167</speed>
      </trkpt>
      <trkpt lat="29.375123" lon="119.351364">
        <ele>153.674614</ele>
        <time>2025-03-20T03:00:53Z</time>
        <speed>0.875627</speed>
      </trkpt>
      <trkpt lat="29.375218" lon="119.351371">
        <ele>154.612009</ele>
        <time>2025-03-20T03:01:05Z</time>
        <speed>0.641448</speed>
      </trkpt>
      <trkpt lat="29.375309" lon="119.351371">
        <ele>154.687227</ele>
        <time>2025-03-20T03:01:15Z</time>
        <speed>1.008683</speed>
      </trkpt>
      <trkpt lat="29.375405" lon="119.351356">
        <ele>155.30561</ele>
        <time>2025-03-20T03:01:38Z</time>
        <speed>0.543446</speed>
      </trkpt>
      <trkpt lat="29.3755" lon="119.351347">
        <ele>156.805366</ele>
        <time>2025-03-20T03:02:01Z</time>
        <speed>0.790096</speed>
      </trkpt>
      <trkpt lat="29.375596" lon="119.351342">
        <ele>155.617763</ele>
        <time>2025-03-20T03:02:13Z</time>
        <speed>0.744876</speed>
      </trkpt>
      <trkpt lat="29.375689" lon="119.351318">
        <ele>153.413963</ele>
        <time>2025-03-20T03:02:25Z</time>
        <speed>0.634789</speed>
      </trkpt>
      <trkpt lat="29.375795" lon="119.351299">
        <ele>151.455632</ele>
        <time>2025-03-20T03:02:35Z</time>
        <speed>1.390202</speed>
      </trkpt>
      <trkpt lat="29.375884" lon="119.351261">
        <ele>152.256802</ele>
        <time>2025-03-20T03:02:54Z</time>
        <speed>0.09348</speed>
      </trkpt>
      <trkpt lat="29.375978" lon="119.351237">
        <ele>154.069231</ele>
        <time>2025-03-20T03:03:06Z</time>
        <speed>0.733675</speed>
      </trkpt>
      <trkpt lat="29.376064" lon="119.351302">
        <ele>155.692956</ele>
        <time>2025-03-20T03:03:21Z</time>
        <speed>1.472077</speed>
      </trkpt>
      <trkpt lat="29.376162" lon="119.351309">
        <ele>153.861778</ele>
        <time>2025-03-20T03:03:32Z</time>
        <speed>0.799304</speed>
      </trkpt>
      <trkpt lat="29.376255" lon="119.351311">
        <ele>155.470934</ele>
        <time>2025-03-20T03:03:45Z</time>
        <speed>0.790099</speed>
      </trkpt>
      <trkpt lat="29.376348" lon="119.351316">
        <ele>154.803172</ele>
        <time>2025-03-20T03:03:58Z</time>
        <speed>0.895862</speed>
      </trkpt>
      <trkpt lat="29.376432" lon="119.351257">
        <ele>153.612459</ele>
        <time>2025-03-20T03:04:11Z</time>
        <speed>1.04379</speed>
      </trkpt>
      <trkpt lat="29.376527" lon="119.351256">
        <ele>153.354163</ele>
        <time>2025-03-20T03:04:22Z</time>
        <speed>0.738135</speed>
      </trkpt>
      <trkpt lat="29.376634" lon="119.351235">
        <ele>151.907245</ele>
        <time>2025-03-20T03:04:32Z</time>
        <speed>1.747416</speed>
      </trkpt>
      <trkpt lat="29.376727" lon="119.351204">
        <ele>152.572558</ele>
        <time>2025-03-20T03:04:42Z</time>
        <speed>1.048713</speed>
      </trkpt>
      <trkpt lat="29.376813" lon="119.351158">
        <ele>151.259708</ele>
        <time>2025-03-20T03:04:53Z</time>
        <speed>0.773873</speed>
      </trkpt>
      <trkpt lat="29.376906" lon="119.351109">
        <ele>151.872714</ele>
        <time>2025-03-20T03:05:07Z</time>
        <speed>0.699458</speed>
      </trkpt>
      <trkpt lat="29.377012" lon="119.351078">
        <ele>151.520029</ele>
        <time>2025-03-20T03:05:18Z</time>
        <speed>1.008615</speed>
      </trkpt>
      <trkpt lat="29.377114" lon="119.35104">
        <ele>153.5291</ele>
        <time>2025-03-20T03:05:37Z</time>
        <speed>0.510094</speed>
      </trkpt>
      <trkpt lat="29.377204" lon="119.351008">
        <ele>151.534033</ele>
        <time>2025-03-20T03:05:46Z</time>
        <speed>1.00781</speed>
      </trkpt>
      <trkpt lat="29.377277" lon="119.35094">
        <ele>149.369732</ele>
        <time>2025-03-20T03:05:57Z</time>
        <speed>0.979549</speed>
      </trkpt>
      <trkpt lat="29.377348" lon="119.350864">
        <ele>149.308701</ele>
        <time>2025-03-20T03:06:11Z</time>
        <speed>0.771984</speed>
      </trkpt>
      <trkpt lat="29.377432" lon="119.350803">
        <ele>149.042401</ele>
        <time>2025-03-20T03:06:21Z</time>
        <speed>1.229547</speed>
      </trkpt>
      <trkpt lat="29.377472" lon="119.350701">
        <ele>149.21343</ele>
        <time>2025-03-20T03:06:33Z</time>
        <speed>0.707006</speed>
      </trkpt>
      <trkpt lat="29.377518" lon="119.350611">
        <ele>150.960223</ele>
        <time>2025-03-20T03:06:44Z</time>
        <speed>0.664693</speed>
      </trkpt>
      <trkpt lat="29.37758" lon="119.350529">
        <ele>152.041172</ele>
        <time>2025-03-20T03:06:55Z</time>
        <speed>1.157978</speed>
      </trkpt>
      <trkpt lat="29.377667" lon="119.350486">
        <ele>151.803711</ele>
        <time>2025-03-20T03:07:08Z</time>
        <speed>0.556885</speed>
      </trkpt>
      <trkpt lat="29.377732" lon="119.350412">
        <ele>151.138437</ele>
        <time>2025-03-20T03:07:23Z</time>
        <speed>0.478004</speed>
      </trkpt>
      <trkpt lat="29.377819" lon="119.350384">
        <ele>153.380235</ele>
        <time>2025-03-20T03:07:45Z</time>
        <speed>1.035862</speed>
      </trkpt>
      <trkpt lat="29.377909" lon="119.35038">
        <ele>153.948262</ele>
        <time>2025-03-20T03:07:57Z</time>
        <speed>0.673617</speed>
      </trkpt>
      <trkpt lat="29.378011" lon="119.350383">
        <ele>153.791898</ele>
        <time>2025-03-20T03:08:06Z</time>
        <speed>1.247173</speed>
      </trkpt>
      <trkpt lat="29.378102" lon="119.350361">
        <ele>154.154978</ele>
        <time>2025-03-20T03:08:17Z</time>
        <speed>1.233876</speed>
      </trkpt>
      <trkpt lat="29.378165" lon="119.350281">
        <ele>152.824743</ele>
        <time>2025-03-20T03:08:26Z</time>
        <speed>0.763502</speed>
      </trkpt>
      <trkpt lat="29.378232" lon="119.350196">
        <ele>151.678417</ele>
        <time>2025-03-20T03:08:34Z</time>
        <speed>1.322483</speed>
      </trkpt>
      <trkpt lat="29.378301" lon="119.350122">
        <ele>151.094556</ele>
        <time>2025-03-20T03:08:41Z</time>
        <speed>1.689886</speed>
      </trkpt>
      <trkpt lat="29.378347" lon="119.350024">
        <ele>149.511495</ele>
        <time>2025-03-20T03:08:49Z</time>
        <speed>1.806891</speed>
      </trkpt>
      <trkpt lat="29.37844" lon="119.349961">
        <ele>150.941139</ele>
        <time>2025-03-20T03:09:00Z</time>
        <speed>1.43825</speed>
      </trkpt>
      <trkpt lat="29.378534" lon="119.349955">
        <ele>151.137854</ele>
        <time>2025-03-20T03:09:10Z</time>
        <speed>0.933111</speed>
      </trkpt>
      <trkpt lat="29.37862" lon="119.349915">
        <ele>150.554707</ele>
        <time>2025-03-20T03:09:22Z</time>
        <speed>0.997069</speed>
      </trkpt>
      <trkpt lat="29.378713" lon="119.349885">
        <ele>150.620477</ele>
        <time>2025-03-20T03:09:32Z</time>
        <speed>1.261479</speed>
      </trkpt>
      <trkpt lat="29.378806" lon="119.349893">
        <ele>151.869958</ele>
        <time>2025-03-20T03:09:46Z</time>
        <speed>1.033161</speed>
      </trkpt>
      <trkpt lat="29.378857" lon="119.349803">
        <ele>151.393395</ele>
        <time>2025-03-20T03:10:21Z</time>
        <speed>1.100207</speed>
      </trkpt>
      <trkpt lat="29.378892" lon="119.349708">
        <ele>150.760249</ele>
        <time>2025-03-20T03:10:31Z</time>
        <speed>0.918116</speed>
      </trkpt>
      <trkpt lat="29.378933" lon="119.349615">
        <ele>151.393391</ele>
        <time>2025-03-20T03:10:41Z</time>
        <speed>0.966525</speed>
      </trkpt>
      <trkpt lat="29.378924" lon="119.349509">
        <ele>153.962702</ele>
        <time>2025-03-20T03:10:53Z</time>
        <speed>0.612058</speed>
      </trkpt>
      <trkpt lat="29.378931" lon="119.349405">
        <ele>154.567005</ele>
        <time>2025-03-20T03:11:02Z</time>
        <speed>1.189034</speed>
      </trkpt>
      <trkpt lat="29.378899" lon="119.349307">
        <ele>156.567639</ele>
        <time>2025-03-20T03:11:14Z</time>
        <speed>0.976154</speed>
      </trkpt>
      <trkpt lat="29.378938" lon="119.349214">
        <ele>159.825864</ele>
        <time>2025-03-20T03:11:36Z</time>
        <speed>0.256979</speed>
      </trkpt>
      <trkpt lat="29.37896" lon="119.349106">
        <ele>158.826856</ele>
        <time>2025-03-20T03:12:43Z</time>
        <speed>0.876714</speed>
      </trkpt>
      <trkpt lat="29.378986" lon="119.348999">
        <ele>162.151583</ele>
        <time>2025-03-20T03:13:05Z</time>
        <speed>0.747428</speed>
      </trkpt>
      <trkpt lat="29.379065" lon="119.348941">
        <ele>160.859729</ele>
        <time>2025-03-20T03:13:51Z</time>
        <speed>0.675521</speed>
      </trkpt>
      <trkpt lat="29.379092" lon="119.348842">
        <ele>161.645463</ele>
        <time>2025-03-20T03:14:01Z</time>
        <speed>1.362249</speed>
      </trkpt>
      <trkpt lat="29.379133" lon="119.348748">
        <ele>165.396946</ele>
        <time>2025-03-20T03:15:21Z</time>
        <speed>0.961387</speed>
      </trkpt>
      <trkpt lat="29.379197" lon="119.348674">
        <ele>164.500676</ele>
        <time>2025-03-20T03:15:32Z</time>
        <speed>0.808921</speed>
      </trkpt>
      <trkpt lat="29.379186" lon="119.348562">
        <ele>165.386369</ele>
        <time>2025-03-20T03:15:58Z</time>
        <speed>0.600561</speed>
      </trkpt>
      <trkpt lat="29.379207" lon="119.348449">
        <ele>166.919295</ele>
        <time>2025-03-20T03:17:53Z</time>
        <speed>1.160633</speed>
      </trkpt>
      <trkpt lat="29.37922" lon="119.348335">
        <ele>168.011559</ele>
        <time>2025-03-20T03:18:08Z</time>
        <speed>1.471428</speed>
      </trkpt>
      <trkpt lat="29.379274" lon="119.348239">
        <ele>167.963241</ele>
        <time>2025-03-20T03:18:33Z</time>
        <speed>1.393351</speed>
      </trkpt>
      <trkpt lat="29.37934" lon="119.348159">
        <ele>169.080253</ele>
        <time>2025-03-20T03:18:54Z</time>
        <speed>1.16068</speed>
      </trkpt>
      <trkpt lat="29.379382" lon="119.348068">
        <ele>170.381819</ele>
        <time>2025-03-20T03:19:06Z</time>
        <speed>0.618394</speed>
      </trkpt>
      <trkpt lat="29.379472" lon="119.348006">
        <ele>173.185873</ele>
        <time>2025-03-20T03:19:26Z</time>
        <speed>1.071661</speed>
      </trkpt>
      <trkpt lat="29.379523" lon="119.347915">
        <ele>173.914006</ele>
        <time>2025-03-20T03:19:57Z</time>
        <speed>0.073252</speed>
      </trkpt>
      <trkpt lat="29.379612" lon="119.347867">
        <ele>177.055831</ele>
        <time>2025-03-20T03:21:10Z</time>
        <speed>0.296399</speed>
      </trkpt>
      <trkpt lat="29.379711" lon="119.347837">
        <ele>180.70654</ele>
        <time>2025-03-20T03:21:24Z</time>
        <speed>1.652245</speed>
      </trkpt>
      <trkpt lat="29.379781" lon="119.347767">
        <ele>179.800534</ele>
        <time>2025-03-20T03:22:27Z</time>
        <speed>0.476404</speed>
      </trkpt>
      <trkpt lat="29.379807" lon="119.347664">
        <ele>182.120576</ele>
        <time>2025-03-20T03:22:44Z</time>
        <speed>0.681646</speed>
      </trkpt>
      <trkpt lat="29.379834" lon="119.347556">
        <ele>187.041089</ele>
        <time>2025-03-20T03:22:59Z</time>
        <speed>0.948336</speed>
      </trkpt>
      <trkpt lat="29.379872" lon="119.347459">
        <ele>189.353473</ele>
        <time>2025-03-20T03:23:17Z</time>
        <speed>0.426457</speed>
      </trkpt>
      <trkpt lat="29.379962" lon="119.347498">
        <ele>193.569452</ele>
        <time>2025-03-20T03:25:53Z</time>
        <speed>1.095314</speed>
      </trkpt>
      <trkpt lat="29.380005" lon="119.347616">
        <ele>196.428797</ele>
        <time>2025-03-20T03:27:26Z</time>
        <speed>1.994074</speed>
      </trkpt>
      <trkpt lat="29.380088" lon="119.347572">
        <ele>198.119713</ele>
        <time>2025-03-20T03:27:45Z</time>
        <speed>0.785827</speed>
      </trkpt>
      <trkpt lat="29.379997" lon="119.347518">
        <ele>200.756578</ele>
        <time>2025-03-20T03:28:05Z</time>
        <speed>2.240492</speed>
      </trkpt>
      <trkpt lat="29.380026" lon="119.347412">
        <ele>201.050874</ele>
        <time>2025-03-20T03:33:11Z</time>
        <speed>1.056433</speed>
      </trkpt>
      <trkpt lat="29.380085" lon="119.347492">
        <ele>200.627147</ele>
        <time>2025-03-20T03:35:09Z</time>
        <speed>1.55423</speed>
      </trkpt>
      <trkpt lat="29.379979" lon="119.347456">
        <ele>201.332562</ele>
        <time>2025-03-20T03:37:17Z</time>
        <speed>0.054665</speed>
      </trkpt>
      <trkpt lat="29.380071" lon="119.34743">
        <ele>201.730113</ele>
        <time>2025-03-20T03:37:40Z</time>
        <speed>0.095025</speed>
      </trkpt>
      <trkpt lat="29.380125" lon="119.34752">
        <ele>202.704393</ele>
        <time>2025-03-20T03:38:29Z</time>
        <speed>0.0</speed>
      </trkpt>
      <trkpt lat="29.380211" lon="119.347486">
        <ele>208.007954</ele>
        <time>2025-03-20T03:47:59Z</time>
        <speed>0.193991</speed>
      </trkpt>
      <trkpt lat="29.380295" lon="119.347535">
        <ele>212.891841</ele>
        <time>2025-03-20T03:49:55Z</time>
        <speed>0.443203</speed>
      </trkpt>
      <trkpt lat="29.38039" lon="119.347537">
        <ele>219.749076</ele>
        <time>2025-03-20T03:51:11Z</time>
        <speed>0.71762</speed>
      </trkpt>
      <trkpt lat="29.38035" lon="119.347634">
        <ele>227.444545</ele>
        <time>2025-03-20T03:52:46Z</time>
        <speed>0.271063</speed>
      </trkpt>
      <trkpt lat="29.380444" lon="119.347634">
        <ele>225.86622</ele>
        <time>2025-03-20T03:54:39Z</time>
        <speed>0.097424</speed>
      </trkpt>
      <trkpt lat="29.380345" lon="119.347631">
        <ele>237.119563</ele>
        <time>2025-03-20T03:57:07Z</time>
        <speed>1.755731</speed>
      </trkpt>
      <trkpt lat="29.380395" lon="119.347717">
        <ele>232.423557</ele>
        <time>2025-03-20T03:57:40Z</time>
        <speed>0.718371</speed>
      </trkpt>
      <trkpt lat="29.380422" lon="119.34785">
        <ele>230.303051</ele>
        <time>2025-03-20T04:04:52Z</time>
        <speed>0.0</speed>
      </trkpt>
      <trkpt lat="29.380428" lon="119.347744">
        <ele>253.318649</ele>
        <time>2025-03-20T04:08:39Z</time>
        <speed>0.0</speed>
      </trkpt>
      <trkpt lat="29.380448" lon="119.347848">
        <ele>230.578137</ele>
        <time>2025-03-20T04:15:57Z</time>
        <speed>0.049686</speed>
      </trkpt>
      <trkpt lat="29.380373" lon="119.34779">
        <ele>244.649882</ele>
        <time>2025-03-20T04:17:38Z</time>
        <speed>0.674622</speed>
      </trkpt>
      <trkpt lat="29.380397" lon="119.347891">
        <ele>250.349844</ele>
        <time>2025-03-20T04:18:49Z</time>
        <speed>0.924204</speed>
      </trkpt>
      <trkpt lat="29.380477" lon="119.347944">
        <ele>259.417811</ele>
        <time>2025-03-20T04:20:54Z</time>
        <speed>0.359774</speed>
      </trkpt>
      <trkpt lat="29.380548" lon="119.348016">
        <ele>266.887344</ele>
        <time>2025-03-20T04:22:49Z</time>
        <speed>0.307489</speed>
      </trkpt>
      <trkpt lat="29.380626" lon="119.348067">
        <ele>272.874511</ele>
        <time>2025-03-20T04:23:28Z</time>
        <speed>0.259205</speed>
      </trkpt>
      <trkpt lat="29.380661" lon="119.348167">
        <ele>283.968564</ele>
        <time>2025-03-20T04:25:06Z</time>
        <speed>0.945312</speed>
      </trkpt>
      <trkpt lat="29.380744" lon="119.348219">
        <ele>289.926839</ele>
        <time>2025-03-20T04:25:55Z</time>
        <speed>0.576506</speed>
      </trkpt>
      <trkpt lat="29.380813" lon="119.348285">
        <ele>292.451245</ele>
        <time>2025-03-20T04:27:19Z</time>
        <speed>0.064361</speed>
      </trkpt>
      <trkpt lat="29.380877" lon="119.348363">
        <ele>300.029818</ele>
        <time>2025-03-20T04:29:23Z</time>
        <speed>0.302811</speed>
      </trkpt>
      <trkpt lat="29.380964" lon="119.3484">
        <ele>291.101837</ele>
        <time>2025-03-20T04:30:29Z</time>
        <speed>0.032341</speed>
      </trkpt>
      <trkpt lat="29.380973" lon="119.348504">
        <ele>303.555926</ele>
        <time>2025-03-20T04:31:42Z</time>
        <speed>0.131036</speed>
      </trkpt>
      <trkpt lat="29.380971" lon="119.348615">
        <ele>310.928976</ele>
        <time>2025-03-20T04:32:30Z</time>
        <speed>0.716933</speed>
      </trkpt>
      <trkpt lat="29.381019" lon="119.348703">
        <ele>324.961454</ele>
        <time>2025-03-20T04:35:30Z</time>
        <speed>0.356741</speed>
      </trkpt>
      <trkpt lat="29.381098" lon="119.348753">
        <ele>327.663159</ele>
        <time>2025-03-20T04:37:54Z</time>
        <speed>0.285808</speed>
      </trkpt>
      <trkpt lat="29.381165" lon="119.348833">
        <ele>319.348762</ele>
        <time>2025-03-20T04:40:32Z</time>
        <speed>0.117371</speed>
      </trkpt>
      <trkpt lat="29.381233" lon="119.348901">
        <ele>338.343508</ele>
        <time>2025-03-20T04:45:42Z</time>
        <speed>0.189546</speed>
      </trkpt>
      <trkpt lat="29.38132" lon="119.348871">
        <ele>341.746951</ele>
        <time>2025-03-20T04:50:04Z</time>
        <speed>0.78953</speed>
      </trkpt>
      <trkpt lat="29.381413" lon="119.348873">
        <ele>342.187811</ele>
        <time>2025-03-20T04:57:57Z</time>
        <speed>0.237369</speed>
      </trkpt>
      <trkpt lat="29.381491" lon="119.348929">
        <ele>350.996231</ele>
        <time>2025-03-20T04:59:05Z</time>
        <speed>0.433852</speed>
      </trkpt>
      <trkpt lat="29.381577" lon="119.348969">
        <ele>360.182207</ele>
        <time>2025-03-20T05:00:12Z</time>
        <speed>0.258588</speed>
      </trkpt>
      <trkpt lat="29.381645" lon="119.348894">
        <ele>366.712339</ele>
        <time>2025-03-20T05:01:51Z</time>
        <speed>0.145041</speed>
      </trkpt>
      <trkpt lat="29.381725" lon="119.348839">
        <ele>375.425825</ele>
        <time>2025-03-20T05:03:18Z</time>
        <speed>0.218029</speed>
      </trkpt>
      <trkpt lat="29.381803" lon="119.348783">
        <ele>385.268837</ele>
        <time>2025-03-20T05:04:22Z</time>
        <speed>0.449349</speed>
      </trkpt>
      <trkpt lat="29.381879" lon="119.348728">
        <ele>386.939542</ele>
        <time>2025-03-20T05:05:19Z</time>
        <speed>0.108979</speed>
      </trkpt>
      <trkpt lat="29.382028" lon="119.348726">
        <ele>378.480696</ele>
        <time>2025-03-20T05:09:23Z</time>
        <speed>0.166906</speed>
      </trkpt>
      <trkpt lat="29.381917" lon="119.34868">
        <ele>378.403733</ele>
        <time>2025-03-20T05:09:29Z</time>
        <speed>0.088403</speed>
      </trkpt>
      <trkpt lat="29.381992" lon="119.34862">
        <ele>394.603355</ele>
        <time>2025-03-20T05:30:32Z</time>
        <speed>0.703316</speed>
      </trkpt>
      <trkpt lat="29.382082" lon="119.348606">
        <ele>394.524292</ele>
        <time>2025-03-20T05:30:49Z</time>
        <speed>0.210748</speed>
      </trkpt>
      <trkpt lat="29.382165" lon="119.348647">
        <ele>398.981205</ele>
        <time>2025-03-20T05:31:41Z</time>
        <speed>0.472797</speed>
      </trkpt>
      <trkpt lat="29.382243" lon="119.348583">
        <ele>405.477295</ele>
        <time>2025-03-20T05:36:30Z</time>
        <speed>0.0</speed>
      </trkpt>
      <trkpt lat="29.382355" lon="119.34851">
        <ele>408.734123</ele>
        <time>2025-03-20T05:40:04Z</time>
        <speed>1.959351</speed>
      </trkpt>
      <trkpt lat="29.382344" lon="119.348407">
        <ele>412.713797</ele>
        <time>2025-03-20T05:41:35Z</time>
        <speed>0.78463</speed>
      </trkpt>
      <trkpt lat="29.382388" lon="119.348315">
        <ele>413.58792</ele>
        <time>2025-03-20T05:42:03Z</time>
        <speed>0.175796</speed>
      </trkpt>
      <trkpt lat="29.38248" lon="119.348281">
        <ele>416.178727</ele>
        <time>2025-03-20T05:43:22Z</time>
        <speed>0.606381</speed>
      </trkpt>
      <trkpt lat="29.382571" lon="119.348281">
        <ele>414.670292</ele>
        <time>2025-03-20T05:43:45Z</time>
        <speed>1.022965</speed>
      </trkpt>
      <trkpt lat="29.382633" lon="119.348191">
        <ele>414.076741</ele>
        <time>2025-03-20T05:44:09Z</time>
        <speed>1.542248</speed>
      </trkpt>
      <trkpt lat="29.382665" lon="119.348087">
        <ele>416.578366</ele>
        <time>2025-03-20T05:44:17Z</time>
        <speed>0.987668</speed>
      </trkpt>
      <trkpt lat="29.382685" lon="119.347979">
        <ele>417.24144</ele>
        <time>2025-03-20T05:44:33Z</time>
        <speed>1.007004</speed>
      </trkpt>
      <trkpt lat="29.382751" lon="119.347902">
        <ele>419.175642</ele>
        <time>2025-03-20T05:58:18Z</time>
        <speed>0.593401</speed>
      </trkpt>
      <trkpt lat="29.382841" lon="119.347865">
        <ele>420.766099</ele>
        <time>2025-03-20T05:59:39Z</time>
        <speed>0.684318</speed>
      </trkpt>
      <trkpt lat="29.382859" lon="119.347763">
        <ele>423.506863</ele>
        <time>2025-03-20T06:01:06Z</time>
        <speed>0.180976</speed>
      </trkpt>
      <trkpt lat="29.382877" lon="119.34766">
        <ele>429.331661</ele>
        <time>2025-03-20T06:04:22Z</time>
        <speed>0.205147</speed>
      </trkpt>
      <trkpt lat="29.382933" lon="119.347579">
        <ele>436.561457</ele>
        <time>2025-03-20T06:05:58Z</time>
        <speed>0.336449</speed>
      </trkpt>
      <trkpt lat="29.383014" lon="119.347533">
        <ele>445.671165</ele>
        <time>2025-03-20T06:07:15Z</time>
        <speed>0.770668</speed>
      </trkpt>
      <trkpt lat="29.383071" lon="119.347451">
        <ele>455.956214</ele>
        <time>2025-03-20T06:10:24Z</time>
        <speed>0.257755</speed>
      </trkpt>
      <trkpt lat="29.383181" lon="119.347309">
        <ele>437.087994</ele>
        <time>2025-03-20T06:12:41Z</time>
        <speed>0.247115</speed>
      </trkpt>
      <trkpt lat="29.383135" lon="119.347397">
        <ele>454.120255</ele>
        <time>2025-03-20T06:13:05Z</time>
        <speed>0.170891</speed>
      </trkpt>
      <trkpt lat="29.383195" lon="119.347317">
        <ele>460.744208</ele>
        <time>2025-03-20T06:16:46Z</time>
        <speed>0.259443</speed>
      </trkpt>
      <trkpt lat="29.383286" lon="119.347299">
        <ele>479.865318</ele>
        <time>2025-03-20T06:18:06Z</time>
        <speed>0.437294</speed>
      </trkpt>
      <trkpt lat="29.383332" lon="119.347209">
        <ele>477.8202</ele>
        <time>2025-03-20T06:18:21Z</time>
        <speed>0.259873</speed>
      </trkpt>
      <trkpt lat="29.383367" lon="119.347114">
        <ele>474.130839</ele>
        <time>2025-03-20T06:18:55Z</time>
        <speed>0.815345</speed>
      </trkpt>
      <trkpt lat="29.383386" lon="119.347012">
        <ele>473.510509</ele>
        <time>2025-03-20T06:19:21Z</time>
        <speed>0.704968</speed>
      </trkpt>
      <trkpt lat="29.383432" lon="119.346918">
        <ele>474.867737</ele>
        <time>2025-03-20T06:20:30Z</time>
        <speed>0.109288</speed>
      </trkpt>
      <trkpt lat="29.383484" lon="119.346833">
        <ele>474.963903</ele>
        <time>2025-03-20T06:20:50Z</time>
        <speed>0.674042</speed>
      </trkpt>
      <trkpt lat="29.383479" lon="119.346729">
        <ele>476.257088</ele>
        <time>2025-03-20T06:21:18Z</time>
        <speed>0.613961</speed>
      </trkpt>
      <trkpt lat="29.383469" lon="119.346622">
        <ele>477.889845</ele>
        <time>2025-03-20T06:22:11Z</time>
        <speed>1.044638</speed>
      </trkpt>
      <trkpt lat="29.383483" lon="119.346519">
        <ele>478.806858</ele>
        <time>2025-03-20T06:22:25Z</time>
        <speed>0.491763</speed>
      </trkpt>
      <trkpt lat="29.38351" lon="119.346415">
        <ele>475.580393</ele>
        <time>2025-03-20T06:22:47Z</time>
        <speed>0.772443</speed>
      </trkpt>
      <trkpt lat="29.38354" lon="119.346301">
        <ele>472.282544</ele>
        <time>2025-03-20T06:23:35Z</time>
        <speed>1.620126</speed>
      </trkpt>
      <trkpt lat="29.383554" lon="119.346199">
        <ele>472.616003</ele>
        <time>2025-03-20T06:23:51Z</time>
        <speed>0.439024</speed>
      </trkpt>
      <trkpt lat="29.38361" lon="119.346116">
        <ele>474.745273</ele>
        <time>2025-03-20T06:26:23Z</time>
        <speed>0.56378</speed>
      </trkpt>
      <trkpt lat="29.383664" lon="119.346026">
        <ele>476.720389</ele>
        <time>2025-03-20T06:27:45Z</time>
        <speed>0.794548</speed>
      </trkpt>
      <trkpt lat="29.38374" lon="119.345963">
        <ele>476.351535</ele>
        <time>2025-03-20T06:28:38Z</time>
        <speed>0.649626</speed>
      </trkpt>
      <trkpt lat="29.383759" lon="119.345861">
        <ele>472.75235</ele>
        <time>2025-03-20T06:29:16Z</time>
        <speed>0.636184</speed>
      </trkpt>
      <trkpt lat="29.38385" lon="119.34587">
        <ele>484.60555</ele>
        <time>2025-03-20T06:31:01Z</time>
        <speed>0.122668</speed>
      </trkpt>
      <trkpt lat="29.383933" lon="119.345912">
        <ele>485.121923</ele>
        <time>2025-03-20T06:33:43Z</time>
        <speed>0.422873</speed>
      </trkpt>
      <trkpt lat="29.384027" lon="119.345864">
        <ele>487.667399</ele>
        <time>2025-03-20T06:36:10Z</time>
        <speed>1.838964</speed>
      </trkpt>
      <trkpt lat="29.383956" lon="119.345959">
        <ele>488.595027</ele>
        <time>2025-03-20T06:37:17Z</time>
        <speed>0.488919</speed>
      </trkpt>
      <trkpt lat="29.383982" lon="119.345855">
        <ele>484.102891</ele>
        <time>2025-03-20T06:38:27Z</time>
        <speed>1.148633</speed>
      </trkpt>
      <trkpt lat="29.384036" lon="119.345772">
        <ele>492.091672</ele>
        <time>2025-03-20T06:42:06Z</time>
        <speed>0.152112</speed>
      </trkpt>
      <trkpt lat="29.384076" lon="119.345678">
        <ele>492.832603</ele>
        <time>2025-03-20T06:42:41Z</time>
        <speed>0.171207</speed>
      </trkpt>
      <trkpt lat="29.384137" lon="119.345582">
        <ele>490.278611</ele>
        <time>2025-03-20T06:46:44Z</time>
        <speed>0.766893</speed>
      </trkpt>
      <trkpt lat="29.384211" lon="119.345521">
        <ele>490.411491</ele>
        <time>2025-03-20T06:47:47Z</time>
        <speed>0.329557</speed>
      </trkpt>
      <trkpt lat="29.384262" lon="119.345432">
        <ele>485.631252</ele>
        <time>2025-03-20T06:49:31Z</time>
        <speed>0.679496</speed>
      </trkpt>
      <trkpt lat="29.384237" lon="119.345332">
        <ele>497.153745</ele>
        <time>2025-03-20T06:53:20Z</time>
        <speed>0.26303</speed>
      </trkpt>
      <trkpt lat="29.384281" lon="119.34524">
        <ele>499.719264</ele>
        <time>2025-03-20T06:55:11Z</time>
        <speed>0.093693</speed>
      </trkpt>
      <trkpt lat="29.384305" lon="119.345135">
        <ele>499.3754</ele>
        <time>2025-03-20T06:55:40Z</time>
        <speed>0.766887</speed>
      </trkpt>
      <trkpt lat="29.38437" lon="119.345044">
        <ele>504.075477</ele>
        <time>2025-03-20T06:56:22Z</time>
        <speed>1.241561</speed>
      </trkpt>
      <trkpt lat="29.384373" lon="119.344938">
        <ele>503.555478</ele>
        <time>2025-03-20T06:56:36Z</time>
        <speed>0.808533</speed>
      </trkpt>
      <trkpt lat="29.384342" lon="119.34483">
        <ele>506.12392</ele>
        <time>2025-03-20T06:57:02Z</time>
        <speed>0.537275</speed>
      </trkpt>
      <trkpt lat="29.384308" lon="119.344733">
        <ele>510.019026</ele>
        <time>2025-03-20T06:57:24Z</time>
        <speed>0.360552</speed>
      </trkpt>
      <trkpt lat="29.384233" lon="119.344658">
        <ele>511.15429</ele>
        <time>2025-03-20T06:57:52Z</time>
        <speed>1.181899</speed>
      </trkpt>
      <trkpt lat="29.384266" lon="119.344536">
        <ele>504.036091</ele>
        <time>2025-03-20T06:57:59Z</time>
        <speed>1.588994</speed>
      </trkpt>
      <trkpt lat="29.384272" lon="119.344425">
        <ele>507.265515</ele>
        <time>2025-03-20T06:58:32Z</time>
        <speed>0.095996</speed>
      </trkpt>
      <trkpt lat="29.384303" lon="119.344327">
        <ele>507.906944</ele>
        <time>2025-03-20T06:58:53Z</time>
        <speed>0.661996</speed>
      </trkpt>
      <trkpt lat="29.384355" lon="119.34424">
        <ele>503.215405</ele>
        <time>2025-03-20T06:59:07Z</time>
        <speed>0.308649</speed>
      </trkpt>
      <trkpt lat="29.384383" lon="119.344141">
        <ele>500.512497</ele>
        <time>2025-03-20T06:59:19Z</time>
        <speed>0.307273</speed>
      </trkpt>
      <trkpt lat="29.384452" lon="119.344072">
        <ele>496.532139</ele>
        <time>2025-03-20T06:59:39Z</time>
        <speed>0.25741</speed>
      </trkpt>
      <trkpt lat="29.384448" lon="119.343967">
        <ele>494.383139</ele>
        <time>2025-03-20T07:00:30Z</time>
        <speed>0.599513</speed>
      </trkpt>
      <trkpt lat="29.384463" lon="119.343863">
        <ele>491.366894</ele>
        <time>2025-03-20T07:01:00Z</time>
        <speed>0.072034</speed>
      </trkpt>
      <trkpt lat="29.384544" lon="119.343808">
        <ele>489.552854</ele>
        <time>2025-03-20T07:01:29Z</time>
        <speed>0.244179</speed>
      </trkpt>
      <trkpt lat="29.384619" lon="119.343727">
        <ele>483.047159</ele>
        <time>2025-03-20T07:02:11Z</time>
        <speed>0.834855</speed>
      </trkpt>
      <trkpt lat="29.384703" lon="119.34368">
        <ele>479.980497</ele>
        <time>2025-03-20T07:02:54Z</time>
        <speed>0.28646</speed>
      </trkpt>
      <trkpt lat="29.38478" lon="119.343609">
        <ele>476.362872</ele>
        <time>2025-03-20T07:03:15Z</time>
        <speed>0.448795</speed>
      </trkpt>
      <trkpt lat="29.384861" lon="119.343547">
        <ele>474.029357</ele>
        <time>2025-03-20T07:03:43Z</time>
        <speed>0.585526</speed>
      </trkpt>
      <trkpt lat="29.38495" lon="119.343531">
        <ele>471.598801</ele>
        <time>2025-03-20T07:04:02Z</time>
        <speed>0.79012</speed>
      </trkpt>
      <trkpt lat="29.385029" lon="119.343466">
        <ele>470.527162</ele>
        <time>2025-03-20T07:04:15Z</time>
        <speed>0.739855</speed>
      </trkpt>
      <trkpt lat="29.385068" lon="119.343365">
        <ele>470.946542</ele>
        <time>2025-03-20T07:04:30Z</time>
        <speed>1.438554</speed>
      </trkpt>
      <trkpt lat="29.385149" lon="119.343317">
        <ele>470.382375</ele>
        <time>2025-03-20T07:04:51Z</time>
        <speed>0.746529</speed>
      </trkpt>
      <trkpt lat="29.385228" lon="119.343262">
        <ele>471.820539</ele>
        <time>2025-03-20T07:05:07Z</time>
        <speed>0.50758</speed>
      </trkpt>
      <trkpt lat="29.385265" lon="119.343166">
        <ele>476.981557</ele>
        <time>2025-03-20T07:05:30Z</time>
        <speed>0.584129</speed>
      </trkpt>
      <trkpt lat="29.385339" lon="119.343092">
        <ele>480.447963</ele>
        <time>2025-03-20T07:06:04Z</time>
        <speed>0.663701</speed>
      </trkpt>
      <trkpt lat="29.385419" lon="119.343031">
        <ele>485.625771</ele>
        <time>2025-03-20T07:06:52Z</time>
        <speed>0.480774</speed>
      </trkpt>
      <trkpt lat="29.385367" lon="119.342942">
        <ele>486.952359</ele>
        <time>2025-03-20T07:07:12Z</time>
        <speed>1.364036</speed>
      </trkpt>
      <trkpt lat="29.385457" lon="119.342909">
        <ele>490.507541</ele>
        <time>2025-03-20T07:08:03Z</time>
        <speed>2.444239</speed>
      </trkpt>
      <trkpt lat="29.385389" lon="119.342836">
        <ele>488.982659</ele>
        <time>2025-03-20T07:08:20Z</time>
        <speed>0.04639</speed>
      </trkpt>
      <trkpt lat="29.385364" lon="119.342735">
        <ele>491.016772</ele>
        <time>2025-03-20T07:08:32Z</time>
        <speed>0.486005</speed>
      </trkpt>
      <trkpt lat="29.385314" lon="119.342647">
        <ele>491.700884</ele>
        <time>2025-03-20T07:08:40Z</time>
        <speed>1.415423</speed>
      </trkpt>
      <trkpt lat="29.385284" lon="119.342548">
        <ele>494.345425</ele>
        <time>2025-03-20T07:08:57Z</time>
        <speed>0.818454</speed>
      </trkpt>
      <trkpt lat="29.385233" lon="119.342447">
        <ele>498.035808</ele>
        <time>2025-03-20T07:09:33Z</time>
        <speed>1.694275</speed>
      </trkpt>
      <trkpt lat="29.385241" lon="119.342341">
        <ele>498.403428</ele>
        <time>2025-03-20T07:10:02Z</time>
        <speed>0.909671</speed>
      </trkpt>
      <trkpt lat="29.385184" lon="119.342257">
        <ele>502.295829</ele>
        <time>2025-03-20T07:10:23Z</time>
        <speed>0.732196</speed>
      </trkpt>
      <trkpt lat="29.385155" lon="119.342154">
        <ele>504.512637</ele>
        <time>2025-03-20T07:10:47Z</time>
        <speed>0.610748</speed>
      </trkpt>
      <trkpt lat="29.385154" lon="119.34205">
        <ele>506.552905</ele>
        <time>2025-03-20T07:11:14Z</time>
        <speed>1.554319</speed>
      </trkpt>
      <trkpt lat="29.385141" lon="119.341944">
        <ele>513.382761</ele>
        <time>2025-03-20T07:11:58Z</time>
        <speed>0.407419</speed>
      </trkpt>
      <trkpt lat="29.385088" lon="119.341859">
        <ele>517.024384</ele>
        <time>2025-03-20T07:12:32Z</time>
        <speed>0.316066</speed>
      </trkpt>
      <trkpt lat="29.385089" lon="119.341755">
        <ele>520.907253</ele>
        <time>2025-03-20T07:13:00Z</time>
        <speed>0.414774</speed>
      </trkpt>
      <trkpt lat="29.385134" lon="119.341665">
        <ele>523.077509</ele>
        <time>2025-03-20T07:13:14Z</time>
        <speed>0.6822</speed>
      </trkpt>
      <trkpt lat="29.385185" lon="119.341576">
        <ele>524.614673</ele>
        <time>2025-03-20T07:13:49Z</time>
        <speed>0.0</speed>
      </trkpt>
      <trkpt lat="29.385233" lon="119.341488">
        <ele>533.583331</ele>
        <time>2025-03-20T07:16:56Z</time>
        <speed>0.134845</speed>
      </trkpt>
      <trkpt lat="29.385265" lon="119.341392">
        <ele>541.414999</ele>
        <time>2025-03-20T07:17:33Z</time>
        <speed>0.539657</speed>
      </trkpt>
      <trkpt lat="29.385329" lon="119.341311">
        <ele>543.711728</ele>
        <time>2025-03-20T07:18:07Z</time>
        <speed>0.408167</speed>
      </trkpt>
      <trkpt lat="29.385375" lon="119.34122">
        <ele>549.498246</ele>
        <time>2025-03-20T07:19:19Z</time>
        <speed>0.198217</speed>
      </trkpt>
      <trkpt lat="29.385394" lon="119.341118">
        <ele>549.315381</ele>
        <time>2025-03-20T07:19:51Z</time>
        <speed>0.367863</speed>
      </trkpt>
      <trkpt lat="29.385394" lon="119.341013">
        <ele>558.309242</ele>
        <time>2025-03-20T07:20:53Z</time>
        <speed>0.382707</speed>
      </trkpt>
      <trkpt lat="29.385359" lon="119.340907">
        <ele>561.68049</ele>
        <time>2025-03-20T07:21:33Z</time>
        <speed>0.188471</speed>
      </trkpt>
      <trkpt lat="29.385318" lon="119.340813">
        <ele>564.862545</ele>
        <time>2025-03-20T07:22:14Z</time>
        <speed>0.303192</speed>
      </trkpt>
      <trkpt lat="29.385335" lon="119.340708">
        <ele>571.116285</ele>
        <time>2025-03-20T07:23:05Z</time>
        <speed>0.364005</speed>
      </trkpt>
      <trkpt lat="29.385331" lon="119.340603">
        <ele>575.222632</ele>
        <time>2025-03-20T07:23:36Z</time>
        <speed>0.309904</speed>
      </trkpt>
      <trkpt lat="29.385327" lon="119.340491">
        <ele>575.601379</ele>
        <time>2025-03-20T07:24:03Z</time>
        <speed>0.295799</speed>
      </trkpt>
      <trkpt lat="29.385312" lon="119.340385">
        <ele>575.865091</ele>
        <time>2025-03-20T07:32:33Z</time>
        <speed>0.733687</speed>
      </trkpt>
      <trkpt lat="29.385279" lon="119.340284">
        <ele>575.242927</ele>
        <time>2025-03-20T07:32:49Z</time>
        <speed>0.665779</speed>
      </trkpt>
      <trkpt lat="29.385234" lon="119.340186">
        <ele>575.466782</ele>
        <time>2025-03-20T07:33:05Z</time>
        <speed>0.803644</speed>
      </trkpt>
      <trkpt lat="29.385162" lon="119.340122">
        <ele>575.10875</ele>
        <time>2025-03-20T07:33:18Z</time>
        <speed>0.228952</speed>
      </trkpt>
      <trkpt lat="29.385086" lon="119.340061">
        <ele>574.875595</ele>
        <time>2025-03-20T07:33:42Z</time>
        <speed>0.583407</speed>
      </trkpt>
      <trkpt lat="29.385012" lon="119.339994">
        <ele>574.81675</ele>
        <time>2025-03-20T07:34:05Z</time>
        <speed>0.41455</speed>
      </trkpt>
      <trkpt lat="29.384971" lon="119.339897">
        <ele>572.716447</ele>
        <time>2025-03-20T07:34:39Z</time>
        <speed>0.627195</speed>
      </trkpt>
      <trkpt lat="29.384928" lon="119.339806">
        <ele>567.807692</ele>
        <time>2025-03-20T07:36:19Z</time>
        <speed>0.15948</speed>
      </trkpt>
      <trkpt lat="29.38493" lon="119.339698">
        <ele>568.952132</ele>
        <time>2025-03-20T07:36:41Z</time>
        <speed>1.486948</speed>
      </trkpt>
      <trkpt lat="29.384926" lon="119.339586">
        <ele>566.797997</ele>
        <time>2025-03-20T07:37:02Z</time>
        <speed>0.715202</speed>
      </trkpt>
      <trkpt lat="29.384921" lon="119.339475">
        <ele>567.08362</ele>
        <time>2025-03-20T07:37:14Z</time>
        <speed>0.834917</speed>
      </trkpt>
      <trkpt lat="29.384909" lon="119.339364">
        <ele>566.141611</ele>
        <time>2025-03-20T07:37:28Z</time>
        <speed>0.77521</speed>
      </trkpt>
      <trkpt lat="29.384892" lon="119.339252">
        <ele>566.635754</ele>
        <time>2025-03-20T07:37:52Z</time>
        <speed>0.929099</speed>
      </trkpt>
      <trkpt lat="29.384841" lon="119.339162">
        <ele>565.311187</ele>
        <time>2025-03-20T07:38:08Z</time>
        <speed>0.200954</speed>
      </trkpt>
      <trkpt lat="29.384784" lon="119.33908">
        <ele>563.573272</ele>
        <time>2025-03-20T07:38:28Z</time>
        <speed>0.42116</speed>
      </trkpt>
      <trkpt lat="29.38475" lon="119.338978">
        <ele>561.703222</ele>
        <time>2025-03-20T07:39:00Z</time>
        <speed>0.249305</speed>
      </trkpt>
      <trkpt lat="29.384686" lon="119.338903">
        <ele>561.724894</ele>
        <time>2025-03-20T07:39:21Z</time>
        <speed>0.642364</speed>
      </trkpt>
      <trkpt lat="29.38462" lon="119.338822">
        <ele>563.180072</ele>
        <time>2025-03-20T07:39:43Z</time>
        <speed>0.69281</speed>
      </trkpt>
      <trkpt lat="29.384554" lon="119.338747">
        <ele>563.814593</ele>
        <time>2025-03-20T07:39:59Z</time>
        <speed>1.029304</speed>
      </trkpt>
      <trkpt lat="29.384496" lon="119.338656">
        <ele>564.516263</ele>
        <time>2025-03-20T07:40:14Z</time>
        <speed>0.334092</speed>
      </trkpt>
      <trkpt lat="29.384454" lon="119.338564">
        <ele>568.259344</ele>
        <time>2025-03-20T07:40:37Z</time>
        <speed>0.375195</speed>
      </trkpt>
      <trkpt lat="29.384436" lon="119.338458">
        <ele>570.770022</ele>
        <time>2025-03-20T07:40:58Z</time>
        <speed>0.195853</speed>
      </trkpt>
      <trkpt lat="29.384406" lon="119.338358">
        <ele>572.867196</ele>
        <time>2025-03-20T07:41:18Z</time>
        <speed>0.820327</speed>
      </trkpt>
      <trkpt lat="29.384408" lon="119.338252">
        <ele>575.247523</ele>
        <time>2025-03-20T07:41:49Z</time>
        <speed>0.514811</speed>
      </trkpt>
      <trkpt lat="29.384402" lon="119.338147">
        <ele>577.17795</ele>
        <time>2025-03-20T07:42:08Z</time>
        <speed>0.496646</speed>
      </trkpt>
      <trkpt lat="29.384381" lon="119.338046">
        <ele>576.483912</ele>
        <time>2025-03-20T07:42:22Z</time>
        <speed>0.157679</speed>
      </trkpt>
      <trkpt lat="29.384314" lon="119.337973">
        <ele>581.036263</ele>
        <time>2025-03-20T07:42:59Z</time>
        <speed>0.534766</speed>
      </trkpt>
      <trkpt lat="29.384278" lon="119.337873">
        <ele>587.883222</ele>
        <time>2025-03-20T07:43:45Z</time>
        <speed>0.462284</speed>
      </trkpt>
      <trkpt lat="29.384254" lon="119.337761">
        <ele>584.752593</ele>
        <time>2025-03-20T07:44:07Z</time>
        <speed>0.677824</speed>
      </trkpt>
      <trkpt lat="29.384233" lon="119.337659">
        <ele>596.678501</ele>
        <time>2025-03-20T07:45:14Z</time>
        <speed>0.253657</speed>
      </trkpt>
      <trkpt lat="29.384225" lon="119.337546">
        <ele>600.122825</ele>
        <time>2025-03-20T07:45:45Z</time>
        <speed>1.986327</speed>
      </trkpt>
      <trkpt lat="29.384201" lon="119.337441">
        <ele>605.581581</ele>
        <time>2025-03-20T07:47:05Z</time>
        <speed>0.305814</speed>
      </trkpt>
      <trkpt lat="29.38416" lon="119.337346">
        <ele>610.464695</ele>
        <time>2025-03-20T07:48:09Z</time>
        <speed>0.184716</speed>
      </trkpt>
      <trkpt lat="29.38408" lon="119.337294">
        <ele>614.731541</ele>
        <time>2025-03-20T07:49:02Z</time>
        <speed>0.117156</speed>
      </trkpt>
      <trkpt lat="29.384004" lon="119.337237">
        <ele>617.072116</ele>
        <time>2025-03-20T07:50:35Z</time>
        <speed>0.297951</speed>
      </trkpt>
      <trkpt lat="29.383926" lon="119.337181">
        <ele>624.184722</ele>
        <time>2025-03-20T07:53:16Z</time>
        <speed>0.360745</speed>
      </trkpt>
      <trkpt lat="29.383919" lon="119.337076">
        <ele>639.005016</ele>
        <time>2025-03-20T07:54:43Z</time>
        <speed>0.107326</speed>
      </trkpt>
      <trkpt lat="29.383914" lon="119.336972">
        <ele>642.101164</ele>
        <time>2025-03-20T07:55:07Z</time>
        <speed>0.060967</speed>
      </trkpt>
      <trkpt lat="29.38391" lon="119.336869">
        <ele>642.394604</ele>
        <time>2025-03-20T07:55:35Z</time>
        <speed>0.217674</speed>
      </trkpt>
      <trkpt lat="29.383871" lon="119.336773">
        <ele>647.95561</ele>
        <time>2025-03-20T07:56:12Z</time>
        <speed>0.313569</speed>
      </trkpt>
      <trkpt lat="29.383868" lon="119.33667">
        <ele>649.280154</ele>
        <time>2025-03-20T07:56:59Z</time>
        <speed>0.35004</speed>
      </trkpt>
      <trkpt lat="29.383851" lon="119.336568">
        <ele>651.829185</ele>
        <time>2025-03-20T07:58:23Z</time>
        <speed>0.091884</speed>
      </trkpt>
      <trkpt lat="29.383797" lon="119.336484">
        <ele>659.753662</ele>
        <time>2025-03-20T07:59:48Z</time>
        <speed>0.592361</speed>
      </trkpt>
      <trkpt lat="29.383727" lon="119.336415">
        <ele>661.999755</ele>
        <time>2025-03-20T08:00:51Z</time>
        <speed>0.358961</speed>
      </trkpt>
      <trkpt lat="29.38372" lon="119.336303">
        <ele>674.727086</ele>
        <time>2025-03-20T08:02:48Z</time>
        <speed>0.439835</speed>
      </trkpt>
      <trkpt lat="29.383734" lon="119.336197">
        <ele>677.238715</ele>
        <time>2025-03-20T08:03:14Z</time>
        <speed>0.461147</speed>
      </trkpt>
      <trkpt lat="29.383751" lon="119.33609">
        <ele>679.372598</ele>
        <time>2025-03-20T08:03:49Z</time>
        <speed>0.286738</speed>
      </trkpt>
      <trkpt lat="29.383755" lon="119.335986">
        <ele>678.99901</ele>
        <time>2025-03-20T08:05:29Z</time>
        <speed>0.066568</speed>
      </trkpt>
      <trkpt lat="29.383724" lon="119.335889">
        <ele>687.997237</ele>
        <time>2025-03-20T08:06:58Z</time>
        <speed>0.406991</speed>
      </trkpt>
      <trkpt lat="29.383729" lon="119.335782">
        <ele>696.574292</ele>
        <time>2025-03-20T08:07:58Z</time>
        <speed>0.477098</speed>
      </trkpt>
      <trkpt lat="29.383732" lon="119.335678">
        <ele>700.751492</ele>
        <time>2025-03-20T08:09:00Z</time>
        <speed>0.272658</speed>
      </trkpt>
      <trkpt lat="29.383688" lon="119.335584">
        <ele>709.175483</ele>
        <time>2025-03-20T08:11:27Z</time>
        <speed>0.327184</speed>
      </trkpt>
      <trkpt lat="29.38369" lon="119.33548">
        <ele>710.874808</ele>
        <time>2025-03-20T08:12:30Z</time>
        <speed>0.104813</speed>
      </trkpt>
      <trkpt lat="29.383628" lon="119.335393">
        <ele>713.7167</ele>
        <time>2025-03-20T08:13:23Z</time>
        <speed>0.380882</speed>
      </trkpt>
      <trkpt lat="29.38359" lon="119.335299">
        <ele>707.169137</ele>
        <time>2025-03-20T08:14:06Z</time>
        <speed>0.049479</speed>
      </trkpt>
      <trkpt lat="29.38355" lon="119.335203">
        <ele>706.697426</ele>
        <time>2025-03-20T08:14:30Z</time>
        <speed>0.406222</speed>
      </trkpt>
      <trkpt lat="29.383505" lon="119.335109">
        <ele>706.495705</ele>
        <time>2025-03-20T08:14:49Z</time>
        <speed>0.424704</speed>
      </trkpt>
      <trkpt lat="29.383449" lon="119.335022">
        <ele>704.104232</ele>
        <time>2025-03-20T08:15:07Z</time>
        <speed>0.557756</speed>
      </trkpt>
      <trkpt lat="29.383381" lon="119.334954">
        <ele>706.993965</ele>
        <time>2025-03-20T08:15:31Z</time>
        <speed>0.73401</speed>
      </trkpt>
      <trkpt lat="29.383356" lon="119.334852">
        <ele>716.564618</ele>
        <time>2025-03-20T08:16:34Z</time>
        <speed>0.292561</speed>
      </trkpt>
      <trkpt lat="29.383353" lon="119.334742">
        <ele>717.846211</ele>
        <time>2025-03-20T08:17:09Z</time>
        <speed>1.569136</speed>
      </trkpt>
      <trkpt lat="29.383268" lon="119.334695">
        <ele>711.561198</ele>
        <time>2025-03-20T08:17:55Z</time>
        <speed>0.474855</speed>
      </trkpt>
      <trkpt lat="29.383204" lon="119.334621">
        <ele>710.094028</ele>
        <time>2025-03-20T08:18:54Z</time>
        <speed>0.234567</speed>
      </trkpt>
      <trkpt lat="29.383105" lon="119.33458">
        <ele>712.282226</ele>
        <time>2025-03-20T08:19:11Z</time>
        <speed>1.047551</speed>
      </trkpt>
      <trkpt lat="29.383069" lon="119.334477">
        <ele>713.693859</ele>
        <time>2025-03-20T08:19:55Z</time>
        <speed>0.044539</speed>
      </trkpt>
      <trkpt lat="29.382986" lon="119.334437">
        <ele>718.762619</ele>
        <time>2025-03-20T08:20:38Z</time>
        <speed>0.588918</speed>
      </trkpt>
      <trkpt lat="29.382899" lon="119.334407">
        <ele>715.078512</ele>
        <time>2025-03-20T08:21:29Z</time>
        <speed>0.272953</speed>
      </trkpt>
      <trkpt lat="29.382809" lon="119.334419">
        <ele>717.942791</ele>
        <time>2025-03-20T08:22:33Z</time>
        <speed>0.336053</speed>
      </trkpt>
      <trkpt lat="29.382688" lon="119.3344">
        <ele>715.9612</ele>
        <time>2025-03-20T08:23:15Z</time>
        <speed>1.753695</speed>
      </trkpt>
      <trkpt lat="29.382606" lon="119.334354">
        <ele>714.948111</ele>
        <time>2025-03-20T08:33:14Z</time>
        <speed>0.249199</speed>
      </trkpt>
      <trkpt lat="29.382522" lon="119.334316">
        <ele>712.035015</ele>
        <time>2025-03-20T08:33:42Z</time>
        <speed>1.135539</speed>
      </trkpt>
      <trkpt lat="29.382441" lon="119.334364">
        <ele>712.560805</ele>
        <time>2025-03-20T08:35:06Z</time>
        <speed>0.204629</speed>
      </trkpt>
      <trkpt lat="29.382357" lon="119.334419">
        <ele>703.85896</ele>
        <time>2025-03-20T08:36:46Z</time>
        <speed>0.480694</speed>
      </trkpt>
      <trkpt lat="29.382266" lon="119.334442">
        <ele>696.312172</ele>
        <time>2025-03-20T08:37:37Z</time>
        <speed>0.368321</speed>
      </trkpt>
      <trkpt lat="29.382171" lon="119.334476">
        <ele>693.106734</ele>
        <time>2025-03-20T08:38:17Z</time>
        <speed>0.490915</speed>
      </trkpt>
      <trkpt lat="29.382098" lon="119.334538">
        <ele>689.355557</ele>
        <time>2025-03-20T08:38:39Z</time>
        <speed>0.462702</speed>
      </trkpt>
      <trkpt lat="29.382015" lon="119.334581">
        <ele>686.920558</ele>
        <time>2025-03-20T08:38:58Z</time>
        <speed>0.17224</speed>
      </trkpt>
      <trkpt lat="29.381929" lon="119.334624">
        <ele>686.705503</ele>
        <time>2025-03-20T08:39:26Z</time>
        <speed>0.101323</speed>
      </trkpt>
      <trkpt lat="29.381843" lon="119.334655">
        <ele>690.787089</ele>
        <time>2025-03-20T08:39:38Z</time>
        <speed>0.590823</speed>
      </trkpt>
      <trkpt lat="29.381752" lon="119.334646">
        <ele>693.471866</ele>
        <time>2025-03-20T08:39:50Z</time>
        <speed>0.88215</speed>
      </trkpt>
      <trkpt lat="29.381658" lon="119.334656">
        <ele>694.222923</ele>
        <time>2025-03-20T08:40:07Z</time>
        <speed>0.790089</speed>
      </trkpt>
      <trkpt lat="29.381566" lon="119.334669">
        <ele>690.432932</ele>
        <time>2025-03-20T08:40:34Z</time>
        <speed>0.249584</speed>
      </trkpt>
      <trkpt lat="29.381478" lon="119.334715">
        <ele>687.350983</ele>
        <time>2025-03-20T08:40:59Z</time>
        <speed>0.538453</speed>
      </trkpt>
      <trkpt lat="29.381391" lon="119.334755">
        <ele>685.008876</ele>
        <time>2025-03-20T08:41:17Z</time>
        <speed>1.052</speed>
      </trkpt>
      <trkpt lat="29.381302" lon="119.334774">
        <ele>685.824805</ele>
        <time>2025-03-20T08:41:31Z</time>
        <speed>0.687981</speed>
      </trkpt>
      <trkpt lat="29.381217" lon="119.334824">
        <ele>688.235623</ele>
        <time>2025-03-20T08:41:54Z</time>
        <speed>0.836196</speed>
      </trkpt>
      <trkpt lat="29.381127" lon="119.334869">
        <ele>686.919763</ele>
        <time>2025-03-20T08:42:06Z</time>
        <speed>1.01218</speed>
      </trkpt>
      <trkpt lat="29.381037" lon="119.334909">
        <ele>682.947955</ele>
        <time>2025-03-20T08:42:21Z</time>
        <speed>0.824271</speed>
      </trkpt>
      <trkpt lat="29.380937" lon="119.334924">
        <ele>685.421348</ele>
        <time>2025-03-20T08:42:43Z</time>
        <speed>1.128931</speed>
      </trkpt>
      <trkpt lat="29.380846" lon="119.334931">
        <ele>687.75663</ele>
        <time>2025-03-20T08:42:56Z</time>
        <speed>0.45628</speed>
      </trkpt>
      <trkpt lat="29.380734" lon="119.33495">
        <ele>688.130707</ele>
        <time>2025-03-20T08:43:07Z</time>
        <speed>1.528971</speed>
      </trkpt>
      <trkpt lat="29.380645" lon="119.334992">
        <ele>685.485348</ele>
        <time>2025-03-20T08:43:36Z</time>
        <speed>0.341897</speed>
      </trkpt>
      <trkpt lat="29.38056" lon="119.335027">
        <ele>683.320575</ele>
        <time>2025-03-20T08:44:22Z</time>
        <speed>0.315609</speed>
      </trkpt>
      <trkpt lat="29.380471" lon="119.335058">
        <ele>678.91836</ele>
        <time>2025-03-20T08:44:47Z</time>
        <speed>0.563115</speed>
      </trkpt>
      <trkpt lat="29.380383" lon="119.335083">
        <ele>672.172473</ele>
        <time>2025-03-20T08:45:04Z</time>
        <speed>0.667235</speed>
      </trkpt>
      <trkpt lat="29.380294" lon="119.335112">
        <ele>670.811878</ele>
        <time>2025-03-20T08:45:21Z</time>
        <speed>0.436482</speed>
      </trkpt>
      <trkpt lat="29.3802" lon="119.33514">
        <ele>674.180215</ele>
        <time>2025-03-20T08:45:52Z</time>
        <speed>0.74611</speed>
      </trkpt>
      <trkpt lat="29.380114" lon="119.335173">
        <ele>676.182504</ele>
        <time>2025-03-20T08:46:14Z</time>
        <speed>0.324898</speed>
      </trkpt>
      <trkpt lat="29.380019" lon="119.335216">
        <ele>678.407882</ele>
        <time>2025-03-20T08:46:38Z</time>
        <speed>0.910908</speed>
      </trkpt>
      <trkpt lat="29.379924" lon="119.335248">
        <ele>678.267151</ele>
        <time>2025-03-20T08:47:00Z</time>
        <speed>0.625528</speed>
      </trkpt>
      <trkpt lat="29.379845" lon="119.335306">
        <ele>677.485209</ele>
        <time>2025-03-20T08:47:22Z</time>
        <speed>0.60037</speed>
      </trkpt>
      <trkpt lat="29.379761" lon="119.335352">
        <ele>677.178613</ele>
        <time>2025-03-20T08:47:42Z</time>
        <speed>0.355551</speed>
      </trkpt>
      <trkpt lat="29.379689" lon="119.335419">
        <ele>679.0012</ele>
        <time>2025-03-20T08:47:58Z</time>
        <speed>0.419233</speed>
      </trkpt>
      <trkpt lat="29.379601" lon="119.335455">
        <ele>680.044699</ele>
        <time>2025-03-20T08:48:27Z</time>
        <speed>0.178308</speed>
      </trkpt>
      <trkpt lat="29.379516" lon="119.335492">
        <ele>682.792038</ele>
        <time>2025-03-20T08:49:38Z</time>
        <speed>0.432807</speed>
      </trkpt>
      <trkpt lat="29.379438" lon="119.335548">
        <ele>687.295248</ele>
        <time>2025-03-20T08:50:20Z</time>
        <speed>0.501151</speed>
      </trkpt>
      <trkpt lat="29.37935" lon="119.335583">
        <ele>693.095223</ele>
        <time>2025-03-20T08:50:46Z</time>
        <speed>0.346259</speed>
      </trkpt>
      <trkpt lat="29.379261" lon="119.335604">
        <ele>696.300817</ele>
        <time>2025-03-20T08:51:39Z</time>
        <speed>0.232288</speed>
      </trkpt>
      <trkpt lat="29.379177" lon="119.335645">
        <ele>700.765781</ele>
        <time>2025-03-20T08:52:28Z</time>
        <speed>0.319041</speed>
      </trkpt>
      <trkpt lat="29.379083" lon="119.335648">
        <ele>708.21852</ele>
        <time>2025-03-20T08:54:14Z</time>
        <speed>0.144703</speed>
      </trkpt>
      <trkpt lat="29.379009" lon="119.335708">
        <ele>716.603879</ele>
        <time>2025-03-20T08:55:44Z</time>
        <speed>0.08429</speed>
      </trkpt>
      <trkpt lat="29.378921" lon="119.335749">
        <ele>718.717898</ele>
        <time>2025-03-20T09:00:04Z</time>
        <speed>0.741895</speed>
      </trkpt>
      <trkpt lat="29.378856" lon="119.33582">
        <ele>710.496157</ele>
        <time>2025-03-20T09:02:33Z</time>
        <speed>0.435428</speed>
      </trkpt>
      <trkpt lat="29.37876" lon="119.33583">
        <ele>721.682324</ele>
        <time>2025-03-20T09:08:51Z</time>
        <speed>0.600252</speed>
      </trkpt>
      <trkpt lat="29.378668" lon="119.335833">
        <ele>726.916869</ele>
        <time>2025-03-20T09:09:14Z</time>
        <speed>0.516343</speed>
      </trkpt>
      <trkpt lat="29.37857" lon="119.335835">
        <ele>730.426165</ele>
        <time>2025-03-20T09:09:29Z</time>
        <speed>1.761977</speed>
      </trkpt>
      <trkpt lat="29.378477" lon="119.335844">
        <ele>757.732179</ele>
        <time>2025-03-20T09:11:27Z</time>
        <speed>0.703581</speed>
      </trkpt>
      <trkpt lat="29.37841" lon="119.335923">
        <ele>763.685356</ele>
        <time>2025-03-20T09:12:15Z</time>
        <speed>0.600486</speed>
      </trkpt>
      <trkpt lat="29.378369" lon="119.33602">
        <ele>761.007878</ele>
        <time>2025-03-20T09:13:47Z</time>
        <speed>0.046041</speed>
      </trkpt>
      <trkpt lat="29.378333" lon="119.336116">
        <ele>760.143175</ele>
        <time>2025-03-20T09:14:54Z</time>
        <speed>0.038501</speed>
      </trkpt>
      <trkpt lat="29.378325" lon="119.336219">
        <ele>750.722158</ele>
        <time>2025-03-20T09:16:55Z</time>
        <speed>0.217242</speed>
      </trkpt>
      <trkpt lat="29.378317" lon="119.336325">
        <ele>744.501284</ele>
        <time>2025-03-20T09:18:06Z</time>
        <speed>0.513679</speed>
      </trkpt>
      <trkpt lat="29.378332" lon="119.336428">
        <ele>741.486821</ele>
        <time>2025-03-20T09:18:34Z</time>
        <speed>0.659436</speed>
      </trkpt>
      <trkpt lat="29.378333" lon="119.336532">
        <ele>738.844411</ele>
        <time>2025-03-20T09:18:52Z</time>
        <speed>0.968667</speed>
      </trkpt>
      <trkpt lat="29.378326" lon="119.336636">
        <ele>736.145662</ele>
        <time>2025-03-20T09:19:36Z</time>
        <speed>0.215031</speed>
      </trkpt>
      <trkpt lat="29.378333" lon="119.336742">
        <ele>730.253432</ele>
        <time>2025-03-20T09:20:50Z</time>
        <speed>0.544068</speed>
      </trkpt>
      <trkpt lat="29.37834" lon="119.336854">
        <ele>720.224581</ele>
        <time>2025-03-20T09:23:08Z</time>
        <speed>0.359168</speed>
      </trkpt>
      <trkpt lat="29.378333" lon="119.33696">
        <ele>718.304581</ele>
        <time>2025-03-20T09:23:26Z</time>
        <speed>0.59087</speed>
      </trkpt>
      <trkpt lat="29.378325" lon="119.33707">
        <ele>705.466128</ele>
        <time>2025-03-20T09:26:13Z</time>
        <speed>0.925654</speed>
      </trkpt>
      <trkpt lat="29.37829" lon="119.337165">
        <ele>706.341802</ele>
        <time>2025-03-20T09:26:26Z</time>
        <speed>0.160107</speed>
      </trkpt>
      <trkpt lat="29.378277" lon="119.337279">
        <ele>709.601147</ele>
        <time>2025-03-20T09:27:45Z</time>
        <speed>1.347005</speed>
      </trkpt>
      <trkpt lat="29.378292" lon="119.337386">
        <ele>713.65324</ele>
        <time>2025-03-20T09:30:23Z</time>
        <speed>0.617734</speed>
      </trkpt>
      <trkpt lat="29.378332" lon="119.337485">
        <ele>718.097997</ele>
        <time>2025-03-20T09:30:57Z</time>
        <speed>0.674605</speed>
      </trkpt>
      <trkpt lat="29.378317" lon="119.337593">
        <ele>719.569495</ele>
        <time>2025-03-20T09:31:16Z</time>
        <speed>0.508933</speed>
      </trkpt>
      <trkpt lat="29.378294" lon="119.337695">
        <ele>717.709445</ele>
        <time>2025-03-20T09:31:57Z</time>
        <speed>0.56529</speed>
      </trkpt>
      <trkpt lat="29.378241" lon="119.337779">
        <ele>714.356214</ele>
        <time>2025-03-20T09:32:32Z</time>
        <speed>0.239512</speed>
      </trkpt>
      <trkpt lat="29.378241" lon="119.337883">
        <ele>715.034261</ele>
        <time>2025-03-20T09:34:19Z</time>
        <speed>0.090404</speed>
      </trkpt>
      <trkpt lat="29.378147" lon="119.337892">
        <ele>698.685879</ele>
        <time>2025-03-20T09:39:24Z</time>
        <speed>3.462466</speed>
      </trkpt>
      <trkpt lat="29.378234" lon="119.337942">
        <ele>698.847687</ele>
        <time>2025-03-20T09:39:50Z</time>
        <speed>0.090698</speed>
      </trkpt>
      <trkpt lat="29.378238" lon="119.338054">
        <ele>700.404631</ele>
        <time>2025-03-20T09:40:46Z</time>
        <speed>0.057689</speed>
      </trkpt>
      <trkpt lat="29.378207" lon="119.338157">
        <ele>701.722889</ele>
        <time>2025-03-20T09:41:44Z</time>
        <speed>0.280019</speed>
      </trkpt>
      <trkpt lat="29.378186" lon="119.33826">
        <ele>690.863466</ele>
        <time>2025-03-20T09:43:07Z</time>
        <speed>0.542966</speed>
      </trkpt>
      <trkpt lat="29.378156" lon="119.338366">
        <ele>687.981669</ele>
        <time>2025-03-20T09:43:41Z</time>
        <speed>0.386245</speed>
      </trkpt>
      <trkpt lat="29.378138" lon="119.338473">
        <ele>686.496386</ele>
        <time>2025-03-20T09:43:53Z</time>
        <speed>0.806459</speed>
      </trkpt>
      <trkpt lat="29.378135" lon="119.33858">
        <ele>684.268726</ele>
        <time>2025-03-20T09:44:04Z</time>
        <speed>0.731527</speed>
      </trkpt>
      <trkpt lat="29.378123" lon="119.338691">
        <ele>684.019417</ele>
        <time>2025-03-20T09:44:14Z</time>
        <speed>0.672236</speed>
      </trkpt>
      <trkpt lat="29.378137" lon="119.338793">
        <ele>682.23481</ele>
        <time>2025-03-20T09:44:28Z</time>
        <speed>0.650123</speed>
      </trkpt>
      <trkpt lat="29.378104" lon="119.338891">
        <ele>681.420207</ele>
        <time>2025-03-20T09:44:52Z</time>
        <speed>0.303372</speed>
      </trkpt>
      <trkpt lat="29.378116" lon="119.338999">
        <ele>679.728715</ele>
        <time>2025-03-20T09:45:11Z</time>
        <speed>0.362229</speed>
      </trkpt>
      <trkpt lat="29.378143" lon="119.339099">
        <ele>671.198666</ele>
        <time>2025-03-20T09:46:23Z</time>
        <speed>0.087597</speed>
      </trkpt>
      <trkpt lat="29.378104" lon="119.339194">
        <ele>667.676514</ele>
        <time>2025-03-20T09:48:09Z</time>
        <speed>0.085759</speed>
      </trkpt>
      <trkpt lat="29.378158" lon="119.339281">
        <ele>653.640251</ele>
        <time>2025-03-20T09:50:15Z</time>
        <speed>0.204227</speed>
      </trkpt>
      <trkpt lat="29.378159" lon="119.339395">
        <ele>654.328828</ele>
        <time>2025-03-20T09:52:15Z</time>
        <speed>0.715488</speed>
      </trkpt>
      <trkpt lat="29.378202" lon="119.339487">
        <ele>639.764752</ele>
        <time>2025-03-20T09:53:44Z</time>
        <speed>0.15338</speed>
      </trkpt>
      <trkpt lat="29.378222" lon="119.339589">
        <ele>635.626221</ele>
        <time>2025-03-20T09:54:19Z</time>
        <speed>0.06565</speed>
      </trkpt>
      <trkpt lat="29.378226" lon="119.339693">
        <ele>629.544253</ele>
        <time>2025-03-20T09:54:51Z</time>
        <speed>0.146221</speed>
      </trkpt>
      <trkpt lat="29.378218" lon="119.339804">
        <ele>629.447729</ele>
        <time>2025-03-20T09:55:34Z</time>
        <speed>0.079262</speed>
      </trkpt>
      <trkpt lat="29.378222" lon="119.339909">
        <ele>621.841366</ele>
        <time>2025-03-20T09:56:33Z</time>
        <speed>0.045972</speed>
      </trkpt>
      <trkpt lat="29.378226" lon="119.340018">
        <ele>618.119933</ele>
        <time>2025-03-20T09:56:53Z</time>
        <speed>0.819347</speed>
      </trkpt>
      <trkpt lat="29.378251" lon="119.340125">
        <ele>612.6449</ele>
        <time>2025-03-20T09:57:17Z</time>
        <speed>0.788106</speed>
      </trkpt>
      <trkpt lat="29.378264" lon="119.340227">
        <ele>607.971807</ele>
        <time>2025-03-20T09:57:36Z</time>
        <speed>0.896957</speed>
      </trkpt>
      <trkpt lat="29.378239" lon="119.340329">
        <ele>607.88506</ele>
        <time>2025-03-20T09:58:10Z</time>
        <speed>0.356722</speed>
      </trkpt>
      <trkpt lat="29.378269" lon="119.340426">
        <ele>607.498813</ele>
        <time>2025-03-20T09:59:10Z</time>
        <speed>0.186783</speed>
      </trkpt>
      <trkpt lat="29.378205" lon="119.340502">
        <ele>599.736292</ele>
        <time>2025-03-20T09:59:57Z</time>
        <speed>0.262937</speed>
      </trkpt>
      <trkpt lat="29.378193" lon="119.340607">
        <ele>591.954511</ele>
        <time>2025-03-20T10:01:58Z</time>
        <speed>0.016134</speed>
      </trkpt>
      <trkpt lat="29.378161" lon="119.340713">
        <ele>585.809037</ele>
        <time>2025-03-20T10:02:40Z</time>
        <speed>0.930538</speed>
      </trkpt>
      <trkpt lat="29.37812" lon="119.340807">
        <ele>583.835007</ele>
        <time>2025-03-20T10:03:16Z</time>
        <speed>1.007039</speed>
      </trkpt>
      <trkpt lat="29.378132" lon="119.340918">
        <ele>578.182694</ele>
        <time>2025-03-20T10:03:50Z</time>
        <speed>0.611154</speed>
      </trkpt>
      <trkpt lat="29.378148" lon="119.34102">
        <ele>574.233836</ele>
        <time>2025-03-20T10:04:13Z</time>
        <speed>0.688661</speed>
      </trkpt>
      <trkpt lat="29.378128" lon="119.341125">
        <ele>572.43151</ele>
        <time>2025-03-20T10:04:33Z</time>
        <speed>0.491052</speed>
      </trkpt>
      <trkpt lat="29.378123" lon="119.34123">
        <ele>571.803563</ele>
        <time>2025-03-20T10:04:57Z</time>
        <speed>0.374371</speed>
      </trkpt>
      <trkpt lat="29.378126" lon="119.341335">
        <ele>569.410669</ele>
        <time>2025-03-20T10:05:29Z</time>
        <speed>0.423653</speed>
      </trkpt>
      <trkpt lat="29.378129" lon="119.341441">
        <ele>566.441366</ele>
        <time>2025-03-20T10:05:51Z</time>
        <speed>0.256411</speed>
      </trkpt>
      <trkpt lat="29.378124" lon="119.34156">
        <ele>564.971603</ele>
        <time>2025-03-20T10:06:11Z</time>
        <speed>1.30427</speed>
      </trkpt>
      <trkpt lat="29.378147" lon="119.341664">
        <ele>558.544176</ele>
        <time>2025-03-20T10:07:05Z</time>
        <speed>0.065953</speed>
      </trkpt>
      <trkpt lat="29.378145" lon="119.341775">
        <ele>555.447369</ele>
        <time>2025-03-20T10:07:45Z</time>
        <speed>1.001609</speed>
      </trkpt>
      <trkpt lat="29.378147" lon="119.341885">
        <ele>551.404552</ele>
        <time>2025-03-20T10:08:48Z</time>
        <speed>0.184433</speed>
      </trkpt>
      <trkpt lat="29.378123" lon="119.341985">
        <ele>548.892883</ele>
        <time>2025-03-20T10:09:21Z</time>
        <speed>0.184289</speed>
      </trkpt>
      <trkpt lat="29.378076" lon="119.342078">
        <ele>541.729026</ele>
        <time>2025-03-20T10:10:19Z</time>
        <speed>0.280333</speed>
      </trkpt>
      <trkpt lat="29.378038" lon="119.342177">
        <ele>537.716324</ele>
        <time>2025-03-20T10:10:47Z</time>
        <speed>0.264408</speed>
      </trkpt>
      <trkpt lat="29.378019" lon="119.342281">
        <ele>533.747866</ele>
        <time>2025-03-20T10:11:28Z</time>
        <speed>0.396896</speed>
      </trkpt>
      <trkpt lat="29.378007" lon="119.342398">
        <ele>529.174476</ele>
        <time>2025-03-20T10:12:09Z</time>
        <speed>0.650906</speed>
      </trkpt>
      <trkpt lat="29.377947" lon="119.342483">
        <ele>522.169881</ele>
        <time>2025-03-20T10:13:12Z</time>
        <speed>0.089576</speed>
      </trkpt>
      <trkpt lat="29.377971" lon="119.34259">
        <ele>518.091101</ele>
        <time>2025-03-20T10:13:40Z</time>
        <speed>1.07916</speed>
      </trkpt>
      <trkpt lat="29.377963" lon="119.342697">
        <ele>517.762234</ele>
        <time>2025-03-20T10:14:33Z</time>
        <speed>0.056963</speed>
      </trkpt>
      <trkpt lat="29.377904" lon="119.342784">
        <ele>510.859939</ele>
        <time>2025-03-20T10:15:09Z</time>
        <speed>0.074806</speed>
      </trkpt>
      <trkpt lat="29.377861" lon="119.342879">
        <ele>505.30161</ele>
        <time>2025-03-20T10:16:10Z</time>
        <speed>0.443422</speed>
      </trkpt>
      <trkpt lat="29.377854" lon="119.342999">
        <ele>505.565232</ele>
        <time>2025-03-20T10:16:27Z</time>
        <speed>0.910432</speed>
      </trkpt>
      <trkpt lat="29.377829" lon="119.343115">
        <ele>504.378597</ele>
        <time>2025-03-20T10:16:55Z</time>
        <speed>0.920282</speed>
      </trkpt>
      <trkpt lat="29.37778" lon="119.343203">
        <ele>506.01688</ele>
        <time>2025-03-20T10:17:07Z</time>
        <speed>0.657354</speed>
      </trkpt>
      <trkpt lat="29.377701" lon="119.343268">
        <ele>508.673174</ele>
        <time>2025-03-20T10:17:17Z</time>
        <speed>1.122974</speed>
      </trkpt>
      <trkpt lat="29.377611" lon="119.343308">
        <ele>506.758112</ele>
        <time>2025-03-20T10:17:40Z</time>
        <speed>0.862155</speed>
      </trkpt>
      <trkpt lat="29.377551" lon="119.343391">
        <ele>507.863211</ele>
        <time>2025-03-20T10:18:00Z</time>
        <speed>1.507483</speed>
      </trkpt>
      <trkpt lat="29.377499" lon="119.343476">
        <ele>507.627305</ele>
        <time>2025-03-20T10:18:12Z</time>
        <speed>1.112467</speed>
      </trkpt>
      <trkpt lat="29.377418" lon="119.343527">
        <ele>507.305174</ele>
        <time>2025-03-20T10:18:24Z</time>
        <speed>0.804126</speed>
      </trkpt>
      <trkpt lat="29.377352" lon="119.343598">
        <ele>508.197658</ele>
        <time>2025-03-20T10:18:32Z</time>
        <speed>0.901683</speed>
      </trkpt>
      <trkpt lat="29.377289" lon="119.343673">
        <ele>510.228542</ele>
        <time>2025-03-20T10:18:42Z</time>
        <speed>0.52448</speed>
      </trkpt>
      <trkpt lat="29.377201" lon="119.34371">
        <ele>503.541381</ele>
        <time>2025-03-20T10:18:56Z</time>
        <speed>0.498507</speed>
      </trkpt>
      <trkpt lat="29.377113" lon="119.343751">
        <ele>501.347093</ele>
        <time>2025-03-20T10:19:09Z</time>
        <speed>0.94675</speed>
      </trkpt>
      <trkpt lat="29.377019" lon="119.343765">
        <ele>500.447937</ele>
        <time>2025-03-20T10:19:22Z</time>
        <speed>1.030587</speed>
      </trkpt>
      <trkpt lat="29.376919" lon="119.343734">
        <ele>494.96452</ele>
        <time>2025-03-20T10:19:35Z</time>
        <speed>0.661357</speed>
      </trkpt>
      <trkpt lat="29.376826" lon="119.343761">
        <ele>496.242931</ele>
        <time>2025-03-20T10:19:45Z</time>
        <speed>1.091448</speed>
      </trkpt>
      <trkpt lat="29.376737" lon="119.343779">
        <ele>490.815646</ele>
        <time>2025-03-20T10:20:00Z</time>
        <speed>0.799065</speed>
      </trkpt>
      <trkpt lat="29.376644" lon="119.34378">
        <ele>489.127645</ele>
        <time>2025-03-20T10:20:16Z</time>
        <speed>0.398048</speed>
      </trkpt>
      <trkpt lat="29.376565" lon="119.343837">
        <ele>494.066919</ele>
        <time>2025-03-20T10:20:39Z</time>
        <speed>0.333562</speed>
      </trkpt>
      <trkpt lat="29.376475" lon="119.343855">
        <ele>504.212139</ele>
        <time>2025-03-20T10:25:15Z</time>
        <speed>0.115716</speed>
      </trkpt>
      <trkpt lat="29.376381" lon="119.34386">
        <ele>503.817027</ele>
        <time>2025-03-20T10:25:30Z</time>
        <speed>0.821377</speed>
      </trkpt>
      <trkpt lat="29.376296" lon="119.343896">
        <ele>506.469938</ele>
        <time>2025-03-20T10:26:25Z</time>
        <speed>0.175476</speed>
      </trkpt>
      <trkpt lat="29.376218" lon="119.343958">
        <ele>498.898914</ele>
        <time>2025-03-20T10:27:59Z</time>
        <speed>0.661279</speed>
      </trkpt>
      <trkpt lat="29.376151" lon="119.343888">
        <ele>494.024076</ele>
        <time>2025-03-20T10:28:12Z</time>
        <speed>0.4094</speed>
      </trkpt>
      <trkpt lat="29.376035" lon="119.343832">
        <ele>489.842711</ele>
        <time>2025-03-20T10:28:30Z</time>
        <speed>1.809895</speed>
      </trkpt>
      <trkpt lat="29.375939" lon="119.343834">
        <ele>484.801626</ele>
        <time>2025-03-20T10:28:39Z</time>
        <speed>0.885172</speed>
      </trkpt>
      <trkpt lat="29.375857" lon="119.343777">
        <ele>484.483968</ele>
        <time>2025-03-20T10:28:58Z</time>
        <speed>0.36964</speed>
      </trkpt>
      <trkpt lat="29.375787" lon="119.343844">
        <ele>470.210396</ele>
        <time>2025-03-20T10:30:11Z</time>
        <speed>0.380878</speed>
      </trkpt>
      <trkpt lat="29.375684" lon="119.343844">
        <ele>458.369275</ele>
        <time>2025-03-20T10:31:58Z</time>
        <speed>0.714207</speed>
      </trkpt>
      <trkpt lat="29.375592" lon="119.343865">
        <ele>458.10862</ele>
        <time>2025-03-20T10:32:21Z</time>
        <speed>0.393105</speed>
      </trkpt>
      <trkpt lat="29.375501" lon="119.34388">
        <ele>452.92762</ele>
        <time>2025-03-20T10:32:38Z</time>
        <speed>0.552113</speed>
      </trkpt>
      <trkpt lat="29.375402" lon="119.343887">
        <ele>453.689406</ele>
        <time>2025-03-20T10:32:57Z</time>
        <speed>0.416718</speed>
      </trkpt>
      <trkpt lat="29.375319" lon="119.343932">
        <ele>449.444455</ele>
        <time>2025-03-20T10:33:24Z</time>
        <speed>0.25971</speed>
      </trkpt>
      <trkpt lat="29.375229" lon="119.343946">
        <ele>442.417628</ele>
        <time>2025-03-20T10:33:48Z</time>
        <speed>0.702652</speed>
      </trkpt>
      <trkpt lat="29.375138" lon="119.343962">
        <ele>440.326551</ele>
        <time>2025-03-20T10:34:01Z</time>
        <speed>0.446466</speed>
      </trkpt>
      <trkpt lat="29.375043" lon="119.343951">
        <ele>440.240896</ele>
        <time>2025-03-20T10:34:14Z</time>
        <speed>0.768686</speed>
      </trkpt>
      <trkpt lat="29.374943" lon="119.343965">
        <ele>439.485199</ele>
        <time>2025-03-20T10:34:25Z</time>
        <speed>0.593766</speed>
      </trkpt>
      <trkpt lat="29.374854" lon="119.343983">
        <ele>438.586169</ele>
        <time>2025-03-20T10:34:38Z</time>
        <speed>0.219686</speed>
      </trkpt>
      <trkpt lat="29.374765" lon="119.344001">
        <ele>437.751315</ele>
        <time>2025-03-20T10:35:12Z</time>
        <speed>0.0</speed>
      </trkpt>
      <trkpt lat="29.374695" lon="119.344071">
        <ele>432.332814</ele>
        <time>2025-03-20T10:36:22Z</time>
        <speed>0.229622</speed>
      </trkpt>
      <trkpt lat="29.374624" lon="119.344135">
        <ele>435.381204</ele>
        <time>2025-03-20T10:37:02Z</time>
        <speed>0.92796</speed>
      </trkpt>
      <trkpt lat="29.37453" lon="119.344157">
        <ele>440.501748</ele>
        <time>2025-03-20T10:37:20Z</time>
        <speed>0.73903</speed>
      </trkpt>
      <trkpt lat="29.374439" lon="119.344146">
        <ele>444.036963</ele>
        <time>2025-03-20T10:37:35Z</time>
        <speed>0.578787</speed>
      </trkpt>
      <trkpt lat="29.374346" lon="119.34415">
        <ele>444.111784</ele>
        <time>2025-03-20T10:37:54Z</time>
        <speed>0.489688</speed>
      </trkpt>
      <trkpt lat="29.374247" lon="119.344131">
        <ele>443.05686</ele>
        <time>2025-03-20T10:38:07Z</time>
        <speed>0.806149</speed>
      </trkpt>
      <trkpt lat="29.374162" lon="119.34418">
        <ele>440.563846</ele>
        <time>2025-03-20T10:38:32Z</time>
        <speed>0.706348</speed>
      </trkpt>
      <trkpt lat="29.374073" lon="119.344164">
        <ele>440.707041</ele>
        <time>2025-03-20T10:38:41Z</time>
        <speed>0.650315</speed>
      </trkpt>
      <trkpt lat="29.373974" lon="119.34415">
        <ele>441.117124</ele>
        <time>2025-03-20T10:38:51Z</time>
        <speed>1.584856</speed>
      </trkpt>
      <trkpt lat="29.373882" lon="119.344165">
        <ele>443.239101</ele>
        <time>2025-03-20T10:39:08Z</time>
        <speed>0.533397</speed>
      </trkpt>
      <trkpt lat="29.373788" lon="119.344204">
        <ele>440.108787</ele>
        <time>2025-03-20T10:39:19Z</time>
        <speed>0.993402</speed>
      </trkpt>
      <trkpt lat="29.3737" lon="119.34424">
        <ele>441.467725</ele>
        <time>2025-03-20T10:39:29Z</time>
        <speed>0.592491</speed>
      </trkpt>
      <trkpt lat="29.373609" lon="119.344266">
        <ele>443.569128</ele>
        <time>2025-03-20T10:39:38Z</time>
        <speed>1.0482</speed>
      </trkpt>
      <trkpt lat="29.373519" lon="119.344296">
        <ele>443.593295</ele>
        <time>2025-03-20T10:39:48Z</time>
        <speed>0.629447</speed>
      </trkpt>
      <trkpt lat="29.373427" lon="119.344335">
        <ele>443.111513</ele>
        <time>2025-03-20T10:39:58Z</time>
        <speed>1.024848</speed>
      </trkpt>
      <trkpt lat="29.373343" lon="119.344378">
        <ele>445.147776</ele>
        <time>2025-03-20T10:40:09Z</time>
        <speed>0.74173</speed>
      </trkpt>
      <trkpt lat="29.373273" lon="119.344457">
        <ele>445.456036</ele>
        <time>2025-03-20T10:40:19Z</time>
        <speed>0.79953</speed>
      </trkpt>
      <trkpt lat="29.373237" lon="119.344553">
        <ele>446.05823</ele>
        <time>2025-03-20T10:40:30Z</time>
        <speed>0.175712</speed>
      </trkpt>
      <trkpt lat="29.373206" lon="119.344653">
        <ele>446.363545</ele>
        <time>2025-03-20T10:40:38Z</time>
        <speed>1.011174</speed>
      </trkpt>
      <trkpt lat="29.373156" lon="119.344751">
        <ele>445.196687</ele>
        <time>2025-03-20T10:40:47Z</time>
        <speed>0.90317</speed>
      </trkpt>
      <trkpt lat="29.37311" lon="119.344841">
        <ele>441.851714</ele>
        <time>2025-03-20T10:41:00Z</time>
        <speed>1.015011</speed>
      </trkpt>
      <trkpt lat="29.373044" lon="119.344921">
        <ele>441.088181</ele>
        <time>2025-03-20T10:41:11Z</time>
        <speed>0.642733</speed>
      </trkpt>
      <trkpt lat="29.372986" lon="119.345002">
        <ele>439.004254</ele>
        <time>2025-03-20T10:41:21Z</time>
        <speed>1.25775</speed>
      </trkpt>
      <trkpt lat="29.372914" lon="119.345065">
        <ele>431.075663</ele>
        <time>2025-03-20T10:41:52Z</time>
        <speed>0.20387</speed>
      </trkpt>
      <trkpt lat="29.372833" lon="119.345116">
        <ele>425.400706</ele>
        <time>2025-03-20T10:42:25Z</time>
        <speed>0.446195</speed>
      </trkpt>
      <trkpt lat="29.372745" lon="119.345145">
        <ele>417.620921</ele>
        <time>2025-03-20T10:43:14Z</time>
        <speed>0.086494</speed>
      </trkpt>
      <trkpt lat="29.372646" lon="119.345131">
        <ele>412.481494</ele>
        <time>2025-03-20T10:43:32Z</time>
        <speed>0.691021</speed>
      </trkpt>
      <trkpt lat="29.372551" lon="119.345153">
        <ele>408.515488</ele>
        <time>2025-03-20T10:43:48Z</time>
        <speed>0.798511</speed>
      </trkpt>
      <trkpt lat="29.372447" lon="119.345176">
        <ele>405.447385</ele>
        <time>2025-03-20T10:43:58Z</time>
        <speed>1.789393</speed>
      </trkpt>
      <trkpt lat="29.372357" lon="119.345207">
        <ele>406.04075</ele>
        <time>2025-03-20T10:44:08Z</time>
        <speed>0.831337</speed>
      </trkpt>
      <trkpt lat="29.372336" lon="119.345307">
        <ele>404.875047</ele>
        <time>2025-03-20T10:44:59Z</time>
        <speed>0.810582</speed>
      </trkpt>
      <trkpt lat="29.372256" lon="119.345359">
        <ele>401.063144</ele>
        <time>2025-03-20T10:45:28Z</time>
        <speed>0.042476</speed>
      </trkpt>
      <trkpt lat="29.372248" lon="119.345471">
        <ele>395.759041</ele>
        <time>2025-03-20T10:46:06Z</time>
        <speed>0.671724</speed>
      </trkpt>
      <trkpt lat="29.372156" lon="119.345473">
        <ele>390.327726</ele>
        <time>2025-03-20T10:47:00Z</time>
        <speed>0.414688</speed>
      </trkpt>
      <trkpt lat="29.372152" lon="119.345578">
        <ele>390.377309</ele>
        <time>2025-03-20T10:47:31Z</time>
        <speed>0.0</speed>
      </trkpt>
      <trkpt lat="29.372121" lon="119.34568">
        <ele>380.092662</ele>
        <time>2025-03-20T10:48:13Z</time>
        <speed>0.617136</speed>
      </trkpt>
      <trkpt lat="29.372035" lon="119.345712">
        <ele>373.266738</ele>
        <time>2025-03-20T10:48:47Z</time>
        <speed>0.282172</speed>
      </trkpt>
      <trkpt lat="29.372045" lon="119.345815">
        <ele>367.201553</ele>
        <time>2025-03-20T10:49:08Z</time>
        <speed>0.465971</speed>
      </trkpt>
      <trkpt lat="29.372016" lon="119.345913">
        <ele>362.635212</ele>
        <time>2025-03-20T10:49:41Z</time>
        <speed>0.720364</speed>
      </trkpt>
      <trkpt lat="29.37201" lon="119.34602">
        <ele>357.32907</ele>
        <time>2025-03-20T10:50:15Z</time>
        <speed>0.216345</speed>
      </trkpt>
      <trkpt lat="29.371974" lon="119.346117">
        <ele>356.202848</ele>
        <time>2025-03-20T10:50:21Z</time>
        <speed>1.556823</speed>
      </trkpt>
      <trkpt lat="29.371934" lon="119.346221">
        <ele>349.459757</ele>
        <time>2025-03-20T10:51:14Z</time>
        <speed>0.745875</speed>
      </trkpt>
      <trkpt lat="29.371844" lon="119.346204">
        <ele>339.268786</ele>
        <time>2025-03-20T10:52:08Z</time>
        <speed>0.329948</speed>
      </trkpt>
      <trkpt lat="29.371771" lon="119.346141">
        <ele>332.078613</ele>
        <time>2025-03-20T10:52:39Z</time>
        <speed>0.472192</speed>
      </trkpt>
      <trkpt lat="29.371687" lon="119.346095">
        <ele>331.111411</ele>
        <time>2025-03-20T10:53:07Z</time>
        <speed>0.280139</speed>
      </trkpt>
      <trkpt lat="29.371595" lon="119.346062">
        <ele>328.489554</ele>
        <time>2025-03-20T10:53:24Z</time>
        <speed>0.585592</speed>
      </trkpt>
      <trkpt lat="29.371507" lon="119.34611">
        <ele>331.11544</ele>
        <time>2025-03-20T10:53:36Z</time>
        <speed>0.270073</speed>
      </trkpt>
      <trkpt lat="29.371408" lon="119.346146">
        <ele>331.549966</ele>
        <time>2025-03-20T10:53:51Z</time>
        <speed>0.898943</speed>
      </trkpt>
      <trkpt lat="29.371315" lon="119.346192">
        <ele>335.767069</ele>
        <time>2025-03-20T10:54:00Z</time>
        <speed>0.743966</speed>
      </trkpt>
      <trkpt lat="29.371235" lon="119.34625">
        <ele>333.290556</ele>
        <time>2025-03-20T10:54:14Z</time>
        <speed>0.572861</speed>
      </trkpt>
      <trkpt lat="29.371154" lon="119.346307">
        <ele>331.58459</ele>
        <time>2025-03-20T10:54:32Z</time>
        <speed>0.394833</speed>
      </trkpt>
      <trkpt lat="29.371078" lon="119.346376">
        <ele>322.694492</ele>
        <time>2025-03-20T10:55:28Z</time>
        <speed>0.114542</speed>
      </trkpt>
      <trkpt lat="29.370981" lon="119.346373">
        <ele>320.758575</ele>
        <time>2025-03-20T10:55:40Z</time>
        <speed>0.078848</speed>
      </trkpt>
      <trkpt lat="29.37089" lon="119.346374">
        <ele>314.823292</ele>
        <time>2025-03-20T10:56:11Z</time>
        <speed>0.180562</speed>
      </trkpt>
      <trkpt lat="29.370818" lon="119.346447">
        <ele>309.502773</ele>
        <time>2025-03-20T10:57:00Z</time>
        <speed>0.931413</speed>
      </trkpt>
      <trkpt lat="29.370782" lon="119.346544">
        <ele>305.756044</ele>
        <time>2025-03-20T10:57:47Z</time>
        <speed>0.086953</speed>
      </trkpt>
      <trkpt lat="29.370721" lon="119.346621">
        <ele>302.51123</ele>
        <time>2025-03-20T10:58:06Z</time>
        <speed>0.461846</speed>
      </trkpt>
      <trkpt lat="29.370643" lon="119.346678">
        <ele>300.970159</ele>
        <time>2025-03-20T10:58:18Z</time>
        <speed>1.506911</speed>
      </trkpt>
      <trkpt lat="29.370554" lon="119.346712">
        <ele>298.831839</ele>
        <time>2025-03-20T10:58:53Z</time>
        <speed>0.081663</speed>
      </trkpt>
      <trkpt lat="29.370469" lon="119.346758">
        <ele>295.443779</ele>
        <time>2025-03-20T10:59:16Z</time>
        <speed>0.074206</speed>
      </trkpt>
      <trkpt lat="29.370386" lon="119.346812">
        <ele>284.728684</ele>
        <time>2025-03-20T10:59:51Z</time>
        <speed>1.119353</speed>
      </trkpt>
      <trkpt lat="29.370303" lon="119.346867">
        <ele>281.375455</ele>
        <time>2025-03-20T11:00:00Z</time>
        <speed>0.997867</speed>
      </trkpt>
      <trkpt lat="29.370213" lon="119.346884">
        <ele>279.140966</ele>
        <time>2025-03-20T11:00:18Z</time>
        <speed>0.732743</speed>
      </trkpt>
      <trkpt lat="29.370116" lon="119.346885">
        <ele>276.39335</ele>
        <time>2025-03-20T11:00:37Z</time>
        <speed>0.962825</speed>
      </trkpt>
      <trkpt lat="29.370023" lon="119.346897">
        <ele>273.722065</ele>
        <time>2025-03-20T11:00:54Z</time>
        <speed>1.06895</speed>
      </trkpt>
      <trkpt lat="29.36993" lon="119.346888">
        <ele>269.49578</ele>
        <time>2025-03-20T11:01:14Z</time>
        <speed>0.348712</speed>
      </trkpt>
      <trkpt lat="29.369838" lon="119.346891">
        <ele>266.39709</ele>
        <time>2025-03-20T11:01:41Z</time>
        <speed>0.199404</speed>
      </trkpt>
      <trkpt lat="29.369755" lon="119.346851">
        <ele>260.507899</ele>
        <time>2025-03-20T11:02:06Z</time>
        <speed>0.399508</speed>
      </trkpt>
      <trkpt lat="29.369677" lon="119.346796">
        <ele>252.953568</ele>
        <time>2025-03-20T11:02:35Z</time>
        <speed>0.238885</speed>
      </trkpt>
      <trkpt lat="29.369596" lon="119.346749">
        <ele>246.746585</ele>
        <time>2025-03-20T11:03:13Z</time>
        <speed>0.180911</speed>
      </trkpt>
      <trkpt lat="29.369509" lon="119.346716">
        <ele>241.01435</ele>
        <time>2025-03-20T11:03:55Z</time>
        <speed>0.472915</speed>
      </trkpt>
      <trkpt lat="29.36942" lon="119.346692">
        <ele>235.146359</ele>
        <time>2025-03-20T11:04:35Z</time>
        <speed>0.58194</speed>
      </trkpt>
      <trkpt lat="29.369349" lon="119.346758">
        <ele>229.89722</ele>
        <time>2025-03-20T11:05:16Z</time>
        <speed>0.45461</speed>
      </trkpt>
      <trkpt lat="29.369385" lon="119.346855">
        <ele>230.583106</ele>
        <time>2025-03-20T11:05:32Z</time>
        <speed>0.375778</speed>
      </trkpt>
      <trkpt lat="29.369414" lon="119.346954">
        <ele>229.997734</ele>
        <time>2025-03-20T11:05:41Z</time>
        <speed>0.904276</speed>
      </trkpt>
      <trkpt lat="29.369447" lon="119.347053">
        <ele>230.814106</ele>
        <time>2025-03-20T11:05:52Z</time>
        <speed>0.755601</speed>
      </trkpt>
      <trkpt lat="29.369448" lon="119.347156">
        <ele>230.431852</ele>
        <time>2025-03-20T11:06:05Z</time>
        <speed>0.37637</speed>
      </trkpt>
      <trkpt lat="29.369388" lon="119.347237">
        <ele>232.002522</ele>
        <time>2025-03-20T11:07:00Z</time>
        <speed>0.748711</speed>
      </trkpt>
      <trkpt lat="29.369294" lon="119.347238">
        <ele>228.153488</ele>
        <time>2025-03-20T11:07:13Z</time>
        <speed>0.435068</speed>
      </trkpt>
      <trkpt lat="29.369202" lon="119.347225">
        <ele>227.456626</ele>
        <time>2025-03-20T11:07:37Z</time>
        <speed>0.471136</speed>
      </trkpt>
      <trkpt lat="29.369118" lon="119.347181">
        <ele>223.621715</ele>
        <time>2025-03-20T11:08:02Z</time>
        <speed>0.738587</speed>
      </trkpt>
      <trkpt lat="29.369034" lon="119.347134">
        <ele>215.115677</ele>
        <time>2025-03-20T11:08:44Z</time>
        <speed>0.181937</speed>
      </trkpt>
      <trkpt lat="29.368953" lon="119.347081">
        <ele>206.778789</ele>
        <time>2025-03-20T11:09:11Z</time>
        <speed>0.456407</speed>
      </trkpt>
      <trkpt lat="29.368883" lon="119.347015">
        <ele>201.964</ele>
        <time>2025-03-20T11:09:30Z</time>
        <speed>0.579747</speed>
      </trkpt>
      <trkpt lat="29.368798" lon="119.346959">
        <ele>197.230213</ele>
        <time>2025-03-20T11:09:56Z</time>
        <speed>0.890333</speed>
      </trkpt>
      <trkpt lat="29.368719" lon="119.346901">
        <ele>193.878493</ele>
        <time>2025-03-20T11:10:47Z</time>
        <speed>0.286764</speed>
      </trkpt>
      <trkpt lat="29.368628" lon="119.346906">
        <ele>190.420225</ele>
        <time>2025-03-20T11:11:06Z</time>
        <speed>0.498267</speed>
      </trkpt>
      <trkpt lat="29.368532" lon="119.346896">
        <ele>184.865825</ele>
        <time>2025-03-20T11:11:30Z</time>
        <speed>0.47748</speed>
      </trkpt>
      <trkpt lat="29.368441" lon="119.346864">
        <ele>179.741092</ele>
        <time>2025-03-20T11:24:10Z</time>
        <speed>0.468422</speed>
      </trkpt>
      <trkpt lat="29.368413" lon="119.346765">
        <ele>177.118479</ele>
        <time>2025-03-20T11:24:23Z</time>
        <speed>0.576218</speed>
      </trkpt>
      <trkpt lat="29.368362" lon="119.346679">
        <ele>172.500659</ele>
        <time>2025-03-20T11:24:58Z</time>
        <speed>0.301666</speed>
      </trkpt>
      <trkpt lat="29.368272" lon="119.346661">
        <ele>171.123369</ele>
        <time>2025-03-20T11:25:17Z</time>
        <speed>0.757239</speed>
      </trkpt>
      <trkpt lat="29.368183" lon="119.346637">
        <ele>170.373985</ele>
        <time>2025-03-20T11:25:49Z</time>
        <speed>0.40299</speed>
      </trkpt>
      <trkpt lat="29.368097" lon="119.346605">
        <ele>166.106061</ele>
        <time>2025-03-20T11:26:19Z</time>
        <speed>0.164227</speed>
      </trkpt>
      <trkpt lat="29.368021" lon="119.346663">
        <ele>164.779644</ele>
        <time>2025-03-20T11:26:58Z</time>
        <speed>0.706206</speed>
      </trkpt>
      <trkpt lat="29.367938" lon="119.346614">
        <ele>162.601948</ele>
        <time>2025-03-20T11:27:16Z</time>
        <speed>0.563206</speed>
      </trkpt>
      <trkpt lat="29.367871" lon="119.346535">
        <ele>160.621828</ele>
        <time>2025-03-20T11:27:34Z</time>
        <speed>0.458384</speed>
      </trkpt>
      <trkpt lat="29.367792" lon="119.346482">
        <ele>158.911119</ele>
        <time>2025-03-20T11:27:49Z</time>
        <speed>0.559193</speed>
      </trkpt>
      <trkpt lat="29.367717" lon="119.346417">
        <ele>157.820574</ele>
        <time>2025-03-20T11:28:02Z</time>
        <speed>0.834234</speed>
      </trkpt>
      <trkpt lat="29.367676" lon="119.346324">
        <ele>150.873113</ele>
        <time>2025-03-20T11:28:21Z</time>
        <speed>0.350811</speed>
      </trkpt>
      <trkpt lat="29.367597" lon="119.346269">
        <ele>148.822368</ele>
        <time>2025-03-20T11:28:43Z</time>
        <speed>0.27677</speed>
      </trkpt>
      <trkpt lat="29.367507" lon="119.346267">
        <ele>146.594927</ele>
        <time>2025-03-20T11:29:06Z</time>
        <speed>0.432376</speed>
      </trkpt>
      <trkpt lat="29.367416" lon="119.346279">
        <ele>143.723536</ele>
        <time>2025-03-20T11:29:28Z</time>
        <speed>0.389506</speed>
      </trkpt>
      <trkpt lat="29.367325" lon="119.346265">
        <ele>134.548754</ele>
        <time>2025-03-20T11:30:29Z</time>
        <speed>0.987347</speed>
      </trkpt>
      <trkpt lat="29.367365" lon="119.346364">
        <ele>128.580758</ele>
        <time>2025-03-20T11:30:52Z</time>
        <speed>1.484666</speed>
      </trkpt>
      <trkpt lat="29.367346" lon="119.346479">
        <ele>130.175647</ele>
        <time>2025-03-20T11:30:59Z</time>
        <speed>1.648455</speed>
      </trkpt>
      <trkpt lat="29.367285" lon="119.346565">
        <ele>132.398106</ele>
        <time>2025-03-20T11:31:06Z</time>
        <speed>1.179434</speed>
      </trkpt>
      <trkpt lat="29.367216" lon="119.346633">
        <ele>135.245427</ele>
        <time>2025-03-20T11:31:17Z</time>
        <speed>1.242137</speed>
      </trkpt>
      <trkpt lat="29.367121" lon="119.346662">
        <ele>136.385244</ele>
        <time>2025-03-20T11:31:26Z</time>
        <speed>1.040766</speed>
      </trkpt>
      <trkpt lat="29.367025" lon="119.346663">
        <ele>137.212494</ele>
        <time>2025-03-20T11:31:33Z</time>
        <speed>1.247118</speed>
      </trkpt>
      <trkpt lat="29.366931" lon="119.346666">
        <ele>138.915807</ele>
        <time>2025-03-20T11:31:38Z</time>
        <speed>1.566343</speed>
      </trkpt>
      <trkpt lat="29.366843" lon="119.346712">
        <ele>139.389402</ele>
        <time>2025-03-20T11:31:45Z</time>
        <speed>0.941996</speed>
      </trkpt>
      <trkpt lat="29.366746" lon="119.346754">
        <ele>139.473421</ele>
        <time>2025-03-20T11:31:55Z</time>
        <speed>1.423514</speed>
      </trkpt>
      <trkpt lat="29.366651" lon="119.346769">
        <ele>139.710567</ele>
        <time>2025-03-20T11:32:02Z</time>
        <speed>1.457436</speed>
      </trkpt>
      <trkpt lat="29.36655" lon="119.346774">
        <ele>134.784043</ele>
        <time>2025-03-20T11:32:18Z</time>
        <speed>0.775057</speed>
      </trkpt>
      <trkpt lat="29.366447" lon="119.346784">
        <ele>134.736533</ele>
        <time>2025-03-20T11:32:28Z</time>
        <speed>1.327396</speed>
      </trkpt>
      <trkpt lat="29.366347" lon="119.346817">
        <ele>135.413616</ele>
        <time>2025-03-20T11:32:35Z</time>
        <speed>1.465996</speed>
      </trkpt>
      <trkpt lat="29.366257" lon="119.346842">
        <ele>135.217976</ele>
        <time>2025-03-20T11:32:41Z</time>
        <speed>1.548802</speed>
      </trkpt>
      <trkpt lat="29.366166" lon="119.346882">
        <ele>133.861727</ele>
        <time>2025-03-20T11:32:48Z</time>
        <speed>1.465615</speed>
      </trkpt>
      <trkpt lat="29.366065" lon="119.346875">
        <ele>133.471545</ele>
        <time>2025-03-20T11:32:55Z</time>
        <speed>1.729346</speed>
      </trkpt>
      <trkpt lat="29.365974" lon="119.346882">
        <ele>132.634223</ele>
        <time>2025-03-20T11:33:02Z</time>
        <speed>1.283186</speed>
      </trkpt>
      <trkpt lat="29.365879" lon="119.346875">
        <ele>130.34591</ele>
        <time>2025-03-20T11:33:12Z</time>
        <speed>0.897806</speed>
      </trkpt>
      <trkpt lat="29.365788" lon="119.34686">
        <ele>128.507657</ele>
        <time>2025-03-20T11:33:26Z</time>
        <speed>0.779621</speed>
      </trkpt>
      <trkpt lat="29.365696" lon="119.346833">
        <ele>126.8559</ele>
        <time>2025-03-20T11:33:36Z</time>
        <speed>1.399526</speed>
      </trkpt>
      <trkpt lat="29.365621" lon="119.346773">
        <ele>125.268754</ele>
        <time>2025-03-20T11:33:46Z</time>
        <speed>0.921105</speed>
      </trkpt>
      <trkpt lat="29.365532" lon="119.34674">
        <ele>123.781354</ele>
        <time>2025-03-20T11:34:03Z</time>
        <speed>0.62202</speed>
      </trkpt>
      <trkpt lat="29.365437" lon="119.346709">
        <ele>121.450003</ele>
        <time>2025-03-20T11:34:18Z</time>
        <speed>1.186846</speed>
      </trkpt>
      <trkpt lat="29.365337" lon="119.346707">
        <ele>120.576969</ele>
        <time>2025-03-20T11:34:27Z</time>
        <speed>1.205291</speed>
      </trkpt>
      <trkpt lat="29.365243" lon="119.346703">
        <ele>119.016648</ele>
        <time>2025-03-20T11:34:38Z</time>
        <speed>0.859908</speed>
      </trkpt>
      <trkpt lat="29.36515" lon="119.346697">
        <ele>120.821714</ele>
        <time>2025-03-20T11:34:48Z</time>
        <speed>0.996382</speed>
      </trkpt>
      <trkpt lat="29.365061" lon="119.346649">
        <ele>120.502353</ele>
        <time>2025-03-20T11:34:58Z</time>
        <speed>0.981541</speed>
      </trkpt>
      <trkpt lat="29.364974" lon="119.346617">
        <ele>118.585884</ele>
        <time>2025-03-20T11:35:07Z</time>
        <speed>1.140706</speed>
      </trkpt>
      <trkpt lat="29.364878" lon="119.346619">
        <ele>115.326707</ele>
        <time>2025-03-20T11:35:17Z</time>
        <speed>0.998425</speed>
      </trkpt>
      <trkpt lat="29.364787" lon="119.346611">
        <ele>113.490169</ele>
        <time>2025-03-20T11:35:27Z</time>
        <speed>1.168119</speed>
      </trkpt>
      <trkpt lat="29.364692" lon="119.346609">
        <ele>109.80911</ele>
        <time>2025-03-20T11:35:37Z</time>
        <speed>0.995854</speed>
      </trkpt>
      <trkpt lat="29.364595" lon="119.346608">
        <ele>111.584747</ele>
        <time>2025-03-20T11:35:56Z</time>
        <speed>1.153618</speed>
      </trkpt>
      <trkpt lat="29.364497" lon="119.346629">
        <ele>108.759024</ele>
        <time>2025-03-20T11:36:06Z</time>
        <speed>0.942823</speed>
      </trkpt>
      <trkpt lat="29.364406" lon="119.34664">
        <ele>107.369419</ele>
        <time>2025-03-20T11:36:15Z</time>
        <speed>1.284615</speed>
      </trkpt>
      <trkpt lat="29.364318" lon="119.346668">
        <ele>109.72869</ele>
        <time>2025-03-20T11:36:24Z</time>
        <speed>1.186088</speed>
      </trkpt>
      <trkpt lat="29.364234" lon="119.346731">
        <ele>110.666827</ele>
        <time>2025-03-20T11:36:32Z</time>
        <speed>1.695866</speed>
      </trkpt>
      <trkpt lat="29.364174" lon="119.346819">
        <ele>109.754771</ele>
        <time>2025-03-20T11:36:45Z</time>
        <speed>1.058904</speed>
      </trkpt>
      <trkpt lat="29.364134" lon="119.346913">
        <ele>108.145294</ele>
        <time>2025-03-20T11:36:54Z</time>
        <speed>1.068893</speed>
      </trkpt>
      <trkpt lat="29.364069" lon="119.346992">
        <ele>108.258316</ele>
        <time>2025-03-20T11:37:04Z</time>
        <speed>1.062815</speed>
      </trkpt>
      <trkpt lat="29.363984" lon="119.347047">
        <ele>109.584647</ele>
        <time>2025-03-20T11:37:15Z</time>
        <speed>0.869289</speed>
      </trkpt>
      <trkpt lat="29.363898" lon="119.347087">
        <ele>110.350213</ele>
        <time>2025-03-20T11:37:25Z</time>
        <speed>1.105868</speed>
      </trkpt>
      <trkpt lat="29.363806" lon="119.347135">
        <ele>110.93359</ele>
        <time>2025-03-20T11:37:34Z</time>
        <speed>1.319874</speed>
      </trkpt>
      <trkpt lat="29.363713" lon="119.347165">
        <ele>109.978349</ele>
        <time>2025-03-20T11:37:42Z</time>
        <speed>1.577035</speed>
      </trkpt>
      <trkpt lat="29.363628" lon="119.347237">
        <ele>109.505408</ele>
        <time>2025-03-20T11:37:59Z</time>
        <speed>1.318606</speed>
      </trkpt>
      <trkpt lat="29.363547" lon="119.347289">
        <ele>107.331981</ele>
        <time>2025-03-20T11:38:08Z</time>
        <speed>1.031523</speed>
      </trkpt>
      <trkpt lat="29.363486" lon="119.347379">
        <ele>105.606181</ele>
        <time>2025-03-20T11:38:21Z</time>
        <speed>0.857988</speed>
      </trkpt>
      <trkpt lat="29.363447" lon="119.347474">
        <ele>103.878648</ele>
        <time>2025-03-20T11:38:31Z</time>
        <speed>1.089777</speed>
      </trkpt>
      <trkpt lat="29.363407" lon="119.347577">
        <ele>103.632953</ele>
        <time>2025-03-20T11:38:43Z</time>
        <speed>2.21954</speed>
      </trkpt>
      <trkpt lat="29.363364" lon="119.347673">
        <ele>105.317733</ele>
        <time>2025-03-20T11:38:57Z</time>
        <speed>1.052368</speed>
      </trkpt>
      <trkpt lat="29.36331" lon="119.347766">
        <ele>106.033672</ele>
        <time>2025-03-20T11:39:08Z</time>
        <speed>0.940436</speed>
      </trkpt>
      <trkpt lat="29.363256" lon="119.347855">
        <ele>101.347239</ele>
        <time>2025-03-20T11:39:22Z</time>
        <speed>1.289515</speed>
      </trkpt>
      <trkpt lat="29.363219" lon="119.347954">
        <ele>100.291804</ele>
        <time>2025-03-20T11:39:31Z</time>
        <speed>0.996487</speed>
      </trkpt>
      <trkpt lat="29.363204" lon="119.348074">
        <ele>99.287207</ele>
        <time>2025-03-20T11:39:44Z</time>
        <speed>0.893242</speed>
      </trkpt>
      <trkpt lat="29.363151" lon="119.348165">
        <ele>102.834552</ele>
        <time>2025-03-20T11:39:50Z</time>
        <speed>0.892392</speed>
      </trkpt>
      <trkpt lat="29.36308" lon="119.348231">
        <ele>108.031514</ele>
        <time>2025-03-20T11:39:59Z</time>
        <speed>1.150558</speed>
      </trkpt>
      <trkpt lat="29.36302" lon="119.348313">
        <ele>106.190741</ele>
        <time>2025-03-20T11:40:20Z</time>
        <speed>1.211048</speed>
      </trkpt>
      <trkpt lat="29.362941" lon="119.348381">
        <ele>104.674669</ele>
        <time>2025-03-20T11:40:29Z</time>
        <speed>0.98326</speed>
      </trkpt>
      <trkpt lat="29.362887" lon="119.34848">
        <ele>105.679571</ele>
        <time>2025-03-20T11:40:39Z</time>
        <speed>1.193949</speed>
      </trkpt>
      <trkpt lat="29.362829" lon="119.348563">
        <ele>105.690369</ele>
        <time>2025-03-20T11:40:49Z</time>
        <speed>0.849783</speed>
      </trkpt>
      <trkpt lat="29.362753" lon="119.348629">
        <ele>107.202005</ele>
        <time>2025-03-20T11:40:59Z</time>
        <speed>0.904866</speed>
      </trkpt>
      <trkpt lat="29.362663" lon="119.34859">
        <ele>108.114951</ele>
        <time>2025-03-20T11:41:09Z</time>
        <speed>0.977505</speed>
      </trkpt>
      <trkpt lat="29.362574" lon="119.348545">
        <ele>109.201984</ele>
        <time>2025-03-20T11:41:19Z</time>
        <speed>1.063952</speed>
      </trkpt>
      <trkpt lat="29.362489" lon="119.348497">
        <ele>109.015658</ele>
        <time>2025-03-20T11:41:30Z</time>
        <speed>0.892682</speed>
      </trkpt>
      <trkpt lat="29.362403" lon="119.348456">
        <ele>108.562865</ele>
        <time>2025-03-20T11:41:41Z</time>
        <speed>0.892534</speed>
      </trkpt>
      <trkpt lat="29.362308" lon="119.348434">
        <ele>108.328041</ele>
        <time>2025-03-20T11:41:54Z</time>
        <speed>0.885712</speed>
      </trkpt>
      <trkpt lat="29.362214" lon="119.348435">
        <ele>107.750498</ele>
        <time>2025-03-20T11:42:05Z</time>
        <speed>1.04321</speed>
      </trkpt>
      <trkpt lat="29.362119" lon="119.348439">
        <ele>106.651619</ele>
        <time>2025-03-20T11:42:17Z</time>
        <speed>0.873873</speed>
      </trkpt>
      <trkpt lat="29.362029" lon="119.348427">
        <ele>106.681561</ele>
        <time>2025-03-20T11:42:28Z</time>
        <speed>0.873923</speed>
      </trkpt>
      <trkpt lat="29.361934" lon="119.34843">
        <ele>107.827482</ele>
        <time>2025-03-20T11:42:39Z</time>
        <speed>0.96114</speed>
      </trkpt>
      <trkpt lat="29.36184" lon="119.348445">
        <ele>108.019543</ele>
        <time>2025-03-20T11:43:02Z</time>
        <speed>1.002226</speed>
      </trkpt>
      <trkpt lat="29.361739" lon="119.348461">
        <ele>107.068151</ele>
        <time>2025-03-20T11:43:13Z</time>
        <speed>1.060435</speed>
      </trkpt>
      <trkpt lat="29.361646" lon="119.348466">
        <ele>108.366902</ele>
        <time>2025-03-20T11:43:28Z</time>
        <speed>0.167955</speed>
      </trkpt>
      <trkpt lat="29.361545" lon="119.348467">
        <ele>107.18162</ele>
        <time>2025-03-20T11:43:41Z</time>
        <speed>0.744146</speed>
      </trkpt>
      <trkpt lat="29.361446" lon="119.348482">
        <ele>109.323223</ele>
        <time>2025-03-20T11:44:10Z</time>
        <speed>0.220093</speed>
      </trkpt>
      <trkpt lat="29.361351" lon="119.348498">
        <ele>107.484284</ele>
        <time>2025-03-20T11:44:21Z</time>
        <speed>1.020202</speed>
      </trkpt>
      <trkpt lat="29.361255" lon="119.348518">
        <ele>105.744412</ele>
        <time>2025-03-20T11:44:31Z</time>
        <speed>0.990401</speed>
      </trkpt>
      <trkpt lat="29.361164" lon="119.34851">
        <ele>106.256659</ele>
        <time>2025-03-20T11:44:44Z</time>
        <speed>0.867652</speed>
      </trkpt>
      <trkpt lat="29.361067" lon="119.348527">
        <ele>105.920224</ele>
        <time>2025-03-20T11:44:54Z</time>
        <speed>0.990457</speed>
      </trkpt>
      <trkpt lat="29.360969" lon="119.348535">
        <ele>106.266116</ele>
        <time>2025-03-20T11:45:05Z</time>
        <speed>1.030992</speed>
      </trkpt>
      <trkpt lat="29.360881" lon="119.348567">
        <ele>104.479064</ele>
        <time>2025-03-20T11:45:14Z</time>
        <speed>0.914204</speed>
      </trkpt>
      <trkpt lat="29.360787" lon="119.348586">
        <ele>103.654887</ele>
        <time>2025-03-20T11:45:23Z</time>
        <speed>1.12306</speed>
      </trkpt>
      <trkpt lat="29.360695" lon="119.348596">
        <ele>105.046958</ele>
        <time>2025-03-20T11:45:37Z</time>
        <speed>0.839349</speed>
      </trkpt>
      <trkpt lat="29.360629" lon="119.348516">
        <ele>105.242017</ele>
        <time>2025-03-20T11:46:00Z</time>
        <speed>0.95457</speed>
      </trkpt>
      <extensions>
        <PauseTimes></PauseTimes>
      </extensions>
    </trkseg>
  </trk>
  <wpt lat="29.363431" lon="119.3495">
    <ele>103.077315</ele>
    <time>2025-03-20T02:21:00Z</time>
    <name><![CDATA[进口]]>
    </name>
    <cmt>进口</cmt>
    <desc><![CDATA[]]>
    </desc>
    <sym>Flag, Blue</sym>
    <type>user</type>
    <extensions>
      <PosType>0</PosType>
      <Speed>0.0</Speed>
      <Accuracy>0.0</Accuracy>
      <Time>1742437260940</Time>
      <description><![CDATA[null]]>
      </description>
      <FileId>1413507781</FileId>
      <FileSize>0</FileSize>
      <FileType>0</FileType>
    </extensions>
  </wpt>
  <wpt lat="29.363694" lon="119.349897">
    <ele>104.165962</ele>
    <time>2025-03-20T02:21:46Z</time>
    <name><![CDATA[往左走]]>
    </name>
    <cmt>往左走</cmt>
    <desc><![CDATA[]]>
    </desc>
    <sym>Flag, Blue</sym>
    <type>user</type>
    <extensions>
      <ServerId>1</ServerId>
      <PosType>0</PosType>
      <Speed>0.0</Speed>
      <Accuracy>0.0</Accuracy>
      <Time>1742437306480</Time>
      <description><![CDATA[null]]>
      </description>
      <FileId>1413508050</FileId>
      <FileSize>0</FileSize>
      <FileType>0</FileType>
    </extensions>
  </wpt>
  <wpt lat="29.363695" lon="119.350654">
    <ele>110.12416</ele>
    <time>2025-03-20T02:22:40Z</time>
    <name><![CDATA[芝堰水库]]>
    </name>
    <cmt>芝堰水库</cmt>
    <desc><![CDATA[]]>
    </desc>
    <sym>Flag, Blue</sym>
    <type>user</type>
    <extensions>
      <ServerId>2</ServerId>
      <PosType>0</PosType>
      <Speed>0.0</Speed>
      <Accuracy>0.0</Accuracy>
      <Time>1742437360538</Time>
      <description><![CDATA[null]]>
      </description>
      <FileId>1413508518</FileId>
      <FileSize>0</FileSize>
      <FileType>0</FileType>
    </extensions>
  </wpt>
  <wpt lat="29.364198" lon="119.351595">
    <ele>116.03099</ele>
    <time>2025-03-20T02:25:16Z</time>
    <name><![CDATA[其实这里应该也能停车]]>
    </name>
    <cmt>其实这里应该也能停车</cmt>
    <desc><![CDATA[]]>
    </desc>
    <sym>Flag, Blue</sym>
    <type>user</type>
    <extensions>
      <ServerId>3</ServerId>
      <PosType>0</PosType>
      <Speed>0.0</Speed>
      <Accuracy>0.0</Accuracy>
      <Time>1742437516480</Time>
      <description><![CDATA[null]]>
      </description>
      <FileId>1413763768</FileId>
      <FileSize>0</FileSize>
      <FileType>0</FileType>
    </extensions>
  </wpt>
  <wpt lat="29.367821" lon="119.351109">
    <ele>154.300922</ele>
    <time>2025-03-20T02:41:25Z</time>
    <name><![CDATA[]]>
    </name>
    <cmt></cmt>
    <desc><![CDATA[]]>
    </desc>
    <sym>Flag, Blue</sym>
    <type>user</type>
    <extensions>
      <ServerId>4</ServerId>
      <PosType>0</PosType>
      <Speed>0.0</Speed>
      <Accuracy>0.0</Accuracy>
      <Time>1742438485490</Time>
      <description><![CDATA[null]]>
      </description>
      <FileId>1413516654</FileId>
      <FileSize>0</FileSize>
      <FileType>0</FileType>
    </extensions>
  </wpt>
  <wpt lat="29.369128" lon="119.350588">
    <ele>155.854218</ele>
    <time>2025-03-20T02:43:47Z</time>
    <name><![CDATA[]]>
    </name>
    <cmt></cmt>
    <desc><![CDATA[]]>
    </desc>
    <sym>Flag, Blue</sym>
    <type>user</type>
    <extensions>
      <ServerId>5</ServerId>
      <PosType>0</PosType>
      <Speed>0.0</Speed>
      <Accuracy>0.0</Accuracy>
      <Time>1742438627554</Time>
      <description><![CDATA[null]]>
      </description>
      <FileId>1413517603</FileId>
      <FileSize>0</FileSize>
      <FileType>0</FileType>
    </extensions>
  </wpt>
  <wpt lat="29.380125" lon="119.34752">
    <ele>202.704393</ele>
    <time>2025-03-20T03:46:21Z</time>
    <name><![CDATA[]]>
    </name>
    <cmt></cmt>
    <desc><![CDATA[]]>
    </desc>
    <sym>Flag, Blue</sym>
    <type>user</type>
    <extensions>
      <ServerId>6</ServerId>
      <PosType>0</PosType>
      <Speed>0.0</Speed>
      <Accuracy>0.0</Accuracy>
      <Time>1742442381924</Time>
      <description><![CDATA[null]]>
      </description>
      <FileId>1413556571</FileId>
      <FileSize>0</FileSize>
      <FileType>0</FileType>
    </extensions>
  </wpt>
  <wpt lat="29.380125" lon="119.34752">
    <ele>202.704393</ele>
    <time>2025-03-20T03:46:35Z</time>
    <name><![CDATA[]]>
    </name>
    <cmt></cmt>
    <desc><![CDATA[]]>
    </desc>
    <sym>Flag, Blue</sym>
    <type>user</type>
    <extensions>
      <ServerId>7</ServerId>
      <PosType>0</PosType>
      <Speed>0.0</Speed>
      <Accuracy>0.0</Accuracy>
      <Time>1742442395464</Time>
      <description><![CDATA[null]]>
      </description>
      <FileId>1413558181</FileId>
      <FileSize>0</FileSize>
      <FileType>0</FileType>
    </extensions>
  </wpt>
  <wpt lat="29.380964" lon="119.3484">
    <ele>291.101837</ele>
    <time>2025-03-20T04:31:20Z</time>
    <name><![CDATA[很陡]]>
    </name>
    <cmt>很陡</cmt>
    <desc><![CDATA[]]>
    </desc>
    <sym>Flag, Blue</sym>
    <type>user</type>
    <extensions>
      <ServerId>8</ServerId>
      <PosType>0</PosType>
      <Speed>0.0</Speed>
      <Accuracy>0.0</Accuracy>
      <Time>1742445080775</Time>
      <description><![CDATA[null]]>
      </description>
      <FileId>1413566820</FileId>
      <FileSize>0</FileSize>
      <FileType>0</FileType>
    </extensions>
  </wpt>
  <wpt lat="29.381645" lon="119.348894">
    <ele>366.712339</ele>
    <time>2025-03-20T05:02:38Z</time>
    <name><![CDATA[努力往上爬]]>
    </name>
    <cmt>努力往上爬</cmt>
    <desc><![CDATA[]]>
    </desc>
    <sym>Flag, Blue</sym>
    <type>user</type>
    <extensions>
      <ServerId>9</ServerId>
      <PosType>0</PosType>
      <Speed>0.0</Speed>
      <Accuracy>0.0</Accuracy>
      <Time>1742446958269</Time>
      <description><![CDATA[null]]>
      </description>
      <FileId>1413566873</FileId>
      <FileSize>0</FileSize>
      <FileType>0</FileType>
    </extensions>
  </wpt>
  <wpt lat="29.381879" lon="119.348728">
    <ele>386.939542</ele>
    <time>2025-03-20T05:06:59Z</time>
    <name><![CDATA[加油爬上来]]>
    </name>
    <cmt>加油爬上来</cmt>
    <desc><![CDATA[]]>
    </desc>
    <sym>Flag, Blue</sym>
    <type>user</type>
    <extensions>
      <ServerId>10</ServerId>
      <PosType>0</PosType>
      <Speed>0.0</Speed>
      <Accuracy>0.0</Accuracy>
      <Time>1742447219580</Time>
      <description><![CDATA[null]]>
      </description>
      <FileId>1413572563</FileId>
      <FileSize>0</FileSize>
      <FileType>0</FileType>
    </extensions>
  </wpt>
  <wpt lat="29.382243" lon="119.348583">
    <ele>405.477295</ele>
    <time>2025-03-20T05:36:32Z</time>
    <name><![CDATA[很陡很陡峭]]>
    </name>
    <cmt>很陡很陡峭</cmt>
    <desc><![CDATA[]]>
    </desc>
    <sym>Flag, Blue</sym>
    <type>user</type>
    <extensions>
      <ServerId>11</ServerId>
      <PosType>0</PosType>
      <Speed>0.0</Speed>
      <Accuracy>0.0</Accuracy>
      <Time>1742448992859</Time>
      <description><![CDATA[null]]>
      </description>
      <FileId>1413580982</FileId>
      <FileSize>0</FileSize>
      <FileType>0</FileType>
    </extensions>
  </wpt>
  <wpt lat="29.383933" lon="119.345912">
    <ele>485.121923</ele>
    <time>2025-03-20T06:34:40Z</time>
    <name><![CDATA[]]>
    </name>
    <cmt></cmt>
    <desc><![CDATA[]]>
    </desc>
    <sym>Flag, Blue</sym>
    <type>user</type>
    <extensions>
      <ServerId>12</ServerId>
      <PosType>0</PosType>
      <Speed>0.0</Speed>
      <Accuracy>0.0</Accuracy>
      <Time>1742452480652</Time>
      <description><![CDATA[null]]>
      </description>
      <FileId>1413599804</FileId>
      <FileSize>0</FileSize>
      <FileType>0</FileType>
    </extensions>
  </wpt>
  <wpt lat="29.384406" lon="119.338358">
    <ele>572.867196</ele>
    <time>2025-03-20T07:41:24Z</time>
    <name><![CDATA[这段还是上坡 有点枯燥]]>
    </name>
    <cmt>这段还是上坡 有点枯燥</cmt>
    <desc><![CDATA[]]>
    </desc>
    <sym>Flag, Blue</sym>
    <type>user</type>
    <extensions>
      <ServerId>13</ServerId>
      <PosType>0</PosType>
      <Speed>0.0</Speed>
      <Accuracy>0.0</Accuracy>
      <Time>1742456484194</Time>
      <description><![CDATA[null]]>
      </description>
      <FileId>1413633787</FileId>
      <FileSize>0</FileSize>
      <FileType>0</FileType>
    </extensions>
  </wpt>
  <wpt lat="29.378856" lon="119.33582">
    <ele>710.496157</ele>
    <time>2025-03-20T09:04:43Z</time>
    <name><![CDATA[有一小段攀岩 有绳子 不太稳 要小心]]>
    </name>
    <cmt>有一小段攀岩 有绳子 不太稳 要小心</cmt>
    <desc><![CDATA[]]>
    </desc>
    <sym>Flag, Blue</sym>
    <type>user</type>
    <extensions>
      <ServerId>14</ServerId>
      <PosType>0</PosType>
      <Speed>0.0</Speed>
      <Accuracy>0.0</Accuracy>
      <Time>1742461483536</Time>
      <description><![CDATA[null]]>
      </description>
      <FileId>1413679184</FileId>
      <FileSize>0</FileSize>
      <FileType>0</FileType>
    </extensions>
  </wpt>
  <wpt lat="29.378326" lon="119.336636">
    <ele>736.145662</ele>
    <time>2025-03-20T09:19:47Z</time>
    <name><![CDATA[下坡了]]>
    </name>
    <cmt>下坡了</cmt>
    <desc><![CDATA[]]>
    </desc>
    <sym>Flag, Blue</sym>
    <type>user</type>
    <extensions>
      <ServerId>15</ServerId>
      <PosType>0</PosType>
      <Speed>0.0</Speed>
      <Accuracy>0.0</Accuracy>
      <Time>1742462387643</Time>
      <description><![CDATA[null]]>
      </description>
      <FileId>1413679351</FileId>
      <FileSize>0</FileSize>
      <FileType>0</FileType>
    </extensions>
  </wpt>
  <wpt lat="29.378326" lon="119.336636">
    <ele>736.145662</ele>
    <time>2025-03-20T09:20:07Z</time>
    <name><![CDATA[]]>
    </name>
    <cmt></cmt>
    <desc><![CDATA[]]>
    </desc>
    <sym>Flag, Blue</sym>
    <type>user</type>
    <extensions>
      <ServerId>16</ServerId>
      <PosType>0</PosType>
      <Speed>0.0</Speed>
      <Accuracy>0.0</Accuracy>
      <Time>1742462407846</Time>
      <description><![CDATA[null]]>
      </description>
      <FileId>1413679663</FileId>
      <FileSize>0</FileSize>
      <FileType>0</FileType>
    </extensions>
  </wpt>
  <wpt lat="29.378241" lon="119.337779">
    <ele>714.356214</ele>
    <time>2025-03-20T09:32:57Z</time>
    <name><![CDATA[快下山咯]]>
    </name>
    <cmt>快下山咯</cmt>
    <desc><![CDATA[]]>
    </desc>
    <sym>Flag, Blue</sym>
    <type>user</type>
    <extensions>
      <ServerId>17</ServerId>
      <PosType>0</PosType>
      <Speed>0.0</Speed>
      <Accuracy>0.0</Accuracy>
      <Time>1742463177048</Time>
      <description><![CDATA[null]]>
      </description>
      <FileId>1413686398</FileId>
      <FileSize>0</FileSize>
      <FileType>0</FileType>
    </extensions>
  </wpt>
  <wpt lat="29.378158" lon="119.339281">
    <ele>653.640251</ele>
    <time>2025-03-20T09:50:59Z</time>
    <name><![CDATA[下坡全是树 可以抓 大部分路都不需要登山杖]]>
    </name>
    <cmt>下坡全是树 可以抓 大部分路都不需要登山杖</cmt>
    <desc><![CDATA[]]>
    </desc>
    <sym>Flag, Blue</sym>
    <type>user</type>
    <extensions>
      <ServerId>18</ServerId>
      <PosType>0</PosType>
      <Speed>0.0</Speed>
      <Accuracy>0.0</Accuracy>
      <Time>1742464259412</Time>
      <description><![CDATA[null]]>
      </description>
      <FileId>1413694575</FileId>
      <FileSize>0</FileSize>
      <FileType>0</FileType>
    </extensions>
  </wpt>
  <wpt lat="29.377701" lon="119.343268">
    <ele>508.673174</ele>
    <time>2025-03-20T10:17:32Z</time>
    <name><![CDATA[]]>
    </name>
    <cmt></cmt>
    <desc><![CDATA[]]>
    </desc>
    <sym>Flag, Blue</sym>
    <type>user</type>
    <extensions>
      <ServerId>19</ServerId>
      <PosType>0</PosType>
      <Speed>0.0</Speed>
      <Accuracy>0.0</Accuracy>
      <Time>1742465852833</Time>
      <description><![CDATA[null]]>
      </description>
      <FileId>1413707536</FileId>
      <FileSize>0</FileSize>
      <FileType>0</FileType>
    </extensions>
  </wpt>
  <wpt lat="29.372833" lon="119.345116">
    <ele>425.400706</ele>
    <time>2025-03-20T10:42:31Z</time>
    <name><![CDATA[]]>
    </name>
    <cmt></cmt>
    <desc><![CDATA[]]>
    </desc>
    <sym>Flag, Blue</sym>
    <type>user</type>
    <extensions>
      <ServerId>20</ServerId>
      <PosType>0</PosType>
      <Speed>0.0</Speed>
      <Accuracy>0.0</Accuracy>
      <Time>1742467351361</Time>
      <description><![CDATA[null]]>
      </description>
      <FileId>1413717527</FileId>
      <FileSize>0</FileSize>
      <FileType>0</FileType>
    </extensions>
  </wpt>
  <wpt lat="29.372016" lon="119.345913">
    <ele>362.635212</ele>
    <time>2025-03-20T10:49:48Z</time>
    <name><![CDATA[]]>
    </name>
    <cmt></cmt>
    <desc><![CDATA[]]>
    </desc>
    <sym>Flag, Blue</sym>
    <type>user</type>
    <extensions>
      <ServerId>21</ServerId>
      <PosType>0</PosType>
      <Speed>0.0</Speed>
      <Accuracy>0.0</Accuracy>
      <Time>1742467788030</Time>
      <description><![CDATA[null]]>
      </description>
      <FileId>1413720430</FileId>
      <FileSize>0</FileSize>
      <FileType>0</FileType>
    </extensions>
  </wpt>
  <wpt lat="29.368532" lon="119.346896">
    <ele>184.865825</ele>
    <time>2025-03-20T11:12:37Z</time>
    <name><![CDATA[星星很亮 抬头看看]]>
    </name>
    <cmt>星星很亮 抬头看看</cmt>
    <desc><![CDATA[]]>
    </desc>
    <sym>Flag, Blue</sym>
    <type>user</type>
    <extensions>
      <ServerId>22</ServerId>
      <PosType>0</PosType>
      <Speed>0.0</Speed>
      <Accuracy>0.0</Accuracy>
      <Time>1742469157189</Time>
      <description><![CDATA[null]]>
      </description>
      <FileId>1413728870</FileId>
      <FileSize>0</FileSize>
      <FileType>0</FileType>
    </extensions>
  </wpt>
  <wpt lat="29.368532" lon="119.346896">
    <ele>184.865825</ele>
    <time>2025-03-20T11:12:57Z</time>
    <name><![CDATA[]]>
    </name>
    <cmt></cmt>
    <desc><![CDATA[]]>
    </desc>
    <sym>Flag, Blue</sym>
    <type>user</type>
    <extensions>
      <ServerId>23</ServerId>
      <PosType>0</PosType>
      <Speed>0.0</Speed>
      <Accuracy>0.0</Accuracy>
      <Time>1742469177208</Time>
      <description><![CDATA[null]]>
      </description>
      <FileId>1413728949</FileId>
      <FileSize>0</FileSize>
      <FileType>0</FileType>
    </extensions>
  </wpt>
  <wpt lat="29.368532" lon="119.346896">
    <ele>184.865825</ele>
    <time>2025-03-20T11:16:52Z</time>
    <name><![CDATA[]]>
    </name>
    <cmt></cmt>
    <desc><![CDATA[]]>
    </desc>
    <sym>Flag, Blue</sym>
    <type>user</type>
    <extensions>
      <ServerId>24</ServerId>
      <PosType>0</PosType>
      <Speed>0.0</Speed>
      <Accuracy>0.0</Accuracy>
      <Time>1742469412259</Time>
      <description><![CDATA[null]]>
      </description>
      <FileId>1413730490</FileId>
      <FileSize>0</FileSize>
      <FileType>0</FileType>
    </extensions>
  </wpt>
  <wpt lat="29.365788" lon="119.34686">
    <ele>128.507657</ele>
    <time>2025-03-20T11:33:23Z</time>
    <name><![CDATA[下来咯 有房子]]>
    </name>
    <cmt>下来咯 有房子</cmt>
    <desc><![CDATA[]]>
    </desc>
    <sym>Flag, Blue</sym>
    <type>user</type>
    <extensions>
      <ServerId>25</ServerId>
      <PosType>0</PosType>
      <Speed>0.0</Speed>
      <Accuracy>0.0</Accuracy>
      <Time>1742470403427</Time>
      <description><![CDATA[null]]>
      </description>
      <FileId>1413736582</FileId>
      <FileSize>0</FileSize>
      <FileType>0</FileType>
    </extensions>
  </wpt>
  <wpt lat="29.365532" lon="119.34674">
    <ele>123.781354</ele>
    <time>2025-03-20T11:34:14Z</time>
    <name><![CDATA[]]>
    </name>
    <cmt></cmt>
    <desc><![CDATA[]]>
    </desc>
    <sym>Flag, Blue</sym>
    <type>user</type>
    <extensions>
      <ServerId>26</ServerId>
      <PosType>0</PosType>
      <Speed>0.0</Speed>
      <Accuracy>0.0</Accuracy>
      <Time>1742470454705</Time>
      <description><![CDATA[null]]>
      </description>
      <FileId>1413736824</FileId>
      <FileSize>0</FileSize>
      <FileType>0</FileType>
    </extensions>
  </wpt>
  <wpt lat="29.36515" lon="119.346697">
    <ele>120.821714</ele>
    <time>2025-03-20T11:34:26Z</time>
    <name><![CDATA[继续走这条大路 后半段看路标 没带子标记]]>
    </name>
    <cmt>继续走这条大路 后半段看路标 没带子标记</cmt>
    <desc><![CDATA[]]>
    </desc>
    <sym>Flag, Blue</sym>
    <type>user</type>
    <extensions>
      <ServerId>27</ServerId>
      <PosType>0</PosType>
      <Speed>0.0</Speed>
      <Accuracy>0.0</Accuracy>
      <Time>1742470466254</Time>
      <description><![CDATA[null]]>
      </description>
      <FileId>1413736986</FileId>
      <FileSize>0</FileSize>
      <FileType>0</FileType>
    </extensions>
  </wpt>
  <wpt lat="29.362887" lon="119.34848">
    <ele>105.679571</ele>
    <time>2025-03-20T11:40:37Z</time>
    <name><![CDATA[出来了！！！！！！！！！！]]>
    </name>
    <cmt>出来了！！！！！！！！！！</cmt>
    <desc><![CDATA[]]>
    </desc>
    <sym>Flag, Blue</sym>
    <type>user</type>
    <extensions>
      <ServerId>28</ServerId>
      <PosType>0</PosType>
      <Speed>0.0</Speed>
      <Accuracy>0.0</Accuracy>
      <Time>1742470837533</Time>
      <description><![CDATA[null]]>
      </description>
      <FileId>1413739093</FileId>
      <FileSize>0</FileSize>
      <FileType>0</FileType>
    </extensions>
  </wpt>
  <wpt lat="29.361545" lon="119.348467">
    <ele>107.18162</ele>
    <time>2025-03-20T11:43:26Z</time>
    <name><![CDATA[看到这一排店家就到停车场]]>
    </name>
    <cmt>看到这一排店家就到停车场</cmt>
    <desc><![CDATA[]]>
    </desc>
    <sym>Flag, Blue</sym>
    <type>user</type>
    <extensions>
      <ServerId>29</ServerId>
      <PosType>0</PosType>
      <Speed>0.0</Speed>
      <Accuracy>0.0</Accuracy>
      <Time>1742471006120</Time>
      <description><![CDATA[null]]>
      </description>
      <FileId>1413740223</FileId>
      <FileSize>0</FileSize>
      <FileType>0</FileType>
    </extensions>
  </wpt>
  <wpt lat="29.361446" lon="119.348482">
    <ele>109.323223</ele>
    <time>2025-03-20T11:44:10Z</time>
    <name><![CDATA[]]>
    </name>
    <cmt></cmt>
    <desc><![CDATA[]]>
    </desc>
    <sym>Flag, Blue</sym>
    <type>user</type>
    <extensions>
      <ServerId>30</ServerId>
      <PosType>0</PosType>
      <Speed>0.0</Speed>
      <Accuracy>0.0</Accuracy>
      <Time>1742471050413</Time>
      <description><![CDATA[null]]>
      </description>
      <FileId>1413740493</FileId>
      <FileSize>0</FileSize>
      <FileType>0</FileType>
    </extensions>
  </wpt>
  <wpt lat="29.360695" lon="119.348596">
    <ele>105.046958</ele>
    <time>2025-03-20T11:45:33Z</time>
    <name><![CDATA[停车]]>
    </name>
    <cmt>停车</cmt>
    <desc><![CDATA[]]>
    </desc>
    <sym>Flag, Blue</sym>
    <type>user</type>
    <extensions>
      <ServerId>31</ServerId>
      <PosType>0</PosType>
      <Speed>0.0</Speed>
      <Accuracy>0.0</Accuracy>
      <Time>1742471133811</Time>
      <description><![CDATA[null]]>
      </description>
      <FileId>1413741082</FileId>
      <FileSize>0</FileSize>
      <FileType>0</FileType>
    </extensions>
  </wpt>
</gpx>