<?xml version='1.0' encoding='UTF-8' standalone='yes' ?>
<gpx version="1.1" creator="GPSBabel - http://www.gpsbabel.org" xmlns:xsi="http://www.w3.org/2001/XMLSchema-instance" xmlns="http://www.topografix.com/GPX/1/1" xsi:schemaLocation="http://www.topografix.com/GPX/1/1 http://www.topografix.com/GPX/1/1/gpx.xsd">
  <metadata>
    <link href="http://www.garmin.com">
      <text>Garmin International</text>
    </link>
    <time>2026-08-29T00:50:26Z</time>
    <bounds minlat="29.3551664" minlon="119.3607546" maxlat="29.3798149" maxlon="119.3759966" />
  </metadata>
  <extensions>
    <name><![CDATA[兰溪三峰尖]]>
    </name>
    <description><![CDATA[新手勿扰，带足3瓶水以上和补给，预留足够的时间。强度大，难度较高。三个山顶，第二个攀爬可以绕过，大尖这边持续爬升比较消耗体力。下山之后有2公里多公路。樟坞村]]>
    </description>
    <TrackId>88940116</TrackId>
    <TrackTypeId>8</TrackTypeId>
    <TrackTags>合并获得,徒步,拆分获得</TrackTags>
    <BeginTime>1787964626129</BeginTime>
    <EndTime>1787984604037</EndTime>
    <TimeUsed>19897000</TimeUsed>
    <PauseTime>244995</PauseTime>
    <PosStartName>樟坞村</PosStartName>
    <PosEndName>樟坞村</PosEndName>
    <ProductVersion>and_9.2.3</ProductVersion>
    <StartDistrictId>9659</StartDistrictId>
    <EndDistrictId>9659</EndDistrictId>
    <CreaterId>64771087</CreaterId>
    <CreaterName><![CDATA[步履赴山野]]>
    </CreaterName>
    <CreaterIcon>1523534626</CreaterIcon>
    <OriginCreaterId>64771087</OriginCreaterId>
    <OriginCreaterNickname><![CDATA[步履赴山野]]>
    </OriginCreaterNickname>
    <OriginCreaterName><![CDATA[null]]>
    </OriginCreaterName>
    <OriginCreaterIcon>1523534626</OriginCreaterIcon>
    <ThumbnailId>1666895181</ThumbnailId>
    <Distance>8379.0</Distance>
    <ElevationGain>914.0799999999997</ElevationGain>
    <ElevationLoss>906.1599999999993</ElevationLoss>
    <SportAvgSpeed>0.4263687089434386</SportAvgSpeed>
  </extensions>
  <trk>
    <trkseg>
      <trkpt lat="29.3565548" lon="119.3646624">
        <ele>128.1</ele>
        <time>2026-08-29T00:50:26Z</time>
        <speed>0.47766224</speed>
      </trkpt>
      <trkpt lat="29.3564992" lon="119.3647203">
        <ele>128.1</ele>
        <time>2026-08-29T00:50:40Z</time>
        <speed>0.806055</speed>
      </trkpt>
      <trkpt lat="29.3564108" lon="119.3647933">
        <ele>128.14</ele>
        <time>2026-08-29T00:50:48Z</time>
        <speed>1.1318742</speed>
      </trkpt>
      <trkpt lat="29.3563319" lon="119.3648219">
        <ele>128.04</ele>
        <time>2026-08-29T00:51:04Z</time>
        <speed>0.0</speed>
      </trkpt>
      <trkpt lat="29.356383" lon="119.3648442">
        <ele>128.41</ele>
        <time>2026-08-29T00:51:20Z</time>
        <speed>0.9100289</speed>
      </trkpt>
      <trkpt lat="29.3564914" lon="119.3648784">
        <ele>128.19</ele>
        <time>2026-08-29T00:51:30Z</time>
        <speed>1.1694489</speed>
      </trkpt>
      <trkpt lat="29.3566127" lon="119.3649157">
        <ele>128.24</ele>
        <time>2026-08-29T00:51:40Z</time>
        <speed>0.93988276</speed>
      </trkpt>
      <trkpt lat="29.3567245" lon="119.3649165">
        <ele>128.22</ele>
        <time>2026-08-29T00:51:48Z</time>
        <speed>1.2687902</speed>
      </trkpt>
      <trkpt lat="29.3568261" lon="119.3648826">
        <ele>128.77</ele>
        <time>2026-08-29T00:51:58Z</time>
        <speed>0.89921975</speed>
      </trkpt>
      <trkpt lat="29.3569123" lon="119.3647991">
        <ele>129.34</ele>
        <time>2026-08-29T00:52:08Z</time>
        <speed>1.0922406</speed>
      </trkpt>
      <trkpt lat="29.3569874" lon="119.3647129">
        <ele>129.97</ele>
        <time>2026-08-29T00:52:16Z</time>
        <speed>1.124668</speed>
      </trkpt>
      <trkpt lat="29.3570742" lon="119.36464">
        <ele>130.15</ele>
        <time>2026-08-29T00:52:22Z</time>
        <speed>1.6857153</speed>
      </trkpt>
      <trkpt lat="29.3571687" lon="119.3645706">
        <ele>130.78</ele>
        <time>2026-08-29T00:52:32Z</time>
        <speed>1.1601839</speed>
      </trkpt>
      <trkpt lat="29.3572746" lon="119.3645156">
        <ele>129.93</ele>
        <time>2026-08-29T00:52:40Z</time>
        <speed>1.44534</speed>
      </trkpt>
      <trkpt lat="29.3573617" lon="119.3644559">
        <ele>129.7</ele>
        <time>2026-08-29T00:52:50Z</time>
        <speed>1.2157739</speed>
      </trkpt>
      <trkpt lat="29.3573897" lon="119.364405">
        <ele>129.79</ele>
        <time>2026-08-29T00:52:58Z</time>
        <speed>0.0</speed>
      </trkpt>
      <trkpt lat="29.3574617" lon="119.3643334">
        <ele>130.35</ele>
        <time>2026-08-29T00:53:12Z</time>
        <speed>1.0242972</speed>
      </trkpt>
      <trkpt lat="29.3575472" lon="119.3642888">
        <ele>132.39</ele>
        <time>2026-08-29T00:53:18Z</time>
        <speed>1.6337284</speed>
      </trkpt>
      <trkpt lat="29.3576395" lon="119.3642711">
        <ele>134.85</ele>
        <time>2026-08-29T00:53:24Z</time>
        <speed>1.6265222</speed>
      </trkpt>
      <trkpt lat="29.3577395" lon="119.3642435">
        <ele>137.06</ele>
        <time>2026-08-29T00:53:32Z</time>
        <speed>1.38975</speed>
      </trkpt>
      <trkpt lat="29.3578289" lon="119.3642052">
        <ele>138.84</ele>
        <time>2026-08-29T00:53:38Z</time>
        <speed>1.5946095</speed>
      </trkpt>
      <trkpt lat="29.3579211" lon="119.3641549">
        <ele>140.07</ele>
        <time>2026-08-29T00:53:46Z</time>
        <speed>1.504533</speed>
      </trkpt>
      <trkpt lat="29.3580306" lon="119.3641081">
        <ele>140.08</ele>
        <time>2026-08-29T00:53:58Z</time>
        <speed>1.1807728</speed>
      </trkpt>
      <trkpt lat="29.3581251" lon="119.3640722">
        <ele>139.32</ele>
        <time>2026-08-29T00:54:04Z</time>
        <speed>1.3094534</speed>
      </trkpt>
      <trkpt lat="29.3582118" lon="119.3640367">
        <ele>138.36</ele>
        <time>2026-08-29T00:54:12Z</time>
        <speed>1.0963583</speed>
      </trkpt>
      <trkpt lat="29.3582923" lon="119.3639596">
        <ele>137.48</ele>
        <time>2026-08-29T00:54:20Z</time>
        <speed>1.2657019</speed>
      </trkpt>
      <trkpt lat="29.3583722" lon="119.3638895">
        <ele>137.01</ele>
        <time>2026-08-29T00:54:26Z</time>
        <speed>1.8267492</speed>
      </trkpt>
      <trkpt lat="29.3583722" lon="119.3638895">
        <ele>137.01</ele>
        <time>2026-08-29T00:54:31Z</time>
        <speed>1.8267492</speed>
      </trkpt>
      <trkpt lat="29.3583722" lon="119.3638895">
        <ele>137.01</ele>
        <time>2026-08-29T00:54:31Z</time>
        <speed>1.8267492</speed>
      </trkpt>
      <trkpt lat="29.3584139" lon="119.3638154">
        <ele>137.57</ele>
        <time>2026-08-29T00:54:35Z</time>
        <speed>0.0</speed>
      </trkpt>
      <trkpt lat="29.3584139" lon="119.3638154">
        <ele>137.57</ele>
        <time>2026-08-29T00:54:46Z</time>
        <speed>0.0</speed>
      </trkpt>
      <trkpt lat="29.3584895" lon="119.3637881">
        <ele>138.79</ele>
        <time>2026-08-29T00:55:38Z</time>
        <speed>1.1045939</speed>
      </trkpt>
      <trkpt lat="29.3585735" lon="119.3637573">
        <ele>138.36</ele>
        <time>2026-08-29T00:55:44Z</time>
        <speed>1.8226314</speed>
      </trkpt>
      <trkpt lat="29.3586787" lon="119.3637267">
        <ele>138.25</ele>
        <time>2026-08-29T00:55:58Z</time>
        <speed>1.1787139</speed>
      </trkpt>
      <trkpt lat="29.3587709" lon="119.3636865">
        <ele>137.45</ele>
        <time>2026-08-29T00:56:02Z</time>
        <speed>2.0300643</speed>
      </trkpt>
      <trkpt lat="29.3588817" lon="119.3636572">
        <ele>137.39</ele>
        <time>2026-08-29T00:56:06Z</time>
        <speed>2.642069</speed>
      </trkpt>
      <trkpt lat="29.358978" lon="119.3636333">
        <ele>137.61</ele>
        <time>2026-08-29T00:56:10Z</time>
        <speed>2.7563374</speed>
      </trkpt>
      <trkpt lat="29.3590766" lon="119.363571">
        <ele>137.95</ele>
        <time>2026-08-29T00:56:18Z</time>
        <speed>1.819543</speed>
      </trkpt>
      <trkpt lat="29.3591638" lon="119.3635128">
        <ele>140.55</ele>
        <time>2026-08-29T00:56:24Z</time>
        <speed>1.6785091</speed>
      </trkpt>
      <trkpt lat="29.3592617" lon="119.3634905">
        <ele>143.2</ele>
        <time>2026-08-29T00:56:32Z</time>
        <speed>1.1905525</speed>
      </trkpt>
      <trkpt lat="29.3593706" lon="119.3634958">
        <ele>145.26</ele>
        <time>2026-08-29T00:56:40Z</time>
        <speed>1.3197478</speed>
      </trkpt>
      <trkpt lat="29.3594743" lon="119.3635122">
        <ele>146.18</ele>
        <time>2026-08-29T00:56:46Z</time>
        <speed>1.4849737</speed>
      </trkpt>
      <trkpt lat="29.3595805" lon="119.3635026">
        <ele>146.53</ele>
        <time>2026-08-29T00:56:54Z</time>
        <speed>1.6193161</speed>
      </trkpt>
      <trkpt lat="29.3596774" lon="119.3634755">
        <ele>147.64</ele>
        <time>2026-08-29T00:57:02Z</time>
        <speed>1.4293836</speed>
      </trkpt>
      <trkpt lat="29.3597721" lon="119.36347">
        <ele>149.13</ele>
        <time>2026-08-29T00:57:08Z</time>
        <speed>1.4520314</speed>
      </trkpt>
      <trkpt lat="29.3598625" lon="119.3634748">
        <ele>150.32</ele>
        <time>2026-08-29T00:57:14Z</time>
        <speed>1.6270369</speed>
      </trkpt>
      <trkpt lat="29.3599567" lon="119.3634616">
        <ele>151.56</ele>
        <time>2026-08-29T00:57:20Z</time>
        <speed>1.8071897</speed>
      </trkpt>
      <trkpt lat="29.3600415" lon="119.3634221">
        <ele>152.87</ele>
        <time>2026-08-29T00:57:30Z</time>
        <speed>1.3465134</speed>
      </trkpt>
      <trkpt lat="29.3600602" lon="119.3634198">
        <ele>154.95</ele>
        <time>2026-08-29T00:57:36Z</time>
        <speed>0.0</speed>
      </trkpt>
      <trkpt lat="29.3601329" lon="119.3634217">
        <ele>156.22</ele>
        <time>2026-08-29T00:57:46Z</time>
        <speed>1.0922406</speed>
      </trkpt>
      <trkpt lat="29.3602368" lon="119.3634051">
        <ele>156.77</ele>
        <time>2026-08-29T00:57:54Z</time>
        <speed>1.7706444</speed>
      </trkpt>
      <trkpt lat="29.3602861" lon="119.3633234">
        <ele>157.0</ele>
        <time>2026-08-29T00:58:16Z</time>
        <speed>1.1308447</speed>
      </trkpt>
      <trkpt lat="29.3602799" lon="119.363321">
        <ele>163.38</ele>
        <time>2026-08-29T00:59:22Z</time>
        <speed>1.3315864</speed>
      </trkpt>
      <trkpt lat="29.3603364" lon="119.3634176">
        <ele>163.82</ele>
        <time>2026-08-29T00:59:34Z</time>
        <speed>1.2219505</speed>
      </trkpt>
      <trkpt lat="29.3604228" lon="119.3634382">
        <ele>163.94</ele>
        <time>2026-08-29T00:59:50Z</time>
        <speed>0.73965585</speed>
      </trkpt>
      <trkpt lat="29.360508" lon="119.3635003">
        <ele>163.88</ele>
        <time>2026-08-29T01:00:06Z</time>
        <speed>0.84208554</speed>
      </trkpt>
      <trkpt lat="29.3606036" lon="119.3634919">
        <ele>164.23</ele>
        <time>2026-08-29T01:00:22Z</time>
        <speed>1.078343</speed>
      </trkpt>
      <trkpt lat="29.3606778" lon="119.3634201">
        <ele>166.63</ele>
        <time>2026-08-29T01:00:34Z</time>
        <speed>0.954295</speed>
      </trkpt>
      <trkpt lat="29.3607516" lon="119.3633454">
        <ele>168.51</ele>
        <time>2026-08-29T01:00:42Z</time>
        <speed>0.83385</speed>
      </trkpt>
      <trkpt lat="29.3608308" lon="119.3632851">
        <ele>170.23</ele>
        <time>2026-08-29T01:00:50Z</time>
        <speed>1.2389364</speed>
      </trkpt>
      <trkpt lat="29.3609059" lon="119.3632208">
        <ele>171.76</ele>
        <time>2026-08-29T01:00:58Z</time>
        <speed>1.3501164</speed>
      </trkpt>
      <trkpt lat="29.3610056" lon="119.363157">
        <ele>172.68</ele>
        <time>2026-08-29T01:01:08Z</time>
        <speed>1.330557</speed>
      </trkpt>
      <trkpt lat="29.361112" lon="119.3631254">
        <ele>172.56</ele>
        <time>2026-08-29T01:01:16Z</time>
        <speed>1.4391633</speed>
      </trkpt>
      <trkpt lat="29.3611858" lon="119.3630558">
        <ele>171.07</ele>
        <time>2026-08-29T01:01:26Z</time>
        <speed>1.5421078</speed>
      </trkpt>
      <trkpt lat="29.3612391" lon="119.362967">
        <ele>169.23</ele>
        <time>2026-08-29T01:01:52Z</time>
        <speed>1.2214358</speed>
      </trkpt>
      <trkpt lat="29.3612811" lon="119.3628724">
        <ele>167.37</ele>
        <time>2026-08-29T01:02:00Z</time>
        <speed>1.2075384</speed>
      </trkpt>
      <trkpt lat="29.3613558" lon="119.3627874">
        <ele>166.74</ele>
        <time>2026-08-29T01:02:20Z</time>
        <speed>1.3243803</speed>
      </trkpt>
      <trkpt lat="29.3614629" lon="119.3627598">
        <ele>167.11</ele>
        <time>2026-08-29T01:02:28Z</time>
        <speed>1.6563761</speed>
      </trkpt>
      <trkpt lat="29.3615695" lon="119.3627231">
        <ele>167.58</ele>
        <time>2026-08-29T01:02:38Z</time>
        <speed>0.9218675</speed>
      </trkpt>
      <trkpt lat="29.3616787" lon="119.3626901">
        <ele>168.19</ele>
        <time>2026-08-29T01:02:46Z</time>
        <speed>1.3012178</speed>
      </trkpt>
      <trkpt lat="29.3617776" lon="119.3626548">
        <ele>169.66</ele>
        <time>2026-08-29T01:02:56Z</time>
        <speed>0.9836342</speed>
      </trkpt>
      <trkpt lat="29.3618319" lon="119.3625666">
        <ele>172.47</ele>
        <time>2026-08-29T01:03:04Z</time>
        <speed>0.8194378</speed>
      </trkpt>
      <trkpt lat="29.3619114" lon="119.3625037">
        <ele>174.98</ele>
        <time>2026-08-29T01:03:10Z</time>
        <speed>1.2842319</speed>
      </trkpt>
      <trkpt lat="29.3619989" lon="119.3624592">
        <ele>176.54</ele>
        <time>2026-08-29T01:03:16Z</time>
        <speed>1.534387</speed>
      </trkpt>
      <trkpt lat="29.3620955" lon="119.3624088">
        <ele>177.34</ele>
        <time>2026-08-29T01:03:24Z</time>
        <speed>1.3707052</speed>
      </trkpt>
      <trkpt lat="29.3621912" lon="119.3623804">
        <ele>177.84</ele>
        <time>2026-08-29T01:03:34Z</time>
        <speed>0.7566417</speed>
      </trkpt>
      <trkpt lat="29.3622859" lon="119.3623649">
        <ele>178.6</ele>
        <time>2026-08-29T01:03:48Z</time>
        <speed>0.48332417</speed>
      </trkpt>
      <trkpt lat="29.3623786" lon="119.3623377">
        <ele>180.28</ele>
        <time>2026-08-29T01:03:54Z</time>
        <speed>1.0515774</speed>
      </trkpt>
      <trkpt lat="29.3624754" lon="119.3623525">
        <ele>181.4</ele>
        <time>2026-08-29T01:04:02Z</time>
        <speed>1.1529778</speed>
      </trkpt>
      <trkpt lat="29.3625751" lon="119.3623561">
        <ele>182.91</ele>
        <time>2026-08-29T01:04:10Z</time>
        <speed>0.91414666</speed>
      </trkpt>
      <trkpt lat="29.3626806" lon="119.3623597">
        <ele>185.14</ele>
        <time>2026-08-29T01:04:20Z</time>
        <speed>0.935765</speed>
      </trkpt>
      <trkpt lat="29.3627904" lon="119.3623262">
        <ele>188.09</ele>
        <time>2026-08-29T01:04:32Z</time>
        <speed>0.85546833</speed>
      </trkpt>
      <trkpt lat="29.3628814" lon="119.3622839">
        <ele>190.33</ele>
        <time>2026-08-29T01:04:40Z</time>
        <speed>1.0536364</speed>
      </trkpt>
      <trkpt lat="29.362975" lon="119.3622427">
        <ele>191.52</ele>
        <time>2026-08-29T01:04:48Z</time>
        <speed>0.89304304</speed>
      </trkpt>
      <trkpt lat="29.3630828" lon="119.3622058">
        <ele>192.37</ele>
        <time>2026-08-29T01:04:56Z</time>
        <speed>1.0361358</speed>
      </trkpt>
      <trkpt lat="29.3631761" lon="119.3621676">
        <ele>193.59</ele>
        <time>2026-08-29T01:05:02Z</time>
        <speed>1.3346747</speed>
      </trkpt>
      <trkpt lat="29.3632409" lon="119.3620976">
        <ele>194.71</ele>
        <time>2026-08-29T01:05:10Z</time>
        <speed>0.94657415</speed>
      </trkpt>
      <trkpt lat="29.3633108" lon="119.362025">
        <ele>195.91</ele>
        <time>2026-08-29T01:05:38Z</time>
        <speed>0.60788697</speed>
      </trkpt>
      <trkpt lat="29.3633931" lon="119.3619808">
        <ele>198.36</ele>
        <time>2026-08-29T01:05:46Z</time>
        <speed>0.88068974</speed>
      </trkpt>
      <trkpt lat="29.3634806" lon="119.3619443">
        <ele>200.23</ele>
        <time>2026-08-29T01:05:56Z</time>
        <speed>0.6645064</speed>
      </trkpt>
      <trkpt lat="29.3635747" lon="119.3619398">
        <ele>202.28</ele>
        <time>2026-08-29T01:06:04Z</time>
        <speed>0.70722836</speed>
      </trkpt>
      <trkpt lat="29.3636632" lon="119.3619146">
        <ele>204.44</ele>
        <time>2026-08-29T01:06:16Z</time>
        <speed>0.5579589</speed>
      </trkpt>
      <trkpt lat="29.3637517" lon="119.3618935">
        <ele>206.06</ele>
        <time>2026-08-29T01:06:42Z</time>
        <speed>0.49258918</speed>
      </trkpt>
      <trkpt lat="29.363845" lon="119.3618675">
        <ele>208.74</ele>
        <time>2026-08-29T01:06:54Z</time>
        <speed>0.8776014</speed>
      </trkpt>
      <trkpt lat="29.3639389" lon="119.3618682">
        <ele>212.34</ele>
        <time>2026-08-29T01:07:06Z</time>
        <speed>0.7890692</speed>
      </trkpt>
      <trkpt lat="29.3640303" lon="119.3618877">
        <ele>216.02</ele>
        <time>2026-08-29T01:07:20Z</time>
        <speed>0.0</speed>
      </trkpt>
      <trkpt lat="29.3641305" lon="119.36188">
        <ele>219.15</ele>
        <time>2026-08-29T01:07:40Z</time>
        <speed>0.0</speed>
      </trkpt>
      <trkpt lat="29.3642328" lon="119.3618644">
        <ele>220.76</ele>
        <time>2026-08-29T01:08:12Z</time>
        <speed>0.53170806</speed>
      </trkpt>
      <trkpt lat="29.3643166" lon="119.361904">
        <ele>225.04</ele>
        <time>2026-08-29T01:08:26Z</time>
        <speed>0.59913665</speed>
      </trkpt>
      <trkpt lat="29.3644046" lon="119.3619032">
        <ele>228.94</ele>
        <time>2026-08-29T01:08:44Z</time>
        <speed>0.6464911</speed>
      </trkpt>
      <trkpt lat="29.3644974" lon="119.3618888">
        <ele>231.93</ele>
        <time>2026-08-29T01:09:12Z</time>
        <speed>0.5111192</speed>
      </trkpt>
      <trkpt lat="29.3645934" lon="119.3618652">
        <ele>235.66</ele>
        <time>2026-08-29T01:09:32Z</time>
        <speed>0.66347694</speed>
      </trkpt>
      <trkpt lat="29.364678" lon="119.3619007">
        <ele>240.15</ele>
        <time>2026-08-29T01:09:44Z</time>
        <speed>0.7257583</speed>
      </trkpt>
      <trkpt lat="29.3647718" lon="119.3619189">
        <ele>244.47</ele>
        <time>2026-08-29T01:10:02Z</time>
        <speed>0.4493525</speed>
      </trkpt>
      <trkpt lat="29.3648017" lon="119.362025">
        <ele>248.79</ele>
        <time>2026-08-29T01:11:02Z</time>
        <speed>0.43030778</speed>
      </trkpt>
      <trkpt lat="29.3648667" lon="119.3620967">
        <ele>253.65</ele>
        <time>2026-08-29T01:11:20Z</time>
        <speed>0.0</speed>
      </trkpt>
      <trkpt lat="29.3648867" lon="119.3622017">
        <ele>257.72</ele>
        <time>2026-08-29T01:12:54Z</time>
        <speed>0.62693167</speed>
      </trkpt>
      <trkpt lat="29.3649783" lon="119.3621833">
        <ele>260.98</ele>
        <time>2026-08-29T01:13:04Z</time>
        <speed>0.70362526</speed>
      </trkpt>
      <trkpt lat="29.3650644" lon="119.3622172">
        <ele>264.69</ele>
        <time>2026-08-29T01:13:18Z</time>
        <speed>0.0</speed>
      </trkpt>
      <trkpt lat="29.3651211" lon="119.3621586">
        <ele>269.47</ele>
        <time>2026-08-29T01:13:48Z</time>
        <speed>0.8570125</speed>
      </trkpt>
      <trkpt lat="29.3651874" lon="119.3620853">
        <ele>274.47</ele>
        <time>2026-08-29T01:14:00Z</time>
        <speed>0.7736275</speed>
      </trkpt>
      <trkpt lat="29.3652607" lon="119.3619986">
        <ele>278.36</ele>
        <time>2026-08-29T01:14:36Z</time>
        <speed>0.9162056</speed>
      </trkpt>
      <trkpt lat="29.3652993" lon="119.3618934">
        <ele>283.02</ele>
        <time>2026-08-29T01:14:50Z</time>
        <speed>0.68869835</speed>
      </trkpt>
      <trkpt lat="29.3653551" lon="119.3619314">
        <ele>287.57</ele>
        <time>2026-08-29T01:15:00Z</time>
        <speed>0.94400054</speed>
      </trkpt>
      <trkpt lat="29.3653715" lon="119.3620452">
        <ele>292.14</ele>
        <time>2026-08-29T01:15:10Z</time>
        <speed>0.9753986</speed>
      </trkpt>
      <trkpt lat="29.3654435" lon="119.3621137">
        <ele>297.97</ele>
        <time>2026-08-29T01:15:50Z</time>
        <speed>0.30677444</speed>
      </trkpt>
      <trkpt lat="29.3655319" lon="119.3621704">
        <ele>303.75</ele>
        <time>2026-08-29T01:16:10Z</time>
        <speed>0.42413113</speed>
      </trkpt>
      <trkpt lat="29.3655892" lon="119.3621161">
        <ele>307.0</ele>
        <time>2026-08-29T01:16:24Z</time>
        <speed>0.78392196</speed>
      </trkpt>
      <trkpt lat="29.365632" lon="119.3621713">
        <ele>307.9</ele>
        <time>2026-08-29T01:16:36Z</time>
        <speed>0.88326335</speed>
      </trkpt>
      <trkpt lat="29.3656878" lon="119.3622599">
        <ele>307.3</ele>
        <time>2026-08-29T01:16:48Z</time>
        <speed>1.0309886</speed>
      </trkpt>
      <trkpt lat="29.3657006" lon="119.362279">
        <ele>305.75</ele>
        <time>2026-08-29T01:16:52Z</time>
        <speed>0.0</speed>
      </trkpt>
      <trkpt lat="29.365769" lon="119.3622957">
        <ele>304.35</ele>
        <time>2026-08-29T01:17:16Z</time>
        <speed>0.7412</speed>
      </trkpt>
      <trkpt lat="29.3658362" lon="119.3622271">
        <ele>299.99</ele>
        <time>2026-08-29T01:17:36Z</time>
        <speed>1.0773137</speed>
      </trkpt>
      <trkpt lat="29.3658799" lon="119.3621249">
        <ele>294.27</ele>
        <time>2026-08-29T01:17:46Z</time>
        <speed>1.0016495</speed>
      </trkpt>
      <trkpt lat="29.3659366" lon="119.3620344">
        <ele>289.25</ele>
        <time>2026-08-29T01:17:58Z</time>
        <speed>0.60171026</speed>
      </trkpt>
      <trkpt lat="29.3660039" lon="119.3620618">
        <ele>284.54</ele>
        <time>2026-08-29T01:18:14Z</time>
        <speed>0.6830364</speed>
      </trkpt>
      <trkpt lat="29.3660322" lon="119.362178">
        <ele>280.87</ele>
        <time>2026-08-29T01:18:36Z</time>
        <speed>0.69436026</speed>
      </trkpt>
      <trkpt lat="29.3660957" lon="119.3621734">
        <ele>277.65</ele>
        <time>2026-08-29T01:18:54Z</time>
        <speed>0.8467181</speed>
      </trkpt>
      <trkpt lat="29.3661436" lon="119.3620893">
        <ele>274.84</ele>
        <time>2026-08-29T01:19:08Z</time>
        <speed>0.80554026</speed>
      </trkpt>
      <trkpt lat="29.3662012" lon="119.3621239">
        <ele>272.15</ele>
        <time>2026-08-29T01:19:24Z</time>
        <speed>0.83282053</speed>
      </trkpt>
      <trkpt lat="29.3662651" lon="119.3621976">
        <ele>269.08</ele>
        <time>2026-08-29T01:19:36Z</time>
        <speed>0.80245197</speed>
      </trkpt>
      <trkpt lat="29.3663059" lon="119.3621492">
        <ele>265.65</ele>
        <time>2026-08-29T01:20:02Z</time>
        <speed>0.86473334</speed>
      </trkpt>
      <trkpt lat="29.3663641" lon="119.3620599">
        <ele>258.4</ele>
        <time>2026-08-29T01:20:14Z</time>
        <speed>0.6372261</speed>
      </trkpt>
      <trkpt lat="29.3664371" lon="119.3619864">
        <ele>252.38</ele>
        <time>2026-08-29T01:20:24Z</time>
        <speed>0.83282053</speed>
      </trkpt>
      <trkpt lat="29.3664587" lon="119.3620511">
        <ele>248.43</ele>
        <time>2026-08-29T01:20:40Z</time>
        <speed>0.54251724</speed>
      </trkpt>
      <trkpt lat="29.3665356" lon="119.3620865">
        <ele>245.41</ele>
        <time>2026-08-29T01:21:00Z</time>
        <speed>0.0</speed>
      </trkpt>
      <trkpt lat="29.3665862" lon="119.3620268">
        <ele>242.22</ele>
        <time>2026-08-29T01:21:10Z</time>
        <speed>1.0165764</speed>
      </trkpt>
      <trkpt lat="29.3665965" lon="119.362042">
        <ele>238.94</ele>
        <time>2026-08-29T01:21:22Z</time>
        <speed>0.0</speed>
      </trkpt>
      <trkpt lat="29.3666302" lon="119.3621286">
        <ele>235.57</ele>
        <time>2026-08-29T01:22:18Z</time>
        <speed>0.7993636</speed>
      </trkpt>
      <trkpt lat="29.3666961" lon="119.3622045">
        <ele>231.58</ele>
        <time>2026-08-29T01:22:36Z</time>
        <speed>0.31089222</speed>
      </trkpt>
      <trkpt lat="29.3667801" lon="119.3621775">
        <ele>228.62</ele>
        <time>2026-08-29T01:22:54Z</time>
        <speed>1.0170912</speed>
      </trkpt>
      <trkpt lat="29.3668601" lon="119.3621236">
        <ele>224.87</ele>
        <time>2026-08-29T01:23:16Z</time>
        <speed>0.0</speed>
      </trkpt>
      <trkpt lat="29.3669569" lon="119.3620856">
        <ele>221.61</ele>
        <time>2026-08-29T01:23:36Z</time>
        <speed>0.90797</speed>
      </trkpt>
      <trkpt lat="29.3670552" lon="119.3620773">
        <ele>219.2</ele>
        <time>2026-08-29T01:23:50Z</time>
        <speed>0.68766886</speed>
      </trkpt>
      <trkpt lat="29.3671302" lon="119.3620135">
        <ele>216.4</ele>
        <time>2026-08-29T01:24:08Z</time>
        <speed>0.70053697</speed>
      </trkpt>
      <trkpt lat="29.3671996" lon="119.3619272">
        <ele>211.76</ele>
        <time>2026-08-29T01:24:38Z</time>
        <speed>0.6387703</speed>
      </trkpt>
      <trkpt lat="29.3672691" lon="119.3618426">
        <ele>206.14</ele>
        <time>2026-08-29T01:24:54Z</time>
        <speed>0.0</speed>
      </trkpt>
      <trkpt lat="29.3673519" lon="119.3617964">
        <ele>201.56</ele>
        <time>2026-08-29T01:25:10Z</time>
        <speed>0.53634053</speed>
      </trkpt>
      <trkpt lat="29.367455" lon="119.3618004">
        <ele>197.32</ele>
        <time>2026-08-29T01:25:22Z</time>
        <speed>0.8127464</speed>
      </trkpt>
      <trkpt lat="29.3675624" lon="119.3618165">
        <ele>194.09</ele>
        <time>2026-08-29T01:25:40Z</time>
        <speed>0.30471554</speed>
      </trkpt>
      <trkpt lat="29.3676626" lon="119.3618296">
        <ele>191.85</ele>
        <time>2026-08-29T01:25:50Z</time>
        <speed>0.0</speed>
      </trkpt>
      <trkpt lat="29.3677779" lon="119.3618441">
        <ele>190.76</ele>
        <time>2026-08-29T01:26:02Z</time>
        <speed>0.0</speed>
      </trkpt>
      <trkpt lat="29.3678699" lon="119.361883">
        <ele>190.56</ele>
        <time>2026-08-29T01:26:08Z</time>
        <speed>1.0397389</speed>
      </trkpt>
      <trkpt lat="29.3679674" lon="119.3619026">
        <ele>190.62</ele>
        <time>2026-08-29T01:26:14Z</time>
        <speed>0.89921975</speed>
      </trkpt>
      <trkpt lat="29.368069" lon="119.3619422">
        <ele>190.05</ele>
        <time>2026-08-29T01:26:20Z</time>
        <speed>1.2914381</speed>
      </trkpt>
      <trkpt lat="29.3681648" lon="119.3619429">
        <ele>189.34</ele>
        <time>2026-08-29T01:26:28Z</time>
        <speed>1.1874641</speed>
      </trkpt>
      <trkpt lat="29.368267" lon="119.3619034">
        <ele>186.87</ele>
        <time>2026-08-29T01:26:38Z</time>
        <speed>1.4417369</speed>
      </trkpt>
      <trkpt lat="29.3683605" lon="119.3618959">
        <ele>182.63</ele>
        <time>2026-08-29T01:26:44Z</time>
        <speed>1.2224653</speed>
      </trkpt>
      <trkpt lat="29.3684744" lon="119.3618968">
        <ele>180.25</ele>
        <time>2026-08-29T01:26:52Z</time>
        <speed>1.3403367</speed>
      </trkpt>
      <trkpt lat="29.3685748" lon="119.3619019">
        <ele>177.86</ele>
        <time>2026-08-29T01:26:58Z</time>
        <speed>1.6110805</speed>
      </trkpt>
      <trkpt lat="29.3686681" lon="119.3618792">
        <ele>175.64</ele>
        <time>2026-08-29T01:27:06Z</time>
        <speed>1.3547488</speed>
      </trkpt>
      <trkpt lat="29.3687629" lon="119.3618083">
        <ele>173.26</ele>
        <time>2026-08-29T01:27:12Z</time>
        <speed>1.639905</speed>
      </trkpt>
      <trkpt lat="29.3688774" lon="119.3617661">
        <ele>171.6</ele>
        <time>2026-08-29T01:27:18Z</time>
        <speed>1.9070458</speed>
      </trkpt>
      <trkpt lat="29.3689781" lon="119.3617064">
        <ele>170.05</ele>
        <time>2026-08-29T01:27:26Z</time>
        <speed>1.7202016</speed>
      </trkpt>
      <trkpt lat="29.3690615" lon="119.3616442">
        <ele>168.48</ele>
        <time>2026-08-29T01:27:34Z</time>
        <speed>1.6352725</speed>
      </trkpt>
      <trkpt lat="29.3691451" lon="119.3616849">
        <ele>166.73</ele>
        <time>2026-08-29T01:28:08Z</time>
        <speed>0.75458276</speed>
      </trkpt>
      <trkpt lat="29.3692172" lon="119.3617713">
        <ele>162.89</ele>
        <time>2026-08-29T01:28:20Z</time>
        <speed>0.9676778</speed>
      </trkpt>
      <trkpt lat="29.3693134" lon="119.3618116">
        <ele>160.74</ele>
        <time>2026-08-29T01:28:30Z</time>
        <speed>1.2754817</speed>
      </trkpt>
      <trkpt lat="29.3693691" lon="119.3618297">
        <ele>159.95</ele>
        <time>2026-08-29T01:28:50Z</time>
        <speed>0.0</speed>
      </trkpt>
      <trkpt lat="29.3694517" lon="119.3617833">
        <ele>158.16</ele>
        <time>2026-08-29T01:31:30Z</time>
        <speed>0.9589275</speed>
      </trkpt>
      <trkpt lat="29.3695383" lon="119.3617383">
        <ele>156.33</ele>
        <time>2026-08-29T01:32:18Z</time>
        <speed>0.3098628</speed>
      </trkpt>
      <trkpt lat="29.3696067" lon="119.3616665">
        <ele>154.77</ele>
        <time>2026-08-29T01:32:28Z</time>
        <speed>0.90076387</speed>
      </trkpt>
      <trkpt lat="29.3696833" lon="119.3616016">
        <ele>154.39</ele>
        <time>2026-08-29T01:32:36Z</time>
        <speed>1.1251827</speed>
      </trkpt>
      <trkpt lat="29.3697663" lon="119.3615474">
        <ele>154.7</ele>
        <time>2026-08-29T01:32:46Z</time>
        <speed>0.9697367</speed>
      </trkpt>
      <trkpt lat="29.3698615" lon="119.3615047">
        <ele>155.82</ele>
        <time>2026-08-29T01:33:02Z</time>
        <speed>0.80965805</speed>
      </trkpt>
      <trkpt lat="29.3699371" lon="119.3614434">
        <ele>157.01</ele>
        <time>2026-08-29T01:33:10Z</time>
        <speed>1.3948972</speed>
      </trkpt>
      <trkpt lat="29.3700096" lon="119.3613781">
        <ele>157.35</ele>
        <time>2026-08-29T01:33:20Z</time>
        <speed>1.0490038</speed>
      </trkpt>
      <trkpt lat="29.3700817" lon="119.3613019">
        <ele>157.46</ele>
        <time>2026-08-29T01:33:30Z</time>
        <speed>1.0659897</speed>
      </trkpt>
      <trkpt lat="29.3701754" lon="119.3612561">
        <ele>157.78</ele>
        <time>2026-08-29T01:33:40Z</time>
        <speed>1.0160617</speed>
      </trkpt>
      <trkpt lat="29.370241" lon="119.3611646">
        <ele>157.44</ele>
        <time>2026-08-29T01:33:48Z</time>
        <speed>1.2857761</speed>
      </trkpt>
      <trkpt lat="29.370314" lon="119.3610828">
        <ele>156.69</ele>
        <time>2026-08-29T01:33:58Z</time>
        <speed>1.2476866</speed>
      </trkpt>
      <trkpt lat="29.3703883" lon="119.3609976">
        <ele>155.49</ele>
        <time>2026-08-29T01:34:06Z</time>
        <speed>1.4021033</speed>
      </trkpt>
      <trkpt lat="29.3704819" lon="119.3609229">
        <ele>155.02</ele>
        <time>2026-08-29T01:34:14Z</time>
        <speed>1.4437958</speed>
      </trkpt>
      <trkpt lat="29.3705776" lon="119.3608813">
        <ele>154.71</ele>
        <time>2026-08-29T01:34:22Z</time>
        <speed>1.3918089</speed>
      </trkpt>
      <trkpt lat="29.3706754" lon="119.3608313">
        <ele>154.41</ele>
        <time>2026-08-29T01:34:30Z</time>
        <speed>1.2512897</speed>
      </trkpt>
      <trkpt lat="29.3707709" lon="119.3607676">
        <ele>154.75</ele>
        <time>2026-08-29T01:34:38Z</time>
        <speed>1.3887205</speed>
      </trkpt>
      <trkpt lat="29.3708801" lon="119.3607546">
        <ele>155.72</ele>
        <time>2026-08-29T01:34:46Z</time>
        <speed>1.4767381</speed>
      </trkpt>
      <trkpt lat="29.3709628" lon="119.3608232">
        <ele>156.66</ele>
        <time>2026-08-29T01:34:54Z</time>
        <speed>1.4262953</speed>
      </trkpt>
      <trkpt lat="29.3710225" lon="119.3609215">
        <ele>156.42</ele>
        <time>2026-08-29T01:35:16Z</time>
        <speed>1.2358481</speed>
      </trkpt>
      <trkpt lat="29.3710711" lon="119.3610236">
        <ele>156.11</ele>
        <time>2026-08-29T01:35:24Z</time>
        <speed>1.1231239</speed>
      </trkpt>
      <trkpt lat="29.371135" lon="119.3611124">
        <ele>155.76</ele>
        <time>2026-08-29T01:35:32Z</time>
        <speed>1.3043061</speed>
      </trkpt>
      <trkpt lat="29.3711809" lon="119.3612136">
        <ele>155.35</ele>
        <time>2026-08-29T01:35:40Z</time>
        <speed>1.6532878</speed>
      </trkpt>
      <trkpt lat="29.3712666" lon="119.3612836">
        <ele>155.41</ele>
        <time>2026-08-29T01:35:50Z</time>
        <speed>1.1637869</speed>
      </trkpt>
      <trkpt lat="29.3713353" lon="119.3613687">
        <ele>155.41</ele>
        <time>2026-08-29T01:35:58Z</time>
        <speed>1.584315</speed>
      </trkpt>
      <trkpt lat="29.3713423" lon="119.3614705">
        <ele>155.83</ele>
        <time>2026-08-29T01:36:06Z</time>
        <speed>1.0052525</speed>
      </trkpt>
      <trkpt lat="29.371368" lon="119.3615718">
        <ele>156.25</ele>
        <time>2026-08-29T01:36:16Z</time>
        <speed>1.2862909</speed>
      </trkpt>
      <trkpt lat="29.3714266" lon="119.3616658">
        <ele>156.57</ele>
        <time>2026-08-29T01:36:24Z</time>
        <speed>1.1704783</speed>
      </trkpt>
      <trkpt lat="29.3714629" lon="119.3617202">
        <ele>156.67</ele>
        <time>2026-08-29T01:36:40Z</time>
        <speed>0.0</speed>
      </trkpt>
      <trkpt lat="29.371511" lon="119.3617953">
        <ele>156.21</ele>
        <time>2026-08-29T01:36:54Z</time>
        <speed>0.73708224</speed>
      </trkpt>
      <trkpt lat="29.3715889" lon="119.3618615">
        <ele>156.25</ele>
        <time>2026-08-29T01:37:04Z</time>
        <speed>0.98157525</speed>
      </trkpt>
      <trkpt lat="29.3716623" lon="119.3619407">
        <ele>156.14</ele>
        <time>2026-08-29T01:37:32Z</time>
        <speed>0.5203842</speed>
      </trkpt>
      <trkpt lat="29.3717397" lon="119.3620239">
        <ele>155.13</ele>
        <time>2026-08-29T01:38:30Z</time>
        <speed>0.3474375</speed>
      </trkpt>
      <trkpt lat="29.3718103" lon="119.3621019">
        <ele>154.69</ele>
        <time>2026-08-29T01:38:42Z</time>
        <speed>0.7767158</speed>
      </trkpt>
      <trkpt lat="29.3718453" lon="119.3622039">
        <ele>154.35</ele>
        <time>2026-08-29T01:38:52Z</time>
        <speed>1.024812</speed>
      </trkpt>
      <trkpt lat="29.3718723" lon="119.3623221">
        <ele>154.5</ele>
        <time>2026-08-29T01:39:02Z</time>
        <speed>1.1329036</speed>
      </trkpt>
      <trkpt lat="29.3719059" lon="119.3624413">
        <ele>154.84</ele>
        <time>2026-08-29T01:39:12Z</time>
        <speed>1.1555514</speed>
      </trkpt>
      <trkpt lat="29.3719434" lon="119.3625467">
        <ele>154.48</ele>
        <time>2026-08-29T01:39:20Z</time>
        <speed>1.4180597</speed>
      </trkpt>
      <trkpt lat="29.3719677" lon="119.3626487">
        <ele>153.67</ele>
        <time>2026-08-29T01:39:32Z</time>
        <speed>0.7617889</speed>
      </trkpt>
      <trkpt lat="29.3719848" lon="119.3627585">
        <ele>153.38</ele>
        <time>2026-08-29T01:39:46Z</time>
        <speed>0.5214136</speed>
      </trkpt>
      <trkpt lat="29.3720349" lon="119.3628565">
        <ele>153.86</ele>
        <time>2026-08-29T01:39:56Z</time>
        <speed>1.0289297</speed>
      </trkpt>
      <trkpt lat="29.3720829" lon="119.3629649">
        <ele>154.31</ele>
        <time>2026-08-29T01:40:08Z</time>
        <speed>0.73450863</speed>
      </trkpt>
      <trkpt lat="29.372155" lon="119.3630601">
        <ele>153.96</ele>
        <time>2026-08-29T01:40:18Z</time>
        <speed>1.0438566</speed>
      </trkpt>
      <trkpt lat="29.3722241" lon="119.3631627">
        <ele>153.42</ele>
        <time>2026-08-29T01:40:30Z</time>
        <speed>0.8456886</speed>
      </trkpt>
      <trkpt lat="29.372269" lon="119.3632698">
        <ele>153.58</ele>
        <time>2026-08-29T01:40:42Z</time>
        <speed>0.9846636</speed>
      </trkpt>
      <trkpt lat="29.372282" lon="119.3633873">
        <ele>153.63</ele>
        <time>2026-08-29T01:40:52Z</time>
        <speed>1.0114292</speed>
      </trkpt>
      <trkpt lat="29.3723154" lon="119.3635107">
        <ele>152.97</ele>
        <time>2026-08-29T01:41:02Z</time>
        <speed>0.9337061</speed>
      </trkpt>
      <trkpt lat="29.3723812" lon="119.3635917">
        <ele>152.17</ele>
        <time>2026-08-29T01:41:08Z</time>
        <speed>0.9311325</speed>
      </trkpt>
      <trkpt lat="29.3724739" lon="119.3636378">
        <ele>151.58</ele>
        <time>2026-08-29T01:41:16Z</time>
        <speed>0.9213528</speed>
      </trkpt>
      <trkpt lat="29.3725696" lon="119.3636881">
        <ele>151.55</ele>
        <time>2026-08-29T01:41:24Z</time>
        <speed>0.69590443</speed>
      </trkpt>
      <trkpt lat="29.3726366" lon="119.3637703">
        <ele>152.13</ele>
        <time>2026-08-29T01:41:34Z</time>
        <speed>0.657815</speed>
      </trkpt>
      <trkpt lat="29.3727041" lon="119.3638531">
        <ele>153.06</ele>
        <time>2026-08-29T01:41:42Z</time>
        <speed>0.93061775</speed>
      </trkpt>
      <trkpt lat="29.3727764" lon="119.3639201">
        <ele>154.07</ele>
        <time>2026-08-29T01:41:50Z</time>
        <speed>0.76384777</speed>
      </trkpt>
      <trkpt lat="29.3728521" lon="119.3639843">
        <ele>155.03</ele>
        <time>2026-08-29T01:41:58Z</time>
        <speed>0.87811613</speed>
      </trkpt>
      <trkpt lat="29.372944" lon="119.3640182">
        <ele>155.58</ele>
        <time>2026-08-29T01:42:22Z</time>
        <speed>0.49670693</speed>
      </trkpt>
      <trkpt lat="29.3730441" lon="119.36402">
        <ele>155.76</ele>
        <time>2026-08-29T01:42:32Z</time>
        <speed>1.0912111</speed>
      </trkpt>
      <trkpt lat="29.3731099" lon="119.3640083">
        <ele>156.34</ele>
        <time>2026-08-29T01:42:58Z</time>
        <speed>0.0</speed>
      </trkpt>
      <trkpt lat="29.3731922" lon="119.3639844">
        <ele>155.85</ele>
        <time>2026-08-29T01:43:26Z</time>
        <speed>0.89046943</speed>
      </trkpt>
      <trkpt lat="29.3732682" lon="119.3640347">
        <ele>156.34</ele>
        <time>2026-08-29T01:43:58Z</time>
        <speed>0.28412667</speed>
      </trkpt>
      <trkpt lat="29.3733354" lon="119.3641251">
        <ele>156.88</ele>
        <time>2026-08-29T01:44:10Z</time>
        <speed>0.99753165</speed>
      </trkpt>
      <trkpt lat="29.3734234" lon="119.364142">
        <ele>156.33</ele>
        <time>2026-08-29T01:44:22Z</time>
        <speed>0.7710539</speed>
      </trkpt>
      <trkpt lat="29.3735372" lon="119.3641633">
        <ele>156.71</ele>
        <time>2026-08-29T01:44:50Z</time>
        <speed>0.49516279</speed>
      </trkpt>
      <trkpt lat="29.3736295" lon="119.3641092">
        <ele>159.07</ele>
        <time>2026-08-29T01:45:02Z</time>
        <speed>0.9162056</speed>
      </trkpt>
      <trkpt lat="29.3737234" lon="119.3641261">
        <ele>161.36</ele>
        <time>2026-08-29T01:45:26Z</time>
        <speed>0.7108314</speed>
      </trkpt>
      <trkpt lat="29.3738194" lon="119.364166">
        <ele>163.36</ele>
        <time>2026-08-29T01:45:36Z</time>
        <speed>0.90899944</speed>
      </trkpt>
      <trkpt lat="29.3739249" lon="119.3641765">
        <ele>163.81</ele>
        <time>2026-08-29T01:45:46Z</time>
        <speed>1.1066527</speed>
      </trkpt>
      <trkpt lat="29.3740174" lon="119.3641442">
        <ele>163.89</ele>
        <time>2026-08-29T01:45:54Z</time>
        <speed>1.0443714</speed>
      </trkpt>
      <trkpt lat="29.3741097" lon="119.3641105">
        <ele>164.15</ele>
        <time>2026-08-29T01:46:06Z</time>
        <speed>0.6552414</speed>
      </trkpt>
      <trkpt lat="29.3742161" lon="119.3641065">
        <ele>164.9</ele>
        <time>2026-08-29T01:46:16Z</time>
        <speed>0.76539195</speed>
      </trkpt>
      <trkpt lat="29.3743178" lon="119.3640698">
        <ele>165.93</ele>
        <time>2026-08-29T01:46:24Z</time>
        <speed>0.9867225</speed>
      </trkpt>
      <trkpt lat="29.3744247" lon="119.3640365">
        <ele>166.74</ele>
        <time>2026-08-29T01:46:32Z</time>
        <speed>1.1663605</speed>
      </trkpt>
      <trkpt lat="29.3745358" lon="119.3640259">
        <ele>166.85</ele>
        <time>2026-08-29T01:46:42Z</time>
        <speed>1.1308447</speed>
      </trkpt>
      <trkpt lat="29.3746345" lon="119.3640303">
        <ele>166.74</ele>
        <time>2026-08-29T01:46:50Z</time>
        <speed>0.98775196</speed>
      </trkpt>
      <trkpt lat="29.3747382" lon="119.3640042">
        <ele>166.38</ele>
        <time>2026-08-29T01:47:04Z</time>
        <speed>0.7499503</speed>
      </trkpt>
      <trkpt lat="29.3748479" lon="119.3640031">
        <ele>166.95</ele>
        <time>2026-08-29T01:47:16Z</time>
        <speed>0.7731128</speed>
      </trkpt>
      <trkpt lat="29.3749461" lon="119.3639822">
        <ele>167.23</ele>
        <time>2026-08-29T01:47:22Z</time>
        <speed>0.89252836</speed>
      </trkpt>
      <trkpt lat="29.3750446" lon="119.3639819">
        <ele>167.26</ele>
        <time>2026-08-29T01:47:28Z</time>
        <speed>1.2430542</speed>
      </trkpt>
      <trkpt lat="29.3751526" lon="119.363996">
        <ele>167.28</ele>
        <time>2026-08-29T01:47:34Z</time>
        <speed>1.5575495</speed>
      </trkpt>
      <trkpt lat="29.3752391" lon="119.363962">
        <ele>167.42</ele>
        <time>2026-08-29T01:47:42Z</time>
        <speed>1.1920967</speed>
      </trkpt>
      <trkpt lat="29.3753463" lon="119.3639481">
        <ele>168.01</ele>
        <time>2026-08-29T01:47:50Z</time>
        <speed>1.0119439</speed>
      </trkpt>
      <trkpt lat="29.3754393" lon="119.3639046">
        <ele>169.38</ele>
        <time>2026-08-29T01:47:58Z</time>
        <speed>0.9707661</speed>
      </trkpt>
      <trkpt lat="29.3755229" lon="119.3639318">
        <ele>171.24</ele>
        <time>2026-08-29T01:48:08Z</time>
        <speed>0.8621597</speed>
      </trkpt>
      <trkpt lat="29.3755959" lon="119.3638961">
        <ele>173.33</ele>
        <time>2026-08-29T01:48:32Z</time>
        <speed>0.45655861</speed>
      </trkpt>
      <trkpt lat="29.3756608" lon="119.3638144">
        <ele>176.63</ele>
        <time>2026-08-29T01:48:56Z</time>
        <speed>0.0</speed>
      </trkpt>
      <trkpt lat="29.3757037" lon="119.3638668">
        <ele>179.84</ele>
        <time>2026-08-29T01:49:14Z</time>
        <speed>0.37729138</speed>
      </trkpt>
      <trkpt lat="29.3757896" lon="119.3639103">
        <ele>182.06</ele>
        <time>2026-08-29T01:50:00Z</time>
        <speed>0.6557561</speed>
      </trkpt>
      <trkpt lat="29.3758879" lon="119.3639213">
        <ele>182.77</ele>
        <time>2026-08-29T01:50:08Z</time>
        <speed>0.80965805</speed>
      </trkpt>
      <trkpt lat="29.3759893" lon="119.3639255">
        <ele>183.08</ele>
        <time>2026-08-29T01:50:16Z</time>
        <speed>1.089667</speed>
      </trkpt>
      <trkpt lat="29.3760704" lon="119.3639916">
        <ele>183.56</ele>
        <time>2026-08-29T01:50:28Z</time>
        <speed>0.7576711</speed>
      </trkpt>
      <trkpt lat="29.3761518" lon="119.3640483">
        <ele>184.96</ele>
        <time>2026-08-29T01:50:36Z</time>
        <speed>0.0</speed>
      </trkpt>
      <trkpt lat="29.3762453" lon="119.3640623">
        <ele>185.06</ele>
        <time>2026-08-29T01:50:42Z</time>
        <speed>0.0</speed>
      </trkpt>
      <trkpt lat="29.3763072" lon="119.3641321">
        <ele>184.82</ele>
        <time>2026-08-29T01:50:56Z</time>
        <speed>0.4143514</speed>
      </trkpt>
      <trkpt lat="29.3763467" lon="119.364245">
        <ele>184.9</ele>
        <time>2026-08-29T01:52:40Z</time>
        <speed>0.61766666</speed>
      </trkpt>
      <trkpt lat="29.3764367" lon="119.36427">
        <ele>185.76</ele>
        <time>2026-08-29T01:53:02Z</time>
        <speed>0.47045612</speed>
      </trkpt>
      <trkpt lat="29.3765253" lon="119.3643274">
        <ele>187.41</ele>
        <time>2026-08-29T01:53:16Z</time>
        <speed>0.59862196</speed>
      </trkpt>
      <trkpt lat="29.3765814" lon="119.3644125">
        <ele>188.87</ele>
        <time>2026-08-29T01:53:26Z</time>
        <speed>0.8755425</speed>
      </trkpt>
      <trkpt lat="29.37662" lon="119.3645101">
        <ele>190.99</ele>
        <time>2026-08-29T01:53:48Z</time>
        <speed>0.0</speed>
      </trkpt>
      <trkpt lat="29.3766106" lon="119.364616">
        <ele>194.22</ele>
        <time>2026-08-29T01:54:02Z</time>
        <speed>0.54406136</speed>
      </trkpt>
      <trkpt lat="29.3765341" lon="119.3646856">
        <ele>197.27</ele>
        <time>2026-08-29T01:54:26Z</time>
        <speed>0.27795</speed>
      </trkpt>
      <trkpt lat="29.3764617" lon="119.3647617">
        <ele>203.35</ele>
        <time>2026-08-29T01:54:46Z</time>
        <speed>0.0</speed>
      </trkpt>
      <trkpt lat="29.3764679" lon="119.3648564">
        <ele>207.76</ele>
        <time>2026-08-29T01:55:24Z</time>
        <speed>0.37883556</speed>
      </trkpt>
      <trkpt lat="29.3764533" lon="119.3649583">
        <ele>214.06</ele>
        <time>2026-08-29T01:56:28Z</time>
        <speed>0.0</speed>
      </trkpt>
      <trkpt lat="29.3764933" lon="119.3650567">
        <ele>221.13</ele>
        <time>2026-08-29T01:57:12Z</time>
        <speed>0.34589332</speed>
      </trkpt>
      <trkpt lat="29.3765217" lon="119.3651767">
        <ele>226.92</ele>
        <time>2026-08-29T01:58:28Z</time>
        <speed>0.26559666</speed>
      </trkpt>
      <trkpt lat="29.3765683" lon="119.3652767">
        <ele>234.4</ele>
        <time>2026-08-29T02:00:12Z</time>
        <speed>0.3561878</speed>
      </trkpt>
      <trkpt lat="29.37654" lon="119.365375">
        <ele>241.41</ele>
        <time>2026-08-29T02:00:40Z</time>
        <speed>0.29133278</speed>
      </trkpt>
      <trkpt lat="29.3765533" lon="119.3654967">
        <ele>248.55</ele>
        <time>2026-08-29T02:01:54Z</time>
        <speed>0.35979083</speed>
      </trkpt>
      <trkpt lat="29.3765833" lon="119.365595">
        <ele>257.26</ele>
        <time>2026-08-29T02:02:50Z</time>
        <speed>0.0</speed>
      </trkpt>
      <trkpt lat="29.3765567" lon="119.365695">
        <ele>264.85</ele>
        <time>2026-08-29T02:05:16Z</time>
        <speed>0.50648665</speed>
      </trkpt>
      <trkpt lat="29.3765333" lon="119.365845">
        <ele>275.32</ele>
        <time>2026-08-29T02:07:44Z</time>
        <speed>0.0</speed>
      </trkpt>
      <trkpt lat="29.376605" lon="119.36594">
        <ele>287.06</ele>
        <time>2026-08-29T02:10:28Z</time>
        <speed>0.35052583</speed>
      </trkpt>
      <trkpt lat="29.3765583" lon="119.36605">
        <ele>298.17</ele>
        <time>2026-08-29T02:10:54Z</time>
        <speed>0.3659675</speed>
      </trkpt>
      <trkpt lat="29.376625" lon="119.36612">
        <ele>307.26</ele>
        <time>2026-08-29T02:12:08Z</time>
        <speed>0.0</speed>
      </trkpt>
      <trkpt lat="29.376675" lon="119.3662067">
        <ele>315.71</ele>
        <time>2026-08-29T02:12:34Z</time>
        <speed>0.6006808</speed>
      </trkpt>
      <trkpt lat="29.3766883" lon="119.3663167">
        <ele>321.56</ele>
        <time>2026-08-29T02:14:16Z</time>
        <speed>0.51060444</speed>
      </trkpt>
      <trkpt lat="29.3766567" lon="119.366425">
        <ele>328.8</ele>
        <time>2026-08-29T02:15:00Z</time>
        <speed>0.41846916</speed>
      </trkpt>
      <trkpt lat="29.3766814" lon="119.3665235">
        <ele>336.59</ele>
        <time>2026-08-29T02:15:28Z</time>
        <speed>0.43442556</speed>
      </trkpt>
      <trkpt lat="29.37668" lon="119.3666267">
        <ele>343.65</ele>
        <time>2026-08-29T02:17:20Z</time>
        <speed>0.3824386</speed>
      </trkpt>
      <trkpt lat="29.3766617" lon="119.3667367">
        <ele>351.15</ele>
        <time>2026-08-29T02:17:58Z</time>
        <speed>0.3778061</speed>
      </trkpt>
      <trkpt lat="29.3766433" lon="119.3668495">
        <ele>358.27</ele>
        <time>2026-08-29T02:18:40Z</time>
        <speed>0.0</speed>
      </trkpt>
      <trkpt lat="29.376625" lon="119.3669589">
        <ele>364.78</ele>
        <time>2026-08-29T02:19:18Z</time>
        <speed>0.59244525</speed>
      </trkpt>
      <trkpt lat="29.3765904" lon="119.3670561">
        <ele>373.13</ele>
        <time>2026-08-29T02:20:00Z</time>
        <speed>0.0</speed>
      </trkpt>
      <trkpt lat="29.3766183" lon="119.367155">
        <ele>381.08</ele>
        <time>2026-08-29T02:22:24Z</time>
        <speed>0.4822947</speed>
      </trkpt>
      <trkpt lat="29.376675" lon="119.367235">
        <ele>391.07</ele>
        <time>2026-08-29T02:22:58Z</time>
        <speed>0.6387703</speed>
      </trkpt>
      <trkpt lat="29.3766132" lon="119.3672924">
        <ele>399.43</ele>
        <time>2026-08-29T02:23:16Z</time>
        <speed>0.66759473</speed>
      </trkpt>
      <trkpt lat="29.3765935" lon="119.3673909">
        <ele>405.87</ele>
        <time>2026-08-29T02:23:52Z</time>
        <speed>0.30934805</speed>
      </trkpt>
      <trkpt lat="29.3766101" lon="119.3674946">
        <ele>413.24</ele>
        <time>2026-08-29T02:24:42Z</time>
        <speed>0.40199804</speed>
      </trkpt>
      <trkpt lat="29.3766617" lon="119.3676033">
        <ele>420.92</ele>
        <time>2026-08-29T02:25:48Z</time>
        <speed>0.44163167</speed>
      </trkpt>
      <trkpt lat="29.37669" lon="119.3677017">
        <ele>427.15</ele>
        <time>2026-08-29T02:26:02Z</time>
        <speed>0.7525239</speed>
      </trkpt>
      <trkpt lat="29.3767381" lon="119.3677972">
        <ele>432.07</ele>
        <time>2026-08-29T02:26:40Z</time>
        <speed>0.5661944</speed>
      </trkpt>
      <trkpt lat="29.3767626" lon="119.3678986">
        <ele>437.76</ele>
        <time>2026-08-29T02:27:24Z</time>
        <speed>0.583695</speed>
      </trkpt>
      <trkpt lat="29.3768201" lon="119.3679731">
        <ele>443.16</ele>
        <time>2026-08-29T02:27:44Z</time>
        <speed>0.5975925</speed>
      </trkpt>
      <trkpt lat="29.3768973" lon="119.3680327">
        <ele>447.65</ele>
        <time>2026-08-29T02:28:10Z</time>
        <speed>0.0</speed>
      </trkpt>
      <trkpt lat="29.376963" lon="119.368113">
        <ele>451.2</ele>
        <time>2026-08-29T02:28:28Z</time>
        <speed>0.6722272</speed>
      </trkpt>
      <trkpt lat="29.3770376" lon="119.3681863">
        <ele>454.38</ele>
        <time>2026-08-29T02:28:50Z</time>
        <speed>0.28412667</speed>
      </trkpt>
      <trkpt lat="29.3770939" lon="119.368278">
        <ele>457.96</ele>
        <time>2026-08-29T02:29:08Z</time>
        <speed>0.41795444</speed>
      </trkpt>
      <trkpt lat="29.3771353" lon="119.3683728">
        <ele>461.25</ele>
        <time>2026-08-29T02:29:28Z</time>
        <speed>0.42361638</speed>
      </trkpt>
      <trkpt lat="29.3771645" lon="119.3684728">
        <ele>465.83</ele>
        <time>2026-08-29T02:29:46Z</time>
        <speed>0.5559</speed>
      </trkpt>
      <trkpt lat="29.377209" lon="119.3685717">
        <ele>470.85</ele>
        <time>2026-08-29T02:30:36Z</time>
        <speed>0.6063428</speed>
      </trkpt>
      <trkpt lat="29.3772392" lon="119.3686795">
        <ele>476.03</ele>
        <time>2026-08-29T02:31:18Z</time>
        <speed>0.36390862</speed>
      </trkpt>
      <trkpt lat="29.3772665" lon="119.3687815">
        <ele>482.0</ele>
        <time>2026-08-29T02:31:48Z</time>
        <speed>0.41383666</speed>
      </trkpt>
      <trkpt lat="29.3773183" lon="119.3688667">
        <ele>487.76</ele>
        <time>2026-08-29T02:34:30Z</time>
        <speed>0.93936807</speed>
      </trkpt>
      <trkpt lat="29.3773867" lon="119.368945">
        <ele>491.95</ele>
        <time>2026-08-29T02:35:06Z</time>
        <speed>0.8462033</speed>
      </trkpt>
      <trkpt lat="29.3774522" lon="119.3690247">
        <ele>495.2</ele>
        <time>2026-08-29T02:36:06Z</time>
        <speed>0.50391304</speed>
      </trkpt>
      <trkpt lat="29.3775172" lon="119.3691022">
        <ele>498.08</ele>
        <time>2026-08-29T02:36:20Z</time>
        <speed>0.79679</speed>
      </trkpt>
      <trkpt lat="29.377582" lon="119.3691764">
        <ele>500.89</ele>
        <time>2026-08-29T02:36:42Z</time>
        <speed>0.5625914</speed>
      </trkpt>
      <trkpt lat="29.3776369" lon="119.3692632">
        <ele>503.17</ele>
        <time>2026-08-29T02:37:00Z</time>
        <speed>0.5955336</speed>
      </trkpt>
      <trkpt lat="29.3776781" lon="119.3693574">
        <ele>504.99</ele>
        <time>2026-08-29T02:37:16Z</time>
        <speed>0.55898833</speed>
      </trkpt>
      <trkpt lat="29.3777098" lon="119.3694562">
        <ele>507.66</ele>
        <time>2026-08-29T02:37:48Z</time>
        <speed>0.34589332</speed>
      </trkpt>
      <trkpt lat="29.3777543" lon="119.3695472">
        <ele>512.5</ele>
        <time>2026-08-29T02:38:42Z</time>
        <speed>0.5245019</speed>
      </trkpt>
      <trkpt lat="29.3778244" lon="119.3696172">
        <ele>517.79</ele>
        <time>2026-08-29T02:39:34Z</time>
        <speed>0.34640807</speed>
      </trkpt>
      <trkpt lat="29.3779114" lon="119.3696597">
        <ele>524.46</ele>
        <time>2026-08-29T02:39:48Z</time>
        <speed>0.6120047</speed>
      </trkpt>
      <trkpt lat="29.3779567" lon="119.369742">
        <ele>528.39</ele>
        <time>2026-08-29T02:40:12Z</time>
        <speed>0.0</speed>
      </trkpt>
      <trkpt lat="29.3780364" lon="119.369781">
        <ele>533.69</ele>
        <time>2026-08-29T02:40:54Z</time>
        <speed>0.39736557</speed>
      </trkpt>
      <trkpt lat="29.3781263" lon="119.369773">
        <ele>538.21</ele>
        <time>2026-08-29T02:41:08Z</time>
        <speed>0.6264169</speed>
      </trkpt>
      <trkpt lat="29.3782233" lon="119.3697617">
        <ele>541.69</ele>
        <time>2026-08-29T02:43:16Z</time>
        <speed>0.51986945</speed>
      </trkpt>
      <trkpt lat="29.3782867" lon="119.3698417">
        <ele>545.82</ele>
        <time>2026-08-29T02:43:36Z</time>
        <speed>0.50236887</speed>
      </trkpt>
      <trkpt lat="29.3783063" lon="119.3699414">
        <ele>549.56</ele>
        <time>2026-08-29T02:43:52Z</time>
        <speed>0.55332637</speed>
      </trkpt>
      <trkpt lat="29.3783452" lon="119.3700434">
        <ele>552.07</ele>
        <time>2026-08-29T02:44:08Z</time>
        <speed>0.7164933</speed>
      </trkpt>
      <trkpt lat="29.3783924" lon="119.3701449">
        <ele>554.19</ele>
        <time>2026-08-29T02:44:38Z</time>
        <speed>0.6531825</speed>
      </trkpt>
      <trkpt lat="29.3784201" lon="119.3702859">
        <ele>556.47</ele>
        <time>2026-08-29T02:45:24Z</time>
        <speed>0.30420083</speed>
      </trkpt>
      <trkpt lat="29.3784527" lon="119.3703986">
        <ele>561.39</ele>
        <time>2026-08-29T02:45:58Z</time>
        <speed>0.5955336</speed>
      </trkpt>
      <trkpt lat="29.3784993" lon="119.3705023">
        <ele>565.18</ele>
        <time>2026-08-29T02:46:14Z</time>
        <speed>0.7283319</speed>
      </trkpt>
      <trkpt lat="29.3785567" lon="119.3705883">
        <ele>568.07</ele>
        <time>2026-08-29T02:47:32Z</time>
        <speed>0.64597636</speed>
      </trkpt>
      <trkpt lat="29.3786133" lon="119.3706733">
        <ele>571.48</ele>
        <time>2026-08-29T02:47:52Z</time>
        <speed>0.7602447</speed>
      </trkpt>
      <trkpt lat="29.3786667" lon="119.3707633">
        <ele>573.9</ele>
        <time>2026-08-29T02:49:16Z</time>
        <speed>0.65935916</speed>
      </trkpt>
      <trkpt lat="29.3787267" lon="119.370845">
        <ele>576.7</ele>
        <time>2026-08-29T02:49:34Z</time>
        <speed>0.5301639</speed>
      </trkpt>
      <trkpt lat="29.378781" lon="119.3709746">
        <ele>580.01</ele>
        <time>2026-08-29T02:50:28Z</time>
        <speed>0.0</speed>
      </trkpt>
      <trkpt lat="29.3787984" lon="119.3711063">
        <ele>586.07</ele>
        <time>2026-08-29T02:51:04Z</time>
        <speed>0.31089222</speed>
      </trkpt>
      <trkpt lat="29.3788405" lon="119.3712113">
        <ele>592.58</ele>
        <time>2026-08-29T02:51:36Z</time>
        <speed>0.48178</speed>
      </trkpt>
      <trkpt lat="29.3789164" lon="119.3712822">
        <ele>598.09</ele>
        <time>2026-08-29T02:52:00Z</time>
        <speed>0.60582805</speed>
      </trkpt>
      <trkpt lat="29.3790167" lon="119.3712983">
        <ele>603.69</ele>
        <time>2026-08-29T02:54:12Z</time>
        <speed>0.44986722</speed>
      </trkpt>
      <trkpt lat="29.3790617" lon="119.3713933">
        <ele>609.97</ele>
        <time>2026-08-29T02:54:54Z</time>
        <speed>0.0</speed>
      </trkpt>
      <trkpt lat="29.3791233" lon="119.37147">
        <ele>618.29</ele>
        <time>2026-08-29T02:56:22Z</time>
        <speed>0.53634053</speed>
      </trkpt>
      <trkpt lat="29.379215" lon="119.3714817">
        <ele>626.38</ele>
        <time>2026-08-29T02:58:44Z</time>
        <speed>0.0</speed>
      </trkpt>
      <trkpt lat="29.37925" lon="119.3715883">
        <ele>635.98</ele>
        <time>2026-08-29T02:59:34Z</time>
        <speed>0.23265444</speed>
      </trkpt>
      <trkpt lat="29.3793005" lon="119.3716767">
        <ele>643.6</ele>
        <time>2026-08-29T03:00:06Z</time>
        <speed>0.32581916</speed>
      </trkpt>
      <trkpt lat="29.3793692" lon="119.3717527">
        <ele>650.05</ele>
        <time>2026-08-29T03:01:04Z</time>
        <speed>0.7056842</speed>
      </trkpt>
      <trkpt lat="29.379445" lon="119.3718517">
        <ele>655.15</ele>
        <time>2026-08-29T03:05:06Z</time>
        <speed>0.52244306</speed>
      </trkpt>
      <trkpt lat="29.3794267" lon="119.3719617">
        <ele>659.82</ele>
        <time>2026-08-29T03:07:16Z</time>
        <speed>0.46839723</speed>
      </trkpt>
      <trkpt lat="29.379455" lon="119.37206">
        <ele>664.5</ele>
        <time>2026-08-29T03:07:36Z</time>
        <speed>0.3963361</speed>
      </trkpt>
      <trkpt lat="29.3794749" lon="119.3721626">
        <ele>668.07</ele>
        <time>2026-08-29T03:07:58Z</time>
        <speed>0.68458056</speed>
      </trkpt>
      <trkpt lat="29.37951" lon="119.3722767">
        <ele>671.78</ele>
        <time>2026-08-29T03:09:58Z</time>
        <speed>0.36751166</speed>
      </trkpt>
      <trkpt lat="29.379565" lon="119.37236">
        <ele>676.52</ele>
        <time>2026-08-29T03:11:12Z</time>
        <speed>0.88377804</speed>
      </trkpt>
      <trkpt lat="29.37963" lon="119.372435">
        <ele>682.1</ele>
        <time>2026-08-29T03:12:46Z</time>
        <speed>0.0</speed>
      </trkpt>
      <trkpt lat="29.3796983" lon="119.372365">
        <ele>690.02</ele>
        <time>2026-08-29T03:14:58Z</time>
        <speed>0.8235555</speed>
      </trkpt>
      <trkpt lat="29.3797867" lon="119.3723867">
        <ele>698.87</ele>
        <time>2026-08-29T03:15:20Z</time>
        <speed>0.53067863</speed>
      </trkpt>
      <trkpt lat="29.3797783" lon="119.3725">
        <ele>705.59</ele>
        <time>2026-08-29T03:16:24Z</time>
        <speed>0.0</speed>
      </trkpt>
      <trkpt lat="29.379775" lon="119.372605">
        <ele>710.67</ele>
        <time>2026-08-29T03:17:12Z</time>
        <speed>0.47045612</speed>
      </trkpt>
      <trkpt lat="29.3797633" lon="119.3727167">
        <ele>715.93</ele>
        <time>2026-08-29T03:18:30Z</time>
        <speed>0.41949862</speed>
      </trkpt>
      <trkpt lat="29.3797283" lon="119.372825">
        <ele>725.12</ele>
        <time>2026-08-29T03:19:58Z</time>
        <speed>0.0</speed>
      </trkpt>
      <trkpt lat="29.3797267" lon="119.3729367">
        <ele>732.08</ele>
        <time>2026-08-29T03:20:16Z</time>
        <speed>0.45655861</speed>
      </trkpt>
      <trkpt lat="29.37981" lon="119.37301">
        <ele>739.02</ele>
        <time>2026-08-29T03:22:18Z</time>
        <speed>0.3011125</speed>
      </trkpt>
      <trkpt lat="29.3797983" lon="119.3731167">
        <ele>747.18</ele>
        <time>2026-08-29T03:22:44Z</time>
        <speed>0.46016166</speed>
      </trkpt>
      <trkpt lat="29.3798149" lon="119.3732247">
        <ele>753.47</ele>
        <time>2026-08-29T03:23:22Z</time>
        <speed>0.64494693</speed>
      </trkpt>
      <trkpt lat="29.3797965" lon="119.3733318">
        <ele>760.71</ele>
        <time>2026-08-29T03:23:56Z</time>
        <speed>0.5636208</speed>
      </trkpt>
      <trkpt lat="29.3797963" lon="119.3734373">
        <ele>763.63</ele>
        <time>2026-08-29T03:24:32Z</time>
        <speed>0.35309944</speed>
      </trkpt>
      <trkpt lat="29.3797583" lon="119.373555">
        <ele>769.3</ele>
        <time>2026-08-29T03:26:30Z</time>
        <speed>0.98929614</speed>
      </trkpt>
      <trkpt lat="29.37967" lon="119.3735767">
        <ele>773.99</ele>
        <time>2026-08-29T03:27:10Z</time>
        <speed>0.5208989</speed>
      </trkpt>
      <trkpt lat="29.3795986" lon="119.3736392">
        <ele>774.85</ele>
        <time>2026-08-29T03:28:02Z</time>
        <speed>0.41486612</speed>
      </trkpt>
      <trkpt lat="29.379516" lon="119.3736807">
        <ele>772.08</ele>
        <time>2026-08-29T03:28:30Z</time>
        <speed>0.0</speed>
      </trkpt>
      <trkpt lat="29.3794576" lon="119.3737585">
        <ele>768.39</ele>
        <time>2026-08-29T03:29:02Z</time>
        <speed>0.44369057</speed>
      </trkpt>
      <trkpt lat="29.3793781" lon="119.3737856">
        <ele>761.73</ele>
        <time>2026-08-29T03:29:20Z</time>
        <speed>0.472515</speed>
      </trkpt>
      <trkpt lat="29.3792971" lon="119.3738274">
        <ele>756.38</ele>
        <time>2026-08-29T03:29:46Z</time>
        <speed>0.48023584</speed>
      </trkpt>
      <trkpt lat="29.3792149" lon="119.3738776">
        <ele>751.1</ele>
        <time>2026-08-29T03:30:08Z</time>
        <speed>0.3896447</speed>
      </trkpt>
      <trkpt lat="29.3791263" lon="119.3739348">
        <ele>747.36</ele>
        <time>2026-08-29T03:30:54Z</time>
        <speed>0.26199362</speed>
      </trkpt>
      <trkpt lat="29.3790381" lon="119.3739778">
        <ele>742.73</ele>
        <time>2026-08-29T03:31:10Z</time>
        <speed>0.72369945</speed>
      </trkpt>
      <trkpt lat="29.3789343" lon="119.3739574">
        <ele>739.28</ele>
        <time>2026-08-29T03:31:28Z</time>
        <speed>0.6650211</speed>
      </trkpt>
      <trkpt lat="29.3788412" lon="119.3739658">
        <ele>736.58</ele>
        <time>2026-08-29T03:32:00Z</time>
        <speed>0.36648223</speed>
      </trkpt>
      <trkpt lat="29.378765" lon="119.37403">
        <ele>734.39</ele>
        <time>2026-08-29T03:36:36Z</time>
        <speed>0.57443</speed>
      </trkpt>
      <trkpt lat="29.3786683" lon="119.3740617">
        <ele>731.21</ele>
        <time>2026-08-29T03:39:42Z</time>
        <speed>0.47920638</speed>
      </trkpt>
      <trkpt lat="29.3785583" lon="119.374075">
        <ele>724.84</ele>
        <time>2026-08-29T03:51:32Z</time>
        <speed>0.12301861</speed>
      </trkpt>
      <trkpt lat="29.3784783" lon="119.374135">
        <ele>719.23</ele>
        <time>2026-08-29T03:52:56Z</time>
        <speed>0.5847244</speed>
      </trkpt>
      <trkpt lat="29.3783867" lon="119.374125">
        <ele>714.83</ele>
        <time>2026-08-29T03:53:26Z</time>
        <speed>0.61097527</speed>
      </trkpt>
      <trkpt lat="29.3782936" lon="119.3741488">
        <ele>711.72</ele>
        <time>2026-08-29T03:53:46Z</time>
        <speed>0.81532</speed>
      </trkpt>
      <trkpt lat="29.3781977" lon="119.3741594">
        <ele>709.0</ele>
        <time>2026-08-29T03:54:12Z</time>
        <speed>0.32530445</speed>
      </trkpt>
      <trkpt lat="29.3780984" lon="119.3741509">
        <ele>704.91</ele>
        <time>2026-08-29T03:54:28Z</time>
        <speed>0.70053697</speed>
      </trkpt>
      <trkpt lat="29.3780042" lon="119.3741468">
        <ele>700.74</ele>
        <time>2026-08-29T03:54:48Z</time>
        <speed>0.4843536</speed>
      </trkpt>
      <trkpt lat="29.3779147" lon="119.3741163">
        <ele>695.26</ele>
        <time>2026-08-29T03:55:04Z</time>
        <speed>0.7700244</speed>
      </trkpt>
      <trkpt lat="29.3778293" lon="119.3740728">
        <ele>691.1</ele>
        <time>2026-08-29T03:55:16Z</time>
        <speed>0.9481183</speed>
      </trkpt>
      <trkpt lat="29.3777237" lon="119.3740574">
        <ele>686.93</ele>
        <time>2026-08-29T03:55:44Z</time>
        <speed>0.9136319</speed>
      </trkpt>
      <trkpt lat="29.3776242" lon="119.3740601">
        <ele>683.52</ele>
        <time>2026-08-29T03:56:14Z</time>
        <speed>0.7123756</speed>
      </trkpt>
      <trkpt lat="29.37753" lon="119.3740733">
        <ele>681.96</ele>
        <time>2026-08-29T03:58:02Z</time>
        <speed>1.0721664</speed>
      </trkpt>
      <trkpt lat="29.3774367" lon="119.37409">
        <ele>677.93</ele>
        <time>2026-08-29T03:58:36Z</time>
        <speed>0.47097084</speed>
      </trkpt>
      <trkpt lat="29.3773391" lon="119.3741038">
        <ele>672.59</ele>
        <time>2026-08-29T03:59:08Z</time>
        <speed>0.7617889</speed>
      </trkpt>
      <trkpt lat="29.3772498" lon="119.3741326">
        <ele>667.21</ele>
        <time>2026-08-29T03:59:42Z</time>
        <speed>0.65935916</speed>
      </trkpt>
      <trkpt lat="29.3771783" lon="119.3742117">
        <ele>661.75</ele>
        <time>2026-08-29T04:01:30Z</time>
        <speed>0.5564147</speed>
      </trkpt>
      <trkpt lat="29.3770933" lon="119.3742667">
        <ele>655.36</ele>
        <time>2026-08-29T04:01:48Z</time>
        <speed>0.5420025</speed>
      </trkpt>
      <trkpt lat="29.3770436" lon="119.374364">
        <ele>650.3</ele>
        <time>2026-08-29T04:02:02Z</time>
        <speed>0.6135489</speed>
      </trkpt>
      <trkpt lat="29.3770078" lon="119.3744623">
        <ele>646.34</ele>
        <time>2026-08-29T04:02:14Z</time>
        <speed>0.7082578</speed>
      </trkpt>
      <trkpt lat="29.376949" lon="119.3745399">
        <ele>642.67</ele>
        <time>2026-08-29T04:02:30Z</time>
        <speed>0.64031446</speed>
      </trkpt>
      <trkpt lat="29.3768772" lon="119.374602">
        <ele>638.6</ele>
        <time>2026-08-29T04:02:42Z</time>
        <speed>0.7509797</speed>
      </trkpt>
      <trkpt lat="29.3767986" lon="119.3746613">
        <ele>634.51</ele>
        <time>2026-08-29T04:02:50Z</time>
        <speed>0.97179556</speed>
      </trkpt>
      <trkpt lat="29.3767196" lon="119.374737">
        <ele>630.85</ele>
        <time>2026-08-29T04:03:00Z</time>
        <speed>0.98414886</speed>
      </trkpt>
      <trkpt lat="29.3766526" lon="119.3748182">
        <ele>627.0</ele>
        <time>2026-08-29T04:03:10Z</time>
        <speed>0.9548097</speed>
      </trkpt>
      <trkpt lat="29.3765917" lon="119.3749048">
        <ele>623.34</ele>
        <time>2026-08-29T04:03:20Z</time>
        <speed>1.0371653</speed>
      </trkpt>
      <trkpt lat="29.3765201" lon="119.3749751">
        <ele>620.92</ele>
        <time>2026-08-29T04:03:34Z</time>
        <speed>0.6295053</speed>
      </trkpt>
      <trkpt lat="29.376424" lon="119.3750202">
        <ele>618.2</ele>
        <time>2026-08-29T04:04:00Z</time>
        <speed>0.5471497</speed>
      </trkpt>
      <trkpt lat="29.3763243" lon="119.3750516">
        <ele>614.59</ele>
        <time>2026-08-29T04:04:14Z</time>
        <speed>0.79061335</speed>
      </trkpt>
      <trkpt lat="29.3762423" lon="119.3751035">
        <ele>611.28</ele>
        <time>2026-08-29T04:04:22Z</time>
        <speed>1.0706222</speed>
      </trkpt>
      <trkpt lat="29.376144" lon="119.3751357">
        <ele>608.32</ele>
        <time>2026-08-29T04:04:34Z</time>
        <speed>0.98106056</speed>
      </trkpt>
      <trkpt lat="29.3760593" lon="119.3751931">
        <ele>605.77</ele>
        <time>2026-08-29T04:04:46Z</time>
        <speed>0.93319136</speed>
      </trkpt>
      <trkpt lat="29.3759702" lon="119.3752204">
        <ele>602.52</ele>
        <time>2026-08-29T04:05:14Z</time>
        <speed>0.3289075</speed>
      </trkpt>
      <trkpt lat="29.3758816" lon="119.3752485">
        <ele>598.21</ele>
        <time>2026-08-29T04:05:36Z</time>
        <speed>0.44832304</speed>
      </trkpt>
      <trkpt lat="29.3757932" lon="119.3752693">
        <ele>594.16</ele>
        <time>2026-08-29T04:05:48Z</time>
        <speed>0.8112022</speed>
      </trkpt>
      <trkpt lat="29.3757062" lon="119.375308">
        <ele>591.42</ele>
        <time>2026-08-29T04:06:16Z</time>
        <speed>0.0</speed>
      </trkpt>
      <trkpt lat="29.3756208" lon="119.3753577">
        <ele>590.08</ele>
        <time>2026-08-29T04:06:34Z</time>
        <speed>0.66090333</speed>
      </trkpt>
      <trkpt lat="29.3755323" lon="119.3753984">
        <ele>589.36</ele>
        <time>2026-08-29T04:06:48Z</time>
        <speed>0.7391411</speed>
      </trkpt>
      <trkpt lat="29.3754262" lon="119.3754172">
        <ele>589.89</ele>
        <time>2026-08-29T04:07:30Z</time>
        <speed>1.328498</speed>
      </trkpt>
      <trkpt lat="29.3753563" lon="119.3753492">
        <ele>588.95</ele>
        <time>2026-08-29T04:07:36Z</time>
        <speed>1.8571178</speed>
      </trkpt>
      <trkpt lat="29.3752568" lon="119.3753008">
        <ele>586.13</ele>
        <time>2026-08-29T04:07:52Z</time>
        <speed>1.0212089</speed>
      </trkpt>
      <trkpt lat="29.3751627" lon="119.37529">
        <ele>583.11</ele>
        <time>2026-08-29T04:08:08Z</time>
        <speed>0.546635</speed>
      </trkpt>
      <trkpt lat="29.375065" lon="119.3752871">
        <ele>582.42</ele>
        <time>2026-08-29T04:08:42Z</time>
        <speed>0.0</speed>
      </trkpt>
      <trkpt lat="29.3749688" lon="119.3753074">
        <ele>580.17</ele>
        <time>2026-08-29T04:09:04Z</time>
        <speed>0.67531556</speed>
      </trkpt>
      <trkpt lat="29.3748733" lon="119.3753038">
        <ele>576.87</ele>
        <time>2026-08-29T04:09:20Z</time>
        <speed>0.71443444</speed>
      </trkpt>
      <trkpt lat="29.3747732" lon="119.3753059">
        <ele>572.5</ele>
        <time>2026-08-29T04:09:32Z</time>
        <speed>0.83385</speed>
      </trkpt>
      <trkpt lat="29.3746726" lon="119.3752879">
        <ele>568.45</ele>
        <time>2026-08-29T04:09:40Z</time>
        <speed>1.1040791</speed>
      </trkpt>
      <trkpt lat="29.3745772" lon="119.3752587">
        <ele>565.68</ele>
        <time>2026-08-29T04:09:48Z</time>
        <speed>1.1529778</speed>
      </trkpt>
      <trkpt lat="29.3744812" lon="119.3752377">
        <ele>564.91</ele>
        <time>2026-08-29T04:09:58Z</time>
        <speed>1.0160617</speed>
      </trkpt>
      <trkpt lat="29.3743811" lon="119.3752371">
        <ele>565.38</ele>
        <time>2026-08-29T04:10:10Z</time>
        <speed>0.8585567</speed>
      </trkpt>
      <trkpt lat="29.3742795" lon="119.3752129">
        <ele>567.07</ele>
        <time>2026-08-29T04:10:50Z</time>
        <speed>0.5625914</speed>
      </trkpt>
      <trkpt lat="29.3741799" lon="119.375214">
        <ele>567.77</ele>
        <time>2026-08-29T04:11:04Z</time>
        <speed>0.82973224</speed>
      </trkpt>
      <trkpt lat="29.3740775" lon="119.3752252">
        <ele>570.45</ele>
        <time>2026-08-29T04:11:16Z</time>
        <speed>0.7648772</speed>
      </trkpt>
      <trkpt lat="29.3739817" lon="119.3752302">
        <ele>573.18</ele>
        <time>2026-08-29T04:11:26Z</time>
        <speed>0.9429711</speed>
      </trkpt>
      <trkpt lat="29.3738783" lon="119.3752595">
        <ele>574.69</ele>
        <time>2026-08-29T04:12:00Z</time>
        <speed>0.6439175</speed>
      </trkpt>
      <trkpt lat="29.3737781" lon="119.3752912">
        <ele>575.39</ele>
        <time>2026-08-29T04:12:16Z</time>
        <speed>0.81892306</speed>
      </trkpt>
      <trkpt lat="29.3736794" lon="119.3752935">
        <ele>576.9</ele>
        <time>2026-08-29T04:12:36Z</time>
        <speed>0.6346525</speed>
      </trkpt>
      <trkpt lat="29.3735874" lon="119.3753004">
        <ele>579.39</ele>
        <time>2026-08-29T04:12:50Z</time>
        <speed>0.6305347</speed>
      </trkpt>
      <trkpt lat="29.3734966" lon="119.3752977">
        <ele>581.2</ele>
        <time>2026-08-29T04:13:08Z</time>
        <speed>0.5790625</speed>
      </trkpt>
      <trkpt lat="29.3734158" lon="119.3753468">
        <ele>581.29</ele>
        <time>2026-08-29T04:13:34Z</time>
        <speed>0.46685305</speed>
      </trkpt>
      <trkpt lat="29.3733258" lon="119.3753843">
        <ele>579.19</ele>
        <time>2026-08-29T04:13:46Z</time>
        <speed>0.7777453</speed>
      </trkpt>
      <trkpt lat="29.3732368" lon="119.3754414">
        <ele>576.7</ele>
        <time>2026-08-29T04:14:00Z</time>
        <speed>0.7926722</speed>
      </trkpt>
      <trkpt lat="29.373147" lon="119.3754987">
        <ele>573.77</ele>
        <time>2026-08-29T04:14:14Z</time>
        <speed>0.74017054</speed>
      </trkpt>
      <trkpt lat="29.3730619" lon="119.3755659">
        <ele>570.73</ele>
        <time>2026-08-29T04:14:30Z</time>
        <speed>0.64082915</speed>
      </trkpt>
      <trkpt lat="29.3729799" lon="119.3756322">
        <ele>569.17</ele>
        <time>2026-08-29T04:14:56Z</time>
        <speed>0.4143514</speed>
      </trkpt>
      <trkpt lat="29.3729" lon="119.375686">
        <ele>568.28</ele>
        <time>2026-08-29T04:15:10Z</time>
        <speed>0.68612474</speed>
      </trkpt>
      <trkpt lat="29.3728131" lon="119.3756621">
        <ele>567.26</ele>
        <time>2026-08-29T04:15:32Z</time>
        <speed>0.34589332</speed>
      </trkpt>
      <trkpt lat="29.3727234" lon="119.3756629">
        <ele>564.65</ele>
        <time>2026-08-29T04:15:54Z</time>
        <speed>0.51884</speed>
      </trkpt>
      <trkpt lat="29.3726303" lon="119.3756158">
        <ele>561.83</ele>
        <time>2026-08-29T04:16:22Z</time>
        <speed>0.4977364</speed>
      </trkpt>
      <trkpt lat="29.3725276" lon="119.3755923">
        <ele>560.06</ele>
        <time>2026-08-29T04:16:36Z</time>
        <speed>0.72627306</speed>
      </trkpt>
      <trkpt lat="29.3724329" lon="119.3755769">
        <ele>560.07</ele>
        <time>2026-08-29T04:16:48Z</time>
        <speed>0.75458276</speed>
      </trkpt>
      <trkpt lat="29.3723344" lon="119.3755849">
        <ele>560.9</ele>
        <time>2026-08-29T04:17:00Z</time>
        <speed>0.8235555</speed>
      </trkpt>
      <trkpt lat="29.3722369" lon="119.3756249">
        <ele>562.06</ele>
        <time>2026-08-29T04:17:16Z</time>
        <speed>0.66708</speed>
      </trkpt>
      <trkpt lat="29.3721399" lon="119.3756502">
        <ele>563.2</ele>
        <time>2026-08-29T04:17:28Z</time>
        <speed>0.7859808</speed>
      </trkpt>
      <trkpt lat="29.372052" lon="119.375625">
        <ele>563.67</ele>
        <time>2026-08-29T04:17:50Z</time>
        <speed>0.6063428</speed>
      </trkpt>
      <trkpt lat="29.3719611" lon="119.3755997">
        <ele>563.81</ele>
        <time>2026-08-29T04:18:06Z</time>
        <speed>0.62178445</speed>
      </trkpt>
      <trkpt lat="29.3718673" lon="119.3755768">
        <ele>564.84</ele>
        <time>2026-08-29T04:18:18Z</time>
        <speed>0.85649776</speed>
      </trkpt>
      <trkpt lat="29.3717736" lon="119.3755686">
        <ele>566.63</ele>
        <time>2026-08-29T04:18:30Z</time>
        <speed>0.7803189</speed>
      </trkpt>
      <trkpt lat="29.3716814" lon="119.3755839">
        <ele>568.68</ele>
        <time>2026-08-29T04:18:40Z</time>
        <speed>0.91157305</speed>
      </trkpt>
      <trkpt lat="29.3715897" lon="119.3756073">
        <ele>570.5</ele>
        <time>2026-08-29T04:18:52Z</time>
        <speed>0.8549536</speed>
      </trkpt>
      <trkpt lat="29.3714918" lon="119.3756246">
        <ele>571.79</ele>
        <time>2026-08-29T04:19:04Z</time>
        <speed>0.8142906</speed>
      </trkpt>
      <trkpt lat="29.3713942" lon="119.3756372">
        <ele>572.57</ele>
        <time>2026-08-29T04:19:14Z</time>
        <speed>1.0999614</speed>
      </trkpt>
      <trkpt lat="29.3713421" lon="119.3756351">
        <ele>573.31</ele>
        <time>2026-08-29T04:19:26Z</time>
        <speed>0.0</speed>
      </trkpt>
      <trkpt lat="29.3712554" lon="119.3756415">
        <ele>574.08</ele>
        <time>2026-08-29T04:19:44Z</time>
        <speed>0.6089164</speed>
      </trkpt>
      <trkpt lat="29.3711624" lon="119.3756645">
        <ele>575.12</ele>
        <time>2026-08-29T04:20:18Z</time>
        <speed>0.4838389</speed>
      </trkpt>
      <trkpt lat="29.3710702" lon="119.3756934">
        <ele>578.34</ele>
        <time>2026-08-29T04:20:42Z</time>
        <speed>0.36236444</speed>
      </trkpt>
      <trkpt lat="29.3710067" lon="119.3757817">
        <ele>581.63</ele>
        <time>2026-08-29T04:21:54Z</time>
        <speed>0.6063428</speed>
      </trkpt>
      <trkpt lat="29.3709467" lon="119.3758667">
        <ele>586.31</ele>
        <time>2026-08-29T04:22:16Z</time>
        <speed>0.3752325</speed>
      </trkpt>
      <trkpt lat="29.3708613" lon="119.3758938">
        <ele>590.56</ele>
        <time>2026-08-29T04:22:48Z</time>
        <speed>0.26919973</speed>
      </trkpt>
      <trkpt lat="29.3707611" lon="119.3758761">
        <ele>592.0</ele>
        <time>2026-08-29T04:23:08Z</time>
        <speed>0.5564147</speed>
      </trkpt>
      <trkpt lat="29.3706562" lon="119.3758564">
        <ele>590.41</ele>
        <time>2026-08-29T04:23:52Z</time>
        <speed>0.3824386</speed>
      </trkpt>
      <trkpt lat="29.3705566" lon="119.3758295">
        <ele>587.78</ele>
        <time>2026-08-29T04:24:26Z</time>
        <speed>0.77465695</speed>
      </trkpt>
      <trkpt lat="29.3704474" lon="119.3757982">
        <ele>584.86</ele>
        <time>2026-08-29T04:24:40Z</time>
        <speed>1.1148883</speed>
      </trkpt>
      <trkpt lat="29.3703449" lon="119.3757856">
        <ele>581.48</ele>
        <time>2026-08-29T04:24:54Z</time>
        <speed>1.1771697</speed>
      </trkpt>
      <trkpt lat="29.3702418" lon="119.3757734">
        <ele>578.18</ele>
        <time>2026-08-29T04:25:06Z</time>
        <speed>0.93936807</speed>
      </trkpt>
      <trkpt lat="29.3701372" lon="119.3757622">
        <ele>576.85</ele>
        <time>2026-08-29T04:25:18Z</time>
        <speed>0.954295</speed>
      </trkpt>
      <trkpt lat="29.3700384" lon="119.3757748">
        <ele>577.52</ele>
        <time>2026-08-29T04:25:30Z</time>
        <speed>0.92752945</speed>
      </trkpt>
      <trkpt lat="29.3699455" lon="119.3758023">
        <ele>578.37</ele>
        <time>2026-08-29T04:25:52Z</time>
        <speed>0.5116339</speed>
      </trkpt>
      <trkpt lat="29.3698508" lon="119.3758237">
        <ele>577.52</ele>
        <time>2026-08-29T04:26:16Z</time>
        <speed>0.5471497</speed>
      </trkpt>
      <trkpt lat="29.3697524" lon="119.3758163">
        <ele>573.73</ele>
        <time>2026-08-29T04:26:36Z</time>
        <speed>0.60325444</speed>
      </trkpt>
      <trkpt lat="29.36965" lon="119.3758104">
        <ele>570.06</ele>
        <time>2026-08-29T04:26:50Z</time>
        <speed>0.7324497</speed>
      </trkpt>
      <trkpt lat="29.3695551" lon="119.3757976">
        <ele>566.21</ele>
        <time>2026-08-29T04:27:04Z</time>
        <speed>0.8853222</speed>
      </trkpt>
      <trkpt lat="29.3694569" lon="119.3757879">
        <ele>564.4</ele>
        <time>2026-08-29T04:27:18Z</time>
        <speed>0.8410561</speed>
      </trkpt>
      <trkpt lat="29.3693585" lon="119.3758063">
        <ele>563.41</ele>
        <time>2026-08-29T04:27:32Z</time>
        <speed>0.9012786</speed>
      </trkpt>
      <trkpt lat="29.3692589" lon="119.375814">
        <ele>563.79</ele>
        <time>2026-08-29T04:27:50Z</time>
        <speed>0.4678825</speed>
      </trkpt>
      <trkpt lat="29.3691663" lon="119.3757799">
        <ele>563.45</ele>
        <time>2026-08-29T04:28:14Z</time>
        <speed>0.5975925</speed>
      </trkpt>
      <trkpt lat="29.3690826" lon="119.375728">
        <ele>560.81</ele>
        <time>2026-08-29T04:28:30Z</time>
        <speed>0.7417147</speed>
      </trkpt>
      <trkpt lat="29.3689856" lon="119.3756829">
        <ele>558.39</ele>
        <time>2026-08-29T04:28:48Z</time>
        <speed>0.74634725</speed>
      </trkpt>
      <trkpt lat="29.3688893" lon="119.3756789">
        <ele>554.87</ele>
        <time>2026-08-29T04:28:58Z</time>
        <speed>1.0402536</speed>
      </trkpt>
      <trkpt lat="29.3687974" lon="119.3756843">
        <ele>552.77</ele>
        <time>2026-08-29T04:29:12Z</time>
        <speed>0.82818806</speed>
      </trkpt>
      <trkpt lat="29.3687098" lon="119.3757164">
        <ele>551.19</ele>
        <time>2026-08-29T04:29:30Z</time>
        <speed>0.5342817</speed>
      </trkpt>
      <trkpt lat="29.3686198" lon="119.3757317">
        <ele>549.39</ele>
        <time>2026-08-29T04:29:50Z</time>
        <speed>0.6655358</speed>
      </trkpt>
      <trkpt lat="29.3685273" lon="119.3757548">
        <ele>547.63</ele>
        <time>2026-08-29T04:30:02Z</time>
        <speed>0.9702514</speed>
      </trkpt>
      <trkpt lat="29.3684265" lon="119.3757656">
        <ele>547.53</ele>
        <time>2026-08-29T04:30:15Z</time>
        <speed>1.2502602</speed>
      </trkpt>
      <trkpt lat="29.368394" lon="119.3757737">
        <ele>549.07</ele>
        <time>2026-08-29T04:30:25Z</time>
        <speed>0.0</speed>
      </trkpt>
      <trkpt lat="29.3683207" lon="119.3757813">
        <ele>549.6</ele>
        <time>2026-08-29T04:30:39Z</time>
        <speed>0.7684803</speed>
      </trkpt>
      <trkpt lat="29.368234" lon="119.3757564">
        <ele>550.03</ele>
        <time>2026-08-29T04:31:13Z</time>
        <speed>0.7113461</speed>
      </trkpt>
      <trkpt lat="29.3681453" lon="119.3757136">
        <ele>551.74</ele>
        <time>2026-08-29T04:31:31Z</time>
        <speed>0.5847244</speed>
      </trkpt>
      <trkpt lat="29.3680483" lon="119.3757367">
        <ele>553.83</ele>
        <time>2026-08-29T04:33:07Z</time>
        <speed>0.6521531</speed>
      </trkpt>
      <trkpt lat="29.3679633" lon="119.3757833">
        <ele>552.78</ele>
        <time>2026-08-29T04:33:27Z</time>
        <speed>0.4982511</speed>
      </trkpt>
      <trkpt lat="29.3678727" lon="119.3758328">
        <ele>551.33</ele>
        <time>2026-08-29T04:33:57Z</time>
        <speed>1.1426834</speed>
      </trkpt>
      <trkpt lat="29.3677836" lon="119.3758236">
        <ele>550.07</ele>
        <time>2026-08-29T04:34:13Z</time>
        <speed>0.6531825</speed>
      </trkpt>
      <trkpt lat="29.3676867" lon="119.3758117">
        <ele>549.35</ele>
        <time>2026-08-29T04:37:03Z</time>
        <speed>0.5646503</speed>
      </trkpt>
      <trkpt lat="29.367595" lon="119.37583">
        <ele>550.88</ele>
        <time>2026-08-29T04:37:37Z</time>
        <speed>0.3865564</speed>
      </trkpt>
      <trkpt lat="29.367505" lon="119.3758083">
        <ele>553.47</ele>
        <time>2026-08-29T04:39:39Z</time>
        <speed>0.50803083</speed>
      </trkpt>
      <trkpt lat="29.36743" lon="119.37588">
        <ele>558.39</ele>
        <time>2026-08-29T04:39:53Z</time>
        <speed>0.63104945</speed>
      </trkpt>
      <trkpt lat="29.3673483" lon="119.3758117">
        <ele>561.75</ele>
        <time>2026-08-29T04:42:41Z</time>
        <speed>0.35979083</speed>
      </trkpt>
      <trkpt lat="29.3672567" lon="119.3758067">
        <ele>572.87</ele>
        <time>2026-08-29T04:44:31Z</time>
        <speed>0.5116339</speed>
      </trkpt>
      <trkpt lat="29.3671683" lon="119.375845">
        <ele>582.47</ele>
        <time>2026-08-29T04:46:07Z</time>
        <speed>0.46479416</speed>
      </trkpt>
      <trkpt lat="29.36708" lon="119.3758933">
        <ele>591.73</ele>
        <time>2026-08-29T04:46:45Z</time>
        <speed>0.3865564</speed>
      </trkpt>
      <trkpt lat="29.3671327" lon="119.3759459">
        <ele>598.09</ele>
        <time>2026-08-29T04:46:55Z</time>
        <speed>1.5673292</speed>
      </trkpt>
      <trkpt lat="29.3670804" lon="119.3759285">
        <ele>602.57</ele>
        <time>2026-08-29T04:47:09Z</time>
        <speed>0.54251724</speed>
      </trkpt>
      <trkpt lat="29.36696" lon="119.37592">
        <ele>606.58</ele>
        <time>2026-08-29T04:49:13Z</time>
        <speed>0.0</speed>
      </trkpt>
      <trkpt lat="29.3669617" lon="119.3758133">
        <ele>611.97</ele>
        <time>2026-08-29T04:51:41Z</time>
        <speed>0.0</speed>
      </trkpt>
      <trkpt lat="29.3668833" lon="119.375755">
        <ele>617.19</ele>
        <time>2026-08-29T04:52:53Z</time>
        <speed>0.5739153</speed>
      </trkpt>
      <trkpt lat="29.3667917" lon="119.3757283">
        <ele>625.15</ele>
        <time>2026-08-29T04:53:23Z</time>
        <speed>0.36184973</speed>
      </trkpt>
      <trkpt lat="29.3667212" lon="119.3756579">
        <ele>627.97</ele>
        <time>2026-08-29T04:53:51Z</time>
        <speed>0.72112584</speed>
      </trkpt>
      <trkpt lat="29.3666518" lon="119.3756918">
        <ele>627.38</ele>
        <time>2026-08-29T04:54:17Z</time>
        <speed>0.6011956</speed>
      </trkpt>
      <trkpt lat="29.3665717" lon="119.3756617">
        <ele>625.5</ele>
        <time>2026-08-29T04:55:21Z</time>
        <speed>0.40405694</speed>
      </trkpt>
      <trkpt lat="29.3665067" lon="119.3757517">
        <ele>621.41</ele>
        <time>2026-08-29T04:55:43Z</time>
        <speed>0.41846916</speed>
      </trkpt>
      <trkpt lat="29.3664163" lon="119.3757486">
        <ele>616.93</ele>
        <time>2026-08-29T04:56:13Z</time>
        <speed>0.7000222</speed>
      </trkpt>
      <trkpt lat="29.3663188" lon="119.3757548">
        <ele>613.48</ele>
        <time>2026-08-29T04:56:55Z</time>
        <speed>0.9259853</speed>
      </trkpt>
      <trkpt lat="29.3662266" lon="119.3757847">
        <ele>608.07</ele>
        <time>2026-08-29T04:57:15Z</time>
        <speed>0.9095142</speed>
      </trkpt>
      <trkpt lat="29.3661367" lon="119.3758278">
        <ele>600.77</ele>
        <time>2026-08-29T04:57:35Z</time>
        <speed>0.7700244</speed>
      </trkpt>
      <trkpt lat="29.366048" lon="119.3758605">
        <ele>595.1</ele>
        <time>2026-08-29T04:58:09Z</time>
        <speed>0.31501</speed>
      </trkpt>
      <trkpt lat="29.3659572" lon="119.3759048">
        <ele>590.54</ele>
        <time>2026-08-29T04:58:23Z</time>
        <speed>0.9476036</speed>
      </trkpt>
      <trkpt lat="29.3658655" lon="119.3759596">
        <ele>588.03</ele>
        <time>2026-08-29T04:58:39Z</time>
        <speed>1.0778283</speed>
      </trkpt>
      <trkpt lat="29.3657699" lon="119.3759714">
        <ele>585.48</ele>
        <time>2026-08-29T04:58:57Z</time>
        <speed>0.55487055</speed>
      </trkpt>
      <trkpt lat="29.365673" lon="119.3759966">
        <ele>584.07</ele>
        <time>2026-08-29T04:59:39Z</time>
        <speed>0.50082475</speed>
      </trkpt>
      <trkpt lat="29.3655808" lon="119.3759823">
        <ele>583.26</ele>
        <time>2026-08-29T05:00:19Z</time>
        <speed>0.0</speed>
      </trkpt>
      <trkpt lat="29.3655017" lon="119.375915">
        <ele>583.49</ele>
        <time>2026-08-29T05:02:29Z</time>
        <speed>0.44780833</speed>
      </trkpt>
      <trkpt lat="29.3654117" lon="119.3759533">
        <ele>587.02</ele>
        <time>2026-08-29T05:03:07Z</time>
        <speed>0.46170583</speed>
      </trkpt>
      <trkpt lat="29.3653217" lon="119.37592">
        <ele>591.66</ele>
        <time>2026-08-29T05:04:39Z</time>
        <speed>0.0</speed>
      </trkpt>
      <trkpt lat="29.36523" lon="119.375905">
        <ele>597.48</ele>
        <time>2026-08-29T05:05:31Z</time>
        <speed>0.54509085</speed>
      </trkpt>
      <trkpt lat="29.3651538" lon="119.3758364">
        <ele>600.24</ele>
        <time>2026-08-29T05:06:09Z</time>
        <speed>0.33199584</speed>
      </trkpt>
      <trkpt lat="29.3650883" lon="119.37573">
        <ele>598.68</ele>
        <time>2026-08-29T05:09:05Z</time>
        <speed>0.29648</speed>
      </trkpt>
      <trkpt lat="29.3649933" lon="119.3757567">
        <ele>595.98</ele>
        <time>2026-08-29T05:09:33Z</time>
        <speed>0.287215</speed>
      </trkpt>
      <trkpt lat="29.3648885" lon="119.3757199">
        <ele>592.29</ele>
        <time>2026-08-29T05:10:15Z</time>
        <speed>0.0</speed>
      </trkpt>
      <trkpt lat="29.3647967" lon="119.375735">
        <ele>583.9</ele>
        <time>2026-08-29T05:11:19Z</time>
        <speed>0.45244083</speed>
      </trkpt>
      <trkpt lat="29.364725" lon="119.375655">
        <ele>578.61</ele>
        <time>2026-08-29T05:11:49Z</time>
        <speed>0.63362306</speed>
      </trkpt>
      <trkpt lat="29.364685" lon="119.3755517">
        <ele>573.62</ele>
        <time>2026-08-29T05:13:45Z</time>
        <speed>0.4071453</speed>
      </trkpt>
      <trkpt lat="29.3646433" lon="119.375455">
        <ele>568.06</ele>
        <time>2026-08-29T05:14:15Z</time>
        <speed>1.0567247</speed>
      </trkpt>
      <trkpt lat="29.3646327" lon="119.375529">
        <ele>561.88</ele>
        <time>2026-08-29T05:14:35Z</time>
        <speed>0.45964694</speed>
      </trkpt>
      <trkpt lat="29.3645877" lon="119.3754904">
        <ele>556.08</ele>
        <time>2026-08-29T05:15:19Z</time>
        <speed>0.37626195</speed>
      </trkpt>
      <trkpt lat="29.3645283" lon="119.3754087">
        <ele>549.77</ele>
        <time>2026-08-29T05:15:35Z</time>
        <speed>0.67016834</speed>
      </trkpt>
      <trkpt lat="29.3645394" lon="119.3753075">
        <ele>544.15</ele>
        <time>2026-08-29T05:16:07Z</time>
        <speed>0.38192388</speed>
      </trkpt>
      <trkpt lat="29.3644787" lon="119.3752511">
        <ele>536.17</ele>
        <time>2026-08-29T05:16:21Z</time>
        <speed>1.0639309</speed>
      </trkpt>
      <trkpt lat="29.3644463" lon="119.375234">
        <ele>530.98</ele>
        <time>2026-08-29T05:16:31Z</time>
        <speed>0.0</speed>
      </trkpt>
      <trkpt lat="29.3643583" lon="119.3752183">
        <ele>527.59</ele>
        <time>2026-08-29T05:18:55Z</time>
        <speed>0.8050256</speed>
      </trkpt>
      <trkpt lat="29.3642717" lon="119.3751683">
        <ele>523.94</ele>
        <time>2026-08-29T05:19:29Z</time>
        <speed>0.731935</speed>
      </trkpt>
      <trkpt lat="29.3642033" lon="119.3750983">
        <ele>519.02</ele>
        <time>2026-08-29T05:20:37Z</time>
        <speed>0.77465695</speed>
      </trkpt>
      <trkpt lat="29.3641133" lon="119.3750933">
        <ele>512.73</ele>
        <time>2026-08-29T05:21:51Z</time>
        <speed>0.2918475</speed>
      </trkpt>
      <trkpt lat="29.36407" lon="119.3749983">
        <ele>504.2</ele>
        <time>2026-08-29T05:22:21Z</time>
        <speed>0.46119112</speed>
      </trkpt>
      <trkpt lat="29.3640676" lon="119.3748921">
        <ele>495.21</ele>
        <time>2026-08-29T05:23:03Z</time>
        <speed>0.38758582</speed>
      </trkpt>
      <trkpt lat="29.3640016" lon="119.3748288">
        <ele>487.94</ele>
        <time>2026-08-29T05:24:01Z</time>
        <speed>0.34126082</speed>
      </trkpt>
      <trkpt lat="29.3638983" lon="119.374855">
        <ele>480.13</ele>
        <time>2026-08-29T05:25:03Z</time>
        <speed>0.40148333</speed>
      </trkpt>
      <trkpt lat="29.3638167" lon="119.3748117">
        <ele>473.28</ele>
        <time>2026-08-29T05:25:53Z</time>
        <speed>0.4884714</speed>
      </trkpt>
      <trkpt lat="29.3637333" lon="119.3747717">
        <ele>466.32</ele>
        <time>2026-08-29T05:27:09Z</time>
        <speed>0.4400875</speed>
      </trkpt>
      <trkpt lat="29.3636467" lon="119.3747167">
        <ele>457.28</ele>
        <time>2026-08-29T05:28:21Z</time>
        <speed>0.0</speed>
      </trkpt>
      <trkpt lat="29.3635567" lon="119.37468">
        <ele>449.46</ele>
        <time>2026-08-29T05:28:59Z</time>
        <speed>0.46170583</speed>
      </trkpt>
      <trkpt lat="29.3634653" lon="119.3746842">
        <ele>441.65</ele>
        <time>2026-08-29T05:29:15Z</time>
        <speed>0.8014225</speed>
      </trkpt>
      <trkpt lat="29.3633877" lon="119.3746391">
        <ele>435.35</ele>
        <time>2026-08-29T05:29:31Z</time>
        <speed>0.60788697</speed>
      </trkpt>
      <trkpt lat="29.3633045" lon="119.3745976">
        <ele>429.78</ele>
        <time>2026-08-29T05:29:55Z</time>
        <speed>0.50803083</speed>
      </trkpt>
      <trkpt lat="29.3632427" lon="119.3745232">
        <ele>424.2</ele>
        <time>2026-08-29T05:30:09Z</time>
        <speed>0.6006808</speed>
      </trkpt>
      <trkpt lat="29.3631698" lon="119.37446">
        <ele>419.59</ele>
        <time>2026-08-29T05:30:31Z</time>
        <speed>0.5579589</speed>
      </trkpt>
      <trkpt lat="29.3631229" lon="119.374368">
        <ele>416.16</ele>
        <time>2026-08-29T05:30:53Z</time>
        <speed>0.5445761</speed>
      </trkpt>
      <trkpt lat="29.3630981" lon="119.3742622">
        <ele>412.39</ele>
        <time>2026-08-29T05:31:17Z</time>
        <speed>0.4030275</speed>
      </trkpt>
      <trkpt lat="29.3630961" lon="119.3741508">
        <ele>408.91</ele>
        <time>2026-08-29T05:31:37Z</time>
        <speed>0.44163167</speed>
      </trkpt>
      <trkpt lat="29.363073" lon="119.3740428">
        <ele>404.86</ele>
        <time>2026-08-29T05:32:09Z</time>
        <speed>0.36493805</speed>
      </trkpt>
      <trkpt lat="29.36306" lon="119.373935">
        <ele>400.15</ele>
        <time>2026-08-29T05:33:23Z</time>
        <speed>0.5559</speed>
      </trkpt>
      <trkpt lat="29.363005" lon="119.373845">
        <ele>395.65</ele>
        <time>2026-08-29T05:33:57Z</time>
        <speed>0.5301639</speed>
      </trkpt>
      <trkpt lat="29.3629401" lon="119.3737691">
        <ele>389.61</ele>
        <time>2026-08-29T05:34:23Z</time>
        <speed>0.0</speed>
      </trkpt>
      <trkpt lat="29.3628915" lon="119.3736815">
        <ele>384.01</ele>
        <time>2026-08-29T05:34:43Z</time>
        <speed>0.5178106</speed>
      </trkpt>
      <trkpt lat="29.3628479" lon="119.3735817">
        <ele>379.32</ele>
        <time>2026-08-29T05:34:57Z</time>
        <speed>0.7684803</speed>
      </trkpt>
      <trkpt lat="29.3627983" lon="119.37348">
        <ele>375.4</ele>
        <time>2026-08-29T05:35:09Z</time>
        <speed>0.7381117</speed>
      </trkpt>
      <trkpt lat="29.3627321" lon="119.3734009">
        <ele>371.96</ele>
        <time>2026-08-29T05:35:43Z</time>
        <speed>0.36390862</speed>
      </trkpt>
      <trkpt lat="29.3626624" lon="119.3733319">
        <ele>367.67</ele>
        <time>2026-08-29T05:36:19Z</time>
        <speed>0.4421464</speed>
      </trkpt>
      <trkpt lat="29.3626249" lon="119.3732407">
        <ele>362.14</ele>
        <time>2026-08-29T05:36:39Z</time>
        <speed>0.6073722</speed>
      </trkpt>
      <trkpt lat="29.3625897" lon="119.3731339">
        <ele>357.09</ele>
        <time>2026-08-29T05:37:03Z</time>
        <speed>0.54303193</speed>
      </trkpt>
      <trkpt lat="29.3625628" lon="119.3730284">
        <ele>352.32</ele>
        <time>2026-08-29T05:37:21Z</time>
        <speed>0.50803083</speed>
      </trkpt>
      <trkpt lat="29.3625192" lon="119.3729221">
        <ele>347.49</ele>
        <time>2026-08-29T05:37:39Z</time>
        <speed>0.60325444</speed>
      </trkpt>
      <trkpt lat="29.362485" lon="119.372821">
        <ele>343.32</ele>
        <time>2026-08-29T05:37:57Z</time>
        <speed>0.56825334</speed>
      </trkpt>
      <trkpt lat="29.3624167" lon="119.3727367">
        <ele>338.75</ele>
        <time>2026-08-29T05:41:47Z</time>
        <speed>0.3937625</speed>
      </trkpt>
      <trkpt lat="29.3623833" lon="119.3726217">
        <ele>334.26</ele>
        <time>2026-08-29T05:42:11Z</time>
        <speed>0.3587614</speed>
      </trkpt>
      <trkpt lat="29.3623571" lon="119.3725137">
        <ele>329.76</ele>
        <time>2026-08-29T05:42:29Z</time>
        <speed>0.5486939</speed>
      </trkpt>
      <trkpt lat="29.3623385" lon="119.372407">
        <ele>324.92</ele>
        <time>2026-08-29T05:42:51Z</time>
        <speed>0.4750886</speed>
      </trkpt>
      <trkpt lat="29.3623398" lon="119.3723007">
        <ele>319.4</ele>
        <time>2026-08-29T05:43:05Z</time>
        <speed>0.56413555</speed>
      </trkpt>
      <trkpt lat="29.3623006" lon="119.3722083">
        <ele>315.1</ele>
        <time>2026-08-29T05:43:23Z</time>
        <speed>0.5404583</speed>
      </trkpt>
      <trkpt lat="29.3622814" lon="119.3721094">
        <ele>311.1</ele>
        <time>2026-08-29T05:43:41Z</time>
        <speed>0.4982511</speed>
      </trkpt>
      <trkpt lat="29.3622485" lon="119.3720112">
        <ele>307.06</ele>
        <time>2026-08-29T05:43:57Z</time>
        <speed>0.6907572</speed>
      </trkpt>
      <trkpt lat="29.3622065" lon="119.3719143">
        <ele>302.86</ele>
        <time>2026-08-29T05:44:09Z</time>
        <speed>0.6320789</speed>
      </trkpt>
      <trkpt lat="29.3621668" lon="119.3718103">
        <ele>299.56</ele>
        <time>2026-08-29T05:44:21Z</time>
        <speed>0.5559</speed>
      </trkpt>
      <trkpt lat="29.36214" lon="119.3717074">
        <ele>297.26</ele>
        <time>2026-08-29T05:44:35Z</time>
        <speed>0.52964914</speed>
      </trkpt>
      <trkpt lat="29.3621633" lon="119.3716114">
        <ele>295.6</ele>
        <time>2026-08-29T05:44:55Z</time>
        <speed>0.5311933</speed>
      </trkpt>
      <trkpt lat="29.3621919" lon="119.3715081">
        <ele>293.4</ele>
        <time>2026-08-29T05:45:27Z</time>
        <speed>0.36957055</speed>
      </trkpt>
      <trkpt lat="29.3621416" lon="119.3714356">
        <ele>290.35</ele>
        <time>2026-08-29T05:46:21Z</time>
        <speed>0.36905584</speed>
      </trkpt>
      <trkpt lat="29.362057" lon="119.3713908">
        <ele>284.05</ele>
        <time>2026-08-29T05:47:01Z</time>
        <speed>0.3778061</speed>
      </trkpt>
      <trkpt lat="29.3619668" lon="119.3713434">
        <ele>278.56</ele>
        <time>2026-08-29T05:47:59Z</time>
        <speed>0.5553853</speed>
      </trkpt>
      <trkpt lat="29.3619233" lon="119.3712483">
        <ele>271.05</ele>
        <time>2026-08-29T05:51:25Z</time>
        <speed>0.0</speed>
      </trkpt>
      <trkpt lat="29.3619233" lon="119.3712483">
        <ele>271.05</ele>
        <time>2026-08-29T05:57:15Z</time>
        <speed>0.0</speed>
      </trkpt>
      <trkpt lat="29.3620381" lon="119.3705414">
        <ele>261.82</ele>
        <time>2026-08-29T06:01:16Z</time>
        <speed>0.9146614</speed>
      </trkpt>
      <trkpt lat="29.3620381" lon="119.3705414">
        <ele>261.82</ele>
        <time>2026-08-29T06:01:23Z</time>
        <speed>0.9146614</speed>
      </trkpt>
      <trkpt lat="29.3621395" lon="119.3705556">
        <ele>237.12</ele>
        <time>2026-08-29T06:01:37Z</time>
        <speed>0.8492917</speed>
      </trkpt>
      <trkpt lat="29.3621396" lon="119.3704988">
        <ele>221.97</ele>
        <time>2026-08-29T06:01:59Z</time>
        <speed>0.56825334</speed>
      </trkpt>
      <trkpt lat="29.3620734" lon="119.370429">
        <ele>210.5</ele>
        <time>2026-08-29T06:02:09Z</time>
        <speed>1.1375362</speed>
      </trkpt>
      <trkpt lat="29.3619751" lon="119.3703784">
        <ele>202.67</ele>
        <time>2026-08-29T06:02:17Z</time>
        <speed>1.4051917</speed>
      </trkpt>
      <trkpt lat="29.3618712" lon="119.3703251">
        <ele>197.65</ele>
        <time>2026-08-29T06:02:27Z</time>
        <speed>1.3701905</speed>
      </trkpt>
      <trkpt lat="29.361799" lon="119.3702304">
        <ele>194.49</ele>
        <time>2026-08-29T06:02:39Z</time>
        <speed>1.4335014</speed>
      </trkpt>
      <trkpt lat="29.3617513" lon="119.3701281">
        <ele>191.18</ele>
        <time>2026-08-29T06:02:47Z</time>
        <speed>1.4741645</speed>
      </trkpt>
      <trkpt lat="29.3616674" lon="119.3700729">
        <ele>188.05</ele>
        <time>2026-08-29T06:02:55Z</time>
        <speed>1.5539464</speed>
      </trkpt>
      <trkpt lat="29.3615625" lon="119.3700879">
        <ele>185.19</ele>
        <time>2026-08-29T06:03:03Z</time>
        <speed>1.7804241</speed>
      </trkpt>
      <trkpt lat="29.3614637" lon="119.3701206">
        <ele>182.57</ele>
        <time>2026-08-29T06:03:11Z</time>
        <speed>1.3820292</speed>
      </trkpt>
      <trkpt lat="29.361374" lon="119.3701637">
        <ele>180.26</ele>
        <time>2026-08-29T06:03:17Z</time>
        <speed>1.3928384</speed>
      </trkpt>
      <trkpt lat="29.3612882" lon="119.3702059">
        <ele>178.64</ele>
        <time>2026-08-29T06:03:23Z</time>
        <speed>1.652773</speed>
      </trkpt>
      <trkpt lat="29.3611999" lon="119.3702202">
        <ele>177.33</ele>
        <time>2026-08-29T06:03:31Z</time>
        <speed>1.3377631</speed>
      </trkpt>
      <trkpt lat="29.3611091" lon="119.3702195">
        <ele>176.42</ele>
        <time>2026-08-29T06:03:39Z</time>
        <speed>1.1982733</speed>
      </trkpt>
      <trkpt lat="29.3610161" lon="119.3702203">
        <ele>175.51</ele>
        <time>2026-08-29T06:03:47Z</time>
        <speed>1.4165156</speed>
      </trkpt>
      <trkpt lat="29.36091" lon="119.3702417">
        <ele>174.69</ele>
        <time>2026-08-29T06:03:57Z</time>
        <speed>1.3784261</speed>
      </trkpt>
      <trkpt lat="29.3608079" lon="119.3702739">
        <ele>173.87</ele>
        <time>2026-08-29T06:04:05Z</time>
        <speed>1.5585788</speed>
      </trkpt>
      <trkpt lat="29.3607233" lon="119.3703278">
        <ele>173.24</ele>
        <time>2026-08-29T06:04:13Z</time>
        <speed>1.5230631</speed>
      </trkpt>
      <trkpt lat="29.3606376" lon="119.37039">
        <ele>172.32</ele>
        <time>2026-08-29T06:04:23Z</time>
        <speed>1.198788</speed>
      </trkpt>
      <trkpt lat="29.360537" lon="119.3704072">
        <ele>170.81</ele>
        <time>2026-08-29T06:04:31Z</time>
        <speed>1.2893791</speed>
      </trkpt>
      <trkpt lat="29.3604331" lon="119.3704115">
        <ele>169.3</ele>
        <time>2026-08-29T06:04:39Z</time>
        <speed>1.3351895</speed>
      </trkpt>
      <trkpt lat="29.360321" lon="119.3704291">
        <ele>167.71</ele>
        <time>2026-08-29T06:04:49Z</time>
        <speed>1.4293836</speed>
      </trkpt>
      <trkpt lat="29.3602202" lon="119.3704357">
        <ele>166.33</ele>
        <time>2026-08-29T06:04:57Z</time>
        <speed>1.4664437</speed>
      </trkpt>
      <trkpt lat="29.360118" lon="119.3704622">
        <ele>166.44</ele>
        <time>2026-08-29T06:05:05Z</time>
        <speed>1.5050478</speed>
      </trkpt>
      <trkpt lat="29.3600314" lon="119.370508">
        <ele>166.68</ele>
        <time>2026-08-29T06:05:11Z</time>
        <speed>1.6579202</speed>
      </trkpt>
      <trkpt lat="29.3599516" lon="119.3705863">
        <ele>167.25</ele>
        <time>2026-08-29T06:05:21Z</time>
        <speed>1.3089386</speed>
      </trkpt>
      <trkpt lat="29.3598847" lon="119.3706663">
        <ele>167.79</ele>
        <time>2026-08-29T06:05:29Z</time>
        <speed>1.139595</speed>
      </trkpt>
      <trkpt lat="29.3598129" lon="119.3707331">
        <ele>167.75</ele>
        <time>2026-08-29T06:05:37Z</time>
        <speed>1.1529778</speed>
      </trkpt>
      <trkpt lat="29.3597282" lon="119.3708036">
        <ele>167.56</ele>
        <time>2026-08-29T06:05:45Z</time>
        <speed>1.2132003</speed>
      </trkpt>
      <trkpt lat="29.3596346" lon="119.3708191">
        <ele>167.83</ele>
        <time>2026-08-29T06:05:53Z</time>
        <speed>1.3588667</speed>
      </trkpt>
      <trkpt lat="29.3595271" lon="119.3708156">
        <ele>167.78</ele>
        <time>2026-08-29T06:06:01Z</time>
        <speed>1.3846028</speed>
      </trkpt>
      <trkpt lat="29.3594152" lon="119.3708142">
        <ele>167.18</ele>
        <time>2026-08-29T06:06:11Z</time>
        <speed>1.2898939</speed>
      </trkpt>
      <trkpt lat="29.3593079" lon="119.3708212">
        <ele>166.12</ele>
        <time>2026-08-29T06:06:19Z</time>
        <speed>1.2466573</speed>
      </trkpt>
      <trkpt lat="29.3592094" lon="119.3708301">
        <ele>165.25</ele>
        <time>2026-08-29T06:06:27Z</time>
        <speed>1.3310716</speed>
      </trkpt>
      <trkpt lat="29.3591118" lon="119.3708685">
        <ele>164.8</ele>
        <time>2026-08-29T06:06:37Z</time>
        <speed>1.1251827</speed>
      </trkpt>
      <trkpt lat="29.3590255" lon="119.3709129">
        <ele>163.98</ele>
        <time>2026-08-29T06:06:45Z</time>
        <speed>1.173052</speed>
      </trkpt>
      <trkpt lat="29.3589468" lon="119.3709915">
        <ele>163.17</ele>
        <time>2026-08-29T06:06:55Z</time>
        <speed>1.2605547</speed>
      </trkpt>
      <trkpt lat="29.35886" lon="119.3710352">
        <ele>162.15</ele>
        <time>2026-08-29T06:07:03Z</time>
        <speed>1.2193769</speed>
      </trkpt>
      <trkpt lat="29.3587721" lon="119.3710623">
        <ele>161.53</ele>
        <time>2026-08-29T06:07:09Z</time>
        <speed>1.4329866</speed>
      </trkpt>
      <trkpt lat="29.3586787" lon="119.3710715">
        <ele>161.17</ele>
        <time>2026-08-29T06:07:17Z</time>
        <speed>1.430413</speed>
      </trkpt>
      <trkpt lat="29.3585871" lon="119.3710315">
        <ele>160.58</ele>
        <time>2026-08-29T06:07:25Z</time>
        <speed>1.7397611</speed>
      </trkpt>
      <trkpt lat="29.3584966" lon="119.3710014">
        <ele>160.5</ele>
        <time>2026-08-29T06:07:33Z</time>
        <speed>1.4206333</speed>
      </trkpt>
      <trkpt lat="29.3584052" lon="119.3709786">
        <ele>160.07</ele>
        <time>2026-08-29T06:07:41Z</time>
        <speed>1.3068798</speed>
      </trkpt>
      <trkpt lat="29.3583148" lon="119.370956">
        <ele>159.27</ele>
        <time>2026-08-29T06:07:49Z</time>
        <speed>1.2502602</speed>
      </trkpt>
      <trkpt lat="29.3582122" lon="119.3709187">
        <ele>158.42</ele>
        <time>2026-08-29T06:07:59Z</time>
        <speed>1.1751108</speed>
      </trkpt>
      <trkpt lat="29.3581165" lon="119.3708787">
        <ele>157.72</ele>
        <time>2026-08-29T06:08:07Z</time>
        <speed>1.287835</speed>
      </trkpt>
      <trkpt lat="29.3580226" lon="119.3708324">
        <ele>156.38</ele>
        <time>2026-08-29T06:08:15Z</time>
        <speed>1.3727641</speed>
      </trkpt>
      <trkpt lat="29.3579269" lon="119.3708195">
        <ele>154.58</ele>
        <time>2026-08-29T06:08:23Z</time>
        <speed>1.3387924</speed>
      </trkpt>
      <trkpt lat="29.3578329" lon="119.3708356">
        <ele>153.13</ele>
        <time>2026-08-29T06:08:33Z</time>
        <speed>1.0448861</speed>
      </trkpt>
      <trkpt lat="29.3577433" lon="119.370866">
        <ele>152.43</ele>
        <time>2026-08-29T06:08:41Z</time>
        <speed>1.2440836</speed>
      </trkpt>
      <trkpt lat="29.3576553" lon="119.3709005">
        <ele>151.9</ele>
        <time>2026-08-29T06:08:49Z</time>
        <speed>1.2703345</speed>
      </trkpt>
      <trkpt lat="29.3575612" lon="119.3709231">
        <ele>151.64</ele>
        <time>2026-08-29T06:08:57Z</time>
        <speed>1.3516606</speed>
      </trkpt>
      <trkpt lat="29.3574523" lon="119.3709388">
        <ele>151.24</ele>
        <time>2026-08-29T06:09:07Z</time>
        <speed>1.2754817</speed>
      </trkpt>
      <trkpt lat="29.3573543" lon="119.370947">
        <ele>151.13</ele>
        <time>2026-08-29T06:09:15Z</time>
        <speed>1.358352</speed>
      </trkpt>
      <trkpt lat="29.3572526" lon="119.3709327">
        <ele>151.16</ele>
        <time>2026-08-29T06:09:25Z</time>
        <speed>1.030474</speed>
      </trkpt>
      <trkpt lat="29.3571531" lon="119.3709371">
        <ele>150.88</ele>
        <time>2026-08-29T06:09:33Z</time>
        <speed>1.1946703</speed>
      </trkpt>
      <trkpt lat="29.3570545" lon="119.3709524">
        <ele>150.89</ele>
        <time>2026-08-29T06:09:41Z</time>
        <speed>1.3598961</speed>
      </trkpt>
      <trkpt lat="29.3569638" lon="119.3709389">
        <ele>150.68</ele>
        <time>2026-08-29T06:09:49Z</time>
        <speed>1.1735667</speed>
      </trkpt>
      <trkpt lat="29.3568772" lon="119.370898">
        <ele>149.96</ele>
        <time>2026-08-29T06:09:57Z</time>
        <speed>1.2497456</speed>
      </trkpt>
      <trkpt lat="29.356779" lon="119.3708782">
        <ele>149.33</ele>
        <time>2026-08-29T06:10:05Z</time>
        <speed>1.5390195</speed>
      </trkpt>
      <trkpt lat="29.3566861" lon="119.3708683">
        <ele>148.67</ele>
        <time>2026-08-29T06:10:13Z</time>
        <speed>1.1447423</speed>
      </trkpt>
      <trkpt lat="29.3565893" lon="119.3708608">
        <ele>147.52</ele>
        <time>2026-08-29T06:10:21Z</time>
        <speed>1.4473989</speed>
      </trkpt>
      <trkpt lat="29.356491" lon="119.370846">
        <ele>146.52</ele>
        <time>2026-08-29T06:10:29Z</time>
        <speed>1.4185745</speed>
      </trkpt>
      <trkpt lat="29.3563886" lon="119.3708433">
        <ele>145.65</ele>
        <time>2026-08-29T06:10:37Z</time>
        <speed>1.904987</speed>
      </trkpt>
      <trkpt lat="29.3562823" lon="119.3708363">
        <ele>144.6</ele>
        <time>2026-08-29T06:10:47Z</time>
        <speed>1.4309278</speed>
      </trkpt>
      <trkpt lat="29.3561874" lon="119.3708447">
        <ele>143.57</ele>
        <time>2026-08-29T06:10:55Z</time>
        <speed>1.3151153</speed>
      </trkpt>
      <trkpt lat="29.3560896" lon="119.3708624">
        <ele>142.63</ele>
        <time>2026-08-29T06:11:05Z</time>
        <speed>1.1977586</speed>
      </trkpt>
      <trkpt lat="29.3559828" lon="119.3708602">
        <ele>141.8</ele>
        <time>2026-08-29T06:11:15Z</time>
        <speed>1.0366505</speed>
      </trkpt>
      <trkpt lat="29.3558801" lon="119.3708458">
        <ele>141.24</ele>
        <time>2026-08-29T06:11:23Z</time>
        <speed>1.3336452</speed>
      </trkpt>
      <trkpt lat="29.3557794" lon="119.3708402">
        <ele>140.71</ele>
        <time>2026-08-29T06:11:31Z</time>
        <speed>1.3794556</speed>
      </trkpt>
      <trkpt lat="29.3556794" lon="119.3708325">
        <ele>140.4</ele>
        <time>2026-08-29T06:11:39Z</time>
        <speed>1.4278394</speed>
      </trkpt>
      <trkpt lat="29.3555796" lon="119.3708278">
        <ele>140.92</ele>
        <time>2026-08-29T06:11:47Z</time>
        <speed>1.7449083</speed>
      </trkpt>
      <trkpt lat="29.3554773" lon="119.3708218">
        <ele>140.87</ele>
        <time>2026-08-29T06:11:57Z</time>
        <speed>1.3866616</speed>
      </trkpt>
      <trkpt lat="29.3553702" lon="119.3708102">
        <ele>140.24</ele>
        <time>2026-08-29T06:12:07Z</time>
        <speed>1.1066527</speed>
      </trkpt>
      <trkpt lat="29.3552753" lon="119.3707867">
        <ele>139.02</ele>
        <time>2026-08-29T06:12:13Z</time>
        <speed>1.5040183</speed>
      </trkpt>
      <trkpt lat="29.3551664" lon="119.3708128">
        <ele>138.58</ele>
        <time>2026-08-29T06:12:21Z</time>
        <speed>1.810278</speed>
      </trkpt>
      <trkpt lat="29.3551768" lon="119.370711">
        <ele>136.71</ele>
        <time>2026-08-29T06:13:41Z</time>
        <speed>1.6440228</speed>
      </trkpt>
      <trkpt lat="29.3552354" lon="119.3705979">
        <ele>136.53</ele>
        <time>2026-08-29T06:13:51Z</time>
        <speed>1.0912111</speed>
      </trkpt>
      <trkpt lat="29.3552565" lon="119.370471">
        <ele>136.52</ele>
        <time>2026-08-29T06:13:59Z</time>
        <speed>1.3907795</speed>
      </trkpt>
      <trkpt lat="29.3552927" lon="119.3703453">
        <ele>136.86</ele>
        <time>2026-08-29T06:14:07Z</time>
        <speed>1.8046161</speed>
      </trkpt>
      <trkpt lat="29.3553219" lon="119.3702144">
        <ele>137.26</ele>
        <time>2026-08-29T06:14:17Z</time>
        <speed>1.5678439</speed>
      </trkpt>
      <trkpt lat="29.3553436" lon="119.370097">
        <ele>136.93</ele>
        <time>2026-08-29T06:14:25Z</time>
        <speed>1.6326989</speed>
      </trkpt>
      <trkpt lat="29.355374" lon="119.3699925">
        <ele>136.23</ele>
        <time>2026-08-29T06:14:33Z</time>
        <speed>1.7129955</speed>
      </trkpt>
      <trkpt lat="29.3554195" lon="119.3698972">
        <ele>134.71</ele>
        <time>2026-08-29T06:14:43Z</time>
        <speed>0.99444336</speed>
      </trkpt>
      <trkpt lat="29.3554615" lon="119.3698018">
        <ele>133.89</ele>
        <time>2026-08-29T06:14:51Z</time>
        <speed>1.1334183</speed>
      </trkpt>
      <trkpt lat="29.3555039" lon="119.3697066">
        <ele>133.77</ele>
        <time>2026-08-29T06:14:59Z</time>
        <speed>1.2209212</speed>
      </trkpt>
      <trkpt lat="29.3555524" lon="119.3696021">
        <ele>134.12</ele>
        <time>2026-08-29T06:15:07Z</time>
        <speed>1.4041622</speed>
      </trkpt>
      <trkpt lat="29.3555979" lon="119.3694978">
        <ele>134.29</ele>
        <time>2026-08-29T06:15:21Z</time>
        <speed>0.84723276</speed>
      </trkpt>
      <trkpt lat="29.3556319" lon="119.3693875">
        <ele>135.24</ele>
        <time>2026-08-29T06:15:29Z</time>
        <speed>1.4875473</speed>
      </trkpt>
      <trkpt lat="29.3556554" lon="119.3692716">
        <ele>136.0</ele>
        <time>2026-08-29T06:15:39Z</time>
        <speed>1.1709931</speed>
      </trkpt>
      <trkpt lat="29.3556756" lon="119.3691577">
        <ele>136.38</ele>
        <time>2026-08-29T06:15:51Z</time>
        <speed>0.94605947</speed>
      </trkpt>
      <trkpt lat="29.3557218" lon="119.3690664">
        <ele>136.99</ele>
        <time>2026-08-29T06:15:59Z</time>
        <speed>1.013488</speed>
      </trkpt>
      <trkpt lat="29.3557957" lon="119.3689835">
        <ele>137.0</ele>
        <time>2026-08-29T06:16:07Z</time>
        <speed>1.4530609</speed>
      </trkpt>
      <trkpt lat="29.3558799" lon="119.3689101">
        <ele>136.35</ele>
        <time>2026-08-29T06:16:17Z</time>
        <speed>1.3037914</speed>
      </trkpt>
      <trkpt lat="29.3559557" lon="119.3688215">
        <ele>135.56</ele>
        <time>2026-08-29T06:16:27Z</time>
        <speed>1.1946703</speed>
      </trkpt>
      <trkpt lat="29.3560081" lon="119.3687226">
        <ele>135.75</ele>
        <time>2026-08-29T06:16:35Z</time>
        <speed>1.1406244</speed>
      </trkpt>
      <trkpt lat="29.3560664" lon="119.3686289">
        <ele>136.24</ele>
        <time>2026-08-29T06:16:43Z</time>
        <speed>1.3290128</speed>
      </trkpt>
      <trkpt lat="29.3561155" lon="119.3685315">
        <ele>136.31</ele>
        <time>2026-08-29T06:16:51Z</time>
        <speed>1.3027619</speed>
      </trkpt>
      <trkpt lat="29.3561313" lon="119.3684279">
        <ele>135.83</ele>
        <time>2026-08-29T06:16:59Z</time>
        <speed>1.3465134</speed>
      </trkpt>
      <trkpt lat="29.3561482" lon="119.3683222">
        <ele>135.39</ele>
        <time>2026-08-29T06:17:07Z</time>
        <speed>1.4757086</speed>
      </trkpt>
      <trkpt lat="29.3561601" lon="119.3682037">
        <ele>134.49</ele>
        <time>2026-08-29T06:17:15Z</time>
        <speed>1.2641578</speed>
      </trkpt>
      <trkpt lat="29.3561913" lon="119.3680897">
        <ele>134.8</ele>
        <time>2026-08-29T06:17:23Z</time>
        <speed>1.4648994</speed>
      </trkpt>
      <trkpt lat="29.356243" lon="119.3679958">
        <ele>135.66</ele>
        <time>2026-08-29T06:17:31Z</time>
        <speed>1.4417369</speed>
      </trkpt>
      <trkpt lat="29.356314" lon="119.3679106">
        <ele>136.32</ele>
        <time>2026-08-29T06:17:41Z</time>
        <speed>1.232245</speed>
      </trkpt>
      <trkpt lat="29.3563806" lon="119.3678127">
        <ele>136.91</ele>
        <time>2026-08-29T06:17:51Z</time>
        <speed>1.1236386</speed>
      </trkpt>
      <trkpt lat="29.3563862" lon="119.3676941">
        <ele>137.34</ele>
        <time>2026-08-29T06:18:01Z</time>
        <speed>1.2389364</speed>
      </trkpt>
      <trkpt lat="29.3564026" lon="119.367553">
        <ele>138.01</ele>
        <time>2026-08-29T06:18:09Z</time>
        <speed>2.0465355</speed>
      </trkpt>
      <trkpt lat="29.3564559" lon="119.3674438">
        <ele>138.18</ele>
        <time>2026-08-29T06:18:19Z</time>
        <speed>1.7953511</speed>
      </trkpt>
      <trkpt lat="29.3565463" lon="119.367397">
        <ele>137.2</ele>
        <time>2026-08-29T06:18:27Z</time>
        <speed>1.5513728</speed>
      </trkpt>
      <trkpt lat="29.3566436" lon="119.3673884">
        <ele>135.35</ele>
        <time>2026-08-29T06:18:35Z</time>
        <speed>1.4715909</speed>
      </trkpt>
      <trkpt lat="29.3567345" lon="119.3673913">
        <ele>133.61</ele>
        <time>2026-08-29T06:18:51Z</time>
        <speed>0.0</speed>
      </trkpt>
      <trkpt lat="29.3568473" lon="119.367363">
        <ele>132.61</ele>
        <time>2026-08-29T06:19:01Z</time>
        <speed>1.510195</speed>
      </trkpt>
      <trkpt lat="29.3569538" lon="119.3673267">
        <ele>131.88</ele>
        <time>2026-08-29T06:19:11Z</time>
        <speed>1.436075</speed>
      </trkpt>
      <trkpt lat="29.3570351" lon="119.3672689">
        <ele>132.45</ele>
        <time>2026-08-29T06:19:19Z</time>
        <speed>1.0963583</speed>
      </trkpt>
      <trkpt lat="29.3570605" lon="119.3671712">
        <ele>133.8</ele>
        <time>2026-08-29T06:19:27Z</time>
        <speed>1.4273248</speed>
      </trkpt>
      <trkpt lat="29.3570089" lon="119.3670855">
        <ele>135.01</ele>
        <time>2026-08-29T06:19:35Z</time>
        <speed>1.3202626</speed>
      </trkpt>
      <trkpt lat="29.3569266" lon="119.3669997">
        <ele>136.21</ele>
        <time>2026-08-29T06:19:45Z</time>
        <speed>1.1591544</speed>
      </trkpt>
      <trkpt lat="29.3568542" lon="119.3669121">
        <ele>137.06</ele>
        <time>2026-08-29T06:19:53Z</time>
        <speed>1.2554075</speed>
      </trkpt>
      <trkpt lat="29.356803" lon="119.3668057">
        <ele>138.16</ele>
        <time>2026-08-29T06:20:01Z</time>
        <speed>1.4535756</speed>
      </trkpt>
      <trkpt lat="29.3567691" lon="119.3666852">
        <ele>139.08</ele>
        <time>2026-08-29T06:20:11Z</time>
        <speed>1.1653311</speed>
      </trkpt>
      <trkpt lat="29.3567916" lon="119.3665721">
        <ele>140.59</ele>
        <time>2026-08-29T06:20:19Z</time>
        <speed>1.226583</speed>
      </trkpt>
      <trkpt lat="29.3568349" lon="119.3664631">
        <ele>141.24</ele>
        <time>2026-08-29T06:20:27Z</time>
        <speed>1.2518045</speed>
      </trkpt>
      <trkpt lat="29.3569173" lon="119.3663797">
        <ele>139.98</ele>
        <time>2026-08-29T06:20:35Z</time>
        <speed>1.4381338</speed>
      </trkpt>
      <trkpt lat="29.3570046" lon="119.3663069">
        <ele>137.28</ele>
        <time>2026-08-29T06:20:43Z</time>
        <speed>1.2631283</speed>
      </trkpt>
      <trkpt lat="29.35708" lon="119.3662341">
        <ele>134.83</ele>
        <time>2026-08-29T06:20:51Z</time>
        <speed>1.274967</speed>
      </trkpt>
      <trkpt lat="29.357135" lon="119.3661298">
        <ele>132.71</ele>
        <time>2026-08-29T06:20:59Z</time>
        <speed>1.3815144</speed>
      </trkpt>
      <trkpt lat="29.3571857" lon="119.3660234">
        <ele>131.72</ele>
        <time>2026-08-29T06:21:07Z</time>
        <speed>1.3722495</speed>
      </trkpt>
      <trkpt lat="29.3572332" lon="119.36592">
        <ele>131.88</ele>
        <time>2026-08-29T06:21:15Z</time>
        <speed>1.3408514</speed>
      </trkpt>
      <trkpt lat="29.3572489" lon="119.3658161">
        <ele>132.15</ele>
        <time>2026-08-29T06:21:23Z</time>
        <speed>1.2579811</speed>
      </trkpt>
      <trkpt lat="29.3572197" lon="119.365711">
        <ele>132.6</ele>
        <time>2026-08-29T06:21:33Z</time>
        <speed>0.88068974</speed>
      </trkpt>
      <trkpt lat="29.3571886" lon="119.3655968">
        <ele>133.93</ele>
        <time>2026-08-29T06:21:41Z</time>
        <speed>0.6866394</speed>
      </trkpt>
      <trkpt lat="29.3571804" lon="119.3654708">
        <ele>134.26</ele>
        <time>2026-08-29T06:21:49Z</time>
        <speed>1.0958436</speed>
      </trkpt>
      <trkpt lat="29.3571538" lon="119.365346">
        <ele>134.15</ele>
        <time>2026-08-29T06:21:59Z</time>
        <speed>1.1241534</speed>
      </trkpt>
      <trkpt lat="29.3571189" lon="119.3652401">
        <ele>135.2</ele>
        <time>2026-08-29T06:22:07Z</time>
        <speed>1.1787139</speed>
      </trkpt>
      <trkpt lat="29.3570419" lon="119.3651529">
        <ele>136.02</ele>
        <time>2026-08-29T06:22:15Z</time>
        <speed>1.3166595</speed>
      </trkpt>
      <trkpt lat="29.3569868" lon="119.3650567">
        <ele>137.73</ele>
        <time>2026-08-29T06:22:23Z</time>
        <speed>1.5477697</speed>
      </trkpt>
      <trkpt lat="29.3569248" lon="119.3649582">
        <ele>139.48</ele>
        <time>2026-08-29T06:22:33Z</time>
        <speed>0.935765</speed>
      </trkpt>
      <trkpt lat="29.356857" lon="119.3648736">
        <ele>140.52</ele>
        <time>2026-08-29T06:22:43Z</time>
        <speed>1.1637869</speed>
      </trkpt>
      <trkpt lat="29.356805" lon="119.3647804">
        <ele>140.13</ele>
        <time>2026-08-29T06:22:55Z</time>
        <speed>1.1704783</speed>
      </trkpt>
      <trkpt lat="29.3567857" lon="119.3646782">
        <ele>138.31</ele>
        <time>2026-08-29T06:23:03Z</time>
        <speed>1.4149714</speed>
      </trkpt>
      <trkpt lat="29.3567603" lon="119.3645515">
        <ele>137.19</ele>
        <time>2026-08-29T06:23:11Z</time>
        <speed>1.8308669</speed>
      </trkpt>
      <trkpt lat="29.3567381" lon="119.3644414">
        <ele>136.37</ele>
        <time>2026-08-29T06:23:21Z</time>
        <speed>1.0242972</speed>
      </trkpt>
      <trkpt lat="29.3567381" lon="119.3644414">
        <ele>136.37</ele>
        <time>2026-08-29T06:23:24Z</time>
        <speed>1.0242972</speed>
      </trkpt>
      <extensions>
        <PauseTimes></PauseTimes>
      </extensions>
    </trkseg>
  </trk>
  <wpt lat="29.3565548" lon="119.3646624">
    <ele>128.1</ele>
    <time>2026-08-29T00:50:26Z</time>
    <name><![CDATA[停车免费
        ]]>
    </name>
    <cmt>停车免费
        </cmt>
    <desc><![CDATA[]]>
    </desc>
    <sym>Flag, Blue</sym>
    <type>user</type>
    <extensions>
      <PosType>0</PosType>
      <Speed>0.47766224</Speed>
      <Accuracy>1.3</Accuracy>
      <Time>1787964626129</Time>
      <description><![CDATA[]]>
      </description>
      <FileId>1666895123</FileId>
      <FileSize>1289752</FileSize>
      <FileType>0</FileType>
    </extensions>
  </wpt>
  <wpt lat="29.3571687" lon="119.3645706">
    <ele>130.78</ele>
    <time>2026-08-29T00:52:32Z</time>
    <name><![CDATA[小店
        ]]>
    </name>
    <cmt>小店
        </cmt>
    <desc><![CDATA[]]>
    </desc>
    <sym>Flag, Blue</sym>
    <type>user</type>
    <extensions>
      <PosType>0</PosType>
      <Speed>0.0</Speed>
      <Accuracy>0.0</Accuracy>
      <Time>1787964752215</Time>
      <description><![CDATA[]]>
      </description>
    </extensions>
  </wpt>
  <wpt lat="29.3573897" lon="119.364405">
    <ele>131.1</ele>
    <time>2026-08-29T00:52:58Z</time>
    <name><![CDATA[
        ]]>
    </name>
    <cmt>
        </cmt>
    <desc><![CDATA[]]>
    </desc>
    <sym>Flag, Blue</sym>
    <type>user</type>
    <extensions>
      <PosType>0</PosType>
      <Speed>0.0</Speed>
      <Accuracy>1.9</Accuracy>
      <Time>1787964778187</Time>
      <description><![CDATA[]]>
      </description>
      <FileId>1666895122</FileId>
      <FileSize>2045176</FileSize>
      <FileType>0</FileType>
    </extensions>
  </wpt>
  <wpt lat="29.3579211" lon="119.3641549">
    <ele>140.1</ele>
    <time>2026-08-29T00:53:46Z</time>
    <name><![CDATA[左转
        ]]>
    </name>
    <cmt>左转
        </cmt>
    <desc><![CDATA[]]>
    </desc>
    <sym>Flag, Blue</sym>
    <type>user</type>
    <extensions>
      <PosType>0</PosType>
      <Speed>1.504533</Speed>
      <Accuracy>1.6</Accuracy>
      <Time>1787964826133</Time>
      <description><![CDATA[]]>
      </description>
    </extensions>
  </wpt>
  <wpt lat="29.3585735" lon="119.3637573">
    <ele>138.1</ele>
    <time>2026-08-29T00:55:44Z</time>
    <name><![CDATA[上山登记
        ]]>
    </name>
    <cmt>上山登记
        </cmt>
    <desc><![CDATA[]]>
    </desc>
    <sym>Flag, Blue</sym>
    <type>user</type>
    <extensions>
      <PosType>0</PosType>
      <Speed>1.8226314</Speed>
      <Accuracy>1.5</Accuracy>
      <Time>1787964944185</Time>
      <description><![CDATA[]]>
      </description>
    </extensions>
  </wpt>
  <wpt lat="29.3602368" lon="119.3634051">
    <ele>157.3</ele>
    <time>2026-08-29T00:57:54Z</time>
    <name><![CDATA[山塘
        ]]>
    </name>
    <cmt>山塘
        </cmt>
    <desc><![CDATA[]]>
    </desc>
    <sym>Flag, Blue</sym>
    <type>user</type>
    <extensions>
      <PosType>0</PosType>
      <Speed>1.7706444</Speed>
      <Accuracy>1.3</Accuracy>
      <Time>1787965074235</Time>
      <description><![CDATA[]]>
      </description>
      <FileId>1666895121</FileId>
      <FileSize>1405679</FileSize>
      <FileType>0</FileType>
    </extensions>
  </wpt>
  <wpt lat="29.3611858" lon="119.3630558">
    <ele>166.8</ele>
    <time>2026-08-29T01:01:26Z</time>
    <name><![CDATA[直行
        ]]>
    </name>
    <cmt>直行
        </cmt>
    <desc><![CDATA[]]>
    </desc>
    <sym>Flag, Blue</sym>
    <type>user</type>
    <extensions>
      <PosType>0</PosType>
      <Speed>1.5421078</Speed>
      <Accuracy>1.7</Accuracy>
      <Time>1787965286210</Time>
      <description><![CDATA[]]>
      </description>
    </extensions>
  </wpt>
  <wpt lat="29.3612811" lon="119.3628724">
    <ele>165.9</ele>
    <time>2026-08-29T01:02:00Z</time>
    <name><![CDATA[直行
        ]]>
    </name>
    <cmt>直行
        </cmt>
    <desc><![CDATA[]]>
    </desc>
    <sym>Flag, Blue</sym>
    <type>user</type>
    <extensions>
      <PosType>0</PosType>
      <Speed>1.2075384</Speed>
      <Accuracy>1.6</Accuracy>
      <Time>1787965320228</Time>
      <description><![CDATA[]]>
      </description>
    </extensions>
  </wpt>
  <wpt lat="29.3632409" lon="119.3620976">
    <ele>197.5</ele>
    <time>2026-08-29T01:05:10Z</time>
    <name><![CDATA[碎石路
        ]]>
    </name>
    <cmt>碎石路
        </cmt>
    <desc><![CDATA[]]>
    </desc>
    <sym>Flag, Blue</sym>
    <type>user</type>
    <extensions>
      <PosType>0</PosType>
      <Speed>0.94657415</Speed>
      <Accuracy>1.7</Accuracy>
      <Time>1787965510225</Time>
      <description><![CDATA[]]>
      </description>
    </extensions>
  </wpt>
  <wpt lat="29.3636632" lon="119.3619146">
    <ele>208.2</ele>
    <time>2026-08-29T01:06:16Z</time>
    <name><![CDATA[
        ]]>
    </name>
    <cmt>
        </cmt>
    <desc><![CDATA[]]>
    </desc>
    <sym>Flag, Blue</sym>
    <type>user</type>
    <extensions>
      <PosType>0</PosType>
      <Speed>0.5579589</Speed>
      <Accuracy>1.8</Accuracy>
      <Time>1787965576190</Time>
      <description><![CDATA[]]>
      </description>
      <FileId>1666895120</FileId>
      <FileSize>1264818</FileSize>
      <FileType>0</FileType>
    </extensions>
  </wpt>
  <wpt lat="29.3653715" lon="119.3620452">
    <ele>305.7</ele>
    <time>2026-08-29T01:15:10Z</time>
    <name><![CDATA[十字路口直行
        ]]>
    </name>
    <cmt>十字路口直行
        </cmt>
    <desc><![CDATA[]]>
    </desc>
    <sym>Flag, Blue</sym>
    <type>user</type>
    <extensions>
      <PosType>0</PosType>
      <Speed>0.9753986</Speed>
      <Accuracy>1.6</Accuracy>
      <Time>1787966110191</Time>
      <description><![CDATA[]]>
      </description>
      <FileId>1666895119</FileId>
      <FileSize>2527214</FileSize>
      <FileType>0</FileType>
    </extensions>
  </wpt>
  <wpt lat="29.3667801" lon="119.3621775">
    <ele>219.9</ele>
    <time>2026-08-29T01:22:54Z</time>
    <name><![CDATA[陡坡
        ]]>
    </name>
    <cmt>陡坡
        </cmt>
    <desc><![CDATA[]]>
    </desc>
    <sym>Flag, Blue</sym>
    <type>user</type>
    <extensions>
      <PosType>0</PosType>
      <Speed>1.0170912</Speed>
      <Accuracy>1.6</Accuracy>
      <Time>1787966574207</Time>
      <description><![CDATA[]]>
      </description>
    </extensions>
  </wpt>
  <wpt lat="29.3690615" lon="119.3616442">
    <ele>164.4</ele>
    <time>2026-08-29T01:27:34Z</time>
    <name><![CDATA[右转
        ]]>
    </name>
    <cmt>右转
        </cmt>
    <desc><![CDATA[]]>
    </desc>
    <sym>Flag, Blue</sym>
    <type>user</type>
    <extensions>
      <PosType>0</PosType>
      <Speed>1.6352725</Speed>
      <Accuracy>1.7</Accuracy>
      <Time>1787966854217</Time>
      <description><![CDATA[]]>
      </description>
      <FileId>1666895118</FileId>
      <FileSize>2797205</FileSize>
      <FileType>0</FileType>
    </extensions>
  </wpt>
  <wpt lat="29.3694517" lon="119.3617833">
    <ele>153.9</ele>
    <time>2026-08-29T01:31:30Z</time>
    <name><![CDATA[草长，长袖穿上
        ]]>
    </name>
    <cmt>草长，长袖穿上
        </cmt>
    <desc><![CDATA[]]>
    </desc>
    <sym>Flag, Blue</sym>
    <type>user</type>
    <extensions>
      <PosType>0</PosType>
      <Speed>0.9589275</Speed>
      <Accuracy>1.6</Accuracy>
      <Time>1787967090221</Time>
      <description><![CDATA[]]>
      </description>
    </extensions>
  </wpt>
  <wpt lat="29.3709628" lon="119.3608232">
    <ele>156.1</ele>
    <time>2026-08-29T01:34:54Z</time>
    <name><![CDATA[ 最好穿长袖
        ]]>
    </name>
    <cmt> 最好穿长袖
        </cmt>
    <desc><![CDATA[]]>
    </desc>
    <sym>Flag, Blue</sym>
    <type>user</type>
    <extensions>
      <PosType>0</PosType>
      <Speed>1.4262953</Speed>
      <Accuracy>1.6</Accuracy>
      <Time>1787967294210</Time>
      <description><![CDATA[]]>
      </description>
      <FileId>1666895117</FileId>
      <FileSize>1293715</FileSize>
      <FileType>0</FileType>
    </extensions>
  </wpt>
  <wpt lat="29.3730441" lon="119.36402">
    <ele>157.1</ele>
    <time>2026-08-29T01:42:32Z</time>
    <name><![CDATA[过桥
        ]]>
    </name>
    <cmt>过桥
        </cmt>
    <desc><![CDATA[]]>
    </desc>
    <sym>Flag, Blue</sym>
    <type>user</type>
    <extensions>
      <PosType>0</PosType>
      <Speed>1.0912111</Speed>
      <Accuracy>1.7</Accuracy>
      <Time>1787967752203</Time>
      <description><![CDATA[]]>
      </description>
      <FileId>1666895115</FileId>
      <FileSize>1607196</FileSize>
      <FileType>0</FileType>
    </extensions>
  </wpt>
  <wpt lat="29.3734234" lon="119.364142">
    <ele>157.2</ele>
    <time>2026-08-29T01:44:22Z</time>
    <name><![CDATA[破房子
        ]]>
    </name>
    <cmt>破房子
        </cmt>
    <desc><![CDATA[]]>
    </desc>
    <sym>Flag, Blue</sym>
    <type>user</type>
    <extensions>
      <PosType>0</PosType>
      <Speed>0.7710539</Speed>
      <Accuracy>1.7</Accuracy>
      <Time>1787967862219</Time>
      <description><![CDATA[]]>
      </description>
      <FileId>1666895114</FileId>
      <FileSize>1056267</FileSize>
      <FileType>0</FileType>
    </extensions>
  </wpt>
  <wpt lat="29.3757037" lon="119.3638668">
    <ele>185.0</ele>
    <time>2026-08-29T01:49:14Z</time>
    <name><![CDATA[树倒了绕过
        ]]>
    </name>
    <cmt>树倒了绕过
        </cmt>
    <desc><![CDATA[]]>
    </desc>
    <sym>Flag, Blue</sym>
    <type>user</type>
    <extensions>
      <PosType>0</PosType>
      <Speed>0.37729138</Speed>
      <Accuracy>1.7</Accuracy>
      <Time>1787968154233</Time>
      <description><![CDATA[]]>
      </description>
    </extensions>
  </wpt>
  <wpt lat="29.3764679" lon="119.3648564">
    <ele>222.4</ele>
    <time>2026-08-29T01:55:24Z</time>
    <name><![CDATA[陡上坡
        ]]>
    </name>
    <cmt>陡上坡
        </cmt>
    <desc><![CDATA[]]>
    </desc>
    <sym>Flag, Blue</sym>
    <type>user</type>
    <extensions>
      <PosType>0</PosType>
      <Speed>0.37883556</Speed>
      <Accuracy>1.7</Accuracy>
      <Time>1787968524253</Time>
      <description><![CDATA[]]>
      </description>
    </extensions>
  </wpt>
  <wpt lat="29.3764933" lon="119.3650567">
    <ele>234.6</ele>
    <time>2026-08-29T01:57:12Z</time>
    <name><![CDATA[野攀1
        ]]>
    </name>
    <cmt>野攀1
        </cmt>
    <desc><![CDATA[]]>
    </desc>
    <sym>Flag, Blue</sym>
    <type>user</type>
    <extensions>
      <PosType>0</PosType>
      <Speed>0.34589332</Speed>
      <Accuracy>1.7</Accuracy>
      <Time>1787968632220</Time>
      <description><![CDATA[]]>
      </description>
      <FileId>1666895111</FileId>
      <FileSize>1421846</FileSize>
      <FileType>0</FileType>
    </extensions>
  </wpt>
  <wpt lat="29.3765583" lon="119.36605">
    <ele>319.3</ele>
    <time>2026-08-29T02:10:54Z</time>
    <name><![CDATA[休息区
        ]]>
    </name>
    <cmt>休息区
        </cmt>
    <desc><![CDATA[]]>
    </desc>
    <sym>Flag, Blue</sym>
    <type>user</type>
    <extensions>
      <PosType>0</PosType>
      <Speed>0.3659675</Speed>
      <Accuracy>1.5</Accuracy>
      <Time>1787969454214</Time>
      <description><![CDATA[]]>
      </description>
      <FileId>1666895110</FileId>
      <FileSize>1195875</FileSize>
      <FileType>0</FileType>
    </extensions>
  </wpt>
  <wpt lat="29.376675" lon="119.3662067">
    <ele>329.3</ele>
    <time>2026-08-29T02:12:34Z</time>
    <name><![CDATA[野攀2
        ]]>
    </name>
    <cmt>野攀2
        </cmt>
    <desc><![CDATA[]]>
    </desc>
    <sym>Flag, Blue</sym>
    <type>user</type>
    <extensions>
      <PosType>0</PosType>
      <Speed>0.6006808</Speed>
      <Accuracy>1.4</Accuracy>
      <Time>1787969554213</Time>
      <description><![CDATA[]]>
      </description>
      <FileId>1666895107</FileId>
      <FileSize>1301049</FileSize>
      <FileType>0</FileType>
    </extensions>
  </wpt>
  <wpt lat="29.3773867" lon="119.368945">
    <ele>499.5</ele>
    <time>2026-08-29T02:35:06Z</time>
    <name><![CDATA[持续爬升，注意休息
        ]]>
    </name>
    <cmt>持续爬升，注意休息
        </cmt>
    <desc><![CDATA[]]>
    </desc>
    <sym>Flag, Blue</sym>
    <type>user</type>
    <extensions>
      <PosType>0</PosType>
      <Speed>0.8462033</Speed>
      <Accuracy>1.3</Accuracy>
      <Time>1787970906232</Time>
      <description><![CDATA[]]>
      </description>
      <FileId>1666895106</FileId>
      <FileSize>1163499</FileSize>
      <FileType>0</FileType>
    </extensions>
  </wpt>
  <wpt lat="29.379565" lon="119.37236">
    <ele>689.5</ele>
    <time>2026-08-29T03:11:12Z</time>
    <name><![CDATA[钉子
        ]]>
    </name>
    <cmt>钉子
        </cmt>
    <desc><![CDATA[]]>
    </desc>
    <sym>Flag, Blue</sym>
    <type>user</type>
    <extensions>
      <PosType>0</PosType>
      <Speed>0.88377804</Speed>
      <Accuracy>1.5</Accuracy>
      <Time>1787973072266</Time>
      <description><![CDATA[]]>
      </description>
      <FileId>1666895105</FileId>
      <FileSize>1328811</FileSize>
      <FileType>0</FileType>
    </extensions>
  </wpt>
  <wpt lat="29.3797963" lon="119.3734373">
    <ele>776.8</ele>
    <time>2026-08-29T03:24:32Z</time>
    <name><![CDATA[登顶大尖
        ]]>
    </name>
    <cmt>登顶大尖
        </cmt>
    <desc><![CDATA[]]>
    </desc>
    <sym>Flag, Blue</sym>
    <type>user</type>
    <extensions>
      <PosType>0</PosType>
      <Speed>0.35309944</Speed>
      <Accuracy>1.2</Accuracy>
      <Time>1787973872225</Time>
      <description><![CDATA[]]>
      </description>
      <FileId>1666895103</FileId>
      <FileSize>884882</FileSize>
      <FileType>0</FileType>
    </extensions>
  </wpt>
  <wpt lat="29.37967" lon="119.3735767">
    <ele>776.0</ele>
    <time>2026-08-29T03:27:10Z</time>
    <name><![CDATA[陡下坡
        ]]>
    </name>
    <cmt>陡下坡
        </cmt>
    <desc><![CDATA[]]>
    </desc>
    <sym>Flag, Blue</sym>
    <type>user</type>
    <extensions>
      <PosType>0</PosType>
      <Speed>0.5208989</Speed>
      <Accuracy>1.3</Accuracy>
      <Time>1787974030239</Time>
      <description><![CDATA[]]>
      </description>
    </extensions>
  </wpt>
  <wpt lat="29.3788412" lon="119.3739658">
    <ele>731.5</ele>
    <time>2026-08-29T03:32:00Z</time>
    <name><![CDATA[刀片路
        ]]>
    </name>
    <cmt>刀片路
        </cmt>
    <desc><![CDATA[]]>
    </desc>
    <sym>Flag, Blue</sym>
    <type>user</type>
    <extensions>
      <PosType>0</PosType>
      <Speed>0.36648223</Speed>
      <Accuracy>1.1</Accuracy>
      <Time>1787974320254</Time>
      <description><![CDATA[]]>
      </description>
      <FileId>1666895102</FileId>
      <FileSize>1190476</FileSize>
      <FileType>0</FileType>
    </extensions>
  </wpt>
  <wpt lat="29.3776242" lon="119.3740601">
    <ele>679.9</ele>
    <time>2026-08-29T03:56:14Z</time>
    <name><![CDATA[
        ]]>
    </name>
    <cmt>
        </cmt>
    <desc><![CDATA[]]>
    </desc>
    <sym>Flag, Blue</sym>
    <type>user</type>
    <extensions>
      <PosType>0</PosType>
      <Speed>0.7123756</Speed>
      <Accuracy>1.2</Accuracy>
      <Time>1787975774230</Time>
      <description><![CDATA[]]>
      </description>
      <FileId>1666895101</FileId>
      <FileSize>1424210</FileSize>
      <FileType>0</FileType>
    </extensions>
  </wpt>
  <wpt lat="29.3772498" lon="119.3741326">
    <ele>654.5</ele>
    <time>2026-08-29T03:59:42Z</time>
    <name><![CDATA[
        ]]>
    </name>
    <cmt>
        </cmt>
    <desc><![CDATA[]]>
    </desc>
    <sym>Flag, Blue</sym>
    <type>user</type>
    <extensions>
      <PosType>0</PosType>
      <Speed>0.65935916</Speed>
      <Accuracy>1.2</Accuracy>
      <Time>1787975982259</Time>
      <description><![CDATA[]]>
      </description>
      <FileId>1666895100</FileId>
      <FileSize>1201526</FileSize>
      <FileType>0</FileType>
    </extensions>
  </wpt>
  <wpt lat="29.3710702" lon="119.3756934">
    <ele>586.0</ele>
    <time>2026-08-29T04:20:42Z</time>
    <name><![CDATA[左转
        ]]>
    </name>
    <cmt>左转
        </cmt>
    <desc><![CDATA[]]>
    </desc>
    <sym>Flag, Blue</sym>
    <type>user</type>
    <extensions>
      <PosType>0</PosType>
      <Speed>0.36236444</Speed>
      <Accuracy>1.2</Accuracy>
      <Time>1787977242245</Time>
      <description><![CDATA[]]>
      </description>
    </extensions>
  </wpt>
  <wpt lat="29.3710067" lon="119.3757817">
    <ele>592.5</ele>
    <time>2026-08-29T04:21:54Z</time>
    <name><![CDATA[右转
        ]]>
    </name>
    <cmt>右转
        </cmt>
    <desc><![CDATA[]]>
    </desc>
    <sym>Flag, Blue</sym>
    <type>user</type>
    <extensions>
      <PosType>0</PosType>
      <Speed>0.6063428</Speed>
      <Accuracy>1.2</Accuracy>
      <Time>1787977314251</Time>
      <description><![CDATA[]]>
      </description>
    </extensions>
  </wpt>
  <wpt lat="29.3709467" lon="119.3758667">
    <ele>596.2</ele>
    <time>2026-08-29T04:22:16Z</time>
    <name><![CDATA[远看
        ]]>
    </name>
    <cmt>远看
        </cmt>
    <desc><![CDATA[]]>
    </desc>
    <sym>Flag, Blue</sym>
    <type>user</type>
    <extensions>
      <PosType>0</PosType>
      <Speed>0.3752325</Speed>
      <Accuracy>1.2</Accuracy>
      <Time>1787977336225</Time>
      <description><![CDATA[]]>
      </description>
      <FileId>1666895099</FileId>
      <FileSize>1040139</FileSize>
      <FileType>0</FileType>
    </extensions>
  </wpt>
  <wpt lat="29.3679633" lon="119.3757833">
    <ele>549.4</ele>
    <time>2026-08-29T04:33:27Z</time>
    <name><![CDATA[三峰尖攀爬
        ]]>
    </name>
    <cmt>三峰尖攀爬
        </cmt>
    <desc><![CDATA[]]>
    </desc>
    <sym>Flag, Blue</sym>
    <type>user</type>
    <extensions>
      <PosType>0</PosType>
      <Speed>0.4982511</Speed>
      <Accuracy>1.1</Accuracy>
      <Time>1787978007271</Time>
      <description><![CDATA[]]>
      </description>
      <FileId>1666895098</FileId>
      <FileSize>953185</FileSize>
      <FileType>0</FileType>
    </extensions>
  </wpt>
  <wpt lat="29.3677836" lon="119.3758236">
    <ele>548.4</ele>
    <time>2026-08-29T04:34:13Z</time>
    <name><![CDATA[左边下山，右边攀爬
        ]]>
    </name>
    <cmt>左边下山，右边攀爬
        </cmt>
    <desc><![CDATA[]]>
    </desc>
    <sym>Flag, Blue</sym>
    <type>user</type>
    <extensions>
      <PosType>0</PosType>
      <Speed>0.6531825</Speed>
      <Accuracy>1.2</Accuracy>
      <Time>1787978053282</Time>
      <description><![CDATA[]]>
      </description>
    </extensions>
  </wpt>
  <wpt lat="29.3674017" lon="119.375825">
    <ele>587.1</ele>
    <time>2026-08-29T04:42:37Z</time>
    <name><![CDATA[攀爬路况还好
        ]]>
    </name>
    <cmt>攀爬路况还好
        </cmt>
    <desc><![CDATA[]]>
    </desc>
    <sym>Flag, Blue</sym>
    <type>user</type>
    <extensions>
      <PosType>0</PosType>
      <Speed>0.0</Speed>
      <Accuracy>1.3</Accuracy>
      <Time>1787978557192</Time>
      <description><![CDATA[]]>
      </description>
      <FileId>1666895096</FileId>
      <FileSize>1506827</FileSize>
      <FileType>0</FileType>
    </extensions>
  </wpt>
  <wpt lat="29.3671683" lon="119.375845">
    <ele>604.0</ele>
    <time>2026-08-29T04:46:07Z</time>
    <name><![CDATA[攀爬
        ]]>
    </name>
    <cmt>攀爬
        </cmt>
    <desc><![CDATA[]]>
    </desc>
    <sym>Flag, Blue</sym>
    <type>user</type>
    <extensions>
      <PosType>0</PosType>
      <Speed>0.46479416</Speed>
      <Accuracy>1.4</Accuracy>
      <Time>1787978767245</Time>
      <description><![CDATA[]]>
      </description>
      <FileId>1666895095</FileId>
      <FileSize>1355949</FileSize>
      <FileType>0</FileType>
    </extensions>
  </wpt>
  <wpt lat="29.3669617" lon="119.3758133">
    <ele>624.1</ele>
    <time>2026-08-29T04:51:41Z</time>
    <name><![CDATA[观景点
        ]]>
    </name>
    <cmt>观景点
        </cmt>
    <desc><![CDATA[]]>
    </desc>
    <sym>Flag, Blue</sym>
    <type>user</type>
    <extensions>
      <PosType>0</PosType>
      <Speed>0.0</Speed>
      <Accuracy>1.3</Accuracy>
      <Time>1787979101293</Time>
      <description><![CDATA[]]>
      </description>
      <FileId>1666895094</FileId>
      <FileSize>1335574</FileSize>
      <FileType>0</FileType>
    </extensions>
  </wpt>
  <wpt lat="29.3664163" lon="119.3757486">
    <ele>608.9</ele>
    <time>2026-08-29T04:56:13Z</time>
    <name><![CDATA[远看
        ]]>
    </name>
    <cmt>远看
        </cmt>
    <desc><![CDATA[]]>
    </desc>
    <sym>Flag, Blue</sym>
    <type>user</type>
    <extensions>
      <PosType>0</PosType>
      <Speed>0.7000222</Speed>
      <Accuracy>1.3</Accuracy>
      <Time>1787979373305</Time>
      <description><![CDATA[]]>
      </description>
      <FileId>1666895093</FileId>
      <FileSize>1162102</FileSize>
      <FileType>0</FileType>
    </extensions>
  </wpt>
  <wpt lat="29.3661367" lon="119.3758278">
    <ele>587.6</ele>
    <time>2026-08-29T04:57:35Z</time>
    <name><![CDATA[
        ]]>
    </name>
    <cmt>
        </cmt>
    <desc><![CDATA[]]>
    </desc>
    <sym>Flag, Blue</sym>
    <type>user</type>
    <extensions>
      <PosType>0</PosType>
      <Speed>0.7700244</Speed>
      <Accuracy>1.2</Accuracy>
      <Time>1787979455320</Time>
      <description><![CDATA[]]>
      </description>
      <FileId>1666895091</FileId>
      <FileSize>1342138</FileSize>
      <FileType>0</FileType>
    </extensions>
  </wpt>
  <wpt lat="29.3657699" lon="119.3759714">
    <ele>582.2</ele>
    <time>2026-08-29T04:58:57Z</time>
    <name><![CDATA[攀登第三峰
        ]]>
    </name>
    <cmt>攀登第三峰
        </cmt>
    <desc><![CDATA[]]>
    </desc>
    <sym>Flag, Blue</sym>
    <type>user</type>
    <extensions>
      <PosType>0</PosType>
      <Speed>0.55487055</Speed>
      <Accuracy>1.2</Accuracy>
      <Time>1787979537323</Time>
      <description><![CDATA[]]>
      </description>
      <FileId>1666895090</FileId>
      <FileSize>1186404</FileSize>
      <FileType>0</FileType>
    </extensions>
  </wpt>
  <wpt lat="29.3654117" lon="119.3759533">
    <ele>597.8</ele>
    <time>2026-08-29T05:03:07Z</time>
    <name><![CDATA[第三峰登顶
        ]]>
    </name>
    <cmt>第三峰登顶
        </cmt>
    <desc><![CDATA[]]>
    </desc>
    <sym>Flag, Blue</sym>
    <type>user</type>
    <extensions>
      <PosType>0</PosType>
      <Speed>0.46170583</Speed>
      <Accuracy>1.2</Accuracy>
      <Time>1787979787279</Time>
      <description><![CDATA[]]>
      </description>
      <FileId>1666895089</FileId>
      <FileSize>1110241</FileSize>
      <FileType>0</FileType>
    </extensions>
  </wpt>
  <wpt lat="29.364685" lon="119.3755517">
    <ele>560.7</ele>
    <time>2026-08-29T05:13:45Z</time>
    <name><![CDATA[下山
        ]]>
    </name>
    <cmt>下山
        </cmt>
    <desc><![CDATA[]]>
    </desc>
    <sym>Flag, Blue</sym>
    <type>user</type>
    <extensions>
      <PosType>0</PosType>
      <Speed>0.4071453</Speed>
      <Accuracy>1.4</Accuracy>
      <Time>1787980425272</Time>
      <description><![CDATA[]]>
      </description>
      <FileId>1666895088</FileId>
      <FileSize>1437974</FileSize>
      <FileType>0</FileType>
    </extensions>
  </wpt>
  <wpt lat="29.3621919" lon="119.3715081">
    <ele>286.3</ele>
    <time>2026-08-29T05:45:27Z</time>
    <name><![CDATA[
        ]]>
    </name>
    <cmt>
        </cmt>
    <desc><![CDATA[]]>
    </desc>
    <sym>Flag, Blue</sym>
    <type>user</type>
    <extensions>
      <PosType>0</PosType>
      <Speed>0.36957055</Speed>
      <Accuracy>1.3</Accuracy>
      <Time>1787982327201</Time>
      <description><![CDATA[]]>
      </description>
      <FileId>1666895087</FileId>
      <FileSize>1683742</FileSize>
      <FileType>0</FileType>
    </extensions>
  </wpt>
  <wpt lat="29.3619233" lon="119.3712483">
    <ele>249.6</ele>
    <time>2026-08-29T05:51:25Z</time>
    <name><![CDATA[陡下坡
        ]]>
    </name>
    <cmt>陡下坡
        </cmt>
    <desc><![CDATA[]]>
    </desc>
    <sym>Flag, Blue</sym>
    <type>user</type>
    <extensions>
      <PosType>0</PosType>
      <Speed>0.0</Speed>
      <Accuracy>1.2</Accuracy>
      <Time>1787982685248</Time>
      <description><![CDATA[]]>
      </description>
    </extensions>
  </wpt>
  <wpt lat="29.3620381" lon="119.3705414">
    <ele>204.4</ele>
    <time>2026-08-29T06:01:23Z</time>
    <name><![CDATA[
        ]]>
    </name>
    <cmt>
        </cmt>
    <desc><![CDATA[]]>
    </desc>
    <sym>Flag, Blue</sym>
    <type>user</type>
    <extensions>
      <PosType>0</PosType>
      <Speed>0.9146614</Speed>
      <Accuracy>1.9</Accuracy>
      <Time>1787983283221</Time>
      <description><![CDATA[]]>
      </description>
      <FileId>1666895085</FileId>
      <FileSize>1710017</FileSize>
      <FileType>0</FileType>
    </extensions>
  </wpt>
  <wpt lat="29.3608079" lon="119.3702739">
    <ele>172.4</ele>
    <time>2026-08-29T06:04:05Z</time>
    <name><![CDATA[公路
        ]]>
    </name>
    <cmt>公路
        </cmt>
    <desc><![CDATA[]]>
    </desc>
    <sym>Flag, Blue</sym>
    <type>user</type>
    <extensions>
      <PosType>0</PosType>
      <Speed>1.5585788</Speed>
      <Accuracy>1.5</Accuracy>
      <Time>1787983445224</Time>
      <description><![CDATA[]]>
      </description>
    </extensions>
  </wpt>
  <wpt lat="29.3556554" lon="119.3692716">
    <ele>136.9</ele>
    <time>2026-08-29T06:15:39Z</time>
    <name><![CDATA[直行
        ]]>
    </name>
    <cmt>直行
        </cmt>
    <desc><![CDATA[]]>
    </desc>
    <sym>Flag, Blue</sym>
    <type>user</type>
    <extensions>
      <PosType>0</PosType>
      <Speed>1.1709931</Speed>
      <Accuracy>1.3</Accuracy>
      <Time>1787984139195</Time>
      <description><![CDATA[]]>
      </description>
    </extensions>
  </wpt>
  <wpt lat="29.356314" lon="119.3679106">
    <ele>137.7</ele>
    <time>2026-08-29T06:17:41Z</time>
    <name><![CDATA[左转
        ]]>
    </name>
    <cmt>左转
        </cmt>
    <desc><![CDATA[]]>
    </desc>
    <sym>Flag, Blue</sym>
    <type>user</type>
    <extensions>
      <PosType>0</PosType>
      <Speed>1.232245</Speed>
      <Accuracy>1.3</Accuracy>
      <Time>1787984261245</Time>
      <description><![CDATA[]]>
      </description>
    </extensions>
  </wpt>
  <wpt lat="29.3571857" lon="119.3660234">
    <ele>132.1</ele>
    <time>2026-08-29T06:21:07Z</time>
    <name><![CDATA[左转
        ]]>
    </name>
    <cmt>左转
        </cmt>
    <desc><![CDATA[]]>
    </desc>
    <sym>Flag, Blue</sym>
    <type>user</type>
    <extensions>
      <PosType>0</PosType>
      <Speed>1.3722495</Speed>
      <Accuracy>1.4</Accuracy>
      <Time>1787984467245</Time>
      <description><![CDATA[]]>
      </description>
    </extensions>
  </wpt>
  <wpt lat="29.3571804" lon="119.3654708">
    <ele>134.0</ele>
    <time>2026-08-29T06:21:49Z</time>
    <name><![CDATA[左转
        ]]>
    </name>
    <cmt>左转
        </cmt>
    <desc><![CDATA[]]>
    </desc>
    <sym>Flag, Blue</sym>
    <type>user</type>
    <extensions>
      <PosType>0</PosType>
      <Speed>1.0958436</Speed>
      <Accuracy>1.4</Accuracy>
      <Time>1787984509217</Time>
      <description><![CDATA[]]>
      </description>
    </extensions>
  </wpt>
  <wpt lat="29.3567603" lon="119.3645515">
    <ele>135.3</ele>
    <time>2026-08-29T06:23:11Z</time>
    <name><![CDATA[操场边有公厕
        ]]>
    </name>
    <cmt>操场边有公厕
        </cmt>
    <desc><![CDATA[]]>
    </desc>
    <sym>Flag, Blue</sym>
    <type>user</type>
    <extensions>
      <PosType>0</PosType>
      <Speed>1.8308669</Speed>
      <Accuracy>1.3</Accuracy>
      <Time>1787984591247</Time>
      <description><![CDATA[]]>
      </description>
    </extensions>
  </wpt>
</gpx>