<?xml version='1.0' encoding='UTF-8' standalone='yes' ?>
<gpx version="1.1" creator="GPSBabel - http://www.gpsbabel.org" xmlns:xsi="http://www.w3.org/2001/XMLSchema-instance" xmlns="http://www.topografix.com/GPX/1/1" xsi:schemaLocation="http://www.topografix.com/GPX/1/1 http://www.topografix.com/GPX/1/1/gpx.xsd">
  <metadata>
    <link href="http://www.garmin.com">
      <text>Garmin International</text>
    </link>
    <time>2026-07-03T04:28:53Z</time>
    <bounds minlat="29.3916962" minlon="120.2279691" maxlat="29.4100533" maxlon="120.2359733" />
  </metadata>
  <extensions>
    <name><![CDATA[华溪森林公园]]>
    </name>
    <description><![CDATA[小程序预约，车可以直接开进去（停车费5元），不然停外面多走5公里]]>
    </description>
    <TrackId>86662728</TrackId>
    <TrackTypeId>8</TrackTypeId>
    <TrackTags>徒步</TrackTags>
    <BeginTime>1783052933000</BeginTime>
    <EndTime>1783061619000</EndTime>
    <TimeUsed>8686000</TimeUsed>
    <PauseTime>3152</PauseTime>
    <PosStartName>树坑</PosStartName>
    <PosEndName>树坑</PosEndName>
    <ProductVersion>and_9.1.5</ProductVersion>
    <StartDistrictId>9660</StartDistrictId>
    <EndDistrictId>9660</EndDistrictId>
    <CreaterId>64771087</CreaterId>
    <CreaterName><![CDATA[步履赴山野]]>
    </CreaterName>
    <CreaterIcon>1523534626</CreaterIcon>
    <OriginCreaterId>64771087</OriginCreaterId>
    <OriginCreaterNickname><![CDATA[步履赴山野]]>
    </OriginCreaterNickname>
    <OriginCreaterName><![CDATA[null]]>
    </OriginCreaterName>
    <OriginCreaterIcon>1523534626</OriginCreaterIcon>
    <ThumbnailId>1638117735</ThumbnailId>
    <Distance>6326.0</Distance>
    <ElevationGain>443.06999999999994</ElevationGain>
    <ElevationLoss>424.99</ElevationLoss>
    <SportAvgSpeed>0.7285627941431199</SportAvgSpeed>
  </extensions>
  <trk>
    <trkseg>
      <trkpt lat="29.3916962" lon="120.2279817">
        <ele>222.3</ele>
        <time>2026-07-03T04:28:53Z</time>
        <speed>0.72884667</speed>
      </trkpt>
      <trkpt lat="29.3917696" lon="120.2279691">
        <ele>222.3</ele>
        <time>2026-07-03T04:29:22Z</time>
        <speed>0.70259583</speed>
      </trkpt>
      <trkpt lat="29.3918609" lon="120.2279764">
        <ele>221.22</ele>
        <time>2026-07-03T04:29:37Z</time>
        <speed>0.7149492</speed>
      </trkpt>
      <trkpt lat="29.3919562" lon="120.2280324">
        <ele>221.34</ele>
        <time>2026-07-03T04:29:49Z</time>
        <speed>0.77465695</speed>
      </trkpt>
      <trkpt lat="29.3920556" lon="120.228058">
        <ele>221.2</ele>
        <time>2026-07-03T04:30:04Z</time>
        <speed>0.66605055</speed>
      </trkpt>
      <trkpt lat="29.3921476" lon="120.2281232">
        <ele>220.98</ele>
        <time>2026-07-03T04:30:14Z</time>
        <speed>1.1437128</speed>
      </trkpt>
      <trkpt lat="29.3922221" lon="120.2282124">
        <ele>220.52</ele>
        <time>2026-07-03T04:30:22Z</time>
        <speed>1.5719616</speed>
      </trkpt>
      <trkpt lat="29.3923038" lon="120.2282965">
        <ele>221.67</ele>
        <time>2026-07-03T04:30:29Z</time>
        <speed>1.5637261</speed>
      </trkpt>
      <trkpt lat="29.392359" lon="120.2284063">
        <ele>223.83</ele>
        <time>2026-07-03T04:30:40Z</time>
        <speed>1.07474</speed>
      </trkpt>
      <trkpt lat="29.3923934" lon="120.2285117">
        <ele>224.51</ele>
        <time>2026-07-03T04:30:46Z</time>
        <speed>1.2209212</speed>
      </trkpt>
      <trkpt lat="29.3924529" lon="120.2286073">
        <ele>224.38</ele>
        <time>2026-07-03T04:30:55Z</time>
        <speed>1.3269539</speed>
      </trkpt>
      <trkpt lat="29.3925135" lon="120.228701">
        <ele>224.34</ele>
        <time>2026-07-03T04:31:03Z</time>
        <speed>1.3758525</speed>
      </trkpt>
      <trkpt lat="29.3925642" lon="120.2287915">
        <ele>225.1</ele>
        <time>2026-07-03T04:31:09Z</time>
        <speed>1.3907795</speed>
      </trkpt>
      <trkpt lat="29.3925897" lon="120.2288949">
        <ele>226.48</ele>
        <time>2026-07-03T04:31:17Z</time>
        <speed>1.250775</speed>
      </trkpt>
      <trkpt lat="29.3926214" lon="120.229007">
        <ele>227.82</ele>
        <time>2026-07-03T04:31:26Z</time>
        <speed>1.1056234</speed>
      </trkpt>
      <trkpt lat="29.3927109" lon="120.2290453">
        <ele>229.02</ele>
        <time>2026-07-03T04:31:34Z</time>
        <speed>1.2873203</speed>
      </trkpt>
      <trkpt lat="29.3928094" lon="120.2290596">
        <ele>229.61</ele>
        <time>2026-07-03T04:31:41Z</time>
        <speed>1.5585788</speed>
      </trkpt>
      <trkpt lat="29.3928858" lon="120.2289798">
        <ele>229.48</ele>
        <time>2026-07-03T04:31:49Z</time>
        <speed>1.1864347</speed>
      </trkpt>
      <trkpt lat="29.3929772" lon="120.2289203">
        <ele>229.83</ele>
        <time>2026-07-03T04:32:01Z</time>
        <speed>0.9053964</speed>
      </trkpt>
      <trkpt lat="29.3930753" lon="120.2289227">
        <ele>230.12</ele>
        <time>2026-07-03T04:32:09Z</time>
        <speed>0.9084847</speed>
      </trkpt>
      <trkpt lat="29.3931703" lon="120.2289426">
        <ele>230.33</ele>
        <time>2026-07-03T04:32:37Z</time>
        <speed>0.9748839</speed>
      </trkpt>
      <trkpt lat="29.3932645" lon="120.2289382">
        <ele>229.37</ele>
        <time>2026-07-03T04:32:48Z</time>
        <speed>0.9836342</speed>
      </trkpt>
      <trkpt lat="29.3932618" lon="120.2288589">
        <ele>229.51</ele>
        <time>2026-07-03T04:33:44Z</time>
        <speed>0.0</speed>
      </trkpt>
      <trkpt lat="29.3932937" lon="120.2287563">
        <ele>231.53</ele>
        <time>2026-07-03T04:33:52Z</time>
        <speed>0.9995906</speed>
      </trkpt>
      <trkpt lat="29.3933636" lon="120.2286857">
        <ele>231.99</ele>
        <time>2026-07-03T04:34:02Z</time>
        <speed>0.93988276</speed>
      </trkpt>
      <trkpt lat="29.39343" lon="120.2287817">
        <ele>231.61</ele>
        <time>2026-07-03T04:35:07Z</time>
        <speed>0.0</speed>
      </trkpt>
      <trkpt lat="29.3935383" lon="120.2288233">
        <ele>228.85</ele>
        <time>2026-07-03T04:35:17Z</time>
        <speed>0.0</speed>
      </trkpt>
      <trkpt lat="29.3936114" lon="120.2289186">
        <ele>227.93</ele>
        <time>2026-07-03T04:35:29Z</time>
        <speed>0.8168642</speed>
      </trkpt>
      <trkpt lat="29.3936319" lon="120.2290233">
        <ele>229.68</ele>
        <time>2026-07-03T04:35:35Z</time>
        <speed>1.4057064</speed>
      </trkpt>
      <trkpt lat="29.3936973" lon="120.2290736">
        <ele>231.06</ele>
        <time>2026-07-03T04:35:46Z</time>
        <speed>1.1622428</speed>
      </trkpt>
      <trkpt lat="29.3937833" lon="120.2290608">
        <ele>230.99</ele>
        <time>2026-07-03T04:35:52Z</time>
        <speed>1.198788</speed>
      </trkpt>
      <trkpt lat="29.3938941" lon="120.2290454">
        <ele>230.65</ele>
        <time>2026-07-03T04:36:02Z</time>
        <speed>0.83899724</speed>
      </trkpt>
      <trkpt lat="29.3939861" lon="120.2289998">
        <ele>230.97</ele>
        <time>2026-07-03T04:36:08Z</time>
        <speed>1.1504042</speed>
      </trkpt>
      <trkpt lat="29.3940718" lon="120.228947">
        <ele>231.89</ele>
        <time>2026-07-03T04:36:18Z</time>
        <speed>0.9321619</speed>
      </trkpt>
      <trkpt lat="29.3941726" lon="120.2289309">
        <ele>233.4</ele>
        <time>2026-07-03T04:36:26Z</time>
        <speed>1.0423125</speed>
      </trkpt>
      <trkpt lat="29.3942667" lon="120.2289051">
        <ele>235.03</ele>
        <time>2026-07-03T04:36:35Z</time>
        <speed>0.82818806</speed>
      </trkpt>
      <trkpt lat="29.3943577" lon="120.2288812">
        <ele>236.87</ele>
        <time>2026-07-03T04:37:06Z</time>
        <speed>0.65009415</speed>
      </trkpt>
      <trkpt lat="29.3943837" lon="120.2287915">
        <ele>236.54</ele>
        <time>2026-07-03T04:37:16Z</time>
        <speed>0.59398943</speed>
      </trkpt>
      <trkpt lat="29.3944588" lon="120.2287566">
        <ele>236.87</ele>
        <time>2026-07-03T04:37:27Z</time>
        <speed>0.55487055</speed>
      </trkpt>
      <trkpt lat="29.3945429" lon="120.2286927">
        <ele>235.2</ele>
        <time>2026-07-03T04:37:51Z</time>
        <speed>0.7540681</speed>
      </trkpt>
      <trkpt lat="29.3946334" lon="120.2286471">
        <ele>234.43</ele>
        <time>2026-07-03T04:38:03Z</time>
        <speed>0.79061335</speed>
      </trkpt>
      <trkpt lat="29.3947365" lon="120.2286168">
        <ele>234.24</ele>
        <time>2026-07-03T04:38:17Z</time>
        <speed>0.8287028</speed>
      </trkpt>
      <trkpt lat="29.3948146" lon="120.2286767">
        <ele>234.14</ele>
        <time>2026-07-03T04:38:49Z</time>
        <speed>0.5229578</speed>
      </trkpt>
      <trkpt lat="29.3948525" lon="120.2287809">
        <ele>234.6</ele>
        <time>2026-07-03T04:39:03Z</time>
        <speed>0.5847244</speed>
      </trkpt>
      <trkpt lat="29.3949264" lon="120.2287983">
        <ele>234.77</ele>
        <time>2026-07-03T04:39:17Z</time>
        <speed>0.87708664</speed>
      </trkpt>
      <trkpt lat="29.3950225" lon="120.2288173">
        <ele>235.6</ele>
        <time>2026-07-03T04:39:30Z</time>
        <speed>0.8127464</speed>
      </trkpt>
      <trkpt lat="29.3951135" lon="120.2288513">
        <ele>236.98</ele>
        <time>2026-07-03T04:39:55Z</time>
        <speed>0.8276733</speed>
      </trkpt>
      <trkpt lat="29.3951785" lon="120.2287954">
        <ele>237.8</ele>
        <time>2026-07-03T04:40:27Z</time>
        <speed>0.45038193</speed>
      </trkpt>
      <trkpt lat="29.3952549" lon="120.2288089">
        <ele>236.73</ele>
        <time>2026-07-03T04:40:45Z</time>
        <speed>0.4982511</speed>
      </trkpt>
      <trkpt lat="29.3953466" lon="120.2288138">
        <ele>235.34</ele>
        <time>2026-07-03T04:41:26Z</time>
        <speed>0.89149886</speed>
      </trkpt>
      <trkpt lat="29.395425" lon="120.228863">
        <ele>237.6</ele>
        <time>2026-07-03T04:41:47Z</time>
        <speed>0.0</speed>
      </trkpt>
      <trkpt lat="29.3954928" lon="120.2289357">
        <ele>238.76</ele>
        <time>2026-07-03T04:42:46Z</time>
        <speed>0.33920196</speed>
      </trkpt>
      <trkpt lat="29.3955894" lon="120.2289782">
        <ele>238.91</ele>
        <time>2026-07-03T04:43:02Z</time>
        <speed>0.6614181</speed>
      </trkpt>
      <trkpt lat="29.3956674" lon="120.2290396">
        <ele>238.9</ele>
        <time>2026-07-03T04:43:41Z</time>
        <speed>0.50906026</speed>
      </trkpt>
      <trkpt lat="29.3956408" lon="120.2289966">
        <ele>240.45</ele>
        <time>2026-07-03T04:44:18Z</time>
        <speed>0.5492086</speed>
      </trkpt>
      <trkpt lat="29.3956792" lon="120.228921">
        <ele>240.04</ele>
        <time>2026-07-03T04:44:33Z</time>
        <speed>0.0</speed>
      </trkpt>
      <trkpt lat="29.3957635" lon="120.2288974">
        <ele>241.57</ele>
        <time>2026-07-03T04:44:46Z</time>
        <speed>0.8822339</speed>
      </trkpt>
      <trkpt lat="29.3958679" lon="120.2288662">
        <ele>241.76</ele>
        <time>2026-07-03T04:44:57Z</time>
        <speed>1.2940117</speed>
      </trkpt>
      <trkpt lat="29.3959669" lon="120.2288617">
        <ele>241.47</ele>
        <time>2026-07-03T04:45:06Z</time>
        <speed>1.0731958</speed>
      </trkpt>
      <trkpt lat="29.3960639" lon="120.2288786">
        <ele>240.8</ele>
        <time>2026-07-03T04:45:13Z</time>
        <speed>0.98826665</speed>
      </trkpt>
      <trkpt lat="29.3961617" lon="120.2289093">
        <ele>240.28</ele>
        <time>2026-07-03T04:45:24Z</time>
        <speed>0.935765</speed>
      </trkpt>
      <trkpt lat="29.3962667" lon="120.2289032">
        <ele>240.5</ele>
        <time>2026-07-03T04:45:34Z</time>
        <speed>0.0</speed>
      </trkpt>
      <trkpt lat="29.3963804" lon="120.2289069">
        <ele>241.19</ele>
        <time>2026-07-03T04:45:44Z</time>
        <speed>0.898705</speed>
      </trkpt>
      <trkpt lat="29.3964791" lon="120.2289115">
        <ele>242.01</ele>
        <time>2026-07-03T04:45:52Z</time>
        <speed>1.0392241</speed>
      </trkpt>
      <trkpt lat="29.396573" lon="120.2288826">
        <ele>243.25</ele>
        <time>2026-07-03T04:46:02Z</time>
        <speed>1.0767989</speed>
      </trkpt>
      <trkpt lat="29.3966591" lon="120.2288353">
        <ele>245.42</ele>
        <time>2026-07-03T04:46:09Z</time>
        <speed>1.0448861</speed>
      </trkpt>
      <trkpt lat="29.3967492" lon="120.2288318">
        <ele>247.18</ele>
        <time>2026-07-03T04:46:18Z</time>
        <speed>1.0737106</speed>
      </trkpt>
      <trkpt lat="29.3967613" lon="120.2288526">
        <ele>247.66</ele>
        <time>2026-07-03T04:46:25Z</time>
        <speed>0.0</speed>
      </trkpt>
      <trkpt lat="29.3968189" lon="120.2288935">
        <ele>247.81</ele>
        <time>2026-07-03T04:46:57Z</time>
        <speed>0.0</speed>
      </trkpt>
      <trkpt lat="29.3969025" lon="120.2289208">
        <ele>248.41</ele>
        <time>2026-07-03T04:47:13Z</time>
        <speed>0.6068575</speed>
      </trkpt>
      <trkpt lat="29.3969365" lon="120.2288383">
        <ele>248.53</ele>
        <time>2026-07-03T04:47:28Z</time>
        <speed>0.68561</speed>
      </trkpt>
      <trkpt lat="29.3969948" lon="120.2287566">
        <ele>248.82</ele>
        <time>2026-07-03T04:47:38Z</time>
        <speed>0.0</speed>
      </trkpt>
      <trkpt lat="29.3970512" lon="120.2286673">
        <ele>249.07</ele>
        <time>2026-07-03T04:48:02Z</time>
        <speed>0.0</speed>
      </trkpt>
      <trkpt lat="29.3971293" lon="120.2285806">
        <ele>248.35</ele>
        <time>2026-07-03T04:48:14Z</time>
        <speed>0.0</speed>
      </trkpt>
      <trkpt lat="29.3971751" lon="120.2286335">
        <ele>245.15</ele>
        <time>2026-07-03T04:48:27Z</time>
        <speed>0.0</speed>
      </trkpt>
      <trkpt lat="29.3971465" lon="120.2287282">
        <ele>242.55</ele>
        <time>2026-07-03T04:49:14Z</time>
        <speed>0.0</speed>
      </trkpt>
      <trkpt lat="29.3971558" lon="120.2286934">
        <ele>241.02</ele>
        <time>2026-07-03T04:49:30Z</time>
        <speed>1.0140028</speed>
      </trkpt>
      <trkpt lat="29.3971748" lon="120.228674">
        <ele>242.09</ele>
        <time>2026-07-03T04:49:31Z</time>
        <speed>0.0</speed>
      </trkpt>
      <trkpt lat="29.3972603" lon="120.2286703">
        <ele>243.17</ele>
        <time>2026-07-03T04:49:43Z</time>
        <speed>0.63516724</speed>
      </trkpt>
      <trkpt lat="29.3973423" lon="120.228745">
        <ele>245.59</ele>
        <time>2026-07-03T04:49:54Z</time>
        <speed>0.70414</speed>
      </trkpt>
      <trkpt lat="29.3973828" lon="120.2288494">
        <ele>248.69</ele>
        <time>2026-07-03T04:50:22Z</time>
        <speed>0.6367114</speed>
      </trkpt>
      <trkpt lat="29.397429" lon="120.2289702">
        <ele>251.02</ele>
        <time>2026-07-03T04:50:36Z</time>
        <speed>0.0</speed>
      </trkpt>
      <trkpt lat="29.3975223" lon="120.2290166">
        <ele>252.09</ele>
        <time>2026-07-03T04:50:46Z</time>
        <speed>0.9337061</speed>
      </trkpt>
      <trkpt lat="29.3976232" lon="120.2290367">
        <ele>252.26</ele>
        <time>2026-07-03T04:50:56Z</time>
        <speed>1.0402536</speed>
      </trkpt>
      <trkpt lat="29.3977345" lon="120.229032">
        <ele>251.55</ele>
        <time>2026-07-03T04:51:03Z</time>
        <speed>1.1514336</speed>
      </trkpt>
      <trkpt lat="29.3978279" lon="120.2290699">
        <ele>251.1</ele>
        <time>2026-07-03T04:51:13Z</time>
        <speed>0.97436917</speed>
      </trkpt>
      <trkpt lat="29.3979233" lon="120.2291312">
        <ele>251.01</ele>
        <time>2026-07-03T04:51:23Z</time>
        <speed>1.102535</speed>
      </trkpt>
      <trkpt lat="29.3979996" lon="120.2292028">
        <ele>250.36</ele>
        <time>2026-07-03T04:51:36Z</time>
        <speed>0.7087725</speed>
      </trkpt>
      <trkpt lat="29.3980853" lon="120.2292337">
        <ele>249.73</ele>
        <time>2026-07-03T04:51:44Z</time>
        <speed>0.99341387</speed>
      </trkpt>
      <trkpt lat="29.3981804" lon="120.2292383">
        <ele>250.32</ele>
        <time>2026-07-03T04:51:54Z</time>
        <speed>1.0690781</speed>
      </trkpt>
      <trkpt lat="29.3982464" lon="120.2292323">
        <ele>250.74</ele>
        <time>2026-07-03T04:52:04Z</time>
        <speed>0.0</speed>
      </trkpt>
      <trkpt lat="29.3983088" lon="120.2292972">
        <ele>252.36</ele>
        <time>2026-07-03T04:52:31Z</time>
        <speed>0.0</speed>
      </trkpt>
      <trkpt lat="29.3983787" lon="120.2292595">
        <ele>254.7</ele>
        <time>2026-07-03T04:52:44Z</time>
        <speed>0.69436026</speed>
      </trkpt>
      <trkpt lat="29.3984267" lon="120.229325">
        <ele>256.38</ele>
        <time>2026-07-03T04:53:47Z</time>
        <speed>0.0</speed>
      </trkpt>
      <trkpt lat="29.3985183" lon="120.2293733">
        <ele>255.91</ele>
        <time>2026-07-03T04:53:54Z</time>
        <speed>1.030474</speed>
      </trkpt>
      <trkpt lat="29.3985465" lon="120.2293864">
        <ele>255.82</ele>
        <time>2026-07-03T04:53:56Z</time>
        <speed>0.0</speed>
      </trkpt>
      <trkpt lat="29.3985995" lon="120.2294537">
        <ele>256.07</ele>
        <time>2026-07-03T04:54:46Z</time>
        <speed>0.0</speed>
      </trkpt>
      <trkpt lat="29.3986875" lon="120.2294713">
        <ele>255.01</ele>
        <time>2026-07-03T04:55:10Z</time>
        <speed>0.0</speed>
      </trkpt>
      <trkpt lat="29.3987745" lon="120.2295324">
        <ele>254.75</ele>
        <time>2026-07-03T04:55:30Z</time>
        <speed>0.50803083</speed>
      </trkpt>
      <trkpt lat="29.3988582" lon="120.2296085">
        <ele>255.16</ele>
        <time>2026-07-03T04:55:44Z</time>
        <speed>0.72267</speed>
      </trkpt>
      <trkpt lat="29.3989159" lon="120.229562">
        <ele>257.54</ele>
        <time>2026-07-03T04:55:54Z</time>
        <speed>0.0</speed>
      </trkpt>
      <trkpt lat="29.3989915" lon="120.2294954">
        <ele>259.55</ele>
        <time>2026-07-03T04:56:20Z</time>
        <speed>0.73450863</speed>
      </trkpt>
      <trkpt lat="29.3990372" lon="120.2295438">
        <ele>260.64</ele>
        <time>2026-07-03T04:56:46Z</time>
        <speed>0.3541289</speed>
      </trkpt>
      <trkpt lat="29.3989483" lon="120.2295133">
        <ele>259.64</ele>
        <time>2026-07-03T04:59:56Z</time>
        <speed>0.0</speed>
      </trkpt>
      <trkpt lat="29.3989117" lon="120.2296117">
        <ele>259.15</ele>
        <time>2026-07-03T05:00:31Z</time>
        <speed>0.0</speed>
      </trkpt>
      <trkpt lat="29.3989864" lon="120.2296762">
        <ele>258.35</ele>
        <time>2026-07-03T05:00:39Z</time>
        <speed>0.0</speed>
      </trkpt>
      <trkpt lat="29.3990577" lon="120.229772">
        <ele>258.16</ele>
        <time>2026-07-03T05:00:51Z</time>
        <speed>0.48280945</speed>
      </trkpt>
      <trkpt lat="29.3991172" lon="120.2298623">
        <ele>260.11</ele>
        <time>2026-07-03T05:01:01Z</time>
        <speed>0.0</speed>
      </trkpt>
      <trkpt lat="29.3991811" lon="120.2299528">
        <ele>261.35</ele>
        <time>2026-07-03T05:01:13Z</time>
        <speed>0.15699027</speed>
      </trkpt>
      <trkpt lat="29.399256" lon="120.2300381">
        <ele>262.79</ele>
        <time>2026-07-03T05:01:23Z</time>
        <speed>0.0</speed>
      </trkpt>
      <trkpt lat="29.3993405" lon="120.2301176">
        <ele>264.3</ele>
        <time>2026-07-03T05:01:29Z</time>
        <speed>0.0</speed>
      </trkpt>
      <trkpt lat="29.3994163" lon="120.2302016">
        <ele>265.2</ele>
        <time>2026-07-03T05:01:35Z</time>
        <speed>1.0186353</speed>
      </trkpt>
      <trkpt lat="29.3995104" lon="120.2302363">
        <ele>265.98</ele>
        <time>2026-07-03T05:01:41Z</time>
        <speed>1.287835</speed>
      </trkpt>
      <trkpt lat="29.3996074" lon="120.2302642">
        <ele>266.76</ele>
        <time>2026-07-03T05:01:49Z</time>
        <speed>1.2487161</speed>
      </trkpt>
      <trkpt lat="29.3997119" lon="120.2302723">
        <ele>268.15</ele>
        <time>2026-07-03T05:02:01Z</time>
        <speed>1.3140858</speed>
      </trkpt>
      <trkpt lat="29.3998047" lon="120.2302374">
        <ele>270.5</ele>
        <time>2026-07-03T05:02:13Z</time>
        <speed>1.1910672</speed>
      </trkpt>
      <trkpt lat="29.3998411" lon="120.2302202">
        <ele>272.69</ele>
        <time>2026-07-03T05:02:23Z</time>
        <speed>0.0</speed>
      </trkpt>
      <trkpt lat="29.3999146" lon="120.2301815">
        <ele>273.73</ele>
        <time>2026-07-03T05:02:33Z</time>
        <speed>0.0</speed>
      </trkpt>
      <trkpt lat="29.4" lon="120.230206">
        <ele>274.06</ele>
        <time>2026-07-03T05:02:41Z</time>
        <speed>0.0</speed>
      </trkpt>
      <trkpt lat="29.4000831" lon="120.2302664">
        <ele>274.77</ele>
        <time>2026-07-03T05:02:59Z</time>
        <speed>0.0</speed>
      </trkpt>
      <trkpt lat="29.4001133" lon="120.2303933">
        <ele>274.57</ele>
        <time>2026-07-03T05:05:13Z</time>
        <speed>0.0</speed>
      </trkpt>
      <trkpt lat="29.4001683" lon="120.230485">
        <ele>270.84</ele>
        <time>2026-07-03T05:06:03Z</time>
        <speed>0.0</speed>
      </trkpt>
      <trkpt lat="29.4002572" lon="120.2305259">
        <ele>273.14</ele>
        <time>2026-07-03T05:06:23Z</time>
        <speed>0.68458056</speed>
      </trkpt>
      <trkpt lat="29.400352" lon="120.2305424">
        <ele>274.76</ele>
        <time>2026-07-03T05:06:47Z</time>
        <speed>0.61766666</speed>
      </trkpt>
      <trkpt lat="29.4004527" lon="120.2305597">
        <ele>278.3</ele>
        <time>2026-07-03T05:07:03Z</time>
        <speed>0.0</speed>
      </trkpt>
      <trkpt lat="29.4005698" lon="120.2305713">
        <ele>279.16</ele>
        <time>2026-07-03T05:07:14Z</time>
        <speed>0.7206111</speed>
      </trkpt>
      <trkpt lat="29.4006695" lon="120.2306045">
        <ele>277.97</ele>
        <time>2026-07-03T05:07:21Z</time>
        <speed>0.0</speed>
      </trkpt>
      <trkpt lat="29.4007027" lon="120.2306955">
        <ele>277.64</ele>
        <time>2026-07-03T05:07:29Z</time>
        <speed>0.0</speed>
      </trkpt>
      <trkpt lat="29.4007292" lon="120.2308057">
        <ele>278.66</ele>
        <time>2026-07-03T05:07:54Z</time>
        <speed>0.8112022</speed>
      </trkpt>
      <trkpt lat="29.4007709" lon="120.2309057">
        <ele>283.62</ele>
        <time>2026-07-03T05:08:11Z</time>
        <speed>0.68869835</speed>
      </trkpt>
      <trkpt lat="29.4008567" lon="120.230979">
        <ele>287.91</ele>
        <time>2026-07-03T05:08:19Z</time>
        <speed>1.1200355</speed>
      </trkpt>
      <trkpt lat="29.4009566" lon="120.2310253">
        <ele>290.49</ele>
        <time>2026-07-03T05:08:29Z</time>
        <speed>1.046945</speed>
      </trkpt>
      <trkpt lat="29.401047" lon="120.2310727">
        <ele>291.96</ele>
        <time>2026-07-03T05:08:43Z</time>
        <speed>0.6047986</speed>
      </trkpt>
      <trkpt lat="29.4011369" lon="120.2311261">
        <ele>293.22</ele>
        <time>2026-07-03T05:09:01Z</time>
        <speed>0.59862196</speed>
      </trkpt>
      <trkpt lat="29.4012148" lon="120.2311916">
        <ele>292.65</ele>
        <time>2026-07-03T05:09:07Z</time>
        <speed>0.0</speed>
      </trkpt>
      <trkpt lat="29.4013007" lon="120.2312266">
        <ele>291.73</ele>
        <time>2026-07-03T05:09:16Z</time>
        <speed>1.3243803</speed>
      </trkpt>
      <trkpt lat="29.4013925" lon="120.2312124">
        <ele>290.47</ele>
        <time>2026-07-03T05:09:23Z</time>
        <speed>1.1493747</speed>
      </trkpt>
      <trkpt lat="29.4014864" lon="120.2311752">
        <ele>289.28</ele>
        <time>2026-07-03T05:09:31Z</time>
        <speed>1.2095972</speed>
      </trkpt>
      <trkpt lat="29.401588" lon="120.2311883">
        <ele>289.24</ele>
        <time>2026-07-03T05:09:44Z</time>
        <speed>0.9779722</speed>
      </trkpt>
      <trkpt lat="29.401686" lon="120.2311864">
        <ele>289.83</ele>
        <time>2026-07-03T05:09:51Z</time>
        <speed>0.0</speed>
      </trkpt>
      <trkpt lat="29.4017531" lon="120.2312593">
        <ele>290.2</ele>
        <time>2026-07-03T05:10:01Z</time>
        <speed>1.139595</speed>
      </trkpt>
      <trkpt lat="29.4018403" lon="120.2312809">
        <ele>289.86</ele>
        <time>2026-07-03T05:10:14Z</time>
        <speed>0.6197256</speed>
      </trkpt>
      <trkpt lat="29.4019388" lon="120.2312723">
        <ele>289.88</ele>
        <time>2026-07-03T05:10:19Z</time>
        <speed>1.6743914</speed>
      </trkpt>
      <trkpt lat="29.4020338" lon="120.2312808">
        <ele>290.4</ele>
        <time>2026-07-03T05:10:31Z</time>
        <speed>0.9476036</speed>
      </trkpt>
      <trkpt lat="29.4021292" lon="120.2312739">
        <ele>294.23</ele>
        <time>2026-07-03T05:10:44Z</time>
        <speed>0.0</speed>
      </trkpt>
      <trkpt lat="29.4022208" lon="120.2312539">
        <ele>297.31</ele>
        <time>2026-07-03T05:10:54Z</time>
        <speed>0.81377584</speed>
      </trkpt>
      <trkpt lat="29.4023122" lon="120.2312902">
        <ele>298.86</ele>
        <time>2026-07-03T05:11:13Z</time>
        <speed>0.62178445</speed>
      </trkpt>
      <trkpt lat="29.4024036" lon="120.2313057">
        <ele>300.38</ele>
        <time>2026-07-03T05:11:23Z</time>
        <speed>0.0</speed>
      </trkpt>
      <trkpt lat="29.4025114" lon="120.2313537">
        <ele>302.02</ele>
        <time>2026-07-03T05:11:31Z</time>
        <speed>0.82973224</speed>
      </trkpt>
      <trkpt lat="29.4026214" lon="120.2313784">
        <ele>304.08</ele>
        <time>2026-07-03T05:11:41Z</time>
        <speed>0.9697367</speed>
      </trkpt>
      <trkpt lat="29.4027177" lon="120.2314115">
        <ele>307.53</ele>
        <time>2026-07-03T05:11:50Z</time>
        <speed>1.0057672</speed>
      </trkpt>
      <trkpt lat="29.4028196" lon="120.2314003">
        <ele>310.18</ele>
        <time>2026-07-03T05:12:00Z</time>
        <speed>1.2312156</speed>
      </trkpt>
      <trkpt lat="29.4029264" lon="120.2313827">
        <ele>312.69</ele>
        <time>2026-07-03T05:12:08Z</time>
        <speed>1.1869495</speed>
      </trkpt>
      <trkpt lat="29.4030464" lon="120.2313888">
        <ele>315.06</ele>
        <time>2026-07-03T05:12:17Z</time>
        <speed>1.0685633</speed>
      </trkpt>
      <trkpt lat="29.4031156" lon="120.2313776">
        <ele>317.91</ele>
        <time>2026-07-03T05:12:25Z</time>
        <speed>0.0</speed>
      </trkpt>
      <trkpt lat="29.4031805" lon="120.2314509">
        <ele>320.96</ele>
        <time>2026-07-03T05:12:33Z</time>
        <speed>0.0</speed>
      </trkpt>
      <trkpt lat="29.4032248" lon="120.2315521">
        <ele>324.29</ele>
        <time>2026-07-03T05:12:37Z</time>
        <speed>0.0</speed>
      </trkpt>
      <trkpt lat="29.4032957" lon="120.2315565">
        <ele>326.32</ele>
        <time>2026-07-03T05:12:49Z</time>
        <speed>0.46273527</speed>
      </trkpt>
      <trkpt lat="29.4033868" lon="120.2315506">
        <ele>326.48</ele>
        <time>2026-07-03T05:12:59Z</time>
        <speed>0.7592153</speed>
      </trkpt>
      <trkpt lat="29.4034888" lon="120.2315605">
        <ele>326.1</ele>
        <time>2026-07-03T05:13:21Z</time>
        <speed>0.0</speed>
      </trkpt>
      <trkpt lat="29.4035833" lon="120.2315146">
        <ele>326.79</ele>
        <time>2026-07-03T05:13:29Z</time>
        <speed>0.0</speed>
      </trkpt>
      <trkpt lat="29.4036763" lon="120.2314625">
        <ele>326.97</ele>
        <time>2026-07-03T05:13:39Z</time>
        <speed>1.0520922</speed>
      </trkpt>
      <trkpt lat="29.4037784" lon="120.2314401">
        <ele>328.06</ele>
        <time>2026-07-03T05:13:49Z</time>
        <speed>1.0644456</speed>
      </trkpt>
      <trkpt lat="29.4038075" lon="120.2314457">
        <ele>330.27</ele>
        <time>2026-07-03T05:13:57Z</time>
        <speed>0.0</speed>
      </trkpt>
      <trkpt lat="29.4038844" lon="120.2314222">
        <ele>332.99</ele>
        <time>2026-07-03T05:14:11Z</time>
        <speed>0.79884887</speed>
      </trkpt>
      <trkpt lat="29.4039751" lon="120.2314625">
        <ele>336.48</ele>
        <time>2026-07-03T05:14:29Z</time>
        <speed>0.0</speed>
      </trkpt>
      <trkpt lat="29.40407" lon="120.2315294">
        <ele>342.12</ele>
        <time>2026-07-03T05:15:26Z</time>
        <speed>1.1643016</speed>
      </trkpt>
      <trkpt lat="29.4041167" lon="120.2316416">
        <ele>343.32</ele>
        <time>2026-07-03T05:15:33Z</time>
        <speed>1.0047377</speed>
      </trkpt>
      <trkpt lat="29.4041248" lon="120.2316683">
        <ele>343.4</ele>
        <time>2026-07-03T05:15:38Z</time>
        <speed>0.0</speed>
      </trkpt>
      <trkpt lat="29.4041224" lon="120.2315795">
        <ele>343.66</ele>
        <time>2026-07-03T05:16:03Z</time>
        <speed>0.7154639</speed>
      </trkpt>
      <trkpt lat="29.4040805" lon="120.2316276">
        <ele>345.61</ele>
        <time>2026-07-03T05:16:31Z</time>
        <speed>0.0</speed>
      </trkpt>
      <trkpt lat="29.4041029" lon="120.231583">
        <ele>345.43</ele>
        <time>2026-07-03T05:16:39Z</time>
        <speed>0.7571564</speed>
      </trkpt>
      <trkpt lat="29.4041886" lon="120.2315837">
        <ele>345.38</ele>
        <time>2026-07-03T05:16:55Z</time>
        <speed>0.7432589</speed>
      </trkpt>
      <trkpt lat="29.4042893" lon="120.2315881">
        <ele>344.74</ele>
        <time>2026-07-03T05:17:07Z</time>
        <speed>0.0</speed>
      </trkpt>
      <trkpt lat="29.4043624" lon="120.2316655">
        <ele>344.29</ele>
        <time>2026-07-03T05:17:19Z</time>
        <speed>0.824585</speed>
      </trkpt>
      <trkpt lat="29.4043972" lon="120.2317717">
        <ele>344.17</ele>
        <time>2026-07-03T05:17:31Z</time>
        <speed>0.8199525</speed>
      </trkpt>
      <trkpt lat="29.4044441" lon="120.2318676">
        <ele>344.22</ele>
        <time>2026-07-03T05:17:49Z</time>
        <speed>0.64855</speed>
      </trkpt>
      <trkpt lat="29.4044875" lon="120.2319673">
        <ele>344.6</ele>
        <time>2026-07-03T05:18:27Z</time>
        <speed>0.66090333</speed>
      </trkpt>
      <trkpt lat="29.404565" lon="120.2320255">
        <ele>347.35</ele>
        <time>2026-07-03T05:19:15Z</time>
        <speed>0.0</speed>
      </trkpt>
      <trkpt lat="29.4046141" lon="120.2321164">
        <ele>350.3</ele>
        <time>2026-07-03T05:19:23Z</time>
        <speed>0.8333353</speed>
      </trkpt>
      <trkpt lat="29.4045948" lon="120.232216">
        <ele>351.8</ele>
        <time>2026-07-03T05:19:37Z</time>
        <speed>0.39942443</speed>
      </trkpt>
      <trkpt lat="29.4046426" lon="120.2322954">
        <ele>354.43</ele>
        <time>2026-07-03T05:19:51Z</time>
        <speed>0.83796775</speed>
      </trkpt>
      <trkpt lat="29.4046164" lon="120.2322374">
        <ele>355.75</ele>
        <time>2026-07-03T05:19:58Z</time>
        <speed>1.2039353</speed>
      </trkpt>
      <trkpt lat="29.4045954" lon="120.2322013">
        <ele>356.8</ele>
        <time>2026-07-03T05:19:59Z</time>
        <speed>0.0</speed>
      </trkpt>
      <trkpt lat="29.404656" lon="120.2322235">
        <ele>357.49</ele>
        <time>2026-07-03T05:20:11Z</time>
        <speed>0.54303193</speed>
      </trkpt>
      <trkpt lat="29.40461" lon="120.2322338">
        <ele>356.76</ele>
        <time>2026-07-03T05:20:45Z</time>
        <speed>0.0</speed>
      </trkpt>
      <trkpt lat="29.4046983" lon="120.23224">
        <ele>353.85</ele>
        <time>2026-07-03T05:22:03Z</time>
        <speed>0.5461203</speed>
      </trkpt>
      <trkpt lat="29.4047867" lon="120.2322183">
        <ele>355.68</ele>
        <time>2026-07-03T05:22:15Z</time>
        <speed>0.8276733</speed>
      </trkpt>
      <trkpt lat="29.4048694" lon="120.2322517">
        <ele>358.23</ele>
        <time>2026-07-03T05:22:29Z</time>
        <speed>0.85392416</speed>
      </trkpt>
      <trkpt lat="29.4048932" lon="120.2323411">
        <ele>360.37</ele>
        <time>2026-07-03T05:22:51Z</time>
        <speed>0.0</speed>
      </trkpt>
      <trkpt lat="29.4049424" lon="120.2323153">
        <ele>363.86</ele>
        <time>2026-07-03T05:23:03Z</time>
        <speed>0.0</speed>
      </trkpt>
      <trkpt lat="29.40485" lon="120.2322583">
        <ele>366.2</ele>
        <time>2026-07-03T05:24:05Z</time>
        <speed>0.4313372</speed>
      </trkpt>
      <trkpt lat="29.4049333" lon="120.2323233">
        <ele>368.09</ele>
        <time>2026-07-03T05:24:15Z</time>
        <speed>0.0</speed>
      </trkpt>
      <trkpt lat="29.4050096" lon="120.2323926">
        <ele>368.31</ele>
        <time>2026-07-03T05:24:25Z</time>
        <speed>0.4215575</speed>
      </trkpt>
      <trkpt lat="29.4049" lon="120.2323667">
        <ele>367.96</ele>
        <time>2026-07-03T05:29:31Z</time>
        <speed>0.80039304</speed>
      </trkpt>
      <trkpt lat="29.4049067" lon="120.23226">
        <ele>367.85</ele>
        <time>2026-07-03T05:29:41Z</time>
        <speed>1.0212089</speed>
      </trkpt>
      <trkpt lat="29.4049909" lon="120.232269">
        <ele>367.96</ele>
        <time>2026-07-03T05:29:49Z</time>
        <speed>1.0186353</speed>
      </trkpt>
      <trkpt lat="29.405022" lon="120.2322637">
        <ele>368.45</ele>
        <time>2026-07-03T05:29:59Z</time>
        <speed>0.0</speed>
      </trkpt>
      <trkpt lat="29.4049515" lon="120.2322608">
        <ele>369.89</ele>
        <time>2026-07-03T05:30:15Z</time>
        <speed>0.6279611</speed>
      </trkpt>
      <trkpt lat="29.4048639" lon="120.2322189">
        <ele>372.52</ele>
        <time>2026-07-03T05:30:25Z</time>
        <speed>0.0</speed>
      </trkpt>
      <trkpt lat="29.4048468" lon="120.2323017">
        <ele>374.58</ele>
        <time>2026-07-03T05:30:31Z</time>
        <speed>0.78855443</speed>
      </trkpt>
      <trkpt lat="29.4049049" lon="120.2323966">
        <ele>375.53</ele>
        <time>2026-07-03T05:30:39Z</time>
        <speed>1.0695928</speed>
      </trkpt>
      <trkpt lat="29.4049337" lon="120.2324397">
        <ele>375.95</ele>
        <time>2026-07-03T05:30:41Z</time>
        <speed>0.0</speed>
      </trkpt>
      <trkpt lat="29.4049093" lon="120.2325302">
        <ele>376.23</ele>
        <time>2026-07-03T05:31:01Z</time>
        <speed>0.0</speed>
      </trkpt>
      <trkpt lat="29.4048306" lon="120.2325949">
        <ele>377.42</ele>
        <time>2026-07-03T05:31:05Z</time>
        <speed>1.2816583</speed>
      </trkpt>
      <trkpt lat="29.4048333" lon="120.232683">
        <ele>378.06</ele>
        <time>2026-07-03T05:31:17Z</time>
        <speed>0.6639917</speed>
      </trkpt>
      <trkpt lat="29.4048988" lon="120.2327437">
        <ele>376.27</ele>
        <time>2026-07-03T05:31:49Z</time>
        <speed>0.515237</speed>
      </trkpt>
      <trkpt lat="29.4049925" lon="120.2327319">
        <ele>378.56</ele>
        <time>2026-07-03T05:32:03Z</time>
        <speed>1.0587837</speed>
      </trkpt>
      <trkpt lat="29.4050895" lon="120.2327533">
        <ele>382.75</ele>
        <time>2026-07-03T05:32:21Z</time>
        <speed>0.9645894</speed>
      </trkpt>
      <trkpt lat="29.4051723" lon="120.2328113">
        <ele>388.32</ele>
        <time>2026-07-03T05:32:41Z</time>
        <speed>0.9965022</speed>
      </trkpt>
      <trkpt lat="29.4052627" lon="120.2328306">
        <ele>392.44</ele>
        <time>2026-07-03T05:33:17Z</time>
        <speed>0.21927166</speed>
      </trkpt>
      <trkpt lat="29.4053317" lon="120.232893">
        <ele>391.48</ele>
        <time>2026-07-03T05:34:11Z</time>
        <speed>0.0</speed>
      </trkpt>
      <trkpt lat="29.4054072" lon="120.2329685">
        <ele>392.3</ele>
        <time>2026-07-03T05:34:27Z</time>
        <speed>0.0</speed>
      </trkpt>
      <trkpt lat="29.4054621" lon="120.2330671">
        <ele>394.75</ele>
        <time>2026-07-03T05:34:41Z</time>
        <speed>0.709802</speed>
      </trkpt>
      <trkpt lat="29.4055133" lon="120.2331688">
        <ele>398.26</ele>
        <time>2026-07-03T05:34:53Z</time>
        <speed>0.70259583</speed>
      </trkpt>
      <trkpt lat="29.405595" lon="120.2332317">
        <ele>401.46</ele>
        <time>2026-07-03T05:36:39Z</time>
        <speed>1.4685025</speed>
      </trkpt>
      <trkpt lat="29.4055083" lon="120.2332">
        <ele>403.89</ele>
        <time>2026-07-03T05:36:47Z</time>
        <speed>1.065475</speed>
      </trkpt>
      <trkpt lat="29.4055077" lon="120.2331796">
        <ele>405.05</ele>
        <time>2026-07-03T05:37:13Z</time>
        <speed>0.0</speed>
      </trkpt>
      <trkpt lat="29.4054811" lon="120.2332487">
        <ele>407.35</ele>
        <time>2026-07-03T05:37:17Z</time>
        <speed>1.1540072</speed>
      </trkpt>
      <trkpt lat="29.4055133" lon="120.2333471">
        <ele>408.92</ele>
        <time>2026-07-03T05:37:29Z</time>
        <speed>1.8236609</speed>
      </trkpt>
      <trkpt lat="29.4055889" lon="120.2334182">
        <ele>410.25</ele>
        <time>2026-07-03T05:37:59Z</time>
        <speed>0.54251724</speed>
      </trkpt>
      <trkpt lat="29.4056957" lon="120.2334302">
        <ele>411.13</ele>
        <time>2026-07-03T05:38:31Z</time>
        <speed>0.3865564</speed>
      </trkpt>
      <trkpt lat="29.4057709" lon="120.2334911">
        <ele>415.16</ele>
        <time>2026-07-03T05:38:59Z</time>
        <speed>0.861645</speed>
      </trkpt>
      <trkpt lat="29.4057003" lon="120.2335313">
        <ele>420.25</ele>
        <time>2026-07-03T05:39:13Z</time>
        <speed>0.0</speed>
      </trkpt>
      <trkpt lat="29.4055998" lon="120.2335553">
        <ele>424.7</ele>
        <time>2026-07-03T05:39:41Z</time>
        <speed>0.0</speed>
      </trkpt>
      <trkpt lat="29.405525" lon="120.2336239">
        <ele>430.42</ele>
        <time>2026-07-03T05:39:47Z</time>
        <speed>0.7458325</speed>
      </trkpt>
      <trkpt lat="29.4055129" lon="120.2337351">
        <ele>433.21</ele>
        <time>2026-07-03T05:40:03Z</time>
        <speed>0.66347694</speed>
      </trkpt>
      <trkpt lat="29.4055278" lon="120.2338737">
        <ele>434.97</ele>
        <time>2026-07-03T05:40:13Z</time>
        <speed>0.6171519</speed>
      </trkpt>
      <trkpt lat="29.4055426" lon="120.2339977">
        <ele>436.66</ele>
        <time>2026-07-03T05:40:21Z</time>
        <speed>0.713405</speed>
      </trkpt>
      <trkpt lat="29.405557" lon="120.2341345">
        <ele>437.67</ele>
        <time>2026-07-03T05:40:33Z</time>
        <speed>0.84877694</speed>
      </trkpt>
      <trkpt lat="29.4055572" lon="120.2342574">
        <ele>438.03</ele>
        <time>2026-07-03T05:40:43Z</time>
        <speed>0.6711978</speed>
      </trkpt>
      <trkpt lat="29.4055477" lon="120.2343691">
        <ele>438.14</ele>
        <time>2026-07-03T05:40:53Z</time>
        <speed>0.66708</speed>
      </trkpt>
      <trkpt lat="29.4055413" lon="120.2344731">
        <ele>438.34</ele>
        <time>2026-07-03T05:41:03Z</time>
        <speed>0.0</speed>
      </trkpt>
      <trkpt lat="29.4055004" lon="120.2346062">
        <ele>438.19</ele>
        <time>2026-07-03T05:41:09Z</time>
        <speed>0.99701697</speed>
      </trkpt>
      <trkpt lat="29.405501" lon="120.2347282">
        <ele>438.76</ele>
        <time>2026-07-03T05:41:15Z</time>
        <speed>1.5431372</speed>
      </trkpt>
      <trkpt lat="29.4055426" lon="120.2348438">
        <ele>439.68</ele>
        <time>2026-07-03T05:41:23Z</time>
        <speed>1.0093703</speed>
      </trkpt>
      <trkpt lat="29.4055904" lon="120.2349481">
        <ele>441.84</ele>
        <time>2026-07-03T05:41:32Z</time>
        <speed>0.47097084</speed>
      </trkpt>
      <trkpt lat="29.4056563" lon="120.23503">
        <ele>443.97</ele>
        <time>2026-07-03T05:41:41Z</time>
        <speed>0.37368834</speed>
      </trkpt>
      <trkpt lat="29.4057233" lon="120.235127">
        <ele>446.35</ele>
        <time>2026-07-03T05:41:49Z</time>
        <speed>0.6897278</speed>
      </trkpt>
      <trkpt lat="29.4057786" lon="120.2352424">
        <ele>448.22</ele>
        <time>2026-07-03T05:42:01Z</time>
        <speed>0.5208989</speed>
      </trkpt>
      <trkpt lat="29.4058624" lon="120.2353345">
        <ele>449.55</ele>
        <time>2026-07-03T05:42:09Z</time>
        <speed>0.88377804</speed>
      </trkpt>
      <trkpt lat="29.4059529" lon="120.2353997">
        <ele>449.53</ele>
        <time>2026-07-03T05:42:19Z</time>
        <speed>0.8287028</speed>
      </trkpt>
      <trkpt lat="29.4060167" lon="120.2355045">
        <ele>448.87</ele>
        <time>2026-07-03T05:42:25Z</time>
        <speed>1.2162886</speed>
      </trkpt>
      <trkpt lat="29.4060871" lon="120.235587">
        <ele>448.5</ele>
        <time>2026-07-03T05:42:35Z</time>
        <speed>1.0160617</speed>
      </trkpt>
      <trkpt lat="29.4061721" lon="120.2356225">
        <ele>449.31</ele>
        <time>2026-07-03T05:42:47Z</time>
        <speed>0.68766886</speed>
      </trkpt>
      <trkpt lat="29.4062537" lon="120.235664">
        <ele>452.36</ele>
        <time>2026-07-03T05:42:55Z</time>
        <speed>0.97179556</speed>
      </trkpt>
      <trkpt lat="29.4062744" lon="120.2357518">
        <ele>455.3</ele>
        <time>2026-07-03T05:43:37Z</time>
        <speed>0.39993918</speed>
      </trkpt>
      <trkpt lat="29.4062765" lon="120.2358604">
        <ele>462.23</ele>
        <time>2026-07-03T05:43:43Z</time>
        <speed>0.6995075</speed>
      </trkpt>
      <trkpt lat="29.4062537" lon="120.2359733">
        <ele>466.52</ele>
        <time>2026-07-03T05:43:59Z</time>
        <speed>0.5605325</speed>
      </trkpt>
      <trkpt lat="29.4063367" lon="120.2359383">
        <ele>470.08</ele>
        <time>2026-07-03T05:46:13Z</time>
        <speed>0.80554026</speed>
      </trkpt>
      <trkpt lat="29.406315" lon="120.2358167">
        <ele>469.57</ele>
        <time>2026-07-03T05:46:25Z</time>
        <speed>0.83539414</speed>
      </trkpt>
      <trkpt lat="29.4062722" lon="120.2357049">
        <ele>468.12</ele>
        <time>2026-07-03T05:47:23Z</time>
        <speed>0.8101728</speed>
      </trkpt>
      <trkpt lat="29.4062681" lon="120.2355987">
        <ele>470.35</ele>
        <time>2026-07-03T05:47:33Z</time>
        <speed>1.124668</speed>
      </trkpt>
      <trkpt lat="29.4063286" lon="120.2355269">
        <ele>472.78</ele>
        <time>2026-07-03T05:47:51Z</time>
        <speed>0.8817192</speed>
      </trkpt>
      <trkpt lat="29.4064041" lon="120.2354622">
        <ele>476.44</ele>
        <time>2026-07-03T05:48:09Z</time>
        <speed>0.49207443</speed>
      </trkpt>
      <trkpt lat="29.406511" lon="120.2354206">
        <ele>480.43</ele>
        <time>2026-07-03T05:48:17Z</time>
        <speed>0.72627306</speed>
      </trkpt>
      <trkpt lat="29.4066012" lon="120.2353559">
        <ele>483.25</ele>
        <time>2026-07-03T05:48:25Z</time>
        <speed>1.1591544</speed>
      </trkpt>
      <trkpt lat="29.4066293" lon="120.235317">
        <ele>485.98</ele>
        <time>2026-07-03T05:48:27Z</time>
        <speed>0.0</speed>
      </trkpt>
      <trkpt lat="29.4066927" lon="120.2352488">
        <ele>487.93</ele>
        <time>2026-07-03T05:48:39Z</time>
        <speed>0.0</speed>
      </trkpt>
      <trkpt lat="29.4067456" lon="120.2351635">
        <ele>492.04</ele>
        <time>2026-07-03T05:48:53Z</time>
        <speed>0.0</speed>
      </trkpt>
      <trkpt lat="29.4068168" lon="120.2351844">
        <ele>497.06</ele>
        <time>2026-07-03T05:49:03Z</time>
        <speed>0.7087725</speed>
      </trkpt>
      <trkpt lat="29.4068988" lon="120.235154">
        <ele>501.85</ele>
        <time>2026-07-03T05:49:19Z</time>
        <speed>0.0</speed>
      </trkpt>
      <trkpt lat="29.4069865" lon="120.2351149">
        <ele>506.22</ele>
        <time>2026-07-03T05:49:33Z</time>
        <speed>0.0</speed>
      </trkpt>
      <trkpt lat="29.4070527" lon="120.2350427">
        <ele>509.18</ele>
        <time>2026-07-03T05:49:53Z</time>
        <speed>0.0</speed>
      </trkpt>
      <trkpt lat="29.4071365" lon="120.2350002">
        <ele>512.03</ele>
        <time>2026-07-03T05:50:05Z</time>
        <speed>0.0</speed>
      </trkpt>
      <trkpt lat="29.4071849" lon="120.2349194">
        <ele>511.71</ele>
        <time>2026-07-03T05:50:19Z</time>
        <speed>0.0</speed>
      </trkpt>
      <trkpt lat="29.4072723" lon="120.2348816">
        <ele>511.58</ele>
        <time>2026-07-03T05:50:35Z</time>
        <speed>0.0</speed>
      </trkpt>
      <trkpt lat="29.4073694" lon="120.2348952">
        <ele>513.27</ele>
        <time>2026-07-03T05:50:53Z</time>
        <speed>0.0</speed>
      </trkpt>
      <trkpt lat="29.4074587" lon="120.2348761">
        <ele>516.25</ele>
        <time>2026-07-03T05:51:01Z</time>
        <speed>0.60840166</speed>
      </trkpt>
      <trkpt lat="29.4075214" lon="120.2348002">
        <ele>518.21</ele>
        <time>2026-07-03T05:51:13Z</time>
        <speed>0.7242142</speed>
      </trkpt>
      <trkpt lat="29.4075893" lon="120.2347297">
        <ele>520.61</ele>
        <time>2026-07-03T05:51:25Z</time>
        <speed>0.6748008</speed>
      </trkpt>
      <trkpt lat="29.4076678" lon="120.234673">
        <ele>524.05</ele>
        <time>2026-07-03T05:51:35Z</time>
        <speed>0.0</speed>
      </trkpt>
      <trkpt lat="29.4077558" lon="120.2346766">
        <ele>526.87</ele>
        <time>2026-07-03T05:51:47Z</time>
        <speed>0.0</speed>
      </trkpt>
      <trkpt lat="29.4078617" lon="120.23466">
        <ele>529.46</ele>
        <time>2026-07-03T05:52:51Z</time>
        <speed>0.0</speed>
      </trkpt>
      <trkpt lat="29.407955" lon="120.234675">
        <ele>533.91</ele>
        <time>2026-07-03T05:53:03Z</time>
        <speed>0.0</speed>
      </trkpt>
      <trkpt lat="29.4080512" lon="120.2346731">
        <ele>536.87</ele>
        <time>2026-07-03T05:53:39Z</time>
        <speed>0.0</speed>
      </trkpt>
      <trkpt lat="29.4081388" lon="120.2346257">
        <ele>542.91</ele>
        <time>2026-07-03T05:53:51Z</time>
        <speed>0.8194378</speed>
      </trkpt>
      <trkpt lat="29.4081824" lon="120.2345327">
        <ele>547.03</ele>
        <time>2026-07-03T05:54:05Z</time>
        <speed>0.76539195</speed>
      </trkpt>
      <trkpt lat="29.4081879" lon="120.2344186">
        <ele>551.66</ele>
        <time>2026-07-03T05:54:25Z</time>
        <speed>0.0</speed>
      </trkpt>
      <trkpt lat="29.4081618" lon="120.2342942">
        <ele>557.36</ele>
        <time>2026-07-03T05:54:45Z</time>
        <speed>0.5404583</speed>
      </trkpt>
      <trkpt lat="29.4082139" lon="120.2342232">
        <ele>560.52</ele>
        <time>2026-07-03T05:55:05Z</time>
        <speed>0.0</speed>
      </trkpt>
      <trkpt lat="29.4083121" lon="120.2341978">
        <ele>561.46</ele>
        <time>2026-07-03T05:55:23Z</time>
        <speed>0.5636208</speed>
      </trkpt>
      <trkpt lat="29.4084135" lon="120.2341674">
        <ele>561.9</ele>
        <time>2026-07-03T05:55:39Z</time>
        <speed>0.0</speed>
      </trkpt>
      <trkpt lat="29.4085197" lon="120.2341506">
        <ele>562.42</ele>
        <time>2026-07-03T05:56:25Z</time>
        <speed>0.0</speed>
      </trkpt>
      <trkpt lat="29.4086105" lon="120.2341097">
        <ele>565.34</ele>
        <time>2026-07-03T05:56:49Z</time>
        <speed>0.37626195</speed>
      </trkpt>
      <trkpt lat="29.4086993" lon="120.2341185">
        <ele>569.32</ele>
        <time>2026-07-03T05:57:05Z</time>
        <speed>0.5322228</speed>
      </trkpt>
      <trkpt lat="29.4087924" lon="120.2341221">
        <ele>574.0</ele>
        <time>2026-07-03T05:57:31Z</time>
        <speed>0.44317582</speed>
      </trkpt>
      <trkpt lat="29.4088885" lon="120.2341115">
        <ele>579.89</ele>
        <time>2026-07-03T05:58:03Z</time>
        <speed>0.0</speed>
      </trkpt>
      <trkpt lat="29.4089831" lon="120.2341095">
        <ele>584.97</ele>
        <time>2026-07-03T05:58:19Z</time>
        <speed>0.7252436</speed>
      </trkpt>
      <trkpt lat="29.4090693" lon="120.2341399">
        <ele>588.3</ele>
        <time>2026-07-03T05:58:45Z</time>
        <speed>0.7381117</speed>
      </trkpt>
      <trkpt lat="29.4091436" lon="120.234089">
        <ele>589.63</ele>
        <time>2026-07-03T05:59:03Z</time>
        <speed>0.35207</speed>
      </trkpt>
      <trkpt lat="29.4092279" lon="120.2340565">
        <ele>592.84</ele>
        <time>2026-07-03T05:59:21Z</time>
        <speed>0.0</speed>
      </trkpt>
      <trkpt lat="29.4092891" lon="120.2339791">
        <ele>596.65</ele>
        <time>2026-07-03T05:59:52Z</time>
        <speed>0.8570125</speed>
      </trkpt>
      <trkpt lat="29.4093455" lon="120.2338924">
        <ele>602.78</ele>
        <time>2026-07-03T06:00:01Z</time>
        <speed>0.9517214</speed>
      </trkpt>
      <trkpt lat="29.4094277" lon="120.2338364">
        <ele>607.82</ele>
        <time>2026-07-03T06:00:11Z</time>
        <speed>1.1699636</speed>
      </trkpt>
      <trkpt lat="29.4095065" lon="120.2337711">
        <ele>612.2</ele>
        <time>2026-07-03T06:00:21Z</time>
        <speed>1.37122</speed>
      </trkpt>
      <trkpt lat="29.4095931" lon="120.2337345">
        <ele>616.85</ele>
        <time>2026-07-03T06:00:35Z</time>
        <speed>0.95275086</speed>
      </trkpt>
      <trkpt lat="29.4096885" lon="120.2337297">
        <ele>622.38</ele>
        <time>2026-07-03T06:00:51Z</time>
        <speed>0.8091433</speed>
      </trkpt>
      <trkpt lat="29.409739" lon="120.2336413">
        <ele>625.7</ele>
        <time>2026-07-03T06:01:07Z</time>
        <speed>0.0</speed>
      </trkpt>
      <trkpt lat="29.4097772" lon="120.2335422">
        <ele>629.01</ele>
        <time>2026-07-03T06:01:21Z</time>
        <speed>0.0</speed>
      </trkpt>
      <trkpt lat="29.4097555" lon="120.2334376">
        <ele>631.54</ele>
        <time>2026-07-03T06:01:41Z</time>
        <speed>0.2733175</speed>
      </trkpt>
      <trkpt lat="29.4097411" lon="120.2333269">
        <ele>636.82</ele>
        <time>2026-07-03T06:02:17Z</time>
        <speed>0.49053028</speed>
      </trkpt>
      <trkpt lat="29.4097737" lon="120.2332306">
        <ele>643.13</ele>
        <time>2026-07-03T06:02:45Z</time>
        <speed>0.85392416</speed>
      </trkpt>
      <trkpt lat="29.4097526" lon="120.2331294">
        <ele>643.89</ele>
        <time>2026-07-03T06:03:01Z</time>
        <speed>0.7113461</speed>
      </trkpt>
      <trkpt lat="29.4097793" lon="120.2330325">
        <ele>642.65</ele>
        <time>2026-07-03T06:03:15Z</time>
        <speed>0.63362306</speed>
      </trkpt>
      <trkpt lat="29.4097841" lon="120.2329072">
        <ele>641.64</ele>
        <time>2026-07-03T06:03:31Z</time>
        <speed>0.38552696</speed>
      </trkpt>
      <trkpt lat="29.4098082" lon="120.2327953">
        <ele>642.4</ele>
        <time>2026-07-03T06:03:47Z</time>
        <speed>0.73605275</speed>
      </trkpt>
      <trkpt lat="29.4098799" lon="120.232716">
        <ele>643.86</ele>
        <time>2026-07-03T06:03:55Z</time>
        <speed>1.5235778</speed>
      </trkpt>
      <trkpt lat="29.4099042" lon="120.2327038">
        <ele>645.81</ele>
        <time>2026-07-03T06:04:11Z</time>
        <speed>0.0</speed>
      </trkpt>
      <trkpt lat="29.4098731" lon="120.232792">
        <ele>648.43</ele>
        <time>2026-07-03T06:04:53Z</time>
        <speed>0.8827486</speed>
      </trkpt>
      <trkpt lat="29.4099267" lon="120.2328622">
        <ele>649.71</ele>
        <time>2026-07-03T06:05:29Z</time>
        <speed>0.0</speed>
      </trkpt>
      <trkpt lat="29.410021" lon="120.232894">
        <ele>649.66</ele>
        <time>2026-07-03T06:05:35Z</time>
        <speed>0.0</speed>
      </trkpt>
      <trkpt lat="29.4099933" lon="120.2327917">
        <ele>649.51</ele>
        <time>2026-07-03T06:06:43Z</time>
        <speed>0.44420528</speed>
      </trkpt>
      <trkpt lat="29.4098717" lon="120.23283">
        <ele>653.07</ele>
        <time>2026-07-03T06:06:57Z</time>
        <speed>0.0</speed>
      </trkpt>
      <trkpt lat="29.4097458" lon="120.2328429">
        <ele>654.98</ele>
        <time>2026-07-03T06:07:05Z</time>
        <speed>0.0</speed>
      </trkpt>
      <trkpt lat="29.4093065" lon="120.2330264">
        <ele>655.93</ele>
        <time>2026-07-03T06:07:27Z</time>
        <speed>0.0</speed>
      </trkpt>
      <trkpt lat="29.4097588" lon="120.2326484">
        <ele>656.18</ele>
        <time>2026-07-03T06:07:35Z</time>
        <speed>0.0</speed>
      </trkpt>
      <trkpt lat="29.4099408" lon="120.2326366">
        <ele>654.98</ele>
        <time>2026-07-03T06:07:39Z</time>
        <speed>0.92804414</speed>
      </trkpt>
      <trkpt lat="29.4100187" lon="120.2327518">
        <ele>655.12</ele>
        <time>2026-07-03T06:07:43Z</time>
        <speed>0.95069194</speed>
      </trkpt>
      <trkpt lat="29.4100533" lon="120.232886">
        <ele>656.27</ele>
        <time>2026-07-03T06:07:49Z</time>
        <speed>0.9321619</speed>
      </trkpt>
      <trkpt lat="29.4099741" lon="120.2329181">
        <ele>656.89</ele>
        <time>2026-07-03T06:08:03Z</time>
        <speed>0.79884887</speed>
      </trkpt>
      <trkpt lat="29.4099171" lon="120.2328413">
        <ele>656.68</ele>
        <time>2026-07-03T06:08:25Z</time>
        <speed>1.0793725</speed>
      </trkpt>
      <trkpt lat="29.409865" lon="120.2327933">
        <ele>653.46</ele>
        <time>2026-07-03T06:08:34Z</time>
        <speed>0.0</speed>
      </trkpt>
      <trkpt lat="29.4098666" lon="120.2328568">
        <ele>651.89</ele>
        <time>2026-07-03T06:09:14Z</time>
        <speed>1.1190062</speed>
      </trkpt>
      <trkpt lat="29.4098642" lon="120.2329733">
        <ele>650.39</ele>
        <time>2026-07-03T06:09:22Z</time>
        <speed>1.2698197</speed>
      </trkpt>
      <trkpt lat="29.4098657" lon="120.2330929">
        <ele>649.02</ele>
        <time>2026-07-03T06:09:30Z</time>
        <speed>1.2862909</speed>
      </trkpt>
      <trkpt lat="29.4098851" lon="120.2332282">
        <ele>647.93</ele>
        <time>2026-07-03T06:09:44Z</time>
        <speed>0.72267</speed>
      </trkpt>
      <trkpt lat="29.4098239" lon="120.2332972">
        <ele>646.33</ele>
        <time>2026-07-03T06:10:21Z</time>
        <speed>0.6897278</speed>
      </trkpt>
      <trkpt lat="29.4097859" lon="120.2332281">
        <ele>646.01</ele>
        <time>2026-07-03T06:10:33Z</time>
        <speed>1.1854053</speed>
      </trkpt>
      <trkpt lat="29.409795" lon="120.233107">
        <ele>645.32</ele>
        <time>2026-07-03T06:10:41Z</time>
        <speed>1.3264391</speed>
      </trkpt>
      <trkpt lat="29.4097882" lon="120.2330659">
        <ele>644.92</ele>
        <time>2026-07-03T06:11:10Z</time>
        <speed>0.0</speed>
      </trkpt>
      <trkpt lat="29.4098117" lon="120.2329583">
        <ele>645.47</ele>
        <time>2026-07-03T06:12:24Z</time>
        <speed>0.87451303</speed>
      </trkpt>
      <trkpt lat="29.4097967" lon="120.2330633">
        <ele>646.17</ele>
        <time>2026-07-03T06:12:54Z</time>
        <speed>0.8734836</speed>
      </trkpt>
      <trkpt lat="29.4097746" lon="120.2331712">
        <ele>646.44</ele>
        <time>2026-07-03T06:13:10Z</time>
        <speed>0.9265</speed>
      </trkpt>
      <trkpt lat="29.4097835" lon="120.2332756">
        <ele>645.09</ele>
        <time>2026-07-03T06:13:26Z</time>
        <speed>0.6784039</speed>
      </trkpt>
      <trkpt lat="29.4097656" lon="120.2333815">
        <ele>643.12</ele>
        <time>2026-07-03T06:13:38Z</time>
        <speed>0.58935696</speed>
      </trkpt>
      <trkpt lat="29.4097148" lon="120.2334706">
        <ele>640.87</ele>
        <time>2026-07-03T06:13:56Z</time>
        <speed>0.4333961</speed>
      </trkpt>
      <trkpt lat="29.4096449" lon="120.2334182">
        <ele>639.25</ele>
        <time>2026-07-03T06:14:07Z</time>
        <speed>1.2914381</speed>
      </trkpt>
      <trkpt lat="29.409559" lon="120.2333475">
        <ele>637.81</ele>
        <time>2026-07-03T06:14:24Z</time>
        <speed>0.6120047</speed>
      </trkpt>
      <trkpt lat="29.4095095" lon="120.2332383">
        <ele>635.09</ele>
        <time>2026-07-03T06:14:37Z</time>
        <speed>0.7633331</speed>
      </trkpt>
      <trkpt lat="29.4094378" lon="120.2331643">
        <ele>631.61</ele>
        <time>2026-07-03T06:14:50Z</time>
        <speed>0.8570125</speed>
      </trkpt>
      <trkpt lat="29.4093382" lon="120.2331093">
        <ele>627.69</ele>
        <time>2026-07-03T06:15:04Z</time>
        <speed>0.86473334</speed>
      </trkpt>
      <trkpt lat="29.4092355" lon="120.2330607">
        <ele>622.49</ele>
        <time>2026-07-03T06:15:14Z</time>
        <speed>1.0912111</speed>
      </trkpt>
      <trkpt lat="29.4091373" lon="120.2330376">
        <ele>617.29</ele>
        <time>2026-07-03T06:15:22Z</time>
        <speed>1.1293006</speed>
      </trkpt>
      <trkpt lat="29.4090457" lon="120.2329806">
        <ele>612.91</ele>
        <time>2026-07-03T06:15:32Z</time>
        <speed>1.2420248</speed>
      </trkpt>
      <trkpt lat="29.4089594" lon="120.2329193">
        <ele>609.68</ele>
        <time>2026-07-03T06:15:42Z</time>
        <speed>0.8158347</speed>
      </trkpt>
      <trkpt lat="29.4088724" lon="120.2328713">
        <ele>606.16</ele>
        <time>2026-07-03T06:15:52Z</time>
        <speed>0.86318916</speed>
      </trkpt>
      <trkpt lat="29.408786" lon="120.2327937">
        <ele>602.91</ele>
        <time>2026-07-03T06:16:00Z</time>
        <speed>1.3722495</speed>
      </trkpt>
      <trkpt lat="29.4086946" lon="120.2327212">
        <ele>600.71</ele>
        <time>2026-07-03T06:16:09Z</time>
        <speed>1.413942</speed>
      </trkpt>
      <trkpt lat="29.4086138" lon="120.2326521">
        <ele>599.33</ele>
        <time>2026-07-03T06:16:15Z</time>
        <speed>1.4710761</speed>
      </trkpt>
      <trkpt lat="29.4085422" lon="120.2325772">
        <ele>598.28</ele>
        <time>2026-07-03T06:16:23Z</time>
        <speed>1.413942</speed>
      </trkpt>
      <trkpt lat="29.4085472" lon="120.2324839">
        <ele>598.46</ele>
        <time>2026-07-03T06:16:36Z</time>
        <speed>0.86576277</speed>
      </trkpt>
      <trkpt lat="29.4085495" lon="120.232368">
        <ele>597.58</ele>
        <time>2026-07-03T06:16:44Z</time>
        <speed>0.98003113</speed>
      </trkpt>
      <trkpt lat="29.408565" lon="120.2322488">
        <ele>595.44</ele>
        <time>2026-07-03T06:16:54Z</time>
        <speed>1.3681316</speed>
      </trkpt>
      <trkpt lat="29.4085642" lon="120.2321277">
        <ele>593.23</ele>
        <time>2026-07-03T06:17:06Z</time>
        <speed>1.2945263</speed>
      </trkpt>
      <trkpt lat="29.4085755" lon="120.2320184">
        <ele>591.02</ele>
        <time>2026-07-03T06:17:16Z</time>
        <speed>1.1972439</speed>
      </trkpt>
      <trkpt lat="29.4086213" lon="120.2319217">
        <ele>587.83</ele>
        <time>2026-07-03T06:17:32Z</time>
        <speed>0.8621597</speed>
      </trkpt>
      <trkpt lat="29.4086851" lon="120.231828">
        <ele>584.16</ele>
        <time>2026-07-03T06:17:44Z</time>
        <speed>1.3408514</speed>
      </trkpt>
      <trkpt lat="29.4087482" lon="120.2317409">
        <ele>580.43</ele>
        <time>2026-07-03T06:18:06Z</time>
        <speed>0.7741422</speed>
      </trkpt>
      <trkpt lat="29.40877" lon="120.2316393">
        <ele>575.52</ele>
        <time>2026-07-03T06:18:18Z</time>
        <speed>1.0438566</speed>
      </trkpt>
      <trkpt lat="29.408807" lon="120.231538">
        <ele>570.52</ele>
        <time>2026-07-03T06:18:28Z</time>
        <speed>1.006282</speed>
      </trkpt>
      <trkpt lat="29.4088198" lon="120.2315323">
        <ele>566.64</ele>
        <time>2026-07-03T06:18:32Z</time>
        <speed>0.0</speed>
      </trkpt>
      <trkpt lat="29.4088377" lon="120.231448">
        <ele>563.91</ele>
        <time>2026-07-03T06:18:42Z</time>
        <speed>0.9378239</speed>
      </trkpt>
      <trkpt lat="29.4088387" lon="120.2313459">
        <ele>559.3</ele>
        <time>2026-07-03T06:18:51Z</time>
        <speed>1.1555514</speed>
      </trkpt>
      <trkpt lat="29.4088314" lon="120.2312316">
        <ele>556.16</ele>
        <time>2026-07-03T06:18:58Z</time>
        <speed>1.2780553</speed>
      </trkpt>
      <trkpt lat="29.4087936" lon="120.231127">
        <ele>555.06</ele>
        <time>2026-07-03T06:19:04Z</time>
        <speed>1.4962975</speed>
      </trkpt>
      <trkpt lat="29.408743" lon="120.2310176">
        <ele>555.12</ele>
        <time>2026-07-03T06:19:14Z</time>
        <speed>1.4865178</speed>
      </trkpt>
      <trkpt lat="29.4087428" lon="120.2309006">
        <ele>555.8</ele>
        <time>2026-07-03T06:19:26Z</time>
        <speed>1.4160008</speed>
      </trkpt>
      <trkpt lat="29.4087026" lon="120.2308">
        <ele>557.26</ele>
        <time>2026-07-03T06:19:36Z</time>
        <speed>1.5513728</speed>
      </trkpt>
      <trkpt lat="29.4086599" lon="120.2307511">
        <ele>558.22</ele>
        <time>2026-07-03T06:19:48Z</time>
        <speed>0.0</speed>
      </trkpt>
      <trkpt lat="29.4086033" lon="120.2306783">
        <ele>556.11</ele>
        <time>2026-07-03T06:20:54Z</time>
        <speed>0.4750886</speed>
      </trkpt>
      <trkpt lat="29.4086083" lon="120.230565">
        <ele>551.33</ele>
        <time>2026-07-03T06:21:12Z</time>
        <speed>0.0</speed>
      </trkpt>
      <trkpt lat="29.4085851" lon="120.2304629">
        <ele>548.82</ele>
        <time>2026-07-03T06:21:22Z</time>
        <speed>1.1344478</speed>
      </trkpt>
      <trkpt lat="29.4085376" lon="120.2303526">
        <ele>548.08</ele>
        <time>2026-07-03T06:21:30Z</time>
        <speed>1.3604108</speed>
      </trkpt>
      <trkpt lat="29.4085702" lon="120.230261">
        <ele>548.09</ele>
        <time>2026-07-03T06:21:44Z</time>
        <speed>0.5018542</speed>
      </trkpt>
      <trkpt lat="29.4086564" lon="120.2301938">
        <ele>547.84</ele>
        <time>2026-07-03T06:21:56Z</time>
        <speed>0.85083586</speed>
      </trkpt>
      <trkpt lat="29.4087518" lon="120.2301247">
        <ele>546.27</ele>
        <time>2026-07-03T06:22:04Z</time>
        <speed>1.2512897</speed>
      </trkpt>
      <trkpt lat="29.408698" lon="120.2300869">
        <ele>544.31</ele>
        <time>2026-07-03T06:22:22Z</time>
        <speed>1.0140028</speed>
      </trkpt>
      <trkpt lat="29.4086018" lon="120.2300633">
        <ele>541.25</ele>
        <time>2026-07-03T06:22:32Z</time>
        <speed>1.3001883</speed>
      </trkpt>
      <trkpt lat="29.4085004" lon="120.2300165">
        <ele>538.9</ele>
        <time>2026-07-03T06:22:44Z</time>
        <speed>1.4067358</speed>
      </trkpt>
      <trkpt lat="29.4083966" lon="120.2300068">
        <ele>535.98</ele>
        <time>2026-07-03T06:22:54Z</time>
        <speed>1.6260076</speed>
      </trkpt>
      <trkpt lat="29.4082953" lon="120.2299909">
        <ele>531.56</ele>
        <time>2026-07-03T06:23:06Z</time>
        <speed>1.3300422</speed>
      </trkpt>
      <trkpt lat="29.4083346" lon="120.2299383">
        <ele>524.56</ele>
        <time>2026-07-03T06:23:14Z</time>
        <speed>0.9985611</speed>
      </trkpt>
      <trkpt lat="29.4084024" lon="120.2298579">
        <ele>516.79</ele>
        <time>2026-07-03T06:23:22Z</time>
        <speed>1.2795994</speed>
      </trkpt>
      <trkpt lat="29.4083794" lon="120.2297601">
        <ele>509.78</ele>
        <time>2026-07-03T06:23:34Z</time>
        <speed>0.6598739</speed>
      </trkpt>
      <trkpt lat="29.4082966" lon="120.229691">
        <ele>506.22</ele>
        <time>2026-07-03T06:23:44Z</time>
        <speed>1.4962975</speed>
      </trkpt>
      <trkpt lat="29.4082478" lon="120.2295982">
        <ele>503.54</ele>
        <time>2026-07-03T06:23:52Z</time>
        <speed>1.0320181</speed>
      </trkpt>
      <trkpt lat="29.4082234" lon="120.2295541">
        <ele>501.03</ele>
        <time>2026-07-03T06:23:58Z</time>
        <speed>0.0</speed>
      </trkpt>
      <trkpt lat="29.4081909" lon="120.2294674">
        <ele>498.74</ele>
        <time>2026-07-03T06:24:06Z</time>
        <speed>0.7190669</speed>
      </trkpt>
      <trkpt lat="29.4081355" lon="120.2294983">
        <ele>496.36</ele>
        <time>2026-07-03T06:24:24Z</time>
        <speed>0.0</speed>
      </trkpt>
      <trkpt lat="29.4080854" lon="120.229586">
        <ele>491.86</ele>
        <time>2026-07-03T06:24:34Z</time>
        <speed>0.0</speed>
      </trkpt>
      <trkpt lat="29.4080196" lon="120.229671">
        <ele>488.35</ele>
        <time>2026-07-03T06:24:40Z</time>
        <speed>0.0</speed>
      </trkpt>
      <trkpt lat="29.4079334" lon="120.2297239">
        <ele>486.26</ele>
        <time>2026-07-03T06:24:48Z</time>
        <speed>0.7221553</speed>
      </trkpt>
      <trkpt lat="29.4078383" lon="120.2297043">
        <ele>484.77</ele>
        <time>2026-07-03T06:24:54Z</time>
        <speed>1.1926113</speed>
      </trkpt>
      <trkpt lat="29.4077391" lon="120.2297084">
        <ele>483.19</ele>
        <time>2026-07-03T06:25:04Z</time>
        <speed>1.3763672</speed>
      </trkpt>
      <trkpt lat="29.4076485" lon="120.2296625">
        <ele>482.21</ele>
        <time>2026-07-03T06:25:16Z</time>
        <speed>1.217318</speed>
      </trkpt>
      <trkpt lat="29.4075583" lon="120.2296907">
        <ele>479.79</ele>
        <time>2026-07-03T06:25:30Z</time>
        <speed>0.76281834</speed>
      </trkpt>
      <trkpt lat="29.4074558" lon="120.2297015">
        <ele>476.53</ele>
        <time>2026-07-03T06:25:46Z</time>
        <speed>0.8575272</speed>
      </trkpt>
      <trkpt lat="29.4073624" lon="120.2296848">
        <ele>472.82</ele>
        <time>2026-07-03T06:26:28Z</time>
        <speed>0.92547053</speed>
      </trkpt>
      <trkpt lat="29.4073546" lon="120.2295951">
        <ele>467.91</ele>
        <time>2026-07-03T06:26:38Z</time>
        <speed>1.1457716</speed>
      </trkpt>
      <trkpt lat="29.4074179" lon="120.2295177">
        <ele>464.63</ele>
        <time>2026-07-03T06:26:48Z</time>
        <speed>0.98260474</speed>
      </trkpt>
      <trkpt lat="29.4074172" lon="120.2294232">
        <ele>461.31</ele>
        <time>2026-07-03T06:26:58Z</time>
        <speed>1.1169472</speed>
      </trkpt>
      <trkpt lat="29.4073355" lon="120.2294157">
        <ele>458.94</ele>
        <time>2026-07-03T06:27:10Z</time>
        <speed>0.8549536</speed>
      </trkpt>
      <trkpt lat="29.4072442" lon="120.2294681">
        <ele>455.44</ele>
        <time>2026-07-03T06:27:20Z</time>
        <speed>0.9954728</speed>
      </trkpt>
      <trkpt lat="29.4071415" lon="120.2294899">
        <ele>451.03</ele>
        <time>2026-07-03T06:28:00Z</time>
        <speed>0.0</speed>
      </trkpt>
      <trkpt lat="29.4070437" lon="120.2294764">
        <ele>444.95</ele>
        <time>2026-07-03T06:28:48Z</time>
        <speed>0.6238433</speed>
      </trkpt>
      <trkpt lat="29.4069636" lon="120.2295241">
        <ele>442.61</ele>
        <time>2026-07-03T06:28:58Z</time>
        <speed>0.85083586</speed>
      </trkpt>
      <trkpt lat="29.4069298" lon="120.2296192">
        <ele>440.93</ele>
        <time>2026-07-03T06:29:08Z</time>
        <speed>0.9594422</speed>
      </trkpt>
      <trkpt lat="29.4068584" lon="120.2296914">
        <ele>438.46</ele>
        <time>2026-07-03T06:29:20Z</time>
        <speed>0.78803974</speed>
      </trkpt>
      <trkpt lat="29.4067744" lon="120.2297363">
        <ele>434.35</ele>
        <time>2026-07-03T06:29:34Z</time>
        <speed>0.6423733</speed>
      </trkpt>
      <trkpt lat="29.4066887" lon="120.229789">
        <ele>429.51</ele>
        <time>2026-07-03T06:29:46Z</time>
        <speed>0.0</speed>
      </trkpt>
      <trkpt lat="29.406616" lon="120.2298595">
        <ele>425.38</ele>
        <time>2026-07-03T06:29:58Z</time>
        <speed>0.5728858</speed>
      </trkpt>
      <trkpt lat="29.4065249" lon="120.2299153">
        <ele>422.07</ele>
        <time>2026-07-03T06:30:08Z</time>
        <speed>0.9995906</speed>
      </trkpt>
      <trkpt lat="29.4064354" lon="120.2299773">
        <ele>420.54</ele>
        <time>2026-07-03T06:30:22Z</time>
        <speed>0.9980464</speed>
      </trkpt>
      <trkpt lat="29.4063385" lon="120.2300444">
        <ele>420.43</ele>
        <time>2026-07-03T06:30:30Z</time>
        <speed>1.4031328</speed>
      </trkpt>
      <trkpt lat="29.4062443" lon="120.2300794">
        <ele>420.59</ele>
        <time>2026-07-03T06:30:38Z</time>
        <speed>1.1298152</speed>
      </trkpt>
      <trkpt lat="29.4061479" lon="120.2301161">
        <ele>420.72</ele>
        <time>2026-07-03T06:30:48Z</time>
        <speed>1.0078261</speed>
      </trkpt>
      <trkpt lat="29.4060434" lon="120.23016">
        <ele>420.67</ele>
        <time>2026-07-03T06:31:00Z</time>
        <speed>1.1329036</speed>
      </trkpt>
      <trkpt lat="29.4059423" lon="120.2301947">
        <ele>419.69</ele>
        <time>2026-07-03T06:31:10Z</time>
        <speed>1.1406244</speed>
      </trkpt>
      <trkpt lat="29.4058681" lon="120.2302699">
        <ele>418.15</ele>
        <time>2026-07-03T06:31:24Z</time>
        <speed>0.9002492</speed>
      </trkpt>
      <trkpt lat="29.4057713" lon="120.2302877">
        <ele>415.07</ele>
        <time>2026-07-03T06:31:34Z</time>
        <speed>0.7756864</speed>
      </trkpt>
      <trkpt lat="29.4056723" lon="120.2303065">
        <ele>412.07</ele>
        <time>2026-07-03T06:31:42Z</time>
        <speed>1.2368774</speed>
      </trkpt>
      <trkpt lat="29.4055805" lon="120.2303477">
        <ele>409.46</ele>
        <time>2026-07-03T06:31:50Z</time>
        <speed>1.2641578</speed>
      </trkpt>
      <trkpt lat="29.4054804" lon="120.2303493">
        <ele>407.03</ele>
        <time>2026-07-03T06:32:00Z</time>
        <speed>1.1344478</speed>
      </trkpt>
      <trkpt lat="29.4053947" lon="120.2303396">
        <ele>403.79</ele>
        <time>2026-07-03T06:32:08Z</time>
        <speed>0.0</speed>
      </trkpt>
      <trkpt lat="29.4053033" lon="120.2303576">
        <ele>401.08</ele>
        <time>2026-07-03T06:32:20Z</time>
        <speed>0.7648772</speed>
      </trkpt>
      <trkpt lat="29.4052155" lon="120.2303147">
        <ele>397.69</ele>
        <time>2026-07-03T06:32:28Z</time>
        <speed>0.99907583</speed>
      </trkpt>
      <trkpt lat="29.4051302" lon="120.230339">
        <ele>393.91</ele>
        <time>2026-07-03T06:32:42Z</time>
        <speed>0.0</speed>
      </trkpt>
      <trkpt lat="29.405087" lon="120.2304397">
        <ele>389.39</ele>
        <time>2026-07-03T06:33:06Z</time>
        <speed>0.0</speed>
      </trkpt>
      <trkpt lat="29.4049975" lon="120.2305073">
        <ele>385.82</ele>
        <time>2026-07-03T06:33:42Z</time>
        <speed>0.0</speed>
      </trkpt>
      <trkpt lat="29.4049087" lon="120.2305939">
        <ele>382.37</ele>
        <time>2026-07-03T06:33:58Z</time>
        <speed>0.0</speed>
      </trkpt>
      <trkpt lat="29.4048591" lon="120.2307039">
        <ele>378.81</ele>
        <time>2026-07-03T06:34:06Z</time>
        <speed>0.0</speed>
      </trkpt>
      <trkpt lat="29.4048092" lon="120.2306631">
        <ele>376.44</ele>
        <time>2026-07-03T06:34:42Z</time>
        <speed>0.44626418</speed>
      </trkpt>
      <trkpt lat="29.4047417" lon="120.230705">
        <ele>373.71</ele>
        <time>2026-07-03T06:36:32Z</time>
        <speed>0.0</speed>
      </trkpt>
      <trkpt lat="29.4046517" lon="120.2307367">
        <ele>375.13</ele>
        <time>2026-07-03T06:36:42Z</time>
        <speed>0.7087725</speed>
      </trkpt>
      <trkpt lat="29.4045391" lon="120.2307528">
        <ele>375.63</ele>
        <time>2026-07-03T06:36:52Z</time>
        <speed>0.88583696</speed>
      </trkpt>
      <trkpt lat="29.4044547" lon="120.2308203">
        <ele>375.23</ele>
        <time>2026-07-03T06:37:00Z</time>
        <speed>1.2224653</speed>
      </trkpt>
      <trkpt lat="29.404379" lon="120.2308949">
        <ele>374.36</ele>
        <time>2026-07-03T06:37:12Z</time>
        <speed>0.77465695</speed>
      </trkpt>
      <trkpt lat="29.4043009" lon="120.2309595">
        <ele>372.74</ele>
        <time>2026-07-03T06:37:30Z</time>
        <speed>0.6923014</speed>
      </trkpt>
      <trkpt lat="29.4042235" lon="120.2310177">
        <ele>370.74</ele>
        <time>2026-07-03T06:37:40Z</time>
        <speed>0.8503211</speed>
      </trkpt>
      <trkpt lat="29.4041734" lon="120.2311056">
        <ele>368.32</ele>
        <time>2026-07-03T06:37:50Z</time>
        <speed>0.768995</speed>
      </trkpt>
      <trkpt lat="29.4041294" lon="120.2312085">
        <ele>366.03</ele>
        <time>2026-07-03T06:37:58Z</time>
        <speed>1.0263561</speed>
      </trkpt>
      <trkpt lat="29.4040747" lon="120.2312976">
        <ele>363.78</ele>
        <time>2026-07-03T06:38:12Z</time>
        <speed>0.0</speed>
      </trkpt>
      <trkpt lat="29.4040136" lon="120.2313914">
        <ele>360.13</ele>
        <time>2026-07-03T06:38:24Z</time>
        <speed>0.0</speed>
      </trkpt>
      <trkpt lat="29.4039552" lon="120.2314818">
        <ele>356.12</ele>
        <time>2026-07-03T06:38:34Z</time>
        <speed>0.6536972</speed>
      </trkpt>
      <trkpt lat="29.4038704" lon="120.2315017">
        <ele>351.68</ele>
        <time>2026-07-03T06:38:40Z</time>
        <speed>1.0675339</speed>
      </trkpt>
      <trkpt lat="29.4037699" lon="120.2315059">
        <ele>347.82</ele>
        <time>2026-07-03T06:38:46Z</time>
        <speed>1.6419638</speed>
      </trkpt>
      <trkpt lat="29.4036713" lon="120.2315133">
        <ele>344.88</ele>
        <time>2026-07-03T06:38:52Z</time>
        <speed>1.6764503</speed>
      </trkpt>
      <trkpt lat="29.403585" lon="120.2315573">
        <ele>342.96</ele>
        <time>2026-07-03T06:38:58Z</time>
        <speed>1.6465964</speed>
      </trkpt>
      <trkpt lat="29.4034752" lon="120.2315684">
        <ele>341.34</ele>
        <time>2026-07-03T06:39:04Z</time>
        <speed>1.7891744</speed>
      </trkpt>
      <trkpt lat="29.4033553" lon="120.2315563">
        <ele>339.65</ele>
        <time>2026-07-03T06:39:12Z</time>
        <speed>2.0130787</speed>
      </trkpt>
      <trkpt lat="29.4032517" lon="120.2315092">
        <ele>336.53</ele>
        <time>2026-07-03T06:39:18Z</time>
        <speed>1.8535147</speed>
      </trkpt>
      <trkpt lat="29.4031551" lon="120.2314663">
        <ele>333.76</ele>
        <time>2026-07-03T06:39:26Z</time>
        <speed>1.4463694</speed>
      </trkpt>
      <trkpt lat="29.4030609" lon="120.231409">
        <ele>330.6</ele>
        <time>2026-07-03T06:39:34Z</time>
        <speed>0.9723103</speed>
      </trkpt>
      <trkpt lat="29.4029569" lon="120.2313603">
        <ele>325.52</ele>
        <time>2026-07-03T06:39:40Z</time>
        <speed>1.736158</speed>
      </trkpt>
      <trkpt lat="29.402844" lon="120.2313537">
        <ele>320.44</ele>
        <time>2026-07-03T06:39:48Z</time>
        <speed>1.7315255</speed>
      </trkpt>
      <trkpt lat="29.4027431" lon="120.2313441">
        <ele>315.04</ele>
        <time>2026-07-03T06:39:52Z</time>
        <speed>1.8663827</speed>
      </trkpt>
      <trkpt lat="29.402631" lon="120.2313351">
        <ele>310.85</ele>
        <time>2026-07-03T06:39:58Z</time>
        <speed>2.1710982</speed>
      </trkpt>
      <trkpt lat="29.4025171" lon="120.2313052">
        <ele>309.32</ele>
        <time>2026-07-03T06:40:04Z</time>
        <speed>1.8179989</speed>
      </trkpt>
      <trkpt lat="29.4024028" lon="120.2312721">
        <ele>309.23</ele>
        <time>2026-07-03T06:40:12Z</time>
        <speed>1.8004984</speed>
      </trkpt>
      <trkpt lat="29.4023102" lon="120.2312363">
        <ele>309.99</ele>
        <time>2026-07-03T06:40:18Z</time>
        <speed>1.5462255</speed>
      </trkpt>
      <trkpt lat="29.402198" lon="120.2312326">
        <ele>310.81</ele>
        <time>2026-07-03T06:40:24Z</time>
        <speed>1.5168864</speed>
      </trkpt>
      <trkpt lat="29.4020914" lon="120.2312336">
        <ele>311.62</ele>
        <time>2026-07-03T06:40:30Z</time>
        <speed>1.8236609</speed>
      </trkpt>
      <trkpt lat="29.4019911" lon="120.2312687">
        <ele>312.0</ele>
        <time>2026-07-03T06:40:38Z</time>
        <speed>1.4473989</speed>
      </trkpt>
      <trkpt lat="29.4018743" lon="120.2312851">
        <ele>313.59</ele>
        <time>2026-07-03T06:40:44Z</time>
        <speed>1.7866008</speed>
      </trkpt>
      <trkpt lat="29.4017874" lon="120.2312296">
        <ele>314.8</ele>
        <time>2026-07-03T06:40:50Z</time>
        <speed>1.7572616</speed>
      </trkpt>
      <trkpt lat="29.4016833" lon="120.2311965">
        <ele>315.23</ele>
        <time>2026-07-03T06:40:58Z</time>
        <speed>1.5457108</speed>
      </trkpt>
      <trkpt lat="29.401583" lon="120.2311928">
        <ele>313.88</ele>
        <time>2026-07-03T06:41:04Z</time>
        <speed>1.430413</speed>
      </trkpt>
      <trkpt lat="29.4014805" lon="120.2312082">
        <ele>312.21</ele>
        <time>2026-07-03T06:41:10Z</time>
        <speed>1.5853444</speed>
      </trkpt>
      <trkpt lat="29.401381" lon="120.2312331">
        <ele>310.96</ele>
        <time>2026-07-03T06:41:18Z</time>
        <speed>1.4427664</speed>
      </trkpt>
      <trkpt lat="29.4012876" lon="120.231206">
        <ele>308.35</ele>
        <time>2026-07-03T06:41:26Z</time>
        <speed>0.8585567</speed>
      </trkpt>
      <trkpt lat="29.4011926" lon="120.231161">
        <ele>305.19</ele>
        <time>2026-07-03T06:41:32Z</time>
        <speed>0.6881836</speed>
      </trkpt>
      <trkpt lat="29.4010953" lon="120.231109">
        <ele>303.52</ele>
        <time>2026-07-03T06:41:38Z</time>
        <speed>0.79112804</speed>
      </trkpt>
      <trkpt lat="29.4010059" lon="120.2310528">
        <ele>302.74</ele>
        <time>2026-07-03T06:41:46Z</time>
        <speed>0.7267878</speed>
      </trkpt>
      <trkpt lat="29.4009094" lon="120.2309866">
        <ele>301.86</ele>
        <time>2026-07-03T06:41:54Z</time>
        <speed>1.380485</speed>
      </trkpt>
      <trkpt lat="29.4008086" lon="120.2309265">
        <ele>300.67</ele>
        <time>2026-07-03T06:42:00Z</time>
        <speed>1.3861469</speed>
      </trkpt>
      <trkpt lat="29.4007115" lon="120.2308684">
        <ele>299.35</ele>
        <time>2026-07-03T06:42:08Z</time>
        <speed>1.3501164</speed>
      </trkpt>
      <trkpt lat="29.4006123" lon="120.2308126">
        <ele>298.21</ele>
        <time>2026-07-03T06:42:16Z</time>
        <speed>1.413942</speed>
      </trkpt>
      <trkpt lat="29.4005498" lon="120.2308466">
        <ele>297.47</ele>
        <time>2026-07-03T06:42:30Z</time>
        <speed>0.0</speed>
      </trkpt>
      <trkpt lat="29.4004708" lon="120.2309007">
        <ele>295.89</ele>
        <time>2026-07-03T06:43:00Z</time>
        <speed>0.0</speed>
      </trkpt>
      <trkpt lat="29.400434" lon="120.2308407">
        <ele>293.96</ele>
        <time>2026-07-03T06:43:10Z</time>
        <speed>0.0</speed>
      </trkpt>
      <trkpt lat="29.4004198" lon="120.2308994">
        <ele>292.56</ele>
        <time>2026-07-03T06:43:18Z</time>
        <speed>0.0</speed>
      </trkpt>
      <trkpt lat="29.4003528" lon="120.2309343">
        <ele>291.46</ele>
        <time>2026-07-03T06:43:28Z</time>
        <speed>0.0</speed>
      </trkpt>
      <trkpt lat="29.4003265" lon="120.2308598">
        <ele>290.83</ele>
        <time>2026-07-03T06:43:38Z</time>
        <speed>0.843115</speed>
      </trkpt>
      <trkpt lat="29.4003292" lon="120.2307445">
        <ele>291.33</ele>
        <time>2026-07-03T06:43:42Z</time>
        <speed>1.1447423</speed>
      </trkpt>
      <trkpt lat="29.4002735" lon="120.2306597">
        <ele>293.08</ele>
        <time>2026-07-03T06:43:58Z</time>
        <speed>1.0793725</speed>
      </trkpt>
      <trkpt lat="29.4001866" lon="120.2306063">
        <ele>294.51</ele>
        <time>2026-07-03T06:44:06Z</time>
        <speed>1.5225483</speed>
      </trkpt>
      <trkpt lat="29.4000778" lon="120.230563">
        <ele>294.16</ele>
        <time>2026-07-03T06:44:14Z</time>
        <speed>1.671303</speed>
      </trkpt>
      <trkpt lat="29.3999799" lon="120.2305008">
        <ele>292.89</ele>
        <time>2026-07-03T06:44:20Z</time>
        <speed>1.7500556</speed>
      </trkpt>
      <trkpt lat="29.3998762" lon="120.2304419">
        <ele>291.65</ele>
        <time>2026-07-03T06:44:28Z</time>
        <speed>1.7433642</speed>
      </trkpt>
      <trkpt lat="29.3997824" lon="120.2303996">
        <ele>290.55</ele>
        <time>2026-07-03T06:44:36Z</time>
        <speed>1.2070236</speed>
      </trkpt>
      <trkpt lat="29.3996793" lon="120.2303422">
        <ele>289.32</ele>
        <time>2026-07-03T06:44:42Z</time>
        <speed>1.5915211</speed>
      </trkpt>
      <trkpt lat="29.3995864" lon="120.2302795">
        <ele>287.59</ele>
        <time>2026-07-03T06:44:48Z</time>
        <speed>1.8982955</speed>
      </trkpt>
      <trkpt lat="29.3995013" lon="120.2302191">
        <ele>285.62</ele>
        <time>2026-07-03T06:44:54Z</time>
        <speed>1.7665267</speed>
      </trkpt>
      <trkpt lat="29.3994226" lon="120.2301587">
        <ele>283.8</ele>
        <time>2026-07-03T06:45:00Z</time>
        <speed>1.5240926</speed>
      </trkpt>
      <trkpt lat="29.3993369" lon="120.2300722">
        <ele>282.43</ele>
        <time>2026-07-03T06:45:06Z</time>
        <speed>1.7253488</speed>
      </trkpt>
      <trkpt lat="29.3992466" lon="120.2299812">
        <ele>281.86</ele>
        <time>2026-07-03T06:45:12Z</time>
        <speed>2.2441888</speed>
      </trkpt>
      <trkpt lat="29.399176" lon="120.2299013">
        <ele>281.75</ele>
        <time>2026-07-03T06:45:16Z</time>
        <speed>2.4227974</speed>
      </trkpt>
      <trkpt lat="29.399079" lon="120.2298603">
        <ele>281.12</ele>
        <time>2026-07-03T06:45:27Z</time>
        <speed>1.3629844</speed>
      </trkpt>
      <trkpt lat="29.3989866" lon="120.2298121">
        <ele>280.04</ele>
        <time>2026-07-03T06:45:32Z</time>
        <speed>1.4247512</speed>
      </trkpt>
      <trkpt lat="29.3989004" lon="120.2297579">
        <ele>278.69</ele>
        <time>2026-07-03T06:45:38Z</time>
        <speed>1.7202016</speed>
      </trkpt>
      <trkpt lat="29.3988268" lon="120.2296782">
        <ele>277.36</ele>
        <time>2026-07-03T06:45:44Z</time>
        <speed>1.5596083</speed>
      </trkpt>
      <trkpt lat="29.3987551" lon="120.2295854">
        <ele>276.77</ele>
        <time>2026-07-03T06:45:50Z</time>
        <speed>1.3058503</speed>
      </trkpt>
      <trkpt lat="29.3986996" lon="120.2294916">
        <ele>276.23</ele>
        <time>2026-07-03T06:45:56Z</time>
        <speed>1.4314425</speed>
      </trkpt>
      <trkpt lat="29.3986294" lon="120.2294177">
        <ele>275.83</ele>
        <time>2026-07-03T06:46:02Z</time>
        <speed>1.6538025</speed>
      </trkpt>
      <trkpt lat="29.3985565" lon="120.2293506">
        <ele>275.39</ele>
        <time>2026-07-03T06:46:08Z</time>
        <speed>1.6903478</speed>
      </trkpt>
      <trkpt lat="29.3984602" lon="120.2292879">
        <ele>275.09</ele>
        <time>2026-07-03T06:46:16Z</time>
        <speed>1.6038744</speed>
      </trkpt>
      <trkpt lat="29.3983544" lon="120.2292423">
        <ele>274.62</ele>
        <time>2026-07-03T06:46:22Z</time>
        <speed>1.9616064</speed>
      </trkpt>
      <trkpt lat="29.3982602" lon="120.2291786">
        <ele>273.67</ele>
        <time>2026-07-03T06:46:28Z</time>
        <speed>2.0166817</speed>
      </trkpt>
      <trkpt lat="29.3981578" lon="120.2291408">
        <ele>272.22</ele>
        <time>2026-07-03T06:46:36Z</time>
        <speed>1.6821122</speed>
      </trkpt>
      <trkpt lat="29.3980562" lon="120.2291128">
        <ele>269.54</ele>
        <time>2026-07-03T06:46:42Z</time>
        <speed>1.7706444</speed>
      </trkpt>
      <trkpt lat="29.3979554" lon="120.2291221">
        <ele>266.56</ele>
        <time>2026-07-03T06:46:48Z</time>
        <speed>1.8442497</speed>
      </trkpt>
      <trkpt lat="29.3978613" lon="120.2290801">
        <ele>263.95</ele>
        <time>2026-07-03T06:46:56Z</time>
        <speed>1.6934361</speed>
      </trkpt>
      <trkpt lat="29.3977572" lon="120.228999">
        <ele>261.65</ele>
        <time>2026-07-03T06:47:02Z</time>
        <speed>1.9610916</speed>
      </trkpt>
      <trkpt lat="29.3976629" lon="120.228954">
        <ele>259.52</ele>
        <time>2026-07-03T06:47:07Z</time>
        <speed>2.1618333</speed>
      </trkpt>
      <trkpt lat="29.3975538" lon="120.2289487">
        <ele>257.83</ele>
        <time>2026-07-03T06:47:13Z</time>
        <speed>1.9096195</speed>
      </trkpt>
      <trkpt lat="29.3974327" lon="120.2289325">
        <ele>257.09</ele>
        <time>2026-07-03T06:47:18Z</time>
        <speed>2.0280056</speed>
      </trkpt>
      <trkpt lat="29.3973178" lon="120.2289174">
        <ele>256.06</ele>
        <time>2026-07-03T06:47:25Z</time>
        <speed>1.973445</speed>
      </trkpt>
      <trkpt lat="29.3972062" lon="120.2289184">
        <ele>255.56</ele>
        <time>2026-07-03T06:47:30Z</time>
        <speed>1.7943217</speed>
      </trkpt>
      <trkpt lat="29.3970997" lon="120.2289472">
        <ele>255.36</ele>
        <time>2026-07-03T06:47:36Z</time>
        <speed>1.4890914</speed>
      </trkpt>
      <trkpt lat="29.3969988" lon="120.2289739">
        <ele>255.42</ele>
        <time>2026-07-03T06:47:40Z</time>
        <speed>1.5889475</speed>
      </trkpt>
      <trkpt lat="29.3968971" lon="120.2289639">
        <ele>255.07</ele>
        <time>2026-07-03T06:47:46Z</time>
        <speed>1.754688</speed>
      </trkpt>
      <trkpt lat="29.3968159" lon="120.2289032">
        <ele>253.66</ele>
        <time>2026-07-03T06:47:50Z</time>
        <speed>1.7268931</speed>
      </trkpt>
      <trkpt lat="29.3967357" lon="120.2288367">
        <ele>253.08</ele>
        <time>2026-07-03T06:47:54Z</time>
        <speed>1.7886597</speed>
      </trkpt>
      <trkpt lat="29.3966359" lon="120.2288392">
        <ele>252.7</ele>
        <time>2026-07-03T06:48:00Z</time>
        <speed>1.942047</speed>
      </trkpt>
      <trkpt lat="29.3965457" lon="120.228888">
        <ele>253.09</ele>
        <time>2026-07-03T06:48:06Z</time>
        <speed>1.5915211</speed>
      </trkpt>
      <trkpt lat="29.396436" lon="120.228916">
        <ele>254.0</ele>
        <time>2026-07-03T06:48:12Z</time>
        <speed>1.8607209</speed>
      </trkpt>
      <trkpt lat="29.3963264" lon="120.2289237">
        <ele>254.81</ele>
        <time>2026-07-03T06:48:18Z</time>
        <speed>2.0434473</speed>
      </trkpt>
      <trkpt lat="29.3962017" lon="120.2289243">
        <ele>255.15</ele>
        <time>2026-07-03T06:48:26Z</time>
        <speed>1.6918919</speed>
      </trkpt>
      <trkpt lat="29.3960932" lon="120.2289117">
        <ele>255.43</ele>
        <time>2026-07-03T06:48:32Z</time>
        <speed>1.9621211</speed>
      </trkpt>
      <trkpt lat="29.395998" lon="120.2288874">
        <ele>255.55</ele>
        <time>2026-07-03T06:48:38Z</time>
        <speed>1.7958658</speed>
      </trkpt>
      <trkpt lat="29.3958935" lon="120.2288775">
        <ele>256.17</ele>
        <time>2026-07-03T06:48:44Z</time>
        <speed>1.7387316</speed>
      </trkpt>
      <trkpt lat="29.3958036" lon="120.2289041">
        <ele>256.83</ele>
        <time>2026-07-03T06:48:48Z</time>
        <speed>1.9353555</speed>
      </trkpt>
      <trkpt lat="29.3957078" lon="120.2289302">
        <ele>257.12</ele>
        <time>2026-07-03T06:48:54Z</time>
        <speed>2.003299</speed>
      </trkpt>
      <trkpt lat="29.3956065" lon="120.2289365">
        <ele>256.9</ele>
        <time>2026-07-03T06:49:00Z</time>
        <speed>1.9646947</speed>
      </trkpt>
      <trkpt lat="29.3955057" lon="120.2289206">
        <ele>255.91</ele>
        <time>2026-07-03T06:49:06Z</time>
        <speed>1.9070458</speed>
      </trkpt>
      <trkpt lat="29.3954328" lon="120.2288359">
        <ele>254.48</ele>
        <time>2026-07-03T06:49:12Z</time>
        <speed>1.717628</speed>
      </trkpt>
      <trkpt lat="29.3953426" lon="120.2287638">
        <ele>252.13</ele>
        <time>2026-07-03T06:49:16Z</time>
        <speed>1.9096195</speed>
      </trkpt>
      <trkpt lat="29.395241" lon="120.2287672">
        <ele>250.22</ele>
        <time>2026-07-03T06:49:30Z</time>
        <speed>0.8909842</speed>
      </trkpt>
      <trkpt lat="29.3951278" lon="120.2287962">
        <ele>247.2</ele>
        <time>2026-07-03T06:49:36Z</time>
        <speed>1.4190892</speed>
      </trkpt>
      <trkpt lat="29.3950173" lon="120.2288351">
        <ele>245.27</ele>
        <time>2026-07-03T06:49:42Z</time>
        <speed>1.9008691</speed>
      </trkpt>
      <trkpt lat="29.3949214" lon="120.2288582">
        <ele>244.68</ele>
        <time>2026-07-03T06:49:48Z</time>
        <speed>1.5441667</speed>
      </trkpt>
      <trkpt lat="29.3948187" lon="120.2288859">
        <ele>244.56</ele>
        <time>2026-07-03T06:49:56Z</time>
        <speed>1.361955</speed>
      </trkpt>
      <trkpt lat="29.3947204" lon="120.2289249">
        <ele>244.66</ele>
        <time>2026-07-03T06:50:02Z</time>
        <speed>1.6270369</speed>
      </trkpt>
      <trkpt lat="29.3946238" lon="120.2289389">
        <ele>244.85</ele>
        <time>2026-07-03T06:50:08Z</time>
        <speed>1.6543173</speed>
      </trkpt>
      <trkpt lat="29.3945301" lon="120.2289392">
        <ele>245.35</ele>
        <time>2026-07-03T06:50:14Z</time>
        <speed>1.5096803</speed>
      </trkpt>
      <trkpt lat="29.3944372" lon="120.2289479">
        <ele>245.41</ele>
        <time>2026-07-03T06:50:22Z</time>
        <speed>1.1519483</speed>
      </trkpt>
      <trkpt lat="29.3943469" lon="120.2289509">
        <ele>245.79</ele>
        <time>2026-07-03T06:50:28Z</time>
        <speed>1.2945263</speed>
      </trkpt>
      <trkpt lat="29.3942536" lon="120.2289582">
        <ele>246.66</ele>
        <time>2026-07-03T06:50:34Z</time>
        <speed>1.4803411</speed>
      </trkpt>
      <trkpt lat="29.3941414" lon="120.2289538">
        <ele>246.89</ele>
        <time>2026-07-03T06:50:42Z</time>
        <speed>1.3815144</speed>
      </trkpt>
      <trkpt lat="29.3940373" lon="120.2289564">
        <ele>247.32</ele>
        <time>2026-07-03T06:50:48Z</time>
        <speed>1.2142297</speed>
      </trkpt>
      <trkpt lat="29.3939311" lon="120.2289571">
        <ele>247.7</ele>
        <time>2026-07-03T06:50:54Z</time>
        <speed>1.6790239</speed>
      </trkpt>
      <trkpt lat="29.3938292" lon="120.2289521">
        <ele>247.14</ele>
        <time>2026-07-03T06:51:00Z</time>
        <speed>1.8360142</speed>
      </trkpt>
      <trkpt lat="29.3937164" lon="120.2289389">
        <ele>246.52</ele>
        <time>2026-07-03T06:51:06Z</time>
        <speed>1.8406466</speed>
      </trkpt>
      <trkpt lat="29.3936197" lon="120.2289004">
        <ele>245.87</ele>
        <time>2026-07-03T06:51:12Z</time>
        <speed>1.701157</speed>
      </trkpt>
      <trkpt lat="29.393523" lon="120.2288433">
        <ele>244.89</ele>
        <time>2026-07-03T06:51:18Z</time>
        <speed>1.8246902</speed>
      </trkpt>
      <trkpt lat="29.3934333" lon="120.2288413">
        <ele>243.3</ele>
        <time>2026-07-03T06:51:24Z</time>
        <speed>1.8699858</speed>
      </trkpt>
      <trkpt lat="29.3933346" lon="120.2288663">
        <ele>241.93</ele>
        <time>2026-07-03T06:51:30Z</time>
        <speed>1.7562323</speed>
      </trkpt>
      <trkpt lat="29.3932394" lon="120.2288967">
        <ele>240.62</ele>
        <time>2026-07-03T06:51:38Z</time>
        <speed>1.3665875</speed>
      </trkpt>
      <trkpt lat="29.3931308" lon="120.2289078">
        <ele>238.33</ele>
        <time>2026-07-03T06:51:44Z</time>
        <speed>1.4896061</speed>
      </trkpt>
      <trkpt lat="29.3930247" lon="120.2289001">
        <ele>236.64</ele>
        <time>2026-07-03T06:51:50Z</time>
        <speed>1.9811659</speed>
      </trkpt>
      <trkpt lat="29.3929327" lon="120.2289221">
        <ele>235.2</ele>
        <time>2026-07-03T06:51:56Z</time>
        <speed>1.736158</speed>
      </trkpt>
      <trkpt lat="29.3928499" lon="120.2289711">
        <ele>234.64</ele>
        <time>2026-07-03T06:52:02Z</time>
        <speed>1.6105658</speed>
      </trkpt>
      <trkpt lat="29.3927672" lon="120.2290239">
        <ele>234.24</ele>
        <time>2026-07-03T06:52:08Z</time>
        <speed>1.5359311</speed>
      </trkpt>
      <trkpt lat="29.3926775" lon="120.2290085">
        <ele>233.88</ele>
        <time>2026-07-03T06:52:16Z</time>
        <speed>1.1061381</speed>
      </trkpt>
      <trkpt lat="29.3926011" lon="120.2289242">
        <ele>234.15</ele>
        <time>2026-07-03T06:52:24Z</time>
        <speed>1.5107098</speed>
      </trkpt>
      <trkpt lat="29.3925546" lon="120.2288129">
        <ele>235.12</ele>
        <time>2026-07-03T06:52:32Z</time>
        <speed>1.2945263</speed>
      </trkpt>
      <trkpt lat="29.392496" lon="120.2286908">
        <ele>237.35</ele>
        <time>2026-07-03T06:52:41Z</time>
        <speed>1.2368774</speed>
      </trkpt>
      <trkpt lat="29.3924359" lon="120.2285754">
        <ele>240.38</ele>
        <time>2026-07-03T06:52:46Z</time>
        <speed>1.6208602</speed>
      </trkpt>
      <trkpt lat="29.3923736" lon="120.2284628">
        <ele>242.97</ele>
        <time>2026-07-03T06:52:54Z</time>
        <speed>1.4288689</speed>
      </trkpt>
      <trkpt lat="29.3923267" lon="120.2283524">
        <ele>243.67</ele>
        <time>2026-07-03T06:53:02Z</time>
        <speed>1.6090217</speed>
      </trkpt>
      <trkpt lat="29.3922742" lon="120.2282634">
        <ele>243.38</ele>
        <time>2026-07-03T06:53:08Z</time>
        <speed>1.7680708</speed>
      </trkpt>
      <trkpt lat="29.3922039" lon="120.2281834">
        <ele>242.66</ele>
        <time>2026-07-03T06:53:16Z</time>
        <speed>1.6558614</speed>
      </trkpt>
      <trkpt lat="29.3921255" lon="120.2281271">
        <ele>241.64</ele>
        <time>2026-07-03T06:53:22Z</time>
        <speed>1.7392464</speed>
      </trkpt>
      <trkpt lat="29.3920453" lon="120.2280657">
        <ele>241.24</ele>
        <time>2026-07-03T06:53:30Z</time>
        <speed>1.7428495</speed>
      </trkpt>
      <trkpt lat="29.3920453" lon="120.2280657">
        <ele>241.24</ele>
        <time>2026-07-03T06:53:37Z</time>
        <speed>1.7428495</speed>
      </trkpt>
      <extensions>
        <PauseTimes>1783061617000:pause</PauseTimes>
      </extensions>
    </trkseg>
  </trk>
  <wpt lat="29.3916962" lon="120.2279817">
    <ele>222.3</ele>
    <time>2026-07-03T04:28:53Z</time>
    <name><![CDATA[停车5元
        ]]>
    </name>
    <cmt>停车5元
        </cmt>
    <desc><![CDATA[]]>
    </desc>
    <sym>Flag, Blue</sym>
    <type>user</type>
    <extensions>
      <PosType>0</PosType>
      <Speed>0.72884667</Speed>
      <Accuracy>1.6</Accuracy>
      <Time>1783052933990</Time>
      <description><![CDATA[]]>
      </description>
      <FileId>1638117869</FileId>
      <FileSize>1158817</FileSize>
      <FileType>0</FileType>
    </extensions>
  </wpt>
  <wpt lat="29.3918609" lon="120.2279764">
    <ele>221.5</ele>
    <time>2026-07-03T04:29:37Z</time>
    <name><![CDATA[台阶往上不过桥
        ]]>
    </name>
    <cmt>台阶往上不过桥
        </cmt>
    <desc><![CDATA[]]>
    </desc>
    <sym>Flag, Blue</sym>
    <type>user</type>
    <extensions>
      <PosType>0</PosType>
      <Speed>0.7149492</Speed>
      <Accuracy>1.6</Accuracy>
      <Time>1783052977973</Time>
      <description><![CDATA[]]>
      </description>
    </extensions>
  </wpt>
  <wpt lat="29.3932645" lon="120.2289382">
    <ele>229.7</ele>
    <time>2026-07-03T04:32:48Z</time>
    <name><![CDATA[左边走，右边回
        ]]>
    </name>
    <cmt>左边走，右边回
        </cmt>
    <desc><![CDATA[]]>
    </desc>
    <sym>Flag, Blue</sym>
    <type>user</type>
    <extensions>
      <PosType>0</PosType>
      <Speed>0.9836342</Speed>
      <Accuracy>1.7</Accuracy>
      <Time>1783053168013</Time>
      <description><![CDATA[]]>
      </description>
      <FileId>1638117865</FileId>
      <FileSize>1897776</FileSize>
      <FileType>0</FileType>
    </extensions>
  </wpt>
  <wpt lat="29.3933636" lon="120.2286857">
    <ele>231.1</ele>
    <time>2026-07-03T04:34:02Z</time>
    <name><![CDATA[溯溪点
        ]]>
    </name>
    <cmt>溯溪点
        </cmt>
    <desc><![CDATA[]]>
    </desc>
    <sym>Flag, Blue</sym>
    <type>user</type>
    <extensions>
      <PosType>0</PosType>
      <Speed>0.93988276</Speed>
      <Accuracy>1.8</Accuracy>
      <Time>1783053242004</Time>
      <description><![CDATA[]]>
      </description>
      <FileId>1638117863</FileId>
      <FileSize>1139589</FileSize>
      <FileType>0</FileType>
    </extensions>
  </wpt>
  <wpt lat="29.3942667" lon="120.2289051">
    <ele>239.3</ele>
    <time>2026-07-03T04:36:35Z</time>
    <name><![CDATA[左转
        ]]>
    </name>
    <cmt>左转
        </cmt>
    <desc><![CDATA[]]>
    </desc>
    <sym>Flag, Blue</sym>
    <type>user</type>
    <extensions>
      <PosType>0</PosType>
      <Speed>0.82818806</Speed>
      <Accuracy>1.7</Accuracy>
      <Time>1783053395963</Time>
      <description><![CDATA[]]>
      </description>
      <FileId>1638117856</FileId>
      <FileSize>2121738</FileSize>
      <FileType>0</FileType>
    </extensions>
  </wpt>
  <wpt lat="29.3944588" lon="120.2287566">
    <ele>233.0</ele>
    <time>2026-07-03T04:37:27Z</time>
    <name><![CDATA[
        ]]>
    </name>
    <cmt>
        </cmt>
    <desc><![CDATA[]]>
    </desc>
    <sym>Flag, Blue</sym>
    <type>user</type>
    <extensions>
      <PosType>0</PosType>
      <Speed>0.55487055</Speed>
      <Accuracy>1.9</Accuracy>
      <Time>1783053447977</Time>
      <description><![CDATA[]]>
      </description>
      <FileId>1638117853</FileId>
      <FileSize>2421100</FileSize>
      <FileType>0</FileType>
    </extensions>
  </wpt>
  <wpt lat="29.3947365" lon="120.2286168">
    <ele>234.0</ele>
    <time>2026-07-03T04:38:17Z</time>
    <name><![CDATA[溯溪点
        ]]>
    </name>
    <cmt>溯溪点
        </cmt>
    <desc><![CDATA[]]>
    </desc>
    <sym>Flag, Blue</sym>
    <type>user</type>
    <extensions>
      <PosType>0</PosType>
      <Speed>0.8287028</Speed>
      <Accuracy>2.0</Accuracy>
      <Time>1783053497978</Time>
      <description><![CDATA[]]>
      </description>
      <FileId>1638117846</FileId>
      <FileSize>1545976</FileSize>
      <FileType>0</FileType>
    </extensions>
  </wpt>
  <wpt lat="29.3955894" lon="120.2289782">
    <ele>238.9</ele>
    <time>2026-07-03T04:43:02Z</time>
    <name><![CDATA[
        ]]>
    </name>
    <cmt>
        </cmt>
    <desc><![CDATA[]]>
    </desc>
    <sym>Flag, Blue</sym>
    <type>user</type>
    <extensions>
      <PosType>0</PosType>
      <Speed>0.6614181</Speed>
      <Accuracy>1.9</Accuracy>
      <Time>1783053782008</Time>
      <description><![CDATA[]]>
      </description>
      <FileId>1638117841</FileId>
      <FileSize>1286095</FileSize>
      <FileType>0</FileType>
    </extensions>
  </wpt>
  <wpt lat="29.3967492" lon="120.2288318">
    <ele>248.3</ele>
    <time>2026-07-03T04:46:18Z</time>
    <name><![CDATA[
        ]]>
    </name>
    <cmt>
        </cmt>
    <desc><![CDATA[]]>
    </desc>
    <sym>Flag, Blue</sym>
    <type>user</type>
    <extensions>
      <PosType>0</PosType>
      <Speed>1.0737106</Speed>
      <Accuracy>1.9</Accuracy>
      <Time>1783053978081</Time>
      <description><![CDATA[]]>
      </description>
      <FileId>1638117834</FileId>
      <FileSize>1304453</FileSize>
      <FileType>0</FileType>
    </extensions>
  </wpt>
  <wpt lat="29.3968189" lon="120.2288935">
    <ele>249.2</ele>
    <time>2026-07-03T04:46:57Z</time>
    <name><![CDATA[溯溪点
        ]]>
    </name>
    <cmt>溯溪点
        </cmt>
    <desc><![CDATA[]]>
    </desc>
    <sym>Flag, Blue</sym>
    <type>user</type>
    <extensions>
      <PosType>0</PosType>
      <Speed>0.0</Speed>
      <Accuracy>2.0</Accuracy>
      <Time>1783054017992</Time>
      <description><![CDATA[]]>
      </description>
      <FileId>1638117824</FileId>
      <FileSize>1375983</FileSize>
      <FileType>0</FileType>
    </extensions>
  </wpt>
  <wpt lat="29.3969948" lon="120.2287566">
    <ele>249.4</ele>
    <time>2026-07-03T04:47:38Z</time>
    <name><![CDATA[凉亭
        ]]>
    </name>
    <cmt>凉亭
        </cmt>
    <desc><![CDATA[]]>
    </desc>
    <sym>Flag, Blue</sym>
    <type>user</type>
    <extensions>
      <PosType>0</PosType>
      <Speed>0.0</Speed>
      <Accuracy>1.9</Accuracy>
      <Time>1783054058007</Time>
      <description><![CDATA[]]>
      </description>
      <FileId>1638117669</FileId>
      <FileSize>1192834</FileSize>
      <FileType>0</FileType>
    </extensions>
  </wpt>
  <wpt lat="29.3973423" lon="120.228745">
    <ele>252.8</ele>
    <time>2026-07-03T04:49:54Z</time>
    <name><![CDATA[
        ]]>
    </name>
    <cmt>
        </cmt>
    <desc><![CDATA[]]>
    </desc>
    <sym>Flag, Blue</sym>
    <type>user</type>
    <extensions>
      <PosType>0</PosType>
      <Speed>0.70414</Speed>
      <Accuracy>1.8</Accuracy>
      <Time>1783054194009</Time>
      <description><![CDATA[]]>
      </description>
      <FileId>1638117667</FileId>
      <FileSize>1378031</FileSize>
      <FileType>0</FileType>
    </extensions>
  </wpt>
  <wpt lat="29.3983088" lon="120.2292972">
    <ele>257.8</ele>
    <time>2026-07-03T04:52:31Z</time>
    <name><![CDATA[秋千
        ]]>
    </name>
    <cmt>秋千
        </cmt>
    <desc><![CDATA[]]>
    </desc>
    <sym>Flag, Blue</sym>
    <type>user</type>
    <extensions>
      <PosType>0</PosType>
      <Speed>0.0</Speed>
      <Accuracy>2.0</Accuracy>
      <Time>1783054351993</Time>
      <description><![CDATA[]]>
      </description>
      <FileId>1638117663</FileId>
      <FileSize>933922</FileSize>
      <FileType>0</FileType>
    </extensions>
  </wpt>
  <wpt lat="29.3983787" lon="120.2292595">
    <ele>258.6</ele>
    <time>2026-07-03T04:52:44Z</time>
    <name><![CDATA[
        ]]>
    </name>
    <cmt>
        </cmt>
    <desc><![CDATA[]]>
    </desc>
    <sym>Flag, Blue</sym>
    <type>user</type>
    <extensions>
      <PosType>0</PosType>
      <Speed>0.69436026</Speed>
      <Accuracy>1.9</Accuracy>
      <Time>1783054364010</Time>
      <description><![CDATA[]]>
      </description>
      <FileId>1638117662</FileId>
      <FileSize>1266450</FileSize>
      <FileType>0</FileType>
    </extensions>
  </wpt>
  <wpt lat="29.3985465" lon="120.2293864">
    <ele>256.4</ele>
    <time>2026-07-03T04:53:56Z</time>
    <name><![CDATA[坚强樟
        ]]>
    </name>
    <cmt>坚强樟
        </cmt>
    <desc><![CDATA[]]>
    </desc>
    <sym>Flag, Blue</sym>
    <type>user</type>
    <extensions>
      <PosType>0</PosType>
      <Speed>0.0</Speed>
      <Accuracy>1.7</Accuracy>
      <Time>1783054436022</Time>
      <description><![CDATA[]]>
      </description>
      <FileId>1638117659</FileId>
      <FileSize>1271408</FileSize>
      <FileType>0</FileType>
    </extensions>
  </wpt>
  <wpt lat="29.3986875" lon="120.2294713">
    <ele>254.4</ele>
    <time>2026-07-03T04:55:10Z</time>
    <name><![CDATA[
        ]]>
    </name>
    <cmt>
        </cmt>
    <desc><![CDATA[]]>
    </desc>
    <sym>Flag, Blue</sym>
    <type>user</type>
    <extensions>
      <PosType>0</PosType>
      <Speed>0.0</Speed>
      <Accuracy>2.0</Accuracy>
      <Time>1783054510001</Time>
      <description><![CDATA[]]>
      </description>
      <FileId>1638117658</FileId>
      <FileSize>1366004</FileSize>
      <FileType>0</FileType>
    </extensions>
  </wpt>
  <wpt lat="29.3989483" lon="120.2295133">
    <ele>258.5</ele>
    <time>2026-07-03T04:59:56Z</time>
    <name><![CDATA[溯溪点
        ]]>
    </name>
    <cmt>溯溪点
        </cmt>
    <desc><![CDATA[]]>
    </desc>
    <sym>Flag, Blue</sym>
    <type>user</type>
    <extensions>
      <PosType>0</PosType>
      <Speed>0.0</Speed>
      <Accuracy>2.3</Accuracy>
      <Time>1783054796001</Time>
      <description><![CDATA[]]>
      </description>
      <FileId>1638117656</FileId>
      <FileSize>1164331</FileSize>
      <FileType>0</FileType>
    </extensions>
  </wpt>
  <wpt lat="29.3998047" lon="120.2302374">
    <ele>275.6</ele>
    <time>2026-07-03T05:02:13Z</time>
    <name><![CDATA[溯溪点
        ]]>
    </name>
    <cmt>溯溪点
        </cmt>
    <desc><![CDATA[]]>
    </desc>
    <sym>Flag, Blue</sym>
    <type>user</type>
    <extensions>
      <PosType>0</PosType>
      <Speed>1.1910672</Speed>
      <Accuracy>1.7</Accuracy>
      <Time>1783054933965</Time>
      <description><![CDATA[]]>
      </description>
      <FileId>1638117654</FileId>
      <FileSize>1238697</FileSize>
      <FileType>0</FileType>
    </extensions>
  </wpt>
  <wpt lat="29.4000831" lon="120.2302664">
    <ele>274.3</ele>
    <time>2026-07-03T05:02:59Z</time>
    <name><![CDATA[
        ]]>
    </name>
    <cmt>
        </cmt>
    <desc><![CDATA[]]>
    </desc>
    <sym>Flag, Blue</sym>
    <type>user</type>
    <extensions>
      <PosType>0</PosType>
      <Speed>0.0</Speed>
      <Accuracy>2.0</Accuracy>
      <Time>1783054979964</Time>
      <description><![CDATA[]]>
      </description>
      <FileId>1638117652</FileId>
      <FileSize>1368581</FileSize>
      <FileType>0</FileType>
    </extensions>
  </wpt>
  <wpt lat="29.4001167" lon="120.230375">
    <ele>266.4</ele>
    <time>2026-07-03T05:05:11Z</time>
    <name><![CDATA[铁门出去
        ]]>
    </name>
    <cmt>铁门出去
        </cmt>
    <desc><![CDATA[]]>
    </desc>
    <sym>Flag, Blue</sym>
    <type>user</type>
    <extensions>
      <PosType>0</PosType>
      <Speed>0.0</Speed>
      <Accuracy>2.0</Accuracy>
      <Time>1783055111955</Time>
      <description><![CDATA[]]>
      </description>
    </extensions>
  </wpt>
  <wpt lat="29.4001683" lon="120.230485">
    <ele>276.2</ele>
    <time>2026-07-03T05:06:03Z</time>
    <name><![CDATA[
        ]]>
    </name>
    <cmt>
        </cmt>
    <desc><![CDATA[]]>
    </desc>
    <sym>Flag, Blue</sym>
    <type>user</type>
    <extensions>
      <PosType>0</PosType>
      <Speed>0.0</Speed>
      <Accuracy>1.8</Accuracy>
      <Time>1783055163964</Time>
      <description><![CDATA[]]>
      </description>
      <FileId>1638117649</FileId>
      <FileSize>1077793</FileSize>
      <FileType>0</FileType>
    </extensions>
  </wpt>
  <wpt lat="29.400352" lon="120.2305424">
    <ele>283.0</ele>
    <time>2026-07-03T05:06:47Z</time>
    <name><![CDATA[
        ]]>
    </name>
    <cmt>
        </cmt>
    <desc><![CDATA[]]>
    </desc>
    <sym>Flag, Blue</sym>
    <type>user</type>
    <extensions>
      <PosType>0</PosType>
      <Speed>0.61766666</Speed>
      <Accuracy>1.8</Accuracy>
      <Time>1783055207971</Time>
      <description><![CDATA[]]>
      </description>
      <FileId>1638117647</FileId>
      <FileSize>992733</FileSize>
      <FileType>0</FileType>
    </extensions>
  </wpt>
  <wpt lat="29.4006695" lon="120.2306045">
    <ele>277.2</ele>
    <time>2026-07-03T05:07:21Z</time>
    <name><![CDATA[台阶回主路
        ]]>
    </name>
    <cmt>台阶回主路
        </cmt>
    <desc><![CDATA[]]>
    </desc>
    <sym>Flag, Blue</sym>
    <type>user</type>
    <extensions>
      <PosType>0</PosType>
      <Speed>0.0</Speed>
      <Accuracy>1.9</Accuracy>
      <Time>1783055241962</Time>
      <description><![CDATA[]]>
      </description>
      <FileId>1638117646</FileId>
      <FileSize>1319777</FileSize>
      <FileType>0</FileType>
    </extensions>
  </wpt>
  <wpt lat="29.401047" lon="120.2310727">
    <ele>294.9</ele>
    <time>2026-07-03T05:08:43Z</time>
    <name><![CDATA[豆角
        ]]>
    </name>
    <cmt>豆角
        </cmt>
    <desc><![CDATA[]]>
    </desc>
    <sym>Flag, Blue</sym>
    <type>user</type>
    <extensions>
      <PosType>0</PosType>
      <Speed>0.6047986</Speed>
      <Accuracy>1.7</Accuracy>
      <Time>1783055323985</Time>
      <description><![CDATA[]]>
      </description>
      <FileId>1638117645</FileId>
      <FileSize>1634444</FileSize>
      <FileType>0</FileType>
    </extensions>
  </wpt>
  <wpt lat="29.401686" lon="120.2311864">
    <ele>290.7</ele>
    <time>2026-07-03T05:09:51Z</time>
    <name><![CDATA[休息点
        ]]>
    </name>
    <cmt>休息点
        </cmt>
    <desc><![CDATA[]]>
    </desc>
    <sym>Flag, Blue</sym>
    <type>user</type>
    <extensions>
      <PosType>0</PosType>
      <Speed>0.0</Speed>
      <Accuracy>2.1</Accuracy>
      <Time>1783055391968</Time>
      <description><![CDATA[]]>
      </description>
      <FileId>1638117643</FileId>
      <FileSize>1043501</FileSize>
      <FileType>0</FileType>
    </extensions>
  </wpt>
  <wpt lat="29.4022208" lon="120.2312539">
    <ele>300.9</ele>
    <time>2026-07-03T05:10:54Z</time>
    <name><![CDATA[超市
        ]]>
    </name>
    <cmt>超市
        </cmt>
    <desc><![CDATA[]]>
    </desc>
    <sym>Flag, Blue</sym>
    <type>user</type>
    <extensions>
      <PosType>0</PosType>
      <Speed>0.81377584</Speed>
      <Accuracy>2.0</Accuracy>
      <Time>1783055454019</Time>
      <description><![CDATA[]]>
      </description>
      <FileId>1638117641</FileId>
      <FileSize>1097678</FileSize>
      <FileType>0</FileType>
    </extensions>
  </wpt>
  <wpt lat="29.4036763" lon="120.2314625">
    <ele>329.5</ele>
    <time>2026-07-03T05:13:39Z</time>
    <name><![CDATA[溯溪点，边上有桌可以打牌
        ]]>
    </name>
    <cmt>溯溪点，边上有桌可以打牌
        </cmt>
    <desc><![CDATA[]]>
    </desc>
    <sym>Flag, Blue</sym>
    <type>user</type>
    <extensions>
      <PosType>0</PosType>
      <Speed>1.0520922</Speed>
      <Accuracy>2.2</Accuracy>
      <Time>1783055619979</Time>
      <description><![CDATA[]]>
      </description>
      <FileId>1638117638</FileId>
      <FileSize>1057038</FileSize>
      <FileType>0</FileType>
    </extensions>
  </wpt>
  <wpt lat="29.4039751" lon="120.2314625">
    <ele>349.6</ele>
    <time>2026-07-03T05:14:29Z</time>
    <name><![CDATA[右转
        ]]>
    </name>
    <cmt>右转
        </cmt>
    <desc><![CDATA[]]>
    </desc>
    <sym>Flag, Blue</sym>
    <type>user</type>
    <extensions>
      <PosType>0</PosType>
      <Speed>0.0</Speed>
      <Accuracy>2.2</Accuracy>
      <Time>1783055669947</Time>
      <description><![CDATA[]]>
      </description>
      <FileId>1638117636</FileId>
      <FileSize>2012631</FileSize>
      <FileType>0</FileType>
    </extensions>
  </wpt>
  <wpt lat="29.4044875" lon="120.2319673">
    <ele>351.0</ele>
    <time>2026-07-03T05:18:27Z</time>
    <name><![CDATA[
        ]]>
    </name>
    <cmt>
        </cmt>
    <desc><![CDATA[]]>
    </desc>
    <sym>Flag, Blue</sym>
    <type>user</type>
    <extensions>
      <PosType>0</PosType>
      <Speed>0.66090333</Speed>
      <Accuracy>2.0</Accuracy>
      <Time>1783055907958</Time>
      <description><![CDATA[]]>
      </description>
      <FileId>1638117635</FileId>
      <FileSize>920468</FileSize>
      <FileType>0</FileType>
    </extensions>
  </wpt>
  <wpt lat="29.4046141" lon="120.2321164">
    <ele>353.8</ele>
    <time>2026-07-03T05:19:23Z</time>
    <name><![CDATA[
        ]]>
    </name>
    <cmt>
        </cmt>
    <desc><![CDATA[]]>
    </desc>
    <sym>Flag, Blue</sym>
    <type>user</type>
    <extensions>
      <PosType>0</PosType>
      <Speed>0.8333353</Speed>
      <Accuracy>2.2</Accuracy>
      <Time>1783055963988</Time>
      <description><![CDATA[]]>
      </description>
      <FileId>1638117633</FileId>
      <FileSize>1364381</FileSize>
      <FileType>0</FileType>
    </extensions>
  </wpt>
  <wpt lat="29.404656" lon="120.2322235">
    <ele>355.8</ele>
    <time>2026-07-03T05:20:11Z</time>
    <name><![CDATA[
        ]]>
    </name>
    <cmt>
        </cmt>
    <desc><![CDATA[]]>
    </desc>
    <sym>Flag, Blue</sym>
    <type>user</type>
    <extensions>
      <PosType>0</PosType>
      <Speed>0.54303193</Speed>
      <Accuracy>2.2</Accuracy>
      <Time>1783056011980</Time>
      <description><![CDATA[]]>
      </description>
      <FileId>1638117628</FileId>
      <FileSize>1173748</FileSize>
      <FileType>0</FileType>
    </extensions>
  </wpt>
  <wpt lat="29.4049424" lon="120.2323153">
    <ele>369.3</ele>
    <time>2026-07-03T05:23:03Z</time>
    <name><![CDATA[大瀑布
        ]]>
    </name>
    <cmt>大瀑布
        </cmt>
    <desc><![CDATA[]]>
    </desc>
    <sym>Flag, Blue</sym>
    <type>user</type>
    <extensions>
      <PosType>0</PosType>
      <Speed>0.0</Speed>
      <Accuracy>2.1</Accuracy>
      <Time>1783056183949</Time>
      <description><![CDATA[]]>
      </description>
      <FileId>1638117624</FileId>
      <FileSize>1083265</FileSize>
      <FileType>0</FileType>
    </extensions>
  </wpt>
  <wpt lat="29.4048333" lon="120.232683">
    <ele>373.9</ele>
    <time>2026-07-03T05:31:17Z</time>
    <name><![CDATA[陡台阶
        ]]>
    </name>
    <cmt>陡台阶
        </cmt>
    <desc><![CDATA[]]>
    </desc>
    <sym>Flag, Blue</sym>
    <type>user</type>
    <extensions>
      <PosType>0</PosType>
      <Speed>0.6639917</Speed>
      <Accuracy>2.2</Accuracy>
      <Time>1783056677904</Time>
      <description><![CDATA[]]>
      </description>
      <FileId>1638117623</FileId>
      <FileSize>1320696</FileSize>
      <FileType>0</FileType>
    </extensions>
  </wpt>
  <wpt lat="29.4052627" lon="120.2328306">
    <ele>390.2</ele>
    <time>2026-07-03T05:33:17Z</time>
    <name><![CDATA[小瀑布
        ]]>
    </name>
    <cmt>小瀑布
        </cmt>
    <desc><![CDATA[]]>
    </desc>
    <sym>Flag, Blue</sym>
    <type>user</type>
    <extensions>
      <PosType>0</PosType>
      <Speed>0.21927166</Speed>
      <Accuracy>1.8</Accuracy>
      <Time>1783056797939</Time>
      <description><![CDATA[]]>
      </description>
      <FileId>1638117622</FileId>
      <FileSize>1490913</FileSize>
      <FileType>0</FileType>
    </extensions>
  </wpt>
  <wpt lat="29.4055133" lon="120.2331688">
    <ele>405.7</ele>
    <time>2026-07-03T05:34:53Z</time>
    <name><![CDATA[瀑布2
        ]]>
    </name>
    <cmt>瀑布2
        </cmt>
    <desc><![CDATA[]]>
    </desc>
    <sym>Flag, Blue</sym>
    <type>user</type>
    <extensions>
      <PosType>0</PosType>
      <Speed>0.70259583</Speed>
      <Accuracy>1.9</Accuracy>
      <Time>1783056893946</Time>
      <description><![CDATA[]]>
      </description>
      <FileId>1638117621</FileId>
      <FileSize>1365488</FileSize>
      <FileType>0</FileType>
    </extensions>
  </wpt>
  <wpt lat="29.4055133" lon="120.2333471">
    <ele>412.0</ele>
    <time>2026-07-03T05:37:29Z</time>
    <name><![CDATA[陡梯
        ]]>
    </name>
    <cmt>陡梯
        </cmt>
    <desc><![CDATA[]]>
    </desc>
    <sym>Flag, Blue</sym>
    <type>user</type>
    <extensions>
      <PosType>0</PosType>
      <Speed>1.8236609</Speed>
      <Accuracy>2.1</Accuracy>
      <Time>1783057049926</Time>
      <description><![CDATA[]]>
      </description>
      <FileId>1638117618</FileId>
      <FileSize>1274526</FileSize>
      <FileType>0</FileType>
    </extensions>
  </wpt>
  <wpt lat="29.4057709" lon="120.2334911">
    <ele>427.0</ele>
    <time>2026-07-03T05:38:59Z</time>
    <name><![CDATA[八仙亭
        ]]>
    </name>
    <cmt>八仙亭
        </cmt>
    <desc><![CDATA[]]>
    </desc>
    <sym>Flag, Blue</sym>
    <type>user</type>
    <extensions>
      <PosType>0</PosType>
      <Speed>0.861645</Speed>
      <Accuracy>2.0</Accuracy>
      <Time>1783057139961</Time>
      <description><![CDATA[]]>
      </description>
    </extensions>
  </wpt>
  <wpt lat="29.4060871" lon="120.235587">
    <ele>450.4</ele>
    <time>2026-07-03T05:42:35Z</time>
    <name><![CDATA[卫生间
        ]]>
    </name>
    <cmt>卫生间
        </cmt>
    <desc><![CDATA[]]>
    </desc>
    <sym>Flag, Blue</sym>
    <type>user</type>
    <extensions>
      <PosType>0</PosType>
      <Speed>1.0160617</Speed>
      <Accuracy>1.7</Accuracy>
      <Time>1783057355959</Time>
      <description><![CDATA[]]>
      </description>
    </extensions>
  </wpt>
  <wpt lat="29.4062537" lon="120.2359733">
    <ele>474.8</ele>
    <time>2026-07-03T05:43:59Z</time>
    <name><![CDATA[有鱼可喂，再往前走也是一样的风景
        ]]>
    </name>
    <cmt>有鱼可喂，再往前走也是一样的风景
        </cmt>
    <desc><![CDATA[]]>
    </desc>
    <sym>Flag, Blue</sym>
    <type>user</type>
    <extensions>
      <PosType>0</PosType>
      <Speed>0.5605325</Speed>
      <Accuracy>1.8</Accuracy>
      <Time>1783057439981</Time>
      <description><![CDATA[]]>
      </description>
      <FileId>1638117616</FileId>
      <FileSize>1360062</FileSize>
      <FileType>0</FileType>
    </extensions>
  </wpt>
  <wpt lat="29.4069865" lon="120.2351149">
    <ele>513.1</ele>
    <time>2026-07-03T05:49:33Z</time>
    <name><![CDATA[森林台阶
        ]]>
    </name>
    <cmt>森林台阶
        </cmt>
    <desc><![CDATA[]]>
    </desc>
    <sym>Flag, Blue</sym>
    <type>user</type>
    <extensions>
      <PosType>0</PosType>
      <Speed>0.0</Speed>
      <Accuracy>2.2</Accuracy>
      <Time>1783057773895</Time>
      <description><![CDATA[]]>
      </description>
      <FileId>1638117614</FileId>
      <FileSize>1232683</FileSize>
      <FileType>0</FileType>
    </extensions>
  </wpt>
  <wpt lat="29.4081879" lon="120.2344186">
    <ele>564.9</ele>
    <time>2026-07-03T05:54:25Z</time>
    <name><![CDATA[凉亭
        ]]>
    </name>
    <cmt>凉亭
        </cmt>
    <desc><![CDATA[]]>
    </desc>
    <sym>Flag, Blue</sym>
    <type>user</type>
    <extensions>
      <PosType>0</PosType>
      <Speed>0.0</Speed>
      <Accuracy>1.8</Accuracy>
      <Time>1783058065956</Time>
      <description><![CDATA[]]>
      </description>
      <FileId>1638117612</FileId>
      <FileSize>1274120</FileSize>
      <FileType>0</FileType>
    </extensions>
  </wpt>
  <wpt lat="29.4097555" lon="120.2334376">
    <ele>643.8</ele>
    <time>2026-07-03T06:01:41Z</time>
    <name><![CDATA[左转下山，右转登顶
        ]]>
    </name>
    <cmt>左转下山，右转登顶
        </cmt>
    <desc><![CDATA[]]>
    </desc>
    <sym>Flag, Blue</sym>
    <type>user</type>
    <extensions>
      <PosType>0</PosType>
      <Speed>0.2733175</Speed>
      <Accuracy>1.7</Accuracy>
      <Time>1783058501970</Time>
      <description><![CDATA[]]>
      </description>
    </extensions>
  </wpt>
  <wpt lat="29.4097411" lon="120.2333269">
    <ele>651.5</ele>
    <time>2026-07-03T06:02:17Z</time>
    <name><![CDATA[卫生间
        ]]>
    </name>
    <cmt>卫生间
        </cmt>
    <desc><![CDATA[]]>
    </desc>
    <sym>Flag, Blue</sym>
    <type>user</type>
    <extensions>
      <PosType>0</PosType>
      <Speed>0.49053028</Speed>
      <Accuracy>1.6</Accuracy>
      <Time>1783058537958</Time>
      <description><![CDATA[]]>
      </description>
      <FileId>1638117609</FileId>
      <FileSize>486641</FileSize>
      <FileType>0</FileType>
    </extensions>
  </wpt>
  <wpt lat="29.4097841" lon="120.2329072">
    <ele>643.4</ele>
    <time>2026-07-03T06:03:31Z</time>
    <name><![CDATA[殿
        ]]>
    </name>
    <cmt>殿
        </cmt>
    <desc><![CDATA[]]>
    </desc>
    <sym>Flag, Blue</sym>
    <type>user</type>
    <extensions>
      <PosType>0</PosType>
      <Speed>0.38552696</Speed>
      <Accuracy>1.6</Accuracy>
      <Time>1783058611958</Time>
      <description><![CDATA[]]>
      </description>
      <FileId>1638117608</FileId>
      <FileSize>1055020</FileSize>
      <FileType>0</FileType>
    </extensions>
  </wpt>
  <wpt lat="29.4098731" lon="120.232792">
    <ele>651.4</ele>
    <time>2026-07-03T06:04:53Z</time>
    <name><![CDATA[山洞
        ]]>
    </name>
    <cmt>山洞
        </cmt>
    <desc><![CDATA[]]>
    </desc>
    <sym>Flag, Blue</sym>
    <type>user</type>
    <extensions>
      <PosType>0</PosType>
      <Speed>0.8827486</Speed>
      <Accuracy>2.0</Accuracy>
      <Time>1783058693951</Time>
      <description><![CDATA[]]>
      </description>
      <FileId>1638117606</FileId>
      <FileSize>1272032</FileSize>
      <FileType>0</FileType>
    </extensions>
  </wpt>
  <wpt lat="29.410021" lon="120.232894">
    <ele>649.3</ele>
    <time>2026-07-03T06:05:35Z</time>
    <name><![CDATA[山洞
        ]]>
    </name>
    <cmt>山洞
        </cmt>
    <desc><![CDATA[]]>
    </desc>
    <sym>Flag, Blue</sym>
    <type>user</type>
    <extensions>
      <PosType>0</PosType>
      <Speed>0.0</Speed>
      <Accuracy>2.5</Accuracy>
      <Time>1783058735998</Time>
      <description><![CDATA[]]>
      </description>
      <FileId>1638117605</FileId>
      <FileSize>781255</FileSize>
      <FileType>0</FileType>
    </extensions>
  </wpt>
  <wpt lat="29.4097458" lon="120.2328429">
    <ele>657.2</ele>
    <time>2026-07-03T06:07:05Z</time>
    <name><![CDATA[
        ]]>
    </name>
    <cmt>
        </cmt>
    <desc><![CDATA[]]>
    </desc>
    <sym>Flag, Blue</sym>
    <type>user</type>
    <extensions>
      <PosType>0</PosType>
      <Speed>0.0</Speed>
      <Accuracy>33.7</Accuracy>
      <Time>1783058825925</Time>
      <description><![CDATA[]]>
      </description>
      <FileId>1638117603</FileId>
      <FileSize>919269</FileSize>
      <FileType>0</FileType>
    </extensions>
  </wpt>
  <wpt lat="29.4098657" lon="120.2330929">
    <ele>646.5</ele>
    <time>2026-07-03T06:09:30Z</time>
    <name><![CDATA[这边下山
        ]]>
    </name>
    <cmt>这边下山
        </cmt>
    <desc><![CDATA[]]>
    </desc>
    <sym>Flag, Blue</sym>
    <type>user</type>
    <extensions>
      <PosType>0</PosType>
      <Speed>1.2862909</Speed>
      <Accuracy>1.7</Accuracy>
      <Time>1783058970977</Time>
      <description><![CDATA[]]>
      </description>
      <FileId>1638117601</FileId>
      <FileSize>1608777</FileSize>
      <FileType>0</FileType>
    </extensions>
  </wpt>
  <wpt lat="29.4097967" lon="120.2330633">
    <ele>646.8</ele>
    <time>2026-07-03T06:12:54Z</time>
    <name><![CDATA[小卖部
        ]]>
    </name>
    <cmt>小卖部
        </cmt>
    <desc><![CDATA[]]>
    </desc>
    <sym>Flag, Blue</sym>
    <type>user</type>
    <extensions>
      <PosType>0</PosType>
      <Speed>0.8734836</Speed>
      <Accuracy>1.5</Accuracy>
      <Time>1783059174972</Time>
      <description><![CDATA[]]>
      </description>
      <FileId>1638117599</FileId>
      <FileSize>1225666</FileSize>
      <FileType>0</FileType>
    </extensions>
  </wpt>
  <wpt lat="29.4085422" lon="120.2325772">
    <ele>598.7</ele>
    <time>2026-07-03T06:16:23Z</time>
    <name><![CDATA[台阶下山
        ]]>
    </name>
    <cmt>台阶下山
        </cmt>
    <desc><![CDATA[]]>
    </desc>
    <sym>Flag, Blue</sym>
    <type>user</type>
    <extensions>
      <PosType>0</PosType>
      <Speed>1.413942</Speed>
      <Accuracy>1.5</Accuracy>
      <Time>1783059383002</Time>
      <description><![CDATA[]]>
      </description>
      <FileId>1638117596</FileId>
      <FileSize>1082613</FileSize>
      <FileType>0</FileType>
    </extensions>
  </wpt>
  <wpt lat="29.40877" lon="120.2316393">
    <ele>563.9</ele>
    <time>2026-07-03T06:18:18Z</time>
    <name><![CDATA[凉亭
        ]]>
    </name>
    <cmt>凉亭
        </cmt>
    <desc><![CDATA[]]>
    </desc>
    <sym>Flag, Blue</sym>
    <type>user</type>
    <extensions>
      <PosType>0</PosType>
      <Speed>1.0438566</Speed>
      <Accuracy>1.6</Accuracy>
      <Time>1783059498965</Time>
      <description><![CDATA[]]>
      </description>
      <FileId>1638117593</FileId>
      <FileSize>1096072</FileSize>
      <FileType>0</FileType>
    </extensions>
  </wpt>
  <wpt lat="29.4082966" lon="120.229691">
    <ele>500.0</ele>
    <time>2026-07-03T06:23:44Z</time>
    <name><![CDATA[都是台阶
        ]]>
    </name>
    <cmt>都是台阶
        </cmt>
    <desc><![CDATA[]]>
    </desc>
    <sym>Flag, Blue</sym>
    <type>user</type>
    <extensions>
      <PosType>0</PosType>
      <Speed>1.4962975</Speed>
      <Accuracy>1.7</Accuracy>
      <Time>1783059824947</Time>
      <description><![CDATA[]]>
      </description>
    </extensions>
  </wpt>
  <wpt lat="29.4074558" lon="120.2297015">
    <ele>467.9</ele>
    <time>2026-07-03T06:25:46Z</time>
    <name><![CDATA[有水了
        ]]>
    </name>
    <cmt>有水了
        </cmt>
    <desc><![CDATA[]]>
    </desc>
    <sym>Flag, Blue</sym>
    <type>user</type>
    <extensions>
      <PosType>0</PosType>
      <Speed>0.8575272</Speed>
      <Accuracy>1.6</Accuracy>
      <Time>1783059946970</Time>
      <description><![CDATA[]]>
      </description>
      <FileId>1638117591</FileId>
      <FileSize>1528566</FileSize>
      <FileType>0</FileType>
    </extensions>
  </wpt>
  <wpt lat="29.4072442" lon="120.2294681">
    <ele>445.2</ele>
    <time>2026-07-03T06:27:20Z</time>
    <name><![CDATA[凉亭瀑布
        ]]>
    </name>
    <cmt>凉亭瀑布
        </cmt>
    <desc><![CDATA[]]>
    </desc>
    <sym>Flag, Blue</sym>
    <type>user</type>
    <extensions>
      <PosType>0</PosType>
      <Speed>0.9954728</Speed>
      <Accuracy>1.7</Accuracy>
      <Time>1783060040938</Time>
      <description><![CDATA[]]>
      </description>
      <FileId>1638117585</FileId>
      <FileSize>913084</FileSize>
      <FileType>0</FileType>
    </extensions>
  </wpt>
  <wpt lat="29.4068584" lon="120.2296914">
    <ele>428.9</ele>
    <time>2026-07-03T06:29:20Z</time>
    <name><![CDATA[厕所
        ]]>
    </name>
    <cmt>厕所
        </cmt>
    <desc><![CDATA[]]>
    </desc>
    <sym>Flag, Blue</sym>
    <type>user</type>
    <extensions>
      <PosType>0</PosType>
      <Speed>0.78803974</Speed>
      <Accuracy>1.8</Accuracy>
      <Time>1783060160945</Time>
      <description><![CDATA[]]>
      </description>
      <FileId>1638117583</FileId>
      <FileSize>959313</FileSize>
      <FileType>0</FileType>
    </extensions>
  </wpt>
  <wpt lat="29.4059423" lon="120.2301947">
    <ele>416.1</ele>
    <time>2026-07-03T06:31:10Z</time>
    <name><![CDATA[溪流路段
        ]]>
    </name>
    <cmt>溪流路段
        </cmt>
    <desc><![CDATA[]]>
    </desc>
    <sym>Flag, Blue</sym>
    <type>user</type>
    <extensions>
      <PosType>0</PosType>
      <Speed>1.1406244</Speed>
      <Accuracy>1.8</Accuracy>
      <Time>1783060270927</Time>
      <description><![CDATA[]]>
      </description>
      <FileId>1638117581</FileId>
      <FileSize>1211918</FileSize>
      <FileType>0</FileType>
    </extensions>
  </wpt>
  <wpt lat="29.405087" lon="120.2304397">
    <ele>381.1</ele>
    <time>2026-07-03T06:33:06Z</time>
    <name><![CDATA[凉亭
        ]]>
    </name>
    <cmt>凉亭
        </cmt>
    <desc><![CDATA[]]>
    </desc>
    <sym>Flag, Blue</sym>
    <type>user</type>
    <extensions>
      <PosType>0</PosType>
      <Speed>0.0</Speed>
      <Accuracy>2.1</Accuracy>
      <Time>1783060386967</Time>
      <description><![CDATA[]]>
      </description>
    </extensions>
  </wpt>
  <wpt lat="29.4048092" lon="120.2306631">
    <ele>370.1</ele>
    <time>2026-07-03T06:34:42Z</time>
    <name><![CDATA[老藤蔓
        ]]>
    </name>
    <cmt>老藤蔓
        </cmt>
    <desc><![CDATA[]]>
    </desc>
    <sym>Flag, Blue</sym>
    <type>user</type>
    <extensions>
      <PosType>0</PosType>
      <Speed>0.44626418</Speed>
      <Accuracy>2.0</Accuracy>
      <Time>1783060482970</Time>
      <description><![CDATA[]]>
      </description>
      <FileId>1638117579</FileId>
      <FileSize>1222499</FileSize>
      <FileType>0</FileType>
    </extensions>
  </wpt>
  <wpt lat="29.4005498" lon="120.2308466">
    <ele>293.8</ele>
    <time>2026-07-03T06:42:30Z</time>
    <name><![CDATA[
        ]]>
    </name>
    <cmt>
        </cmt>
    <desc><![CDATA[]]>
    </desc>
    <sym>Flag, Blue</sym>
    <type>user</type>
    <extensions>
      <PosType>0</PosType>
      <Speed>0.0</Speed>
      <Accuracy>1.7</Accuracy>
      <Time>1783060950947</Time>
      <description><![CDATA[]]>
      </description>
      <FileId>1638117577</FileId>
      <FileSize>797489</FileSize>
      <FileType>0</FileType>
    </extensions>
  </wpt>
  <wpt lat="29.4004198" lon="120.2308994">
    <ele>290.0</ele>
    <time>2026-07-03T06:43:18Z</time>
    <name><![CDATA[
        ]]>
    </name>
    <cmt>
        </cmt>
    <desc><![CDATA[]]>
    </desc>
    <sym>Flag, Blue</sym>
    <type>user</type>
    <extensions>
      <PosType>0</PosType>
      <Speed>0.0</Speed>
      <Accuracy>3.1</Accuracy>
      <Time>1783060998917</Time>
      <description><![CDATA[]]>
      </description>
      <FileId>1638117522</FileId>
      <FileSize>825012</FileSize>
      <FileType>0</FileType>
    </extensions>
  </wpt>
  <wpt lat="29.4003292" lon="120.2307445">
    <ele>295.4</ele>
    <time>2026-07-03T06:43:42Z</time>
    <name><![CDATA[龙潭禅寺
        ]]>
    </name>
    <cmt>龙潭禅寺
        </cmt>
    <desc><![CDATA[]]>
    </desc>
    <sym>Flag, Blue</sym>
    <type>user</type>
    <extensions>
      <PosType>0</PosType>
      <Speed>1.1447423</Speed>
      <Accuracy>1.9</Accuracy>
      <Time>1783061022983</Time>
      <description><![CDATA[]]>
      </description>
      <FileId>1638117515</FileId>
      <FileSize>880466</FileSize>
      <FileType>0</FileType>
    </extensions>
  </wpt>
</gpx>