<?xml version='1.0' encoding='UTF-8' standalone='yes' ?>
<gpx version="1.1" creator="GPSBabel - http://www.gpsbabel.org" xmlns:xsi="http://www.w3.org/2001/XMLSchema-instance" xmlns="http://www.topografix.com/GPX/1/1" xsi:schemaLocation="http://www.topografix.com/GPX/1/1 http://www.topografix.com/GPX/1/1/gpx.xsd">
  <metadata>
    <link href="http://www.garmin.com">
      <text>Garmin International</text>
    </link>
    <time>2026-02-01T04:49:53Z</time>
    <bounds minlat="29.0509617" minlon="119.9279999" maxlat="29.0632389" maxlon="119.9449053" />
  </metadata>
  <extensions>
    <name><![CDATA[山后胡大寒尖看雾凇260201]]>
    </name>
    <description><![CDATA[]]>
    </description>
    <TrackId>79714604</TrackId>
    <TrackTypeId>8</TrackTypeId>
    <TrackTags>外部导入,徒步</TrackTags>
    <BeginTime>1769921393000</BeginTime>
    <EndTime>1769937678000</EndTime>
    <TimeUsed>16285000</TimeUsed>
    <PauseTime>6607</PauseTime>
    <PosStartName>永康市人民法院共享法庭(山后胡村)</PosStartName>
    <PosEndName>永康市人民法院共享法庭(山后胡村)</PosEndName>
    <ProductVersion>and_8.1.1</ProductVersion>
    <StartDistrictId>9662</StartDistrictId>
    <EndDistrictId>9662</EndDistrictId>
    <CreaterId>64771087</CreaterId>
    <CreaterName><![CDATA[步履赴山野]]>
    </CreaterName>
    <CreaterIcon>1523534626</CreaterIcon>
    <OriginCreaterId>64771087</OriginCreaterId>
    <OriginCreaterNickname><![CDATA[步履赴山野]]>
    </OriginCreaterNickname>
    <OriginCreaterName><![CDATA[null]]>
    </OriginCreaterName>
    <OriginCreaterIcon>1523534626</OriginCreaterIcon>
    <ThumbnailId>1552315058</ThumbnailId>
    <Distance>5485.0</Distance>
    <ElevationGain>454.17999999999995</ElevationGain>
    <ElevationLoss>439.2799999999999</ElevationLoss>
    <SportAvgSpeed>0.3369497222483816</SportAvgSpeed>
  </extensions>
  <trk>
    <trkseg>
      <trkpt lat="29.0509617" lon="119.92809">
        <ele>496.4</ele>
        <time>2026-02-01T04:49:56Z</time>
        <speed>0.7180375</speed>
      </trkpt>
      <trkpt lat="29.051045" lon="119.928155">
        <ele>496.4</ele>
        <time>2026-02-01T04:50:05Z</time>
        <speed>0.9429711</speed>
      </trkpt>
      <trkpt lat="29.0511001" lon="119.928244">
        <ele>499.67</ele>
        <time>2026-02-01T04:50:13Z</time>
        <speed>1.2904086</speed>
      </trkpt>
      <trkpt lat="29.0511232" lon="119.9283488">
        <ele>501.88</ele>
        <time>2026-02-01T04:50:23Z</time>
        <speed>1.065475</speed>
      </trkpt>
      <trkpt lat="29.0511136" lon="119.9284536">
        <ele>503.95</ele>
        <time>2026-02-01T04:50:37Z</time>
        <speed>0.6140636</speed>
      </trkpt>
      <trkpt lat="29.0511224" lon="119.928564">
        <ele>505.78</ele>
        <time>2026-02-01T04:50:47Z</time>
        <speed>1.1812875</speed>
      </trkpt>
      <trkpt lat="29.0511506" lon="119.9286556">
        <ele>507.12</ele>
        <time>2026-02-01T04:50:59Z</time>
        <speed>0.0</speed>
      </trkpt>
      <trkpt lat="29.0512281" lon="119.9286707">
        <ele>508.4</ele>
        <time>2026-02-01T04:51:05Z</time>
        <speed>0.9887814</speed>
      </trkpt>
      <trkpt lat="29.0513378" lon="119.9286598">
        <ele>509.48</ele>
        <time>2026-02-01T04:51:15Z</time>
        <speed>1.1426834</speed>
      </trkpt>
      <trkpt lat="29.0513961" lon="119.9287316">
        <ele>511.34</ele>
        <time>2026-02-01T04:51:24Z</time>
        <speed>1.1874641</speed>
      </trkpt>
      <trkpt lat="29.051456" lon="119.9288374">
        <ele>513.6</ele>
        <time>2026-02-01T04:51:36Z</time>
        <speed>0.9681925</speed>
      </trkpt>
      <trkpt lat="29.0515364" lon="119.9289231">
        <ele>515.32</ele>
        <time>2026-02-01T04:51:58Z</time>
        <speed>0.35104054</speed>
      </trkpt>
      <trkpt lat="29.0515983" lon="119.9290095">
        <ele>517.08</ele>
        <time>2026-02-01T04:52:08Z</time>
        <speed>0.9239264</speed>
      </trkpt>
      <trkpt lat="29.0516826" lon="119.9290781">
        <ele>518.46</ele>
        <time>2026-02-01T04:52:18Z</time>
        <speed>1.0361358</speed>
      </trkpt>
      <trkpt lat="29.0517595" lon="119.9291448">
        <ele>519.43</ele>
        <time>2026-02-01T04:52:30Z</time>
        <speed>0.8287028</speed>
      </trkpt>
      <trkpt lat="29.0518351" lon="119.9292129">
        <ele>518.77</ele>
        <time>2026-02-01T04:52:40Z</time>
        <speed>1.0500333</speed>
      </trkpt>
      <trkpt lat="29.0518965" lon="119.9293133">
        <ele>516.67</ele>
        <time>2026-02-01T04:52:50Z</time>
        <speed>1.1643016</speed>
      </trkpt>
      <trkpt lat="29.0519463" lon="119.9294069">
        <ele>515.27</ele>
        <time>2026-02-01T04:52:58Z</time>
        <speed>1.2492309</speed>
      </trkpt>
      <trkpt lat="29.0519991" lon="119.9295002">
        <ele>515.24</ele>
        <time>2026-02-01T04:53:06Z</time>
        <speed>1.5369606</speed>
      </trkpt>
      <trkpt lat="29.0520239" lon="119.9296115">
        <ele>516.21</ele>
        <time>2026-02-01T04:53:16Z</time>
        <speed>1.3135711</speed>
      </trkpt>
      <trkpt lat="29.0519988" lon="119.9297155">
        <ele>518.23</ele>
        <time>2026-02-01T04:53:32Z</time>
        <speed>1.0335622</speed>
      </trkpt>
      <trkpt lat="29.0519334" lon="119.9298119">
        <ele>520.71</ele>
        <time>2026-02-01T04:53:44Z</time>
        <speed>1.1493747</speed>
      </trkpt>
      <trkpt lat="29.0518645" lon="119.9299041">
        <ele>522.3</ele>
        <time>2026-02-01T04:54:04Z</time>
        <speed>0.6742861</speed>
      </trkpt>
      <trkpt lat="29.0517896" lon="119.9299963">
        <ele>521.31</ele>
        <time>2026-02-01T04:54:14Z</time>
        <speed>1.0001053</speed>
      </trkpt>
      <trkpt lat="29.0517476" lon="119.9300989">
        <ele>520.32</ele>
        <time>2026-02-01T04:54:22Z</time>
        <speed>1.328498</speed>
      </trkpt>
      <trkpt lat="29.0516916" lon="119.9301855">
        <ele>520.22</ele>
        <time>2026-02-01T04:54:30Z</time>
        <speed>1.3073944</speed>
      </trkpt>
      <trkpt lat="29.0516533" lon="119.9302883">
        <ele>520.51</ele>
        <time>2026-02-01T04:54:50Z</time>
        <speed>0.40199804</speed>
      </trkpt>
      <trkpt lat="29.051628" lon="119.930399">
        <ele>521.2</ele>
        <time>2026-02-01T04:55:02Z</time>
        <speed>0.9259853</speed>
      </trkpt>
      <trkpt lat="29.0516142" lon="119.9305219">
        <ele>521.84</ele>
        <time>2026-02-01T04:55:14Z</time>
        <speed>0.9100289</speed>
      </trkpt>
      <trkpt lat="29.0515808" lon="119.9306274">
        <ele>522.21</ele>
        <time>2026-02-01T04:55:24Z</time>
        <speed>0.98569304</speed>
      </trkpt>
      <trkpt lat="29.0515566" lon="119.9307317">
        <ele>522.77</ele>
        <time>2026-02-01T04:55:36Z</time>
        <speed>0.7020811</speed>
      </trkpt>
      <trkpt lat="29.0515387" lon="119.9308384">
        <ele>523.51</ele>
        <time>2026-02-01T04:55:50Z</time>
        <speed>0.82561445</speed>
      </trkpt>
      <trkpt lat="29.051534" lon="119.9309513">
        <ele>523.55</ele>
        <time>2026-02-01T04:56:08Z</time>
        <speed>0.50236887</speed>
      </trkpt>
      <trkpt lat="29.0515162" lon="119.9310615">
        <ele>523.87</ele>
        <time>2026-02-01T04:56:16Z</time>
        <speed>1.0402536</speed>
      </trkpt>
      <trkpt lat="29.0514738" lon="119.9311704">
        <ele>524.36</ele>
        <time>2026-02-01T04:56:28Z</time>
        <speed>0.94914776</speed>
      </trkpt>
      <trkpt lat="29.0514714" lon="119.9312799">
        <ele>524.38</ele>
        <time>2026-02-01T04:56:40Z</time>
        <speed>1.0665045</speed>
      </trkpt>
      <trkpt lat="29.0514826" lon="119.9313924">
        <ele>524.26</ele>
        <time>2026-02-01T04:56:50Z</time>
        <speed>1.2358481</speed>
      </trkpt>
      <trkpt lat="29.0514873" lon="119.9314996">
        <ele>523.07</ele>
        <time>2026-02-01T04:57:04Z</time>
        <speed>0.5311933</speed>
      </trkpt>
      <trkpt lat="29.0514882" lon="119.9316097">
        <ele>523.99</ele>
        <time>2026-02-01T04:57:18Z</time>
        <speed>0.8436297</speed>
      </trkpt>
      <trkpt lat="29.0515148" lon="119.9317223">
        <ele>526.32</ele>
        <time>2026-02-01T04:57:30Z</time>
        <speed>0.89046943</speed>
      </trkpt>
      <trkpt lat="29.0515532" lon="119.9318283">
        <ele>528.76</ele>
        <time>2026-02-01T04:57:42Z</time>
        <speed>0.861645</speed>
      </trkpt>
      <trkpt lat="29.0515933" lon="119.9319455">
        <ele>530.5</ele>
        <time>2026-02-01T04:57:52Z</time>
        <speed>1.1807728</speed>
      </trkpt>
      <trkpt lat="29.0516501" lon="119.9320483">
        <ele>531.79</ele>
        <time>2026-02-01T04:58:00Z</time>
        <speed>1.4751939</speed>
      </trkpt>
      <trkpt lat="29.0516646" lon="119.9321503">
        <ele>532.48</ele>
        <time>2026-02-01T04:58:10Z</time>
        <speed>1.0438566</speed>
      </trkpt>
      <trkpt lat="29.0516386" lon="119.9322464">
        <ele>532.45</ele>
        <time>2026-02-01T04:58:18Z</time>
        <speed>1.5518875</speed>
      </trkpt>
      <trkpt lat="29.0516105" lon="119.9323543">
        <ele>532.08</ele>
        <time>2026-02-01T04:58:34Z</time>
        <speed>1.1205503</speed>
      </trkpt>
      <trkpt lat="29.0516411" lon="119.9324521">
        <ele>531.79</ele>
        <time>2026-02-01T04:58:46Z</time>
        <speed>0.96253055</speed>
      </trkpt>
      <trkpt lat="29.0516299" lon="119.9325583">
        <ele>531.58</ele>
        <time>2026-02-01T04:58:54Z</time>
        <speed>1.1411391</speed>
      </trkpt>
      <trkpt lat="29.0516498" lon="119.9326229">
        <ele>531.97</ele>
        <time>2026-02-01T04:59:06Z</time>
        <speed>0.0</speed>
      </trkpt>
      <trkpt lat="29.0516972" lon="119.9326983">
        <ele>532.37</ele>
        <time>2026-02-01T04:59:30Z</time>
        <speed>0.7015664</speed>
      </trkpt>
      <trkpt lat="29.0517361" lon="119.9327985">
        <ele>533.24</ele>
        <time>2026-02-01T04:59:40Z</time>
        <speed>1.1215798</speed>
      </trkpt>
      <trkpt lat="29.0517571" lon="119.9329121">
        <ele>533.78</ele>
        <time>2026-02-01T04:59:50Z</time>
        <speed>1.2497456</speed>
      </trkpt>
      <trkpt lat="29.051766" lon="119.9330208">
        <ele>533.4</ele>
        <time>2026-02-01T05:00:00Z</time>
        <speed>0.8585567</speed>
      </trkpt>
      <trkpt lat="29.0517523" lon="119.9331263">
        <ele>532.63</ele>
        <time>2026-02-01T05:00:10Z</time>
        <speed>1.2971</speed>
      </trkpt>
      <trkpt lat="29.0517314" lon="119.9332441">
        <ele>531.8</ele>
        <time>2026-02-01T05:00:32Z</time>
        <speed>1.05621</speed>
      </trkpt>
      <trkpt lat="29.0517096" lon="119.9333575">
        <ele>532.14</ele>
        <time>2026-02-01T05:00:46Z</time>
        <speed>0.81480527</speed>
      </trkpt>
      <trkpt lat="29.0517263" lon="119.9334599">
        <ele>532.38</ele>
        <time>2026-02-01T05:00:56Z</time>
        <speed>0.9362797</speed>
      </trkpt>
      <trkpt lat="29.0517617" lon="119.9335556">
        <ele>532.3</ele>
        <time>2026-02-01T05:01:08Z</time>
        <speed>0.95069194</speed>
      </trkpt>
      <trkpt lat="29.0517683" lon="119.9336619">
        <ele>533.64</ele>
        <time>2026-02-01T05:01:28Z</time>
        <speed>0.7293614</speed>
      </trkpt>
      <trkpt lat="29.0517989" lon="119.933759">
        <ele>534.48</ele>
        <time>2026-02-01T05:01:52Z</time>
        <speed>0.40354222</speed>
      </trkpt>
      <trkpt lat="29.0518349" lon="119.9338637">
        <ele>535.74</ele>
        <time>2026-02-01T05:02:04Z</time>
        <speed>1.0778283</speed>
      </trkpt>
      <trkpt lat="29.051897" lon="119.933944">
        <ele>536.37</ele>
        <time>2026-02-01T05:02:14Z</time>
        <speed>0.9537803</speed>
      </trkpt>
      <trkpt lat="29.051944" lon="119.9340416">
        <ele>537.07</ele>
        <time>2026-02-01T05:02:24Z</time>
        <speed>1.0706222</speed>
      </trkpt>
      <trkpt lat="29.0519598" lon="119.9341466">
        <ele>537.99</ele>
        <time>2026-02-01T05:02:32Z</time>
        <speed>1.2476866</speed>
      </trkpt>
      <trkpt lat="29.0519928" lon="119.9342453">
        <ele>539.54</ele>
        <time>2026-02-01T05:02:46Z</time>
        <speed>0.7849514</speed>
      </trkpt>
      <trkpt lat="29.0520087" lon="119.9343574">
        <ele>543.01</ele>
        <time>2026-02-01T05:03:00Z</time>
        <speed>1.2023911</speed>
      </trkpt>
      <trkpt lat="29.0519657" lon="119.9344506">
        <ele>546.27</ele>
        <time>2026-02-01T05:03:18Z</time>
        <speed>0.80245197</speed>
      </trkpt>
      <trkpt lat="29.0519521" lon="119.9345576">
        <ele>549.34</ele>
        <time>2026-02-01T05:03:46Z</time>
        <speed>0.6387703</speed>
      </trkpt>
      <trkpt lat="29.0520194" lon="119.9345925">
        <ele>549.49</ele>
        <time>2026-02-01T05:03:54Z</time>
        <speed>1.14886</speed>
      </trkpt>
      <trkpt lat="29.0521115" lon="119.9346133">
        <ele>549.32</ele>
        <time>2026-02-01T05:04:08Z</time>
        <speed>0.6356819</speed>
      </trkpt>
      <trkpt lat="29.0522035" lon="119.9346489">
        <ele>548.8</ele>
        <time>2026-02-01T05:04:20Z</time>
        <speed>0.8168642</speed>
      </trkpt>
      <trkpt lat="29.0522893" lon="119.9347153">
        <ele>549.23</ele>
        <time>2026-02-01T05:04:30Z</time>
        <speed>1.0551805</speed>
      </trkpt>
      <trkpt lat="29.0523759" lon="119.9347834">
        <ele>550.59</ele>
        <time>2026-02-01T05:04:44Z</time>
        <speed>0.8225261</speed>
      </trkpt>
      <trkpt lat="29.0524496" lon="119.9348572">
        <ele>551.41</ele>
        <time>2026-02-01T05:04:52Z</time>
        <speed>1.2868055</speed>
      </trkpt>
      <trkpt lat="29.0524632" lon="119.9348809">
        <ele>551.75</ele>
        <time>2026-02-01T05:05:00Z</time>
        <speed>0.0</speed>
      </trkpt>
      <trkpt lat="29.0524777" lon="119.9349569">
        <ele>552.33</ele>
        <time>2026-02-01T05:05:24Z</time>
        <speed>0.80296665</speed>
      </trkpt>
      <trkpt lat="29.0524487" lon="119.9350782">
        <ele>552.83</ele>
        <time>2026-02-01T05:06:02Z</time>
        <speed>0.31655416</speed>
      </trkpt>
      <trkpt lat="29.052418" lon="119.9352043">
        <ele>554.8</ele>
        <time>2026-02-01T05:06:24Z</time>
        <speed>0.5847244</speed>
      </trkpt>
      <trkpt lat="29.0524251" lon="119.9353202">
        <ele>554.84</ele>
        <time>2026-02-01T05:06:38Z</time>
        <speed>0.657815</speed>
      </trkpt>
      <trkpt lat="29.0524856" lon="119.935409">
        <ele>555.43</ele>
        <time>2026-02-01T05:06:54Z</time>
        <speed>0.45244083</speed>
      </trkpt>
      <trkpt lat="29.0525757" lon="119.9354848">
        <ele>555.59</ele>
        <time>2026-02-01T05:07:02Z</time>
        <speed>0.9476036</speed>
      </trkpt>
      <trkpt lat="29.0526844" lon="119.9354908">
        <ele>555.59</ele>
        <time>2026-02-01T05:07:18Z</time>
        <speed>0.4956775</speed>
      </trkpt>
      <trkpt lat="29.0527876" lon="119.9354688">
        <ele>557.92</ele>
        <time>2026-02-01T05:07:30Z</time>
        <speed>1.0150322</speed>
      </trkpt>
      <trkpt lat="29.0528835" lon="119.9354387">
        <ele>560.62</ele>
        <time>2026-02-01T05:07:44Z</time>
        <speed>0.79473114</speed>
      </trkpt>
      <trkpt lat="29.052948" lon="119.9355059">
        <ele>565.77</ele>
        <time>2026-02-01T05:08:04Z</time>
        <speed>0.53325224</speed>
      </trkpt>
      <trkpt lat="29.0530082" lon="119.9355988">
        <ele>573.57</ele>
        <time>2026-02-01T05:08:18Z</time>
        <speed>0.8014225</speed>
      </trkpt>
      <trkpt lat="29.0530484" lon="119.9357057">
        <ele>578.53</ele>
        <time>2026-02-01T05:08:30Z</time>
        <speed>0.5945042</speed>
      </trkpt>
      <trkpt lat="29.0530874" lon="119.9358118">
        <ele>582.13</ele>
        <time>2026-02-01T05:08:56Z</time>
        <speed>0.5739153</speed>
      </trkpt>
      <trkpt lat="29.0531489" lon="119.9358949">
        <ele>583.92</ele>
        <time>2026-02-01T05:09:14Z</time>
        <speed>0.7314203</speed>
      </trkpt>
      <trkpt lat="29.0532221" lon="119.9359595">
        <ele>584.43</ele>
        <time>2026-02-01T05:09:36Z</time>
        <speed>0.5538411</speed>
      </trkpt>
      <trkpt lat="29.0532826" lon="119.9360467">
        <ele>585.11</ele>
        <time>2026-02-01T05:09:56Z</time>
        <speed>0.7149492</speed>
      </trkpt>
      <trkpt lat="29.0532848" lon="119.9361497">
        <ele>587.17</ele>
        <time>2026-02-01T05:10:14Z</time>
        <speed>0.6907572</speed>
      </trkpt>
      <trkpt lat="29.0532984" lon="119.9362554">
        <ele>589.2</ele>
        <time>2026-02-01T05:10:44Z</time>
        <speed>0.5353111</speed>
      </trkpt>
      <trkpt lat="29.0532969" lon="119.9363697">
        <ele>590.49</ele>
        <time>2026-02-01T05:11:08Z</time>
        <speed>0.92083806</speed>
      </trkpt>
      <trkpt lat="29.0533298" lon="119.9364714">
        <ele>587.66</ele>
        <time>2026-02-01T05:11:28Z</time>
        <speed>0.5126633</speed>
      </trkpt>
      <trkpt lat="29.0534043" lon="119.9365563">
        <ele>581.74</ele>
        <time>2026-02-01T05:11:44Z</time>
        <speed>0.6186961</speed>
      </trkpt>
      <trkpt lat="29.0535016" lon="119.9366015">
        <ele>577.76</ele>
        <time>2026-02-01T05:11:54Z</time>
        <speed>1.0325328</speed>
      </trkpt>
      <trkpt lat="29.0536043" lon="119.9366232">
        <ele>576.15</ele>
        <time>2026-02-01T05:12:08Z</time>
        <speed>0.67685974</speed>
      </trkpt>
      <trkpt lat="29.0536824" lon="119.9366879">
        <ele>575.39</ele>
        <time>2026-02-01T05:12:18Z</time>
        <speed>0.95841277</speed>
      </trkpt>
      <trkpt lat="29.0537661" lon="119.936766">
        <ele>575.48</ele>
        <time>2026-02-01T05:12:32Z</time>
        <speed>0.41280723</speed>
      </trkpt>
      <trkpt lat="29.0538485" lon="119.9368318">
        <ele>576.01</ele>
        <time>2026-02-01T05:12:42Z</time>
        <speed>0.7828925</speed>
      </trkpt>
      <trkpt lat="29.0539127" lon="119.9369133">
        <ele>575.92</ele>
        <time>2026-02-01T05:13:30Z</time>
        <speed>0.40817472</speed>
      </trkpt>
      <trkpt lat="29.0539629" lon="119.9370179">
        <ele>576.08</ele>
        <time>2026-02-01T05:13:40Z</time>
        <speed>0.8776014</speed>
      </trkpt>
      <trkpt lat="29.0539638" lon="119.9371303">
        <ele>576.99</ele>
        <time>2026-02-01T05:14:00Z</time>
        <speed>0.78546613</speed>
      </trkpt>
      <trkpt lat="29.0539543" lon="119.9372437">
        <ele>579.92</ele>
        <time>2026-02-01T05:14:12Z</time>
        <speed>0.9012786</speed>
      </trkpt>
      <trkpt lat="29.0539394" lon="119.9373562">
        <ele>583.01</ele>
        <time>2026-02-01T05:14:38Z</time>
        <speed>0.44574943</speed>
      </trkpt>
      <trkpt lat="29.0539399" lon="119.9374688">
        <ele>583.26</ele>
        <time>2026-02-01T05:14:54Z</time>
        <speed>0.47354445</speed>
      </trkpt>
      <trkpt lat="29.0539601" lon="119.9375724">
        <ele>582.72</ele>
        <time>2026-02-01T05:15:30Z</time>
        <speed>0.37574723</speed>
      </trkpt>
      <trkpt lat="29.0540075" lon="119.9376637">
        <ele>581.64</ele>
        <time>2026-02-01T05:15:52Z</time>
        <speed>0.39736557</speed>
      </trkpt>
      <trkpt lat="29.0540437" lon="119.9377584">
        <ele>581.28</ele>
        <time>2026-02-01T05:16:22Z</time>
        <speed>0.57597417</speed>
      </trkpt>
      <trkpt lat="29.0541214" lon="119.9377738">
        <ele>583.14</ele>
        <time>2026-02-01T05:16:38Z</time>
        <speed>0.54097307</speed>
      </trkpt>
      <trkpt lat="29.0542075" lon="119.9377355">
        <ele>586.91</ele>
        <time>2026-02-01T05:16:52Z</time>
        <speed>0.74686193</speed>
      </trkpt>
      <trkpt lat="29.0542978" lon="119.9376771">
        <ele>591.33</ele>
        <time>2026-02-01T05:17:08Z</time>
        <speed>0.7242142</speed>
      </trkpt>
      <trkpt lat="29.0543591" lon="119.9377268">
        <ele>595.28</ele>
        <time>2026-02-01T05:17:44Z</time>
        <speed>0.35309944</speed>
      </trkpt>
      <trkpt lat="29.0544417" lon="119.9377033">
        <ele>599.33</ele>
        <time>2026-02-01T05:21:44Z</time>
        <speed>0.43391085</speed>
      </trkpt>
      <trkpt lat="29.054525" lon="119.9377433">
        <ele>606.37</ele>
        <time>2026-02-01T05:21:54Z</time>
        <speed>0.8976756</speed>
      </trkpt>
      <trkpt lat="29.0545985" lon="119.9378073">
        <ele>609.95</ele>
        <time>2026-02-01T05:22:34Z</time>
        <speed>0.92238224</speed>
      </trkpt>
      <trkpt lat="29.0546689" lon="119.9378807">
        <ele>609.46</ele>
        <time>2026-02-01T05:23:04Z</time>
        <speed>0.6531825</speed>
      </trkpt>
      <trkpt lat="29.054722" lon="119.9379834">
        <ele>609.39</ele>
        <time>2026-02-01T05:23:32Z</time>
        <speed>0.56670916</speed>
      </trkpt>
      <trkpt lat="29.0547516" lon="119.9380987">
        <ele>612.45</ele>
        <time>2026-02-01T05:23:44Z</time>
        <speed>0.71958166</speed>
      </trkpt>
      <trkpt lat="29.0547336" lon="119.9382052">
        <ele>615.57</ele>
        <time>2026-02-01T05:24:02Z</time>
        <speed>0.63774085</speed>
      </trkpt>
      <trkpt lat="29.0547314" lon="119.9383217">
        <ele>617.6</ele>
        <time>2026-02-01T05:24:14Z</time>
        <speed>0.9795164</speed>
      </trkpt>
      <trkpt lat="29.0547674" lon="119.9384413">
        <ele>619.97</ele>
        <time>2026-02-01T05:24:50Z</time>
        <speed>0.8250997</speed>
      </trkpt>
      <trkpt lat="29.0547884" lon="119.9385563">
        <ele>621.23</ele>
        <time>2026-02-01T05:25:02Z</time>
        <speed>0.57443</speed>
      </trkpt>
      <trkpt lat="29.0548224" lon="119.9386589">
        <ele>622.25</ele>
        <time>2026-02-01T05:25:30Z</time>
        <speed>0.6871542</speed>
      </trkpt>
      <trkpt lat="29.0548411" lon="119.9387644">
        <ele>622.53</ele>
        <time>2026-02-01T05:25:50Z</time>
        <speed>0.5214136</speed>
      </trkpt>
      <trkpt lat="29.0548473" lon="119.9388679">
        <ele>623.25</ele>
        <time>2026-02-01T05:26:06Z</time>
        <speed>0.41383666</speed>
      </trkpt>
      <trkpt lat="29.0548205" lon="119.9389709">
        <ele>624.22</ele>
        <time>2026-02-01T05:26:20Z</time>
        <speed>0.75458276</speed>
      </trkpt>
      <trkpt lat="29.0548178" lon="119.9390826">
        <ele>625.54</ele>
        <time>2026-02-01T05:26:48Z</time>
        <speed>0.7499503</speed>
      </trkpt>
      <trkpt lat="29.0548073" lon="119.9391926">
        <ele>626.13</ele>
        <time>2026-02-01T05:27:04Z</time>
        <speed>0.7741422</speed>
      </trkpt>
      <trkpt lat="29.0548189" lon="119.9393016">
        <ele>625.0</ele>
        <time>2026-02-01T05:27:12Z</time>
        <speed>1.3279834</speed>
      </trkpt>
      <trkpt lat="29.0547939" lon="119.9394176">
        <ele>623.58</ele>
        <time>2026-02-01T05:27:24Z</time>
        <speed>0.9295883</speed>
      </trkpt>
      <trkpt lat="29.0548133" lon="119.93953">
        <ele>623.24</ele>
        <time>2026-02-01T05:27:32Z</time>
        <speed>1.5838003</speed>
      </trkpt>
      <trkpt lat="29.0547854" lon="119.9396293">
        <ele>622.84</ele>
        <time>2026-02-01T05:27:44Z</time>
        <speed>0.8750278</speed>
      </trkpt>
      <trkpt lat="29.0547522" lon="119.9397276">
        <ele>622.18</ele>
        <time>2026-02-01T05:27:52Z</time>
        <speed>1.4376192</speed>
      </trkpt>
      <trkpt lat="29.0547352" lon="119.9397737">
        <ele>621.07</ele>
        <time>2026-02-01T05:28:06Z</time>
        <speed>0.0</speed>
      </trkpt>
      <trkpt lat="29.054825" lon="119.939705">
        <ele>621.04</ele>
        <time>2026-02-01T05:29:28Z</time>
        <speed>0.59193057</speed>
      </trkpt>
      <trkpt lat="29.0549167" lon="119.9397517">
        <ele>623.26</ele>
        <time>2026-02-01T05:29:50Z</time>
        <speed>0.71186084</speed>
      </trkpt>
      <trkpt lat="29.0550097" lon="119.9397744">
        <ele>625.26</ele>
        <time>2026-02-01T05:30:06Z</time>
        <speed>0.60788697</speed>
      </trkpt>
      <trkpt lat="29.0551069" lon="119.9397529">
        <ele>626.48</ele>
        <time>2026-02-01T05:30:32Z</time>
        <speed>0.92804414</speed>
      </trkpt>
      <trkpt lat="29.0551991" lon="119.9397539">
        <ele>627.05</ele>
        <time>2026-02-01T05:30:46Z</time>
        <speed>0.8184083</speed>
      </trkpt>
      <trkpt lat="29.0552794" lon="119.9397972">
        <ele>627.67</ele>
        <time>2026-02-01T05:31:00Z</time>
        <speed>0.73039085</speed>
      </trkpt>
      <trkpt lat="29.0553304" lon="119.9398826">
        <ele>628.42</ele>
        <time>2026-02-01T05:31:28Z</time>
        <speed>0.48538306</speed>
      </trkpt>
      <trkpt lat="29.0553964" lon="119.939955">
        <ele>630.26</ele>
        <time>2026-02-01T05:31:48Z</time>
        <speed>0.4884714</speed>
      </trkpt>
      <trkpt lat="29.0554048" lon="119.940058">
        <ele>632.6</ele>
        <time>2026-02-01T05:32:12Z</time>
        <speed>0.30471554</speed>
      </trkpt>
      <trkpt lat="29.055455" lon="119.9401435">
        <ele>634.36</ele>
        <time>2026-02-01T05:32:24Z</time>
        <speed>0.6773744</speed>
      </trkpt>
      <trkpt lat="29.0555037" lon="119.9402505">
        <ele>635.63</ele>
        <time>2026-02-01T05:32:42Z</time>
        <speed>0.7607595</speed>
      </trkpt>
      <trkpt lat="29.0555814" lon="119.9403186">
        <ele>636.69</ele>
        <time>2026-02-01T05:32:54Z</time>
        <speed>0.8101728</speed>
      </trkpt>
      <trkpt lat="29.0556657" lon="119.9403789">
        <ele>636.91</ele>
        <time>2026-02-01T05:33:14Z</time>
        <speed>0.47148556</speed>
      </trkpt>
      <trkpt lat="29.0557645" lon="119.9404114">
        <ele>638.02</ele>
        <time>2026-02-01T05:33:30Z</time>
        <speed>0.6480353</speed>
      </trkpt>
      <trkpt lat="29.0558686" lon="119.9404486">
        <ele>638.96</ele>
        <time>2026-02-01T05:33:50Z</time>
        <speed>0.861645</speed>
      </trkpt>
      <trkpt lat="29.0559631" lon="119.9404235">
        <ele>639.28</ele>
        <time>2026-02-01T05:34:18Z</time>
        <speed>0.5044278</speed>
      </trkpt>
      <trkpt lat="29.0560493" lon="119.9404515">
        <ele>639.85</ele>
        <time>2026-02-01T05:34:34Z</time>
        <speed>0.42207223</speed>
      </trkpt>
      <trkpt lat="29.0561337" lon="119.9404916">
        <ele>640.34</ele>
        <time>2026-02-01T05:35:26Z</time>
        <speed>0.58009195</speed>
      </trkpt>
      <trkpt lat="29.0562128" lon="119.9405515">
        <ele>641.92</ele>
        <time>2026-02-01T05:35:42Z</time>
        <speed>0.4915597</speed>
      </trkpt>
      <trkpt lat="29.0562916" lon="119.9406113">
        <ele>643.2</ele>
        <time>2026-02-01T05:36:16Z</time>
        <speed>0.27589113</speed>
      </trkpt>
      <trkpt lat="29.0563782" lon="119.9406556">
        <ele>644.1</ele>
        <time>2026-02-01T05:36:30Z</time>
        <speed>0.69178665</speed>
      </trkpt>
      <trkpt lat="29.0564643" lon="119.9406934">
        <ele>644.53</ele>
        <time>2026-02-01T05:36:48Z</time>
        <speed>0.5754594</speed>
      </trkpt>
      <trkpt lat="29.056556" lon="119.9406991">
        <ele>646.41</ele>
        <time>2026-02-01T05:37:16Z</time>
        <speed>0.0</speed>
      </trkpt>
      <trkpt lat="29.056646" lon="119.9407161">
        <ele>649.42</ele>
        <time>2026-02-01T05:37:34Z</time>
        <speed>0.5219283</speed>
      </trkpt>
      <trkpt lat="29.05674" lon="119.9407294">
        <ele>651.3</ele>
        <time>2026-02-01T05:37:54Z</time>
        <speed>0.39942443</speed>
      </trkpt>
      <trkpt lat="29.0568328" lon="119.9407317">
        <ele>653.62</ele>
        <time>2026-02-01T05:38:10Z</time>
        <speed>0.54766446</speed>
      </trkpt>
      <trkpt lat="29.056925" lon="119.9407518">
        <ele>656.02</ele>
        <time>2026-02-01T05:38:20Z</time>
        <speed>1.0634161</speed>
      </trkpt>
      <trkpt lat="29.0570205" lon="119.9407529">
        <ele>657.91</ele>
        <time>2026-02-01T05:38:36Z</time>
        <speed>0.7993636</speed>
      </trkpt>
      <trkpt lat="29.0571085" lon="119.9407879">
        <ele>660.01</ele>
        <time>2026-02-01T05:38:54Z</time>
        <speed>0.6047986</speed>
      </trkpt>
      <trkpt lat="29.0571899" lon="119.940841">
        <ele>661.51</ele>
        <time>2026-02-01T05:39:08Z</time>
        <speed>0.6356819</speed>
      </trkpt>
      <trkpt lat="29.0572778" lon="119.9408855">
        <ele>663.06</ele>
        <time>2026-02-01T05:39:22Z</time>
        <speed>0.5070014</speed>
      </trkpt>
      <trkpt lat="29.0573537" lon="119.9409452">
        <ele>664.06</ele>
        <time>2026-02-01T05:39:36Z</time>
        <speed>0.64031446</speed>
      </trkpt>
      <trkpt lat="29.0574414" lon="119.9409848">
        <ele>665.24</ele>
        <time>2026-02-01T05:40:24Z</time>
        <speed>0.5342817</speed>
      </trkpt>
      <trkpt lat="29.0575415" lon="119.9409973">
        <ele>667.07</ele>
        <time>2026-02-01T05:40:40Z</time>
        <speed>0.5445761</speed>
      </trkpt>
      <trkpt lat="29.0576296" lon="119.9410355">
        <ele>668.81</ele>
        <time>2026-02-01T05:40:56Z</time>
        <speed>0.5862686</speed>
      </trkpt>
      <trkpt lat="29.0577274" lon="119.9410523">
        <ele>670.65</ele>
        <time>2026-02-01T05:41:22Z</time>
        <speed>0.54097307</speed>
      </trkpt>
      <trkpt lat="29.057804" lon="119.9411221">
        <ele>672.26</ele>
        <time>2026-02-01T05:41:36Z</time>
        <speed>0.7715686</speed>
      </trkpt>
      <trkpt lat="29.0578724" lon="119.9411959">
        <ele>673.91</ele>
        <time>2026-02-01T05:41:50Z</time>
        <speed>0.6367114</speed>
      </trkpt>
      <trkpt lat="29.0579337" lon="119.9412763">
        <ele>675.76</ele>
        <time>2026-02-01T05:42:02Z</time>
        <speed>0.7180375</speed>
      </trkpt>
      <trkpt lat="29.0580097" lon="119.9413376">
        <ele>677.32</ele>
        <time>2026-02-01T05:42:24Z</time>
        <speed>0.37471777</speed>
      </trkpt>
      <trkpt lat="29.0580917" lon="119.94141">
        <ele>679.89</ele>
        <time>2026-02-01T05:45:32Z</time>
        <speed>0.10860639</speed>
      </trkpt>
      <trkpt lat="29.0581833" lon="119.941395">
        <ele>682.65</ele>
        <time>2026-02-01T05:46:28Z</time>
        <speed>0.3567025</speed>
      </trkpt>
      <trkpt lat="29.0582835" lon="119.9414237">
        <ele>685.64</ele>
        <time>2026-02-01T05:46:56Z</time>
        <speed>0.29802418</speed>
      </trkpt>
      <trkpt lat="29.0583825" lon="119.941437">
        <ele>686.18</ele>
        <time>2026-02-01T05:47:24Z</time>
        <speed>0.71031666</speed>
      </trkpt>
      <trkpt lat="29.058475" lon="119.9414746">
        <ele>687.95</ele>
        <time>2026-02-01T05:47:42Z</time>
        <speed>0.6279611</speed>
      </trkpt>
      <trkpt lat="29.0585701" lon="119.9414932">
        <ele>690.64</ele>
        <time>2026-02-01T05:48:10Z</time>
        <speed>0.48126528</speed>
      </trkpt>
      <trkpt lat="29.0586738" lon="119.9415336">
        <ele>693.76</ele>
        <time>2026-02-01T05:48:50Z</time>
        <speed>0.55178225</speed>
      </trkpt>
      <trkpt lat="29.0587294" lon="119.9416198">
        <ele>694.08</ele>
        <time>2026-02-01T05:49:08Z</time>
        <speed>0.0</speed>
      </trkpt>
      <trkpt lat="29.0588158" lon="119.9416377">
        <ele>696.02</ele>
        <time>2026-02-01T05:49:48Z</time>
        <speed>0.6516383</speed>
      </trkpt>
      <trkpt lat="29.058897" lon="119.9416778">
        <ele>701.39</ele>
        <time>2026-02-01T05:50:12Z</time>
        <speed>0.6001661</speed>
      </trkpt>
      <trkpt lat="29.0589822" lon="119.9417343">
        <ele>705.35</ele>
        <time>2026-02-01T05:50:44Z</time>
        <speed>1.0572394</speed>
      </trkpt>
      <trkpt lat="29.0590589" lon="119.9417954">
        <ele>707.7</ele>
        <time>2026-02-01T05:51:16Z</time>
        <speed>0.29648</speed>
      </trkpt>
      <trkpt lat="29.0591385" lon="119.9418523">
        <ele>710.62</ele>
        <time>2026-02-01T05:51:34Z</time>
        <speed>0.46222055</speed>
      </trkpt>
      <trkpt lat="29.0591896" lon="119.9419407">
        <ele>712.63</ele>
        <time>2026-02-01T05:51:54Z</time>
        <speed>0.0</speed>
      </trkpt>
      <trkpt lat="29.059264" lon="119.9419878">
        <ele>715.42</ele>
        <time>2026-02-01T05:52:14Z</time>
        <speed>0.54817915</speed>
      </trkpt>
      <trkpt lat="29.0593267" lon="119.9420883">
        <ele>721.78</ele>
        <time>2026-02-01T05:56:30Z</time>
        <speed>0.61097527</speed>
      </trkpt>
      <trkpt lat="29.0594083" lon="119.9421533">
        <ele>727.89</ele>
        <time>2026-02-01T05:56:58Z</time>
        <speed>0.0</speed>
      </trkpt>
      <trkpt lat="29.0594928" lon="119.9422085">
        <ele>729.96</ele>
        <time>2026-02-01T05:57:46Z</time>
        <speed>0.5857539</speed>
      </trkpt>
      <trkpt lat="29.0595778" lon="119.9422503">
        <ele>732.3</ele>
        <time>2026-02-01T05:58:30Z</time>
        <speed>0.51729584</speed>
      </trkpt>
      <trkpt lat="29.0596366" lon="119.9423355">
        <ele>735.14</ele>
        <time>2026-02-01T05:59:10Z</time>
        <speed>0.33251056</speed>
      </trkpt>
      <trkpt lat="29.059706" lon="119.9424069">
        <ele>736.8</ele>
        <time>2026-02-01T05:59:50Z</time>
        <speed>0.35309944</speed>
      </trkpt>
      <trkpt lat="29.0597667" lon="119.942484">
        <ele>740.59</ele>
        <time>2026-02-01T06:00:10Z</time>
        <speed>0.0</speed>
      </trkpt>
      <trkpt lat="29.0598357" lon="119.9425492">
        <ele>744.25</ele>
        <time>2026-02-01T06:00:42Z</time>
        <speed>0.54817915</speed>
      </trkpt>
      <trkpt lat="29.059872" lon="119.9426534">
        <ele>746.77</ele>
        <time>2026-02-01T06:01:32Z</time>
        <speed>0.49001557</speed>
      </trkpt>
      <trkpt lat="29.0599483" lon="119.9427117">
        <ele>749.1</ele>
        <time>2026-02-01T06:03:10Z</time>
        <speed>0.46685305</speed>
      </trkpt>
      <trkpt lat="29.05992" lon="119.9428117">
        <ele>751.6</ele>
        <time>2026-02-01T06:07:14Z</time>
        <speed>0.991355</speed>
      </trkpt>
      <trkpt lat="29.06" lon="119.94287">
        <ele>755.47</ele>
        <time>2026-02-01T06:07:54Z</time>
        <speed>0.41332194</speed>
      </trkpt>
      <trkpt lat="29.0600715" lon="119.9429382">
        <ele>759.87</ele>
        <time>2026-02-01T06:08:12Z</time>
        <speed>0.56001776</speed>
      </trkpt>
      <trkpt lat="29.0601158" lon="119.9430326">
        <ele>764.01</ele>
        <time>2026-02-01T06:08:48Z</time>
        <speed>0.0</speed>
      </trkpt>
      <trkpt lat="29.0601692" lon="119.9429898">
        <ele>766.89</ele>
        <time>2026-02-01T06:09:20Z</time>
        <speed>1.0618719</speed>
      </trkpt>
      <trkpt lat="29.0602054" lon="119.9429879">
        <ele>770.59</ele>
        <time>2026-02-01T06:09:36Z</time>
        <speed>0.0</speed>
      </trkpt>
      <trkpt lat="29.0603267" lon="119.9430167">
        <ele>775.67</ele>
        <time>2026-02-01T06:11:00Z</time>
        <speed>0.39427722</speed>
      </trkpt>
      <trkpt lat="29.060305" lon="119.9431167">
        <ele>779.17</ele>
        <time>2026-02-01T06:11:28Z</time>
        <speed>0.44780833</speed>
      </trkpt>
      <trkpt lat="29.0603383" lon="119.9432167">
        <ele>781.81</ele>
        <time>2026-02-01T06:13:06Z</time>
        <speed>0.46016166</speed>
      </trkpt>
      <trkpt lat="29.0602583" lon="119.9432767">
        <ele>786.06</ele>
        <time>2026-02-01T06:13:48Z</time>
        <speed>0.0</speed>
      </trkpt>
      <trkpt lat="29.06034" lon="119.943345">
        <ele>792.14</ele>
        <time>2026-02-01T06:15:18Z</time>
        <speed>0.6840658</speed>
      </trkpt>
      <trkpt lat="29.0604367" lon="119.9433383">
        <ele>797.33</ele>
        <time>2026-02-01T06:15:42Z</time>
        <speed>0.5625914</speed>
      </trkpt>
      <trkpt lat="29.0605249" lon="119.9432908">
        <ele>801.32</ele>
        <time>2026-02-01T06:15:56Z</time>
        <speed>0.8719394</speed>
      </trkpt>
      <trkpt lat="29.0606129" lon="119.9432617">
        <ele>803.5</ele>
        <time>2026-02-01T06:16:20Z</time>
        <speed>0.5322228</speed>
      </trkpt>
      <trkpt lat="29.060702" lon="119.9432758">
        <ele>806.86</ele>
        <time>2026-02-01T06:16:42Z</time>
        <speed>0.41641027</speed>
      </trkpt>
      <trkpt lat="29.0608017" lon="119.9433417">
        <ele>810.58</ele>
        <time>2026-02-01T06:17:16Z</time>
        <speed>0.34795222</speed>
      </trkpt>
      <trkpt lat="29.060904" lon="119.9433757">
        <ele>814.54</ele>
        <time>2026-02-01T06:17:58Z</time>
        <speed>0.52244306</speed>
      </trkpt>
      <trkpt lat="29.0610043" lon="119.9433751">
        <ele>816.37</ele>
        <time>2026-02-01T06:18:22Z</time>
        <speed>0.6748008</speed>
      </trkpt>
      <trkpt lat="29.0611059" lon="119.9433726">
        <ele>820.9</ele>
        <time>2026-02-01T06:18:48Z</time>
        <speed>0.37265888</speed>
      </trkpt>
      <trkpt lat="29.0612015" lon="119.9433737">
        <ele>825.29</ele>
        <time>2026-02-01T06:19:18Z</time>
        <speed>0.46685305</speed>
      </trkpt>
      <trkpt lat="29.0612761" lon="119.9433194">
        <ele>828.69</ele>
        <time>2026-02-01T06:19:54Z</time>
        <speed>0.0</speed>
      </trkpt>
      <trkpt lat="29.0612882" lon="119.9432201">
        <ele>828.95</ele>
        <time>2026-02-01T06:20:14Z</time>
        <speed>0.59090114</speed>
      </trkpt>
      <trkpt lat="29.0613413" lon="119.9432304">
        <ele>830.74</ele>
        <time>2026-02-01T06:20:48Z</time>
        <speed>0.0</speed>
      </trkpt>
      <trkpt lat="29.061411" lon="119.9432924">
        <ele>832.48</ele>
        <time>2026-02-01T06:21:26Z</time>
        <speed>0.5595031</speed>
      </trkpt>
      <trkpt lat="29.0615042" lon="119.9433394">
        <ele>834.51</ele>
        <time>2026-02-01T06:21:52Z</time>
        <speed>0.59090114</speed>
      </trkpt>
      <trkpt lat="29.06156" lon="119.9434262">
        <ele>837.39</ele>
        <time>2026-02-01T06:22:28Z</time>
        <speed>0.4472936</speed>
      </trkpt>
      <trkpt lat="29.061635" lon="119.9434983">
        <ele>841.65</ele>
        <time>2026-02-01T06:27:52Z</time>
        <speed>0.4488378</speed>
      </trkpt>
      <trkpt lat="29.061725" lon="119.94351">
        <ele>854.49</ele>
        <time>2026-02-01T06:28:32Z</time>
        <speed>0.0</speed>
      </trkpt>
      <trkpt lat="29.0617995" lon="119.9435738">
        <ele>859.74</ele>
        <time>2026-02-01T06:29:00Z</time>
        <speed>0.6655358</speed>
      </trkpt>
      <trkpt lat="29.0618725" lon="119.9436444">
        <ele>860.8</ele>
        <time>2026-02-01T06:29:30Z</time>
        <speed>0.31603944</speed>
      </trkpt>
      <trkpt lat="29.061945" lon="119.9437235">
        <ele>864.24</ele>
        <time>2026-02-01T06:29:56Z</time>
        <speed>0.34846693</speed>
      </trkpt>
      <trkpt lat="29.0620276" lon="119.9437836">
        <ele>866.89</ele>
        <time>2026-02-01T06:30:56Z</time>
        <speed>0.4869272</speed>
      </trkpt>
      <trkpt lat="29.0621241" lon="119.9438329">
        <ele>870.51</ele>
        <time>2026-02-01T06:31:20Z</time>
        <speed>0.46891195</speed>
      </trkpt>
      <trkpt lat="29.062219" lon="119.9438523">
        <ele>876.74</ele>
        <time>2026-02-01T06:31:48Z</time>
        <speed>1.0989319</speed>
      </trkpt>
      <trkpt lat="29.0622348" lon="119.9438566">
        <ele>878.62</ele>
        <time>2026-02-01T06:31:50Z</time>
        <speed>0.0</speed>
      </trkpt>
      <trkpt lat="29.0623" lon="119.9438767">
        <ele>879.17</ele>
        <time>2026-02-01T06:33:02Z</time>
        <speed>0.3963361</speed>
      </trkpt>
      <trkpt lat="29.0624017" lon="119.9439133">
        <ele>883.78</ele>
        <time>2026-02-01T06:33:20Z</time>
        <speed>0.47869167</speed>
      </trkpt>
      <trkpt lat="29.0624892" lon="119.9439585">
        <ele>884.91</ele>
        <time>2026-02-01T06:33:54Z</time>
        <speed>0.6840658</speed>
      </trkpt>
      <trkpt lat="29.0625217" lon="119.944055">
        <ele>886.28</ele>
        <time>2026-02-01T06:35:02Z</time>
        <speed>0.0</speed>
      </trkpt>
      <trkpt lat="29.0625583" lon="119.94415">
        <ele>889.95</ele>
        <time>2026-02-01T06:39:40Z</time>
        <speed>0.0</speed>
      </trkpt>
      <trkpt lat="29.062505" lon="119.9442333">
        <ele>897.2</ele>
        <time>2026-02-01T06:40:48Z</time>
        <speed>0.0</speed>
      </trkpt>
      <trkpt lat="29.0624083" lon="119.94424">
        <ele>901.07</ele>
        <time>2026-02-01T06:42:18Z</time>
        <speed>0.3268486</speed>
      </trkpt>
      <trkpt lat="29.06248" lon="119.9443033">
        <ele>904.7</ele>
        <time>2026-02-01T06:44:24Z</time>
        <speed>0.67531556</speed>
      </trkpt>
      <trkpt lat="29.062575" lon="119.944335">
        <ele>909.52</ele>
        <time>2026-02-01T06:44:46Z</time>
        <speed>0.4308225</speed>
      </trkpt>
      <trkpt lat="29.0626728" lon="119.944354">
        <ele>912.61</ele>
        <time>2026-02-01T06:45:10Z</time>
        <speed>0.83282053</speed>
      </trkpt>
      <trkpt lat="29.062766" lon="119.9443836">
        <ele>916.47</ele>
        <time>2026-02-01T06:45:48Z</time>
        <speed>0.0</speed>
      </trkpt>
      <trkpt lat="29.0628627" lon="119.9443775">
        <ele>917.86</ele>
        <time>2026-02-01T06:46:24Z</time>
        <speed>0.60788697</speed>
      </trkpt>
      <trkpt lat="29.0628758" lon="119.9442822">
        <ele>920.07</ele>
        <time>2026-02-01T06:46:42Z</time>
        <speed>0.7566417</speed>
      </trkpt>
      <trkpt lat="29.0629345" lon="119.9442785">
        <ele>922.36</ele>
        <time>2026-02-01T06:47:08Z</time>
        <speed>0.4997953</speed>
      </trkpt>
      <trkpt lat="29.0629781" lon="119.9443593">
        <ele>923.84</ele>
        <time>2026-02-01T06:47:34Z</time>
        <speed>0.46530887</speed>
      </trkpt>
      <trkpt lat="29.063001" lon="119.9444778">
        <ele>923.91</ele>
        <time>2026-02-01T06:47:50Z</time>
        <speed>0.7113461</speed>
      </trkpt>
      <trkpt lat="29.0629771" lon="119.9446007">
        <ele>924.12</ele>
        <time>2026-02-01T06:48:10Z</time>
        <speed>0.7607595</speed>
      </trkpt>
      <trkpt lat="29.0629327" lon="119.9447088">
        <ele>925.62</ele>
        <time>2026-02-01T06:48:26Z</time>
        <speed>0.5770036</speed>
      </trkpt>
      <trkpt lat="29.0628528" lon="119.9447937">
        <ele>928.79</ele>
        <time>2026-02-01T06:49:14Z</time>
        <speed>0.6773744</speed>
      </trkpt>
      <trkpt lat="29.0627779" lon="119.9448692">
        <ele>929.7</ele>
        <time>2026-02-01T06:49:30Z</time>
        <speed>0.4514114</speed>
      </trkpt>
      <trkpt lat="29.0626717" lon="119.94488">
        <ele>930.78</ele>
        <time>2026-02-01T06:50:30Z</time>
        <speed>0.50339836</speed>
      </trkpt>
      <trkpt lat="29.0625767" lon="119.944885">
        <ele>934.14</ele>
        <time>2026-02-01T06:51:14Z</time>
        <speed>1.1437128</speed>
      </trkpt>
      <trkpt lat="29.0624788" lon="119.94489">
        <ele>936.49</ele>
        <time>2026-02-01T06:51:20Z</time>
        <speed>1.6635822</speed>
      </trkpt>
      <trkpt lat="29.0623702" lon="119.9449053">
        <ele>937.48</ele>
        <time>2026-02-01T06:51:30Z</time>
        <speed>1.3933531</speed>
      </trkpt>
      <trkpt lat="29.0622745" lon="119.9449037">
        <ele>937.1</ele>
        <time>2026-02-01T06:51:44Z</time>
        <speed>0.88944</speed>
      </trkpt>
      <trkpt lat="29.0623667" lon="119.9448817">
        <ele>935.55</ele>
        <time>2026-02-01T06:59:48Z</time>
        <speed>0.5203842</speed>
      </trkpt>
      <trkpt lat="29.0622767" lon="119.9448867">
        <ele>938.46</ele>
        <time>2026-02-01T07:01:28Z</time>
        <speed>0.6331083</speed>
      </trkpt>
      <trkpt lat="29.0623767" lon="119.944865">
        <ele>938.3</ele>
        <time>2026-02-01T07:02:12Z</time>
        <speed>1.2152592</speed>
      </trkpt>
      <trkpt lat="29.0624499" lon="119.9448631">
        <ele>941.53</ele>
        <time>2026-02-01T07:02:28Z</time>
        <speed>0.0</speed>
      </trkpt>
      <trkpt lat="29.0623533" lon="119.94488">
        <ele>941.17</ele>
        <time>2026-02-01T07:07:20Z</time>
        <speed>0.58060664</speed>
      </trkpt>
      <trkpt lat="29.0622633" lon="119.9448667">
        <ele>941.48</ele>
        <time>2026-02-01T07:07:32Z</time>
        <speed>0.79730475</speed>
      </trkpt>
      <trkpt lat="29.0623313" lon="119.9448477">
        <ele>942.22</ele>
        <time>2026-02-01T07:07:50Z</time>
        <speed>1.3871764</speed>
      </trkpt>
      <trkpt lat="29.0623912" lon="119.9448535">
        <ele>942.82</ele>
        <time>2026-02-01T07:08:08Z</time>
        <speed>0.0</speed>
      </trkpt>
      <trkpt lat="29.0625133" lon="119.9448667">
        <ele>942.51</ele>
        <time>2026-02-01T07:13:42Z</time>
        <speed>0.528105</speed>
      </trkpt>
      <trkpt lat="29.06261" lon="119.94483">
        <ele>942.2</ele>
        <time>2026-02-01T07:13:52Z</time>
        <speed>1.3609256</speed>
      </trkpt>
      <trkpt lat="29.0626672" lon="119.9448779">
        <ele>941.77</ele>
        <time>2026-02-01T07:14:18Z</time>
        <speed>0.0</speed>
      </trkpt>
      <trkpt lat="29.0627354" lon="119.9448354">
        <ele>942.69</ele>
        <time>2026-02-01T07:15:16Z</time>
        <speed>0.78701025</speed>
      </trkpt>
      <trkpt lat="29.06282" lon="119.9447733">
        <ele>944.8</ele>
        <time>2026-02-01T07:16:20Z</time>
        <speed>0.5981072</speed>
      </trkpt>
      <trkpt lat="29.062915" lon="119.94473">
        <ele>942.99</ele>
        <time>2026-02-01T07:16:36Z</time>
        <speed>0.9609864</speed>
      </trkpt>
      <trkpt lat="29.0630015" lon="119.9446909">
        <ele>942.22</ele>
        <time>2026-02-01T07:16:48Z</time>
        <speed>0.82973224</speed>
      </trkpt>
      <trkpt lat="29.0630904" lon="119.9446603">
        <ele>941.87</ele>
        <time>2026-02-01T07:17:04Z</time>
        <speed>0.565165</speed>
      </trkpt>
      <trkpt lat="29.0631738" lon="119.944611">
        <ele>942.23</ele>
        <time>2026-02-01T07:17:20Z</time>
        <speed>0.63825554</speed>
      </trkpt>
      <trkpt lat="29.0632389" lon="119.9445384">
        <ele>943.42</ele>
        <time>2026-02-01T07:17:40Z</time>
        <speed>0.48486835</speed>
      </trkpt>
      <trkpt lat="29.0632263" lon="119.9444392">
        <ele>943.71</ele>
        <time>2026-02-01T07:18:08Z</time>
        <speed>0.50391304</speed>
      </trkpt>
      <trkpt lat="29.0631726" lon="119.9443456">
        <ele>943.66</ele>
        <time>2026-02-01T07:18:28Z</time>
        <speed>0.6681094</speed>
      </trkpt>
      <trkpt lat="29.0631427" lon="119.944234">
        <ele>943.38</ele>
        <time>2026-02-01T07:19:18Z</time>
        <speed>0.7092872</speed>
      </trkpt>
      <trkpt lat="29.0631363" lon="119.9441254">
        <ele>941.97</ele>
        <time>2026-02-01T07:19:32Z</time>
        <speed>0.85546833</speed>
      </trkpt>
      <trkpt lat="29.063111" lon="119.9440157">
        <ele>940.35</ele>
        <time>2026-02-01T07:19:42Z</time>
        <speed>1.7459378</speed>
      </trkpt>
      <trkpt lat="29.0630756" lon="119.9439112">
        <ele>939.34</ele>
        <time>2026-02-01T07:20:04Z</time>
        <speed>0.61509305</speed>
      </trkpt>
      <trkpt lat="29.0630783" lon="119.9438017">
        <ele>939.32</ele>
        <time>2026-02-01T07:21:54Z</time>
        <speed>0.0</speed>
      </trkpt>
      <trkpt lat="29.063035" lon="119.9437033">
        <ele>939.01</ele>
        <time>2026-02-01T07:22:28Z</time>
        <speed>0.42567527</speed>
      </trkpt>
      <trkpt lat="29.0629874" lon="119.9436092">
        <ele>938.28</ele>
        <time>2026-02-01T07:22:54Z</time>
        <speed>0.6742861</speed>
      </trkpt>
      <trkpt lat="29.0629567" lon="119.94349">
        <ele>936.18</ele>
        <time>2026-02-01T07:25:04Z</time>
        <speed>0.0</speed>
      </trkpt>
      <trkpt lat="29.06293" lon="119.9433917">
        <ele>935.07</ele>
        <time>2026-02-01T07:25:56Z</time>
        <speed>0.0</speed>
      </trkpt>
      <trkpt lat="29.0628977" lon="119.9432919">
        <ele>934.78</ele>
        <time>2026-02-01T07:26:24Z</time>
        <speed>0.38295335</speed>
      </trkpt>
      <trkpt lat="29.0628592" lon="119.9431932">
        <ele>935.65</ele>
        <time>2026-02-01T07:27:00Z</time>
        <speed>0.59244525</speed>
      </trkpt>
      <trkpt lat="29.0628427" lon="119.9430911">
        <ele>936.57</ele>
        <time>2026-02-01T07:27:20Z</time>
        <speed>0.89252836</speed>
      </trkpt>
      <trkpt lat="29.0628117" lon="119.9429827">
        <ele>936.41</ele>
        <time>2026-02-01T07:27:34Z</time>
        <speed>0.8467181</speed>
      </trkpt>
      <trkpt lat="29.0627709" lon="119.9428796">
        <ele>935.03</ele>
        <time>2026-02-01T07:27:56Z</time>
        <speed>0.42721945</speed>
      </trkpt>
      <trkpt lat="29.0627283" lon="119.94275">
        <ele>932.95</ele>
        <time>2026-02-01T07:31:32Z</time>
        <speed>0.35309944</speed>
      </trkpt>
      <trkpt lat="29.062685" lon="119.9426483">
        <ele>930.99</ele>
        <time>2026-02-01T07:32:26Z</time>
        <speed>0.5538411</speed>
      </trkpt>
      <trkpt lat="29.0626487" lon="119.9425438">
        <ele>929.79</ele>
        <time>2026-02-01T07:33:00Z</time>
        <speed>0.42310166</speed>
      </trkpt>
      <trkpt lat="29.0625995" lon="119.9424479">
        <ele>929.88</ele>
        <time>2026-02-01T07:33:24Z</time>
        <speed>0.6804628</speed>
      </trkpt>
      <trkpt lat="29.0625514" lon="119.942352">
        <ele>929.8</ele>
        <time>2026-02-01T07:33:42Z</time>
        <speed>0.47148556</speed>
      </trkpt>
      <trkpt lat="29.0624939" lon="119.9422673">
        <ele>929.33</ele>
        <time>2026-02-01T07:34:04Z</time>
        <speed>0.5394289</speed>
      </trkpt>
      <trkpt lat="29.0624481" lon="119.9421701">
        <ele>929.75</ele>
        <time>2026-02-01T07:34:26Z</time>
        <speed>0.43957278</speed>
      </trkpt>
      <trkpt lat="29.0623673" lon="119.9421215">
        <ele>930.16</ele>
        <time>2026-02-01T07:34:40Z</time>
        <speed>0.6233286</speed>
      </trkpt>
      <trkpt lat="29.0622721" lon="119.9420885">
        <ele>930.86</ele>
        <time>2026-02-01T07:35:00Z</time>
        <speed>0.4838389</speed>
      </trkpt>
      <trkpt lat="29.0622059" lon="119.9420186">
        <ele>930.88</ele>
        <time>2026-02-01T07:35:28Z</time>
        <speed>0.7803189</speed>
      </trkpt>
      <trkpt lat="29.062132" lon="119.9419605">
        <ele>930.29</ele>
        <time>2026-02-01T07:36:26Z</time>
        <speed>0.36545277</speed>
      </trkpt>
      <trkpt lat="29.0620617" lon="119.9418883">
        <ele>929.35</ele>
        <time>2026-02-01T07:39:06Z</time>
        <speed>0.43648446</speed>
      </trkpt>
      <trkpt lat="29.061985" lon="119.9418217">
        <ele>926.87</ele>
        <time>2026-02-01T07:39:34Z</time>
        <speed>0.51986945</speed>
      </trkpt>
      <trkpt lat="29.0619182" lon="119.9417395">
        <ele>923.4</ele>
        <time>2026-02-01T07:40:26Z</time>
        <speed>0.28824446</speed>
      </trkpt>
      <trkpt lat="29.0618417" lon="119.94168">
        <ele>920.0</ele>
        <time>2026-02-01T07:42:32Z</time>
        <speed>0.41641027</speed>
      </trkpt>
      <trkpt lat="29.061775" lon="119.9415767">
        <ele>915.87</ele>
        <time>2026-02-01T07:43:18Z</time>
        <speed>0.27486166</speed>
      </trkpt>
      <trkpt lat="29.0616867" lon="119.9415317">
        <ele>912.14</ele>
        <time>2026-02-01T07:44:50Z</time>
        <speed>0.6331083</speed>
      </trkpt>
      <trkpt lat="29.0616483" lon="119.9414333">
        <ele>909.63</ele>
        <time>2026-02-01T07:46:06Z</time>
        <speed>0.0</speed>
      </trkpt>
      <trkpt lat="29.0615617" lon="119.9413917">
        <ele>905.66</ele>
        <time>2026-02-01T07:46:36Z</time>
        <speed>0.4004539</speed>
      </trkpt>
      <trkpt lat="29.0614483" lon="119.9413633">
        <ele>901.16</ele>
        <time>2026-02-01T07:48:30Z</time>
        <speed>0.0</speed>
      </trkpt>
      <trkpt lat="29.06136" lon="119.9413183">
        <ele>898.17</ele>
        <time>2026-02-01T07:50:46Z</time>
        <speed>0.15081361</speed>
      </trkpt>
      <trkpt lat="29.0612883" lon="119.9412467">
        <ele>890.52</ele>
        <time>2026-02-01T07:52:42Z</time>
        <speed>0.3031714</speed>
      </trkpt>
      <trkpt lat="29.0611817" lon="119.9411683">
        <ele>886.64</ele>
        <time>2026-02-01T07:54:16Z</time>
        <speed>0.0</speed>
      </trkpt>
      <trkpt lat="29.0610933" lon="119.941135">
        <ele>882.8</ele>
        <time>2026-02-01T07:55:28Z</time>
        <speed>0.4287636</speed>
      </trkpt>
      <trkpt lat="29.0610233" lon="119.9410517">
        <ele>878.15</ele>
        <time>2026-02-01T07:56:02Z</time>
        <speed>0.35104054</speed>
      </trkpt>
      <trkpt lat="29.0609383" lon="119.9410117">
        <ele>872.62</ele>
        <time>2026-02-01T08:00:02Z</time>
        <speed>0.0</speed>
      </trkpt>
      <trkpt lat="29.0608367" lon="119.94101">
        <ele>867.11</ele>
        <time>2026-02-01T08:00:46Z</time>
        <speed>0.0</speed>
      </trkpt>
      <trkpt lat="29.060759" lon="119.9409547">
        <ele>863.19</ele>
        <time>2026-02-01T08:01:28Z</time>
        <speed>0.46273527</speed>
      </trkpt>
      <trkpt lat="29.0606917" lon="119.9408767">
        <ele>859.67</ele>
        <time>2026-02-01T08:02:38Z</time>
        <speed>0.50339836</speed>
      </trkpt>
      <trkpt lat="29.0606233" lon="119.9407933">
        <ele>852.88</ele>
        <time>2026-02-01T08:02:56Z</time>
        <speed>0.44420528</speed>
      </trkpt>
      <trkpt lat="29.060586" lon="119.9406846">
        <ele>849.02</ele>
        <time>2026-02-01T08:03:18Z</time>
        <speed>0.49516279</speed>
      </trkpt>
      <trkpt lat="29.0605349" lon="119.9407206">
        <ele>845.7</ele>
        <time>2026-02-01T08:03:54Z</time>
        <speed>0.0</speed>
      </trkpt>
      <trkpt lat="29.0604495" lon="119.940719">
        <ele>843.72</ele>
        <time>2026-02-01T08:04:28Z</time>
        <speed>0.528105</speed>
      </trkpt>
      <trkpt lat="29.0603681" lon="119.9406598">
        <ele>843.88</ele>
        <time>2026-02-01T08:04:50Z</time>
        <speed>0.42104277</speed>
      </trkpt>
      <trkpt lat="29.0603683" lon="119.9405233">
        <ele>843.42</ele>
        <time>2026-02-01T08:07:12Z</time>
        <speed>0.7736275</speed>
      </trkpt>
      <trkpt lat="29.060305" lon="119.9404367">
        <ele>845.43</ele>
        <time>2026-02-01T08:07:30Z</time>
        <speed>0.38089445</speed>
      </trkpt>
      <trkpt lat="29.060245" lon="119.9402917">
        <ele>846.49</ele>
        <time>2026-02-01T08:08:52Z</time>
        <speed>0.15390195</speed>
      </trkpt>
      <trkpt lat="29.06018" lon="119.9402183">
        <ele>849.55</ele>
        <time>2026-02-01T08:09:06Z</time>
        <speed>0.5445761</speed>
      </trkpt>
      <trkpt lat="29.0600953" lon="119.940169">
        <ele>850.86</ele>
        <time>2026-02-01T08:09:56Z</time>
        <speed>0.64494693</speed>
      </trkpt>
      <trkpt lat="29.0600135" lon="119.9401149">
        <ele>849.07</ele>
        <time>2026-02-01T08:10:10Z</time>
        <speed>0.61766666</speed>
      </trkpt>
      <trkpt lat="29.0599613" lon="119.9400318">
        <ele>847.54</ele>
        <time>2026-02-01T08:10:38Z</time>
        <speed>0.0</speed>
      </trkpt>
      <trkpt lat="29.0598925" lon="119.9399606">
        <ele>844.68</ele>
        <time>2026-02-01T08:11:08Z</time>
        <speed>0.69693387</speed>
      </trkpt>
      <trkpt lat="29.0598563" lon="119.9398651">
        <ele>843.57</ele>
        <time>2026-02-01T08:11:34Z</time>
        <speed>0.38037974</speed>
      </trkpt>
      <trkpt lat="29.0598084" lon="119.9397745">
        <ele>843.97</ele>
        <time>2026-02-01T08:12:04Z</time>
        <speed>0.0</speed>
      </trkpt>
      <trkpt lat="29.059752" lon="119.9396896">
        <ele>843.73</ele>
        <time>2026-02-01T08:12:38Z</time>
        <speed>0.63156414</speed>
      </trkpt>
      <trkpt lat="29.0596984" lon="119.9396035">
        <ele>841.91</ele>
        <time>2026-02-01T08:12:52Z</time>
        <speed>0.68252164</speed>
      </trkpt>
      <trkpt lat="29.0596225" lon="119.9395345">
        <ele>840.4</ele>
        <time>2026-02-01T08:13:22Z</time>
        <speed>0.28155306</speed>
      </trkpt>
      <trkpt lat="29.0595458" lon="119.9394491">
        <ele>838.64</ele>
        <time>2026-02-01T08:14:00Z</time>
        <speed>0.3546436</speed>
      </trkpt>
      <trkpt lat="29.0594677" lon="119.9393794">
        <ele>836.77</ele>
        <time>2026-02-01T08:14:26Z</time>
        <speed>0.34589332</speed>
      </trkpt>
      <trkpt lat="29.0593709" lon="119.939346">
        <ele>834.33</ele>
        <time>2026-02-01T08:14:42Z</time>
        <speed>0.7432589</speed>
      </trkpt>
      <trkpt lat="29.0592941" lon="119.9392862">
        <ele>831.69</ele>
        <time>2026-02-01T08:14:52Z</time>
        <speed>0.6372261</speed>
      </trkpt>
      <trkpt lat="29.0592296" lon="119.9392146">
        <ele>829.37</ele>
        <time>2026-02-01T08:15:08Z</time>
        <speed>0.6665653</speed>
      </trkpt>
      <trkpt lat="29.0591453" lon="119.9391751">
        <ele>826.76</ele>
        <time>2026-02-01T08:15:28Z</time>
        <speed>0.51060444</speed>
      </trkpt>
      <trkpt lat="29.0590542" lon="119.9391419">
        <ele>825.7</ele>
        <time>2026-02-01T08:15:46Z</time>
        <speed>0.69127196</speed>
      </trkpt>
      <trkpt lat="29.0589737" lon="119.9390746">
        <ele>825.36</ele>
        <time>2026-02-01T08:16:00Z</time>
        <speed>0.54509085</speed>
      </trkpt>
      <trkpt lat="29.0588903" lon="119.93902">
        <ele>824.56</ele>
        <time>2026-02-01T08:16:14Z</time>
        <speed>0.64597636</speed>
      </trkpt>
      <trkpt lat="29.0588231" lon="119.9389488">
        <ele>822.98</ele>
        <time>2026-02-01T08:16:30Z</time>
        <speed>0.43854332</speed>
      </trkpt>
      <trkpt lat="29.0587344" lon="119.9388866">
        <ele>820.32</ele>
        <time>2026-02-01T08:16:54Z</time>
        <speed>1.0618719</speed>
      </trkpt>
      <trkpt lat="29.0586569" lon="119.9388211">
        <ele>818.34</ele>
        <time>2026-02-01T08:17:04Z</time>
        <speed>1.4525461</speed>
      </trkpt>
      <trkpt lat="29.0586294" lon="119.9387731">
        <ele>817.03</ele>
        <time>2026-02-01T08:17:16Z</time>
        <speed>0.0</speed>
      </trkpt>
      <trkpt lat="29.0586111" lon="119.9386816">
        <ele>816.41</ele>
        <time>2026-02-01T08:17:26Z</time>
        <speed>0.9965022</speed>
      </trkpt>
      <trkpt lat="29.0585595" lon="119.9385922">
        <ele>816.02</ele>
        <time>2026-02-01T08:17:38Z</time>
        <speed>0.73605275</speed>
      </trkpt>
      <trkpt lat="29.0585088" lon="119.9385016">
        <ele>815.88</ele>
        <time>2026-02-01T08:17:56Z</time>
        <speed>0.45655861</speed>
      </trkpt>
      <trkpt lat="29.0584616" lon="119.9384028">
        <ele>815.46</ele>
        <time>2026-02-01T08:18:16Z</time>
        <speed>0.70516944</speed>
      </trkpt>
      <trkpt lat="29.058386" lon="119.9383466">
        <ele>814.96</ele>
        <time>2026-02-01T08:18:36Z</time>
        <speed>0.56670916</speed>
      </trkpt>
      <trkpt lat="29.0583214" lon="119.9382742">
        <ele>814.46</ele>
        <time>2026-02-01T08:19:26Z</time>
        <speed>0.39273307</speed>
      </trkpt>
      <trkpt lat="29.0582422" lon="119.9382226">
        <ele>812.71</ele>
        <time>2026-02-01T08:20:00Z</time>
        <speed>0.36030555</speed>
      </trkpt>
      <trkpt lat="29.0581592" lon="119.9381711">
        <ele>811.07</ele>
        <time>2026-02-01T08:20:24Z</time>
        <speed>0.54509085</speed>
      </trkpt>
      <trkpt lat="29.0580533" lon="119.93819">
        <ele>808.59</ele>
        <time>2026-02-01T08:22:02Z</time>
        <speed>0.0</speed>
      </trkpt>
      <trkpt lat="29.0579733" lon="119.9381417">
        <ele>803.82</ele>
        <time>2026-02-01T08:22:26Z</time>
        <speed>0.0</speed>
      </trkpt>
      <trkpt lat="29.0578947" lon="119.9380694">
        <ele>801.53</ele>
        <time>2026-02-01T08:23:18Z</time>
        <speed>0.0</speed>
      </trkpt>
      <trkpt lat="29.05778" lon="119.937945">
        <ele>800.49</ele>
        <time>2026-02-01T08:24:32Z</time>
        <speed>0.0</speed>
      </trkpt>
      <trkpt lat="29.0576967" lon="119.9378933">
        <ele>794.3</ele>
        <time>2026-02-01T08:24:56Z</time>
        <speed>0.5512675</speed>
      </trkpt>
      <trkpt lat="29.0576119" lon="119.9379136">
        <ele>790.21</ele>
        <time>2026-02-01T08:25:26Z</time>
        <speed>0.47045612</speed>
      </trkpt>
      <trkpt lat="29.0575205" lon="119.9379093">
        <ele>789.09</ele>
        <time>2026-02-01T08:25:48Z</time>
        <speed>0.57803303</speed>
      </trkpt>
      <trkpt lat="29.0574345" lon="119.9378487">
        <ele>789.7</ele>
        <time>2026-02-01T08:25:58Z</time>
        <speed>1.4093094</speed>
      </trkpt>
      <trkpt lat="29.0574095" lon="119.9378015">
        <ele>789.78</ele>
        <time>2026-02-01T08:26:08Z</time>
        <speed>0.0</speed>
      </trkpt>
      <trkpt lat="29.0573641" lon="119.9377305">
        <ele>789.92</ele>
        <time>2026-02-01T08:26:20Z</time>
        <speed>0.772598</speed>
      </trkpt>
      <trkpt lat="29.0573331" lon="119.9376327">
        <ele>790.51</ele>
        <time>2026-02-01T08:27:16Z</time>
        <speed>0.5136928</speed>
      </trkpt>
      <trkpt lat="29.0572965" lon="119.9375219">
        <ele>792.19</ele>
        <time>2026-02-01T08:27:28Z</time>
        <speed>0.78443664</speed>
      </trkpt>
      <trkpt lat="29.0572542" lon="119.9374226">
        <ele>792.58</ele>
        <time>2026-02-01T08:27:48Z</time>
        <speed>0.70259583</speed>
      </trkpt>
      <trkpt lat="29.0572008" lon="119.9373343">
        <ele>792.07</ele>
        <time>2026-02-01T08:28:00Z</time>
        <speed>0.7710539</speed>
      </trkpt>
      <trkpt lat="29.0571485" lon="119.9372356">
        <ele>791.14</ele>
        <time>2026-02-01T08:28:32Z</time>
        <speed>0.56413555</speed>
      </trkpt>
      <trkpt lat="29.0570685" lon="119.9371827">
        <ele>788.97</ele>
        <time>2026-02-01T08:29:02Z</time>
        <speed>0.5656797</speed>
      </trkpt>
      <trkpt lat="29.0569999" lon="119.9371093">
        <ele>786.88</ele>
        <time>2026-02-01T08:29:24Z</time>
        <speed>0.5703122</speed>
      </trkpt>
      <trkpt lat="29.056946" lon="119.9370262">
        <ele>783.83</ele>
        <time>2026-02-01T08:29:42Z</time>
        <speed>0.5116339</speed>
      </trkpt>
      <trkpt lat="29.0568802" lon="119.9369507">
        <ele>780.46</ele>
        <time>2026-02-01T08:30:10Z</time>
        <speed>0.5486939</speed>
      </trkpt>
      <trkpt lat="29.0568456" lon="119.9368571">
        <ele>776.44</ele>
        <time>2026-02-01T08:30:26Z</time>
        <speed>0.6305347</speed>
      </trkpt>
      <trkpt lat="29.056809" lon="119.9367631">
        <ele>772.12</ele>
        <time>2026-02-01T08:30:40Z</time>
        <speed>0.57597417</speed>
      </trkpt>
      <trkpt lat="29.0567489" lon="119.9366872">
        <ele>768.28</ele>
        <time>2026-02-01T08:30:52Z</time>
        <speed>0.6439175</speed>
      </trkpt>
      <trkpt lat="29.0566906" lon="119.9365961">
        <ele>765.28</ele>
        <time>2026-02-01T08:31:16Z</time>
        <speed>0.31501</speed>
      </trkpt>
      <trkpt lat="29.0566328" lon="119.9365098">
        <ele>763.4</ele>
        <time>2026-02-01T08:31:26Z</time>
        <speed>0.99495804</speed>
      </trkpt>
      <trkpt lat="29.0565942" lon="119.9364033">
        <ele>762.45</ele>
        <time>2026-02-01T08:31:52Z</time>
        <speed>0.2733175</speed>
      </trkpt>
      <trkpt lat="29.0565854" lon="119.9362943">
        <ele>761.7</ele>
        <time>2026-02-01T08:32:08Z</time>
        <speed>0.46839723</speed>
      </trkpt>
      <trkpt lat="29.0566128" lon="119.9361906">
        <ele>761.53</ele>
        <time>2026-02-01T08:32:22Z</time>
        <speed>0.6186961</speed>
      </trkpt>
      <trkpt lat="29.0565662" lon="119.9361182">
        <ele>760.96</ele>
        <time>2026-02-01T08:33:02Z</time>
        <speed>0.45655861</speed>
      </trkpt>
      <trkpt lat="29.0564781" lon="119.9360875">
        <ele>759.3</ele>
        <time>2026-02-01T08:33:46Z</time>
        <speed>0.45552915</speed>
      </trkpt>
      <trkpt lat="29.0563885" lon="119.9360503">
        <ele>757.92</ele>
        <time>2026-02-01T08:34:16Z</time>
        <speed>0.0</speed>
      </trkpt>
      <trkpt lat="29.0563308" lon="119.9359713">
        <ele>757.7</ele>
        <time>2026-02-01T08:34:32Z</time>
        <speed>0.5795772</speed>
      </trkpt>
      <trkpt lat="29.0562916" lon="119.9358706">
        <ele>756.92</ele>
        <time>2026-02-01T08:34:58Z</time>
        <speed>0.4534703</speed>
      </trkpt>
      <trkpt lat="29.0562347" lon="119.9357836">
        <ele>755.28</ele>
        <time>2026-02-01T08:35:12Z</time>
        <speed>0.5070014</speed>
      </trkpt>
      <trkpt lat="29.0561913" lon="119.9356774">
        <ele>753.74</ele>
        <time>2026-02-01T08:35:26Z</time>
        <speed>0.6722272</speed>
      </trkpt>
      <trkpt lat="29.056143" lon="119.9355795">
        <ele>752.35</ele>
        <time>2026-02-01T08:35:46Z</time>
        <speed>0.5975925</speed>
      </trkpt>
      <trkpt lat="29.0560998" lon="119.9354784">
        <ele>750.78</ele>
        <time>2026-02-01T08:36:00Z</time>
        <speed>0.47663277</speed>
      </trkpt>
      <trkpt lat="29.0560459" lon="119.9353737">
        <ele>749.84</ele>
        <time>2026-02-01T08:36:12Z</time>
        <speed>0.6506089</speed>
      </trkpt>
      <trkpt lat="29.0559827" lon="119.9352794">
        <ele>749.31</ele>
        <time>2026-02-01T08:36:20Z</time>
        <speed>1.0232677</speed>
      </trkpt>
      <trkpt lat="29.0559204" lon="119.9351903">
        <ele>748.44</ele>
        <time>2026-02-01T08:36:30Z</time>
        <speed>0.8194378</speed>
      </trkpt>
      <trkpt lat="29.0558591" lon="119.9350966">
        <ele>746.58</ele>
        <time>2026-02-01T08:36:42Z</time>
        <speed>0.8225261</speed>
      </trkpt>
      <trkpt lat="29.0557935" lon="119.9350182">
        <ele>744.0</ele>
        <time>2026-02-01T08:36:52Z</time>
        <speed>0.8292175</speed>
      </trkpt>
      <trkpt lat="29.055729" lon="119.9349417">
        <ele>741.08</ele>
        <time>2026-02-01T08:37:08Z</time>
        <speed>0.4493525</speed>
      </trkpt>
      <trkpt lat="29.0556751" lon="119.9348562">
        <ele>737.6</ele>
        <time>2026-02-01T08:37:40Z</time>
        <speed>0.34229028</speed>
      </trkpt>
      <trkpt lat="29.055619" lon="119.9347456">
        <ele>737.04</ele>
        <time>2026-02-01T08:37:56Z</time>
        <speed>0.7164933</speed>
      </trkpt>
      <trkpt lat="29.0555841" lon="119.9346348">
        <ele>737.24</ele>
        <time>2026-02-01T08:38:04Z</time>
        <speed>1.4376192</speed>
      </trkpt>
      <trkpt lat="29.0555894" lon="119.9345104">
        <ele>736.79</ele>
        <time>2026-02-01T08:38:22Z</time>
        <speed>0.63774085</speed>
      </trkpt>
      <trkpt lat="29.055553" lon="119.9344131">
        <ele>735.25</ele>
        <time>2026-02-01T08:38:52Z</time>
        <speed>0.0</speed>
      </trkpt>
      <trkpt lat="29.0555022" lon="119.9343156">
        <ele>732.99</ele>
        <time>2026-02-01T08:39:48Z</time>
        <speed>0.39942443</speed>
      </trkpt>
      <trkpt lat="29.0554517" lon="119.9342267">
        <ele>730.37</ele>
        <time>2026-02-01T08:41:22Z</time>
        <speed>0.5126633</speed>
      </trkpt>
      <trkpt lat="29.055365" lon="119.934265">
        <ele>726.38</ele>
        <time>2026-02-01T08:41:42Z</time>
        <speed>0.45758805</speed>
      </trkpt>
      <trkpt lat="29.0552727" lon="119.9342709">
        <ele>723.42</ele>
        <time>2026-02-01T08:42:02Z</time>
        <speed>0.0</speed>
      </trkpt>
      <trkpt lat="29.0551781" lon="119.9342813">
        <ele>719.24</ele>
        <time>2026-02-01T08:42:24Z</time>
        <speed>0.46016166</speed>
      </trkpt>
      <trkpt lat="29.0550815" lon="119.9343006">
        <ele>712.17</ele>
        <time>2026-02-01T08:42:48Z</time>
        <speed>0.4406022</speed>
      </trkpt>
      <trkpt lat="29.0549831" lon="119.9343233">
        <ele>707.67</ele>
        <time>2026-02-01T08:42:58Z</time>
        <speed>0.78186303</speed>
      </trkpt>
      <trkpt lat="29.0548968" lon="119.934287">
        <ele>705.87</ele>
        <time>2026-02-01T08:43:18Z</time>
        <speed>0.42979306</speed>
      </trkpt>
      <trkpt lat="29.0548151" lon="119.9342263">
        <ele>705.76</ele>
        <time>2026-02-01T08:43:44Z</time>
        <speed>0.5996514</speed>
      </trkpt>
      <trkpt lat="29.0547208" lon="119.9342061">
        <ele>706.38</ele>
        <time>2026-02-01T08:44:16Z</time>
        <speed>0.30625972</speed>
      </trkpt>
      <trkpt lat="29.0546351" lon="119.934235">
        <ele>705.91</ele>
        <time>2026-02-01T08:44:30Z</time>
        <speed>0.5111192</speed>
      </trkpt>
      <trkpt lat="29.0545417" lon="119.9342599">
        <ele>705.52</ele>
        <time>2026-02-01T08:44:46Z</time>
        <speed>0.67994803</speed>
      </trkpt>
      <trkpt lat="29.0544503" lon="119.9342441">
        <ele>705.6</ele>
        <time>2026-02-01T08:45:16Z</time>
        <speed>0.2830972</speed>
      </trkpt>
      <trkpt lat="29.0543586" lon="119.9342206">
        <ele>703.53</ele>
        <time>2026-02-01T08:45:32Z</time>
        <speed>0.63362306</speed>
      </trkpt>
      <trkpt lat="29.0542768" lon="119.9341659">
        <ele>701.41</ele>
        <time>2026-02-01T08:45:48Z</time>
        <speed>0.6037692</speed>
      </trkpt>
      <trkpt lat="29.0542" lon="119.9340809">
        <ele>699.47</ele>
        <time>2026-02-01T08:46:10Z</time>
        <speed>0.7257583</speed>
      </trkpt>
      <trkpt lat="29.054122" lon="119.9340135">
        <ele>697.5</ele>
        <time>2026-02-01T08:46:22Z</time>
        <speed>0.8621597</speed>
      </trkpt>
      <trkpt lat="29.0540555" lon="119.9339404">
        <ele>697.2</ele>
        <time>2026-02-01T08:46:38Z</time>
        <speed>0.5512675</speed>
      </trkpt>
      <trkpt lat="29.0539817" lon="119.9338771">
        <ele>693.8</ele>
        <time>2026-02-01T08:46:50Z</time>
        <speed>0.77465695</speed>
      </trkpt>
      <trkpt lat="29.053917" lon="119.9338029">
        <ele>689.8</ele>
        <time>2026-02-01T08:47:16Z</time>
        <speed>0.77517164</speed>
      </trkpt>
      <trkpt lat="29.0539045" lon="119.9337033">
        <ele>684.21</ele>
        <time>2026-02-01T08:47:30Z</time>
        <speed>0.6197256</speed>
      </trkpt>
      <trkpt lat="29.0538942" lon="119.9335961">
        <ele>681.06</ele>
        <time>2026-02-01T08:47:54Z</time>
        <speed>0.44626418</speed>
      </trkpt>
      <trkpt lat="29.0538183" lon="119.9335217">
        <ele>680.18</ele>
        <time>2026-02-01T08:50:38Z</time>
        <speed>0.37214416</speed>
      </trkpt>
      <trkpt lat="29.0538183" lon="119.9334183">
        <ele>678.34</ele>
        <time>2026-02-01T08:51:08Z</time>
        <speed>0.2892739</speed>
      </trkpt>
      <trkpt lat="29.053831" lon="119.933315">
        <ele>677.16</ele>
        <time>2026-02-01T08:51:38Z</time>
        <speed>0.60171026</speed>
      </trkpt>
      <trkpt lat="29.0538884" lon="119.93324">
        <ele>675.59</ele>
        <time>2026-02-01T08:51:56Z</time>
        <speed>0.3355989</speed>
      </trkpt>
      <trkpt lat="29.0538457" lon="119.9331888">
        <ele>673.57</ele>
        <time>2026-02-01T08:52:26Z</time>
        <speed>0.39685082</speed>
      </trkpt>
      <trkpt lat="29.053758" lon="119.9331592">
        <ele>670.87</ele>
        <time>2026-02-01T08:52:44Z</time>
        <speed>0.46942666</speed>
      </trkpt>
      <trkpt lat="29.0536575" lon="119.9331593">
        <ele>668.95</ele>
        <time>2026-02-01T08:53:04Z</time>
        <speed>0.305745</speed>
      </trkpt>
      <trkpt lat="29.0535969" lon="119.9330928">
        <ele>666.99</ele>
        <time>2026-02-01T08:53:44Z</time>
        <speed>0.42361638</speed>
      </trkpt>
      <trkpt lat="29.0535529" lon="119.9330004">
        <ele>663.21</ele>
        <time>2026-02-01T08:54:16Z</time>
        <speed>0.33971667</speed>
      </trkpt>
      <trkpt lat="29.0535417" lon="119.9328733">
        <ele>658.82</ele>
        <time>2026-02-01T08:55:22Z</time>
        <speed>0.53582585</speed>
      </trkpt>
      <trkpt lat="29.0534783" lon="119.9327967">
        <ele>654.51</ele>
        <time>2026-02-01T08:55:42Z</time>
        <speed>0.5255314</speed>
      </trkpt>
      <trkpt lat="29.0533812" lon="119.9327186">
        <ele>651.79</ele>
        <time>2026-02-01T08:56:30Z</time>
        <speed>0.3963361</speed>
      </trkpt>
      <trkpt lat="29.0533333" lon="119.9326248">
        <ele>649.39</ele>
        <time>2026-02-01T08:56:54Z</time>
        <speed>0.46170583</speed>
      </trkpt>
      <trkpt lat="29.0532681" lon="119.9325562">
        <ele>645.26</ele>
        <time>2026-02-01T08:57:20Z</time>
        <speed>0.0</speed>
      </trkpt>
      <trkpt lat="29.0532944" lon="119.9324797">
        <ele>641.41</ele>
        <time>2026-02-01T08:57:52Z</time>
        <speed>0.55435586</speed>
      </trkpt>
      <trkpt lat="29.0533981" lon="119.9324044">
        <ele>637.96</ele>
        <time>2026-02-01T08:58:28Z</time>
        <speed>0.36030555</speed>
      </trkpt>
      <trkpt lat="29.05347" lon="119.932317">
        <ele>633.16</ele>
        <time>2026-02-01T08:58:58Z</time>
        <speed>0.50391304</speed>
      </trkpt>
      <trkpt lat="29.053505" lon="119.9322">
        <ele>628.19</ele>
        <time>2026-02-01T09:01:04Z</time>
        <speed>0.19507973</speed>
      </trkpt>
      <trkpt lat="29.0535383" lon="119.9320367">
        <ele>621.27</ele>
        <time>2026-02-01T09:02:02Z</time>
        <speed>0.48023584</speed>
      </trkpt>
      <trkpt lat="29.0535308" lon="119.9319213">
        <ele>617.11</ele>
        <time>2026-02-01T09:02:40Z</time>
        <speed>0.61509305</speed>
      </trkpt>
      <trkpt lat="29.0535365" lon="119.9318105">
        <ele>614.91</ele>
        <time>2026-02-01T09:03:04Z</time>
        <speed>0.6758303</speed>
      </trkpt>
      <trkpt lat="29.0535676" lon="119.931709">
        <ele>610.05</ele>
        <time>2026-02-01T09:03:32Z</time>
        <speed>0.3078039</speed>
      </trkpt>
      <trkpt lat="29.05349" lon="119.93175">
        <ele>606.11</ele>
        <time>2026-02-01T09:04:34Z</time>
        <speed>0.32221612</speed>
      </trkpt>
      <trkpt lat="29.0533783" lon="119.9317467">
        <ele>605.16</ele>
        <time>2026-02-01T09:05:06Z</time>
        <speed>0.3433197</speed>
      </trkpt>
      <trkpt lat="29.0532949" lon="119.9316968">
        <ele>605.65</ele>
        <time>2026-02-01T09:05:28Z</time>
        <speed>0.18838833</speed>
      </trkpt>
      <trkpt lat="29.0532241" lon="119.9316271">
        <ele>606.27</ele>
        <time>2026-02-01T09:05:56Z</time>
        <speed>0.43648446</speed>
      </trkpt>
      <trkpt lat="29.0531537" lon="119.9315522">
        <ele>606.41</ele>
        <time>2026-02-01T09:06:16Z</time>
        <speed>0.58163613</speed>
      </trkpt>
      <trkpt lat="29.0530827" lon="119.9314805">
        <ele>606.37</ele>
        <time>2026-02-01T09:06:42Z</time>
        <speed>0.72369945</speed>
      </trkpt>
      <trkpt lat="29.0530133" lon="119.9314037">
        <ele>603.07</ele>
        <time>2026-02-01T09:06:56Z</time>
        <speed>0.67685974</speed>
      </trkpt>
      <trkpt lat="29.052929" lon="119.9313582">
        <ele>598.61</ele>
        <time>2026-02-01T09:07:24Z</time>
        <speed>0.55435586</speed>
      </trkpt>
      <trkpt lat="29.0528352" lon="119.9313399">
        <ele>592.8</ele>
        <time>2026-02-01T09:07:40Z</time>
        <speed>0.602225</speed>
      </trkpt>
      <trkpt lat="29.052745" lon="119.9312887">
        <ele>588.32</ele>
        <time>2026-02-01T09:07:52Z</time>
        <speed>0.991355</speed>
      </trkpt>
      <trkpt lat="29.0526606" lon="119.9312259">
        <ele>584.74</ele>
        <time>2026-02-01T09:08:14Z</time>
        <speed>0.74686193</speed>
      </trkpt>
      <trkpt lat="29.0525711" lon="119.9311956">
        <ele>579.69</ele>
        <time>2026-02-01T09:08:30Z</time>
        <speed>0.5785478</speed>
      </trkpt>
      <trkpt lat="29.0524984" lon="119.9311232">
        <ele>576.51</ele>
        <time>2026-02-01T09:08:44Z</time>
        <speed>1.1076822</speed>
      </trkpt>
      <trkpt lat="29.0524194" lon="119.9310692">
        <ele>573.41</ele>
        <time>2026-02-01T09:09:16Z</time>
        <speed>0.0</speed>
      </trkpt>
      <trkpt lat="29.0524025" lon="119.9309709">
        <ele>565.36</ele>
        <time>2026-02-01T09:09:28Z</time>
        <speed>1.0963583</speed>
      </trkpt>
      <trkpt lat="29.0524269" lon="119.930865">
        <ele>561.03</ele>
        <time>2026-02-01T09:10:12Z</time>
        <speed>0.5301639</speed>
      </trkpt>
      <trkpt lat="29.0524492" lon="119.9307563">
        <ele>556.76</ele>
        <time>2026-02-01T09:10:50Z</time>
        <speed>0.5353111</speed>
      </trkpt>
      <trkpt lat="29.0524754" lon="119.9306481">
        <ele>551.87</ele>
        <time>2026-02-01T09:11:24Z</time>
        <speed>0.79473114</speed>
      </trkpt>
      <trkpt lat="29.0524033" lon="119.9305817">
        <ele>546.94</ele>
        <time>2026-02-01T09:12:44Z</time>
        <speed>0.7540681</speed>
      </trkpt>
      <trkpt lat="29.052345" lon="119.9304983">
        <ele>541.85</ele>
        <time>2026-02-01T09:13:08Z</time>
        <speed>0.45244083</speed>
      </trkpt>
      <trkpt lat="29.0523121" lon="119.9304023">
        <ele>537.48</ele>
        <time>2026-02-01T09:13:24Z</time>
        <speed>1.2204064</speed>
      </trkpt>
      <trkpt lat="29.052227" lon="119.9303504">
        <ele>535.12</ele>
        <time>2026-02-01T09:13:36Z</time>
        <speed>0.93164724</speed>
      </trkpt>
      <trkpt lat="29.0521295" lon="119.9303284">
        <ele>533.52</ele>
        <time>2026-02-01T09:13:46Z</time>
        <speed>1.1941556</speed>
      </trkpt>
      <trkpt lat="29.0520513" lon="119.9303286">
        <ele>532.61</ele>
        <time>2026-02-01T09:14:04Z</time>
        <speed>0.0</speed>
      </trkpt>
      <trkpt lat="29.0520733" lon="119.9302631">
        <ele>531.62</ele>
        <time>2026-02-01T09:14:26Z</time>
        <speed>0.94657415</speed>
      </trkpt>
      <trkpt lat="29.0520655" lon="119.9301608">
        <ele>528.64</ele>
        <time>2026-02-01T09:14:52Z</time>
        <speed>0.55487055</speed>
      </trkpt>
      <trkpt lat="29.05201" lon="119.9300723">
        <ele>524.92</ele>
        <time>2026-02-01T09:15:02Z</time>
        <speed>1.1509188</speed>
      </trkpt>
      <trkpt lat="29.051937" lon="119.9300019">
        <ele>522.12</ele>
        <time>2026-02-01T09:15:20Z</time>
        <speed>0.88635164</speed>
      </trkpt>
      <trkpt lat="29.0518607" lon="119.9299267">
        <ele>520.22</ele>
        <time>2026-02-01T09:15:34Z</time>
        <speed>0.8642186</speed>
      </trkpt>
      <trkpt lat="29.0518617" lon="119.9298133">
        <ele>519.74</ele>
        <time>2026-02-01T09:16:44Z</time>
        <speed>0.55075276</speed>
      </trkpt>
      <trkpt lat="29.0519083" lon="119.9297233">
        <ele>517.83</ele>
        <time>2026-02-01T09:16:56Z</time>
        <speed>0.7592153</speed>
      </trkpt>
      <trkpt lat="29.0519395" lon="119.9296249">
        <ele>516.91</ele>
        <time>2026-02-01T09:17:06Z</time>
        <speed>0.78443664</speed>
      </trkpt>
      <trkpt lat="29.0519319" lon="119.9295198">
        <ele>516.74</ele>
        <time>2026-02-01T09:17:22Z</time>
        <speed>0.71289027</speed>
      </trkpt>
      <trkpt lat="29.0519008" lon="119.9294201">
        <ele>517.8</ele>
        <time>2026-02-01T09:17:32Z</time>
        <speed>0.83487946</speed>
      </trkpt>
      <trkpt lat="29.0518413" lon="119.9293376">
        <ele>518.83</ele>
        <time>2026-02-01T09:17:42Z</time>
        <speed>0.898705</speed>
      </trkpt>
      <trkpt lat="29.0517776" lon="119.9292565">
        <ele>519.98</ele>
        <time>2026-02-01T09:17:54Z</time>
        <speed>0.8750278</speed>
      </trkpt>
      <trkpt lat="29.0517203" lon="119.9291675">
        <ele>520.42</ele>
        <time>2026-02-01T09:18:06Z</time>
        <speed>0.87657195</speed>
      </trkpt>
      <trkpt lat="29.0516422" lon="119.9291125">
        <ele>520.02</ele>
        <time>2026-02-01T09:18:16Z</time>
        <speed>1.0675339</speed>
      </trkpt>
      <trkpt lat="29.0515645" lon="119.9290513">
        <ele>521.26</ele>
        <time>2026-02-01T09:18:30Z</time>
        <speed>0.8173789</speed>
      </trkpt>
      <trkpt lat="29.0514898" lon="119.9289885">
        <ele>522.61</ele>
        <time>2026-02-01T09:18:44Z</time>
        <speed>0.52398723</speed>
      </trkpt>
      <trkpt lat="29.0514381" lon="119.9288996">
        <ele>522.52</ele>
        <time>2026-02-01T09:18:58Z</time>
        <speed>0.42670473</speed>
      </trkpt>
      <trkpt lat="29.0513714" lon="119.9288183">
        <ele>521.69</ele>
        <time>2026-02-01T09:19:06Z</time>
        <speed>1.1998175</speed>
      </trkpt>
      <trkpt lat="29.0513129" lon="119.9287149">
        <ele>521.35</ele>
        <time>2026-02-01T09:19:18Z</time>
        <speed>0.6264169</speed>
      </trkpt>
      <trkpt lat="29.0512779" lon="119.9286111">
        <ele>521.98</ele>
        <time>2026-02-01T09:19:26Z</time>
        <speed>1.226583</speed>
      </trkpt>
      <trkpt lat="29.0512422" lon="119.9285024">
        <ele>523.53</ele>
        <time>2026-02-01T09:19:36Z</time>
        <speed>1.1354772</speed>
      </trkpt>
      <trkpt lat="29.0511573" lon="119.9284489">
        <ele>523.3</ele>
        <time>2026-02-01T09:19:50Z</time>
        <speed>0.9244411</speed>
      </trkpt>
      <trkpt lat="29.0510611" lon="119.9284162">
        <ele>520.03</ele>
        <time>2026-02-01T09:20:06Z</time>
        <speed>0.7530386</speed>
      </trkpt>
      <trkpt lat="29.051007" lon="119.9283422">
        <ele>515.37</ele>
        <time>2026-02-01T09:20:14Z</time>
        <speed>1.0670192</speed>
      </trkpt>
      <trkpt lat="29.0509913" lon="119.9282341">
        <ele>511.3</ele>
        <time>2026-02-01T09:20:28Z</time>
        <speed>0.81634945</speed>
      </trkpt>
      <trkpt lat="29.0510035" lon="119.9281121">
        <ele>507.51</ele>
        <time>2026-02-01T09:20:40Z</time>
        <speed>0.96664834</speed>
      </trkpt>
      <trkpt lat="29.0510217" lon="119.9279999">
        <ele>505.96</ele>
        <time>2026-02-01T09:20:54Z</time>
        <speed>0.61097527</speed>
      </trkpt>
      <trkpt lat="29.0510217" lon="119.9279999">
        <ele>505.96</ele>
        <time>2026-02-01T09:21:15Z</time>
        <speed>0.61097527</speed>
      </trkpt>
      <extensions>
        <PauseTimes>1769937675000:pause</PauseTimes>
      </extensions>
    </trkseg>
  </trk>
  <wpt lat="29.0514714" lon="119.9312799">
    <ele>524.1</ele>
    <time>2026-02-01T04:56:40Z</time>
    <name><![CDATA[
        
        ]]>
    </name>
    <cmt>
        
        </cmt>
    <desc><![CDATA[]]>
    </desc>
    <sym>Flag, Blue</sym>
    <type>user</type>
    <extensions>
      <PosType>0</PosType>
      <Speed>1.0665045</Speed>
      <Accuracy>1.6</Accuracy>
      <Time>1769921800394</Time>
      <description><![CDATA[]]>
      </description>
      <FileId>1563342844</FileId>
      <FileSize>2341165</FileSize>
      <FileType>0</FileType>
    </extensions>
  </wpt>
  <wpt lat="29.0515148" lon="119.9317223">
    <ele>532.0</ele>
    <time>2026-02-01T04:57:30Z</time>
    <name><![CDATA[
        
        ]]>
    </name>
    <cmt>
        
        </cmt>
    <desc><![CDATA[]]>
    </desc>
    <sym>Flag, Blue</sym>
    <type>user</type>
    <extensions>
      <PosType>0</PosType>
      <Speed>0.89046943</Speed>
      <Accuracy>1.4</Accuracy>
      <Time>1769921850451</Time>
      <description><![CDATA[]]>
      </description>
      <FileId>1563342843</FileId>
      <FileSize>2842011</FileSize>
      <FileType>0</FileType>
    </extensions>
  </wpt>
  <wpt lat="29.0517314" lon="119.9332441">
    <ele>532.6</ele>
    <time>2026-02-01T05:00:32Z</time>
    <name><![CDATA[
        
        ]]>
    </name>
    <cmt>
        
        </cmt>
    <desc><![CDATA[]]>
    </desc>
    <sym>Flag, Blue</sym>
    <type>user</type>
    <extensions>
      <PosType>0</PosType>
      <Speed>1.05621</Speed>
      <Accuracy>1.3</Accuracy>
      <Time>1769922032420</Time>
      <description><![CDATA[]]>
      </description>
      <FileId>1563342841</FileId>
      <FileSize>2952655</FileSize>
      <FileType>0</FileType>
    </extensions>
  </wpt>
  <wpt lat="29.0540437" lon="119.9377584">
    <ele>585.6</ele>
    <time>2026-02-01T05:16:22Z</time>
    <name><![CDATA[
        
        ]]>
    </name>
    <cmt>
        
        </cmt>
    <desc><![CDATA[]]>
    </desc>
    <sym>Flag, Blue</sym>
    <type>user</type>
    <extensions>
      <PosType>0</PosType>
      <Speed>0.57597417</Speed>
      <Accuracy>1.3</Accuracy>
      <Time>1769922982466</Time>
      <description><![CDATA[]]>
      </description>
      <FileId>1563342837</FileId>
      <FileSize>3329255</FileSize>
      <FileType>0</FileType>
    </extensions>
  </wpt>
  <wpt lat="29.0542978" lon="119.9376771">
    <ele>600.5</ele>
    <time>2026-02-01T05:17:08Z</time>
    <name><![CDATA[
        
        ]]>
    </name>
    <cmt>
        
        </cmt>
    <desc><![CDATA[]]>
    </desc>
    <sym>Flag, Blue</sym>
    <type>user</type>
    <extensions>
      <PosType>0</PosType>
      <Speed>0.7242142</Speed>
      <Accuracy>1.4</Accuracy>
      <Time>1769923028452</Time>
      <description><![CDATA[]]>
      </description>
      <FileId>1563342835</FileId>
      <FileSize>1843142</FileSize>
      <FileType>0</FileType>
    </extensions>
  </wpt>
  <wpt lat="29.0548205" lon="119.9389709">
    <ele>627.3</ele>
    <time>2026-02-01T05:26:20Z</time>
    <name><![CDATA[左边
        
        ]]>
    </name>
    <cmt>左边
        
        </cmt>
    <desc><![CDATA[]]>
    </desc>
    <sym>Flag, Blue</sym>
    <type>user</type>
    <extensions>
      <PosType>0</PosType>
      <Speed>0.75458276</Speed>
      <Accuracy>1.6</Accuracy>
      <Time>1769923580472</Time>
      <description><![CDATA[]]>
      </description>
      <FileId>1563342834</FileId>
      <FileSize>4019013</FileSize>
      <FileType>0</FileType>
    </extensions>
  </wpt>
  <wpt lat="29.0547522" lon="119.9397276">
    <ele>619.6</ele>
    <time>2026-02-01T05:27:52Z</time>
    <name><![CDATA[
        
        ]]>
    </name>
    <cmt>
        
        </cmt>
    <desc><![CDATA[]]>
    </desc>
    <sym>Flag, Blue</sym>
    <type>user</type>
    <extensions>
      <PosType>0</PosType>
      <Speed>1.4376192</Speed>
      <Accuracy>1.3</Accuracy>
      <Time>1769923672470</Time>
      <description><![CDATA[]]>
      </description>
      <FileId>1563342833</FileId>
      <FileSize>3135081</FileSize>
      <FileType>0</FileType>
    </extensions>
  </wpt>
  <wpt lat="29.0547352" lon="119.9397737">
    <ele>621.0</ele>
    <time>2026-02-01T05:28:06Z</time>
    <name><![CDATA[
        
        ]]>
    </name>
    <cmt>
        
        </cmt>
    <desc><![CDATA[]]>
    </desc>
    <sym>Flag, Blue</sym>
    <type>user</type>
    <extensions>
      <PosType>0</PosType>
      <Speed>0.0</Speed>
      <Accuracy>1.4</Accuracy>
      <Time>1769923686442</Time>
      <description><![CDATA[]]>
      </description>
      <FileId>1563342829</FileId>
      <FileSize>3155542</FileSize>
      <FileType>0</FileType>
    </extensions>
  </wpt>
  <wpt lat="29.0551991" lon="119.9397539">
    <ele>628.5</ele>
    <time>2026-02-01T05:30:46Z</time>
    <name><![CDATA[
        
        ]]>
    </name>
    <cmt>
        
        </cmt>
    <desc><![CDATA[]]>
    </desc>
    <sym>Flag, Blue</sym>
    <type>user</type>
    <extensions>
      <PosType>0</PosType>
      <Speed>0.8184083</Speed>
      <Accuracy>1.4</Accuracy>
      <Time>1769923846395</Time>
      <description><![CDATA[]]>
      </description>
      <FileId>1563342828</FileId>
      <FileSize>3461630</FileSize>
      <FileType>0</FileType>
    </extensions>
  </wpt>
  <wpt lat="29.0580917" lon="119.94141">
    <ele>686.3</ele>
    <time>2026-02-01T05:45:32Z</time>
    <name><![CDATA[
        
        ]]>
    </name>
    <cmt>
        
        </cmt>
    <desc><![CDATA[]]>
    </desc>
    <sym>Flag, Blue</sym>
    <type>user</type>
    <extensions>
      <PosType>0</PosType>
      <Speed>0.10860639</Speed>
      <Accuracy>1.5</Accuracy>
      <Time>1769924732437</Time>
      <description><![CDATA[]]>
      </description>
      <FileId>1563342827</FileId>
      <FileSize>3900725</FileSize>
      <FileType>0</FileType>
    </extensions>
  </wpt>
  <wpt lat="29.0582835" lon="119.9414237">
    <ele>686.9</ele>
    <time>2026-02-01T05:46:56Z</time>
    <name><![CDATA[
        
        ]]>
    </name>
    <cmt>
        
        </cmt>
    <desc><![CDATA[]]>
    </desc>
    <sym>Flag, Blue</sym>
    <type>user</type>
    <extensions>
      <PosType>0</PosType>
      <Speed>0.29802418</Speed>
      <Accuracy>1.4</Accuracy>
      <Time>1769924816433</Time>
      <description><![CDATA[]]>
      </description>
      <FileId>1563342825</FileId>
      <FileSize>3683205</FileSize>
      <FileType>0</FileType>
    </extensions>
  </wpt>
  <wpt lat="29.059955" lon="119.9427233">
    <ele>761.1</ele>
    <time>2026-02-01T06:07:00Z</time>
    <name><![CDATA[
        
        ]]>
    </name>
    <cmt>
        
        </cmt>
    <desc><![CDATA[]]>
    </desc>
    <sym>Flag, Blue</sym>
    <type>user</type>
    <extensions>
      <PosType>0</PosType>
      <Speed>0.42773417</Speed>
      <Accuracy>1.6</Accuracy>
      <Time>1769926020373</Time>
      <description><![CDATA[]]>
      </description>
      <FileId>1563342824</FileId>
      <FileSize>3335151</FileSize>
      <FileType>0</FileType>
    </extensions>
  </wpt>
  <wpt lat="29.05992" lon="119.9428117">
    <ele>760.6</ele>
    <time>2026-02-01T06:07:14Z</time>
    <name><![CDATA[
        
        ]]>
    </name>
    <cmt>
        
        </cmt>
    <desc><![CDATA[]]>
    </desc>
    <sym>Flag, Blue</sym>
    <type>user</type>
    <extensions>
      <PosType>0</PosType>
      <Speed>0.991355</Speed>
      <Accuracy>1.9</Accuracy>
      <Time>1769926034424</Time>
      <description><![CDATA[]]>
      </description>
      <FileId>1563342773</FileId>
      <FileSize>2471728</FileSize>
      <FileType>0</FileType>
    </extensions>
  </wpt>
  <wpt lat="29.0600715" lon="119.9429382">
    <ele>769.5</ele>
    <time>2026-02-01T06:08:12Z</time>
    <name><![CDATA[
        
        ]]>
    </name>
    <cmt>
        
        </cmt>
    <desc><![CDATA[]]>
    </desc>
    <sym>Flag, Blue</sym>
    <type>user</type>
    <extensions>
      <PosType>0</PosType>
      <Speed>0.56001776</Speed>
      <Accuracy>1.7</Accuracy>
      <Time>1769926092438</Time>
      <description><![CDATA[]]>
      </description>
      <FileId>1563342771</FileId>
      <FileSize>3686597</FileSize>
      <FileType>0</FileType>
    </extensions>
  </wpt>
  <wpt lat="29.060305" lon="119.9431167">
    <ele>785.3</ele>
    <time>2026-02-01T06:11:28Z</time>
    <name><![CDATA[
        
        ]]>
    </name>
    <cmt>
        
        </cmt>
    <desc><![CDATA[]]>
    </desc>
    <sym>Flag, Blue</sym>
    <type>user</type>
    <extensions>
      <PosType>0</PosType>
      <Speed>0.44780833</Speed>
      <Accuracy>1.7</Accuracy>
      <Time>1769926288430</Time>
      <description><![CDATA[]]>
      </description>
      <FileId>1563342770</FileId>
      <FileSize>3590983</FileSize>
      <FileType>0</FileType>
    </extensions>
  </wpt>
  <wpt lat="29.0602583" lon="119.9432767">
    <ele>800.2</ele>
    <time>2026-02-01T06:13:48Z</time>
    <name><![CDATA[左转
        
        ]]>
    </name>
    <cmt>左转
        
        </cmt>
    <desc><![CDATA[]]>
    </desc>
    <sym>Flag, Blue</sym>
    <type>user</type>
    <extensions>
      <PosType>0</PosType>
      <Speed>0.0</Speed>
      <Accuracy>1.7</Accuracy>
      <Time>1769926428419</Time>
      <description><![CDATA[]]>
      </description>
      <FileId>1563342765</FileId>
      <FileSize>3875534</FileSize>
      <FileType>0</FileType>
    </extensions>
  </wpt>
  <wpt lat="29.0624083" lon="119.94424">
    <ele>909.5</ele>
    <time>2026-02-01T06:42:18Z</time>
    <name><![CDATA[
        
        ]]>
    </name>
    <cmt>
        
        </cmt>
    <desc><![CDATA[]]>
    </desc>
    <sym>Flag, Blue</sym>
    <type>user</type>
    <extensions>
      <PosType>0</PosType>
      <Speed>0.3268486</Speed>
      <Accuracy>1.7</Accuracy>
      <Time>1769928138437</Time>
      <description><![CDATA[]]>
      </description>
      <FileId>1563342763</FileId>
      <FileSize>3420689</FileSize>
      <FileType>0</FileType>
    </extensions>
  </wpt>
  <wpt lat="29.063001" lon="119.9444778">
    <ele>924.4</ele>
    <time>2026-02-01T06:47:50Z</time>
    <name><![CDATA[
        
        ]]>
    </name>
    <cmt>
        
        </cmt>
    <desc><![CDATA[]]>
    </desc>
    <sym>Flag, Blue</sym>
    <type>user</type>
    <extensions>
      <PosType>0</PosType>
      <Speed>0.7113461</Speed>
      <Accuracy>1.4</Accuracy>
      <Time>1769928470446</Time>
      <description><![CDATA[]]>
      </description>
      <FileId>1563342762</FileId>
      <FileSize>3368675</FileSize>
      <FileType>0</FileType>
    </extensions>
  </wpt>
  <wpt lat="29.0629327" lon="119.9447088">
    <ele>933.0</ele>
    <time>2026-02-01T06:48:26Z</time>
    <name><![CDATA[
        
        ]]>
    </name>
    <cmt>
        
        </cmt>
    <desc><![CDATA[]]>
    </desc>
    <sym>Flag, Blue</sym>
    <type>user</type>
    <extensions>
      <PosType>0</PosType>
      <Speed>0.5770036</Speed>
      <Accuracy>1.3</Accuracy>
      <Time>1769928506447</Time>
      <description><![CDATA[]]>
      </description>
      <FileId>1563342761</FileId>
      <FileSize>1779593</FileSize>
      <FileType>0</FileType>
    </extensions>
  </wpt>
  <wpt lat="29.0627779" lon="119.9448692">
    <ele>932.2</ele>
    <time>2026-02-01T06:49:30Z</time>
    <name><![CDATA[
        
        ]]>
    </name>
    <cmt>
        
        </cmt>
    <desc><![CDATA[]]>
    </desc>
    <sym>Flag, Blue</sym>
    <type>user</type>
    <extensions>
      <PosType>0</PosType>
      <Speed>0.4514114</Speed>
      <Accuracy>1.4</Accuracy>
      <Time>1769928570443</Time>
      <description><![CDATA[]]>
      </description>
      <FileId>1563342760</FileId>
      <FileSize>2053112</FileSize>
      <FileType>0</FileType>
    </extensions>
  </wpt>
  <wpt lat="29.0622633" lon="119.9448667">
    <ele>943.2</ele>
    <time>2026-02-01T07:07:32Z</time>
    <name><![CDATA[
        
        ]]>
    </name>
    <cmt>
        
        </cmt>
    <desc><![CDATA[]]>
    </desc>
    <sym>Flag, Blue</sym>
    <type>user</type>
    <extensions>
      <PosType>0</PosType>
      <Speed>0.79730475</Speed>
      <Accuracy>1.3</Accuracy>
      <Time>1769929652417</Time>
      <description><![CDATA[]]>
      </description>
      <FileId>1563342759</FileId>
      <FileSize>1760484</FileSize>
      <FileType>0</FileType>
    </extensions>
  </wpt>
  <wpt lat="29.0630904" lon="119.9446603">
    <ele>942.7</ele>
    <time>2026-02-01T07:17:04Z</time>
    <name><![CDATA[
        
        ]]>
    </name>
    <cmt>
        
        </cmt>
    <desc><![CDATA[]]>
    </desc>
    <sym>Flag, Blue</sym>
    <type>user</type>
    <extensions>
      <PosType>0</PosType>
      <Speed>0.565165</Speed>
      <Accuracy>1.0</Accuracy>
      <Time>1769930224427</Time>
      <description><![CDATA[]]>
      </description>
      <FileId>1563342758</FileId>
      <FileSize>1924715</FileSize>
      <FileType>0</FileType>
    </extensions>
  </wpt>
  <wpt lat="29.0631738" lon="119.944611">
    <ele>945.0</ele>
    <time>2026-02-01T07:17:20Z</time>
    <name><![CDATA[
        
        ]]>
    </name>
    <cmt>
        
        </cmt>
    <desc><![CDATA[]]>
    </desc>
    <sym>Flag, Blue</sym>
    <type>user</type>
    <extensions>
      <PosType>0</PosType>
      <Speed>0.63825554</Speed>
      <Accuracy>1.3</Accuracy>
      <Time>1769930240437</Time>
      <description><![CDATA[]]>
      </description>
      <FileId>1563342757</FileId>
      <FileSize>3101019</FileSize>
      <FileType>0</FileType>
    </extensions>
  </wpt>
  <wpt lat="29.0632389" lon="119.9445384">
    <ele>944.1</ele>
    <time>2026-02-01T07:17:40Z</time>
    <name><![CDATA[
        
        ]]>
    </name>
    <cmt>
        
        </cmt>
    <desc><![CDATA[]]>
    </desc>
    <sym>Flag, Blue</sym>
    <type>user</type>
    <extensions>
      <PosType>0</PosType>
      <Speed>0.48486835</Speed>
      <Accuracy>1.3</Accuracy>
      <Time>1769930260421</Time>
      <description><![CDATA[]]>
      </description>
      <FileId>1563342756</FileId>
      <FileSize>3209106</FileSize>
      <FileType>0</FileType>
    </extensions>
  </wpt>
  <wpt lat="29.0631726" lon="119.9443456">
    <ele>943.0</ele>
    <time>2026-02-01T07:18:28Z</time>
    <name><![CDATA[
        
        ]]>
    </name>
    <cmt>
        
        </cmt>
    <desc><![CDATA[]]>
    </desc>
    <sym>Flag, Blue</sym>
    <type>user</type>
    <extensions>
      <PosType>0</PosType>
      <Speed>0.6681094</Speed>
      <Accuracy>1.3</Accuracy>
      <Time>1769930308423</Time>
      <description><![CDATA[]]>
      </description>
      <FileId>1563342752</FileId>
      <FileSize>3013282</FileSize>
      <FileType>0</FileType>
    </extensions>
  </wpt>
  <wpt lat="29.0630756" lon="119.9439112">
    <ele>939.3</ele>
    <time>2026-02-01T07:20:04Z</time>
    <name><![CDATA[
        
        ]]>
    </name>
    <cmt>
        
        </cmt>
    <desc><![CDATA[]]>
    </desc>
    <sym>Flag, Blue</sym>
    <type>user</type>
    <extensions>
      <PosType>0</PosType>
      <Speed>0.61509305</Speed>
      <Accuracy>1.4</Accuracy>
      <Time>1769930404443</Time>
      <description><![CDATA[]]>
      </description>
      <FileId>1563342751</FileId>
      <FileSize>3654710</FileSize>
      <FileType>0</FileType>
    </extensions>
  </wpt>
  <wpt lat="29.0629874" lon="119.9436092">
    <ele>933.4</ele>
    <time>2026-02-01T07:22:54Z</time>
    <name><![CDATA[
        
        ]]>
    </name>
    <cmt>
        
        </cmt>
    <desc><![CDATA[]]>
    </desc>
    <sym>Flag, Blue</sym>
    <type>user</type>
    <extensions>
      <PosType>0</PosType>
      <Speed>0.6742861</Speed>
      <Accuracy>1.2</Accuracy>
      <Time>1769930574437</Time>
      <description><![CDATA[]]>
      </description>
      <FileId>1563342749</FileId>
      <FileSize>3676616</FileSize>
      <FileType>0</FileType>
    </extensions>
  </wpt>
  <wpt lat="29.0629567" lon="119.94349">
    <ele>933.6</ele>
    <time>2026-02-01T07:25:04Z</time>
    <name><![CDATA[
        
        ]]>
    </name>
    <cmt>
        
        </cmt>
    <desc><![CDATA[]]>
    </desc>
    <sym>Flag, Blue</sym>
    <type>user</type>
    <extensions>
      <PosType>0</PosType>
      <Speed>0.0</Speed>
      <Accuracy>1.3</Accuracy>
      <Time>1769930704476</Time>
      <description><![CDATA[]]>
      </description>
      <FileId>1563342746</FileId>
      <FileSize>3851001</FileSize>
      <FileType>0</FileType>
    </extensions>
  </wpt>
  <wpt lat="29.0627709" lon="119.9428796">
    <ele>930.2</ele>
    <time>2026-02-01T07:27:56Z</time>
    <name><![CDATA[
        
        ]]>
    </name>
    <cmt>
        
        </cmt>
    <desc><![CDATA[]]>
    </desc>
    <sym>Flag, Blue</sym>
    <type>user</type>
    <extensions>
      <PosType>0</PosType>
      <Speed>0.42721945</Speed>
      <Accuracy>1.3</Accuracy>
      <Time>1769930876450</Time>
      <description><![CDATA[]]>
      </description>
      <FileId>1563342745</FileId>
      <FileSize>3805552</FileSize>
      <FileType>0</FileType>
    </extensions>
  </wpt>
  <wpt lat="29.062785" lon="119.94285">
    <ele>930.9</ele>
    <time>2026-02-01T07:30:48Z</time>
    <name><![CDATA[
        
        ]]>
    </name>
    <cmt>
        
        </cmt>
    <desc><![CDATA[]]>
    </desc>
    <sym>Flag, Blue</sym>
    <type>user</type>
    <extensions>
      <PosType>0</PosType>
      <Speed>0.0</Speed>
      <Accuracy>1.0</Accuracy>
      <Time>1769931048393</Time>
      <description><![CDATA[]]>
      </description>
      <FileId>1563342744</FileId>
      <FileSize>3768606</FileSize>
      <FileType>0</FileType>
    </extensions>
  </wpt>
  <wpt lat="29.0625995" lon="119.9424479">
    <ele>929.7</ele>
    <time>2026-02-01T07:33:24Z</time>
    <name><![CDATA[
        
        ]]>
    </name>
    <cmt>
        
        </cmt>
    <desc><![CDATA[]]>
    </desc>
    <sym>Flag, Blue</sym>
    <type>user</type>
    <extensions>
      <PosType>0</PosType>
      <Speed>0.6804628</Speed>
      <Accuracy>1.4</Accuracy>
      <Time>1769931204394</Time>
      <description><![CDATA[]]>
      </description>
      <FileId>1563342740</FileId>
      <FileSize>3753356</FileSize>
      <FileType>0</FileType>
    </extensions>
  </wpt>
  <wpt lat="29.0624939" lon="119.9422673">
    <ele>930.3</ele>
    <time>2026-02-01T07:34:04Z</time>
    <name><![CDATA[
        
        ]]>
    </name>
    <cmt>
        
        </cmt>
    <desc><![CDATA[]]>
    </desc>
    <sym>Flag, Blue</sym>
    <type>user</type>
    <extensions>
      <PosType>0</PosType>
      <Speed>0.5394289</Speed>
      <Accuracy>1.2</Accuracy>
      <Time>1769931244435</Time>
      <description><![CDATA[]]>
      </description>
      <FileId>1563342736</FileId>
      <FileSize>3570668</FileSize>
      <FileType>0</FileType>
    </extensions>
  </wpt>
  <wpt lat="29.0623673" lon="119.9421215">
    <ele>931.8</ele>
    <time>2026-02-01T07:34:40Z</time>
    <name><![CDATA[
        
        ]]>
    </name>
    <cmt>
        
        </cmt>
    <desc><![CDATA[]]>
    </desc>
    <sym>Flag, Blue</sym>
    <type>user</type>
    <extensions>
      <PosType>0</PosType>
      <Speed>0.6233286</Speed>
      <Accuracy>1.4</Accuracy>
      <Time>1769931280480</Time>
      <description><![CDATA[]]>
      </description>
      <FileId>1563342728</FileId>
      <FileSize>3870553</FileSize>
      <FileType>0</FileType>
    </extensions>
  </wpt>
  <wpt lat="29.060759" lon="119.9409547">
    <ele>855.0</ele>
    <time>2026-02-01T08:01:28Z</time>
    <name><![CDATA[
        
        ]]>
    </name>
    <cmt>
        
        </cmt>
    <desc><![CDATA[]]>
    </desc>
    <sym>Flag, Blue</sym>
    <type>user</type>
    <extensions>
      <PosType>0</PosType>
      <Speed>0.46273527</Speed>
      <Accuracy>1.2</Accuracy>
      <Time>1769932888450</Time>
      <description><![CDATA[]]>
      </description>
      <FileId>1563342724</FileId>
      <FileSize>4450107</FileSize>
      <FileType>0</FileType>
    </extensions>
  </wpt>
  <wpt lat="29.0605349" lon="119.9407206">
    <ele>841.1</ele>
    <time>2026-02-01T08:03:54Z</time>
    <name><![CDATA[
        
        ]]>
    </name>
    <cmt>
        
        </cmt>
    <desc><![CDATA[]]>
    </desc>
    <sym>Flag, Blue</sym>
    <type>user</type>
    <extensions>
      <PosType>0</PosType>
      <Speed>0.0</Speed>
      <Accuracy>1.2</Accuracy>
      <Time>1769933034451</Time>
      <description><![CDATA[]]>
      </description>
      <FileId>1563342720</FileId>
      <FileSize>3856628</FileSize>
      <FileType>0</FileType>
    </extensions>
  </wpt>
  <wpt lat="29.0598925" lon="119.9399606">
    <ele>842.1</ele>
    <time>2026-02-01T08:11:08Z</time>
    <name><![CDATA[
        
        ]]>
    </name>
    <cmt>
        
        </cmt>
    <desc><![CDATA[]]>
    </desc>
    <sym>Flag, Blue</sym>
    <type>user</type>
    <extensions>
      <PosType>0</PosType>
      <Speed>0.69693387</Speed>
      <Accuracy>1.4</Accuracy>
      <Time>1769933468463</Time>
      <description><![CDATA[]]>
      </description>
      <FileId>1563342717</FileId>
      <FileSize>1700592</FileSize>
      <FileType>0</FileType>
    </extensions>
  </wpt>
  <wpt lat="29.0588231" lon="119.9389488">
    <ele>816.8</ele>
    <time>2026-02-01T08:16:30Z</time>
    <name><![CDATA[
        
        ]]>
    </name>
    <cmt>
        
        </cmt>
    <desc><![CDATA[]]>
    </desc>
    <sym>Flag, Blue</sym>
    <type>user</type>
    <extensions>
      <PosType>0</PosType>
      <Speed>0.43854332</Speed>
      <Accuracy>1.2</Accuracy>
      <Time>1769933790431</Time>
      <description><![CDATA[]]>
      </description>
      <FileId>1563342715</FileId>
      <FileSize>4215666</FileSize>
      <FileType>0</FileType>
    </extensions>
  </wpt>
  <wpt lat="29.0576119" lon="119.9379136">
    <ele>787.6</ele>
    <time>2026-02-01T08:25:26Z</time>
    <name><![CDATA[
        
        ]]>
    </name>
    <cmt>
        
        </cmt>
    <desc><![CDATA[]]>
    </desc>
    <sym>Flag, Blue</sym>
    <type>user</type>
    <extensions>
      <PosType>0</PosType>
      <Speed>0.47045612</Speed>
      <Accuracy>1.3</Accuracy>
      <Time>1769934326441</Time>
      <description><![CDATA[]]>
      </description>
      <FileId>1563342712</FileId>
      <FileSize>1637156</FileSize>
      <FileType>0</FileType>
    </extensions>
  </wpt>
  <wpt lat="29.0573641" lon="119.9377305">
    <ele>791.3</ele>
    <time>2026-02-01T08:26:20Z</time>
    <name><![CDATA[
        
        ]]>
    </name>
    <cmt>
        
        </cmt>
    <desc><![CDATA[]]>
    </desc>
    <sym>Flag, Blue</sym>
    <type>user</type>
    <extensions>
      <PosType>0</PosType>
      <Speed>0.772598</Speed>
      <Accuracy>1.3</Accuracy>
      <Time>1769934380468</Time>
      <description><![CDATA[]]>
      </description>
      <FileId>1563342710</FileId>
      <FileSize>4341272</FileSize>
      <FileType>0</FileType>
    </extensions>
  </wpt>
  <wpt lat="29.0567489" lon="119.9366872">
    <ele>761.3</ele>
    <time>2026-02-01T08:30:52Z</time>
    <name><![CDATA[
        
        ]]>
    </name>
    <cmt>
        
        </cmt>
    <desc><![CDATA[]]>
    </desc>
    <sym>Flag, Blue</sym>
    <type>user</type>
    <extensions>
      <PosType>0</PosType>
      <Speed>0.6439175</Speed>
      <Accuracy>1.4</Accuracy>
      <Time>1769934652463</Time>
      <description><![CDATA[]]>
      </description>
      <FileId>1563342705</FileId>
      <FileSize>1555019</FileSize>
      <FileType>0</FileType>
    </extensions>
  </wpt>
  <wpt lat="29.0566128" lon="119.9361906">
    <ele>760.2</ele>
    <time>2026-02-01T08:32:22Z</time>
    <name><![CDATA[
        
        ]]>
    </name>
    <cmt>
        
        </cmt>
    <desc><![CDATA[]]>
    </desc>
    <sym>Flag, Blue</sym>
    <type>user</type>
    <extensions>
      <PosType>0</PosType>
      <Speed>0.6186961</Speed>
      <Accuracy>1.4</Accuracy>
      <Time>1769934742456</Time>
      <description><![CDATA[]]>
      </description>
      <FileId>1563342701</FileId>
      <FileSize>3573361</FileSize>
      <FileType>0</FileType>
    </extensions>
  </wpt>
  <wpt lat="29.0542768" lon="119.9341659">
    <ele>696.9</ele>
    <time>2026-02-01T08:45:48Z</time>
    <name><![CDATA[
        
        ]]>
    </name>
    <cmt>
        
        </cmt>
    <desc><![CDATA[]]>
    </desc>
    <sym>Flag, Blue</sym>
    <type>user</type>
    <extensions>
      <PosType>0</PosType>
      <Speed>0.6037692</Speed>
      <Accuracy>1.4</Accuracy>
      <Time>1769935548411</Time>
      <description><![CDATA[]]>
      </description>
      <FileId>1563342696</FileId>
      <FileSize>3231346</FileSize>
      <FileType>0</FileType>
    </extensions>
  </wpt>
  <wpt lat="29.054122" lon="119.9340135">
    <ele>696.8</ele>
    <time>2026-02-01T08:46:22Z</time>
    <name><![CDATA[
        
        ]]>
    </name>
    <cmt>
        
        </cmt>
    <desc><![CDATA[]]>
    </desc>
    <sym>Flag, Blue</sym>
    <type>user</type>
    <extensions>
      <PosType>0</PosType>
      <Speed>0.8621597</Speed>
      <Accuracy>1.5</Accuracy>
      <Time>1769935582444</Time>
      <description><![CDATA[]]>
      </description>
      <FileId>1563342693</FileId>
      <FileSize>2414730</FileSize>
      <FileType>0</FileType>
    </extensions>
  </wpt>
  <wpt lat="29.0538183" lon="119.9335217">
    <ele>675.9</ele>
    <time>2026-02-01T08:50:38Z</time>
    <name><![CDATA[
        
        ]]>
    </name>
    <cmt>
        
        </cmt>
    <desc><![CDATA[]]>
    </desc>
    <sym>Flag, Blue</sym>
    <type>user</type>
    <extensions>
      <PosType>0</PosType>
      <Speed>0.37214416</Speed>
      <Accuracy>1.6</Accuracy>
      <Time>1769935838372</Time>
      <description><![CDATA[]]>
      </description>
      <FileId>1563342690</FileId>
      <FileSize>1430105</FileSize>
      <FileType>0</FileType>
    </extensions>
  </wpt>
  <wpt lat="29.0535383" lon="119.9320367">
    <ele>611.6</ele>
    <time>2026-02-01T09:02:02Z</time>
    <name><![CDATA[
        
        ]]>
    </name>
    <cmt>
        
        </cmt>
    <desc><![CDATA[]]>
    </desc>
    <sym>Flag, Blue</sym>
    <type>user</type>
    <extensions>
      <PosType>0</PosType>
      <Speed>0.48023584</Speed>
      <Accuracy>1.3</Accuracy>
      <Time>1769936522476</Time>
      <description><![CDATA[]]>
      </description>
      <FileId>1563342689</FileId>
      <FileSize>2643177</FileSize>
      <FileType>0</FileType>
    </extensions>
  </wpt>
  <wpt lat="29.0530133" lon="119.9314037">
    <ele>592.7</ele>
    <time>2026-02-01T09:06:56Z</time>
    <name><![CDATA[
        
        ]]>
    </name>
    <cmt>
        
        </cmt>
    <desc><![CDATA[]]>
    </desc>
    <sym>Flag, Blue</sym>
    <type>user</type>
    <extensions>
      <PosType>0</PosType>
      <Speed>0.67685974</Speed>
      <Accuracy>1.4</Accuracy>
      <Time>1769936816464</Time>
      <description><![CDATA[]]>
      </description>
      <FileId>1563342685</FileId>
      <FileSize>3894583</FileSize>
      <FileType>0</FileType>
    </extensions>
  </wpt>
  <wpt lat="29.0524984" lon="119.9311232">
    <ele>569.3</ele>
    <time>2026-02-01T09:08:44Z</time>
    <name><![CDATA[
        
        ]]>
    </name>
    <cmt>
        
        </cmt>
    <desc><![CDATA[]]>
    </desc>
    <sym>Flag, Blue</sym>
    <type>user</type>
    <extensions>
      <PosType>0</PosType>
      <Speed>1.1076822</Speed>
      <Accuracy>1.5</Accuracy>
      <Time>1769936924460</Time>
      <description><![CDATA[]]>
      </description>
      <FileId>1563342681</FileId>
      <FileSize>2049486</FileSize>
      <FileType>0</FileType>
    </extensions>
  </wpt>
  <wpt lat="29.0524754" lon="119.9306481">
    <ele>540.4</ele>
    <time>2026-02-01T09:11:24Z</time>
    <name><![CDATA[
        
        ]]>
    </name>
    <cmt>
        
        </cmt>
    <desc><![CDATA[]]>
    </desc>
    <sym>Flag, Blue</sym>
    <type>user</type>
    <extensions>
      <PosType>0</PosType>
      <Speed>0.79473114</Speed>
      <Accuracy>1.5</Accuracy>
      <Time>1769937084450</Time>
      <description><![CDATA[]]>
      </description>
      <FileId>1563342677</FileId>
      <FileSize>1973379</FileSize>
      <FileType>0</FileType>
    </extensions>
  </wpt>
  <wpt lat="29.0524033" lon="119.9305817">
    <ele>535.1</ele>
    <time>2026-02-01T09:12:44Z</time>
    <name><![CDATA[
        
        ]]>
    </name>
    <cmt>
        
        </cmt>
    <desc><![CDATA[]]>
    </desc>
    <sym>Flag, Blue</sym>
    <type>user</type>
    <extensions>
      <PosType>0</PosType>
      <Speed>0.7540681</Speed>
      <Accuracy>1.4</Accuracy>
      <Time>1769937164416</Time>
      <description><![CDATA[]]>
      </description>
      <FileId>1563342674</FileId>
      <FileSize>1865123</FileSize>
      <FileType>0</FileType>
    </extensions>
  </wpt>
  <wpt lat="29.0523121" lon="119.9304023">
    <ele>532.0</ele>
    <time>2026-02-01T09:13:24Z</time>
    <name><![CDATA[
        
        ]]>
    </name>
    <cmt>
        
        </cmt>
    <desc><![CDATA[]]>
    </desc>
    <sym>Flag, Blue</sym>
    <type>user</type>
    <extensions>
      <PosType>0</PosType>
      <Speed>1.2204064</Speed>
      <Accuracy>1.6</Accuracy>
      <Time>1769937204397</Time>
      <description><![CDATA[]]>
      </description>
      <FileId>1563342616</FileId>
      <FileSize>1897233</FileSize>
      <FileType>0</FileType>
    </extensions>
  </wpt>
  <wpt lat="29.0521295" lon="119.9303284">
    <ele>531.4</ele>
    <time>2026-02-01T09:13:46Z</time>
    <name><![CDATA[往这
        
        ]]>
    </name>
    <cmt>往这
        
        </cmt>
    <desc><![CDATA[]]>
    </desc>
    <sym>Flag, Blue</sym>
    <type>user</type>
    <extensions>
      <PosType>0</PosType>
      <Speed>1.1941556</Speed>
      <Accuracy>1.4</Accuracy>
      <Time>1769937226435</Time>
      <description><![CDATA[]]>
      </description>
      <FileId>1563342612</FileId>
      <FileSize>3131101</FileSize>
      <FileType>0</FileType>
    </extensions>
  </wpt>
  <wpt lat="29.0520733" lon="119.9302631">
    <ele>524.7</ele>
    <time>2026-02-01T09:14:26Z</time>
    <name><![CDATA[
        
        ]]>
    </name>
    <cmt>
        
        </cmt>
    <desc><![CDATA[]]>
    </desc>
    <sym>Flag, Blue</sym>
    <type>user</type>
    <extensions>
      <PosType>0</PosType>
      <Speed>0.94657415</Speed>
      <Accuracy>1.5</Accuracy>
      <Time>1769937266430</Time>
      <description><![CDATA[]]>
      </description>
      <FileId>1563342604</FileId>
      <FileSize>1710348</FileSize>
      <FileType>0</FileType>
    </extensions>
  </wpt>
  <wpt lat="29.0520733" lon="119.9302631">
    <ele>524.7</ele>
    <time>2026-02-01T09:14:26Z</time>
    <name><![CDATA[
        
        ]]>
    </name>
    <cmt>
        
        </cmt>
    <desc><![CDATA[]]>
    </desc>
    <sym>Flag, Blue</sym>
    <type>user</type>
    <extensions>
      <PosType>0</PosType>
      <Speed>0.94657415</Speed>
      <Accuracy>1.5</Accuracy>
      <Time>1769937266430</Time>
      <description><![CDATA[]]>
      </description>
      <FileId>1563342598</FileId>
      <FileSize>1757771</FileSize>
      <FileType>0</FileType>
    </extensions>
  </wpt>
  <wpt lat="29.0518607" lon="119.9299267">
    <ele>519.1</ele>
    <time>2026-02-01T09:15:34Z</time>
    <name><![CDATA[
        
        ]]>
    </name>
    <cmt>
        
        </cmt>
    <desc><![CDATA[]]>
    </desc>
    <sym>Flag, Blue</sym>
    <type>user</type>
    <extensions>
      <PosType>0</PosType>
      <Speed>0.8642186</Speed>
      <Accuracy>1.5</Accuracy>
      <Time>1769937334446</Time>
      <description><![CDATA[]]>
      </description>
      <FileId>1563342593</FileId>
      <FileSize>1879735</FileSize>
      <FileType>0</FileType>
    </extensions>
  </wpt>
</gpx>