<?xml version='1.0' encoding='UTF-8' standalone='yes' ?>
<gpx version="1.1" creator="GPSBabel - http://www.gpsbabel.org" xmlns:xsi="http://www.w3.org/2001/XMLSchema-instance" xmlns="http://www.topografix.com/GPX/1/1" xsi:schemaLocation="http://www.topografix.com/GPX/1/1 http://www.topografix.com/GPX/1/1/gpx.xsd">
  <metadata>
    <link href="http://www.garmin.com">
      <text>Garmin International</text>
    </link>
    <time>2026-06-23T02:53:19Z</time>
    <bounds minlat="28.8744501" minlon="119.6783687" maxlat="28.8843233" maxlon="119.6869066" />
  </metadata>
  <extensions>
    <name><![CDATA[武义石脸盆]]>
    </name>
    <description><![CDATA[]]>
    </description>
    <TrackId>86230249</TrackId>
    <TrackTypeId>8</TrackTypeId>
    <TrackTags>徒步</TrackTags>
    <BeginTime>1782183199000</BeginTime>
    <EndTime>1782194078000</EndTime>
    <TimeUsed>10879000</TimeUsed>
    <PauseTime>477944</PauseTime>
    <PosStartName>金华市武义县王宅镇山里村SL76号老房</PosStartName>
    <PosEndName>金华市武义县王宅镇山里村SL76号老房</PosEndName>
    <ProductVersion>and_9.0.2</ProductVersion>
    <StartDistrictId>9656</StartDistrictId>
    <EndDistrictId>9656</EndDistrictId>
    <CreaterId>64771087</CreaterId>
    <CreaterName><![CDATA[步履赴山野]]>
    </CreaterName>
    <CreaterIcon>1523534626</CreaterIcon>
    <OriginCreaterId>64771087</OriginCreaterId>
    <OriginCreaterNickname><![CDATA[步履赴山野]]>
    </OriginCreaterNickname>
    <OriginCreaterName><![CDATA[null]]>
    </OriginCreaterName>
    <OriginCreaterIcon>1523534626</OriginCreaterIcon>
    <ThumbnailId>1633044718</ThumbnailId>
    <Distance>5533.0</Distance>
    <ElevationGain>488.86</ElevationGain>
    <ElevationLoss>499.18999999999994</ElevationLoss>
    <SportAvgSpeed>0.5319652158396224</SportAvgSpeed>
  </extensions>
  <trk>
    <trkseg>
      <trkpt lat="28.8748883" lon="119.6783687">
        <ele>207.8</ele>
        <time>2026-06-23T02:53:19Z</time>
        <speed>0.5620767</speed>
      </trkpt>
      <trkpt lat="28.8748973" lon="119.6784213">
        <ele>207.8</ele>
        <time>2026-06-23T02:53:39Z</time>
        <speed>0.85392416</speed>
      </trkpt>
      <trkpt lat="28.8749194" lon="119.6785434">
        <ele>203.33</ele>
        <time>2026-06-23T02:53:47Z</time>
        <speed>1.2466573</speed>
      </trkpt>
      <trkpt lat="28.8749295" lon="119.6786812">
        <ele>200.17</ele>
        <time>2026-06-23T02:53:55Z</time>
        <speed>1.4087948</speed>
      </trkpt>
      <trkpt lat="28.8749172" lon="119.6788224">
        <ele>197.95</ele>
        <time>2026-06-23T02:54:05Z</time>
        <speed>1.245113</speed>
      </trkpt>
      <trkpt lat="28.8748685" lon="119.6789293">
        <ele>196.55</ele>
        <time>2026-06-23T02:54:13Z</time>
        <speed>1.247172</speed>
      </trkpt>
      <trkpt lat="28.8748028" lon="119.6790175">
        <ele>195.8</ele>
        <time>2026-06-23T02:54:21Z</time>
        <speed>1.2554075</speed>
      </trkpt>
      <trkpt lat="28.8748027" lon="119.679115">
        <ele>194.64</ele>
        <time>2026-06-23T02:54:35Z</time>
        <speed>1.2425394</speed>
      </trkpt>
      <trkpt lat="28.8748727" lon="119.6791681">
        <ele>193.16</ele>
        <time>2026-06-23T02:54:43Z</time>
        <speed>1.3418808</speed>
      </trkpt>
      <trkpt lat="28.8749836" lon="119.6791961">
        <ele>193.26</ele>
        <time>2026-06-23T02:54:53Z</time>
        <speed>1.2883497</speed>
      </trkpt>
      <trkpt lat="28.8750053" lon="119.6792112">
        <ele>194.35</ele>
        <time>2026-06-23T02:55:03Z</time>
        <speed>0.0</speed>
      </trkpt>
      <trkpt lat="28.8750933" lon="119.679205">
        <ele>195.06</ele>
        <time>2026-06-23T02:56:11Z</time>
        <speed>1.3243803</speed>
      </trkpt>
      <trkpt lat="28.8751367" lon="119.6792033">
        <ele>196.37</ele>
        <time>2026-06-23T02:56:31Z</time>
        <speed>0.0</speed>
      </trkpt>
      <trkpt lat="28.875195" lon="119.6792867">
        <ele>196.3</ele>
        <time>2026-06-23T02:57:31Z</time>
        <speed>0.2434636</speed>
      </trkpt>
      <trkpt lat="28.875115" lon="119.679345">
        <ele>195.7</ele>
        <time>2026-06-23T02:57:59Z</time>
        <speed>0.6521531</speed>
      </trkpt>
      <trkpt lat="28.8750308" lon="119.6793991">
        <ele>196.77</ele>
        <time>2026-06-23T02:58:09Z</time>
        <speed>0.85804194</speed>
      </trkpt>
      <trkpt lat="28.8749419" lon="119.679401">
        <ele>198.03</ele>
        <time>2026-06-23T02:58:19Z</time>
        <speed>1.1622428</speed>
      </trkpt>
      <trkpt lat="28.8748918" lon="119.6794104">
        <ele>198.88</ele>
        <time>2026-06-23T02:58:37Z</time>
        <speed>0.0</speed>
      </trkpt>
      <trkpt lat="28.8748757" lon="119.6794916">
        <ele>199.32</ele>
        <time>2026-06-23T02:58:53Z</time>
        <speed>0.7525239</speed>
      </trkpt>
      <trkpt lat="28.8748954" lon="119.679594">
        <ele>200.3</ele>
        <time>2026-06-23T02:59:27Z</time>
        <speed>0.50906026</speed>
      </trkpt>
      <trkpt lat="28.8749003" lon="119.6797033">
        <ele>204.86</ele>
        <time>2026-06-23T02:59:59Z</time>
        <speed>0.9033375</speed>
      </trkpt>
      <trkpt lat="28.874895" lon="119.6798135">
        <ele>207.33</ele>
        <time>2026-06-23T03:00:31Z</time>
        <speed>0.7123756</speed>
      </trkpt>
      <trkpt lat="28.8749112" lon="119.6799221">
        <ele>210.63</ele>
        <time>2026-06-23T03:01:05Z</time>
        <speed>0.4931039</speed>
      </trkpt>
      <trkpt lat="28.8749067" lon="119.68003">
        <ele>216.64</ele>
        <time>2026-06-23T03:08:24Z</time>
        <speed>0.6367114</speed>
      </trkpt>
      <trkpt lat="28.8749433" lon="119.6801367">
        <ele>223.63</ele>
        <time>2026-06-23T03:10:25Z</time>
        <speed>0.43030778</speed>
      </trkpt>
      <trkpt lat="28.87494" lon="119.6802583">
        <ele>233.68</ele>
        <time>2026-06-23T03:10:56Z</time>
        <speed>1.2703345</speed>
      </trkpt>
      <trkpt lat="28.8749212" lon="119.6803701">
        <ele>241.18</ele>
        <time>2026-06-23T03:11:14Z</time>
        <speed>1.4571786</speed>
      </trkpt>
      <trkpt lat="28.87496" lon="119.6804725">
        <ele>247.04</ele>
        <time>2026-06-23T03:11:26Z</time>
        <speed>1.3037914</speed>
      </trkpt>
      <trkpt lat="28.875052" lon="119.6805028">
        <ele>250.85</ele>
        <time>2026-06-23T03:11:40Z</time>
        <speed>0.85083586</speed>
      </trkpt>
      <trkpt lat="28.875159" lon="119.6805214">
        <ele>253.62</ele>
        <time>2026-06-23T03:11:54Z</time>
        <speed>0.7417147</speed>
      </trkpt>
      <trkpt lat="28.8752626" lon="119.6805372">
        <ele>255.89</ele>
        <time>2026-06-23T03:12:04Z</time>
        <speed>1.0397389</speed>
      </trkpt>
      <trkpt lat="28.8752626" lon="119.6805372">
        <ele>255.89</ele>
        <time>2026-06-23T03:12:13Z</time>
        <speed>1.0397389</speed>
      </trkpt>
      <extensions>
        <PauseTimes>1782184333000:pause</PauseTimes>
      </extensions>
    </trkseg>
  </trk>
  <trk>
    <trkseg>
      <trkpt lat="28.8749196" lon="119.6804218">
        <ele>259.12</ele>
        <time>2026-06-23T03:12:49Z</time>
        <speed>1.0572394</speed>
      </trkpt>
      <trkpt lat="28.8749196" lon="119.6804218">
        <ele>259.12</ele>
        <time>2026-06-23T03:12:54Z</time>
        <speed>1.0572394</speed>
      </trkpt>
      <trkpt lat="28.8748968" lon="119.6803754">
        <ele>257.69</ele>
        <time>2026-06-23T03:13:18Z</time>
        <speed>0.0</speed>
      </trkpt>
      <trkpt lat="28.8748543" lon="119.6804421">
        <ele>256.58</ele>
        <time>2026-06-23T03:14:08Z</time>
        <speed>0.9898108</speed>
      </trkpt>
      <trkpt lat="28.8748377" lon="119.680551">
        <ele>255.68</ele>
        <time>2026-06-23T03:14:20Z</time>
        <speed>1.1926113</speed>
      </trkpt>
      <trkpt lat="28.8748398" lon="119.6806246">
        <ele>255.48</ele>
        <time>2026-06-23T03:14:48Z</time>
        <speed>0.0</speed>
      </trkpt>
      <trkpt lat="28.874852" lon="119.6807262">
        <ele>255.7</ele>
        <time>2026-06-23T03:15:27Z</time>
        <speed>0.7350233</speed>
      </trkpt>
      <trkpt lat="28.8748672" lon="119.6808334">
        <ele>254.5</ele>
        <time>2026-06-23T03:16:04Z</time>
        <speed>0.60840166</speed>
      </trkpt>
      <trkpt lat="28.8748782" lon="119.6809406">
        <ele>253.04</ele>
        <time>2026-06-23T03:16:14Z</time>
        <speed>0.9862078</speed>
      </trkpt>
      <trkpt lat="28.8749642" lon="119.6809763">
        <ele>251.73</ele>
        <time>2026-06-23T03:16:28Z</time>
        <speed>1.2281272</speed>
      </trkpt>
      <trkpt lat="28.875011" lon="119.6809802">
        <ele>250.94</ele>
        <time>2026-06-23T03:16:38Z</time>
        <speed>0.0</speed>
      </trkpt>
      <trkpt lat="28.8750216" lon="119.6810586">
        <ele>250.58</ele>
        <time>2026-06-23T03:17:18Z</time>
        <speed>0.8436297</speed>
      </trkpt>
      <trkpt lat="28.8750289" lon="119.6811616">
        <ele>248.52</ele>
        <time>2026-06-23T03:17:40Z</time>
        <speed>0.99495804</speed>
      </trkpt>
      <trkpt lat="28.8749543" lon="119.6811925">
        <ele>246.75</ele>
        <time>2026-06-23T03:18:08Z</time>
        <speed>0.84054136</speed>
      </trkpt>
      <trkpt lat="28.8748835" lon="119.6812635">
        <ele>245.74</ele>
        <time>2026-06-23T03:19:00Z</time>
        <speed>0.22081584</speed>
      </trkpt>
      <trkpt lat="28.8748418" lon="119.6813642">
        <ele>244.86</ele>
        <time>2026-06-23T03:19:58Z</time>
        <speed>0.3844975</speed>
      </trkpt>
      <trkpt lat="28.8747944" lon="119.6814638">
        <ele>242.86</ele>
        <time>2026-06-23T03:20:20Z</time>
        <speed>0.75149447</speed>
      </trkpt>
      <trkpt lat="28.874811" lon="119.6815621">
        <ele>240.12</ele>
        <time>2026-06-23T03:20:38Z</time>
        <speed>0.87966025</speed>
      </trkpt>
      <trkpt lat="28.8747967" lon="119.681675">
        <ele>237.14</ele>
        <time>2026-06-23T03:22:56Z</time>
        <speed>1.0958436</speed>
      </trkpt>
      <trkpt lat="28.8748233" lon="119.68169">
        <ele>234.54</ele>
        <time>2026-06-23T03:23:16Z</time>
        <speed>0.0</speed>
      </trkpt>
      <trkpt lat="28.8747555" lon="119.6817388">
        <ele>232.55</ele>
        <time>2026-06-23T03:23:44Z</time>
        <speed>1.2842319</speed>
      </trkpt>
      <trkpt lat="28.8747057" lon="119.6818387">
        <ele>231.62</ele>
        <time>2026-06-23T03:23:56Z</time>
        <speed>1.3135711</speed>
      </trkpt>
      <trkpt lat="28.8746234" lon="119.681897">
        <ele>230.54</ele>
        <time>2026-06-23T03:24:08Z</time>
        <speed>1.1514336</speed>
      </trkpt>
      <trkpt lat="28.8745514" lon="119.6819859">
        <ele>229.4</ele>
        <time>2026-06-23T03:24:17Z</time>
        <speed>1.2373922</speed>
      </trkpt>
      <trkpt lat="28.874493" lon="119.6820763">
        <ele>228.84</ele>
        <time>2026-06-23T03:24:25Z</time>
        <speed>1.26004</speed>
      </trkpt>
      <trkpt lat="28.8744579" lon="119.6821859">
        <ele>229.25</ele>
        <time>2026-06-23T03:24:35Z</time>
        <speed>1.0402536</speed>
      </trkpt>
      <trkpt lat="28.8744548" lon="119.682304">
        <ele>229.49</ele>
        <time>2026-06-23T03:24:47Z</time>
        <speed>0.7823778</speed>
      </trkpt>
      <trkpt lat="28.8745069" lon="119.6824112">
        <ele>229.45</ele>
        <time>2026-06-23T03:25:18Z</time>
        <speed>0.713405</speed>
      </trkpt>
      <trkpt lat="28.8745856" lon="119.6824856">
        <ele>228.61</ele>
        <time>2026-06-23T03:25:26Z</time>
        <speed>1.2240094</speed>
      </trkpt>
      <trkpt lat="28.874667" lon="119.6825617">
        <ele>228.78</ele>
        <time>2026-06-23T03:25:35Z</time>
        <speed>1.1318742</speed>
      </trkpt>
      <trkpt lat="28.8746843" lon="119.6825501">
        <ele>229.05</ele>
        <time>2026-06-23T03:25:46Z</time>
        <speed>0.0</speed>
      </trkpt>
      <trkpt lat="28.8747449" lon="119.6825861">
        <ele>228.85</ele>
        <time>2026-06-23T03:25:58Z</time>
        <speed>1.089667</speed>
      </trkpt>
      <trkpt lat="28.87482" lon="119.682666">
        <ele>228.62</ele>
        <time>2026-06-23T03:26:06Z</time>
        <speed>1.923517</speed>
      </trkpt>
      <trkpt lat="28.8748253" lon="119.6827685">
        <ele>228.44</ele>
        <time>2026-06-23T03:26:14Z</time>
        <speed>1.9796216</speed>
      </trkpt>
      <trkpt lat="28.874795" lon="119.6828743">
        <ele>229.58</ele>
        <time>2026-06-23T03:26:21Z</time>
        <speed>1.3310716</speed>
      </trkpt>
      <trkpt lat="28.8747874" lon="119.6829877">
        <ele>231.91</ele>
        <time>2026-06-23T03:26:29Z</time>
        <speed>1.250775</speed>
      </trkpt>
      <trkpt lat="28.8748003" lon="119.6831049">
        <ele>233.24</ele>
        <time>2026-06-23T03:26:37Z</time>
        <speed>1.4221776</speed>
      </trkpt>
      <trkpt lat="28.8748691" lon="119.6831872">
        <ele>232.92</ele>
        <time>2026-06-23T03:26:46Z</time>
        <speed>1.1838611</speed>
      </trkpt>
      <trkpt lat="28.8749662" lon="119.6832195">
        <ele>232.22</ele>
        <time>2026-06-23T03:26:53Z</time>
        <speed>1.2353333</speed>
      </trkpt>
      <trkpt lat="28.8750664" lon="119.6831938">
        <ele>231.18</ele>
        <time>2026-06-23T03:27:04Z</time>
        <speed>1.0232677</speed>
      </trkpt>
      <trkpt lat="28.8751644" lon="119.6831867">
        <ele>231.19</ele>
        <time>2026-06-23T03:27:09Z</time>
        <speed>1.0088556</speed>
      </trkpt>
      <trkpt lat="28.8752546" lon="119.6832227">
        <ele>231.93</ele>
        <time>2026-06-23T03:27:15Z</time>
        <speed>1.5441667</speed>
      </trkpt>
      <trkpt lat="28.8753498" lon="119.6832574">
        <ele>233.16</ele>
        <time>2026-06-23T03:27:25Z</time>
        <speed>1.3146006</speed>
      </trkpt>
      <trkpt lat="28.8754405" lon="119.6833176">
        <ele>234.94</ele>
        <time>2026-06-23T03:27:33Z</time>
        <speed>1.4654142</speed>
      </trkpt>
      <trkpt lat="28.875528" lon="119.6833652">
        <ele>236.47</ele>
        <time>2026-06-23T03:27:41Z</time>
        <speed>1.5997567</speed>
      </trkpt>
      <trkpt lat="28.8756081" lon="119.6834326">
        <ele>237.47</ele>
        <time>2026-06-23T03:27:50Z</time>
        <speed>1.4890914</speed>
      </trkpt>
      <trkpt lat="28.8756846" lon="119.6835096">
        <ele>238.0</ele>
        <time>2026-06-23T03:28:08Z</time>
        <speed>0.6758303</speed>
      </trkpt>
      <trkpt lat="28.8757627" lon="119.6835851">
        <ele>237.48</ele>
        <time>2026-06-23T03:28:17Z</time>
        <speed>1.2651873</speed>
      </trkpt>
      <trkpt lat="28.8758556" lon="119.6836401">
        <ele>236.63</ele>
        <time>2026-06-23T03:28:28Z</time>
        <speed>1.2029058</speed>
      </trkpt>
      <trkpt lat="28.8759266" lon="119.6837196">
        <ele>236.23</ele>
        <time>2026-06-23T03:28:36Z</time>
        <speed>1.2363628</speed>
      </trkpt>
      <trkpt lat="28.8760164" lon="119.6837876">
        <ele>236.13</ele>
        <time>2026-06-23T03:28:43Z</time>
        <speed>1.26004</speed>
      </trkpt>
      <trkpt lat="28.8761151" lon="119.6838104">
        <ele>236.07</ele>
        <time>2026-06-23T03:28:51Z</time>
        <speed>1.5204895</speed>
      </trkpt>
      <trkpt lat="28.8762078" lon="119.6837681">
        <ele>235.78</ele>
        <time>2026-06-23T03:28:59Z</time>
        <speed>1.4093094</speed>
      </trkpt>
      <trkpt lat="28.8762673" lon="119.6837383">
        <ele>235.75</ele>
        <time>2026-06-23T03:29:17Z</time>
        <speed>0.0</speed>
      </trkpt>
      <trkpt lat="28.8763548" lon="119.6837168">
        <ele>237.62</ele>
        <time>2026-06-23T03:29:35Z</time>
        <speed>1.1020203</speed>
      </trkpt>
      <trkpt lat="28.8764379" lon="119.6837515">
        <ele>239.63</ele>
        <time>2026-06-23T03:29:43Z</time>
        <speed>1.0855491</speed>
      </trkpt>
      <trkpt lat="28.8764925" lon="119.6837974">
        <ele>241.21</ele>
        <time>2026-06-23T03:29:49Z</time>
        <speed>0.0</speed>
      </trkpt>
      <trkpt lat="28.8765755" lon="119.6838596">
        <ele>242.28</ele>
        <time>2026-06-23T03:29:57Z</time>
        <speed>1.158125</speed>
      </trkpt>
      <trkpt lat="28.8766766" lon="119.683863">
        <ele>244.74</ele>
        <time>2026-06-23T03:30:10Z</time>
        <speed>0.86988056</speed>
      </trkpt>
      <trkpt lat="28.8767786" lon="119.6838255">
        <ele>248.55</ele>
        <time>2026-06-23T03:30:20Z</time>
        <speed>1.1215798</speed>
      </trkpt>
      <trkpt lat="28.8768845" lon="119.6838164">
        <ele>254.12</ele>
        <time>2026-06-23T03:30:34Z</time>
        <speed>0.4864125</speed>
      </trkpt>
      <trkpt lat="28.8769823" lon="119.6838012">
        <ele>257.77</ele>
        <time>2026-06-23T03:30:40Z</time>
        <speed>1.1720225</speed>
      </trkpt>
      <trkpt lat="28.8770866" lon="119.6837901">
        <ele>259.67</ele>
        <time>2026-06-23T03:30:50Z</time>
        <speed>1.3295275</speed>
      </trkpt>
      <trkpt lat="28.8771983" lon="119.6837961">
        <ele>261.84</ele>
        <time>2026-06-23T03:31:00Z</time>
        <speed>1.1184914</speed>
      </trkpt>
      <trkpt lat="28.8773061" lon="119.6838346">
        <ele>263.33</ele>
        <time>2026-06-23T03:31:10Z</time>
        <speed>1.2023911</speed>
      </trkpt>
      <trkpt lat="28.8774145" lon="119.6838691">
        <ele>265.34</ele>
        <time>2026-06-23T03:31:20Z</time>
        <speed>1.1092263</speed>
      </trkpt>
      <trkpt lat="28.8775043" lon="119.6839336">
        <ele>267.51</ele>
        <time>2026-06-23T03:31:28Z</time>
        <speed>1.4314425</speed>
      </trkpt>
      <trkpt lat="28.8775884" lon="119.6840193">
        <ele>269.66</ele>
        <time>2026-06-23T03:31:38Z</time>
        <speed>1.2584958</speed>
      </trkpt>
      <trkpt lat="28.8776137" lon="119.6841395">
        <ele>271.96</ele>
        <time>2026-06-23T03:31:48Z</time>
        <speed>1.1118</speed>
      </trkpt>
      <trkpt lat="28.8775822" lon="119.6842599">
        <ele>274.81</ele>
        <time>2026-06-23T03:31:56Z</time>
        <speed>1.5256367</speed>
      </trkpt>
      <trkpt lat="28.8775386" lon="119.6843673">
        <ele>277.04</ele>
        <time>2026-06-23T03:32:04Z</time>
        <speed>1.1879789</speed>
      </trkpt>
      <trkpt lat="28.8775306" lon="119.6844833">
        <ele>277.58</ele>
        <time>2026-06-23T03:32:12Z</time>
        <speed>1.2631283</speed>
      </trkpt>
      <trkpt lat="28.8775979" lon="119.6845559">
        <ele>277.16</ele>
        <time>2026-06-23T03:32:22Z</time>
        <speed>1.2672461</speed>
      </trkpt>
      <trkpt lat="28.8776787" lon="119.6846158">
        <ele>277.74</ele>
        <time>2026-06-23T03:32:32Z</time>
        <speed>1.0155469</speed>
      </trkpt>
      <trkpt lat="28.877769" lon="119.6846758">
        <ele>280.13</ele>
        <time>2026-06-23T03:32:40Z</time>
        <speed>1.3665875</speed>
      </trkpt>
      <trkpt lat="28.8778585" lon="119.68474">
        <ele>282.14</ele>
        <time>2026-06-23T03:32:50Z</time>
        <speed>1.1524631</speed>
      </trkpt>
      <trkpt lat="28.8779357" lon="119.6848217">
        <ele>283.8</ele>
        <time>2026-06-23T03:33:00Z</time>
        <speed>1.0788578</speed>
      </trkpt>
      <trkpt lat="28.8779959" lon="119.6849077">
        <ele>284.27</ele>
        <time>2026-06-23T03:33:12Z</time>
        <speed>0.74274415</speed>
      </trkpt>
      <trkpt lat="28.8780689" lon="119.6849956">
        <ele>285.27</ele>
        <time>2026-06-23T03:33:20Z</time>
        <speed>1.1735667</speed>
      </trkpt>
      <trkpt lat="28.8781714" lon="119.6850597">
        <ele>286.58</ele>
        <time>2026-06-23T03:33:28Z</time>
        <speed>1.7829977</speed>
      </trkpt>
      <trkpt lat="28.8782556" lon="119.6851273">
        <ele>287.02</ele>
        <time>2026-06-23T03:33:36Z</time>
        <speed>2.00124</speed>
      </trkpt>
      <trkpt lat="28.8783289" lon="119.6851971">
        <ele>287.05</ele>
        <time>2026-06-23T03:33:44Z</time>
        <speed>2.0815368</speed>
      </trkpt>
      <trkpt lat="28.8783821" lon="119.6852832">
        <ele>288.15</ele>
        <time>2026-06-23T03:33:54Z</time>
        <speed>1.3846028</speed>
      </trkpt>
      <trkpt lat="28.8784411" lon="119.6853615">
        <ele>289.2</ele>
        <time>2026-06-23T03:34:02Z</time>
        <speed>1.312027</speed>
      </trkpt>
      <trkpt lat="28.8784573" lon="119.6854649">
        <ele>290.41</ele>
        <time>2026-06-23T03:34:13Z</time>
        <speed>0.89819026</speed>
      </trkpt>
      <trkpt lat="28.8784583" lon="119.685575">
        <ele>292.73</ele>
        <time>2026-06-23T03:34:24Z</time>
        <speed>0.7339939</speed>
      </trkpt>
      <trkpt lat="28.8784789" lon="119.6857037">
        <ele>294.48</ele>
        <time>2026-06-23T03:34:34Z</time>
        <speed>1.071137</speed>
      </trkpt>
      <trkpt lat="28.8785302" lon="119.6858179">
        <ele>296.68</ele>
        <time>2026-06-23T03:34:46Z</time>
        <speed>1.1375362</speed>
      </trkpt>
      <trkpt lat="28.8786015" lon="119.6858978">
        <ele>300.04</ele>
        <time>2026-06-23T03:34:56Z</time>
        <speed>1.0515774</speed>
      </trkpt>
      <trkpt lat="28.878691" lon="119.68588">
        <ele>303.21</ele>
        <time>2026-06-23T03:35:07Z</time>
        <speed>1.0155469</speed>
      </trkpt>
      <trkpt lat="28.8787852" lon="119.6858244">
        <ele>305.96</ele>
        <time>2026-06-23T03:35:16Z</time>
        <speed>1.0531217</speed>
      </trkpt>
      <trkpt lat="28.8788804" lon="119.6858041">
        <ele>309.03</ele>
        <time>2026-06-23T03:35:27Z</time>
        <speed>0.93988276</speed>
      </trkpt>
      <trkpt lat="28.8789633" lon="119.6858471">
        <ele>311.81</ele>
        <time>2026-06-23T03:35:33Z</time>
        <speed>1.1287858</speed>
      </trkpt>
      <trkpt lat="28.8790209" lon="119.6859342">
        <ele>313.92</ele>
        <time>2026-06-23T03:35:41Z</time>
        <speed>1.3238655</speed>
      </trkpt>
      <trkpt lat="28.8790695" lon="119.686037">
        <ele>316.02</ele>
        <time>2026-06-23T03:35:50Z</time>
        <speed>0.9995906</speed>
      </trkpt>
      <trkpt lat="28.8791114" lon="119.6861541">
        <ele>317.77</ele>
        <time>2026-06-23T03:36:00Z</time>
        <speed>1.2065089</speed>
      </trkpt>
      <trkpt lat="28.8791872" lon="119.686212">
        <ele>318.77</ele>
        <time>2026-06-23T03:36:10Z</time>
        <speed>1.1097411</speed>
      </trkpt>
      <trkpt lat="28.8792752" lon="119.6861909">
        <ele>319.34</ele>
        <time>2026-06-23T03:36:19Z</time>
        <speed>1.1838611</speed>
      </trkpt>
      <trkpt lat="28.8793437" lon="119.6861115">
        <ele>319.71</ele>
        <time>2026-06-23T03:36:27Z</time>
        <speed>1.0196648</speed>
      </trkpt>
      <trkpt lat="28.8794102" lon="119.6860125">
        <ele>320.05</ele>
        <time>2026-06-23T03:36:35Z</time>
        <speed>1.3629844</speed>
      </trkpt>
      <trkpt lat="28.8794974" lon="119.6859563">
        <ele>320.8</ele>
        <time>2026-06-23T03:36:43Z</time>
        <speed>1.3187183</speed>
      </trkpt>
      <trkpt lat="28.8795926" lon="119.6859612">
        <ele>321.49</ele>
        <time>2026-06-23T03:36:51Z</time>
        <speed>1.1354772</speed>
      </trkpt>
      <trkpt lat="28.8796921" lon="119.6859984">
        <ele>321.75</ele>
        <time>2026-06-23T03:36:59Z</time>
        <speed>1.3691611</speed>
      </trkpt>
      <trkpt lat="28.8797698" lon="119.6860717">
        <ele>322.16</ele>
        <time>2026-06-23T03:37:07Z</time>
        <speed>1.2234948</speed>
      </trkpt>
      <trkpt lat="28.87981" lon="119.6861832">
        <ele>323.42</ele>
        <time>2026-06-23T03:37:15Z</time>
        <speed>1.4262953</speed>
      </trkpt>
      <trkpt lat="28.8798948" lon="119.6862486">
        <ele>325.35</ele>
        <time>2026-06-23T03:37:26Z</time>
        <speed>1.2080531</speed>
      </trkpt>
      <trkpt lat="28.8799822" lon="119.6862154">
        <ele>327.48</ele>
        <time>2026-06-23T03:37:38Z</time>
        <speed>0.7448031</speed>
      </trkpt>
      <trkpt lat="28.8800794" lon="119.6861639">
        <ele>329.77</ele>
        <time>2026-06-23T03:37:48Z</time>
        <speed>1.0150322</speed>
      </trkpt>
      <trkpt lat="28.8801882" lon="119.686169">
        <ele>331.98</ele>
        <time>2026-06-23T03:37:57Z</time>
        <speed>1.1725372</speed>
      </trkpt>
      <trkpt lat="28.8802627" lon="119.6862387">
        <ele>333.23</ele>
        <time>2026-06-23T03:38:06Z</time>
        <speed>0.8935578</speed>
      </trkpt>
      <trkpt lat="28.8803361" lon="119.6863299">
        <ele>333.86</ele>
        <time>2026-06-23T03:38:15Z</time>
        <speed>1.0536364</speed>
      </trkpt>
      <trkpt lat="28.8804154" lon="119.6863884">
        <ele>334.61</ele>
        <time>2026-06-23T03:38:22Z</time>
        <speed>1.3238655</speed>
      </trkpt>
      <trkpt lat="28.8805076" lon="119.6864393">
        <ele>335.64</ele>
        <time>2026-06-23T03:38:32Z</time>
        <speed>1.2631283</speed>
      </trkpt>
      <trkpt lat="28.8806008" lon="119.6864497">
        <ele>337.0</ele>
        <time>2026-06-23T03:38:46Z</time>
        <speed>0.7381117</speed>
      </trkpt>
      <trkpt lat="28.8806537" lon="119.686357">
        <ele>338.81</ele>
        <time>2026-06-23T03:39:01Z</time>
        <speed>0.94503</speed>
      </trkpt>
      <trkpt lat="28.8806927" lon="119.686249">
        <ele>340.52</ele>
        <time>2026-06-23T03:39:09Z</time>
        <speed>1.2631283</speed>
      </trkpt>
      <trkpt lat="28.8807774" lon="119.6861962">
        <ele>342.19</ele>
        <time>2026-06-23T03:39:17Z</time>
        <speed>1.2816583</speed>
      </trkpt>
      <trkpt lat="28.880843" lon="119.6862646">
        <ele>344.22</ele>
        <time>2026-06-23T03:39:24Z</time>
        <speed>1.1606987</speed>
      </trkpt>
      <trkpt lat="28.8809152" lon="119.6863578">
        <ele>346.49</ele>
        <time>2026-06-23T03:39:34Z</time>
        <speed>1.143198</speed>
      </trkpt>
      <trkpt lat="28.8810013" lon="119.6864293">
        <ele>347.91</ele>
        <time>2026-06-23T03:39:44Z</time>
        <speed>0.99186975</speed>
      </trkpt>
      <trkpt lat="28.8810947" lon="119.6864741">
        <ele>348.6</ele>
        <time>2026-06-23T03:39:52Z</time>
        <speed>0.70362526</speed>
      </trkpt>
      <trkpt lat="28.8811812" lon="119.6865338">
        <ele>348.47</ele>
        <time>2026-06-23T03:40:01Z</time>
        <speed>0.9321619</speed>
      </trkpt>
      <trkpt lat="28.8812454" lon="119.6866261">
        <ele>348.83</ele>
        <time>2026-06-23T03:40:13Z</time>
        <speed>0.84723276</speed>
      </trkpt>
      <trkpt lat="28.8812864" lon="119.6867297">
        <ele>351.22</ele>
        <time>2026-06-23T03:40:20Z</time>
        <speed>0.81892306</speed>
      </trkpt>
      <trkpt lat="28.8813327" lon="119.6868355">
        <ele>353.88</ele>
        <time>2026-06-23T03:40:28Z</time>
        <speed>0.7823778</speed>
      </trkpt>
      <trkpt lat="28.8814053" lon="119.6869066">
        <ele>356.51</ele>
        <time>2026-06-23T03:40:36Z</time>
        <speed>1.1648164</speed>
      </trkpt>
      <trkpt lat="28.8814919" lon="119.68689">
        <ele>358.18</ele>
        <time>2026-06-23T03:40:46Z</time>
        <speed>1.1442275</speed>
      </trkpt>
      <trkpt lat="28.8815752" lon="119.6868266">
        <ele>359.65</ele>
        <time>2026-06-23T03:41:02Z</time>
        <speed>0.8611303</speed>
      </trkpt>
      <trkpt lat="28.8816333" lon="119.6867139">
        <ele>360.41</ele>
        <time>2026-06-23T03:41:12Z</time>
        <speed>1.3212919</speed>
      </trkpt>
      <trkpt lat="28.8816792" lon="119.6866051">
        <ele>361.56</ele>
        <time>2026-06-23T03:41:20Z</time>
        <speed>1.3634992</speed>
      </trkpt>
      <trkpt lat="28.8817243" lon="119.6864819">
        <ele>362.96</ele>
        <time>2026-06-23T03:41:31Z</time>
        <speed>1.1308447</speed>
      </trkpt>
      <trkpt lat="28.8817665" lon="119.6863639">
        <ele>364.7</ele>
        <time>2026-06-23T03:41:41Z</time>
        <speed>0.9069406</speed>
      </trkpt>
      <trkpt lat="28.8818248" lon="119.6862662">
        <ele>366.68</ele>
        <time>2026-06-23T03:41:51Z</time>
        <speed>0.71443444</speed>
      </trkpt>
      <trkpt lat="28.8818743" lon="119.6861568">
        <ele>367.63</ele>
        <time>2026-06-23T03:42:01Z</time>
        <speed>0.87091</speed>
      </trkpt>
      <trkpt lat="28.8819163" lon="119.6860564">
        <ele>369.98</ele>
        <time>2026-06-23T03:42:08Z</time>
        <speed>1.0721664</speed>
      </trkpt>
      <trkpt lat="28.8819846" lon="119.6859645">
        <ele>372.19</ele>
        <time>2026-06-23T03:42:19Z</time>
        <speed>1.0268708</speed>
      </trkpt>
      <trkpt lat="28.8820479" lon="119.6858678">
        <ele>374.3</ele>
        <time>2026-06-23T03:42:27Z</time>
        <speed>0.8642186</speed>
      </trkpt>
      <trkpt lat="28.8820869" lon="119.6857563">
        <ele>376.28</ele>
        <time>2026-06-23T03:42:37Z</time>
        <speed>0.8652481</speed>
      </trkpt>
      <trkpt lat="28.8821029" lon="119.6856443">
        <ele>378.52</ele>
        <time>2026-06-23T03:42:47Z</time>
        <speed>0.91826445</speed>
      </trkpt>
      <trkpt lat="28.882113" lon="119.6855291">
        <ele>381.01</ele>
        <time>2026-06-23T03:42:55Z</time>
        <speed>1.0181205</speed>
      </trkpt>
      <trkpt lat="28.8821302" lon="119.6854245">
        <ele>382.98</ele>
        <time>2026-06-23T03:43:05Z</time>
        <speed>1.0798873</speed>
      </trkpt>
      <trkpt lat="28.8821551" lon="119.6853141">
        <ele>384.28</ele>
        <time>2026-06-23T03:43:15Z</time>
        <speed>1.0922406</speed>
      </trkpt>
      <trkpt lat="28.8821618" lon="119.6852025">
        <ele>385.79</ele>
        <time>2026-06-23T03:43:25Z</time>
        <speed>1.1421686</speed>
      </trkpt>
      <trkpt lat="28.8821154" lon="119.6851143">
        <ele>387.86</ele>
        <time>2026-06-23T03:43:32Z</time>
        <speed>1.0690781</speed>
      </trkpt>
      <trkpt lat="28.8820465" lon="119.6850261">
        <ele>389.73</ele>
        <time>2026-06-23T03:43:42Z</time>
        <speed>1.0279002</speed>
      </trkpt>
      <trkpt lat="28.8819792" lon="119.6849317">
        <ele>391.26</ele>
        <time>2026-06-23T03:43:52Z</time>
        <speed>0.9455447</speed>
      </trkpt>
      <trkpt lat="28.8819379" lon="119.6848293">
        <ele>392.27</ele>
        <time>2026-06-23T03:44:01Z</time>
        <speed>1.0381948</speed>
      </trkpt>
      <trkpt lat="28.8818714" lon="119.6847603">
        <ele>392.76</ele>
        <time>2026-06-23T03:44:13Z</time>
        <speed>0.71855223</speed>
      </trkpt>
      <trkpt lat="28.8817912" lon="119.6846953">
        <ele>393.51</ele>
        <time>2026-06-23T03:44:23Z</time>
        <speed>0.97848696</speed>
      </trkpt>
      <trkpt lat="28.8817071" lon="119.6846312">
        <ele>394.45</ele>
        <time>2026-06-23T03:44:35Z</time>
        <speed>1.1004761</speed>
      </trkpt>
      <trkpt lat="28.8816818" lon="119.6846129">
        <ele>394.47</ele>
        <time>2026-06-23T03:44:49Z</time>
        <speed>0.0</speed>
      </trkpt>
      <trkpt lat="28.8817515" lon="119.6846256">
        <ele>395.13</ele>
        <time>2026-06-23T03:45:41Z</time>
        <speed>0.0</speed>
      </trkpt>
      <trkpt lat="28.8818606" lon="119.6846256">
        <ele>394.47</ele>
        <time>2026-06-23T03:46:13Z</time>
        <speed>0.7731128</speed>
      </trkpt>
      <trkpt lat="28.881975" lon="119.6846365">
        <ele>395.6</ele>
        <time>2026-06-23T03:46:22Z</time>
        <speed>0.74531776</speed>
      </trkpt>
      <trkpt lat="28.8820694" lon="119.6846015">
        <ele>396.42</ele>
        <time>2026-06-23T03:46:33Z</time>
        <speed>0.86061555</speed>
      </trkpt>
      <trkpt lat="28.8821543" lon="119.68455">
        <ele>397.49</ele>
        <time>2026-06-23T03:46:49Z</time>
        <speed>0.5713417</speed>
      </trkpt>
      <trkpt lat="28.8822565" lon="119.684518">
        <ele>400.59</ele>
        <time>2026-06-23T03:47:03Z</time>
        <speed>0.58266556</speed>
      </trkpt>
      <trkpt lat="28.8823526" lon="119.684524">
        <ele>404.72</ele>
        <time>2026-06-23T03:47:17Z</time>
        <speed>0.6397997</speed>
      </trkpt>
      <trkpt lat="28.8824469" lon="119.6845449">
        <ele>410.26</ele>
        <time>2026-06-23T03:47:28Z</time>
        <speed>0.99907583</speed>
      </trkpt>
      <trkpt lat="28.8825291" lon="119.6846069">
        <ele>412.95</ele>
        <time>2026-06-23T03:47:38Z</time>
        <speed>0.9198086</speed>
      </trkpt>
      <trkpt lat="28.882612" lon="119.6846631">
        <ele>414.69</ele>
        <time>2026-06-23T03:47:54Z</time>
        <speed>0.66862416</speed>
      </trkpt>
      <trkpt lat="28.8826945" lon="119.6847339">
        <ele>416.84</ele>
        <time>2026-06-23T03:48:09Z</time>
        <speed>0.47354445</speed>
      </trkpt>
      <trkpt lat="28.8827822" lon="119.6847561">
        <ele>420.18</ele>
        <time>2026-06-23T03:48:48Z</time>
        <speed>0.68509525</speed>
      </trkpt>
      <trkpt lat="28.8828658" lon="119.6847239">
        <ele>424.1</ele>
        <time>2026-06-23T03:49:08Z</time>
        <speed>0.45655861</speed>
      </trkpt>
      <trkpt lat="28.8829539" lon="119.6847037">
        <ele>427.54</ele>
        <time>2026-06-23T03:49:26Z</time>
        <speed>0.0</speed>
      </trkpt>
      <trkpt lat="28.8830063" lon="119.6846242">
        <ele>430.23</ele>
        <time>2026-06-23T03:49:52Z</time>
        <speed>0.40457165</speed>
      </trkpt>
      <trkpt lat="28.8830504" lon="119.684517">
        <ele>435.12</ele>
        <time>2026-06-23T03:50:22Z</time>
        <speed>0.0</speed>
      </trkpt>
      <trkpt lat="28.8831159" lon="119.6844375">
        <ele>441.82</ele>
        <time>2026-06-23T03:50:44Z</time>
        <speed>0.40868944</speed>
      </trkpt>
      <trkpt lat="28.8831656" lon="119.6843492">
        <ele>446.85</ele>
        <time>2026-06-23T03:51:04Z</time>
        <speed>0.0</speed>
      </trkpt>
      <trkpt lat="28.8832079" lon="119.6842532">
        <ele>453.32</ele>
        <time>2026-06-23T03:51:32Z</time>
        <speed>0.4493525</speed>
      </trkpt>
      <trkpt lat="28.8832832" lon="119.68421">
        <ele>459.72</ele>
        <time>2026-06-23T03:51:44Z</time>
        <speed>0.47405916</speed>
      </trkpt>
      <trkpt lat="28.8833424" lon="119.684271">
        <ele>463.33</ele>
        <time>2026-06-23T03:52:04Z</time>
        <speed>0.5353111</speed>
      </trkpt>
      <trkpt lat="28.8833481" lon="119.6842234">
        <ele>462.54</ele>
        <time>2026-06-23T03:52:28Z</time>
        <speed>0.9872372</speed>
      </trkpt>
      <trkpt lat="28.8833845" lon="119.6841417">
        <ele>461.83</ele>
        <time>2026-06-23T03:53:16Z</time>
        <speed>0.41538084</speed>
      </trkpt>
      <trkpt lat="28.8834112" lon="119.6840398">
        <ele>465.22</ele>
        <time>2026-06-23T03:53:40Z</time>
        <speed>0.37008527</speed>
      </trkpt>
      <trkpt lat="28.8833768" lon="119.6839398">
        <ele>469.21</ele>
        <time>2026-06-23T03:53:59Z</time>
        <speed>0.3453786</speed>
      </trkpt>
      <trkpt lat="28.883338" lon="119.6838294">
        <ele>475.36</ele>
        <time>2026-06-23T03:54:13Z</time>
        <speed>0.5219283</speed>
      </trkpt>
      <trkpt lat="28.8832762" lon="119.6837429">
        <ele>481.83</ele>
        <time>2026-06-23T03:54:31Z</time>
        <speed>0.5136928</speed>
      </trkpt>
      <trkpt lat="28.8832394" lon="119.6836438">
        <ele>487.71</ele>
        <time>2026-06-23T03:54:52Z</time>
        <speed>0.5054572</speed>
      </trkpt>
      <trkpt lat="28.8832042" lon="119.6835445">
        <ele>491.88</ele>
        <time>2026-06-23T03:55:15Z</time>
        <speed>0.5378847</speed>
      </trkpt>
      <trkpt lat="28.8832295" lon="119.6834468">
        <ele>495.5</ele>
        <time>2026-06-23T03:55:32Z</time>
        <speed>0.44472</speed>
      </trkpt>
      <trkpt lat="28.8832756" lon="119.6833498">
        <ele>499.54</ele>
        <time>2026-06-23T03:55:53Z</time>
        <speed>0.69693387</speed>
      </trkpt>
      <trkpt lat="28.8833735" lon="119.6832907">
        <ele>503.31</ele>
        <time>2026-06-23T03:56:50Z</time>
        <speed>0.0</speed>
      </trkpt>
      <trkpt lat="28.8834422" lon="119.6833518">
        <ele>504.85</ele>
        <time>2026-06-23T03:57:24Z</time>
        <speed>0.51575166</speed>
      </trkpt>
      <trkpt lat="28.8835373" lon="119.6834022">
        <ele>509.22</ele>
        <time>2026-06-23T03:57:58Z</time>
        <speed>0.87966025</speed>
      </trkpt>
      <trkpt lat="28.8836337" lon="119.6834372">
        <ele>513.3</ele>
        <time>2026-06-23T03:58:14Z</time>
        <speed>0.0</speed>
      </trkpt>
      <trkpt lat="28.8837187" lon="119.6835144">
        <ele>516.14</ele>
        <time>2026-06-23T03:58:44Z</time>
        <speed>0.36545277</speed>
      </trkpt>
      <trkpt lat="28.8837723" lon="119.6836149">
        <ele>519.61</ele>
        <time>2026-06-23T03:59:10Z</time>
        <speed>0.0</speed>
      </trkpt>
      <trkpt lat="28.8838119" lon="119.6837196">
        <ele>523.78</ele>
        <time>2026-06-23T03:59:24Z</time>
        <speed>0.0</speed>
      </trkpt>
      <trkpt lat="28.8838607" lon="119.6838295">
        <ele>526.88</ele>
        <time>2026-06-23T03:59:56Z</time>
        <speed>0.0</speed>
      </trkpt>
      <trkpt lat="28.8839134" lon="119.6839382">
        <ele>532.31</ele>
        <time>2026-06-23T04:00:26Z</time>
        <speed>0.0</speed>
      </trkpt>
      <trkpt lat="28.8838763" lon="119.6840341">
        <ele>536.61</ele>
        <time>2026-06-23T04:00:42Z</time>
        <speed>0.54766446</speed>
      </trkpt>
      <trkpt lat="28.883883" lon="119.6841297">
        <ele>539.74</ele>
        <time>2026-06-23T04:01:32Z</time>
        <speed>0.0</speed>
      </trkpt>
      <trkpt lat="28.883819" lon="119.6841843">
        <ele>547.08</ele>
        <time>2026-06-23T04:01:46Z</time>
        <speed>0.64700586</speed>
      </trkpt>
      <trkpt lat="28.8837634" lon="119.6842617">
        <ele>553.11</ele>
        <time>2026-06-23T04:02:28Z</time>
        <speed>0.39736557</speed>
      </trkpt>
      <trkpt lat="28.8836859" lon="119.6843173">
        <ele>562.96</ele>
        <time>2026-06-23T04:03:26Z</time>
        <speed>0.40148333</speed>
      </trkpt>
      <trkpt lat="28.8836221" lon="119.6842646">
        <ele>572.44</ele>
        <time>2026-06-23T04:03:44Z</time>
        <speed>1.1344478</speed>
      </trkpt>
      <trkpt lat="28.883623" lon="119.6842839">
        <ele>581.76</ele>
        <time>2026-06-23T04:03:56Z</time>
        <speed>0.0</speed>
      </trkpt>
      <trkpt lat="28.8837333" lon="119.684285">
        <ele>584.83</ele>
        <time>2026-06-23T04:17:39Z</time>
        <speed>0.3659675</speed>
      </trkpt>
      <trkpt lat="28.88379" lon="119.6843683">
        <ele>584.34</ele>
        <time>2026-06-23T04:17:57Z</time>
        <speed>0.40817472</speed>
      </trkpt>
      <trkpt lat="28.8838241" lon="119.6844644">
        <ele>585.19</ele>
        <time>2026-06-23T04:18:23Z</time>
        <speed>0.0</speed>
      </trkpt>
      <trkpt lat="28.8838002" lon="119.6845601">
        <ele>587.21</ele>
        <time>2026-06-23T04:18:55Z</time>
        <speed>0.26662612</speed>
      </trkpt>
      <trkpt lat="28.8838345" lon="119.6846507">
        <ele>590.69</ele>
        <time>2026-06-23T04:19:09Z</time>
        <speed>0.6346525</speed>
      </trkpt>
      <trkpt lat="28.8838618" lon="119.6847656">
        <ele>593.23</ele>
        <time>2026-06-23T04:19:27Z</time>
        <speed>0.60171026</speed>
      </trkpt>
      <trkpt lat="28.8839067" lon="119.6848621">
        <ele>596.7</ele>
        <time>2026-06-23T04:19:55Z</time>
        <speed>0.435455</speed>
      </trkpt>
      <trkpt lat="28.8839903" lon="119.6848941">
        <ele>598.55</ele>
        <time>2026-06-23T04:20:49Z</time>
        <speed>0.24449305</speed>
      </trkpt>
      <trkpt lat="28.8840281" lon="119.6849705">
        <ele>604.51</ele>
        <time>2026-06-23T04:21:02Z</time>
        <speed>0.94914776</speed>
      </trkpt>
      <trkpt lat="28.8840515" lon="119.6850694">
        <ele>608.16</ele>
        <time>2026-06-23T04:21:17Z</time>
        <speed>1.0078261</speed>
      </trkpt>
      <trkpt lat="28.8840657" lon="119.6851898">
        <ele>611.15</ele>
        <time>2026-06-23T04:21:35Z</time>
        <speed>0.7067136</speed>
      </trkpt>
      <trkpt lat="28.8840767" lon="119.6853103">
        <ele>614.83</ele>
        <time>2026-06-23T04:21:49Z</time>
        <speed>0.6197256</speed>
      </trkpt>
      <trkpt lat="28.884124" lon="119.6854114">
        <ele>618.08</ele>
        <time>2026-06-23T04:21:57Z</time>
        <speed>0.92547053</speed>
      </trkpt>
      <trkpt lat="28.8840589" lon="119.685473">
        <ele>620.03</ele>
        <time>2026-06-23T04:22:05Z</time>
        <speed>0.9831194</speed>
      </trkpt>
      <trkpt lat="28.8840965" lon="119.6854468">
        <ele>620.4</ele>
        <time>2026-06-23T04:22:35Z</time>
        <speed>1.0870934</speed>
      </trkpt>
      <trkpt lat="28.8840892" lon="119.685376">
        <ele>619.02</ele>
        <time>2026-06-23T04:23:01Z</time>
        <speed>0.0</speed>
      </trkpt>
      <trkpt lat="28.88418" lon="119.6853383">
        <ele>620.56</ele>
        <time>2026-06-23T04:24:05Z</time>
        <speed>0.5471497</speed>
      </trkpt>
      <trkpt lat="28.8842317" lon="119.68525">
        <ele>621.83</ele>
        <time>2026-06-23T04:24:31Z</time>
        <speed>0.47045612</speed>
      </trkpt>
      <trkpt lat="28.8843045" lon="119.6851885">
        <ele>624.87</ele>
        <time>2026-06-23T04:25:01Z</time>
        <speed>0.5147222</speed>
      </trkpt>
      <trkpt lat="28.8843233" lon="119.6850883">
        <ele>627.59</ele>
        <time>2026-06-23T04:27:37Z</time>
        <speed>0.0</speed>
      </trkpt>
      <trkpt lat="28.8842683" lon="119.6851967">
        <ele>629.7</ele>
        <time>2026-06-23T04:28:09Z</time>
        <speed>0.42824888</speed>
      </trkpt>
      <trkpt lat="28.88421" lon="119.68529">
        <ele>630.05</ele>
        <time>2026-06-23T04:29:29Z</time>
        <speed>0.59090114</speed>
      </trkpt>
      <trkpt lat="28.8841033" lon="119.6852367">
        <ele>628.91</ele>
        <time>2026-06-23T04:29:49Z</time>
        <speed>1.0170912</speed>
      </trkpt>
      <trkpt lat="28.8840841" lon="119.6853244">
        <ele>627.61</ele>
        <time>2026-06-23T04:30:02Z</time>
        <speed>0.70259583</speed>
      </trkpt>
      <trkpt lat="28.8840456" lon="119.6852762">
        <ele>625.54</ele>
        <time>2026-06-23T04:30:30Z</time>
        <speed>0.6989928</speed>
      </trkpt>
      <trkpt lat="28.8840417" lon="119.6851738">
        <ele>622.73</ele>
        <time>2026-06-23T04:30:44Z</time>
        <speed>0.7046547</speed>
      </trkpt>
      <trkpt lat="28.8840333" lon="119.6850477">
        <ele>620.91</ele>
        <time>2026-06-23T04:31:02Z</time>
        <speed>0.6691389</speed>
      </trkpt>
      <trkpt lat="28.8840011" lon="119.6849339">
        <ele>619.27</ele>
        <time>2026-06-23T04:31:14Z</time>
        <speed>0.9187792</speed>
      </trkpt>
      <trkpt lat="28.8839251" lon="119.6848849">
        <ele>617.3</ele>
        <time>2026-06-23T04:31:46Z</time>
        <speed>1.4262953</speed>
      </trkpt>
      <trkpt lat="28.8838615" lon="119.6848148">
        <ele>614.12</ele>
        <time>2026-06-23T04:32:04Z</time>
        <speed>0.64855</speed>
      </trkpt>
      <trkpt lat="28.8838327" lon="119.6847216">
        <ele>609.98</ele>
        <time>2026-06-23T04:32:16Z</time>
        <speed>0.9445153</speed>
      </trkpt>
      <trkpt lat="28.8837949" lon="119.6846285">
        <ele>606.38</ele>
        <time>2026-06-23T04:32:28Z</time>
        <speed>0.91569084</speed>
      </trkpt>
      <trkpt lat="28.8837717" lon="119.6845233">
        <ele>603.42</ele>
        <time>2026-06-23T04:34:40Z</time>
        <speed>0.0</speed>
      </trkpt>
      <trkpt lat="28.883775" lon="119.684415">
        <ele>601.95</ele>
        <time>2026-06-23T04:36:38Z</time>
        <speed>0.48589778</speed>
      </trkpt>
      <trkpt lat="28.8836867" lon="119.6843633">
        <ele>598.36</ele>
        <time>2026-06-23T04:37:12Z</time>
        <speed>0.0</speed>
      </trkpt>
      <trkpt lat="28.8837083" lon="119.684275">
        <ele>594.29</ele>
        <time>2026-06-23T04:37:54Z</time>
        <speed>0.5620767</speed>
      </trkpt>
      <trkpt lat="28.8837173" lon="119.6841699">
        <ele>590.21</ele>
        <time>2026-06-23T04:38:22Z</time>
        <speed>0.88892525</speed>
      </trkpt>
      <trkpt lat="28.8837743" lon="119.6840882">
        <ele>586.55</ele>
        <time>2026-06-23T04:39:06Z</time>
        <speed>0.4426611</speed>
      </trkpt>
      <trkpt lat="28.8837562" lon="119.6840009">
        <ele>583.65</ele>
        <time>2026-06-23T04:39:48Z</time>
        <speed>0.39736557</speed>
      </trkpt>
      <trkpt lat="28.8837809" lon="119.6839087">
        <ele>576.74</ele>
        <time>2026-06-23T04:40:34Z</time>
        <speed>0.33302528</speed>
      </trkpt>
      <trkpt lat="28.8838085" lon="119.6838087">
        <ele>569.8</ele>
        <time>2026-06-23T04:41:10Z</time>
        <speed>0.36030555</speed>
      </trkpt>
      <trkpt lat="28.883787" lon="119.6837086">
        <ele>563.39</ele>
        <time>2026-06-23T04:41:34Z</time>
        <speed>0.5075161</speed>
      </trkpt>
      <trkpt lat="28.8837242" lon="119.6836317">
        <ele>557.67</ele>
        <time>2026-06-23T04:41:54Z</time>
        <speed>0.40920416</speed>
      </trkpt>
      <trkpt lat="28.8836433" lon="119.683555">
        <ele>553.51</ele>
        <time>2026-06-23T04:42:58Z</time>
        <speed>0.5914158</speed>
      </trkpt>
      <trkpt lat="28.8835617" lon="119.6834883">
        <ele>546.32</ele>
        <time>2026-06-23T04:43:24Z</time>
        <speed>0.639285</speed>
      </trkpt>
      <trkpt lat="28.8834701" lon="119.6834837">
        <ele>538.74</ele>
        <time>2026-06-23T04:43:52Z</time>
        <speed>0.33199584</speed>
      </trkpt>
      <trkpt lat="28.8833833" lon="119.6834566">
        <ele>532.87</ele>
        <time>2026-06-23T04:44:28Z</time>
        <speed>0.0</speed>
      </trkpt>
      <trkpt lat="28.883343" lon="119.6833752">
        <ele>530.09</ele>
        <time>2026-06-23T04:44:44Z</time>
        <speed>0.0</speed>
      </trkpt>
      <trkpt lat="28.8832882" lon="119.6834016">
        <ele>526.35</ele>
        <time>2026-06-23T04:45:18Z</time>
        <speed>0.61149</speed>
      </trkpt>
      <trkpt lat="28.8832507" lon="119.6835065">
        <ele>522.46</ele>
        <time>2026-06-23T04:45:46Z</time>
        <speed>0.25581694</speed>
      </trkpt>
      <trkpt lat="28.8832416" lon="119.6836319">
        <ele>520.41</ele>
        <time>2026-06-23T04:46:22Z</time>
        <speed>0.33354</speed>
      </trkpt>
      <trkpt lat="28.8832804" lon="119.6837394">
        <ele>516.66</ele>
        <time>2026-06-23T04:46:42Z</time>
        <speed>0.52964914</speed>
      </trkpt>
      <trkpt lat="28.8833557" lon="119.6838281">
        <ele>512.42</ele>
        <time>2026-06-23T04:47:18Z</time>
        <speed>0.4050864</speed>
      </trkpt>
      <trkpt lat="28.883363" lon="119.683926">
        <ele>507.25</ele>
        <time>2026-06-23T04:47:34Z</time>
        <speed>0.0</speed>
      </trkpt>
      <trkpt lat="28.8834027" lon="119.6840201">
        <ele>503.27</ele>
        <time>2026-06-23T04:47:48Z</time>
        <speed>0.41486612</speed>
      </trkpt>
      <trkpt lat="28.8833532" lon="119.684096">
        <ele>499.11</ele>
        <time>2026-06-23T04:48:08Z</time>
        <speed>0.46273527</speed>
      </trkpt>
      <trkpt lat="28.8833729" lon="119.6841842">
        <ele>495.79</ele>
        <time>2026-06-23T04:48:42Z</time>
        <speed>0.0</speed>
      </trkpt>
      <trkpt lat="28.883327" lon="119.684264">
        <ele>491.67</ele>
        <time>2026-06-23T04:49:02Z</time>
        <speed>0.51317805</speed>
      </trkpt>
      <trkpt lat="28.8832295" lon="119.6842467">
        <ele>488.37</ele>
        <time>2026-06-23T04:49:34Z</time>
        <speed>0.5368553</speed>
      </trkpt>
      <trkpt lat="28.883216" lon="119.684307">
        <ele>483.48</ele>
        <time>2026-06-23T04:49:48Z</time>
        <speed>0.44317582</speed>
      </trkpt>
      <trkpt lat="28.8831675" lon="119.6843824">
        <ele>480.65</ele>
        <time>2026-06-23T04:50:08Z</time>
        <speed>0.38398278</speed>
      </trkpt>
      <trkpt lat="28.8831052" lon="119.6844683">
        <ele>477.57</ele>
        <time>2026-06-23T04:50:30Z</time>
        <speed>0.5703122</speed>
      </trkpt>
      <trkpt lat="28.8830371" lon="119.6845477">
        <ele>474.83</ele>
        <time>2026-06-23T04:51:12Z</time>
        <speed>0.4560439</speed>
      </trkpt>
      <trkpt lat="28.8829745" lon="119.6846509">
        <ele>469.44</ele>
        <time>2026-06-23T04:51:50Z</time>
        <speed>0.0</speed>
      </trkpt>
      <trkpt lat="28.8829071" lon="119.6847486">
        <ele>463.01</ele>
        <time>2026-06-23T04:52:16Z</time>
        <speed>0.44626418</speed>
      </trkpt>
      <trkpt lat="28.8828195" lon="119.6848116">
        <ele>456.43</ele>
        <time>2026-06-23T04:52:58Z</time>
        <speed>0.3103775</speed>
      </trkpt>
      <trkpt lat="28.8827236" lon="119.6848338">
        <ele>450.74</ele>
        <time>2026-06-23T04:53:41Z</time>
        <speed>0.47302973</speed>
      </trkpt>
      <trkpt lat="28.8826297" lon="119.6848076">
        <ele>442.72</ele>
        <time>2026-06-23T04:54:08Z</time>
        <speed>0.79987836</speed>
      </trkpt>
      <trkpt lat="28.8825351" lon="119.6847632">
        <ele>437.85</ele>
        <time>2026-06-23T04:54:24Z</time>
        <speed>0.74377364</speed>
      </trkpt>
      <trkpt lat="28.8824346" lon="119.6846888">
        <ele>433.91</ele>
        <time>2026-06-23T04:54:48Z</time>
        <speed>0.6001661</speed>
      </trkpt>
      <trkpt lat="28.8823622" lon="119.6845967">
        <ele>430.98</ele>
        <time>2026-06-23T04:54:56Z</time>
        <speed>1.1751108</speed>
      </trkpt>
      <trkpt lat="28.8822756" lon="119.6845955">
        <ele>429.01</ele>
        <time>2026-06-23T04:55:10Z</time>
        <speed>1.1648164</speed>
      </trkpt>
      <trkpt lat="28.8821812" lon="119.6846001">
        <ele>426.94</ele>
        <time>2026-06-23T04:55:26Z</time>
        <speed>0.94245636</speed>
      </trkpt>
      <trkpt lat="28.8820904" lon="119.684631">
        <ele>424.21</ele>
        <time>2026-06-23T04:55:46Z</time>
        <speed>0.4771475</speed>
      </trkpt>
      <trkpt lat="28.8820088" lon="119.6846855">
        <ele>420.64</ele>
        <time>2026-06-23T04:56:08Z</time>
        <speed>0.43494028</speed>
      </trkpt>
      <trkpt lat="28.8819106" lon="119.6846922">
        <ele>416.19</ele>
        <time>2026-06-23T04:56:24Z</time>
        <speed>0.5486939</speed>
      </trkpt>
      <trkpt lat="28.8818134" lon="119.6846726">
        <ele>411.81</ele>
        <time>2026-06-23T04:56:36Z</time>
        <speed>0.72267</speed>
      </trkpt>
      <trkpt lat="28.8817185" lon="119.6846908">
        <ele>407.8</ele>
        <time>2026-06-23T04:57:12Z</time>
        <speed>0.54509085</speed>
      </trkpt>
      <trkpt lat="28.8817185" lon="119.6846908">
        <ele>407.8</ele>
        <time>2026-06-23T04:57:16Z</time>
        <speed>0.54509085</speed>
      </trkpt>
      <extensions>
        <PauseTimes>1782190636000:pause</PauseTimes>
      </extensions>
    </trkseg>
  </trk>
  <trk>
    <trkseg>
      <trkpt lat="28.88167" lon="119.6846304">
        <ele>405.39</ele>
        <time>2026-06-23T05:04:34Z</time>
        <speed>0.0</speed>
      </trkpt>
      <trkpt lat="28.88167" lon="119.6846304">
        <ele>405.39</ele>
        <time>2026-06-23T05:05:20Z</time>
        <speed>0.0</speed>
      </trkpt>
      <trkpt lat="28.8816916" lon="119.684545">
        <ele>401.44</ele>
        <time>2026-06-23T05:05:34Z</time>
        <speed>0.7159786</speed>
      </trkpt>
      <trkpt lat="28.8817843" lon="119.684441">
        <ele>399.23</ele>
        <time>2026-06-23T05:06:08Z</time>
        <speed>0.40405694</speed>
      </trkpt>
      <trkpt lat="28.8818413" lon="119.6843072">
        <ele>396.98</ele>
        <time>2026-06-23T05:06:16Z</time>
        <speed>0.86061555</speed>
      </trkpt>
      <trkpt lat="28.8818962" lon="119.684198">
        <ele>395.05</ele>
        <time>2026-06-23T05:06:22Z</time>
        <speed>1.3995297</speed>
      </trkpt>
      <trkpt lat="28.8819632" lon="119.684096">
        <ele>394.3</ele>
        <time>2026-06-23T05:06:32Z</time>
        <speed>1.1586397</speed>
      </trkpt>
      <trkpt lat="28.8820054" lon="119.6839976">
        <ele>394.77</ele>
        <time>2026-06-23T05:06:40Z</time>
        <speed>1.269305</speed>
      </trkpt>
      <trkpt lat="28.8820128" lon="119.6838795">
        <ele>395.34</ele>
        <time>2026-06-23T05:06:50Z</time>
        <speed>1.1468011</speed>
      </trkpt>
      <trkpt lat="28.8820095" lon="119.6837653">
        <ele>395.88</ele>
        <time>2026-06-23T05:06:58Z</time>
        <speed>1.2440836</speed>
      </trkpt>
      <trkpt lat="28.882021" lon="119.6836385">
        <ele>396.71</ele>
        <time>2026-06-23T05:07:08Z</time>
        <speed>0.7767158</speed>
      </trkpt>
      <trkpt lat="28.8820536" lon="119.683525">
        <ele>398.17</ele>
        <time>2026-06-23T05:07:14Z</time>
        <speed>1.2142297</speed>
      </trkpt>
      <trkpt lat="28.8820589" lon="119.6834198">
        <ele>399.26</ele>
        <time>2026-06-23T05:07:20Z</time>
        <speed>1.6543173</speed>
      </trkpt>
      <trkpt lat="28.8820032" lon="119.6833447">
        <ele>398.93</ele>
        <time>2026-06-23T05:07:28Z</time>
        <speed>1.4592375</speed>
      </trkpt>
      <trkpt lat="28.8819373" lon="119.6832552">
        <ele>398.23</ele>
        <time>2026-06-23T05:07:36Z</time>
        <speed>1.3578372</speed>
      </trkpt>
      <trkpt lat="28.8818904" lon="119.6831495">
        <ele>399.55</ele>
        <time>2026-06-23T05:07:44Z</time>
        <speed>1.4587228</speed>
      </trkpt>
      <trkpt lat="28.8818554" lon="119.6830378">
        <ele>400.52</ele>
        <time>2026-06-23T05:07:52Z</time>
        <speed>1.4041622</speed>
      </trkpt>
      <trkpt lat="28.881839" lon="119.682922">
        <ele>400.21</ele>
        <time>2026-06-23T05:08:00Z</time>
        <speed>1.2615842</speed>
      </trkpt>
      <trkpt lat="28.8818414" lon="119.6828093">
        <ele>399.17</ele>
        <time>2026-06-23T05:08:08Z</time>
        <speed>1.2914381</speed>
      </trkpt>
      <trkpt lat="28.8818606" lon="119.6826857">
        <ele>398.5</ele>
        <time>2026-06-23T05:08:16Z</time>
        <speed>1.2584958</speed>
      </trkpt>
      <trkpt lat="28.8818655" lon="119.6825622">
        <ele>397.9</ele>
        <time>2026-06-23T05:08:24Z</time>
        <speed>1.5642408</speed>
      </trkpt>
      <trkpt lat="28.8818496" lon="119.6824368">
        <ele>397.51</ele>
        <time>2026-06-23T05:08:34Z</time>
        <speed>1.0922406</speed>
      </trkpt>
      <trkpt lat="28.8818134" lon="119.6823311">
        <ele>397.38</ele>
        <time>2026-06-23T05:08:40Z</time>
        <speed>1.4098241</speed>
      </trkpt>
      <trkpt lat="28.8817796" lon="119.6822279">
        <ele>397.64</ele>
        <time>2026-06-23T05:08:48Z</time>
        <speed>1.5724764</speed>
      </trkpt>
      <trkpt lat="28.8817482" lon="119.6821184">
        <ele>396.77</ele>
        <time>2026-06-23T05:08:58Z</time>
        <speed>0.9774575</speed>
      </trkpt>
      <trkpt lat="28.8817249" lon="119.6820073">
        <ele>396.39</ele>
        <time>2026-06-23T05:09:06Z</time>
        <speed>1.102535</speed>
      </trkpt>
      <trkpt lat="28.8817134" lon="119.6819018">
        <ele>396.57</ele>
        <time>2026-06-23T05:09:14Z</time>
        <speed>1.2059941</speed>
      </trkpt>
      <trkpt lat="28.8817136" lon="119.6817972">
        <ele>396.71</ele>
        <time>2026-06-23T05:09:38Z</time>
        <speed>0.5486939</speed>
      </trkpt>
      <trkpt lat="28.8817409" lon="119.6816877">
        <ele>396.96</ele>
        <time>2026-06-23T05:09:44Z</time>
        <speed>1.1709931</speed>
      </trkpt>
      <trkpt lat="28.8817609" lon="119.681575">
        <ele>396.89</ele>
        <time>2026-06-23T05:09:52Z</time>
        <speed>1.6079922</speed>
      </trkpt>
      <trkpt lat="28.8817047" lon="119.6814812">
        <ele>396.55</ele>
        <time>2026-06-23T05:10:02Z</time>
        <speed>1.2893791</speed>
      </trkpt>
      <trkpt lat="28.8816112" lon="119.6814398">
        <ele>395.97</ele>
        <time>2026-06-23T05:10:10Z</time>
        <speed>1.2214358</speed>
      </trkpt>
      <trkpt lat="28.8815292" lon="119.6813652">
        <ele>395.85</ele>
        <time>2026-06-23T05:10:20Z</time>
        <speed>0.90230805</speed>
      </trkpt>
      <trkpt lat="28.881483" lon="119.6812627">
        <ele>396.13</ele>
        <time>2026-06-23T05:10:28Z</time>
        <speed>1.3609256</speed>
      </trkpt>
      <trkpt lat="28.881444" lon="119.6811488">
        <ele>396.38</ele>
        <time>2026-06-23T05:10:38Z</time>
        <speed>1.1771697</speed>
      </trkpt>
      <trkpt lat="28.8814577" lon="119.6810247">
        <ele>396.39</ele>
        <time>2026-06-23T05:10:46Z</time>
        <speed>1.3089386</speed>
      </trkpt>
      <trkpt lat="28.8814821" lon="119.6809046">
        <ele>396.09</ele>
        <time>2026-06-23T05:10:54Z</time>
        <speed>1.6007861</speed>
      </trkpt>
      <trkpt lat="28.8814645" lon="119.6808011">
        <ele>396.09</ele>
        <time>2026-06-23T05:11:02Z</time>
        <speed>1.4273248</speed>
      </trkpt>
      <trkpt lat="28.8813778" lon="119.680793">
        <ele>395.54</ele>
        <time>2026-06-23T05:11:26Z</time>
        <speed>1.2837173</speed>
      </trkpt>
      <trkpt lat="28.8813258" lon="119.6808304">
        <ele>392.98</ele>
        <time>2026-06-23T05:11:41Z</time>
        <speed>0.0</speed>
      </trkpt>
      <trkpt lat="28.8812468" lon="119.6809089">
        <ele>390.84</ele>
        <time>2026-06-23T05:12:24Z</time>
        <speed>0.9352503</speed>
      </trkpt>
      <trkpt lat="28.881156" lon="119.6809782">
        <ele>389.88</ele>
        <time>2026-06-23T05:12:36Z</time>
        <speed>0.99084026</speed>
      </trkpt>
      <trkpt lat="28.8810487" lon="119.6809964">
        <ele>389.8</ele>
        <time>2026-06-23T05:12:46Z</time>
        <speed>1.3151153</speed>
      </trkpt>
      <trkpt lat="28.8809495" lon="119.6809938">
        <ele>390.96</ele>
        <time>2026-06-23T05:12:54Z</time>
        <speed>1.3727641</speed>
      </trkpt>
      <trkpt lat="28.88085" lon="119.6810026">
        <ele>392.4</ele>
        <time>2026-06-23T05:13:02Z</time>
        <speed>1.3357042</speed>
      </trkpt>
      <trkpt lat="28.8807633" lon="119.6810502">
        <ele>393.09</ele>
        <time>2026-06-23T05:13:10Z</time>
        <speed>1.3671023</speed>
      </trkpt>
      <trkpt lat="28.8806991" lon="119.6810936">
        <ele>393.31</ele>
        <time>2026-06-23T05:13:25Z</time>
        <speed>0.0</speed>
      </trkpt>
      <trkpt lat="28.880615" lon="119.6811512">
        <ele>392.57</ele>
        <time>2026-06-23T05:13:34Z</time>
        <speed>1.2523192</speed>
      </trkpt>
      <trkpt lat="28.8805873" lon="119.6811956">
        <ele>391.68</ele>
        <time>2026-06-23T05:13:46Z</time>
        <speed>0.0</speed>
      </trkpt>
      <trkpt lat="28.8805183" lon="119.6812617">
        <ele>390.57</ele>
        <time>2026-06-23T05:15:00Z</time>
        <speed>0.92238224</speed>
      </trkpt>
      <trkpt lat="28.880415" lon="119.6812967">
        <ele>389.98</ele>
        <time>2026-06-23T05:15:12Z</time>
        <speed>0.9012786</speed>
      </trkpt>
      <trkpt lat="28.8803229" lon="119.6812978">
        <ele>388.74</ele>
        <time>2026-06-23T05:15:24Z</time>
        <speed>0.8199525</speed>
      </trkpt>
      <trkpt lat="28.8802277" lon="119.6813264">
        <ele>385.37</ele>
        <time>2026-06-23T05:15:36Z</time>
        <speed>0.74943554</speed>
      </trkpt>
      <trkpt lat="28.8801366" lon="119.6813484">
        <ele>381.81</ele>
        <time>2026-06-23T05:15:46Z</time>
        <speed>1.1087117</speed>
      </trkpt>
      <trkpt lat="28.8800407" lon="119.6813701">
        <ele>378.45</ele>
        <time>2026-06-23T05:16:00Z</time>
        <speed>1.1236386</speed>
      </trkpt>
      <trkpt lat="28.8799652" lon="119.6814343">
        <ele>375.76</ele>
        <time>2026-06-23T05:16:28Z</time>
        <speed>0.694875</speed>
      </trkpt>
      <trkpt lat="28.8798761" lon="119.6814665">
        <ele>372.85</ele>
        <time>2026-06-23T05:16:42Z</time>
        <speed>1.1540072</speed>
      </trkpt>
      <trkpt lat="28.8797747" lon="119.6815034">
        <ele>370.94</ele>
        <time>2026-06-23T05:17:02Z</time>
        <speed>1.1143736</speed>
      </trkpt>
      <trkpt lat="28.8796839" lon="119.6815451">
        <ele>369.16</ele>
        <time>2026-06-23T05:17:16Z</time>
        <speed>1.0294445</speed>
      </trkpt>
      <trkpt lat="28.8795966" lon="119.6815986">
        <ele>366.34</ele>
        <time>2026-06-23T05:17:34Z</time>
        <speed>0.8173789</speed>
      </trkpt>
      <trkpt lat="28.8795154" lon="119.6816562">
        <ele>362.02</ele>
        <time>2026-06-23T05:17:46Z</time>
        <speed>0.9753986</speed>
      </trkpt>
      <trkpt lat="28.8794462" lon="119.6817332">
        <ele>358.35</ele>
        <time>2026-06-23T05:18:02Z</time>
        <speed>0.74377364</speed>
      </trkpt>
      <trkpt lat="28.879511" lon="119.6817678">
        <ele>354.76</ele>
        <time>2026-06-23T05:18:24Z</time>
        <speed>1.2245241</speed>
      </trkpt>
      <trkpt lat="28.879614" lon="119.6817856">
        <ele>351.59</ele>
        <time>2026-06-23T05:18:34Z</time>
        <speed>1.1097411</speed>
      </trkpt>
      <trkpt lat="28.8797267" lon="119.6817976">
        <ele>349.75</ele>
        <time>2026-06-23T05:18:44Z</time>
        <speed>0.93010306</speed>
      </trkpt>
      <trkpt lat="28.8797342" lon="119.6818768">
        <ele>348.48</ele>
        <time>2026-06-23T05:18:58Z</time>
        <speed>0.90179336</speed>
      </trkpt>
      <trkpt lat="28.8796843" lon="119.6819718">
        <ele>347.33</ele>
        <time>2026-06-23T05:19:16Z</time>
        <speed>0.80245197</speed>
      </trkpt>
      <trkpt lat="28.8795783" lon="119.6819969">
        <ele>345.12</ele>
        <time>2026-06-23T05:19:28Z</time>
        <speed>0.9198086</speed>
      </trkpt>
      <trkpt lat="28.8794758" lon="119.6820366">
        <ele>342.96</ele>
        <time>2026-06-23T05:19:38Z</time>
        <speed>1.3377631</speed>
      </trkpt>
      <trkpt lat="28.8793677" lon="119.6820578">
        <ele>340.01</ele>
        <time>2026-06-23T05:19:48Z</time>
        <speed>0.96253055</speed>
      </trkpt>
      <trkpt lat="28.8792606" lon="119.6820929">
        <ele>336.48</ele>
        <time>2026-06-23T05:19:56Z</time>
        <speed>1.8164548</speed>
      </trkpt>
      <trkpt lat="28.8791493" lon="119.6821118">
        <ele>333.52</ele>
        <time>2026-06-23T05:20:04Z</time>
        <speed>1.9096195</speed>
      </trkpt>
      <trkpt lat="28.8790425" lon="119.6821159">
        <ele>331.23</ele>
        <time>2026-06-23T05:20:14Z</time>
        <speed>1.5874033</speed>
      </trkpt>
      <trkpt lat="28.8789443" lon="119.6821293">
        <ele>329.28</ele>
        <time>2026-06-23T05:20:22Z</time>
        <speed>1.5668144</speed>
      </trkpt>
      <trkpt lat="28.8788393" lon="119.6821386">
        <ele>328.34</ele>
        <time>2026-06-23T05:20:32Z</time>
        <speed>1.2862909</speed>
      </trkpt>
      <trkpt lat="28.8787427" lon="119.6821339">
        <ele>327.72</ele>
        <time>2026-06-23T05:20:41Z</time>
        <speed>1.2945263</speed>
      </trkpt>
      <trkpt lat="28.8786444" lon="119.6820857">
        <ele>326.9</ele>
        <time>2026-06-23T05:20:48Z</time>
        <speed>1.4407074</speed>
      </trkpt>
      <trkpt lat="28.8785613" lon="119.6820113">
        <ele>326.12</ele>
        <time>2026-06-23T05:20:58Z</time>
        <speed>1.1586397</speed>
      </trkpt>
      <trkpt lat="28.8785225" lon="119.6819614">
        <ele>325.6</ele>
        <time>2026-06-23T05:21:12Z</time>
        <speed>0.0</speed>
      </trkpt>
      <trkpt lat="28.87849" lon="119.6818433">
        <ele>324.78</ele>
        <time>2026-06-23T05:22:20Z</time>
        <speed>1.1359919</speed>
      </trkpt>
      <trkpt lat="28.878435" lon="119.6817483">
        <ele>325.0</ele>
        <time>2026-06-23T05:22:30Z</time>
        <speed>1.1200355</speed>
      </trkpt>
      <trkpt lat="28.8783574" lon="119.681659">
        <ele>326.03</ele>
        <time>2026-06-23T05:22:40Z</time>
        <speed>1.2080531</speed>
      </trkpt>
      <trkpt lat="28.8782604" lon="119.6816054">
        <ele>328.3</ele>
        <time>2026-06-23T05:22:50Z</time>
        <speed>1.161728</speed>
      </trkpt>
      <trkpt lat="28.8781773" lon="119.6815353">
        <ele>330.24</ele>
        <time>2026-06-23T05:23:00Z</time>
        <speed>1.1329036</speed>
      </trkpt>
      <trkpt lat="28.8781051" lon="119.6814558">
        <ele>331.73</ele>
        <time>2026-06-23T05:23:10Z</time>
        <speed>1.2394512</speed>
      </trkpt>
      <trkpt lat="28.8781696" lon="119.6814238">
        <ele>333.95</ele>
        <time>2026-06-23T05:23:20Z</time>
        <speed>1.1854053</speed>
      </trkpt>
      <trkpt lat="28.878191" lon="119.6813446">
        <ele>336.25</ele>
        <time>2026-06-23T05:23:34Z</time>
        <speed>1.0603278</speed>
      </trkpt>
      <trkpt lat="28.8781199" lon="119.6812921">
        <ele>338.21</ele>
        <time>2026-06-23T05:23:44Z</time>
        <speed>1.35269</speed>
      </trkpt>
      <trkpt lat="28.8780284" lon="119.681238">
        <ele>340.27</ele>
        <time>2026-06-23T05:23:56Z</time>
        <speed>0.9661336</speed>
      </trkpt>
      <trkpt lat="28.8779785" lon="119.6811464">
        <ele>341.62</ele>
        <time>2026-06-23T05:24:26Z</time>
        <speed>1.4345309</speed>
      </trkpt>
      <trkpt lat="28.877961" lon="119.6810946">
        <ele>343.16</ele>
        <time>2026-06-23T05:24:39Z</time>
        <speed>0.0</speed>
      </trkpt>
      <trkpt lat="28.8778783" lon="119.6810591">
        <ele>344.29</ele>
        <time>2026-06-23T05:25:13Z</time>
        <speed>0.79884887</speed>
      </trkpt>
      <trkpt lat="28.8777761" lon="119.6810473">
        <ele>345.5</ele>
        <time>2026-06-23T05:25:21Z</time>
        <speed>1.1586397</speed>
      </trkpt>
      <trkpt lat="28.8776642" lon="119.6810639">
        <ele>345.8</ele>
        <time>2026-06-23T05:25:28Z</time>
        <speed>1.4211481</speed>
      </trkpt>
      <trkpt lat="28.877585" lon="119.6810524">
        <ele>345.63</ele>
        <time>2026-06-23T05:25:46Z</time>
        <speed>0.0</speed>
      </trkpt>
      <trkpt lat="28.8774944" lon="119.681058">
        <ele>345.66</ele>
        <time>2026-06-23T05:26:46Z</time>
        <speed>1.1406244</speed>
      </trkpt>
      <trkpt lat="28.8773939" lon="119.6810563">
        <ele>343.91</ele>
        <time>2026-06-23T05:26:57Z</time>
        <speed>1.3578372</speed>
      </trkpt>
      <trkpt lat="28.8773224" lon="119.6810209">
        <ele>340.85</ele>
        <time>2026-06-23T05:27:17Z</time>
        <speed>0.0</speed>
      </trkpt>
      <trkpt lat="28.8772333" lon="119.6810117">
        <ele>338.25</ele>
        <time>2026-06-23T05:28:37Z</time>
        <speed>0.39890972</speed>
      </trkpt>
      <trkpt lat="28.8771417" lon="119.6809767">
        <ele>336.29</ele>
        <time>2026-06-23T05:28:52Z</time>
        <speed>0.7149492</speed>
      </trkpt>
      <trkpt lat="28.8770472" lon="119.6809572">
        <ele>333.63</ele>
        <time>2026-06-23T05:29:04Z</time>
        <speed>0.9702514</speed>
      </trkpt>
      <trkpt lat="28.8769548" lon="119.6809572">
        <ele>330.61</ele>
        <time>2026-06-23T05:29:14Z</time>
        <speed>0.96510416</speed>
      </trkpt>
      <trkpt lat="28.876868" lon="119.6809269">
        <ele>327.94</ele>
        <time>2026-06-23T05:29:24Z</time>
        <speed>0.9872372</speed>
      </trkpt>
      <trkpt lat="28.8767782" lon="119.6809451">
        <ele>325.0</ele>
        <time>2026-06-23T05:29:51Z</time>
        <speed>0.79781944</speed>
      </trkpt>
      <trkpt lat="28.8767672" lon="119.6810469">
        <ele>320.91</ele>
        <time>2026-06-23T05:29:59Z</time>
        <speed>1.0742253</speed>
      </trkpt>
      <trkpt lat="28.8768037" lon="119.6811596">
        <ele>318.84</ele>
        <time>2026-06-23T05:30:08Z</time>
        <speed>0.9568686</speed>
      </trkpt>
      <trkpt lat="28.876807" lon="119.6811178">
        <ele>318.14</ele>
        <time>2026-06-23T05:30:51Z</time>
        <speed>1.1323888</speed>
      </trkpt>
      <trkpt lat="28.8767831" lon="119.6810221">
        <ele>317.43</ele>
        <time>2026-06-23T05:31:01Z</time>
        <speed>0.9862078</speed>
      </trkpt>
      <trkpt lat="28.8767236" lon="119.680922">
        <ele>317.68</ele>
        <time>2026-06-23T05:31:22Z</time>
        <speed>0.80554026</speed>
      </trkpt>
      <trkpt lat="28.876637" lon="119.6808693">
        <ele>317.39</ele>
        <time>2026-06-23T05:31:42Z</time>
        <speed>0.6691389</speed>
      </trkpt>
      <trkpt lat="28.8766771" lon="119.6808589">
        <ele>316.83</ele>
        <time>2026-06-23T05:31:58Z</time>
        <speed>0.7849514</speed>
      </trkpt>
      <trkpt lat="28.8767601" lon="119.6808983">
        <ele>317.42</ele>
        <time>2026-06-23T05:32:12Z</time>
        <speed>0.63516724</speed>
      </trkpt>
      <trkpt lat="28.8767931" lon="119.6810133">
        <ele>318.44</ele>
        <time>2026-06-23T05:32:41Z</time>
        <speed>0.84826225</speed>
      </trkpt>
      <trkpt lat="28.8768227" lon="119.6811293">
        <ele>318.04</ele>
        <time>2026-06-23T05:32:49Z</time>
        <speed>1.1519483</speed>
      </trkpt>
      <trkpt lat="28.8768096" lon="119.6812431">
        <ele>317.25</ele>
        <time>2026-06-23T05:33:05Z</time>
        <speed>0.8812044</speed>
      </trkpt>
      <trkpt lat="28.8767612" lon="119.6813464">
        <ele>315.46</ele>
        <time>2026-06-23T05:33:21Z</time>
        <speed>0.79987836</speed>
      </trkpt>
      <trkpt lat="28.8767047" lon="119.6814379">
        <ele>311.31</ele>
        <time>2026-06-23T05:33:35Z</time>
        <speed>0.6995075</speed>
      </trkpt>
      <trkpt lat="28.8766059" lon="119.6814233">
        <ele>307.05</ele>
        <time>2026-06-23T05:33:43Z</time>
        <speed>1.5801972</speed>
      </trkpt>
      <trkpt lat="28.8765076" lon="119.6813654">
        <ele>304.87</ele>
        <time>2026-06-23T05:33:53Z</time>
        <speed>1.4607817</speed>
      </trkpt>
      <trkpt lat="28.8764255" lon="119.6813917">
        <ele>305.01</ele>
        <time>2026-06-23T05:34:22Z</time>
        <speed>0.62590224</speed>
      </trkpt>
      <trkpt lat="28.8763723" lon="119.6814744">
        <ele>303.85</ele>
        <time>2026-06-23T05:34:35Z</time>
        <speed>0.8492917</speed>
      </trkpt>
      <trkpt lat="28.8763261" lon="119.681571">
        <ele>301.72</ele>
        <time>2026-06-23T05:34:51Z</time>
        <speed>0.7339939</speed>
      </trkpt>
      <trkpt lat="28.8762858" lon="119.6816713">
        <ele>299.3</ele>
        <time>2026-06-23T05:35:06Z</time>
        <speed>0.57803303</speed>
      </trkpt>
      <trkpt lat="28.8762528" lon="119.6817775">
        <ele>295.56</ele>
        <time>2026-06-23T05:35:24Z</time>
        <speed>0.88944</speed>
      </trkpt>
      <trkpt lat="28.8762103" lon="119.6818792">
        <ele>293.04</ele>
        <time>2026-06-23T05:36:03Z</time>
        <speed>0.9512067</speed>
      </trkpt>
      <trkpt lat="28.8761608" lon="119.6819742">
        <ele>289.88</ele>
        <time>2026-06-23T05:36:19Z</time>
        <speed>0.6011956</speed>
      </trkpt>
      <trkpt lat="28.8761138" lon="119.6820664">
        <ele>285.37</ele>
        <time>2026-06-23T05:36:33Z</time>
        <speed>0.7442883</speed>
      </trkpt>
      <trkpt lat="28.8760631" lon="119.6821615">
        <ele>281.38</ele>
        <time>2026-06-23T05:36:47Z</time>
        <speed>0.68921304</speed>
      </trkpt>
      <trkpt lat="28.8760275" lon="119.6822591">
        <ele>277.39</ele>
        <time>2026-06-23T05:36:58Z</time>
        <speed>0.83539414</speed>
      </trkpt>
      <trkpt lat="28.87597" lon="119.682345">
        <ele>273.35</ele>
        <time>2026-06-23T05:37:16Z</time>
        <speed>0.64597636</speed>
      </trkpt>
      <trkpt lat="28.8759339" lon="119.6824403">
        <ele>269.63</ele>
        <time>2026-06-23T05:37:28Z</time>
        <speed>0.74222946</speed>
      </trkpt>
      <trkpt lat="28.8758752" lon="119.6825196">
        <ele>266.18</ele>
        <time>2026-06-23T05:37:44Z</time>
        <speed>0.56001776</speed>
      </trkpt>
      <trkpt lat="28.8758262" lon="119.6826166">
        <ele>262.4</ele>
        <time>2026-06-23T05:38:04Z</time>
        <speed>0.5672239</speed>
      </trkpt>
      <trkpt lat="28.8758383" lon="119.6827567">
        <ele>258.1</ele>
        <time>2026-06-23T05:39:11Z</time>
        <speed>0.0</speed>
      </trkpt>
      <trkpt lat="28.8757567" lon="119.6828183">
        <ele>252.81</ele>
        <time>2026-06-23T05:39:24Z</time>
        <speed>1.0531217</speed>
      </trkpt>
      <trkpt lat="28.8756835" lon="119.6828885">
        <ele>249.54</ele>
        <time>2026-06-23T05:39:34Z</time>
        <speed>1.1540072</speed>
      </trkpt>
      <trkpt lat="28.8756027" lon="119.6829511">
        <ele>247.41</ele>
        <time>2026-06-23T05:39:45Z</time>
        <speed>1.1540072</speed>
      </trkpt>
      <trkpt lat="28.8755222" lon="119.6830139">
        <ele>245.73</ele>
        <time>2026-06-23T05:39:53Z</time>
        <speed>1.3645287</speed>
      </trkpt>
      <trkpt lat="28.8754319" lon="119.6830844">
        <ele>244.99</ele>
        <time>2026-06-23T05:40:04Z</time>
        <speed>0.7540681</speed>
      </trkpt>
      <trkpt lat="28.8753443" lon="119.6831491">
        <ele>245.21</ele>
        <time>2026-06-23T05:40:13Z</time>
        <speed>1.1787139</speed>
      </trkpt>
      <trkpt lat="28.8752796" lon="119.68323">
        <ele>245.51</ele>
        <time>2026-06-23T05:40:21Z</time>
        <speed>1.486003</speed>
      </trkpt>
      <trkpt lat="28.8751884" lon="119.6832243">
        <ele>245.42</ele>
        <time>2026-06-23T05:40:31Z</time>
        <speed>1.2986442</speed>
      </trkpt>
      <trkpt lat="28.8750875" lon="119.6832025">
        <ele>244.72</ele>
        <time>2026-06-23T05:40:40Z</time>
        <speed>1.2003322</speed>
      </trkpt>
      <trkpt lat="28.8749953" lon="119.6832128">
        <ele>243.68</ele>
        <time>2026-06-23T05:40:50Z</time>
        <speed>0.82612914</speed>
      </trkpt>
      <trkpt lat="28.8749797" lon="119.6833058">
        <ele>241.71</ele>
        <time>2026-06-23T05:41:00Z</time>
        <speed>1.0253266</speed>
      </trkpt>
      <trkpt lat="28.8749572" lon="119.6832559">
        <ele>239.21</ele>
        <time>2026-06-23T05:41:18Z</time>
        <speed>1.3310716</speed>
      </trkpt>
      <trkpt lat="28.8748767" lon="119.6832083">
        <ele>238.09</ele>
        <time>2026-06-23T05:41:30Z</time>
        <speed>1.0901817</speed>
      </trkpt>
      <trkpt lat="28.8748081" lon="119.6831242">
        <ele>237.66</ele>
        <time>2026-06-23T05:41:38Z</time>
        <speed>1.3043061</speed>
      </trkpt>
      <trkpt lat="28.8747712" lon="119.6830008">
        <ele>236.86</ele>
        <time>2026-06-23T05:41:49Z</time>
        <speed>1.054151</speed>
      </trkpt>
      <trkpt lat="28.8747851" lon="119.6828714">
        <ele>236.23</ele>
        <time>2026-06-23T05:42:01Z</time>
        <speed>0.7777453</speed>
      </trkpt>
      <trkpt lat="28.8748175" lon="119.6827451">
        <ele>235.66</ele>
        <time>2026-06-23T05:42:07Z</time>
        <speed>1.2543781</speed>
      </trkpt>
      <trkpt lat="28.8748167" lon="119.6826299">
        <ele>235.2</ele>
        <time>2026-06-23T05:42:12Z</time>
        <speed>2.006902</speed>
      </trkpt>
      <trkpt lat="28.874762" lon="119.6825512">
        <ele>235.03</ele>
        <time>2026-06-23T05:42:24Z</time>
        <speed>0.7283319</speed>
      </trkpt>
      <trkpt lat="28.8746805" lon="119.6824808">
        <ele>233.86</ele>
        <time>2026-06-23T05:42:36Z</time>
        <speed>0.8920136</speed>
      </trkpt>
      <trkpt lat="28.874596" lon="119.682424">
        <ele>233.1</ele>
        <time>2026-06-23T05:42:46Z</time>
        <speed>0.99186975</speed>
      </trkpt>
      <trkpt lat="28.8745072" lon="119.6823706">
        <ele>233.1</ele>
        <time>2026-06-23T05:42:58Z</time>
        <speed>0.9795164</speed>
      </trkpt>
      <trkpt lat="28.8744501" lon="119.6822893">
        <ele>233.23</ele>
        <time>2026-06-23T05:43:21Z</time>
        <speed>1.1102558</speed>
      </trkpt>
      <trkpt lat="28.874462" lon="119.6821731">
        <ele>233.95</ele>
        <time>2026-06-23T05:43:31Z</time>
        <speed>1.1020203</speed>
      </trkpt>
      <trkpt lat="28.8744918" lon="119.6820638">
        <ele>234.49</ele>
        <time>2026-06-23T05:43:39Z</time>
        <speed>1.2806289</speed>
      </trkpt>
      <trkpt lat="28.8745362" lon="119.6819634">
        <ele>235.31</ele>
        <time>2026-06-23T05:43:53Z</time>
        <speed>1.5755647</speed>
      </trkpt>
      <trkpt lat="28.8746254" lon="119.6818833">
        <ele>235.22</ele>
        <time>2026-06-23T05:44:04Z</time>
        <speed>1.228642</speed>
      </trkpt>
      <trkpt lat="28.8747182" lon="119.6818357">
        <ele>235.86</ele>
        <time>2026-06-23T05:44:13Z</time>
        <speed>1.2404805</speed>
      </trkpt>
      <trkpt lat="28.8747611" lon="119.68175">
        <ele>236.0</ele>
        <time>2026-06-23T05:44:21Z</time>
        <speed>1.2353333</speed>
      </trkpt>
      <trkpt lat="28.8747935" lon="119.6816468">
        <ele>235.49</ele>
        <time>2026-06-23T05:44:29Z</time>
        <speed>1.6435081</speed>
      </trkpt>
      <trkpt lat="28.8748211" lon="119.6815418">
        <ele>234.8</ele>
        <time>2026-06-23T05:44:48Z</time>
        <speed>0.9661336</speed>
      </trkpt>
      <trkpt lat="28.8748133" lon="119.681435">
        <ele>234.2</ele>
        <time>2026-06-23T05:45:18Z</time>
        <speed>1.2373922</speed>
      </trkpt>
      <trkpt lat="28.8748537" lon="119.6813434">
        <ele>236.78</ele>
        <time>2026-06-23T05:45:30Z</time>
        <speed>1.0371653</speed>
      </trkpt>
      <trkpt lat="28.8748753" lon="119.6812329">
        <ele>239.37</ele>
        <time>2026-06-23T05:45:49Z</time>
        <speed>0.8703953</speed>
      </trkpt>
      <trkpt lat="28.8749514" lon="119.6811637">
        <ele>242.74</ele>
        <time>2026-06-23T05:46:25Z</time>
        <speed>0.7607595</speed>
      </trkpt>
      <trkpt lat="28.8750163" lon="119.6810691">
        <ele>246.21</ele>
        <time>2026-06-23T05:46:36Z</time>
        <speed>1.1226091</speed>
      </trkpt>
      <trkpt lat="28.8750369" lon="119.6809483">
        <ele>248.18</ele>
        <time>2026-06-23T05:46:47Z</time>
        <speed>1.263643</speed>
      </trkpt>
      <trkpt lat="28.8749639" lon="119.680931">
        <ele>250.64</ele>
        <time>2026-06-23T05:46:59Z</time>
        <speed>1.1447423</speed>
      </trkpt>
      <trkpt lat="28.8749001" lon="119.6808643">
        <ele>251.96</ele>
        <time>2026-06-23T05:47:12Z</time>
        <speed>1.2466573</speed>
      </trkpt>
      <trkpt lat="28.874872" lon="119.6807547">
        <ele>253.52</ele>
        <time>2026-06-23T05:47:23Z</time>
        <speed>1.2209212</speed>
      </trkpt>
      <trkpt lat="28.8748649" lon="119.6806371">
        <ele>254.63</ele>
        <time>2026-06-23T05:47:32Z</time>
        <speed>1.3331306</speed>
      </trkpt>
      <trkpt lat="28.8748485" lon="119.6805153">
        <ele>256.12</ele>
        <time>2026-06-23T05:47:44Z</time>
        <speed>1.1956997</speed>
      </trkpt>
      <trkpt lat="28.87487" lon="119.6804099">
        <ele>258.69</ele>
        <time>2026-06-23T05:47:56Z</time>
        <speed>0.97591335</speed>
      </trkpt>
      <trkpt lat="28.8749151" lon="119.6803117">
        <ele>261.88</ele>
        <time>2026-06-23T05:48:12Z</time>
        <speed>0.69590443</speed>
      </trkpt>
      <trkpt lat="28.8749328" lon="119.680207">
        <ele>262.36</ele>
        <time>2026-06-23T05:48:26Z</time>
        <speed>0.6804628</speed>
      </trkpt>
      <trkpt lat="28.8749256" lon="119.6801007">
        <ele>260.7</ele>
        <time>2026-06-23T05:48:47Z</time>
        <speed>0.8462033</speed>
      </trkpt>
      <trkpt lat="28.8749669" lon="119.6800139">
        <ele>256.91</ele>
        <time>2026-06-23T05:49:11Z</time>
        <speed>0.8688511</speed>
      </trkpt>
      <trkpt lat="28.8749349" lon="119.6799356">
        <ele>252.43</ele>
        <time>2026-06-23T05:49:46Z</time>
        <speed>0.48332417</speed>
      </trkpt>
      <trkpt lat="28.874908" lon="119.6798419">
        <ele>246.87</ele>
        <time>2026-06-23T05:50:31Z</time>
        <speed>0.5342817</speed>
      </trkpt>
      <trkpt lat="28.874916" lon="119.6797328">
        <ele>240.3</ele>
        <time>2026-06-23T05:50:59Z</time>
        <speed>0.90179336</speed>
      </trkpt>
      <trkpt lat="28.8749431" lon="119.6796221">
        <ele>231.57</ele>
        <time>2026-06-23T05:51:22Z</time>
        <speed>1.3135711</speed>
      </trkpt>
      <trkpt lat="28.8749431" lon="119.6796221">
        <ele>231.57</ele>
        <time>2026-06-23T05:51:28Z</time>
        <speed>1.3135711</speed>
      </trkpt>
      <extensions>
        <PauseTimes>1782193888000:pause</PauseTimes>
      </extensions>
    </trkseg>
  </trk>
  <trk>
    <trkseg>
      <trkpt lat="28.8750261" lon="119.6795707">
        <ele>225.26</ele>
        <time>2026-06-23T05:51:29Z</time>
        <speed>0.8050256</speed>
      </trkpt>
      <trkpt lat="28.8750261" lon="119.6795707">
        <ele>225.26</ele>
        <time>2026-06-23T05:51:39Z</time>
        <speed>0.8050256</speed>
      </trkpt>
      <trkpt lat="28.8751353" lon="119.6795128">
        <ele>220.89</ele>
        <time>2026-06-23T05:51:49Z</time>
        <speed>1.5276955</speed>
      </trkpt>
      <trkpt lat="28.8752376" lon="119.6794709">
        <ele>217.62</ele>
        <time>2026-06-23T05:52:01Z</time>
        <speed>1.2276125</speed>
      </trkpt>
      <trkpt lat="28.8753364" lon="119.6794136">
        <ele>214.56</ele>
        <time>2026-06-23T05:52:11Z</time>
        <speed>1.191582</speed>
      </trkpt>
      <trkpt lat="28.8754198" lon="119.6793542">
        <ele>212.68</ele>
        <time>2026-06-23T05:52:19Z</time>
        <speed>1.4525461</speed>
      </trkpt>
      <trkpt lat="28.8754595" lon="119.6792552">
        <ele>211.4</ele>
        <time>2026-06-23T05:52:36Z</time>
        <speed>0.64185864</speed>
      </trkpt>
      <trkpt lat="28.875396" lon="119.679182">
        <ele>210.2</ele>
        <time>2026-06-23T05:52:52Z</time>
        <speed>0.94400054</speed>
      </trkpt>
      <trkpt lat="28.8752938" lon="119.6791818">
        <ele>208.26</ele>
        <time>2026-06-23T05:53:01Z</time>
        <speed>1.2852614</speed>
      </trkpt>
      <trkpt lat="28.8751858" lon="119.6791955">
        <ele>206.34</ele>
        <time>2026-06-23T05:53:09Z</time>
        <speed>1.3146006</speed>
      </trkpt>
      <trkpt lat="28.8750865" lon="119.6791839">
        <ele>204.6</ele>
        <time>2026-06-23T05:53:17Z</time>
        <speed>1.2770258</speed>
      </trkpt>
      <trkpt lat="28.87499" lon="119.6791651">
        <ele>203.05</ele>
        <time>2026-06-23T05:53:25Z</time>
        <speed>1.4525461</speed>
      </trkpt>
      <trkpt lat="28.8748985" lon="119.679131">
        <ele>201.96</ele>
        <time>2026-06-23T05:53:32Z</time>
        <speed>1.6095364</speed>
      </trkpt>
      <trkpt lat="28.8747968" lon="119.6790991">
        <ele>200.99</ele>
        <time>2026-06-23T05:53:41Z</time>
        <speed>1.547255</speed>
      </trkpt>
      <trkpt lat="28.8747715" lon="119.6790052">
        <ele>199.87</ele>
        <time>2026-06-23T05:53:51Z</time>
        <speed>1.3707052</speed>
      </trkpt>
      <trkpt lat="28.8748249" lon="119.6788977">
        <ele>198.55</ele>
        <time>2026-06-23T05:53:59Z</time>
        <speed>1.5889475</speed>
      </trkpt>
      <trkpt lat="28.8749005" lon="119.6787977">
        <ele>197.02</ele>
        <time>2026-06-23T05:54:07Z</time>
        <speed>1.7711592</speed>
      </trkpt>
      <trkpt lat="28.8749504" lon="119.6786943">
        <ele>196.28</ele>
        <time>2026-06-23T05:54:15Z</time>
        <speed>1.4643847</speed>
      </trkpt>
      <trkpt lat="28.8749412" lon="119.6785707">
        <ele>196.12</ele>
        <time>2026-06-23T05:54:22Z</time>
        <speed>1.5580642</speed>
      </trkpt>
      <trkpt lat="28.8748907" lon="119.6784579">
        <ele>196.67</ele>
        <time>2026-06-23T05:54:33Z</time>
        <speed>1.3279834</speed>
      </trkpt>
      <trkpt lat="28.8748907" lon="119.6784579">
        <ele>196.67</ele>
        <time>2026-06-23T05:54:36Z</time>
        <speed>1.3279834</speed>
      </trkpt>
      <extensions>
        <PauseTimes>1782194076000:pause</PauseTimes>
      </extensions>
    </trkseg>
  </trk>
  <wpt lat="28.8748883" lon="119.6783687">
    <ele>207.8</ele>
    <time>2026-06-23T02:53:19Z</time>
    <name><![CDATA[靠路边停车
        ]]>
    </name>
    <cmt>靠路边停车
        </cmt>
    <desc><![CDATA[]]>
    </desc>
    <sym>Flag, Blue</sym>
    <type>user</type>
    <extensions>
      <PosType>0</PosType>
      <Speed>0.5620767</Speed>
      <Accuracy>2.6</Accuracy>
      <Time>1782183199926</Time>
      <description><![CDATA[]]>
      </description>
      <FileId>1633044759</FileId>
      <FileSize>977768</FileSize>
      <FileType>0</FileType>
    </extensions>
  </wpt>
  <wpt lat="28.8748028" lon="119.6790175">
    <ele>193.1</ele>
    <time>2026-06-23T02:54:21Z</time>
    <name><![CDATA[左转
        ]]>
    </name>
    <cmt>左转
        </cmt>
    <desc><![CDATA[]]>
    </desc>
    <sym>Flag, Blue</sym>
    <type>user</type>
    <extensions>
      <PosType>0</PosType>
      <Speed>1.2554075</Speed>
      <Accuracy>1.3</Accuracy>
      <Time>1782183261929</Time>
      <description><![CDATA[]]>
      </description>
      <FileId>1633044758</FileId>
      <FileSize>1873397</FileSize>
      <FileType>0</FileType>
    </extensions>
  </wpt>
  <wpt lat="28.8750933" lon="119.679205">
    <ele>198.1</ele>
    <time>2026-06-23T02:56:11Z</time>
    <name><![CDATA[右转
        ]]>
    </name>
    <cmt>右转
        </cmt>
    <desc><![CDATA[]]>
    </desc>
    <sym>Flag, Blue</sym>
    <type>user</type>
    <extensions>
      <PosType>0</PosType>
      <Speed>1.3243803</Speed>
      <Accuracy>1.4</Accuracy>
      <Time>1782183371938</Time>
      <description><![CDATA[]]>
      </description>
      <FileId>1633044756</FileId>
      <FileSize>2342446</FileSize>
      <FileType>0</FileType>
    </extensions>
  </wpt>
  <wpt lat="28.8749419" lon="119.679401">
    <ele>200.0</ele>
    <time>2026-06-23T02:58:19Z</time>
    <name><![CDATA[
        ]]>
    </name>
    <cmt>
        </cmt>
    <desc><![CDATA[]]>
    </desc>
    <sym>Flag, Blue</sym>
    <type>user</type>
    <extensions>
      <PosType>0</PosType>
      <Speed>1.1622428</Speed>
      <Accuracy>1.5</Accuracy>
      <Time>1782183499938</Time>
      <description><![CDATA[]]>
      </description>
      <FileId>1633044755</FileId>
      <FileSize>2369151</FileSize>
      <FileType>0</FileType>
    </extensions>
  </wpt>
  <wpt lat="28.8749433" lon="119.6801367">
    <ele>247.0</ele>
    <time>2026-06-23T03:10:25Z</time>
    <name><![CDATA[
        ]]>
    </name>
    <cmt>
        </cmt>
    <desc><![CDATA[]]>
    </desc>
    <sym>Flag, Blue</sym>
    <type>user</type>
    <extensions>
      <PosType>0</PosType>
      <Speed>0.43030778</Speed>
      <Accuracy>1.6</Accuracy>
      <Time>1782184225983</Time>
      <description><![CDATA[]]>
      </description>
      <FileId>1633044754</FileId>
      <FileSize>2583755</FileSize>
      <FileType>0</FileType>
    </extensions>
  </wpt>
  <wpt lat="28.8749196" lon="119.6804218">
    <ele>255.8</ele>
    <time>2026-06-23T03:12:54Z</time>
    <name><![CDATA[从这走
        ]]>
    </name>
    <cmt>从这走
        </cmt>
    <desc><![CDATA[]]>
    </desc>
    <sym>Flag, Blue</sym>
    <type>user</type>
    <extensions>
      <PosType>0</PosType>
      <Speed>1.0572394</Speed>
      <Accuracy>1.0</Accuracy>
      <Time>1782184374009</Time>
      <description><![CDATA[]]>
      </description>
      <FileId>1633044753</FileId>
      <FileSize>1816491</FileSize>
      <FileType>0</FileType>
    </extensions>
  </wpt>
  <wpt lat="28.874811" lon="119.6815621">
    <ele>233.2</ele>
    <time>2026-06-23T03:20:38Z</time>
    <name><![CDATA[湖右边走
        ]]>
    </name>
    <cmt>湖右边走
        </cmt>
    <desc><![CDATA[]]>
    </desc>
    <sym>Flag, Blue</sym>
    <type>user</type>
    <extensions>
      <PosType>0</PosType>
      <Speed>0.87966025</Speed>
      <Accuracy>1.5</Accuracy>
      <Time>1782184838002</Time>
      <description><![CDATA[]]>
      </description>
      <FileId>1633044752</FileId>
      <FileSize>1946197</FileSize>
      <FileType>0</FileType>
    </extensions>
  </wpt>
  <wpt lat="28.8744548" lon="119.682304">
    <ele>229.4</ele>
    <time>2026-06-23T03:24:47Z</time>
    <name><![CDATA[
        ]]>
    </name>
    <cmt>
        </cmt>
    <desc><![CDATA[]]>
    </desc>
    <sym>Flag, Blue</sym>
    <type>user</type>
    <extensions>
      <PosType>0</PosType>
      <Speed>0.7823778</Speed>
      <Accuracy>1.3</Accuracy>
      <Time>1782185087968</Time>
      <description><![CDATA[]]>
      </description>
      <FileId>1633044750</FileId>
      <FileSize>791976</FileSize>
      <FileType>0</FileType>
    </extensions>
  </wpt>
  <wpt lat="28.8744548" lon="119.682304">
    <ele>229.4</ele>
    <time>2026-06-23T03:24:47Z</time>
    <name><![CDATA[水泥路左转
        ]]>
    </name>
    <cmt>水泥路左转
        </cmt>
    <desc><![CDATA[]]>
    </desc>
    <sym>Flag, Blue</sym>
    <type>user</type>
    <extensions>
      <PosType>0</PosType>
      <Speed>0.7823778</Speed>
      <Accuracy>1.3</Accuracy>
      <Time>1782185087968</Time>
      <description><![CDATA[]]>
      </description>
    </extensions>
  </wpt>
  <wpt lat="28.8748691" lon="119.6831872">
    <ele>231.3</ele>
    <time>2026-06-23T03:26:46Z</time>
    <name><![CDATA[左转
        ]]>
    </name>
    <cmt>左转
        </cmt>
    <desc><![CDATA[]]>
    </desc>
    <sym>Flag, Blue</sym>
    <type>user</type>
    <extensions>
      <PosType>0</PosType>
      <Speed>1.1838611</Speed>
      <Accuracy>1.4</Accuracy>
      <Time>1782185206012</Time>
      <description><![CDATA[]]>
      </description>
    </extensions>
  </wpt>
  <wpt lat="28.8752546" lon="119.6832227">
    <ele>234.8</ele>
    <time>2026-06-23T03:27:15Z</time>
    <name><![CDATA[直行
        ]]>
    </name>
    <cmt>直行
        </cmt>
    <desc><![CDATA[]]>
    </desc>
    <sym>Flag, Blue</sym>
    <type>user</type>
    <extensions>
      <PosType>0</PosType>
      <Speed>1.5441667</Speed>
      <Accuracy>1.3</Accuracy>
      <Time>1782185235972</Time>
      <description><![CDATA[]]>
      </description>
    </extensions>
  </wpt>
  <wpt lat="28.875528" lon="119.6833652">
    <ele>238.8</ele>
    <time>2026-06-23T03:27:41Z</time>
    <name><![CDATA[空地可停车
        ]]>
    </name>
    <cmt>空地可停车
        </cmt>
    <desc><![CDATA[]]>
    </desc>
    <sym>Flag, Blue</sym>
    <type>user</type>
    <extensions>
      <PosType>0</PosType>
      <Speed>1.5997567</Speed>
      <Accuracy>1.3</Accuracy>
      <Time>1782185261962</Time>
      <description><![CDATA[]]>
      </description>
      <FileId>1633044748</FileId>
      <FileSize>1215406</FileSize>
      <FileType>0</FileType>
    </extensions>
  </wpt>
  <wpt lat="28.8762078" lon="119.6837681">
    <ele>235.7</ele>
    <time>2026-06-23T03:28:59Z</time>
    <name><![CDATA[右转
        ]]>
    </name>
    <cmt>右转
        </cmt>
    <desc><![CDATA[]]>
    </desc>
    <sym>Flag, Blue</sym>
    <type>user</type>
    <extensions>
      <PosType>0</PosType>
      <Speed>1.4093094</Speed>
      <Accuracy>1.4</Accuracy>
      <Time>1782185339979</Time>
      <description><![CDATA[]]>
      </description>
      <FileId>1633044745</FileId>
      <FileSize>2056678</FileSize>
      <FileType>0</FileType>
    </extensions>
  </wpt>
  <wpt lat="28.8784789" lon="119.6857037">
    <ele>299.6</ele>
    <time>2026-06-23T03:34:34Z</time>
    <name><![CDATA[一直是公路
        ]]>
    </name>
    <cmt>一直是公路
        </cmt>
    <desc><![CDATA[]]>
    </desc>
    <sym>Flag, Blue</sym>
    <type>user</type>
    <extensions>
      <PosType>0</PosType>
      <Speed>1.071137</Speed>
      <Accuracy>1.5</Accuracy>
      <Time>1782185674968</Time>
      <description><![CDATA[]]>
      </description>
    </extensions>
  </wpt>
  <wpt lat="28.8814919" lon="119.68689">
    <ele>361.6</ele>
    <time>2026-06-23T03:40:46Z</time>
    <name><![CDATA[
        ]]>
    </name>
    <cmt>
        </cmt>
    <desc><![CDATA[]]>
    </desc>
    <sym>Flag, Blue</sym>
    <type>user</type>
    <extensions>
      <PosType>0</PosType>
      <Speed>1.1442275</Speed>
      <Accuracy>1.4</Accuracy>
      <Time>1782186046985</Time>
      <description><![CDATA[]]>
      </description>
      <FileId>1633044744</FileId>
      <FileSize>1007485</FileSize>
      <FileType>0</FileType>
    </extensions>
  </wpt>
  <wpt lat="28.8816818" lon="119.6846129">
    <ele>396.0</ele>
    <time>2026-06-23T03:44:49Z</time>
    <name><![CDATA[可停车
        ]]>
    </name>
    <cmt>可停车
        </cmt>
    <desc><![CDATA[]]>
    </desc>
    <sym>Flag, Blue</sym>
    <type>user</type>
    <extensions>
      <PosType>0</PosType>
      <Speed>0.0</Speed>
      <Accuracy>1.1</Accuracy>
      <Time>1782186289002</Time>
      <description><![CDATA[]]>
      </description>
      <FileId>1633044742</FileId>
      <FileSize>1115797</FileSize>
      <FileType>0</FileType>
    </extensions>
  </wpt>
  <wpt lat="28.8817515" lon="119.6846256">
    <ele>393.6</ele>
    <time>2026-06-23T03:45:41Z</time>
    <name><![CDATA[开始上山
        ]]>
    </name>
    <cmt>开始上山
        </cmt>
    <desc><![CDATA[]]>
    </desc>
    <sym>Flag, Blue</sym>
    <type>user</type>
    <extensions>
      <PosType>0</PosType>
      <Speed>0.0</Speed>
      <Accuracy>1.2</Accuracy>
      <Time>1782186341012</Time>
      <description><![CDATA[]]>
      </description>
      <FileId>1633044740</FileId>
      <FileSize>1194969</FileSize>
      <FileType>0</FileType>
    </extensions>
  </wpt>
  <wpt lat="28.8826945" lon="119.6847339">
    <ele>424.6</ele>
    <time>2026-06-23T03:48:09Z</time>
    <name><![CDATA[凉亭
        ]]>
    </name>
    <cmt>凉亭
        </cmt>
    <desc><![CDATA[]]>
    </desc>
    <sym>Flag, Blue</sym>
    <type>user</type>
    <extensions>
      <PosType>0</PosType>
      <Speed>0.47354445</Speed>
      <Accuracy>1.6</Accuracy>
      <Time>1782186489009</Time>
      <description><![CDATA[]]>
      </description>
      <FileId>1633044738</FileId>
      <FileSize>798484</FileSize>
      <FileType>0</FileType>
    </extensions>
  </wpt>
  <wpt lat="28.8830063" lon="119.6846242">
    <ele>441.6</ele>
    <time>2026-06-23T03:49:52Z</time>
    <name><![CDATA[都是台阶
        ]]>
    </name>
    <cmt>都是台阶
        </cmt>
    <desc><![CDATA[]]>
    </desc>
    <sym>Flag, Blue</sym>
    <type>user</type>
    <extensions>
      <PosType>0</PosType>
      <Speed>0.40457165</Speed>
      <Accuracy>2.0</Accuracy>
      <Time>1782186592989</Time>
      <description><![CDATA[]]>
      </description>
      <FileId>1633044736</FileId>
      <FileSize>1182636</FileSize>
      <FileType>0</FileType>
    </extensions>
  </wpt>
  <wpt lat="28.8832832" lon="119.68421">
    <ele>468.1</ele>
    <time>2026-06-23T03:51:44Z</time>
    <name><![CDATA[
        ]]>
    </name>
    <cmt>
        </cmt>
    <desc><![CDATA[]]>
    </desc>
    <sym>Flag, Blue</sym>
    <type>user</type>
    <extensions>
      <PosType>0</PosType>
      <Speed>0.47405916</Speed>
      <Accuracy>2.1</Accuracy>
      <Time>1782186704966</Time>
      <description><![CDATA[]]>
      </description>
      <FileId>1633044733</FileId>
      <FileSize>1635447</FileSize>
      <FileType>0</FileType>
    </extensions>
  </wpt>
  <wpt lat="28.8832756" lon="119.6833498">
    <ele>508.3</ele>
    <time>2026-06-23T03:55:53Z</time>
    <name><![CDATA[一线天
        ]]>
    </name>
    <cmt>一线天
        </cmt>
    <desc><![CDATA[]]>
    </desc>
    <sym>Flag, Blue</sym>
    <type>user</type>
    <extensions>
      <PosType>0</PosType>
      <Speed>0.69693387</Speed>
      <Accuracy>1.6</Accuracy>
      <Time>1782186953008</Time>
      <description><![CDATA[]]>
      </description>
      <FileId>1633044732</FileId>
      <FileSize>1083160</FileSize>
      <FileType>0</FileType>
    </extensions>
  </wpt>
  <wpt lat="28.8836337" lon="119.6834372">
    <ele>519.9</ele>
    <time>2026-06-23T03:58:14Z</time>
    <name><![CDATA[
        ]]>
    </name>
    <cmt>
        </cmt>
    <desc><![CDATA[]]>
    </desc>
    <sym>Flag, Blue</sym>
    <type>user</type>
    <extensions>
      <PosType>0</PosType>
      <Speed>0.0</Speed>
      <Accuracy>1.9</Accuracy>
      <Time>1782187094961</Time>
      <description><![CDATA[]]>
      </description>
      <FileId>1633044731</FileId>
      <FileSize>1164580</FileSize>
      <FileType>0</FileType>
    </extensions>
  </wpt>
  <wpt lat="28.883623" lon="119.6842839">
    <ele>588.9</ele>
    <time>2026-06-23T04:03:56Z</time>
    <name><![CDATA[观景点
        ]]>
    </name>
    <cmt>观景点
        </cmt>
    <desc><![CDATA[]]>
    </desc>
    <sym>Flag, Blue</sym>
    <type>user</type>
    <extensions>
      <PosType>0</PosType>
      <Speed>0.0</Speed>
      <Accuracy>1.2</Accuracy>
      <Time>1782187436988</Time>
      <description><![CDATA[]]>
      </description>
      <FileId>1633044730</FileId>
      <FileSize>917647</FileSize>
      <FileType>0</FileType>
    </extensions>
  </wpt>
  <wpt lat="28.8839067" lon="119.6848621">
    <ele>601.0</ele>
    <time>2026-06-23T04:19:55Z</time>
    <name><![CDATA[
        ]]>
    </name>
    <cmt>
        </cmt>
    <desc><![CDATA[]]>
    </desc>
    <sym>Flag, Blue</sym>
    <type>user</type>
    <extensions>
      <PosType>0</PosType>
      <Speed>0.435455</Speed>
      <Accuracy>1.2</Accuracy>
      <Time>1782188395051</Time>
      <description><![CDATA[]]>
      </description>
      <FileId>1633044729</FileId>
      <FileSize>522585</FileSize>
      <FileType>0</FileType>
    </extensions>
  </wpt>
  <wpt lat="28.8840589" lon="119.685473">
    <ele>620.9</ele>
    <time>2026-06-23T04:22:05Z</time>
    <name><![CDATA[
        ]]>
    </name>
    <cmt>
        </cmt>
    <desc><![CDATA[]]>
    </desc>
    <sym>Flag, Blue</sym>
    <type>user</type>
    <extensions>
      <PosType>0</PosType>
      <Speed>0.9831194</Speed>
      <Accuracy>1.5</Accuracy>
      <Time>1782188525034</Time>
      <description><![CDATA[]]>
      </description>
      <FileId>1633044728</FileId>
      <FileSize>1070328</FileSize>
      <FileType>0</FileType>
    </extensions>
  </wpt>
  <wpt lat="28.8843045" lon="119.6851885">
    <ele>631.2</ele>
    <time>2026-06-23T04:25:01Z</time>
    <name><![CDATA[大家庙，休息后原路返回
        ]]>
    </name>
    <cmt>大家庙，休息后原路返回
        </cmt>
    <desc><![CDATA[]]>
    </desc>
    <sym>Flag, Blue</sym>
    <type>user</type>
    <extensions>
      <PosType>0</PosType>
      <Speed>0.5147222</Speed>
      <Accuracy>1.2</Accuracy>
      <Time>1782188701027</Time>
      <description><![CDATA[]]>
      </description>
      <FileId>1633044726</FileId>
      <FileSize>916699</FileSize>
      <FileType>0</FileType>
    </extensions>
  </wpt>
  <wpt lat="28.8816721" lon="119.6846001">
    <ele>391.7</ele>
    <time>2026-06-23T05:04:28Z</time>
    <name><![CDATA[右转
        ]]>
    </name>
    <cmt>右转
        </cmt>
    <desc><![CDATA[]]>
    </desc>
    <sym>Flag, Blue</sym>
    <type>user</type>
    <extensions>
      <PosType>0</PosType>
      <Speed>1.4921798</Speed>
      <Accuracy>1.3</Accuracy>
      <Time>1782191068937</Time>
      <description><![CDATA[]]>
      </description>
      <FileId>1633044673</FileId>
      <FileSize>2127274</FileSize>
      <FileType>0</FileType>
    </extensions>
  </wpt>
  <wpt lat="28.881839" lon="119.682922">
    <ele>397.8</ele>
    <time>2026-06-23T05:08:00Z</time>
    <name><![CDATA[机耕路
        ]]>
    </name>
    <cmt>机耕路
        </cmt>
    <desc><![CDATA[]]>
    </desc>
    <sym>Flag, Blue</sym>
    <type>user</type>
    <extensions>
      <PosType>0</PosType>
      <Speed>1.2615842</Speed>
      <Accuracy>1.5</Accuracy>
      <Time>1782191280976</Time>
      <description><![CDATA[]]>
      </description>
      <FileId>1633044672</FileId>
      <FileSize>1334081</FileSize>
      <FileType>0</FileType>
    </extensions>
  </wpt>
  <wpt lat="28.8817134" lon="119.6819018">
    <ele>396.9</ele>
    <time>2026-06-23T05:09:14Z</time>
    <name><![CDATA[左转
        ]]>
    </name>
    <cmt>左转
        </cmt>
    <desc><![CDATA[]]>
    </desc>
    <sym>Flag, Blue</sym>
    <type>user</type>
    <extensions>
      <PosType>0</PosType>
      <Speed>1.2059941</Speed>
      <Accuracy>1.2</Accuracy>
      <Time>1782191354977</Time>
      <description><![CDATA[]]>
      </description>
      <FileId>1633044670</FileId>
      <FileSize>2044985</FileSize>
      <FileType>0</FileType>
    </extensions>
  </wpt>
  <wpt lat="28.8816112" lon="119.6814398">
    <ele>395.7</ele>
    <time>2026-06-23T05:10:10Z</time>
    <name><![CDATA[
        ]]>
    </name>
    <cmt>
        </cmt>
    <desc><![CDATA[]]>
    </desc>
    <sym>Flag, Blue</sym>
    <type>user</type>
    <extensions>
      <PosType>0</PosType>
      <Speed>1.2214358</Speed>
      <Accuracy>1.3</Accuracy>
      <Time>1782191410969</Time>
      <description><![CDATA[]]>
      </description>
      <FileId>1633044669</FileId>
      <FileSize>973924</FileSize>
      <FileType>0</FileType>
    </extensions>
  </wpt>
  <wpt lat="28.8814645" lon="119.6808011">
    <ele>394.8</ele>
    <time>2026-06-23T05:11:02Z</time>
    <name><![CDATA[左转
        ]]>
    </name>
    <cmt>左转
        </cmt>
    <desc><![CDATA[]]>
    </desc>
    <sym>Flag, Blue</sym>
    <type>user</type>
    <extensions>
      <PosType>0</PosType>
      <Speed>1.4273248</Speed>
      <Accuracy>1.2</Accuracy>
      <Time>1782191462951</Time>
      <description><![CDATA[]]>
      </description>
      <FileId>1633044668</FileId>
      <FileSize>2093133</FileSize>
      <FileType>0</FileType>
    </extensions>
  </wpt>
  <wpt lat="28.8805873" lon="119.6811956">
    <ele>389.1</ele>
    <time>2026-06-23T05:13:46Z</time>
    <name><![CDATA[左转
        ]]>
    </name>
    <cmt>左转
        </cmt>
    <desc><![CDATA[]]>
    </desc>
    <sym>Flag, Blue</sym>
    <type>user</type>
    <extensions>
      <PosType>0</PosType>
      <Speed>0.0</Speed>
      <Accuracy>1.3</Accuracy>
      <Time>1782191626994</Time>
      <description><![CDATA[]]>
      </description>
      <FileId>1633044666</FileId>
      <FileSize>2769403</FileSize>
      <FileType>0</FileType>
    </extensions>
  </wpt>
  <wpt lat="28.880415" lon="119.6812967">
    <ele>387.1</ele>
    <time>2026-06-23T05:15:12Z</time>
    <name><![CDATA[
        ]]>
    </name>
    <cmt>
        </cmt>
    <desc><![CDATA[]]>
    </desc>
    <sym>Flag, Blue</sym>
    <type>user</type>
    <extensions>
      <PosType>0</PosType>
      <Speed>0.9012786</Speed>
      <Accuracy>1.4</Accuracy>
      <Time>1782191712957</Time>
      <description><![CDATA[]]>
      </description>
      <FileId>1633044663</FileId>
      <FileSize>1314804</FileSize>
      <FileType>0</FileType>
    </extensions>
  </wpt>
  <wpt lat="28.8800407" lon="119.6813701">
    <ele>372.2</ele>
    <time>2026-06-23T05:16:00Z</time>
    <name><![CDATA[
        ]]>
    </name>
    <cmt>
        </cmt>
    <desc><![CDATA[]]>
    </desc>
    <sym>Flag, Blue</sym>
    <type>user</type>
    <extensions>
      <PosType>0</PosType>
      <Speed>1.1236386</Speed>
      <Accuracy>1.6</Accuracy>
      <Time>1782191760976</Time>
      <description><![CDATA[]]>
      </description>
      <FileId>1633044662</FileId>
      <FileSize>1177929</FileSize>
      <FileType>0</FileType>
    </extensions>
  </wpt>
  <wpt lat="28.8796843" lon="119.6819718">
    <ele>342.2</ele>
    <time>2026-06-23T05:19:16Z</time>
    <name><![CDATA[沿公路走
        ]]>
    </name>
    <cmt>沿公路走
        </cmt>
    <desc><![CDATA[]]>
    </desc>
    <sym>Flag, Blue</sym>
    <type>user</type>
    <extensions>
      <PosType>0</PosType>
      <Speed>0.80245197</Speed>
      <Accuracy>1.3</Accuracy>
      <Time>1782191956981</Time>
      <description><![CDATA[]]>
      </description>
      <FileId>1633044661</FileId>
      <FileSize>790025</FileSize>
      <FileType>0</FileType>
    </extensions>
  </wpt>
  <wpt lat="28.8785225" lon="119.6819614">
    <ele>323.7</ele>
    <time>2026-06-23T05:21:12Z</time>
    <name><![CDATA[右转
        ]]>
    </name>
    <cmt>右转
        </cmt>
    <desc><![CDATA[]]>
    </desc>
    <sym>Flag, Blue</sym>
    <type>user</type>
    <extensions>
      <PosType>0</PosType>
      <Speed>0.0</Speed>
      <Accuracy>1.1</Accuracy>
      <Time>1782192072973</Time>
      <description><![CDATA[]]>
      </description>
      <FileId>1633044660</FileId>
      <FileSize>1683178</FileSize>
      <FileType>0</FileType>
    </extensions>
  </wpt>
  <wpt lat="28.8780284" lon="119.681238">
    <ele>343.4</ele>
    <time>2026-06-23T05:23:56Z</time>
    <name><![CDATA[观景点
        ]]>
    </name>
    <cmt>观景点
        </cmt>
    <desc><![CDATA[]]>
    </desc>
    <sym>Flag, Blue</sym>
    <type>user</type>
    <extensions>
      <PosType>0</PosType>
      <Speed>0.9661336</Speed>
      <Accuracy>1.3</Accuracy>
      <Time>1782192236973</Time>
      <description><![CDATA[]]>
      </description>
      <FileId>1633044659</FileId>
      <FileSize>735189</FileSize>
      <FileType>0</FileType>
    </extensions>
  </wpt>
  <wpt lat="28.8779785" lon="119.6811464">
    <ele>345.2</ele>
    <time>2026-06-23T05:24:26Z</time>
    <name><![CDATA[左转
        ]]>
    </name>
    <cmt>左转
        </cmt>
    <desc><![CDATA[]]>
    </desc>
    <sym>Flag, Blue</sym>
    <type>user</type>
    <extensions>
      <PosType>0</PosType>
      <Speed>1.4345309</Speed>
      <Accuracy>1.1</Accuracy>
      <Time>1782192266988</Time>
      <description><![CDATA[]]>
      </description>
      <FileId>1633044657</FileId>
      <FileSize>2183681</FileSize>
      <FileType>0</FileType>
    </extensions>
  </wpt>
  <wpt lat="28.877585" lon="119.6810524">
    <ele>345.7</ele>
    <time>2026-06-23T05:25:46Z</time>
    <name><![CDATA[
        ]]>
    </name>
    <cmt>
        </cmt>
    <desc><![CDATA[]]>
    </desc>
    <sym>Flag, Blue</sym>
    <type>user</type>
    <extensions>
      <PosType>0</PosType>
      <Speed>0.0</Speed>
      <Accuracy>1.3</Accuracy>
      <Time>1782192346991</Time>
      <description><![CDATA[]]>
      </description>
      <FileId>1633044654</FileId>
      <FileSize>1169011</FileSize>
      <FileType>0</FileType>
    </extensions>
  </wpt>
  <wpt lat="28.8766771" lon="119.6808589">
    <ele>318.2</ele>
    <time>2026-06-23T05:31:58Z</time>
    <name><![CDATA[这边不好走
        ]]>
    </name>
    <cmt>这边不好走
        </cmt>
    <desc><![CDATA[]]>
    </desc>
    <sym>Flag, Blue</sym>
    <type>user</type>
    <extensions>
      <PosType>0</PosType>
      <Speed>0.7849514</Speed>
      <Accuracy>1.4</Accuracy>
      <Time>1782192718991</Time>
      <description><![CDATA[]]>
      </description>
    </extensions>
  </wpt>
  <wpt lat="28.8767601" lon="119.6808983">
    <ele>319.8</ele>
    <time>2026-06-23T05:32:12Z</time>
    <name><![CDATA[左转
        ]]>
    </name>
    <cmt>左转
        </cmt>
    <desc><![CDATA[]]>
    </desc>
    <sym>Flag, Blue</sym>
    <type>user</type>
    <extensions>
      <PosType>0</PosType>
      <Speed>0.63516724</Speed>
      <Accuracy>1.3</Accuracy>
      <Time>1782192732997</Time>
      <description><![CDATA[]]>
      </description>
      <FileId>1633044651</FileId>
      <FileSize>2486796</FileSize>
      <FileType>0</FileType>
    </extensions>
  </wpt>
  <wpt lat="28.8768227" lon="119.6811293">
    <ele>316.2</ele>
    <time>2026-06-23T05:32:49Z</time>
    <name><![CDATA[
        ]]>
    </name>
    <cmt>
        </cmt>
    <desc><![CDATA[]]>
    </desc>
    <sym>Flag, Blue</sym>
    <type>user</type>
    <extensions>
      <PosType>0</PosType>
      <Speed>1.1519483</Speed>
      <Accuracy>1.1</Accuracy>
      <Time>1782192769017</Time>
      <description><![CDATA[]]>
      </description>
      <FileId>1633044650</FileId>
      <FileSize>1211191</FileSize>
      <FileType>0</FileType>
    </extensions>
  </wpt>
  <wpt lat="28.8762528" lon="119.6817775">
    <ele>289.7</ele>
    <time>2026-06-23T05:35:24Z</time>
    <name><![CDATA[朝湖边走
        ]]>
    </name>
    <cmt>朝湖边走
        </cmt>
    <desc><![CDATA[]]>
    </desc>
    <sym>Flag, Blue</sym>
    <type>user</type>
    <extensions>
      <PosType>0</PosType>
      <Speed>0.88944</Speed>
      <Accuracy>1.2</Accuracy>
      <Time>1782192924959</Time>
      <description><![CDATA[]]>
      </description>
      <FileId>1633044648</FileId>
      <FileSize>899025</FileSize>
      <FileType>0</FileType>
    </extensions>
  </wpt>
  <wpt lat="28.8758262" lon="119.6826166">
    <ele>252.4</ele>
    <time>2026-06-23T05:38:04Z</time>
    <name><![CDATA[这里下去
        ]]>
    </name>
    <cmt>这里下去
        </cmt>
    <desc><![CDATA[]]>
    </desc>
    <sym>Flag, Blue</sym>
    <type>user</type>
    <extensions>
      <PosType>0</PosType>
      <Speed>0.5672239</Speed>
      <Accuracy>1.4</Accuracy>
      <Time>1782193084937</Time>
      <description><![CDATA[]]>
      </description>
      <FileId>1633044646</FileId>
      <FileSize>1269743</FileSize>
      <FileType>0</FileType>
    </extensions>
  </wpt>
  <wpt lat="28.8757567" lon="119.6828183">
    <ele>245.2</ele>
    <time>2026-06-23T05:39:24Z</time>
    <name><![CDATA[
        ]]>
    </name>
    <cmt>
        </cmt>
    <desc><![CDATA[]]>
    </desc>
    <sym>Flag, Blue</sym>
    <type>user</type>
    <extensions>
      <PosType>0</PosType>
      <Speed>1.0531217</Speed>
      <Accuracy>1.5</Accuracy>
      <Time>1782193164933</Time>
      <description><![CDATA[]]>
      </description>
      <FileId>1633044643</FileId>
      <FileSize>982550</FileSize>
      <FileType>0</FileType>
    </extensions>
  </wpt>
  <wpt lat="28.8749797" lon="119.6833058">
    <ele>235.9</ele>
    <time>2026-06-23T05:41:00Z</time>
    <name><![CDATA[右转
        ]]>
    </name>
    <cmt>右转
        </cmt>
    <desc><![CDATA[]]>
    </desc>
    <sym>Flag, Blue</sym>
    <type>user</type>
    <extensions>
      <PosType>0</PosType>
      <Speed>1.0253266</Speed>
      <Accuracy>1.5</Accuracy>
      <Time>1782193260981</Time>
      <description><![CDATA[]]>
      </description>
    </extensions>
  </wpt>
  <wpt lat="28.8745072" lon="119.6823706">
    <ele>233.4</ele>
    <time>2026-06-23T05:42:58Z</time>
    <name><![CDATA[右转
        ]]>
    </name>
    <cmt>右转
        </cmt>
    <desc><![CDATA[]]>
    </desc>
    <sym>Flag, Blue</sym>
    <type>user</type>
    <extensions>
      <PosType>0</PosType>
      <Speed>0.9795164</Speed>
      <Accuracy>1.2</Accuracy>
      <Time>1782193378961</Time>
      <description><![CDATA[]]>
      </description>
    </extensions>
  </wpt>
  <wpt lat="28.8749431" lon="119.6796221">
    <ele>216.9</ele>
    <time>2026-06-23T05:51:22Z</time>
    <name><![CDATA[右转
        ]]>
    </name>
    <cmt>右转
        </cmt>
    <desc><![CDATA[]]>
    </desc>
    <sym>Flag, Blue</sym>
    <type>user</type>
    <extensions>
      <PosType>0</PosType>
      <Speed>1.3135711</Speed>
      <Accuracy>1.5</Accuracy>
      <Time>1782193882979</Time>
      <description><![CDATA[]]>
      </description>
    </extensions>
  </wpt>
  <wpt lat="28.8754595" lon="119.6792552">
    <ele>208.6</ele>
    <time>2026-06-23T05:52:36Z</time>
    <name><![CDATA[左转
        ]]>
    </name>
    <cmt>左转
        </cmt>
    <desc><![CDATA[]]>
    </desc>
    <sym>Flag, Blue</sym>
    <type>user</type>
    <extensions>
      <PosType>0</PosType>
      <Speed>0.64185864</Speed>
      <Accuracy>1.3</Accuracy>
      <Time>1782193956984</Time>
      <description><![CDATA[]]>
      </description>
    </extensions>
  </wpt>
</gpx>