<?xml version='1.0' encoding='UTF-8' standalone='yes' ?>
<gpx version="1.1" creator="GPSBabel - http://www.gpsbabel.org" xmlns:xsi="http://www.w3.org/2001/XMLSchema-instance" xmlns="http://www.topografix.com/GPX/1/1" xsi:schemaLocation="http://www.topografix.com/GPX/1/1 http://www.topografix.com/GPX/1/1/gpx.xsd">
  <metadata>
    <link href="http://www.garmin.com">
      <text>Garmin International</text>
    </link>
    <time>2026-02-04T02:03:36Z</time>
    <bounds minlat="28.7674848" minlon="119.7222215" maxlat="28.7785729" maxlon="119.7401166" />
  </metadata>
  <extensions>
    <name><![CDATA[武义白坛岩260204]]>
    </name>
    <description><![CDATA[]]>
    </description>
    <TrackId>79714563</TrackId>
    <TrackTypeId>8</TrackTypeId>
    <TrackTags>外部导入,爬山</TrackTags>
    <BeginTime>1770170616000</BeginTime>
    <EndTime>1770190103000</EndTime>
    <TimeUsed>19487000</TimeUsed>
    <PauseTime>309284</PauseTime>
    <PosStartName>大里堂(公交站)</PosStartName>
    <PosEndName>大里堂(公交站)</PosEndName>
    <ProductVersion>and_8.1.1</ProductVersion>
    <StartDistrictId>9656</StartDistrictId>
    <EndDistrictId>9656</EndDistrictId>
    <CreaterId>64771087</CreaterId>
    <CreaterName><![CDATA[步履赴山野]]>
    </CreaterName>
    <CreaterIcon>1523534626</CreaterIcon>
    <OriginCreaterId>64771087</OriginCreaterId>
    <OriginCreaterNickname><![CDATA[步履赴山野]]>
    </OriginCreaterNickname>
    <OriginCreaterName><![CDATA[null]]>
    </OriginCreaterName>
    <OriginCreaterIcon>1523534626</OriginCreaterIcon>
    <ThumbnailId>1553646229</ThumbnailId>
    <Distance>6174.0</Distance>
    <ElevationGain>585.08</ElevationGain>
    <ElevationLoss>569.5</ElevationLoss>
    <SportAvgSpeed>0.32193614714077523</SportAvgSpeed>
  </extensions>
  <trk>
    <trkseg>
      <trkpt lat="28.7754688" lon="119.7223755">
        <ele>216.3</ele>
        <time>2026-02-04T02:03:37Z</time>
        <speed>0.07720833</speed>
      </trkpt>
      <trkpt lat="28.7754483" lon="119.7224833">
        <ele>216.3</ele>
        <time>2026-02-04T02:05:15Z</time>
        <speed>0.9805458</speed>
      </trkpt>
      <trkpt lat="28.7753683" lon="119.72253">
        <ele>218.41</ele>
        <time>2026-02-04T02:06:17Z</time>
        <speed>0.93679446</speed>
      </trkpt>
      <trkpt lat="28.7752733" lon="119.722565">
        <ele>216.81</ele>
        <time>2026-02-04T02:06:31Z</time>
        <speed>1.0757694</speed>
      </trkpt>
      <trkpt lat="28.7752023" lon="119.7226367">
        <ele>215.69</ele>
        <time>2026-02-04T02:06:47Z</time>
        <speed>0.53067863</speed>
      </trkpt>
      <trkpt lat="28.7751162" lon="119.7226917">
        <ele>217.07</ele>
        <time>2026-02-04T02:06:55Z</time>
        <speed>0.9862078</speed>
      </trkpt>
      <trkpt lat="28.7750243" lon="119.7227404">
        <ele>219.32</ele>
        <time>2026-02-04T02:07:27Z</time>
        <speed>1.2548928</speed>
      </trkpt>
      <trkpt lat="28.7749267" lon="119.7227856">
        <ele>222.06</ele>
        <time>2026-02-04T02:07:37Z</time>
        <speed>1.2132003</speed>
      </trkpt>
      <trkpt lat="28.7748624" lon="119.7228186">
        <ele>222.08</ele>
        <time>2026-02-04T02:07:51Z</time>
        <speed>0.0</speed>
      </trkpt>
      <trkpt lat="28.7747896" lon="119.7228738">
        <ele>221.57</ele>
        <time>2026-02-04T02:08:03Z</time>
        <speed>1.0351064</speed>
      </trkpt>
      <trkpt lat="28.7747108" lon="119.7229329">
        <ele>221.41</ele>
        <time>2026-02-04T02:08:11Z</time>
        <speed>1.1504042</speed>
      </trkpt>
      <trkpt lat="28.7746309" lon="119.7230078">
        <ele>221.23</ele>
        <time>2026-02-04T02:08:23Z</time>
        <speed>1.0315033</speed>
      </trkpt>
      <trkpt lat="28.7745468" lon="119.7230628">
        <ele>222.68</ele>
        <time>2026-02-04T02:08:31Z</time>
        <speed>1.2677609</speed>
      </trkpt>
      <trkpt lat="28.7744702" lon="119.7231331">
        <ele>223.42</ele>
        <time>2026-02-04T02:08:41Z</time>
        <speed>1.0999614</speed>
      </trkpt>
      <trkpt lat="28.7744116" lon="119.7232144">
        <ele>223.58</ele>
        <time>2026-02-04T02:08:49Z</time>
        <speed>1.2842319</speed>
      </trkpt>
      <trkpt lat="28.7743593" lon="119.7233017">
        <ele>223.12</ele>
        <time>2026-02-04T02:08:57Z</time>
        <speed>1.4417369</speed>
      </trkpt>
      <trkpt lat="28.7743095" lon="119.7233903">
        <ele>222.08</ele>
        <time>2026-02-04T02:09:05Z</time>
        <speed>1.1329036</speed>
      </trkpt>
      <trkpt lat="28.7742734" lon="119.7234923">
        <ele>221.44</ele>
        <time>2026-02-04T02:09:13Z</time>
        <speed>1.5524023</speed>
      </trkpt>
      <trkpt lat="28.7742017" lon="119.7235573">
        <ele>221.85</ele>
        <time>2026-02-04T02:09:21Z</time>
        <speed>1.1514336</speed>
      </trkpt>
      <trkpt lat="28.7741846" lon="119.7235916">
        <ele>223.25</ele>
        <time>2026-02-04T02:09:29Z</time>
        <speed>0.0</speed>
      </trkpt>
      <trkpt lat="28.7741239" lon="119.7236337">
        <ele>223.62</ele>
        <time>2026-02-04T02:09:41Z</time>
        <speed>0.8626744</speed>
      </trkpt>
      <trkpt lat="28.7740273" lon="119.7236611">
        <ele>224.94</ele>
        <time>2026-02-04T02:09:49Z</time>
        <speed>1.2497456</speed>
      </trkpt>
      <trkpt lat="28.7739089" lon="119.7236576">
        <ele>226.82</ele>
        <time>2026-02-04T02:09:57Z</time>
        <speed>1.6779945</speed>
      </trkpt>
      <trkpt lat="28.7738026" lon="119.7236517">
        <ele>227.71</ele>
        <time>2026-02-04T02:10:05Z</time>
        <speed>1.9410175</speed>
      </trkpt>
      <trkpt lat="28.7737008" lon="119.7236899">
        <ele>227.88</ele>
        <time>2026-02-04T02:10:19Z</time>
        <speed>0.8369383</speed>
      </trkpt>
      <trkpt lat="28.7736101" lon="119.723733">
        <ele>227.97</ele>
        <time>2026-02-04T02:10:27Z</time>
        <speed>1.1416539</speed>
      </trkpt>
      <trkpt lat="28.7735185" lon="119.723795">
        <ele>227.94</ele>
        <time>2026-02-04T02:10:37Z</time>
        <speed>1.1977586</speed>
      </trkpt>
      <trkpt lat="28.7734224" lon="119.7238478">
        <ele>227.28</ele>
        <time>2026-02-04T02:10:45Z</time>
        <speed>1.3459986</speed>
      </trkpt>
      <trkpt lat="28.7733344" lon="119.723893">
        <ele>226.99</ele>
        <time>2026-02-04T02:10:57Z</time>
        <speed>0.84465915</speed>
      </trkpt>
      <trkpt lat="28.7732407" lon="119.7239326">
        <ele>227.55</ele>
        <time>2026-02-04T02:11:07Z</time>
        <speed>0.89252836</speed>
      </trkpt>
      <trkpt lat="28.773147" lon="119.7239665">
        <ele>227.92</ele>
        <time>2026-02-04T02:11:15Z</time>
        <speed>1.0778283</speed>
      </trkpt>
      <trkpt lat="28.7730547" lon="119.7240177">
        <ele>229.54</ele>
        <time>2026-02-04T02:11:25Z</time>
        <speed>1.0860639</speed>
      </trkpt>
      <trkpt lat="28.772963" lon="119.7240694">
        <ele>232.62</ele>
        <time>2026-02-04T02:11:33Z</time>
        <speed>1.2729081</speed>
      </trkpt>
      <trkpt lat="28.7728664" lon="119.7241093">
        <ele>235.24</ele>
        <time>2026-02-04T02:11:43Z</time>
        <speed>1.0804019</speed>
      </trkpt>
      <trkpt lat="28.7727743" lon="119.7241446">
        <ele>237.63</ele>
        <time>2026-02-04T02:12:25Z</time>
        <speed>0.5049425</speed>
      </trkpt>
      <trkpt lat="28.7726965" lon="119.72421">
        <ele>236.71</ele>
        <time>2026-02-04T02:12:33Z</time>
        <speed>1.3779113</speed>
      </trkpt>
      <trkpt lat="28.7726064" lon="119.7242166">
        <ele>236.06</ele>
        <time>2026-02-04T02:12:43Z</time>
        <speed>1.13033</speed>
      </trkpt>
      <trkpt lat="28.7725171" lon="119.7242531">
        <ele>235.26</ele>
        <time>2026-02-04T02:12:51Z</time>
        <speed>1.228642</speed>
      </trkpt>
      <trkpt lat="28.7724209" lon="119.7242703">
        <ele>234.33</ele>
        <time>2026-02-04T02:12:59Z</time>
        <speed>1.3454839</speed>
      </trkpt>
      <trkpt lat="28.7723272" lon="119.7243066">
        <ele>234.02</ele>
        <time>2026-02-04T02:13:09Z</time>
        <speed>1.2605547</speed>
      </trkpt>
      <trkpt lat="28.7722323" lon="119.7243431">
        <ele>233.62</ele>
        <time>2026-02-04T02:13:17Z</time>
        <speed>1.1725372</speed>
      </trkpt>
      <trkpt lat="28.7721371" lon="119.7243741">
        <ele>234.09</ele>
        <time>2026-02-04T02:13:25Z</time>
        <speed>1.2543781</speed>
      </trkpt>
      <trkpt lat="28.7720457" lon="119.7243816">
        <ele>234.91</ele>
        <time>2026-02-04T02:13:33Z</time>
        <speed>1.0273856</speed>
      </trkpt>
      <trkpt lat="28.7719419" lon="119.7243705">
        <ele>236.32</ele>
        <time>2026-02-04T02:13:41Z</time>
        <speed>1.4576933</speed>
      </trkpt>
      <trkpt lat="28.7718397" lon="119.7243766">
        <ele>237.17</ele>
        <time>2026-02-04T02:13:51Z</time>
        <speed>1.1133442</speed>
      </trkpt>
      <trkpt lat="28.7717412" lon="119.7243894">
        <ele>237.1</ele>
        <time>2026-02-04T02:13:59Z</time>
        <speed>1.2162886</speed>
      </trkpt>
      <trkpt lat="28.771653" lon="119.7244397">
        <ele>236.88</ele>
        <time>2026-02-04T02:14:07Z</time>
        <speed>1.2023911</speed>
      </trkpt>
      <trkpt lat="28.7715647" lon="119.7244971">
        <ele>237.75</ele>
        <time>2026-02-04T02:14:15Z</time>
        <speed>0.8307617</speed>
      </trkpt>
      <trkpt lat="28.7714759" lon="119.7245473">
        <ele>239.58</ele>
        <time>2026-02-04T02:14:25Z</time>
        <speed>1.0356212</speed>
      </trkpt>
      <trkpt lat="28.7713839" lon="119.7245983">
        <ele>240.88</ele>
        <time>2026-02-04T02:14:33Z</time>
        <speed>1.1138589</speed>
      </trkpt>
      <trkpt lat="28.7712995" lon="119.7246529">
        <ele>240.72</ele>
        <time>2026-02-04T02:14:39Z</time>
        <speed>1.2723933</speed>
      </trkpt>
      <trkpt lat="28.7712054" lon="119.7246885">
        <ele>239.93</ele>
        <time>2026-02-04T02:14:51Z</time>
        <speed>1.4134272</speed>
      </trkpt>
      <trkpt lat="28.7711136" lon="119.7247168">
        <ele>239.62</ele>
        <time>2026-02-04T02:15:03Z</time>
        <speed>0.9872372</speed>
      </trkpt>
      <trkpt lat="28.7710193" lon="119.7247584">
        <ele>239.09</ele>
        <time>2026-02-04T02:15:13Z</time>
        <speed>0.9228969</speed>
      </trkpt>
      <trkpt lat="28.7709304" lon="119.7248081">
        <ele>238.02</ele>
        <time>2026-02-04T02:15:22Z</time>
        <speed>1.1529778</speed>
      </trkpt>
      <trkpt lat="28.7708399" lon="119.724853">
        <ele>237.63</ele>
        <time>2026-02-04T02:15:30Z</time>
        <speed>1.2384217</speed>
      </trkpt>
      <trkpt lat="28.770736" lon="119.7249106">
        <ele>237.06</ele>
        <time>2026-02-04T02:15:40Z</time>
        <speed>1.2126856</speed>
      </trkpt>
      <trkpt lat="28.7706398" lon="119.7249553">
        <ele>237.72</ele>
        <time>2026-02-04T02:15:50Z</time>
        <speed>1.3295275</speed>
      </trkpt>
      <trkpt lat="28.770542" lon="119.724992">
        <ele>238.7</ele>
        <time>2026-02-04T02:16:00Z</time>
        <speed>0.99495804</speed>
      </trkpt>
      <trkpt lat="28.7704387" lon="119.7250349">
        <ele>239.56</ele>
        <time>2026-02-04T02:16:08Z</time>
        <speed>0.8961314</speed>
      </trkpt>
      <trkpt lat="28.7703434" lon="119.7250431">
        <ele>240.18</ele>
        <time>2026-02-04T02:16:14Z</time>
        <speed>1.4793117</speed>
      </trkpt>
      <trkpt lat="28.7702439" lon="119.7250461">
        <ele>240.06</ele>
        <time>2026-02-04T02:16:22Z</time>
        <speed>1.7896892</speed>
      </trkpt>
      <trkpt lat="28.7701914" lon="119.7251155">
        <ele>239.43</ele>
        <time>2026-02-04T02:16:32Z</time>
        <speed>1.054151</speed>
      </trkpt>
      <trkpt lat="28.7701211" lon="119.7251941">
        <ele>240.24</ele>
        <time>2026-02-04T02:16:42Z</time>
        <speed>1.3094534</speed>
      </trkpt>
      <trkpt lat="28.7700355" lon="119.7252331">
        <ele>240.74</ele>
        <time>2026-02-04T02:16:52Z</time>
        <speed>0.9795164</speed>
      </trkpt>
      <trkpt lat="28.7699641" lon="119.7253057">
        <ele>238.57</ele>
        <time>2026-02-04T02:17:00Z</time>
        <speed>0.73039085</speed>
      </trkpt>
      <trkpt lat="28.7698871" lon="119.7253978">
        <ele>236.73</ele>
        <time>2026-02-04T02:17:10Z</time>
        <speed>1.1761403</speed>
      </trkpt>
      <trkpt lat="28.7697964" lon="119.7254507">
        <ele>235.94</ele>
        <time>2026-02-04T02:17:16Z</time>
        <speed>1.7989541</speed>
      </trkpt>
      <trkpt lat="28.7697221" lon="119.7255214">
        <ele>236.27</ele>
        <time>2026-02-04T02:17:24Z</time>
        <speed>1.6651264</speed>
      </trkpt>
      <trkpt lat="28.7696445" lon="119.7255935">
        <ele>236.5</ele>
        <time>2026-02-04T02:17:36Z</time>
        <speed>1.0042231</speed>
      </trkpt>
      <trkpt lat="28.7695565" lon="119.725632">
        <ele>236.97</ele>
        <time>2026-02-04T02:17:44Z</time>
        <speed>0.94091225</speed>
      </trkpt>
      <trkpt lat="28.7694496" lon="119.7256868">
        <ele>238.83</ele>
        <time>2026-02-04T02:17:54Z</time>
        <speed>1.5884328</speed>
      </trkpt>
      <trkpt lat="28.7693614" lon="119.7257517">
        <ele>241.1</ele>
        <time>2026-02-04T02:18:04Z</time>
        <speed>1.6934361</speed>
      </trkpt>
      <trkpt lat="28.7692587" lon="119.725784">
        <ele>241.66</ele>
        <time>2026-02-04T02:18:14Z</time>
        <speed>1.2868055</speed>
      </trkpt>
      <trkpt lat="28.7691605" lon="119.7258102">
        <ele>241.33</ele>
        <time>2026-02-04T02:18:22Z</time>
        <speed>1.4767381</speed>
      </trkpt>
      <trkpt lat="28.7690583" lon="119.7258681">
        <ele>240.5</ele>
        <time>2026-02-04T02:18:32Z</time>
        <speed>1.528725</speed>
      </trkpt>
      <trkpt lat="28.7689697" lon="119.7259263">
        <ele>241.27</ele>
        <time>2026-02-04T02:18:44Z</time>
        <speed>0.73965585</speed>
      </trkpt>
      <trkpt lat="28.7688801" lon="119.7259759">
        <ele>243.52</ele>
        <time>2026-02-04T02:18:54Z</time>
        <speed>1.2126856</speed>
      </trkpt>
      <trkpt lat="28.768787" lon="119.7260192">
        <ele>243.68</ele>
        <time>2026-02-04T02:19:02Z</time>
        <speed>1.2132003</speed>
      </trkpt>
      <trkpt lat="28.7686948" lon="119.7260541">
        <ele>243.26</ele>
        <time>2026-02-04T02:19:14Z</time>
        <speed>0.5697975</speed>
      </trkpt>
      <trkpt lat="28.7685931" lon="119.7260714">
        <ele>243.28</ele>
        <time>2026-02-04T02:19:22Z</time>
        <speed>1.2620989</speed>
      </trkpt>
      <trkpt lat="28.7685003" lon="119.7260515">
        <ele>245.35</ele>
        <time>2026-02-04T02:19:28Z</time>
        <speed>1.5791677</speed>
      </trkpt>
      <trkpt lat="28.7684101" lon="119.7259919">
        <ele>247.27</ele>
        <time>2026-02-04T02:19:40Z</time>
        <speed>0.79679</speed>
      </trkpt>
      <trkpt lat="28.7683319" lon="119.7260132">
        <ele>247.28</ele>
        <time>2026-02-04T02:20:10Z</time>
        <speed>1.1653311</speed>
      </trkpt>
      <trkpt lat="28.768239" lon="119.7260514">
        <ele>244.28</ele>
        <time>2026-02-04T02:20:18Z</time>
        <speed>1.2713639</speed>
      </trkpt>
      <trkpt lat="28.7681687" lon="119.7261496">
        <ele>244.12</ele>
        <time>2026-02-04T02:20:26Z</time>
        <speed>1.3645287</speed>
      </trkpt>
      <trkpt lat="28.7681071" lon="119.7262624">
        <ele>245.74</ele>
        <time>2026-02-04T02:20:36Z</time>
        <speed>1.1323888</speed>
      </trkpt>
      <trkpt lat="28.7681065" lon="119.7263837">
        <ele>244.82</ele>
        <time>2026-02-04T02:20:52Z</time>
        <speed>0.7659067</speed>
      </trkpt>
      <trkpt lat="28.7681748" lon="119.7264748">
        <ele>242.49</ele>
        <time>2026-02-04T02:20:58Z</time>
        <speed>2.0861692</speed>
      </trkpt>
      <trkpt lat="28.7682104" lon="119.726579">
        <ele>240.47</ele>
        <time>2026-02-04T02:21:08Z</time>
        <speed>1.4242364</speed>
      </trkpt>
      <trkpt lat="28.768192" lon="119.7266835">
        <ele>239.32</ele>
        <time>2026-02-04T02:21:22Z</time>
        <speed>0.7432589</speed>
      </trkpt>
      <trkpt lat="28.7681538" lon="119.7267814">
        <ele>238.97</ele>
        <time>2026-02-04T02:21:32Z</time>
        <speed>0.90230805</speed>
      </trkpt>
      <trkpt lat="28.7680919" lon="119.7268779">
        <ele>238.72</ele>
        <time>2026-02-04T02:21:46Z</time>
        <speed>0.9630453</speed>
      </trkpt>
      <trkpt lat="28.7680423" lon="119.7269966">
        <ele>239.96</ele>
        <time>2026-02-04T02:21:58Z</time>
        <speed>0.9177497</speed>
      </trkpt>
      <trkpt lat="28.7679785" lon="119.7271011">
        <ele>241.83</ele>
        <time>2026-02-04T02:22:06Z</time>
        <speed>1.8710153</speed>
      </trkpt>
      <trkpt lat="28.7679627" lon="119.7272056">
        <ele>243.19</ele>
        <time>2026-02-04T02:22:16Z</time>
        <speed>1.1735667</speed>
      </trkpt>
      <trkpt lat="28.7679494" lon="119.7273178">
        <ele>242.98</ele>
        <time>2026-02-04T02:22:26Z</time>
        <speed>0.84208554</speed>
      </trkpt>
      <trkpt lat="28.767911" lon="119.7274291">
        <ele>243.16</ele>
        <time>2026-02-04T02:22:36Z</time>
        <speed>1.0417978</speed>
      </trkpt>
      <trkpt lat="28.7679188" lon="119.7275322">
        <ele>245.5</ele>
        <time>2026-02-04T02:22:44Z</time>
        <speed>1.158125</speed>
      </trkpt>
      <trkpt lat="28.7679302" lon="119.7276422">
        <ele>247.91</ele>
        <time>2026-02-04T02:22:54Z</time>
        <speed>1.287835</speed>
      </trkpt>
      <trkpt lat="28.767946" lon="119.7277514">
        <ele>249.41</ele>
        <time>2026-02-04T02:23:04Z</time>
        <speed>1.1993028</speed>
      </trkpt>
      <trkpt lat="28.7679444" lon="119.7278788">
        <ele>249.58</ele>
        <time>2026-02-04T02:23:12Z</time>
        <speed>1.5596083</speed>
      </trkpt>
      <trkpt lat="28.7679267" lon="119.7279991">
        <ele>249.03</ele>
        <time>2026-02-04T02:23:22Z</time>
        <speed>1.1653311</speed>
      </trkpt>
      <trkpt lat="28.7679024" lon="119.7281044">
        <ele>249.02</ele>
        <time>2026-02-04T02:23:30Z</time>
        <speed>1.4170303</speed>
      </trkpt>
      <trkpt lat="28.7678856" lon="119.728218">
        <ele>248.28</ele>
        <time>2026-02-04T02:23:40Z</time>
        <speed>1.1313595</speed>
      </trkpt>
      <trkpt lat="28.7678374" lon="119.7283077">
        <ele>247.77</ele>
        <time>2026-02-04T02:23:50Z</time>
        <speed>1.3125417</speed>
      </trkpt>
      <trkpt lat="28.7677978" lon="119.7284124">
        <ele>248.51</ele>
        <time>2026-02-04T02:24:00Z</time>
        <speed>1.1606987</speed>
      </trkpt>
      <trkpt lat="28.767777" lon="119.7285177">
        <ele>250.79</ele>
        <time>2026-02-04T02:24:08Z</time>
        <speed>1.2332745</speed>
      </trkpt>
      <trkpt lat="28.7677471" lon="119.7286255">
        <ele>252.77</ele>
        <time>2026-02-04T02:24:18Z</time>
        <speed>1.3022472</speed>
      </trkpt>
      <trkpt lat="28.7677346" lon="119.7287366">
        <ele>253.34</ele>
        <time>2026-02-04T02:24:26Z</time>
        <speed>1.413942</speed>
      </trkpt>
      <trkpt lat="28.7677409" lon="119.728845">
        <ele>253.15</ele>
        <time>2026-02-04T02:24:36Z</time>
        <speed>0.9795164</speed>
      </trkpt>
      <trkpt lat="28.7677219" lon="119.7289483">
        <ele>253.35</ele>
        <time>2026-02-04T02:24:46Z</time>
        <speed>1.0912111</speed>
      </trkpt>
      <trkpt lat="28.7677134" lon="119.7290686">
        <ele>254.19</ele>
        <time>2026-02-04T02:24:56Z</time>
        <speed>1.124668</speed>
      </trkpt>
      <trkpt lat="28.7677056" lon="119.7291891">
        <ele>255.01</ele>
        <time>2026-02-04T02:25:06Z</time>
        <speed>1.0031936</speed>
      </trkpt>
      <trkpt lat="28.7677003" lon="119.7293039">
        <ele>255.31</ele>
        <time>2026-02-04T02:25:16Z</time>
        <speed>0.9537803</speed>
      </trkpt>
      <trkpt lat="28.7676832" lon="119.7294124">
        <ele>255.95</ele>
        <time>2026-02-04T02:25:26Z</time>
        <speed>0.9352503</speed>
      </trkpt>
      <trkpt lat="28.767669" lon="119.7295199">
        <ele>256.27</ele>
        <time>2026-02-04T02:25:36Z</time>
        <speed>1.0680486</speed>
      </trkpt>
      <trkpt lat="28.7676427" lon="119.7296225">
        <ele>256.24</ele>
        <time>2026-02-04T02:25:52Z</time>
        <speed>0.45758805</speed>
      </trkpt>
      <trkpt lat="28.7676384" lon="119.7297373">
        <ele>256.7</ele>
        <time>2026-02-04T02:26:16Z</time>
        <speed>0.54406136</speed>
      </trkpt>
      <trkpt lat="28.7676591" lon="119.7298532">
        <ele>257.26</ele>
        <time>2026-02-04T02:26:30Z</time>
        <speed>0.60171026</speed>
      </trkpt>
      <trkpt lat="28.7676443" lon="119.7299628">
        <ele>257.96</ele>
        <time>2026-02-04T02:26:42Z</time>
        <speed>0.8451739</speed>
      </trkpt>
      <trkpt lat="28.7676022" lon="119.7300761">
        <ele>258.15</ele>
        <time>2026-02-04T02:26:54Z</time>
        <speed>1.1797433</speed>
      </trkpt>
      <trkpt lat="28.7675336" lon="119.7301595">
        <ele>259.33</ele>
        <time>2026-02-04T02:27:14Z</time>
        <speed>0.7592153</speed>
      </trkpt>
      <trkpt lat="28.7674848" lon="119.7302646">
        <ele>261.3</ele>
        <time>2026-02-04T02:27:40Z</time>
        <speed>0.66193277</speed>
      </trkpt>
      <trkpt lat="28.7674922" lon="119.7303653">
        <ele>262.85</ele>
        <time>2026-02-04T02:28:00Z</time>
        <speed>0.54097307</speed>
      </trkpt>
      <trkpt lat="28.7675166" lon="119.7304679">
        <ele>264.25</ele>
        <time>2026-02-04T02:28:18Z</time>
        <speed>0.59244525</speed>
      </trkpt>
      <trkpt lat="28.7675305" lon="119.7305737">
        <ele>267.24</ele>
        <time>2026-02-04T02:28:36Z</time>
        <speed>0.9553245</speed>
      </trkpt>
      <trkpt lat="28.7675981" lon="119.730643">
        <ele>271.39</ele>
        <time>2026-02-04T02:28:50Z</time>
        <speed>1.0392241</speed>
      </trkpt>
      <trkpt lat="28.7676571" lon="119.7307277">
        <ele>275.66</ele>
        <time>2026-02-04T02:29:04Z</time>
        <speed>1.0268708</speed>
      </trkpt>
      <trkpt lat="28.7677071" lon="119.7308222">
        <ele>278.13</ele>
        <time>2026-02-04T02:29:18Z</time>
        <speed>1.1020203</speed>
      </trkpt>
      <trkpt lat="28.7677701" lon="119.7309118">
        <ele>280.22</ele>
        <time>2026-02-04T02:29:42Z</time>
        <speed>0.64700586</speed>
      </trkpt>
      <trkpt lat="28.7678413" lon="119.7309929">
        <ele>282.45</ele>
        <time>2026-02-04T02:29:56Z</time>
        <speed>0.7442883</speed>
      </trkpt>
      <trkpt lat="28.7679273" lon="119.7310383">
        <ele>284.71</ele>
        <time>2026-02-04T02:30:10Z</time>
        <speed>0.8621597</speed>
      </trkpt>
      <trkpt lat="28.7680165" lon="119.7310963">
        <ele>286.6</ele>
        <time>2026-02-04T02:30:58Z</time>
        <speed>0.8240703</speed>
      </trkpt>
      <trkpt lat="28.7681106" lon="119.731146">
        <ele>287.93</ele>
        <time>2026-02-04T02:31:22Z</time>
        <speed>0.6248728</speed>
      </trkpt>
      <trkpt lat="28.7681844" lon="119.7312144">
        <ele>292.05</ele>
        <time>2026-02-04T02:31:36Z</time>
        <speed>0.9033375</speed>
      </trkpt>
      <trkpt lat="28.7682162" lon="119.7313104">
        <ele>295.43</ele>
        <time>2026-02-04T02:31:54Z</time>
        <speed>0.6871542</speed>
      </trkpt>
      <trkpt lat="28.7682435" lon="119.7314159">
        <ele>298.68</ele>
        <time>2026-02-04T02:32:12Z</time>
        <speed>0.78443664</speed>
      </trkpt>
      <trkpt lat="28.7682542" lon="119.7315368">
        <ele>302.22</ele>
        <time>2026-02-04T02:32:26Z</time>
        <speed>0.8961314</speed>
      </trkpt>
      <trkpt lat="28.7682881" lon="119.7316367">
        <ele>305.78</ele>
        <time>2026-02-04T02:32:38Z</time>
        <speed>0.79112804</speed>
      </trkpt>
      <trkpt lat="28.768311" lon="119.7317386">
        <ele>309.62</ele>
        <time>2026-02-04T02:32:50Z</time>
        <speed>0.78392196</speed>
      </trkpt>
      <trkpt lat="28.7683545" lon="119.7318302">
        <ele>313.05</ele>
        <time>2026-02-04T02:33:16Z</time>
        <speed>0.39324778</speed>
      </trkpt>
      <trkpt lat="28.7684367" lon="119.7318817">
        <ele>315.95</ele>
        <time>2026-02-04T02:34:28Z</time>
        <speed>1.0387094</speed>
      </trkpt>
      <trkpt lat="28.7684867" lon="119.73197">
        <ele>319.16</ele>
        <time>2026-02-04T02:34:40Z</time>
        <speed>0.9167203</speed>
      </trkpt>
      <trkpt lat="28.7685367" lon="119.7320583">
        <ele>323.13</ele>
        <time>2026-02-04T02:34:52Z</time>
        <speed>1.0536364</speed>
      </trkpt>
      <trkpt lat="28.7685854" lon="119.7321492">
        <ele>327.21</ele>
        <time>2026-02-04T02:35:04Z</time>
        <speed>0.880175</speed>
      </trkpt>
      <trkpt lat="28.7686375" lon="119.7322472">
        <ele>330.99</ele>
        <time>2026-02-04T02:35:18Z</time>
        <speed>0.67531556</speed>
      </trkpt>
      <trkpt lat="28.7686908" lon="119.7323427">
        <ele>334.74</ele>
        <time>2026-02-04T02:35:30Z</time>
        <speed>1.0052525</speed>
      </trkpt>
      <trkpt lat="28.7687457" lon="119.732438">
        <ele>338.08</ele>
        <time>2026-02-04T02:35:44Z</time>
        <speed>0.70053697</speed>
      </trkpt>
      <trkpt lat="28.7687797" lon="119.7325382">
        <ele>341.18</ele>
        <time>2026-02-04T02:36:06Z</time>
        <speed>0.9980464</speed>
      </trkpt>
      <trkpt lat="28.7688335" lon="119.7326301">
        <ele>344.29</ele>
        <time>2026-02-04T02:36:24Z</time>
        <speed>0.6047986</speed>
      </trkpt>
      <trkpt lat="28.7688993" lon="119.7327137">
        <ele>347.26</ele>
        <time>2026-02-04T02:36:50Z</time>
        <speed>0.41538084</speed>
      </trkpt>
      <trkpt lat="28.768975" lon="119.732775">
        <ele>349.34</ele>
        <time>2026-02-04T02:39:06Z</time>
        <speed>0.29545057</speed>
      </trkpt>
      <trkpt lat="28.7690633" lon="119.7328067">
        <ele>352.85</ele>
        <time>2026-02-04T02:39:18Z</time>
        <speed>0.8719394</speed>
      </trkpt>
      <trkpt lat="28.7691545" lon="119.7328538">
        <ele>356.27</ele>
        <time>2026-02-04T02:39:40Z</time>
        <speed>0.45913222</speed>
      </trkpt>
      <trkpt lat="28.7692371" lon="119.7329694">
        <ele>360.97</ele>
        <time>2026-02-04T02:40:12Z</time>
        <speed>0.38089445</speed>
      </trkpt>
      <trkpt lat="28.7693021" lon="119.7330625">
        <ele>367.05</ele>
        <time>2026-02-04T02:40:32Z</time>
        <speed>0.44111696</speed>
      </trkpt>
      <trkpt lat="28.7693446" lon="119.7331615">
        <ele>372.15</ele>
        <time>2026-02-04T02:40:46Z</time>
        <speed>0.71031666</speed>
      </trkpt>
      <trkpt lat="28.7693825" lon="119.7332656">
        <ele>376.13</ele>
        <time>2026-02-04T02:41:02Z</time>
        <speed>0.5492086</speed>
      </trkpt>
      <trkpt lat="28.7694569" lon="119.7333068">
        <ele>379.3</ele>
        <time>2026-02-04T02:41:22Z</time>
        <speed>0.5136928</speed>
      </trkpt>
      <trkpt lat="28.7695459" lon="119.7333644">
        <ele>381.36</ele>
        <time>2026-02-04T02:41:36Z</time>
        <speed>0.81532</speed>
      </trkpt>
      <trkpt lat="28.7696401" lon="119.7333847">
        <ele>383.06</ele>
        <time>2026-02-04T02:42:16Z</time>
        <speed>0.40920416</speed>
      </trkpt>
      <trkpt lat="28.7697397" lon="119.7333908">
        <ele>386.65</ele>
        <time>2026-02-04T02:42:28Z</time>
        <speed>1.0515774</speed>
      </trkpt>
      <trkpt lat="28.7698027" lon="119.7334142">
        <ele>389.81</ele>
        <time>2026-02-04T02:42:52Z</time>
        <speed>0.0</speed>
      </trkpt>
      <trkpt lat="28.7698776" lon="119.7334561">
        <ele>395.18</ele>
        <time>2026-02-04T02:43:14Z</time>
        <speed>0.72369945</speed>
      </trkpt>
      <trkpt lat="28.7699398" lon="119.7335298">
        <ele>396.95</ele>
        <time>2026-02-04T02:43:28Z</time>
        <speed>0.6264169</speed>
      </trkpt>
      <trkpt lat="28.7700049" lon="119.7336055">
        <ele>400.37</ele>
        <time>2026-02-04T02:44:02Z</time>
        <speed>0.68509525</speed>
      </trkpt>
      <trkpt lat="28.7700493" lon="119.7337035">
        <ele>399.05</ele>
        <time>2026-02-04T02:44:24Z</time>
        <speed>0.7684803</speed>
      </trkpt>
      <trkpt lat="28.770084" lon="119.7338233">
        <ele>399.59</ele>
        <time>2026-02-04T02:44:36Z</time>
        <speed>1.2811437</speed>
      </trkpt>
      <trkpt lat="28.7701213" lon="119.7339355">
        <ele>401.06</ele>
        <time>2026-02-04T02:44:48Z</time>
        <speed>1.0407684</speed>
      </trkpt>
      <trkpt lat="28.7701671" lon="119.7340301">
        <ele>402.54</ele>
        <time>2026-02-04T02:45:04Z</time>
        <speed>0.6490647</speed>
      </trkpt>
      <trkpt lat="28.770219" lon="119.7341188">
        <ele>402.48</ele>
        <time>2026-02-04T02:45:22Z</time>
        <speed>0.7046547</speed>
      </trkpt>
      <trkpt lat="28.7703042" lon="119.734147">
        <ele>401.58</ele>
        <time>2026-02-04T02:45:44Z</time>
        <speed>0.0</speed>
      </trkpt>
      <trkpt lat="28.7703761" lon="119.7342201">
        <ele>401.42</ele>
        <time>2026-02-04T02:45:54Z</time>
        <speed>1.1195208</speed>
      </trkpt>
      <trkpt lat="28.7703885" lon="119.734247">
        <ele>401.88</ele>
        <time>2026-02-04T02:46:06Z</time>
        <speed>0.0</speed>
      </trkpt>
      <trkpt lat="28.7704064" lon="119.7343277">
        <ele>402.49</ele>
        <time>2026-02-04T02:46:16Z</time>
        <speed>0.9352503</speed>
      </trkpt>
      <trkpt lat="28.7704393" lon="119.7344342">
        <ele>403.92</ele>
        <time>2026-02-04T02:46:28Z</time>
        <speed>0.9352503</speed>
      </trkpt>
      <trkpt lat="28.7704577" lon="119.7345433">
        <ele>405.59</ele>
        <time>2026-02-04T02:47:12Z</time>
        <speed>0.55692947</speed>
      </trkpt>
      <trkpt lat="28.7704508" lon="119.7346648">
        <ele>406.93</ele>
        <time>2026-02-04T02:47:34Z</time>
        <speed>0.71855223</speed>
      </trkpt>
      <trkpt lat="28.7704465" lon="119.7347794">
        <ele>410.66</ele>
        <time>2026-02-04T02:47:50Z</time>
        <speed>0.0</speed>
      </trkpt>
      <trkpt lat="28.77044" lon="119.7348939">
        <ele>413.9</ele>
        <time>2026-02-04T02:48:14Z</time>
        <speed>0.49670693</speed>
      </trkpt>
      <trkpt lat="28.7704171" lon="119.7350004">
        <ele>415.97</ele>
        <time>2026-02-04T02:48:40Z</time>
        <speed>0.6181814</speed>
      </trkpt>
      <trkpt lat="28.7703939" lon="119.7351013">
        <ele>417.44</ele>
        <time>2026-02-04T02:48:50Z</time>
        <speed>0.80039304</speed>
      </trkpt>
      <trkpt lat="28.7703317" lon="119.7351904">
        <ele>418.41</ele>
        <time>2026-02-04T02:49:04Z</time>
        <speed>0.7458325</speed>
      </trkpt>
      <trkpt lat="28.7702646" lon="119.7352695">
        <ele>420.47</ele>
        <time>2026-02-04T02:49:18Z</time>
        <speed>0.90230805</speed>
      </trkpt>
      <trkpt lat="28.7701919" lon="119.7353584">
        <ele>422.81</ele>
        <time>2026-02-04T02:49:38Z</time>
        <speed>0.6480353</speed>
      </trkpt>
      <trkpt lat="28.7701226" lon="119.7354456">
        <ele>424.18</ele>
        <time>2026-02-04T02:50:02Z</time>
        <speed>0.45295554</speed>
      </trkpt>
      <trkpt lat="28.7700431" lon="119.7355021">
        <ele>424.1</ele>
        <time>2026-02-04T02:50:22Z</time>
        <speed>0.5167811</speed>
      </trkpt>
      <trkpt lat="28.7699553" lon="119.7355438">
        <ele>427.24</ele>
        <time>2026-02-04T02:50:42Z</time>
        <speed>0.49516279</speed>
      </trkpt>
      <trkpt lat="28.7698652" lon="119.7355655">
        <ele>432.13</ele>
        <time>2026-02-04T02:51:04Z</time>
        <speed>0.0</speed>
      </trkpt>
      <trkpt lat="28.7697739" lon="119.7355979">
        <ele>437.62</ele>
        <time>2026-02-04T02:51:26Z</time>
        <speed>0.30420083</speed>
      </trkpt>
      <trkpt lat="28.7696783" lon="119.7356283">
        <ele>441.91</ele>
        <time>2026-02-04T02:52:46Z</time>
        <speed>0.44780833</speed>
      </trkpt>
      <trkpt lat="28.7695283" lon="119.7356733">
        <ele>446.34</ele>
        <time>2026-02-04T02:53:52Z</time>
        <speed>0.0</speed>
      </trkpt>
      <trkpt lat="28.7694683" lon="119.7357617">
        <ele>453.89</ele>
        <time>2026-02-04T02:54:20Z</time>
        <speed>0.54148775</speed>
      </trkpt>
      <trkpt lat="28.7693801" lon="119.7357499">
        <ele>460.82</ele>
        <time>2026-02-04T02:55:18Z</time>
        <speed>0.35721722</speed>
      </trkpt>
      <trkpt lat="28.7692895" lon="119.7357512">
        <ele>465.8</ele>
        <time>2026-02-04T02:55:54Z</time>
        <speed>0.0</speed>
      </trkpt>
      <trkpt lat="28.7692" lon="119.735775">
        <ele>469.16</ele>
        <time>2026-02-04T02:56:56Z</time>
        <speed>0.5245019</speed>
      </trkpt>
      <trkpt lat="28.7691333" lon="119.7358483">
        <ele>473.22</ele>
        <time>2026-02-04T02:57:48Z</time>
        <speed>0.38346806</speed>
      </trkpt>
      <trkpt lat="28.7691569" lon="119.7359499">
        <ele>479.71</ele>
        <time>2026-02-04T02:58:26Z</time>
        <speed>0.35052583</speed>
      </trkpt>
      <trkpt lat="28.7690717" lon="119.735995">
        <ele>484.18</ele>
        <time>2026-02-04T03:00:16Z</time>
        <speed>0.23831639</speed>
      </trkpt>
      <trkpt lat="28.7689767" lon="119.736015">
        <ele>489.65</ele>
        <time>2026-02-04T03:02:02Z</time>
        <speed>0.76127416</speed>
      </trkpt>
      <trkpt lat="28.7689817" lon="119.7361217">
        <ele>496.51</ele>
        <time>2026-02-04T03:03:20Z</time>
        <speed>0.46582362</speed>
      </trkpt>
      <trkpt lat="28.7689117" lon="119.7361933">
        <ele>504.89</ele>
        <time>2026-02-04T03:04:36Z</time>
        <speed>0.0</speed>
      </trkpt>
      <trkpt lat="28.76883" lon="119.7362367">
        <ele>511.78</ele>
        <time>2026-02-04T03:05:20Z</time>
        <speed>0.0</speed>
      </trkpt>
      <trkpt lat="28.768745" lon="119.7363117">
        <ele>518.11</ele>
        <time>2026-02-04T03:06:24Z</time>
        <speed>0.33251056</speed>
      </trkpt>
      <trkpt lat="28.7686067" lon="119.7364">
        <ele>525.55</ele>
        <time>2026-02-04T03:08:48Z</time>
        <speed>0.23831639</speed>
      </trkpt>
      <trkpt lat="28.768495" lon="119.7364167">
        <ele>536.15</ele>
        <time>2026-02-04T03:09:56Z</time>
        <speed>0.46273527</speed>
      </trkpt>
      <trkpt lat="28.7684017" lon="119.7364367">
        <ele>544.09</ele>
        <time>2026-02-04T03:11:48Z</time>
        <speed>0.0</speed>
      </trkpt>
      <trkpt lat="28.7683283" lon="119.7365017">
        <ele>553.08</ele>
        <time>2026-02-04T03:13:16Z</time>
        <speed>0.0</speed>
      </trkpt>
      <trkpt lat="28.76824" lon="119.736475">
        <ele>564.1</ele>
        <time>2026-02-04T03:15:14Z</time>
        <speed>0.24603721</speed>
      </trkpt>
      <trkpt lat="28.76816" lon="119.7365433">
        <ele>573.61</ele>
        <time>2026-02-04T03:16:08Z</time>
        <speed>0.3911889</speed>
      </trkpt>
      <trkpt lat="28.768065" lon="119.7365767">
        <ele>582.04</ele>
        <time>2026-02-04T03:19:40Z</time>
        <speed>0.29750943</speed>
      </trkpt>
      <trkpt lat="28.7681033" lon="119.736675">
        <ele>591.14</ele>
        <time>2026-02-04T03:25:00Z</time>
        <speed>0.32478973</speed>
      </trkpt>
      <trkpt lat="28.7681183" lon="119.7367817">
        <ele>598.69</ele>
        <time>2026-02-04T03:25:18Z</time>
        <speed>0.46016166</speed>
      </trkpt>
      <trkpt lat="28.7681009" lon="119.7368827">
        <ele>603.77</ele>
        <time>2026-02-04T03:25:42Z</time>
        <speed>0.40663055</speed>
      </trkpt>
      <trkpt lat="28.7680867" lon="119.7369943">
        <ele>607.78</ele>
        <time>2026-02-04T03:26:32Z</time>
        <speed>0.34846693</speed>
      </trkpt>
      <trkpt lat="28.7680772" lon="119.7371393">
        <ele>609.3</ele>
        <time>2026-02-04T03:27:24Z</time>
        <speed>0.35824665</speed>
      </trkpt>
      <trkpt lat="28.7680821" lon="119.7372598">
        <ele>607.32</ele>
        <time>2026-02-04T03:27:46Z</time>
        <speed>0.43699917</speed>
      </trkpt>
      <trkpt lat="28.7680862" lon="119.7373731">
        <ele>605.2</ele>
        <time>2026-02-04T03:28:14Z</time>
        <speed>0.0</speed>
      </trkpt>
      <trkpt lat="28.7681305" lon="119.7374703">
        <ele>601.8</ele>
        <time>2026-02-04T03:28:52Z</time>
        <speed>0.35927612</speed>
      </trkpt>
      <trkpt lat="28.7682067" lon="119.7375383">
        <ele>597.89</ele>
        <time>2026-02-04T03:30:20Z</time>
        <speed>0.51986945</speed>
      </trkpt>
      <trkpt lat="28.7682333" lon="119.737665">
        <ele>594.88</ele>
        <time>2026-02-04T03:30:44Z</time>
        <speed>0.27177334</speed>
      </trkpt>
      <trkpt lat="28.7682713" lon="119.7377691">
        <ele>592.74</ele>
        <time>2026-02-04T03:31:10Z</time>
        <speed>0.56001776</speed>
      </trkpt>
      <trkpt lat="28.7682688" lon="119.7378718">
        <ele>590.14</ele>
        <time>2026-02-04T03:31:30Z</time>
        <speed>0.5502381</speed>
      </trkpt>
      <trkpt lat="28.7682737" lon="119.7379764">
        <ele>589.31</ele>
        <time>2026-02-04T03:32:08Z</time>
        <speed>0.4771475</speed>
      </trkpt>
      <trkpt lat="28.7683312" lon="119.7380746">
        <ele>588.4</ele>
        <time>2026-02-04T03:32:44Z</time>
        <speed>0.0</speed>
      </trkpt>
      <trkpt lat="28.7683948" lon="119.7381668">
        <ele>588.36</ele>
        <time>2026-02-04T03:33:12Z</time>
        <speed>0.34229028</speed>
      </trkpt>
      <trkpt lat="28.7684518" lon="119.7382624">
        <ele>589.32</ele>
        <time>2026-02-04T03:33:28Z</time>
        <speed>0.6068575</speed>
      </trkpt>
      <trkpt lat="28.7685322" lon="119.7383172">
        <ele>590.47</ele>
        <time>2026-02-04T03:33:44Z</time>
        <speed>0.49516279</speed>
      </trkpt>
      <trkpt lat="28.7686282" lon="119.7383285">
        <ele>592.16</ele>
        <time>2026-02-04T03:34:02Z</time>
        <speed>0.42310166</speed>
      </trkpt>
      <trkpt lat="28.7687307" lon="119.7383198">
        <ele>594.24</ele>
        <time>2026-02-04T03:34:18Z</time>
        <speed>0.5075161</speed>
      </trkpt>
      <trkpt lat="28.7688265" lon="119.7382837">
        <ele>597.28</ele>
        <time>2026-02-04T03:34:34Z</time>
        <speed>0.5322228</speed>
      </trkpt>
      <trkpt lat="28.7689186" lon="119.7382957">
        <ele>600.21</ele>
        <time>2026-02-04T03:34:56Z</time>
        <speed>0.61097527</speed>
      </trkpt>
      <trkpt lat="28.7690115" lon="119.7383258">
        <ele>602.49</ele>
        <time>2026-02-04T03:35:12Z</time>
        <speed>0.55692947</speed>
      </trkpt>
      <trkpt lat="28.7691048" lon="119.7383628">
        <ele>603.4</ele>
        <time>2026-02-04T03:35:30Z</time>
        <speed>0.6320789</speed>
      </trkpt>
      <trkpt lat="28.7691832" lon="119.7384247">
        <ele>603.66</ele>
        <time>2026-02-04T03:35:44Z</time>
        <speed>0.7000222</speed>
      </trkpt>
      <trkpt lat="28.769256" lon="119.7384944">
        <ele>604.75</ele>
        <time>2026-02-04T03:36:04Z</time>
        <speed>0.53325224</speed>
      </trkpt>
      <trkpt lat="28.7693453" lon="119.7384873">
        <ele>606.06</ele>
        <time>2026-02-04T03:36:24Z</time>
        <speed>0.6068575</speed>
      </trkpt>
      <trkpt lat="28.7694386" lon="119.7384783">
        <ele>607.84</ele>
        <time>2026-02-04T03:36:42Z</time>
        <speed>0.47405916</speed>
      </trkpt>
      <trkpt lat="28.7695293" lon="119.7384519">
        <ele>608.47</ele>
        <time>2026-02-04T03:36:58Z</time>
        <speed>0.5435467</speed>
      </trkpt>
      <trkpt lat="28.7696097" lon="119.7383936">
        <ele>608.96</ele>
        <time>2026-02-04T03:37:22Z</time>
        <speed>0.453985</speed>
      </trkpt>
      <trkpt lat="28.7696825" lon="119.738318">
        <ele>610.18</ele>
        <time>2026-02-04T03:37:40Z</time>
        <speed>0.52501667</speed>
      </trkpt>
      <trkpt lat="28.7697918" lon="119.738274">
        <ele>611.91</ele>
        <time>2026-02-04T03:38:18Z</time>
        <speed>0.32478973</speed>
      </trkpt>
      <trkpt lat="28.7698901" lon="119.7382903">
        <ele>612.98</ele>
        <time>2026-02-04T03:38:40Z</time>
        <speed>0.40766</speed>
      </trkpt>
      <trkpt lat="28.7699777" lon="119.7383382">
        <ele>614.92</ele>
        <time>2026-02-04T03:39:00Z</time>
        <speed>0.63259363</speed>
      </trkpt>
      <trkpt lat="28.7700323" lon="119.7384267">
        <ele>616.59</ele>
        <time>2026-02-04T03:39:24Z</time>
        <speed>0.46685305</speed>
      </trkpt>
      <trkpt lat="28.7700879" lon="119.7385276">
        <ele>619.69</ele>
        <time>2026-02-04T03:39:50Z</time>
        <speed>0.4581028</speed>
      </trkpt>
      <trkpt lat="28.7701496" lon="119.7386127">
        <ele>623.31</ele>
        <time>2026-02-04T03:40:08Z</time>
        <speed>0.0</speed>
      </trkpt>
      <trkpt lat="28.7702334" lon="119.738649">
        <ele>626.1</ele>
        <time>2026-02-04T03:40:36Z</time>
        <speed>0.0</speed>
      </trkpt>
      <trkpt lat="28.7703091" lon="119.7387045">
        <ele>629.37</ele>
        <time>2026-02-04T03:41:02Z</time>
        <speed>0.52501667</speed>
      </trkpt>
      <trkpt lat="28.7703934" lon="119.7387429">
        <ele>631.88</ele>
        <time>2026-02-04T03:41:34Z</time>
        <speed>0.0</speed>
      </trkpt>
      <trkpt lat="28.7704844" lon="119.738754">
        <ele>635.93</ele>
        <time>2026-02-04T03:42:14Z</time>
        <speed>0.41641027</speed>
      </trkpt>
      <trkpt lat="28.770551" lon="119.73882">
        <ele>641.85</ele>
        <time>2026-02-04T03:43:12Z</time>
        <speed>0.37883556</speed>
      </trkpt>
      <trkpt lat="28.770623" lon="119.7388856">
        <ele>643.21</ele>
        <time>2026-02-04T03:43:34Z</time>
        <speed>0.48538306</speed>
      </trkpt>
      <trkpt lat="28.7706968" lon="119.7389479">
        <ele>643.2</ele>
        <time>2026-02-04T03:43:52Z</time>
        <speed>0.43185195</speed>
      </trkpt>
      <trkpt lat="28.770794" lon="119.7390418">
        <ele>642.47</ele>
        <time>2026-02-04T03:44:32Z</time>
        <speed>0.33920196</speed>
      </trkpt>
      <trkpt lat="28.7708922" lon="119.7390955">
        <ele>640.33</ele>
        <time>2026-02-04T03:44:56Z</time>
        <speed>0.41641027</speed>
      </trkpt>
      <trkpt lat="28.7709671" lon="119.7391727">
        <ele>639.07</ele>
        <time>2026-02-04T03:45:16Z</time>
        <speed>0.4143514</speed>
      </trkpt>
      <trkpt lat="28.7710489" lon="119.7392233">
        <ele>637.92</ele>
        <time>2026-02-04T03:45:36Z</time>
        <speed>0.0</speed>
      </trkpt>
      <trkpt lat="28.7711204" lon="119.7392912">
        <ele>637.1</ele>
        <time>2026-02-04T03:46:10Z</time>
        <speed>0.50236887</speed>
      </trkpt>
      <trkpt lat="28.7711744" lon="119.7393789">
        <ele>636.06</ele>
        <time>2026-02-04T03:46:52Z</time>
        <speed>0.38089445</speed>
      </trkpt>
      <trkpt lat="28.77116" lon="119.73958">
        <ele>636.38</ele>
        <time>2026-02-04T03:48:34Z</time>
        <speed>0.22544834</speed>
      </trkpt>
      <trkpt lat="28.77119" lon="119.7397467">
        <ele>644.95</ele>
        <time>2026-02-04T03:50:22Z</time>
        <speed>0.20743306</speed>
      </trkpt>
      <trkpt lat="28.7711917" lon="119.7398517">
        <ele>653.66</ele>
        <time>2026-02-04T03:51:16Z</time>
        <speed>0.5404583</speed>
      </trkpt>
      <trkpt lat="28.77127" lon="119.73991">
        <ele>660.82</ele>
        <time>2026-02-04T03:57:06Z</time>
        <speed>0.47611806</speed>
      </trkpt>
      <trkpt lat="28.77132" lon="119.74">
        <ele>667.95</ele>
        <time>2026-02-04T04:00:30Z</time>
        <speed>0.5605325</speed>
      </trkpt>
      <trkpt lat="28.77137" lon="119.7400867">
        <ele>675.76</ele>
        <time>2026-02-04T04:00:44Z</time>
        <speed>0.68561</speed>
      </trkpt>
      <trkpt lat="28.7714609" lon="119.7400986">
        <ele>681.37</ele>
        <time>2026-02-04T04:01:12Z</time>
        <speed>0.44163167</speed>
      </trkpt>
      <trkpt lat="28.7715513" lon="119.7401166">
        <ele>686.03</ele>
        <time>2026-02-04T04:02:08Z</time>
        <speed>0.6094311</speed>
      </trkpt>
      <trkpt lat="28.7716706" lon="119.7400897">
        <ele>689.33</ele>
        <time>2026-02-04T04:02:46Z</time>
        <speed>0.3659675</speed>
      </trkpt>
      <trkpt lat="28.7717961" lon="119.7400975">
        <ele>693.53</ele>
        <time>2026-02-04T04:03:32Z</time>
        <speed>0.29596528</speed>
      </trkpt>
      <trkpt lat="28.7719018" lon="119.7401072">
        <ele>698.03</ele>
        <time>2026-02-04T04:04:00Z</time>
        <speed>0.5301639</speed>
      </trkpt>
      <trkpt lat="28.7719383" lon="119.7400117">
        <ele>701.16</ele>
        <time>2026-02-04T04:05:44Z</time>
        <speed>0.34383443</speed>
      </trkpt>
      <trkpt lat="28.7719433" lon="119.7398833">
        <ele>706.77</ele>
        <time>2026-02-04T04:06:00Z</time>
        <speed>0.5136928</speed>
      </trkpt>
      <trkpt lat="28.7719469" lon="119.7397762">
        <ele>710.91</ele>
        <time>2026-02-04T04:06:10Z</time>
        <speed>0.91157305</speed>
      </trkpt>
      <trkpt lat="28.7719783" lon="119.7396683">
        <ele>712.97</ele>
        <time>2026-02-04T04:16:58Z</time>
        <speed>0.9470889</speed>
      </trkpt>
      <trkpt lat="28.7720033" lon="119.7395617">
        <ele>709.28</ele>
        <time>2026-02-04T04:17:12Z</time>
        <speed>0.7633331</speed>
      </trkpt>
      <trkpt lat="28.7719804" lon="119.7396468">
        <ele>706.58</ele>
        <time>2026-02-04T04:17:40Z</time>
        <speed>0.74634725</speed>
      </trkpt>
      <trkpt lat="28.7719374" lon="119.7397582">
        <ele>705.3</ele>
        <time>2026-02-04T04:18:22Z</time>
        <speed>1.1256975</speed>
      </trkpt>
      <trkpt lat="28.7719468" lon="119.7397119">
        <ele>705.39</ele>
        <time>2026-02-04T04:18:44Z</time>
        <speed>0.7756864</speed>
      </trkpt>
      <trkpt lat="28.7719187" lon="119.739767">
        <ele>704.53</ele>
        <time>2026-02-04T04:19:06Z</time>
        <speed>1.2260684</speed>
      </trkpt>
      <trkpt lat="28.7719468" lon="119.7397076">
        <ele>705.16</ele>
        <time>2026-02-04T04:19:24Z</time>
        <speed>1.1715078</speed>
      </trkpt>
      <trkpt lat="28.7719941" lon="119.7396099">
        <ele>706.81</ele>
        <time>2026-02-04T04:19:36Z</time>
        <speed>0.7741422</speed>
      </trkpt>
      <trkpt lat="28.7720184" lon="119.7394967">
        <ele>706.12</ele>
        <time>2026-02-04T04:20:08Z</time>
        <speed>0.5785478</speed>
      </trkpt>
      <trkpt lat="28.772047" lon="119.7393889">
        <ele>703.53</ele>
        <time>2026-02-04T04:20:24Z</time>
        <speed>0.6737714</speed>
      </trkpt>
      <trkpt lat="28.7720746" lon="119.7392763">
        <ele>702.66</ele>
        <time>2026-02-04T04:21:00Z</time>
        <speed>0.31861305</speed>
      </trkpt>
      <trkpt lat="28.7721333" lon="119.7391817">
        <ele>705.08</ele>
        <time>2026-02-04T04:22:36Z</time>
        <speed>0.3500111</speed>
      </trkpt>
      <trkpt lat="28.77218" lon="119.7390867">
        <ele>708.75</ele>
        <time>2026-02-04T04:23:30Z</time>
        <speed>0.47560334</speed>
      </trkpt>
      <trkpt lat="28.7722633" lon="119.7390678">
        <ele>713.42</ele>
        <time>2026-02-04T04:23:52Z</time>
        <speed>1.2327597</speed>
      </trkpt>
      <trkpt lat="28.7722618" lon="119.739065">
        <ele>719.22</ele>
        <time>2026-02-04T04:24:00Z</time>
        <speed>0.0</speed>
      </trkpt>
      <trkpt lat="28.7721517" lon="119.7390733">
        <ele>722.82</ele>
        <time>2026-02-04T04:50:32Z</time>
        <speed>0.21258028</speed>
      </trkpt>
      <trkpt lat="28.772145" lon="119.73923">
        <ele>718.43</ele>
        <time>2026-02-04T04:54:10Z</time>
        <speed>0.36390862</speed>
      </trkpt>
      <trkpt lat="28.7721017" lon="119.739325">
        <ele>715.4</ele>
        <time>2026-02-04T04:54:42Z</time>
        <speed>0.33714306</speed>
      </trkpt>
      <trkpt lat="28.7720569" lon="119.73942">
        <ele>713.42</ele>
        <time>2026-02-04T04:55:02Z</time>
        <speed>0.64855</speed>
      </trkpt>
      <trkpt lat="28.7721161" lon="119.7394237">
        <ele>709.15</ele>
        <time>2026-02-04T04:55:44Z</time>
        <speed>1.7541733</speed>
      </trkpt>
      <trkpt lat="28.772184" lon="119.7393938">
        <ele>705.65</ele>
        <time>2026-02-04T04:56:30Z</time>
        <speed>0.0</speed>
      </trkpt>
      <trkpt lat="28.7723217" lon="119.7393483">
        <ele>701.88</ele>
        <time>2026-02-04T04:58:20Z</time>
        <speed>0.13537194</speed>
      </trkpt>
      <trkpt lat="28.7723683" lon="119.73926">
        <ele>697.29</ele>
        <time>2026-02-04T04:59:20Z</time>
        <speed>0.0</speed>
      </trkpt>
      <trkpt lat="28.7724567" lon="119.7392167">
        <ele>691.44</ele>
        <time>2026-02-04T05:00:08Z</time>
        <speed>0.38140917</speed>
      </trkpt>
      <trkpt lat="28.772535" lon="119.7391483">
        <ele>686.65</ele>
        <time>2026-02-04T05:02:50Z</time>
        <speed>0.40920416</speed>
      </trkpt>
      <trkpt lat="28.772625" lon="119.7391017">
        <ele>678.8</ele>
        <time>2026-02-04T05:04:46Z</time>
        <speed>0.31706887</speed>
      </trkpt>
      <trkpt lat="28.7727167" lon="119.7391033">
        <ele>674.33</ele>
        <time>2026-02-04T05:05:34Z</time>
        <speed>0.0</speed>
      </trkpt>
      <trkpt lat="28.7728069" lon="119.7390824">
        <ele>671.73</ele>
        <time>2026-02-04T05:05:56Z</time>
        <speed>0.47869167</speed>
      </trkpt>
      <trkpt lat="28.7728969" lon="119.7390756">
        <ele>669.78</ele>
        <time>2026-02-04T05:06:24Z</time>
        <speed>0.5486939</speed>
      </trkpt>
      <trkpt lat="28.7729881" lon="119.7390667">
        <ele>667.08</ele>
        <time>2026-02-04T05:06:54Z</time>
        <speed>0.6073722</speed>
      </trkpt>
      <trkpt lat="28.7730835" lon="119.7390444">
        <ele>667.86</ele>
        <time>2026-02-04T05:07:12Z</time>
        <speed>0.68561</speed>
      </trkpt>
      <trkpt lat="28.7731779" lon="119.739001">
        <ele>669.13</ele>
        <time>2026-02-04T05:07:38Z</time>
        <speed>0.4421464</speed>
      </trkpt>
      <trkpt lat="28.7732641" lon="119.7389519">
        <ele>671.91</ele>
        <time>2026-02-04T05:08:04Z</time>
        <speed>0.4400875</speed>
      </trkpt>
      <trkpt lat="28.7732935" lon="119.7388533">
        <ele>676.77</ele>
        <time>2026-02-04T05:08:40Z</time>
        <speed>0.40405694</speed>
      </trkpt>
      <trkpt lat="28.7733726" lon="119.7387754">
        <ele>680.14</ele>
        <time>2026-02-04T05:09:08Z</time>
        <speed>0.2939064</speed>
      </trkpt>
      <trkpt lat="28.7733329" lon="119.7386946">
        <ele>681.97</ele>
        <time>2026-02-04T05:09:34Z</time>
        <speed>1.1596692</speed>
      </trkpt>
      <trkpt lat="28.773309" lon="119.738666">
        <ele>685.81</ele>
        <time>2026-02-04T05:09:56Z</time>
        <speed>0.0</speed>
      </trkpt>
      <trkpt lat="28.773385" lon="119.7387333">
        <ele>690.24</ele>
        <time>2026-02-04T05:14:18Z</time>
        <speed>0.25993472</speed>
      </trkpt>
      <trkpt lat="28.773465" lon="119.73878">
        <ele>689.96</ele>
        <time>2026-02-04T05:14:32Z</time>
        <speed>0.5018542</speed>
      </trkpt>
      <trkpt lat="28.7735478" lon="119.7388323">
        <ele>689.25</ele>
        <time>2026-02-04T05:14:44Z</time>
        <speed>0.79473114</speed>
      </trkpt>
      <trkpt lat="28.7736401" lon="119.7388676">
        <ele>688.84</ele>
        <time>2026-02-04T05:15:00Z</time>
        <speed>0.66193277</speed>
      </trkpt>
      <trkpt lat="28.7737317" lon="119.7388374">
        <ele>689.64</ele>
        <time>2026-02-04T05:15:14Z</time>
        <speed>0.81223166</speed>
      </trkpt>
      <trkpt lat="28.7738364" lon="119.7388391">
        <ele>689.67</ele>
        <time>2026-02-04T05:15:32Z</time>
        <speed>0.71855223</speed>
      </trkpt>
      <trkpt lat="28.7739319" lon="119.738865">
        <ele>688.13</ele>
        <time>2026-02-04T05:15:48Z</time>
        <speed>0.55744416</speed>
      </trkpt>
      <trkpt lat="28.7740232" lon="119.7389088">
        <ele>687.3</ele>
        <time>2026-02-04T05:16:22Z</time>
        <speed>0.29802418</speed>
      </trkpt>
      <trkpt lat="28.7741192" lon="119.7389394">
        <ele>687.6</ele>
        <time>2026-02-04T05:16:34Z</time>
        <speed>0.59296</speed>
      </trkpt>
      <trkpt lat="28.7742085" lon="119.7389785">
        <ele>686.78</ele>
        <time>2026-02-04T05:16:56Z</time>
        <speed>0.22647777</speed>
      </trkpt>
      <trkpt lat="28.7743027" lon="119.7389893">
        <ele>684.98</ele>
        <time>2026-02-04T05:17:38Z</time>
        <speed>0.398395</speed>
      </trkpt>
      <trkpt lat="28.7743702" lon="119.7390557">
        <ele>680.99</ele>
        <time>2026-02-04T05:18:00Z</time>
        <speed>0.39530668</speed>
      </trkpt>
      <trkpt lat="28.7744478" lon="119.7391098">
        <ele>677.55</ele>
        <time>2026-02-04T05:18:12Z</time>
        <speed>0.56001776</speed>
      </trkpt>
      <trkpt lat="28.7745381" lon="119.7391445">
        <ele>675.72</ele>
        <time>2026-02-04T05:18:28Z</time>
        <speed>0.6130342</speed>
      </trkpt>
      <trkpt lat="28.7746294" lon="119.7391891">
        <ele>674.72</ele>
        <time>2026-02-04T05:18:44Z</time>
        <speed>0.6197256</speed>
      </trkpt>
      <trkpt lat="28.7747243" lon="119.7392156">
        <ele>674.41</ele>
        <time>2026-02-04T05:19:04Z</time>
        <speed>0.54097307</speed>
      </trkpt>
      <trkpt lat="28.7748189" lon="119.7392227">
        <ele>674.92</ele>
        <time>2026-02-04T05:19:20Z</time>
        <speed>0.51986945</speed>
      </trkpt>
      <trkpt lat="28.7749254" lon="119.7392324">
        <ele>675.9</ele>
        <time>2026-02-04T05:19:36Z</time>
        <speed>1.0222384</speed>
      </trkpt>
      <trkpt lat="28.7749798" lon="119.7392484">
        <ele>675.94</ele>
        <time>2026-02-04T05:20:28Z</time>
        <speed>0.0</speed>
      </trkpt>
      <trkpt lat="28.7750557" lon="119.7392762">
        <ele>674.89</ele>
        <time>2026-02-04T05:20:48Z</time>
        <speed>0.0</speed>
      </trkpt>
      <trkpt lat="28.7751457" lon="119.7392969">
        <ele>675.41</ele>
        <time>2026-02-04T05:21:20Z</time>
        <speed>0.69693387</speed>
      </trkpt>
      <trkpt lat="28.77524" lon="119.73928">
        <ele>677.69</ele>
        <time>2026-02-04T05:22:38Z</time>
        <speed>0.24861084</speed>
      </trkpt>
      <trkpt lat="28.7753" lon="119.7393617">
        <ele>680.96</ele>
        <time>2026-02-04T05:24:48Z</time>
        <speed>1.078343</speed>
      </trkpt>
      <trkpt lat="28.77527" lon="119.7393583">
        <ele>680.2</ele>
        <time>2026-02-04T05:25:04Z</time>
        <speed>0.0</speed>
      </trkpt>
      <trkpt lat="28.7753401" lon="119.7393818">
        <ele>679.47</ele>
        <time>2026-02-04T05:25:18Z</time>
        <speed>0.6809775</speed>
      </trkpt>
      <trkpt lat="28.7752783" lon="119.739335">
        <ele>680.56</ele>
        <time>2026-02-04T05:26:30Z</time>
        <speed>0.85238</speed>
      </trkpt>
      <trkpt lat="28.7752783" lon="119.739335">
        <ele>680.56</ele>
        <time>2026-02-04T05:28:12Z</time>
        <speed>0.85238</speed>
      </trkpt>
      <extensions>
        <PauseTimes>1770182892000:pause</PauseTimes>
      </extensions>
    </trkseg>
  </trk>
  <trk>
    <trkseg>
      <trkpt lat="28.7755333" lon="119.7393467">
        <ele>684.02</ele>
        <time>2026-02-04T05:33:18Z</time>
        <speed>0.40868944</speed>
      </trkpt>
      <trkpt lat="28.7755333" lon="119.7393467">
        <ele>684.02</ele>
        <time>2026-02-04T05:33:42Z</time>
        <speed>0.40868944</speed>
      </trkpt>
      <trkpt lat="28.7756258" lon="119.7393151">
        <ele>692.01</ele>
        <time>2026-02-04T05:34:16Z</time>
        <speed>0.67943335</speed>
      </trkpt>
      <trkpt lat="28.7757187" lon="119.7392953">
        <ele>695.06</ele>
        <time>2026-02-04T05:34:48Z</time>
        <speed>0.49928054</speed>
      </trkpt>
      <trkpt lat="28.7758128" lon="119.7392728">
        <ele>699.85</ele>
        <time>2026-02-04T05:35:22Z</time>
        <speed>0.0</speed>
      </trkpt>
      <trkpt lat="28.77589" lon="119.73921">
        <ele>705.34</ele>
        <time>2026-02-04T05:36:28Z</time>
        <speed>0.0</speed>
      </trkpt>
      <trkpt lat="28.7759583" lon="119.73914">
        <ele>709.32</ele>
        <time>2026-02-04T05:36:56Z</time>
        <speed>0.0</speed>
      </trkpt>
      <trkpt lat="28.7758913" lon="119.7391109">
        <ele>714.77</ele>
        <time>2026-02-04T05:37:36Z</time>
        <speed>0.64752054</speed>
      </trkpt>
      <trkpt lat="28.775799" lon="119.7390852">
        <ele>718.61</ele>
        <time>2026-02-04T05:37:48Z</time>
        <speed>0.8009078</speed>
      </trkpt>
      <trkpt lat="28.7756993" lon="119.739057">
        <ele>720.97</ele>
        <time>2026-02-04T05:38:00Z</time>
        <speed>0.78649557</speed>
      </trkpt>
      <trkpt lat="28.7755984" lon="119.7390234">
        <ele>722.02</ele>
        <time>2026-02-04T05:38:16Z</time>
        <speed>0.75149447</speed>
      </trkpt>
      <trkpt lat="28.7756833" lon="119.73906">
        <ele>720.81</ele>
        <time>2026-02-04T05:39:32Z</time>
        <speed>0.58060664</speed>
      </trkpt>
      <trkpt lat="28.775795" lon="119.739075">
        <ele>721.79</ele>
        <time>2026-02-04T05:39:48Z</time>
        <speed>0.67788917</speed>
      </trkpt>
      <trkpt lat="28.7758869" lon="119.7390942">
        <ele>723.0</ele>
        <time>2026-02-04T05:40:10Z</time>
        <speed>0.42773417</speed>
      </trkpt>
      <trkpt lat="28.7759766" lon="119.7391039">
        <ele>723.73</ele>
        <time>2026-02-04T05:40:30Z</time>
        <speed>0.3844975</speed>
      </trkpt>
      <trkpt lat="28.7760656" lon="119.7391194">
        <ele>724.02</ele>
        <time>2026-02-04T05:41:00Z</time>
        <speed>0.5085456</speed>
      </trkpt>
      <trkpt lat="28.776157" lon="119.7391372">
        <ele>723.37</ele>
        <time>2026-02-04T05:41:24Z</time>
        <speed>0.5445761</speed>
      </trkpt>
      <trkpt lat="28.7762435" lon="119.7391746">
        <ele>722.26</ele>
        <time>2026-02-04T05:41:48Z</time>
        <speed>0.7623036</speed>
      </trkpt>
      <trkpt lat="28.7763332" lon="119.7392102">
        <ele>721.55</ele>
        <time>2026-02-04T05:42:24Z</time>
        <speed>0.43648446</speed>
      </trkpt>
      <trkpt lat="28.7764295" lon="119.7392151">
        <ele>720.71</ele>
        <time>2026-02-04T05:42:52Z</time>
        <speed>0.46170583</speed>
      </trkpt>
      <trkpt lat="28.7765243" lon="119.7392146">
        <ele>723.67</ele>
        <time>2026-02-04T05:43:32Z</time>
        <speed>0.56001776</speed>
      </trkpt>
      <trkpt lat="28.7765932" lon="119.7391497">
        <ele>727.17</ele>
        <time>2026-02-04T05:43:50Z</time>
        <speed>0.58266556</speed>
      </trkpt>
      <trkpt lat="28.7766287" lon="119.7390484">
        <ele>728.77</ele>
        <time>2026-02-04T05:44:38Z</time>
        <speed>0.49670693</speed>
      </trkpt>
      <trkpt lat="28.7766935" lon="119.7389819">
        <ele>729.73</ele>
        <time>2026-02-04T05:45:36Z</time>
        <speed>0.5785478</speed>
      </trkpt>
      <trkpt lat="28.77679" lon="119.73895">
        <ele>729.67</ele>
        <time>2026-02-04T05:46:50Z</time>
        <speed>0.3958214</speed>
      </trkpt>
      <trkpt lat="28.77687" lon="119.7388867">
        <ele>725.08</ele>
        <time>2026-02-04T05:48:18Z</time>
        <speed>0.4678825</speed>
      </trkpt>
      <trkpt lat="28.7769417" lon="119.7388217">
        <ele>718.81</ele>
        <time>2026-02-04T05:49:12Z</time>
        <speed>0.1806675</speed>
      </trkpt>
      <trkpt lat="28.7769724" lon="119.7387271">
        <ele>712.53</ele>
        <time>2026-02-04T05:49:52Z</time>
        <speed>0.0</speed>
      </trkpt>
      <trkpt lat="28.777023" lon="119.7386375">
        <ele>706.88</ele>
        <time>2026-02-04T05:50:08Z</time>
        <speed>0.79112804</speed>
      </trkpt>
      <trkpt lat="28.7770619" lon="119.7385418">
        <ele>701.73</ele>
        <time>2026-02-04T05:50:48Z</time>
        <speed>0.5353111</speed>
      </trkpt>
      <trkpt lat="28.7771129" lon="119.7384442">
        <ele>699.05</ele>
        <time>2026-02-04T05:51:02Z</time>
        <speed>0.72781724</speed>
      </trkpt>
      <trkpt lat="28.7771401" lon="119.7383414">
        <ele>698.68</ele>
        <time>2026-02-04T05:51:16Z</time>
        <speed>0.5044278</speed>
      </trkpt>
      <trkpt lat="28.7771695" lon="119.7382334">
        <ele>699.59</ele>
        <time>2026-02-04T05:51:36Z</time>
        <speed>0.5631061</speed>
      </trkpt>
      <trkpt lat="28.7772334" lon="119.7381615">
        <ele>699.64</ele>
        <time>2026-02-04T05:52:02Z</time>
        <speed>0.42721945</speed>
      </trkpt>
      <trkpt lat="28.7773167" lon="119.7381159">
        <ele>699.06</ele>
        <time>2026-02-04T05:52:26Z</time>
        <speed>0.342805</speed>
      </trkpt>
      <trkpt lat="28.7774233" lon="119.7381117">
        <ele>697.87</ele>
        <time>2026-02-04T05:53:48Z</time>
        <speed>0.33662835</speed>
      </trkpt>
      <trkpt lat="28.7775083" lon="119.7380683">
        <ele>693.37</ele>
        <time>2026-02-04T05:54:04Z</time>
        <speed>0.6372261</speed>
      </trkpt>
      <trkpt lat="28.7775835" lon="119.7379996">
        <ele>689.9</ele>
        <time>2026-02-04T05:54:18Z</time>
        <speed>0.69796336</speed>
      </trkpt>
      <trkpt lat="28.7776723" lon="119.7379547">
        <ele>686.63</ele>
        <time>2026-02-04T05:54:38Z</time>
        <speed>0.6511236</speed>
      </trkpt>
      <trkpt lat="28.777734" lon="119.7378795">
        <ele>684.08</ele>
        <time>2026-02-04T05:54:52Z</time>
        <speed>0.8693658</speed>
      </trkpt>
      <trkpt lat="28.7777994" lon="119.737798">
        <ele>682.75</ele>
        <time>2026-02-04T05:55:06Z</time>
        <speed>0.7823778</speed>
      </trkpt>
      <trkpt lat="28.7778698" lon="119.7377279">
        <ele>682.0</ele>
        <time>2026-02-04T05:55:36Z</time>
        <speed>0.0</speed>
      </trkpt>
      <trkpt lat="28.7779387" lon="119.7376543">
        <ele>682.21</ele>
        <time>2026-02-04T05:56:12Z</time>
        <speed>0.5981072</speed>
      </trkpt>
      <trkpt lat="28.7780246" lon="119.7375868">
        <ele>684.02</ele>
        <time>2026-02-04T05:56:26Z</time>
        <speed>0.7736275</speed>
      </trkpt>
      <trkpt lat="28.778103" lon="119.7375205">
        <ele>686.25</ele>
        <time>2026-02-04T05:56:50Z</time>
        <speed>0.47405916</speed>
      </trkpt>
      <trkpt lat="28.7781789" lon="119.7374618">
        <ele>686.35</ele>
        <time>2026-02-04T05:57:10Z</time>
        <speed>0.4406022</speed>
      </trkpt>
      <trkpt lat="28.778259" lon="119.737412">
        <ele>685.43</ele>
        <time>2026-02-04T05:57:38Z</time>
        <speed>0.0</speed>
      </trkpt>
      <trkpt lat="28.7783243" lon="119.7373399">
        <ele>685.59</ele>
        <time>2026-02-04T05:58:10Z</time>
        <speed>0.0</speed>
      </trkpt>
      <trkpt lat="28.7783929" lon="119.7372652">
        <ele>687.14</ele>
        <time>2026-02-04T05:58:32Z</time>
        <speed>0.6068575</speed>
      </trkpt>
      <trkpt lat="28.7784671" lon="119.7371877">
        <ele>688.97</ele>
        <time>2026-02-04T05:58:56Z</time>
        <speed>0.51317805</speed>
      </trkpt>
      <trkpt lat="28.7785361" lon="119.7371037">
        <ele>691.52</ele>
        <time>2026-02-04T05:59:20Z</time>
        <speed>0.54817915</speed>
      </trkpt>
      <trkpt lat="28.7785729" lon="119.7370076">
        <ele>693.41</ele>
        <time>2026-02-04T05:59:42Z</time>
        <speed>0.38758582</speed>
      </trkpt>
      <trkpt lat="28.7785693" lon="119.736904">
        <ele>694.22</ele>
        <time>2026-02-04T06:00:16Z</time>
        <speed>0.41486612</speed>
      </trkpt>
      <trkpt lat="28.7785215" lon="119.7368124">
        <ele>693.27</ele>
        <time>2026-02-04T06:00:44Z</time>
        <speed>0.43391085</speed>
      </trkpt>
      <trkpt lat="28.778475" lon="119.7366967">
        <ele>690.23</ele>
        <time>2026-02-04T06:02:22Z</time>
        <speed>0.3268486</speed>
      </trkpt>
      <trkpt lat="28.7784183" lon="119.736615">
        <ele>686.56</ele>
        <time>2026-02-04T06:02:32Z</time>
        <speed>0.8544389</speed>
      </trkpt>
      <trkpt lat="28.7783518" lon="119.7365362">
        <ele>683.26</ele>
        <time>2026-02-04T06:03:08Z</time>
        <speed>0.3402314</speed>
      </trkpt>
      <trkpt lat="28.7782758" lon="119.7364732">
        <ele>679.92</ele>
        <time>2026-02-04T06:03:38Z</time>
        <speed>0.31552473</speed>
      </trkpt>
      <trkpt lat="28.778203" lon="119.7364028">
        <ele>674.41</ele>
        <time>2026-02-04T06:04:00Z</time>
        <speed>0.42361638</speed>
      </trkpt>
      <trkpt lat="28.7781431" lon="119.7363154">
        <ele>668.55</ele>
        <time>2026-02-04T06:04:22Z</time>
        <speed>0.43030778</speed>
      </trkpt>
      <trkpt lat="28.7780782" lon="119.7362329">
        <ele>663.67</ele>
        <time>2026-02-04T06:04:36Z</time>
        <speed>0.6645064</speed>
      </trkpt>
      <trkpt lat="28.7779969" lon="119.7361794">
        <ele>659.73</ele>
        <time>2026-02-04T06:04:52Z</time>
        <speed>0.7525239</speed>
      </trkpt>
      <trkpt lat="28.7779098" lon="119.7361329">
        <ele>655.59</ele>
        <time>2026-02-04T06:05:06Z</time>
        <speed>0.6490647</speed>
      </trkpt>
      <trkpt lat="28.7778426" lon="119.736065">
        <ele>651.85</ele>
        <time>2026-02-04T06:05:24Z</time>
        <speed>0.0</speed>
      </trkpt>
      <trkpt lat="28.7777847" lon="119.7359818">
        <ele>648.43</ele>
        <time>2026-02-04T06:05:50Z</time>
        <speed>0.83745307</speed>
      </trkpt>
      <trkpt lat="28.77773" lon="119.73589">
        <ele>646.44</ele>
        <time>2026-02-04T06:07:46Z</time>
        <speed>0.41898388</speed>
      </trkpt>
      <trkpt lat="28.7776683" lon="119.735815">
        <ele>643.88</ele>
        <time>2026-02-04T06:08:04Z</time>
        <speed>0.45552915</speed>
      </trkpt>
      <trkpt lat="28.7775912" lon="119.7357456">
        <ele>641.14</ele>
        <time>2026-02-04T06:08:14Z</time>
        <speed>0.7926722</speed>
      </trkpt>
      <trkpt lat="28.7775485" lon="119.7356541">
        <ele>639.49</ele>
        <time>2026-02-04T06:08:26Z</time>
        <speed>0.8611303</speed>
      </trkpt>
      <trkpt lat="28.7775355" lon="119.7355457">
        <ele>638.16</ele>
        <time>2026-02-04T06:09:16Z</time>
        <speed>0.16265222</speed>
      </trkpt>
      <trkpt lat="28.7775059" lon="119.7354467">
        <ele>636.5</ele>
        <time>2026-02-04T06:10:14Z</time>
        <speed>0.45038193</speed>
      </trkpt>
      <trkpt lat="28.7774631" lon="119.7353414">
        <ele>634.0</ele>
        <time>2026-02-04T06:11:08Z</time>
        <speed>0.23728694</speed>
      </trkpt>
      <trkpt lat="28.7774226" lon="119.7352352">
        <ele>628.28</ele>
        <time>2026-02-04T06:11:46Z</time>
        <speed>0.4030275</speed>
      </trkpt>
      <trkpt lat="28.7773771" lon="119.7351405">
        <ele>622.05</ele>
        <time>2026-02-04T06:12:26Z</time>
        <speed>0.50031</speed>
      </trkpt>
      <trkpt lat="28.7773363" lon="119.7350303">
        <ele>615.53</ele>
        <time>2026-02-04T06:12:54Z</time>
        <speed>0.80245197</speed>
      </trkpt>
      <trkpt lat="28.7772667" lon="119.7349533">
        <ele>610.74</ele>
        <time>2026-02-04T06:13:54Z</time>
        <speed>0.58935696</speed>
      </trkpt>
      <trkpt lat="28.7772083" lon="119.7348683">
        <ele>608.62</ele>
        <time>2026-02-04T06:14:34Z</time>
        <speed>0.6248728</speed>
      </trkpt>
      <trkpt lat="28.7771824" lon="119.7347636">
        <ele>602.8</ele>
        <time>2026-02-04T06:15:29Z</time>
        <speed>0.26508194</speed>
      </trkpt>
      <trkpt lat="28.7771687" lon="119.7346554">
        <ele>597.38</ele>
        <time>2026-02-04T06:15:59Z</time>
        <speed>0.16677</speed>
      </trkpt>
      <trkpt lat="28.777095" lon="119.734586">
        <ele>593.95</ele>
        <time>2026-02-04T06:16:37Z</time>
        <speed>0.46325</speed>
      </trkpt>
      <trkpt lat="28.7770289" lon="119.7345074">
        <ele>588.98</ele>
        <time>2026-02-04T06:16:51Z</time>
        <speed>0.8451739</speed>
      </trkpt>
      <trkpt lat="28.7769642" lon="119.7344048">
        <ele>584.3</ele>
        <time>2026-02-04T06:17:45Z</time>
        <speed>0.2939064</speed>
      </trkpt>
      <trkpt lat="28.7768959" lon="119.7343119">
        <ele>578.88</ele>
        <time>2026-02-04T06:18:29Z</time>
        <speed>0.27589113</speed>
      </trkpt>
      <trkpt lat="28.7768041" lon="119.7342737">
        <ele>572.78</ele>
        <time>2026-02-04T06:19:05Z</time>
        <speed>0.2573611</speed>
      </trkpt>
      <trkpt lat="28.7767205" lon="119.7342217">
        <ele>568.32</ele>
        <time>2026-02-04T06:19:19Z</time>
        <speed>0.509575</speed>
      </trkpt>
      <trkpt lat="28.7766476" lon="119.7341567">
        <ele>565.21</ele>
        <time>2026-02-04T06:19:35Z</time>
        <speed>0.59656304</speed>
      </trkpt>
      <trkpt lat="28.7766115" lon="119.7340548">
        <ele>562.88</ele>
        <time>2026-02-04T06:19:53Z</time>
        <speed>0.5286197</speed>
      </trkpt>
      <trkpt lat="28.7766361" lon="119.7339472">
        <ele>562.03</ele>
        <time>2026-02-04T06:20:15Z</time>
        <speed>0.48178</speed>
      </trkpt>
      <trkpt lat="28.7766431" lon="119.7338346">
        <ele>560.21</ele>
        <time>2026-02-04T06:20:29Z</time>
        <speed>0.73450863</speed>
      </trkpt>
      <trkpt lat="28.7766566" lon="119.7337193">
        <ele>558.4</ele>
        <time>2026-02-04T06:20:49Z</time>
        <speed>0.42413113</speed>
      </trkpt>
      <trkpt lat="28.7766147" lon="119.733634">
        <ele>556.77</ele>
        <time>2026-02-04T06:21:01Z</time>
        <speed>0.79679</speed>
      </trkpt>
      <trkpt lat="28.7765641" lon="119.7335479">
        <ele>555.19</ele>
        <time>2026-02-04T06:21:53Z</time>
        <speed>0.46376473</speed>
      </trkpt>
      <trkpt lat="28.7765214" lon="119.7334489">
        <ele>551.62</ele>
        <time>2026-02-04T06:22:21Z</time>
        <speed>0.30625972</speed>
      </trkpt>
      <trkpt lat="28.7764884" lon="119.7333446">
        <ele>547.27</ele>
        <time>2026-02-04T06:22:55Z</time>
        <speed>0.5970778</speed>
      </trkpt>
      <trkpt lat="28.776442" lon="119.73325">
        <ele>541.82</ele>
        <time>2026-02-04T06:23:23Z</time>
        <speed>0.43030778</speed>
      </trkpt>
      <trkpt lat="28.7764103" lon="119.7331419">
        <ele>537.38</ele>
        <time>2026-02-04T06:24:19Z</time>
        <speed>0.25839055</speed>
      </trkpt>
      <trkpt lat="28.776381" lon="119.7330349">
        <ele>531.02</ele>
        <time>2026-02-04T06:24:53Z</time>
        <speed>0.36545277</speed>
      </trkpt>
      <trkpt lat="28.7763708" lon="119.7328838">
        <ele>524.73</ele>
        <time>2026-02-04T06:25:51Z</time>
        <speed>0.29699472</speed>
      </trkpt>
      <trkpt lat="28.7763559" lon="119.7327656">
        <ele>516.98</ele>
        <time>2026-02-04T06:26:21Z</time>
        <speed>0.37162945</speed>
      </trkpt>
      <trkpt lat="28.7763517" lon="119.7326617">
        <ele>511.78</ele>
        <time>2026-02-04T06:27:59Z</time>
        <speed>0.2877297</speed>
      </trkpt>
      <trkpt lat="28.776285" lon="119.7325">
        <ele>504.3</ele>
        <time>2026-02-04T06:29:19Z</time>
        <speed>0.34640807</speed>
      </trkpt>
      <trkpt lat="28.77619" lon="119.7324633">
        <ele>496.22</ele>
        <time>2026-02-04T06:30:43Z</time>
        <speed>0.43854332</speed>
      </trkpt>
      <trkpt lat="28.7760817" lon="119.7325083">
        <ele>491.48</ele>
        <time>2026-02-04T06:31:07Z</time>
        <speed>0.27692056</speed>
      </trkpt>
      <trkpt lat="28.7759888" lon="119.7324786">
        <ele>488.78</ele>
        <time>2026-02-04T06:31:27Z</time>
        <speed>0.51884</speed>
      </trkpt>
      <trkpt lat="28.7759181" lon="119.7324137">
        <ele>486.68</ele>
        <time>2026-02-04T06:31:45Z</time>
        <speed>0.47766224</speed>
      </trkpt>
      <trkpt lat="28.7758831" lon="119.7323175">
        <ele>483.68</ele>
        <time>2026-02-04T06:32:15Z</time>
        <speed>0.0</speed>
      </trkpt>
      <trkpt lat="28.7759352" lon="119.7322307">
        <ele>480.33</ele>
        <time>2026-02-04T06:32:35Z</time>
        <speed>0.53067863</speed>
      </trkpt>
      <trkpt lat="28.7760117" lon="119.7321521">
        <ele>477.31</ele>
        <time>2026-02-04T06:32:59Z</time>
        <speed>0.43648446</speed>
      </trkpt>
      <trkpt lat="28.7760883" lon="119.7320717">
        <ele>474.38</ele>
        <time>2026-02-04T06:33:19Z</time>
        <speed>0.55487055</speed>
      </trkpt>
      <trkpt lat="28.7761302" lon="119.731976">
        <ele>472.8</ele>
        <time>2026-02-04T06:33:41Z</time>
        <speed>0.5162664</speed>
      </trkpt>
      <trkpt lat="28.7761769" lon="119.7318637">
        <ele>470.09</ele>
        <time>2026-02-04T06:34:19Z</time>
        <speed>0.4025128</speed>
      </trkpt>
      <trkpt lat="28.7762335" lon="119.7317738">
        <ele>466.44</ele>
        <time>2026-02-04T06:34:59Z</time>
        <speed>0.46994138</speed>
      </trkpt>
      <trkpt lat="28.7762374" lon="119.7316648">
        <ele>460.91</ele>
        <time>2026-02-04T06:35:25Z</time>
        <speed>0.38758582</speed>
      </trkpt>
      <trkpt lat="28.7763005" lon="119.7316511">
        <ele>455.7</ele>
        <time>2026-02-04T06:35:55Z</time>
        <speed>0.4838389</speed>
      </trkpt>
      <trkpt lat="28.77634" lon="119.731575">
        <ele>449.64</ele>
        <time>2026-02-04T06:37:25Z</time>
        <speed>0.4421464</speed>
      </trkpt>
      <trkpt lat="28.77631" lon="119.7314717">
        <ele>441.15</ele>
        <time>2026-02-04T06:37:51Z</time>
        <speed>0.3052303</speed>
      </trkpt>
      <trkpt lat="28.7763745" lon="119.7314953">
        <ele>435.49</ele>
        <time>2026-02-04T06:38:33Z</time>
        <speed>0.25787583</speed>
      </trkpt>
      <trkpt lat="28.7764441" lon="119.7314268">
        <ele>430.85</ele>
        <time>2026-02-04T06:39:29Z</time>
        <speed>0.0</speed>
      </trkpt>
      <trkpt lat="28.7764557" lon="119.731329">
        <ele>428.08</ele>
        <time>2026-02-04T06:39:49Z</time>
        <speed>0.42310166</speed>
      </trkpt>
      <trkpt lat="28.7764649" lon="119.7312054">
        <ele>426.15</ele>
        <time>2026-02-04T06:40:29Z</time>
        <speed>0.0</speed>
      </trkpt>
      <trkpt lat="28.7764411" lon="119.7310798">
        <ele>423.63</ele>
        <time>2026-02-04T06:40:57Z</time>
        <speed>0.31192166</speed>
      </trkpt>
      <trkpt lat="28.7764952" lon="119.7310213">
        <ele>420.44</ele>
        <time>2026-02-04T06:41:07Z</time>
        <speed>0.7375969</speed>
      </trkpt>
      <trkpt lat="28.7764499" lon="119.7309739">
        <ele>417.88</ele>
        <time>2026-02-04T06:41:21Z</time>
        <speed>0.6130342</speed>
      </trkpt>
      <trkpt lat="28.7764042" lon="119.7308903">
        <ele>414.84</ele>
        <time>2026-02-04T06:42:03Z</time>
        <speed>0.21258028</speed>
      </trkpt>
      <trkpt lat="28.7764272" lon="119.7308">
        <ele>409.87</ele>
        <time>2026-02-04T06:42:33Z</time>
        <speed>0.31603944</speed>
      </trkpt>
      <trkpt lat="28.7764023" lon="119.7307094">
        <ele>404.72</ele>
        <time>2026-02-04T06:43:23Z</time>
        <speed>0.28361195</speed>
      </trkpt>
      <trkpt lat="28.7763835" lon="119.730607">
        <ele>400.54</ele>
        <time>2026-02-04T06:44:03Z</time>
        <speed>0.24706666</speed>
      </trkpt>
      <trkpt lat="28.7764032" lon="119.7305033">
        <ele>396.31</ele>
        <time>2026-02-04T06:45:03Z</time>
        <speed>0.55435586</speed>
      </trkpt>
      <trkpt lat="28.7764217" lon="119.73039">
        <ele>389.42</ele>
        <time>2026-02-04T06:46:27Z</time>
        <speed>0.3752325</speed>
      </trkpt>
      <trkpt lat="28.7763883" lon="119.7302933">
        <ele>386.32</ele>
        <time>2026-02-04T06:46:49Z</time>
        <speed>0.3911889</speed>
      </trkpt>
      <trkpt lat="28.7763903" lon="119.7301783">
        <ele>385.88</ele>
        <time>2026-02-04T06:47:03Z</time>
        <speed>0.7216405</speed>
      </trkpt>
      <trkpt lat="28.7763637" lon="119.7300755">
        <ele>385.67</ele>
        <time>2026-02-04T06:47:25Z</time>
        <speed>0.46273527</speed>
      </trkpt>
      <trkpt lat="28.7763209" lon="119.7299814">
        <ele>384.87</ele>
        <time>2026-02-04T06:47:39Z</time>
        <speed>0.93473554</speed>
      </trkpt>
      <trkpt lat="28.7763038" lon="119.7298816">
        <ele>382.99</ele>
        <time>2026-02-04T06:48:17Z</time>
        <speed>0.3340547</speed>
      </trkpt>
      <trkpt lat="28.7762824" lon="119.7297804">
        <ele>378.91</ele>
        <time>2026-02-04T06:48:47Z</time>
        <speed>0.41177776</speed>
      </trkpt>
      <trkpt lat="28.7762586" lon="119.7296662">
        <ele>375.08</ele>
        <time>2026-02-04T06:49:09Z</time>
        <speed>0.40868944</speed>
      </trkpt>
      <trkpt lat="28.7762426" lon="119.7295548">
        <ele>371.21</ele>
        <time>2026-02-04T06:49:45Z</time>
        <speed>0.0</speed>
      </trkpt>
      <trkpt lat="28.7762257" lon="119.7294464">
        <ele>367.59</ele>
        <time>2026-02-04T06:50:09Z</time>
        <speed>0.94245636</speed>
      </trkpt>
      <trkpt lat="28.7761933" lon="119.7293367">
        <ele>365.66</ele>
        <time>2026-02-04T06:53:29Z</time>
        <speed>0.0</speed>
      </trkpt>
      <trkpt lat="28.7761733" lon="119.7292367">
        <ele>361.59</ele>
        <time>2026-02-04T06:53:49Z</time>
        <speed>0.69538975</speed>
      </trkpt>
      <trkpt lat="28.7761153" lon="119.7291437">
        <ele>358.58</ele>
        <time>2026-02-04T06:54:07Z</time>
        <speed>0.3289075</speed>
      </trkpt>
      <trkpt lat="28.7760427" lon="119.7290662">
        <ele>355.24</ele>
        <time>2026-02-04T06:54:27Z</time>
        <speed>0.76384777</speed>
      </trkpt>
      <trkpt lat="28.7759805" lon="119.7289709">
        <ele>352.17</ele>
        <time>2026-02-04T06:54:43Z</time>
        <speed>0.7808336</speed>
      </trkpt>
      <trkpt lat="28.7759483" lon="119.72887">
        <ele>349.56</ele>
        <time>2026-02-04T06:55:59Z</time>
        <speed>0.4586175</speed>
      </trkpt>
      <trkpt lat="28.7758867" lon="119.7287867">
        <ele>345.23</ele>
        <time>2026-02-04T06:56:41Z</time>
        <speed>0.40611583</speed>
      </trkpt>
      <trkpt lat="28.7758645" lon="119.7286878">
        <ele>341.78</ele>
        <time>2026-02-04T06:57:23Z</time>
        <speed>0.4771475</speed>
      </trkpt>
      <trkpt lat="28.7758171" lon="119.7285939">
        <ele>336.71</ele>
        <time>2026-02-04T06:58:03Z</time>
        <speed>0.9012786</speed>
      </trkpt>
      <trkpt lat="28.7758286" lon="119.7284903">
        <ele>333.44</ele>
        <time>2026-02-04T06:58:39Z</time>
        <speed>0.4519261</speed>
      </trkpt>
      <trkpt lat="28.7758176" lon="119.7283831">
        <ele>329.38</ele>
        <time>2026-02-04T06:58:57Z</time>
        <speed>0.83230585</speed>
      </trkpt>
      <trkpt lat="28.7758117" lon="119.72826">
        <ele>325.86</ele>
        <time>2026-02-04T07:00:09Z</time>
        <speed>0.39273307</speed>
      </trkpt>
      <trkpt lat="28.77577" lon="119.7281683">
        <ele>322.48</ele>
        <time>2026-02-04T07:01:03Z</time>
        <speed>0.107576944</speed>
      </trkpt>
      <trkpt lat="28.7756973" lon="119.7281035">
        <ele>316.98</ele>
        <time>2026-02-04T07:01:29Z</time>
        <speed>0.54148775</speed>
      </trkpt>
      <trkpt lat="28.7756358" lon="119.728015">
        <ele>313.16</ele>
        <time>2026-02-04T07:01:55Z</time>
        <speed>0.73605275</speed>
      </trkpt>
      <trkpt lat="28.7755433" lon="119.7280183">
        <ele>310.64</ele>
        <time>2026-02-04T07:04:15Z</time>
        <speed>0.5327375</speed>
      </trkpt>
      <trkpt lat="28.775565" lon="119.7279183">
        <ele>305.37</ele>
        <time>2026-02-04T07:07:29Z</time>
        <speed>0.0</speed>
      </trkpt>
      <trkpt lat="28.7755683" lon="119.7278083">
        <ele>301.21</ele>
        <time>2026-02-04T07:07:43Z</time>
        <speed>0.8266439</speed>
      </trkpt>
      <trkpt lat="28.7756013" lon="119.7277096">
        <ele>297.85</ele>
        <time>2026-02-04T07:07:59Z</time>
        <speed>0.6006808</speed>
      </trkpt>
      <trkpt lat="28.7756253" lon="119.727609">
        <ele>295.68</ele>
        <time>2026-02-04T07:08:09Z</time>
        <speed>1.1375362</speed>
      </trkpt>
      <trkpt lat="28.7756568" lon="119.7275104">
        <ele>295.56</ele>
        <time>2026-02-04T07:08:23Z</time>
        <speed>0.8456886</speed>
      </trkpt>
      <trkpt lat="28.775667" lon="119.7273962">
        <ele>297.17</ele>
        <time>2026-02-04T07:09:01Z</time>
        <speed>0.66347694</speed>
      </trkpt>
      <trkpt lat="28.7756927" lon="119.7272798">
        <ele>298.34</ele>
        <time>2026-02-04T07:09:31Z</time>
        <speed>0.70259583</speed>
      </trkpt>
      <trkpt lat="28.7756849" lon="119.7271709">
        <ele>299.31</ele>
        <time>2026-02-04T07:09:47Z</time>
        <speed>0.7267878</speed>
      </trkpt>
      <trkpt lat="28.7756481" lon="119.7270752">
        <ele>299.39</ele>
        <time>2026-02-04T07:10:13Z</time>
        <speed>0.0</speed>
      </trkpt>
      <trkpt lat="28.7755987" lon="119.7269842">
        <ele>298.62</ele>
        <time>2026-02-04T07:10:25Z</time>
        <speed>0.0</speed>
      </trkpt>
      <trkpt lat="28.7756172" lon="119.7268904">
        <ele>298.01</ele>
        <time>2026-02-04T07:10:33Z</time>
        <speed>1.2893791</speed>
      </trkpt>
      <trkpt lat="28.77563" lon="119.7269001">
        <ele>297.53</ele>
        <time>2026-02-04T07:10:47Z</time>
        <speed>0.0</speed>
      </trkpt>
      <trkpt lat="28.7755754" lon="119.726861">
        <ele>299.84</ele>
        <time>2026-02-04T07:11:09Z</time>
        <speed>0.8199525</speed>
      </trkpt>
      <trkpt lat="28.7754976" lon="119.7267995">
        <ele>302.02</ele>
        <time>2026-02-04T07:11:47Z</time>
        <speed>0.4915597</speed>
      </trkpt>
      <trkpt lat="28.7754621" lon="119.7266994">
        <ele>301.06</ele>
        <time>2026-02-04T07:12:03Z</time>
        <speed>0.6011956</speed>
      </trkpt>
      <trkpt lat="28.7754323" lon="119.7265862">
        <ele>298.76</ele>
        <time>2026-02-04T07:12:19Z</time>
        <speed>0.99495804</speed>
      </trkpt>
      <trkpt lat="28.7753951" lon="119.7264759">
        <ele>297.44</ele>
        <time>2026-02-04T07:12:27Z</time>
        <speed>1.2620989</speed>
      </trkpt>
      <trkpt lat="28.775342" lon="119.7263863">
        <ele>298.07</ele>
        <time>2026-02-04T07:12:45Z</time>
        <speed>0.676345</speed>
      </trkpt>
      <trkpt lat="28.7752831" lon="119.7263064">
        <ele>296.06</ele>
        <time>2026-02-04T07:13:05Z</time>
        <speed>0.55178225</speed>
      </trkpt>
      <trkpt lat="28.7752643" lon="119.726207">
        <ele>289.88</ele>
        <time>2026-02-04T07:13:31Z</time>
        <speed>0.5301639</speed>
      </trkpt>
      <trkpt lat="28.7752734" lon="119.7261034">
        <ele>282.19</ele>
        <time>2026-02-04T07:13:55Z</time>
        <speed>0.79679</speed>
      </trkpt>
      <trkpt lat="28.7752822" lon="119.7259938">
        <ele>277.16</ele>
        <time>2026-02-04T07:14:15Z</time>
        <speed>0.9774575</speed>
      </trkpt>
      <trkpt lat="28.7752896" lon="119.7258863">
        <ele>273.52</ele>
        <time>2026-02-04T07:14:31Z</time>
        <speed>0.77053916</speed>
      </trkpt>
      <trkpt lat="28.7752765" lon="119.725774">
        <ele>271.92</ele>
        <time>2026-02-04T07:14:41Z</time>
        <speed>0.99444336</speed>
      </trkpt>
      <trkpt lat="28.7752678" lon="119.7256626">
        <ele>270.84</ele>
        <time>2026-02-04T07:14:59Z</time>
        <speed>0.5728858</speed>
      </trkpt>
      <trkpt lat="28.7752677" lon="119.7255569">
        <ele>270.18</ele>
        <time>2026-02-04T07:15:15Z</time>
        <speed>0.6742861</speed>
      </trkpt>
      <trkpt lat="28.7752084" lon="119.7254923">
        <ele>270.06</ele>
        <time>2026-02-04T07:15:33Z</time>
        <speed>0.46016166</speed>
      </trkpt>
      <trkpt lat="28.7751784" lon="119.7254024">
        <ele>270.46</ele>
        <time>2026-02-04T07:15:49Z</time>
        <speed>1.0603278</speed>
      </trkpt>
      <trkpt lat="28.7751672" lon="119.7252859">
        <ele>270.31</ele>
        <time>2026-02-04T07:16:07Z</time>
        <speed>1.0706222</speed>
      </trkpt>
      <trkpt lat="28.7751665" lon="119.725166">
        <ele>269.14</ele>
        <time>2026-02-04T07:16:21Z</time>
        <speed>0.94400054</speed>
      </trkpt>
      <trkpt lat="28.7751588" lon="119.7250464">
        <ele>268.48</ele>
        <time>2026-02-04T07:16:33Z</time>
        <speed>1.0788578</speed>
      </trkpt>
      <trkpt lat="28.7750959" lon="119.7249455">
        <ele>267.97</ele>
        <time>2026-02-04T07:16:45Z</time>
        <speed>0.9594422</speed>
      </trkpt>
      <trkpt lat="28.7750328" lon="119.7248506">
        <ele>267.38</ele>
        <time>2026-02-04T07:16:57Z</time>
        <speed>1.0273856</speed>
      </trkpt>
      <trkpt lat="28.7749687" lon="119.7247584">
        <ele>267.0</ele>
        <time>2026-02-04T07:17:05Z</time>
        <speed>1.6805681</speed>
      </trkpt>
      <trkpt lat="28.7749058" lon="119.724664">
        <ele>266.23</ele>
        <time>2026-02-04T07:17:25Z</time>
        <speed>0.6361967</speed>
      </trkpt>
      <trkpt lat="28.7748742" lon="119.724562">
        <ele>265.31</ele>
        <time>2026-02-04T07:17:39Z</time>
        <speed>0.83282053</speed>
      </trkpt>
      <trkpt lat="28.7748408" lon="119.7244645">
        <ele>265.52</ele>
        <time>2026-02-04T07:17:51Z</time>
        <speed>0.8132611</speed>
      </trkpt>
      <trkpt lat="28.7747952" lon="119.7243741">
        <ele>263.92</ele>
        <time>2026-02-04T07:18:05Z</time>
        <speed>0.69178665</speed>
      </trkpt>
      <trkpt lat="28.7747331" lon="119.7242912">
        <ele>261.8</ele>
        <time>2026-02-04T07:18:19Z</time>
        <speed>0.59656304</speed>
      </trkpt>
      <trkpt lat="28.7746553" lon="119.7242243">
        <ele>259.57</ele>
        <time>2026-02-04T07:18:29Z</time>
        <speed>1.0973878</speed>
      </trkpt>
      <trkpt lat="28.7745903" lon="119.7241502">
        <ele>257.17</ele>
        <time>2026-02-04T07:18:39Z</time>
        <speed>0.9687072</speed>
      </trkpt>
      <trkpt lat="28.7745215" lon="119.7240834">
        <ele>254.04</ele>
        <time>2026-02-04T07:18:51Z</time>
        <speed>0.7571564</speed>
      </trkpt>
      <trkpt lat="28.7744688" lon="119.7239928">
        <ele>250.24</ele>
        <time>2026-02-04T07:19:29Z</time>
        <speed>0.30883333</speed>
      </trkpt>
      <trkpt lat="28.7744097" lon="119.7239043">
        <ele>247.81</ele>
        <time>2026-02-04T07:19:43Z</time>
        <speed>0.7432589</speed>
      </trkpt>
      <trkpt lat="28.7743939" lon="119.7237837">
        <ele>246.99</ele>
        <time>2026-02-04T07:19:55Z</time>
        <speed>0.8009078</speed>
      </trkpt>
      <trkpt lat="28.774365" lon="119.7236731">
        <ele>246.52</ele>
        <time>2026-02-04T07:20:03Z</time>
        <speed>1.2070236</speed>
      </trkpt>
      <trkpt lat="28.7743076" lon="119.7235881">
        <ele>244.32</ele>
        <time>2026-02-04T07:20:19Z</time>
        <speed>0.98209</speed>
      </trkpt>
      <trkpt lat="28.7743433" lon="119.7234981">
        <ele>241.56</ele>
        <time>2026-02-04T07:20:29Z</time>
        <speed>1.1776844</speed>
      </trkpt>
      <trkpt lat="28.7744054" lon="119.7234087">
        <ele>238.99</ele>
        <time>2026-02-04T07:20:41Z</time>
        <speed>0.95326555</speed>
      </trkpt>
      <trkpt lat="28.7744627" lon="119.7233143">
        <ele>238.31</ele>
        <time>2026-02-04T07:20:51Z</time>
        <speed>0.9419417</speed>
      </trkpt>
      <trkpt lat="28.7745258" lon="119.7232229">
        <ele>238.35</ele>
        <time>2026-02-04T07:21:01Z</time>
        <speed>1.0361358</speed>
      </trkpt>
      <trkpt lat="28.774593" lon="119.7231427">
        <ele>238.28</ele>
        <time>2026-02-04T07:21:11Z</time>
        <speed>0.96356</speed>
      </trkpt>
      <trkpt lat="28.7746729" lon="119.7230641">
        <ele>237.73</ele>
        <time>2026-02-04T07:21:23Z</time>
        <speed>0.0</speed>
      </trkpt>
      <trkpt lat="28.7747654" lon="119.7229791">
        <ele>237.2</ele>
        <time>2026-02-04T07:21:33Z</time>
        <speed>1.1308447</speed>
      </trkpt>
      <trkpt lat="28.7748613" lon="119.7229188">
        <ele>236.86</ele>
        <time>2026-02-04T07:21:43Z</time>
        <speed>1.306365</speed>
      </trkpt>
      <trkpt lat="28.7749597" lon="119.7228528">
        <ele>236.27</ele>
        <time>2026-02-04T07:21:57Z</time>
        <speed>0.8518653</speed>
      </trkpt>
      <trkpt lat="28.7750455" lon="119.7227933">
        <ele>236.11</ele>
        <time>2026-02-04T07:22:21Z</time>
        <speed>0.5687681</speed>
      </trkpt>
      <trkpt lat="28.7751437" lon="119.7227421">
        <ele>236.41</ele>
        <time>2026-02-04T07:22:35Z</time>
        <speed>1.1848905</speed>
      </trkpt>
      <trkpt lat="28.7752318" lon="119.7227072">
        <ele>235.29</ele>
        <time>2026-02-04T07:22:45Z</time>
        <speed>0.0</speed>
      </trkpt>
      <trkpt lat="28.7753169" lon="119.72266">
        <ele>234.95</ele>
        <time>2026-02-04T07:22:55Z</time>
        <speed>1.2605547</speed>
      </trkpt>
      <trkpt lat="28.7754038" lon="119.7226044">
        <ele>234.5</ele>
        <time>2026-02-04T07:23:15Z</time>
        <speed>0.8173789</speed>
      </trkpt>
      <trkpt lat="28.7754866" lon="119.7225495">
        <ele>235.79</ele>
        <time>2026-02-04T07:23:27Z</time>
        <speed>1.2543781</speed>
      </trkpt>
      <trkpt lat="28.7755642" lon="119.7224704">
        <ele>236.96</ele>
        <time>2026-02-04T07:23:37Z</time>
        <speed>0.8384825</speed>
      </trkpt>
      <trkpt lat="28.7756039" lon="119.7223524">
        <ele>238.31</ele>
        <time>2026-02-04T07:23:45Z</time>
        <speed>1.3387924</speed>
      </trkpt>
      <trkpt lat="28.7756114" lon="119.7223057">
        <ele>240.63</ele>
        <time>2026-02-04T07:23:59Z</time>
        <speed>0.0</speed>
      </trkpt>
      <trkpt lat="28.7755893" lon="119.7222215">
        <ele>240.79</ele>
        <time>2026-02-04T07:24:33Z</time>
        <speed>0.56413555</speed>
      </trkpt>
      <trkpt lat="28.7756021" lon="119.722284">
        <ele>239.42</ele>
        <time>2026-02-04T07:25:05Z</time>
        <speed>0.3706</speed>
      </trkpt>
      <trkpt lat="28.7756021" lon="119.722284">
        <ele>239.42</ele>
        <time>2026-02-04T07:28:20Z</time>
        <speed>0.3706</speed>
      </trkpt>
      <extensions>
        <PauseTimes>1770190100000:pause</PauseTimes>
      </extensions>
    </trkseg>
  </trk>
  <wpt lat="28.7728664" lon="119.7241093">
    <ele>240.8</ele>
    <time>2026-02-04T02:11:43Z</time>
    <name><![CDATA[
        
        ]]>
    </name>
    <cmt>
        
        </cmt>
    <desc><![CDATA[]]>
    </desc>
    <sym>Flag, Blue</sym>
    <type>user</type>
    <extensions>
      <PosType>0</PosType>
      <Speed>1.0804019</Speed>
      <Accuracy>1.4</Accuracy>
      <Time>1770171103431</Time>
      <description><![CDATA[]]>
      </description>
      <FileId>1563342153</FileId>
      <FileSize>2188955</FileSize>
      <FileType>0</FileType>
    </extensions>
  </wpt>
  <wpt lat="28.7712054" lon="119.7246885">
    <ele>239.2</ele>
    <time>2026-02-04T02:14:51Z</time>
    <name><![CDATA[
        
        ]]>
    </name>
    <cmt>
        
        </cmt>
    <desc><![CDATA[]]>
    </desc>
    <sym>Flag, Blue</sym>
    <type>user</type>
    <extensions>
      <PosType>0</PosType>
      <Speed>1.4134272</Speed>
      <Accuracy>1.4</Accuracy>
      <Time>1770171291442</Time>
      <description><![CDATA[]]>
      </description>
      <FileId>1563342150</FileId>
      <FileSize>3541572</FileSize>
      <FileType>0</FileType>
    </extensions>
  </wpt>
  <wpt lat="28.7692587" lon="119.725784">
    <ele>240.9</ele>
    <time>2026-02-04T02:18:14Z</time>
    <name><![CDATA[这边也可以停车
        
        ]]>
    </name>
    <cmt>这边也可以停车
        
        </cmt>
    <desc><![CDATA[]]>
    </desc>
    <sym>Flag, Blue</sym>
    <type>user</type>
    <extensions>
      <PosType>0</PosType>
      <Speed>1.2868055</Speed>
      <Accuracy>1.3</Accuracy>
      <Time>1770171494447</Time>
      <description><![CDATA[]]>
      </description>
      <FileId>1563342147</FileId>
      <FileSize>2513742</FileSize>
      <FileType>0</FileType>
    </extensions>
  </wpt>
  <wpt lat="28.7690583" lon="119.7258681">
    <ele>242.3</ele>
    <time>2026-02-04T02:18:32Z</time>
    <name><![CDATA[有超市
        
        ]]>
    </name>
    <cmt>有超市
        
        </cmt>
    <desc><![CDATA[]]>
    </desc>
    <sym>Flag, Blue</sym>
    <type>user</type>
    <extensions>
      <PosType>0</PosType>
      <Speed>1.528725</Speed>
      <Accuracy>1.4</Accuracy>
      <Time>1770171512426</Time>
      <description><![CDATA[]]>
      </description>
      <FileId>1563342144</FileId>
      <FileSize>2420629</FileSize>
      <FileType>0</FileType>
    </extensions>
  </wpt>
  <wpt lat="28.7685003" lon="119.7260515">
    <ele>249.8</ele>
    <time>2026-02-04T02:19:28Z</time>
    <name><![CDATA[
        
        ]]>
    </name>
    <cmt>
        
        </cmt>
    <desc><![CDATA[]]>
    </desc>
    <sym>Flag, Blue</sym>
    <type>user</type>
    <extensions>
      <PosType>0</PosType>
      <Speed>1.5791677</Speed>
      <Accuracy>1.4</Accuracy>
      <Time>1770171568426</Time>
      <description><![CDATA[]]>
      </description>
      <FileId>1563342139</FileId>
      <FileSize>2481605</FileSize>
      <FileType>0</FileType>
    </extensions>
  </wpt>
  <wpt lat="28.7684101" lon="119.7259919">
    <ele>247.3</ele>
    <time>2026-02-04T02:19:40Z</time>
    <name><![CDATA[
        
        ]]>
    </name>
    <cmt>
        
        </cmt>
    <desc><![CDATA[]]>
    </desc>
    <sym>Flag, Blue</sym>
    <type>user</type>
    <extensions>
      <PosType>0</PosType>
      <Speed>0.79679</Speed>
      <Accuracy>1.5</Accuracy>
      <Time>1770171580418</Time>
      <description><![CDATA[]]>
      </description>
      <FileId>1563342136</FileId>
      <FileSize>2503861</FileSize>
      <FileType>0</FileType>
    </extensions>
  </wpt>
  <wpt lat="28.7681687" lon="119.7261496">
    <ele>247.9</ele>
    <time>2026-02-04T02:20:26Z</time>
    <name><![CDATA[
        
        ]]>
    </name>
    <cmt>
        
        </cmt>
    <desc><![CDATA[]]>
    </desc>
    <sym>Flag, Blue</sym>
    <type>user</type>
    <extensions>
      <PosType>0</PosType>
      <Speed>1.3645287</Speed>
      <Accuracy>1.4</Accuracy>
      <Time>1770171626398</Time>
      <description><![CDATA[]]>
      </description>
      <FileId>1563342134</FileId>
      <FileSize>3074822</FileSize>
      <FileType>0</FileType>
    </extensions>
  </wpt>
  <wpt lat="28.7681071" lon="119.7262624">
    <ele>243.6</ele>
    <time>2026-02-04T02:20:36Z</time>
    <name><![CDATA[
        
        ]]>
    </name>
    <cmt>
        
        </cmt>
    <desc><![CDATA[]]>
    </desc>
    <sym>Flag, Blue</sym>
    <type>user</type>
    <extensions>
      <PosType>0</PosType>
      <Speed>1.1323888</Speed>
      <Accuracy>1.4</Accuracy>
      <Time>1770171636429</Time>
      <description><![CDATA[]]>
      </description>
      <FileId>1563342129</FileId>
      <FileSize>4109357</FileSize>
      <FileType>0</FileType>
    </extensions>
  </wpt>
  <wpt lat="28.7676022" lon="119.7300761">
    <ele>260.9</ele>
    <time>2026-02-04T02:26:54Z</time>
    <name><![CDATA[
        
        ]]>
    </name>
    <cmt>
        
        </cmt>
    <desc><![CDATA[]]>
    </desc>
    <sym>Flag, Blue</sym>
    <type>user</type>
    <extensions>
      <PosType>0</PosType>
      <Speed>1.1797433</Speed>
      <Accuracy>1.4</Accuracy>
      <Time>1770172014436</Time>
      <description><![CDATA[]]>
      </description>
      <FileId>1563342126</FileId>
      <FileSize>3201033</FileSize>
      <FileType>0</FileType>
    </extensions>
  </wpt>
  <wpt lat="28.7674848" lon="119.7302646">
    <ele>264.9</ele>
    <time>2026-02-04T02:27:40Z</time>
    <name><![CDATA[
        
        ]]>
    </name>
    <cmt>
        
        </cmt>
    <desc><![CDATA[]]>
    </desc>
    <sym>Flag, Blue</sym>
    <type>user</type>
    <extensions>
      <PosType>0</PosType>
      <Speed>0.66193277</Speed>
      <Accuracy>1.3</Accuracy>
      <Time>1770172060434</Time>
      <description><![CDATA[]]>
      </description>
      <FileId>1563342124</FileId>
      <FileSize>4788921</FileSize>
      <FileType>0</FileType>
    </extensions>
  </wpt>
  <wpt lat="28.7677071" lon="119.7308222">
    <ele>283.0</ele>
    <time>2026-02-04T02:29:18Z</time>
    <name><![CDATA[
        
        ]]>
    </name>
    <cmt>
        
        </cmt>
    <desc><![CDATA[]]>
    </desc>
    <sym>Flag, Blue</sym>
    <type>user</type>
    <extensions>
      <PosType>0</PosType>
      <Speed>1.1020203</Speed>
      <Accuracy>1.4</Accuracy>
      <Time>1770172158446</Time>
      <description><![CDATA[]]>
      </description>
      <FileId>1563342069</FileId>
      <FileSize>3788611</FileSize>
      <FileType>0</FileType>
    </extensions>
  </wpt>
  <wpt lat="28.7679273" lon="119.7310383">
    <ele>289.1</ele>
    <time>2026-02-04T02:30:10Z</time>
    <name><![CDATA[
        
        ]]>
    </name>
    <cmt>
        
        </cmt>
    <desc><![CDATA[]]>
    </desc>
    <sym>Flag, Blue</sym>
    <type>user</type>
    <extensions>
      <PosType>0</PosType>
      <Speed>0.8621597</Speed>
      <Accuracy>1.3</Accuracy>
      <Time>1770172210412</Time>
      <description><![CDATA[]]>
      </description>
      <FileId>1563342067</FileId>
      <FileSize>4011202</FileSize>
      <FileType>0</FileType>
    </extensions>
  </wpt>
  <wpt lat="28.7683545" lon="119.7318302">
    <ele>319.8</ele>
    <time>2026-02-04T02:33:16Z</time>
    <name><![CDATA[左转
        
        ]]>
    </name>
    <cmt>左转
        
        </cmt>
    <desc><![CDATA[]]>
    </desc>
    <sym>Flag, Blue</sym>
    <type>user</type>
    <extensions>
      <PosType>0</PosType>
      <Speed>0.39324778</Speed>
      <Accuracy>1.3</Accuracy>
      <Time>1770172396448</Time>
      <description><![CDATA[]]>
      </description>
      <FileId>1563342064</FileId>
      <FileSize>4753881</FileSize>
      <FileType>0</FileType>
    </extensions>
  </wpt>
  <wpt lat="28.7688335" lon="119.7326301">
    <ele>351.2</ele>
    <time>2026-02-04T02:36:24Z</time>
    <name><![CDATA[
        
        ]]>
    </name>
    <cmt>
        
        </cmt>
    <desc><![CDATA[]]>
    </desc>
    <sym>Flag, Blue</sym>
    <type>user</type>
    <extensions>
      <PosType>0</PosType>
      <Speed>0.6047986</Speed>
      <Accuracy>1.5</Accuracy>
      <Time>1770172584446</Time>
      <description><![CDATA[]]>
      </description>
      <FileId>1563342062</FileId>
      <FileSize>3818303</FileSize>
      <FileType>0</FileType>
    </extensions>
  </wpt>
  <wpt lat="28.7695459" lon="119.7333644">
    <ele>385.3</ele>
    <time>2026-02-04T02:41:36Z</time>
    <name><![CDATA[
        
        ]]>
    </name>
    <cmt>
        
        </cmt>
    <desc><![CDATA[]]>
    </desc>
    <sym>Flag, Blue</sym>
    <type>user</type>
    <extensions>
      <PosType>0</PosType>
      <Speed>0.81532</Speed>
      <Accuracy>1.5</Accuracy>
      <Time>1770172896476</Time>
      <description><![CDATA[]]>
      </description>
      <FileId>1563342061</FileId>
      <FileSize>3065128</FileSize>
      <FileType>0</FileType>
    </extensions>
  </wpt>
  <wpt lat="28.7701213" lon="119.7339355">
    <ele>404.5</ele>
    <time>2026-02-04T02:44:48Z</time>
    <name><![CDATA[
        
        ]]>
    </name>
    <cmt>
        
        </cmt>
    <desc><![CDATA[]]>
    </desc>
    <sym>Flag, Blue</sym>
    <type>user</type>
    <extensions>
      <PosType>0</PosType>
      <Speed>1.0407684</Speed>
      <Accuracy>1.5</Accuracy>
      <Time>1770173088469</Time>
      <description><![CDATA[]]>
      </description>
      <FileId>1563342060</FileId>
      <FileSize>4524788</FileSize>
      <FileType>0</FileType>
    </extensions>
  </wpt>
  <wpt lat="28.7704393" lon="119.7344342">
    <ele>407.8</ele>
    <time>2026-02-04T02:46:28Z</time>
    <name><![CDATA[
        
        ]]>
    </name>
    <cmt>
        
        </cmt>
    <desc><![CDATA[]]>
    </desc>
    <sym>Flag, Blue</sym>
    <type>user</type>
    <extensions>
      <PosType>0</PosType>
      <Speed>0.9352503</Speed>
      <Accuracy>1.5</Accuracy>
      <Time>1770173188458</Time>
      <description><![CDATA[]]>
      </description>
      <FileId>1563342055</FileId>
      <FileSize>4622654</FileSize>
      <FileType>0</FileType>
    </extensions>
  </wpt>
  <wpt lat="28.7704393" lon="119.7344342">
    <ele>407.8</ele>
    <time>2026-02-04T02:46:28Z</time>
    <name><![CDATA[
        
        ]]>
    </name>
    <cmt>
        
        </cmt>
    <desc><![CDATA[]]>
    </desc>
    <sym>Flag, Blue</sym>
    <type>user</type>
    <extensions>
      <PosType>0</PosType>
      <Speed>0.9352503</Speed>
      <Accuracy>1.5</Accuracy>
      <Time>1770173188458</Time>
      <description><![CDATA[]]>
      </description>
      <FileId>1563342053</FileId>
      <FileSize>4717758</FileSize>
      <FileType>0</FileType>
    </extensions>
  </wpt>
  <wpt lat="28.7704465" lon="119.7347794">
    <ele>418.2</ele>
    <time>2026-02-04T02:47:50Z</time>
    <name><![CDATA[
        
        ]]>
    </name>
    <cmt>
        
        </cmt>
    <desc><![CDATA[]]>
    </desc>
    <sym>Flag, Blue</sym>
    <type>user</type>
    <extensions>
      <PosType>0</PosType>
      <Speed>0.0</Speed>
      <Accuracy>1.4</Accuracy>
      <Time>1770173270446</Time>
      <description><![CDATA[]]>
      </description>
      <FileId>1563342052</FileId>
      <FileSize>4852332</FileSize>
      <FileType>0</FileType>
    </extensions>
  </wpt>
  <wpt lat="28.77044" lon="119.7348939">
    <ele>418.7</ele>
    <time>2026-02-04T02:48:14Z</time>
    <name><![CDATA[
        
        ]]>
    </name>
    <cmt>
        
        </cmt>
    <desc><![CDATA[]]>
    </desc>
    <sym>Flag, Blue</sym>
    <type>user</type>
    <extensions>
      <PosType>0</PosType>
      <Speed>0.49670693</Speed>
      <Accuracy>1.4</Accuracy>
      <Time>1770173294461</Time>
      <description><![CDATA[]]>
      </description>
      <FileId>1563342049</FileId>
      <FileSize>4412707</FileSize>
      <FileType>0</FileType>
    </extensions>
  </wpt>
  <wpt lat="28.7702646" lon="119.7352695">
    <ele>425.9</ele>
    <time>2026-02-04T02:49:18Z</time>
    <name><![CDATA[
        
        ]]>
    </name>
    <cmt>
        
        </cmt>
    <desc><![CDATA[]]>
    </desc>
    <sym>Flag, Blue</sym>
    <type>user</type>
    <extensions>
      <PosType>0</PosType>
      <Speed>0.90230805</Speed>
      <Accuracy>1.5</Accuracy>
      <Time>1770173358448</Time>
      <description><![CDATA[]]>
      </description>
      <FileId>1563342047</FileId>
      <FileSize>3857664</FileSize>
      <FileType>0</FileType>
    </extensions>
  </wpt>
  <wpt lat="28.7696783" lon="119.7356283">
    <ele>452.2</ele>
    <time>2026-02-04T02:52:46Z</time>
    <name><![CDATA[
        
        ]]>
    </name>
    <cmt>
        
        </cmt>
    <desc><![CDATA[]]>
    </desc>
    <sym>Flag, Blue</sym>
    <type>user</type>
    <extensions>
      <PosType>0</PosType>
      <Speed>0.44780833</Speed>
      <Accuracy>1.6</Accuracy>
      <Time>1770173566464</Time>
      <description><![CDATA[]]>
      </description>
      <FileId>1563342046</FileId>
      <FileSize>3665440</FileSize>
      <FileType>0</FileType>
    </extensions>
  </wpt>
  <wpt lat="28.7694683" lon="119.7357617">
    <ele>470.0</ele>
    <time>2026-02-04T02:54:20Z</time>
    <name><![CDATA[
        
        ]]>
    </name>
    <cmt>
        
        </cmt>
    <desc><![CDATA[]]>
    </desc>
    <sym>Flag, Blue</sym>
    <type>user</type>
    <extensions>
      <PosType>0</PosType>
      <Speed>0.54148775</Speed>
      <Accuracy>1.5</Accuracy>
      <Time>1770173660495</Time>
      <description><![CDATA[]]>
      </description>
      <FileId>1563342045</FileId>
      <FileSize>3287966</FileSize>
      <FileType>0</FileType>
    </extensions>
  </wpt>
  <wpt lat="28.7692" lon="119.735775">
    <ele>478.6</ele>
    <time>2026-02-04T02:56:56Z</time>
    <name><![CDATA[
        
        ]]>
    </name>
    <cmt>
        
        </cmt>
    <desc><![CDATA[]]>
    </desc>
    <sym>Flag, Blue</sym>
    <type>user</type>
    <extensions>
      <PosType>0</PosType>
      <Speed>0.5245019</Speed>
      <Accuracy>1.7</Accuracy>
      <Time>1770173816464</Time>
      <description><![CDATA[]]>
      </description>
      <FileId>1563342043</FileId>
      <FileSize>3298146</FileSize>
      <FileType>0</FileType>
    </extensions>
  </wpt>
  <wpt lat="28.7690717" lon="119.735995">
    <ele>496.9</ele>
    <time>2026-02-04T03:00:16Z</time>
    <name><![CDATA[
        
        ]]>
    </name>
    <cmt>
        
        </cmt>
    <desc><![CDATA[]]>
    </desc>
    <sym>Flag, Blue</sym>
    <type>user</type>
    <extensions>
      <PosType>0</PosType>
      <Speed>0.23831639</Speed>
      <Accuracy>1.6</Accuracy>
      <Time>1770174016437</Time>
      <description><![CDATA[]]>
      </description>
      <FileId>1563342040</FileId>
      <FileSize>3574823</FileSize>
      <FileType>0</FileType>
    </extensions>
  </wpt>
  <wpt lat="28.7680967" lon="119.73654">
    <ele>599.1</ele>
    <time>2026-02-04T03:19:22Z</time>
    <name><![CDATA[
        
        ]]>
    </name>
    <cmt>
        
        </cmt>
    <desc><![CDATA[]]>
    </desc>
    <sym>Flag, Blue</sym>
    <type>user</type>
    <extensions>
      <PosType>0</PosType>
      <Speed>0.0</Speed>
      <Accuracy>1.4</Accuracy>
      <Time>1770175162397</Time>
      <description><![CDATA[]]>
      </description>
      <FileId>1563342036</FileId>
      <FileSize>3597312</FileSize>
      <FileType>0</FileType>
    </extensions>
  </wpt>
  <wpt lat="28.768065" lon="119.7365767">
    <ele>603.2</ele>
    <time>2026-02-04T03:19:40Z</time>
    <name><![CDATA[
        
        ]]>
    </name>
    <cmt>
        
        </cmt>
    <desc><![CDATA[]]>
    </desc>
    <sym>Flag, Blue</sym>
    <type>user</type>
    <extensions>
      <PosType>0</PosType>
      <Speed>0.29750943</Speed>
      <Accuracy>1.4</Accuracy>
      <Time>1770175180483</Time>
      <description><![CDATA[]]>
      </description>
      <FileId>1563342035</FileId>
      <FileSize>3635008</FileSize>
      <FileType>0</FileType>
    </extensions>
  </wpt>
  <wpt lat="28.76809" lon="119.7365633">
    <ele>611.5</ele>
    <time>2026-02-04T03:24:04Z</time>
    <name><![CDATA[
        
        ]]>
    </name>
    <cmt>
        
        </cmt>
    <desc><![CDATA[]]>
    </desc>
    <sym>Flag, Blue</sym>
    <type>user</type>
    <extensions>
      <PosType>0</PosType>
      <Speed>0.0</Speed>
      <Accuracy>1.2</Accuracy>
      <Time>1770175444439</Time>
      <description><![CDATA[]]>
      </description>
      <FileId>1563342034</FileId>
      <FileSize>4168840</FileSize>
      <FileType>0</FileType>
    </extensions>
  </wpt>
  <wpt lat="28.7682333" lon="119.737665">
    <ele>589.9</ele>
    <time>2026-02-04T03:30:44Z</time>
    <name><![CDATA[
        
        ]]>
    </name>
    <cmt>
        
        </cmt>
    <desc><![CDATA[]]>
    </desc>
    <sym>Flag, Blue</sym>
    <type>user</type>
    <extensions>
      <PosType>0</PosType>
      <Speed>0.27177334</Speed>
      <Accuracy>1.2</Accuracy>
      <Time>1770175844469</Time>
      <description><![CDATA[]]>
      </description>
      <FileId>1563342033</FileId>
      <FileSize>4205551</FileSize>
      <FileType>0</FileType>
    </extensions>
  </wpt>
  <wpt lat="28.7682688" lon="119.7378718">
    <ele>588.2</ele>
    <time>2026-02-04T03:31:30Z</time>
    <name><![CDATA[
        
        ]]>
    </name>
    <cmt>
        
        </cmt>
    <desc><![CDATA[]]>
    </desc>
    <sym>Flag, Blue</sym>
    <type>user</type>
    <extensions>
      <PosType>0</PosType>
      <Speed>0.5502381</Speed>
      <Accuracy>1.3</Accuracy>
      <Time>1770175890450</Time>
      <description><![CDATA[]]>
      </description>
      <FileId>1563342032</FileId>
      <FileSize>3338796</FileSize>
      <FileType>0</FileType>
    </extensions>
  </wpt>
  <wpt lat="28.7683312" lon="119.7380746">
    <ele>588.3</ele>
    <time>2026-02-04T03:32:44Z</time>
    <name><![CDATA[
        
        ]]>
    </name>
    <cmt>
        
        </cmt>
    <desc><![CDATA[]]>
    </desc>
    <sym>Flag, Blue</sym>
    <type>user</type>
    <extensions>
      <PosType>0</PosType>
      <Speed>0.0</Speed>
      <Accuracy>1.4</Accuracy>
      <Time>1770175964431</Time>
      <description><![CDATA[]]>
      </description>
      <FileId>1563342031</FileId>
      <FileSize>3864821</FileSize>
      <FileType>0</FileType>
    </extensions>
  </wpt>
  <wpt lat="28.7687307" lon="119.7383198">
    <ele>601.3</ele>
    <time>2026-02-04T03:34:18Z</time>
    <name><![CDATA[
        
        ]]>
    </name>
    <cmt>
        
        </cmt>
    <desc><![CDATA[]]>
    </desc>
    <sym>Flag, Blue</sym>
    <type>user</type>
    <extensions>
      <PosType>0</PosType>
      <Speed>0.5075161</Speed>
      <Accuracy>1.3</Accuracy>
      <Time>1770176058456</Time>
      <description><![CDATA[]]>
      </description>
      <FileId>1563342030</FileId>
      <FileSize>3879254</FileSize>
      <FileType>0</FileType>
    </extensions>
  </wpt>
  <wpt lat="28.7691832" lon="119.7384247">
    <ele>606.2</ele>
    <time>2026-02-04T03:35:44Z</time>
    <name><![CDATA[
        
        ]]>
    </name>
    <cmt>
        
        </cmt>
    <desc><![CDATA[]]>
    </desc>
    <sym>Flag, Blue</sym>
    <type>user</type>
    <extensions>
      <PosType>0</PosType>
      <Speed>0.7000222</Speed>
      <Accuracy>1.3</Accuracy>
      <Time>1770176144451</Time>
      <description><![CDATA[]]>
      </description>
      <FileId>1563342029</FileId>
      <FileSize>4148848</FileSize>
      <FileType>0</FileType>
    </extensions>
  </wpt>
  <wpt lat="28.7693453" lon="119.7384873">
    <ele>610.2</ele>
    <time>2026-02-04T03:36:24Z</time>
    <name><![CDATA[
        
        ]]>
    </name>
    <cmt>
        
        </cmt>
    <desc><![CDATA[]]>
    </desc>
    <sym>Flag, Blue</sym>
    <type>user</type>
    <extensions>
      <PosType>0</PosType>
      <Speed>0.6068575</Speed>
      <Accuracy>1.3</Accuracy>
      <Time>1770176184459</Time>
      <description><![CDATA[]]>
      </description>
      <FileId>1563342028</FileId>
      <FileSize>4087862</FileSize>
      <FileType>0</FileType>
    </extensions>
  </wpt>
  <wpt lat="28.7695293" lon="119.7384519">
    <ele>609.6</ele>
    <time>2026-02-04T03:36:58Z</time>
    <name><![CDATA[
        
        ]]>
    </name>
    <cmt>
        
        </cmt>
    <desc><![CDATA[]]>
    </desc>
    <sym>Flag, Blue</sym>
    <type>user</type>
    <extensions>
      <PosType>0</PosType>
      <Speed>0.5435467</Speed>
      <Accuracy>1.3</Accuracy>
      <Time>1770176218449</Time>
      <description><![CDATA[]]>
      </description>
      <FileId>1563342026</FileId>
      <FileSize>3070434</FileSize>
      <FileType>0</FileType>
    </extensions>
  </wpt>
  <wpt lat="28.7696097" lon="119.7383936">
    <ele>611.8</ele>
    <time>2026-02-04T03:37:22Z</time>
    <name><![CDATA[
        
        ]]>
    </name>
    <cmt>
        
        </cmt>
    <desc><![CDATA[]]>
    </desc>
    <sym>Flag, Blue</sym>
    <type>user</type>
    <extensions>
      <PosType>0</PosType>
      <Speed>0.453985</Speed>
      <Accuracy>1.3</Accuracy>
      <Time>1770176242443</Time>
      <description><![CDATA[]]>
      </description>
      <FileId>1563341973</FileId>
      <FileSize>4151266</FileSize>
      <FileType>0</FileType>
    </extensions>
  </wpt>
  <wpt lat="28.7697918" lon="119.738274">
    <ele>614.4</ele>
    <time>2026-02-04T03:38:18Z</time>
    <name><![CDATA[
        
        ]]>
    </name>
    <cmt>
        
        </cmt>
    <desc><![CDATA[]]>
    </desc>
    <sym>Flag, Blue</sym>
    <type>user</type>
    <extensions>
      <PosType>0</PosType>
      <Speed>0.32478973</Speed>
      <Accuracy>1.4</Accuracy>
      <Time>1770176298452</Time>
      <description><![CDATA[]]>
      </description>
      <FileId>1563341971</FileId>
      <FileSize>3068596</FileSize>
      <FileType>0</FileType>
    </extensions>
  </wpt>
  <wpt lat="28.7700323" lon="119.7384267">
    <ele>623.8</ele>
    <time>2026-02-04T03:39:24Z</time>
    <name><![CDATA[
        
        ]]>
    </name>
    <cmt>
        
        </cmt>
    <desc><![CDATA[]]>
    </desc>
    <sym>Flag, Blue</sym>
    <type>user</type>
    <extensions>
      <PosType>0</PosType>
      <Speed>0.46685305</Speed>
      <Accuracy>1.3</Accuracy>
      <Time>1770176364456</Time>
      <description><![CDATA[]]>
      </description>
      <FileId>1563341969</FileId>
      <FileSize>3832728</FileSize>
      <FileType>0</FileType>
    </extensions>
  </wpt>
  <wpt lat="28.7704844" lon="119.738754">
    <ele>649.7</ele>
    <time>2026-02-04T03:42:14Z</time>
    <name><![CDATA[
        
        ]]>
    </name>
    <cmt>
        
        </cmt>
    <desc><![CDATA[]]>
    </desc>
    <sym>Flag, Blue</sym>
    <type>user</type>
    <extensions>
      <PosType>0</PosType>
      <Speed>0.41641027</Speed>
      <Accuracy>1.3</Accuracy>
      <Time>1770176534426</Time>
      <description><![CDATA[]]>
      </description>
      <FileId>1563341968</FileId>
      <FileSize>4489542</FileSize>
      <FileType>0</FileType>
    </extensions>
  </wpt>
  <wpt lat="28.7710489" lon="119.7392233">
    <ele>636.0</ele>
    <time>2026-02-04T03:45:36Z</time>
    <name><![CDATA[
        
        ]]>
    </name>
    <cmt>
        
        </cmt>
    <desc><![CDATA[]]>
    </desc>
    <sym>Flag, Blue</sym>
    <type>user</type>
    <extensions>
      <PosType>0</PosType>
      <Speed>0.0</Speed>
      <Accuracy>1.2</Accuracy>
      <Time>1770176736483</Time>
      <description><![CDATA[]]>
      </description>
      <FileId>1563341967</FileId>
      <FileSize>4580669</FileSize>
      <FileType>0</FileType>
    </extensions>
  </wpt>
  <wpt lat="28.7711744" lon="119.7393789">
    <ele>636.8</ele>
    <time>2026-02-04T03:46:52Z</time>
    <name><![CDATA[
        
        ]]>
    </name>
    <cmt>
        
        </cmt>
    <desc><![CDATA[]]>
    </desc>
    <sym>Flag, Blue</sym>
    <type>user</type>
    <extensions>
      <PosType>0</PosType>
      <Speed>0.38089445</Speed>
      <Accuracy>1.5</Accuracy>
      <Time>1770176812428</Time>
      <description><![CDATA[]]>
      </description>
      <FileId>1563341965</FileId>
      <FileSize>3490971</FileSize>
      <FileType>0</FileType>
    </extensions>
  </wpt>
  <wpt lat="28.7711917" lon="119.7398517">
    <ele>670.3</ele>
    <time>2026-02-04T03:51:16Z</time>
    <name><![CDATA[彩带
        
        ]]>
    </name>
    <cmt>彩带
        
        </cmt>
    <desc><![CDATA[]]>
    </desc>
    <sym>Flag, Blue</sym>
    <type>user</type>
    <extensions>
      <PosType>0</PosType>
      <Speed>0.5404583</Speed>
      <Accuracy>1.3</Accuracy>
      <Time>1770177076444</Time>
      <description><![CDATA[]]>
      </description>
      <FileId>1563341964</FileId>
      <FileSize>3097768</FileSize>
      <FileType>0</FileType>
    </extensions>
  </wpt>
  <wpt lat="28.7711917" lon="119.7398517">
    <ele>670.3</ele>
    <time>2026-02-04T03:51:16Z</time>
    <name><![CDATA[
        
        ]]>
    </name>
    <cmt>
        
        </cmt>
    <desc><![CDATA[]]>
    </desc>
    <sym>Flag, Blue</sym>
    <type>user</type>
    <extensions>
      <PosType>0</PosType>
      <Speed>0.5404583</Speed>
      <Accuracy>1.3</Accuracy>
      <Time>1770177076444</Time>
      <description><![CDATA[]]>
      </description>
      <FileId>1563341962</FileId>
      <FileSize>4216937</FileSize>
      <FileType>0</FileType>
    </extensions>
  </wpt>
  <wpt lat="28.77127" lon="119.73991">
    <ele>677.4</ele>
    <time>2026-02-04T03:57:06Z</time>
    <name><![CDATA[
        
        ]]>
    </name>
    <cmt>
        
        </cmt>
    <desc><![CDATA[]]>
    </desc>
    <sym>Flag, Blue</sym>
    <type>user</type>
    <extensions>
      <PosType>0</PosType>
      <Speed>0.47611806</Speed>
      <Accuracy>1.3</Accuracy>
      <Time>1770177426450</Time>
      <description><![CDATA[]]>
      </description>
      <FileId>1563341961</FileId>
      <FileSize>2688098</FileSize>
      <FileType>0</FileType>
    </extensions>
  </wpt>
  <wpt lat="28.7713417" lon="119.73994">
    <ele>684.0</ele>
    <time>2026-02-04T04:00:08Z</time>
    <name><![CDATA[
        
        ]]>
    </name>
    <cmt>
        
        </cmt>
    <desc><![CDATA[]]>
    </desc>
    <sym>Flag, Blue</sym>
    <type>user</type>
    <extensions>
      <PosType>0</PosType>
      <Speed>0.48950082</Speed>
      <Accuracy>1.5</Accuracy>
      <Time>1770177608360</Time>
      <description><![CDATA[]]>
      </description>
      <FileId>1563341959</FileId>
      <FileSize>2429709</FileSize>
      <FileType>0</FileType>
    </extensions>
  </wpt>
  <wpt lat="28.7715513" lon="119.7401166">
    <ele>693.7</ele>
    <time>2026-02-04T04:02:08Z</time>
    <name><![CDATA[
        
        ]]>
    </name>
    <cmt>
        
        </cmt>
    <desc><![CDATA[]]>
    </desc>
    <sym>Flag, Blue</sym>
    <type>user</type>
    <extensions>
      <PosType>0</PosType>
      <Speed>0.6094311</Speed>
      <Accuracy>1.4</Accuracy>
      <Time>1770177728453</Time>
      <description><![CDATA[]]>
      </description>
      <FileId>1563341958</FileId>
      <FileSize>3910005</FileSize>
      <FileType>0</FileType>
    </extensions>
  </wpt>
  <wpt lat="28.7716706" lon="119.7400897">
    <ele>699.1</ele>
    <time>2026-02-04T04:02:46Z</time>
    <name><![CDATA[
        
        ]]>
    </name>
    <cmt>
        
        </cmt>
    <desc><![CDATA[]]>
    </desc>
    <sym>Flag, Blue</sym>
    <type>user</type>
    <extensions>
      <PosType>0</PosType>
      <Speed>0.3659675</Speed>
      <Accuracy>1.4</Accuracy>
      <Time>1770177766472</Time>
      <description><![CDATA[]]>
      </description>
      <FileId>1563341957</FileId>
      <FileSize>4208939</FileSize>
      <FileType>0</FileType>
    </extensions>
  </wpt>
  <wpt lat="28.7719018" lon="119.7401072">
    <ele>705.3</ele>
    <time>2026-02-04T04:04:00Z</time>
    <name><![CDATA[
        
        ]]>
    </name>
    <cmt>
        
        </cmt>
    <desc><![CDATA[]]>
    </desc>
    <sym>Flag, Blue</sym>
    <type>user</type>
    <extensions>
      <PosType>0</PosType>
      <Speed>0.5301639</Speed>
      <Accuracy>1.4</Accuracy>
      <Time>1770177840473</Time>
      <description><![CDATA[]]>
      </description>
      <FileId>1563341956</FileId>
      <FileSize>4166784</FileSize>
      <FileType>0</FileType>
    </extensions>
  </wpt>
  <wpt lat="28.7722267" lon="119.7390167">
    <ele>719.8</ele>
    <time>2026-02-04T04:41:06Z</time>
    <name><![CDATA[登顶拍照
        
        ]]>
    </name>
    <cmt>登顶拍照
        
        </cmt>
    <desc><![CDATA[]]>
    </desc>
    <sym>Flag, Blue</sym>
    <type>user</type>
    <extensions>
      <PosType>0</PosType>
      <Speed>0.30883333</Speed>
      <Accuracy>1.2</Accuracy>
      <Time>1770180066506</Time>
      <description><![CDATA[]]>
      </description>
      <FileId>1563341954</FileId>
      <FileSize>2510360</FileSize>
      <FileType>0</FileType>
    </extensions>
  </wpt>
  <wpt lat="28.7720569" lon="119.73942">
    <ele>703.5</ele>
    <time>2026-02-04T04:55:02Z</time>
    <name><![CDATA[
        
        ]]>
    </name>
    <cmt>
        
        </cmt>
    <desc><![CDATA[]]>
    </desc>
    <sym>Flag, Blue</sym>
    <type>user</type>
    <extensions>
      <PosType>0</PosType>
      <Speed>0.64855</Speed>
      <Accuracy>1.3</Accuracy>
      <Time>1770180902405</Time>
      <description><![CDATA[]]>
      </description>
      <FileId>1563341952</FileId>
      <FileSize>4109976</FileSize>
      <FileType>0</FileType>
    </extensions>
  </wpt>
  <wpt lat="28.7725033" lon="119.7392017">
    <ele>670.5</ele>
    <time>2026-02-04T05:02:46Z</time>
    <name><![CDATA[
        
        ]]>
    </name>
    <cmt>
        
        </cmt>
    <desc><![CDATA[]]>
    </desc>
    <sym>Flag, Blue</sym>
    <type>user</type>
    <extensions>
      <PosType>0</PosType>
      <Speed>0.0</Speed>
      <Accuracy>1.4</Accuracy>
      <Time>1770181366423</Time>
      <description><![CDATA[]]>
      </description>
      <FileId>1563341949</FileId>
      <FileSize>1991314</FileSize>
      <FileType>0</FileType>
    </extensions>
  </wpt>
  <wpt lat="28.7727167" lon="119.7391033">
    <ele>668.3</ele>
    <time>2026-02-04T05:05:34Z</time>
    <name><![CDATA[
        
        ]]>
    </name>
    <cmt>
        
        </cmt>
    <desc><![CDATA[]]>
    </desc>
    <sym>Flag, Blue</sym>
    <type>user</type>
    <extensions>
      <PosType>0</PosType>
      <Speed>0.0</Speed>
      <Accuracy>1.5</Accuracy>
      <Time>1770181534488</Time>
      <description><![CDATA[]]>
      </description>
      <FileId>1563341945</FileId>
      <FileSize>4228286</FileSize>
      <FileType>0</FileType>
    </extensions>
  </wpt>
  <wpt lat="28.7729881" lon="119.7390667">
    <ele>668.9</ele>
    <time>2026-02-04T05:06:54Z</time>
    <name><![CDATA[
        
        ]]>
    </name>
    <cmt>
        
        </cmt>
    <desc><![CDATA[]]>
    </desc>
    <sym>Flag, Blue</sym>
    <type>user</type>
    <extensions>
      <PosType>0</PosType>
      <Speed>0.6073722</Speed>
      <Accuracy>1.4</Accuracy>
      <Time>1770181614460</Time>
      <description><![CDATA[]]>
      </description>
      <FileId>1563341943</FileId>
      <FileSize>4171286</FileSize>
      <FileType>0</FileType>
    </extensions>
  </wpt>
  <wpt lat="28.7732641" lon="119.7389519">
    <ele>683.2</ele>
    <time>2026-02-04T05:08:04Z</time>
    <name><![CDATA[下个山顶
        
        ]]>
    </name>
    <cmt>下个山顶
        
        </cmt>
    <desc><![CDATA[]]>
    </desc>
    <sym>Flag, Blue</sym>
    <type>user</type>
    <extensions>
      <PosType>0</PosType>
      <Speed>0.4400875</Speed>
      <Accuracy>1.2</Accuracy>
      <Time>1770181684439</Time>
      <description><![CDATA[]]>
      </description>
      <FileId>1563341942</FileId>
      <FileSize>4179298</FileSize>
      <FileType>0</FileType>
    </extensions>
  </wpt>
  <wpt lat="28.7733726" lon="119.7387754">
    <ele>684.4</ele>
    <time>2026-02-04T05:09:08Z</time>
    <name><![CDATA[
        
        ]]>
    </name>
    <cmt>
        
        </cmt>
    <desc><![CDATA[]]>
    </desc>
    <sym>Flag, Blue</sym>
    <type>user</type>
    <extensions>
      <PosType>0</PosType>
      <Speed>0.2939064</Speed>
      <Accuracy>1.4</Accuracy>
      <Time>1770181748500</Time>
      <description><![CDATA[]]>
      </description>
      <FileId>1563341939</FileId>
      <FileSize>3903444</FileSize>
      <FileType>0</FileType>
    </extensions>
  </wpt>
  <wpt lat="28.773385" lon="119.7387333">
    <ele>689.6</ele>
    <time>2026-02-04T05:14:18Z</time>
    <name><![CDATA[
        
        ]]>
    </name>
    <cmt>
        
        </cmt>
    <desc><![CDATA[]]>
    </desc>
    <sym>Flag, Blue</sym>
    <type>user</type>
    <extensions>
      <PosType>0</PosType>
      <Speed>0.25993472</Speed>
      <Accuracy>1.4</Accuracy>
      <Time>1770182058468</Time>
      <description><![CDATA[]]>
      </description>
      <FileId>1563341936</FileId>
      <FileSize>3817426</FileSize>
      <FileType>0</FileType>
    </extensions>
  </wpt>
  <wpt lat="28.7743027" lon="119.7389893">
    <ele>675.7</ele>
    <time>2026-02-04T05:17:38Z</time>
    <name><![CDATA[
        
        ]]>
    </name>
    <cmt>
        
        </cmt>
    <desc><![CDATA[]]>
    </desc>
    <sym>Flag, Blue</sym>
    <type>user</type>
    <extensions>
      <PosType>0</PosType>
      <Speed>0.398395</Speed>
      <Accuracy>1.2</Accuracy>
      <Time>1770182258497</Time>
      <description><![CDATA[]]>
      </description>
      <FileId>1563341930</FileId>
      <FileSize>3125485</FileSize>
      <FileType>0</FileType>
    </extensions>
  </wpt>
  <wpt lat="28.7744478" lon="119.7391098">
    <ele>673.3</ele>
    <time>2026-02-04T05:18:12Z</time>
    <name><![CDATA[
        
        ]]>
    </name>
    <cmt>
        
        </cmt>
    <desc><![CDATA[]]>
    </desc>
    <sym>Flag, Blue</sym>
    <type>user</type>
    <extensions>
      <PosType>0</PosType>
      <Speed>0.56001776</Speed>
      <Accuracy>1.5</Accuracy>
      <Time>1770182292483</Time>
      <description><![CDATA[]]>
      </description>
      <FileId>1563341925</FileId>
      <FileSize>4127465</FileSize>
      <FileType>0</FileType>
    </extensions>
  </wpt>
  <wpt lat="28.7759583" lon="119.73914">
    <ele>722.0</ele>
    <time>2026-02-04T05:36:56Z</time>
    <name><![CDATA[第三个顶
        
        ]]>
    </name>
    <cmt>第三个顶
        
        </cmt>
    <desc><![CDATA[]]>
    </desc>
    <sym>Flag, Blue</sym>
    <type>user</type>
    <extensions>
      <PosType>0</PosType>
      <Speed>0.0</Speed>
      <Accuracy>1.6</Accuracy>
      <Time>1770183416459</Time>
      <description><![CDATA[]]>
      </description>
      <FileId>1563341921</FileId>
      <FileSize>3318018</FileSize>
      <FileType>0</FileType>
    </extensions>
  </wpt>
  <wpt lat="28.7755984" lon="119.7390234">
    <ele>719.2</ele>
    <time>2026-02-04T05:38:16Z</time>
    <name><![CDATA[
        
        ]]>
    </name>
    <cmt>
        
        </cmt>
    <desc><![CDATA[]]>
    </desc>
    <sym>Flag, Blue</sym>
    <type>user</type>
    <extensions>
      <PosType>0</PosType>
      <Speed>0.75149447</Speed>
      <Accuracy>1.3</Accuracy>
      <Time>1770183496465</Time>
      <description><![CDATA[]]>
      </description>
      <FileId>1563341918</FileId>
      <FileSize>2654546</FileSize>
      <FileType>0</FileType>
    </extensions>
  </wpt>
  <wpt lat="28.775795" lon="119.739075">
    <ele>724.6</ele>
    <time>2026-02-04T05:39:48Z</time>
    <name><![CDATA[
        
        ]]>
    </name>
    <cmt>
        
        </cmt>
    <desc><![CDATA[]]>
    </desc>
    <sym>Flag, Blue</sym>
    <type>user</type>
    <extensions>
      <PosType>0</PosType>
      <Speed>0.67788917</Speed>
      <Accuracy>1.4</Accuracy>
      <Time>1770183588443</Time>
      <description><![CDATA[]]>
      </description>
      <FileId>1563341914</FileId>
      <FileSize>4060353</FileSize>
      <FileType>0</FileType>
    </extensions>
  </wpt>
  <wpt lat="28.7759766" lon="119.7391039">
    <ele>724.4</ele>
    <time>2026-02-04T05:40:30Z</time>
    <name><![CDATA[
        
        ]]>
    </name>
    <cmt>
        
        </cmt>
    <desc><![CDATA[]]>
    </desc>
    <sym>Flag, Blue</sym>
    <type>user</type>
    <extensions>
      <PosType>0</PosType>
      <Speed>0.3844975</Speed>
      <Accuracy>1.4</Accuracy>
      <Time>1770183630429</Time>
      <description><![CDATA[]]>
      </description>
      <FileId>1563341909</FileId>
      <FileSize>3730699</FileSize>
      <FileType>0</FileType>
    </extensions>
  </wpt>
  <wpt lat="28.7765932" lon="119.7391497">
    <ele>730.9</ele>
    <time>2026-02-04T05:43:50Z</time>
    <name><![CDATA[第四个顶
        
        ]]>
    </name>
    <cmt>第四个顶
        
        </cmt>
    <desc><![CDATA[]]>
    </desc>
    <sym>Flag, Blue</sym>
    <type>user</type>
    <extensions>
      <PosType>0</PosType>
      <Speed>0.58266556</Speed>
      <Accuracy>1.5</Accuracy>
      <Time>1770183830449</Time>
      <description><![CDATA[]]>
      </description>
      <FileId>1563341907</FileId>
      <FileSize>3359030</FileSize>
      <FileType>0</FileType>
    </extensions>
  </wpt>
  <wpt lat="28.77679" lon="119.73895">
    <ele>719.0</ele>
    <time>2026-02-04T05:46:50Z</time>
    <name><![CDATA[
        
        ]]>
    </name>
    <cmt>
        
        </cmt>
    <desc><![CDATA[]]>
    </desc>
    <sym>Flag, Blue</sym>
    <type>user</type>
    <extensions>
      <PosType>0</PosType>
      <Speed>0.3958214</Speed>
      <Accuracy>1.4</Accuracy>
      <Time>1770184010473</Time>
      <description><![CDATA[]]>
      </description>
      <FileId>1563341904</FileId>
      <FileSize>3845620</FileSize>
      <FileType>0</FileType>
    </extensions>
  </wpt>
  <wpt lat="28.7769417" lon="119.7388217">
    <ele>704.2</ele>
    <time>2026-02-04T05:49:12Z</time>
    <name><![CDATA[
        
        ]]>
    </name>
    <cmt>
        
        </cmt>
    <desc><![CDATA[]]>
    </desc>
    <sym>Flag, Blue</sym>
    <type>user</type>
    <extensions>
      <PosType>0</PosType>
      <Speed>0.1806675</Speed>
      <Accuracy>1.3</Accuracy>
      <Time>1770184152444</Time>
      <description><![CDATA[]]>
      </description>
      <FileId>1563341902</FileId>
      <FileSize>3904207</FileSize>
      <FileType>0</FileType>
    </extensions>
  </wpt>
  <wpt lat="28.7771695" lon="119.7382334">
    <ele>699.7</ele>
    <time>2026-02-04T05:51:36Z</time>
    <name><![CDATA[
        
        ]]>
    </name>
    <cmt>
        
        </cmt>
    <desc><![CDATA[]]>
    </desc>
    <sym>Flag, Blue</sym>
    <type>user</type>
    <extensions>
      <PosType>0</PosType>
      <Speed>0.5631061</Speed>
      <Accuracy>1.3</Accuracy>
      <Time>1770184296460</Time>
      <description><![CDATA[]]>
      </description>
      <FileId>1563341898</FileId>
      <FileSize>3844912</FileSize>
      <FileType>0</FileType>
    </extensions>
  </wpt>
  <wpt lat="28.7777994" lon="119.737798">
    <ele>681.0</ele>
    <time>2026-02-04T05:55:06Z</time>
    <name><![CDATA[第五个顶
        
        ]]>
    </name>
    <cmt>第五个顶
        
        </cmt>
    <desc><![CDATA[]]>
    </desc>
    <sym>Flag, Blue</sym>
    <type>user</type>
    <extensions>
      <PosType>0</PosType>
      <Speed>0.7823778</Speed>
      <Accuracy>1.4</Accuracy>
      <Time>1770184506461</Time>
      <description><![CDATA[]]>
      </description>
      <FileId>1563341895</FileId>
      <FileSize>3742374</FileSize>
      <FileType>0</FileType>
    </extensions>
  </wpt>
  <wpt lat="28.7784671" lon="119.7371877">
    <ele>694.9</ele>
    <time>2026-02-04T05:58:56Z</time>
    <name><![CDATA[
        
        ]]>
    </name>
    <cmt>
        
        </cmt>
    <desc><![CDATA[]]>
    </desc>
    <sym>Flag, Blue</sym>
    <type>user</type>
    <extensions>
      <PosType>0</PosType>
      <Speed>0.51317805</Speed>
      <Accuracy>1.4</Accuracy>
      <Time>1770184736478</Time>
      <description><![CDATA[]]>
      </description>
      <FileId>1563341890</FileId>
      <FileSize>3995339</FileSize>
      <FileType>0</FileType>
    </extensions>
  </wpt>
  <wpt lat="28.7771687" lon="119.7346554">
    <ele>589.4</ele>
    <time>2026-02-04T06:15:59Z</time>
    <name><![CDATA[
        
        ]]>
    </name>
    <cmt>
        
        </cmt>
    <desc><![CDATA[]]>
    </desc>
    <sym>Flag, Blue</sym>
    <type>user</type>
    <extensions>
      <PosType>0</PosType>
      <Speed>0.16677</Speed>
      <Accuracy>1.4</Accuracy>
      <Time>1770185759469</Time>
      <description><![CDATA[]]>
      </description>
      <FileId>1563341888</FileId>
      <FileSize>3830816</FileSize>
      <FileType>0</FileType>
    </extensions>
  </wpt>
  <wpt lat="28.7768959" lon="119.7343119">
    <ele>564.7</ele>
    <time>2026-02-04T06:18:29Z</time>
    <name><![CDATA[飘带
        
        ]]>
    </name>
    <cmt>飘带
        
        </cmt>
    <desc><![CDATA[]]>
    </desc>
    <sym>Flag, Blue</sym>
    <type>user</type>
    <extensions>
      <PosType>0</PosType>
      <Speed>0.27589113</Speed>
      <Accuracy>1.6</Accuracy>
      <Time>1770185909459</Time>
      <description><![CDATA[]]>
      </description>
      <FileId>1563341885</FileId>
      <FileSize>3515950</FileSize>
      <FileType>0</FileType>
    </extensions>
  </wpt>
  <wpt lat="28.776285" lon="119.7325">
    <ele>485.5</ele>
    <time>2026-02-04T06:29:19Z</time>
    <name><![CDATA[平路
        
        ]]>
    </name>
    <cmt>平路
        
        </cmt>
    <desc><![CDATA[]]>
    </desc>
    <sym>Flag, Blue</sym>
    <type>user</type>
    <extensions>
      <PosType>0</PosType>
      <Speed>0.34640807</Speed>
      <Accuracy>1.5</Accuracy>
      <Time>1770186559473</Time>
      <description><![CDATA[]]>
      </description>
      <FileId>1563341883</FileId>
      <FileSize>3864986</FileSize>
      <FileType>0</FileType>
    </extensions>
  </wpt>
  <wpt lat="28.7759181" lon="119.7324137">
    <ele>479.7</ele>
    <time>2026-02-04T06:31:45Z</time>
    <name><![CDATA[
        
        ]]>
    </name>
    <cmt>
        
        </cmt>
    <desc><![CDATA[]]>
    </desc>
    <sym>Flag, Blue</sym>
    <type>user</type>
    <extensions>
      <PosType>0</PosType>
      <Speed>0.47766224</Speed>
      <Accuracy>1.6</Accuracy>
      <Time>1770186705481</Time>
      <description><![CDATA[]]>
      </description>
      <FileId>1563341881</FileId>
      <FileSize>2924264</FileSize>
      <FileType>0</FileType>
    </extensions>
  </wpt>
  <wpt lat="28.7759352" lon="119.7322307">
    <ele>473.3</ele>
    <time>2026-02-04T06:32:35Z</time>
    <name><![CDATA[
        
        ]]>
    </name>
    <cmt>
        
        </cmt>
    <desc><![CDATA[]]>
    </desc>
    <sym>Flag, Blue</sym>
    <type>user</type>
    <extensions>
      <PosType>0</PosType>
      <Speed>0.53067863</Speed>
      <Accuracy>1.5</Accuracy>
      <Time>1770186755436</Time>
      <description><![CDATA[]]>
      </description>
      <FileId>1563341880</FileId>
      <FileSize>3361912</FileSize>
      <FileType>0</FileType>
    </extensions>
  </wpt>
  <wpt lat="28.7761769" lon="119.7318637">
    <ele>461.6</ele>
    <time>2026-02-04T06:34:19Z</time>
    <name><![CDATA[
        
        ]]>
    </name>
    <cmt>
        
        </cmt>
    <desc><![CDATA[]]>
    </desc>
    <sym>Flag, Blue</sym>
    <type>user</type>
    <extensions>
      <PosType>0</PosType>
      <Speed>0.4025128</Speed>
      <Accuracy>1.6</Accuracy>
      <Time>1770186859437</Time>
      <description><![CDATA[]]>
      </description>
      <FileId>1563341877</FileId>
      <FileSize>2977980</FileSize>
      <FileType>0</FileType>
    </extensions>
  </wpt>
  <wpt lat="28.7763835" lon="119.730607">
    <ele>390.7</ele>
    <time>2026-02-04T06:44:03Z</time>
    <name><![CDATA[
        
        ]]>
    </name>
    <cmt>
        
        </cmt>
    <desc><![CDATA[]]>
    </desc>
    <sym>Flag, Blue</sym>
    <type>user</type>
    <extensions>
      <PosType>0</PosType>
      <Speed>0.24706666</Speed>
      <Accuracy>1.6</Accuracy>
      <Time>1770187443487</Time>
      <description><![CDATA[]]>
      </description>
      <FileId>1563341875</FileId>
      <FileSize>4817354</FileSize>
      <FileType>0</FileType>
    </extensions>
  </wpt>
  <wpt lat="28.7763903" lon="119.7301783">
    <ele>385.4</ele>
    <time>2026-02-04T06:47:03Z</time>
    <name><![CDATA[
        
        ]]>
    </name>
    <cmt>
        
        </cmt>
    <desc><![CDATA[]]>
    </desc>
    <sym>Flag, Blue</sym>
    <type>user</type>
    <extensions>
      <PosType>0</PosType>
      <Speed>0.7216405</Speed>
      <Accuracy>1.7</Accuracy>
      <Time>1770187623485</Time>
      <description><![CDATA[]]>
      </description>
      <FileId>1563341823</FileId>
      <FileSize>4567047</FileSize>
      <FileType>0</FileType>
    </extensions>
  </wpt>
  <wpt lat="28.7762583" lon="119.7293733">
    <ele>358.9</ele>
    <time>2026-02-04T06:52:57Z</time>
    <name><![CDATA[一大片野果
        
        ]]>
    </name>
    <cmt>一大片野果
        
        </cmt>
    <desc><![CDATA[]]>
    </desc>
    <sym>Flag, Blue</sym>
    <type>user</type>
    <extensions>
      <PosType>0</PosType>
      <Speed>0.43185195</Speed>
      <Accuracy>1.8</Accuracy>
      <Time>1770187977369</Time>
      <description><![CDATA[]]>
      </description>
      <FileId>1563341821</FileId>
      <FileSize>2098657</FileSize>
      <FileType>0</FileType>
    </extensions>
  </wpt>
  <wpt lat="28.7758171" lon="119.7285939">
    <ele>329.1</ele>
    <time>2026-02-04T06:58:03Z</time>
    <name><![CDATA[快下山了
        
        ]]>
    </name>
    <cmt>快下山了
        
        </cmt>
    <desc><![CDATA[]]>
    </desc>
    <sym>Flag, Blue</sym>
    <type>user</type>
    <extensions>
      <PosType>0</PosType>
      <Speed>0.9012786</Speed>
      <Accuracy>1.5</Accuracy>
      <Time>1770188283500</Time>
      <description><![CDATA[]]>
      </description>
      <FileId>1563341819</FileId>
      <FileSize>3939757</FileSize>
      <FileType>0</FileType>
    </extensions>
  </wpt>
  <wpt lat="28.77577" lon="119.7281683">
    <ele>309.7</ele>
    <time>2026-02-04T07:01:03Z</time>
    <name><![CDATA[
        
        ]]>
    </name>
    <cmt>
        
        </cmt>
    <desc><![CDATA[]]>
    </desc>
    <sym>Flag, Blue</sym>
    <type>user</type>
    <extensions>
      <PosType>0</PosType>
      <Speed>0.107576944</Speed>
      <Accuracy>1.5</Accuracy>
      <Time>1770188463492</Time>
      <description><![CDATA[]]>
      </description>
      <FileId>1563341818</FileId>
      <FileSize>4128854</FileSize>
      <FileType>0</FileType>
    </extensions>
  </wpt>
  <wpt lat="28.7756849" lon="119.7271709">
    <ele>299.5</ele>
    <time>2026-02-04T07:09:47Z</time>
    <name><![CDATA[洗洗手
        
        ]]>
    </name>
    <cmt>洗洗手
        
        </cmt>
    <desc><![CDATA[]]>
    </desc>
    <sym>Flag, Blue</sym>
    <type>user</type>
    <extensions>
      <PosType>0</PosType>
      <Speed>0.7267878</Speed>
      <Accuracy>1.5</Accuracy>
      <Time>1770188987462</Time>
      <description><![CDATA[]]>
      </description>
      <FileId>1563341815</FileId>
      <FileSize>3520921</FileSize>
      <FileType>0</FileType>
    </extensions>
  </wpt>
  <wpt lat="28.7756172" lon="119.7268904">
    <ele>296.9</ele>
    <time>2026-02-04T07:10:33Z</time>
    <name><![CDATA[
        
        ]]>
    </name>
    <cmt>
        
        </cmt>
    <desc><![CDATA[]]>
    </desc>
    <sym>Flag, Blue</sym>
    <type>user</type>
    <extensions>
      <PosType>0</PosType>
      <Speed>1.2893791</Speed>
      <Accuracy>1.8</Accuracy>
      <Time>1770189033433</Time>
      <description><![CDATA[]]>
      </description>
      <FileId>1563341814</FileId>
      <FileSize>1804192</FileSize>
      <FileType>0</FileType>
    </extensions>
  </wpt>
  <wpt lat="28.7744097" lon="119.7239043">
    <ele>245.9</ele>
    <time>2026-02-04T07:19:43Z</time>
    <name><![CDATA[
        
        ]]>
    </name>
    <cmt>
        
        </cmt>
    <desc><![CDATA[]]>
    </desc>
    <sym>Flag, Blue</sym>
    <type>user</type>
    <extensions>
      <PosType>0</PosType>
      <Speed>0.7432589</Speed>
      <Accuracy>1.7</Accuracy>
      <Time>1770189583405</Time>
      <description><![CDATA[]]>
      </description>
      <FileId>1563341806</FileId>
      <FileSize>3555686</FileSize>
      <FileType>0</FileType>
    </extensions>
  </wpt>
  <wpt lat="28.7751437" lon="119.7227421">
    <ele>233.8</ele>
    <time>2026-02-04T07:22:35Z</time>
    <name><![CDATA[
        
        ]]>
    </name>
    <cmt>
        
        </cmt>
    <desc><![CDATA[]]>
    </desc>
    <sym>Flag, Blue</sym>
    <type>user</type>
    <extensions>
      <PosType>0</PosType>
      <Speed>1.1848905</Speed>
      <Accuracy>1.6</Accuracy>
      <Time>1770189755415</Time>
      <description><![CDATA[]]>
      </description>
      <FileId>1563341802</FileId>
      <FileSize>1894496</FileSize>
      <FileType>0</FileType>
    </extensions>
  </wpt>
</gpx>