<?xml version='1.0' encoding='UTF-8' standalone='yes' ?>
<gpx version="1.1" creator="GPSBabel - http://www.gpsbabel.org" xmlns:xsi="http://www.w3.org/2001/XMLSchema-instance" xmlns="http://www.topografix.com/GPX/1/1" xsi:schemaLocation="http://www.topografix.com/GPX/1/1 http://www.topografix.com/GPX/1/1/gpx.xsd">
  <metadata>
    <link href="http://www.garmin.com">
      <text>Garmin International</text>
    </link>
    <time>2026-09-21T01:54:31Z</time>
    <bounds minlat="28.7905645" minlon="119.8647683" maxlat="28.8050928" maxlon="119.8912192" />
  </metadata>
  <extensions>
    <name><![CDATA[武义七驼峰]]>
    </name>
    <description><![CDATA[号称武义第一虐，说是七驼，其实有二十来个小山头，上上下下，打底准备4瓶水，6小时左右。上下山都很陡，要慢慢走。有一两处攀爬较险，注意安全。体力不行及时下撤。]]>
    </description>
    <TrackId>90087914</TrackId>
    <TrackTypeId>8</TrackTypeId>
    <TrackTags>徒步</TrackTags>
    <BeginTime>1789955671000</BeginTime>
    <EndTime>1789970375000</EndTime>
    <TimeUsed>14704000</TimeUsed>
    <PauseTime>4577</PauseTime>
    <PosStartName>瑶村党群服务中心</PosStartName>
    <PosEndName>瑶村党群服务中心</PosEndName>
    <ProductVersion>and_9.2.6</ProductVersion>
    <StartDistrictId>9656</StartDistrictId>
    <EndDistrictId>9656</EndDistrictId>
    <CreaterId>64771087</CreaterId>
    <CreaterName><![CDATA[步履赴山野]]>
    </CreaterName>
    <CreaterIcon>1523534626</CreaterIcon>
    <OriginCreaterId>64771087</OriginCreaterId>
    <OriginCreaterNickname><![CDATA[步履赴山野]]>
    </OriginCreaterNickname>
    <OriginCreaterName><![CDATA[null]]>
    </OriginCreaterName>
    <OriginCreaterIcon>1523534626</OriginCreaterIcon>
    <ThumbnailId>1681592908</ThumbnailId>
    <Distance>7563.0</Distance>
    <ElevationGain>734.9300000000001</ElevationGain>
    <ElevationLoss>732.4499999999995</ElevationLoss>
    <SportAvgSpeed>0.5145099913105432</SportAvgSpeed>
  </extensions>
  <trk>
    <trkseg>
      <trkpt lat="28.8023841" lon="119.8911336">
        <ele>159.3</ele>
        <time>2026-09-21T01:54:33Z</time>
        <speed>0.53170806</speed>
      </trkpt>
      <trkpt lat="28.8024738" lon="119.8911431">
        <ele>159.3</ele>
        <time>2026-09-21T01:54:53Z</time>
        <speed>0.7550975</speed>
      </trkpt>
      <trkpt lat="28.8025701" lon="119.8911579">
        <ele>160.33</ele>
        <time>2026-09-21T01:55:01Z</time>
        <speed>1.1869495</speed>
      </trkpt>
      <trkpt lat="28.8026789" lon="119.8911635">
        <ele>161.82</ele>
        <time>2026-09-21T01:55:09Z</time>
        <speed>1.358352</speed>
      </trkpt>
      <trkpt lat="28.802787" lon="119.8911561">
        <ele>162.89</ele>
        <time>2026-09-21T01:55:19Z</time>
        <speed>1.0701075</speed>
      </trkpt>
      <trkpt lat="28.8028255" lon="119.8910613">
        <ele>163.15</ele>
        <time>2026-09-21T01:55:33Z</time>
        <speed>0.72369945</speed>
      </trkpt>
      <trkpt lat="28.8028103" lon="119.890949">
        <ele>162.7</ele>
        <time>2026-09-21T01:55:41Z</time>
        <speed>1.0242972</speed>
      </trkpt>
      <trkpt lat="28.802804" lon="119.8908832">
        <ele>161.84</ele>
        <time>2026-09-21T01:55:53Z</time>
        <speed>0.0</speed>
      </trkpt>
      <trkpt lat="28.8028544" lon="119.8908192">
        <ele>161.39</ele>
        <time>2026-09-21T01:56:01Z</time>
        <speed>1.2657019</speed>
      </trkpt>
      <trkpt lat="28.8028675" lon="119.890719">
        <ele>159.89</ele>
        <time>2026-09-21T01:56:05Z</time>
        <speed>1.4206333</speed>
      </trkpt>
      <trkpt lat="28.8028662" lon="119.8905764">
        <ele>158.47</ele>
        <time>2026-09-21T01:56:09Z</time>
        <speed>2.018226</speed>
      </trkpt>
      <trkpt lat="28.8028543" lon="119.8904551">
        <ele>157.11</ele>
        <time>2026-09-21T01:56:13Z</time>
        <speed>2.5483897</speed>
      </trkpt>
      <trkpt lat="28.8028474" lon="119.890331">
        <ele>155.77</ele>
        <time>2026-09-21T01:56:21Z</time>
        <speed>1.9394734</speed>
      </trkpt>
      <trkpt lat="28.8028461" lon="119.8902078">
        <ele>156.3</ele>
        <time>2026-09-21T01:56:29Z</time>
        <speed>1.2955558</speed>
      </trkpt>
      <trkpt lat="28.802856" lon="119.8900979">
        <ele>157.25</ele>
        <time>2026-09-21T01:56:35Z</time>
        <speed>1.3892353</speed>
      </trkpt>
      <trkpt lat="28.8028611" lon="119.8899654">
        <ele>158.34</ele>
        <time>2026-09-21T01:56:43Z</time>
        <speed>1.5112244</speed>
      </trkpt>
      <trkpt lat="28.8028751" lon="119.8898392">
        <ele>159.62</ele>
        <time>2026-09-21T01:56:47Z</time>
        <speed>1.8874863</speed>
      </trkpt>
      <trkpt lat="28.8028797" lon="119.8896985">
        <ele>160.3</ele>
        <time>2026-09-21T01:56:51Z</time>
        <speed>2.5432425</speed>
      </trkpt>
      <trkpt lat="28.8028766" lon="119.8895766">
        <ele>160.26</ele>
        <time>2026-09-21T01:56:55Z</time>
        <speed>2.8788414</speed>
      </trkpt>
      <trkpt lat="28.8028659" lon="119.8894535">
        <ele>159.84</ele>
        <time>2026-09-21T01:57:01Z</time>
        <speed>2.4150767</speed>
      </trkpt>
      <trkpt lat="28.8028768" lon="119.8893458">
        <ele>160.73</ele>
        <time>2026-09-21T01:57:09Z</time>
        <speed>1.3310716</speed>
      </trkpt>
      <trkpt lat="28.8028912" lon="119.8892397">
        <ele>161.62</ele>
        <time>2026-09-21T01:57:15Z</time>
        <speed>1.3094534</speed>
      </trkpt>
      <trkpt lat="28.8029037" lon="119.8891319">
        <ele>162.13</ele>
        <time>2026-09-21T01:57:21Z</time>
        <speed>1.515857</speed>
      </trkpt>
      <trkpt lat="28.8029385" lon="119.8890318">
        <ele>162.55</ele>
        <time>2026-09-21T01:57:27Z</time>
        <speed>1.5560052</speed>
      </trkpt>
      <trkpt lat="28.8029789" lon="119.8889316">
        <ele>163.21</ele>
        <time>2026-09-21T01:57:35Z</time>
        <speed>1.4463694</speed>
      </trkpt>
      <trkpt lat="28.8030274" lon="119.8888422">
        <ele>163.25</ele>
        <time>2026-09-21T01:57:41Z</time>
        <speed>1.3187183</speed>
      </trkpt>
      <trkpt lat="28.8030854" lon="119.8887564">
        <ele>163.19</ele>
        <time>2026-09-21T01:57:47Z</time>
        <speed>1.5035036</speed>
      </trkpt>
      <trkpt lat="28.8031433" lon="119.8886637">
        <ele>163.11</ele>
        <time>2026-09-21T01:57:55Z</time>
        <speed>1.6074775</speed>
      </trkpt>
      <trkpt lat="28.8032078" lon="119.8885842">
        <ele>163.71</ele>
        <time>2026-09-21T01:58:01Z</time>
        <speed>1.5271808</speed>
      </trkpt>
      <trkpt lat="28.8032765" lon="119.8884957">
        <ele>164.43</ele>
        <time>2026-09-21T01:58:07Z</time>
        <speed>1.695495</speed>
      </trkpt>
      <trkpt lat="28.8033261" lon="119.8883833">
        <ele>164.85</ele>
        <time>2026-09-21T01:58:15Z</time>
        <speed>1.7063042</speed>
      </trkpt>
      <trkpt lat="28.803367" lon="119.8882786">
        <ele>164.91</ele>
        <time>2026-09-21T01:58:23Z</time>
        <speed>1.3099681</speed>
      </trkpt>
      <trkpt lat="28.803404" lon="119.8881667">
        <ele>165.12</ele>
        <time>2026-09-21T01:58:29Z</time>
        <speed>1.5132834</speed>
      </trkpt>
      <trkpt lat="28.8034306" lon="119.8880525">
        <ele>165.5</ele>
        <time>2026-09-21T01:58:37Z</time>
        <speed>1.451002</speed>
      </trkpt>
      <trkpt lat="28.8035141" lon="119.8880295">
        <ele>166.45</ele>
        <time>2026-09-21T01:58:47Z</time>
        <speed>1.1015055</speed>
      </trkpt>
      <trkpt lat="28.8036169" lon="119.8880502">
        <ele>166.94</ele>
        <time>2026-09-21T01:58:55Z</time>
        <speed>1.37122</speed>
      </trkpt>
      <trkpt lat="28.803729" lon="119.8880797">
        <ele>167.57</ele>
        <time>2026-09-21T01:59:03Z</time>
        <speed>1.4376192</speed>
      </trkpt>
      <trkpt lat="28.8038497" lon="119.8880698">
        <ele>168.36</ele>
        <time>2026-09-21T01:59:11Z</time>
        <speed>1.7443936</speed>
      </trkpt>
      <trkpt lat="28.8039454" lon="119.8880186">
        <ele>168.72</ele>
        <time>2026-09-21T01:59:17Z</time>
        <speed>1.8545442</speed>
      </trkpt>
      <trkpt lat="28.8040618" lon="119.8879955">
        <ele>169.27</ele>
        <time>2026-09-21T01:59:25Z</time>
        <speed>1.473135</speed>
      </trkpt>
      <trkpt lat="28.8041688" lon="119.8879614">
        <ele>170.36</ele>
        <time>2026-09-21T01:59:31Z</time>
        <speed>1.9976369</speed>
      </trkpt>
      <trkpt lat="28.8042454" lon="119.8878842">
        <ele>171.02</ele>
        <time>2026-09-21T01:59:39Z</time>
        <speed>1.7860861</speed>
      </trkpt>
      <trkpt lat="28.8043021" lon="119.887798">
        <ele>172.22</ele>
        <time>2026-09-21T01:59:49Z</time>
        <speed>1.2054795</speed>
      </trkpt>
      <trkpt lat="28.804382" lon="119.8877163">
        <ele>174.75</ele>
        <time>2026-09-21T01:59:57Z</time>
        <speed>1.8385878</speed>
      </trkpt>
      <trkpt lat="28.8044675" lon="119.8876392">
        <ele>176.49</ele>
        <time>2026-09-21T02:00:05Z</time>
        <speed>1.9044722</speed>
      </trkpt>
      <trkpt lat="28.8045322" lon="119.8875571">
        <ele>177.57</ele>
        <time>2026-09-21T02:00:13Z</time>
        <speed>1.5961536</speed>
      </trkpt>
      <trkpt lat="28.8045964" lon="119.8874796">
        <ele>178.14</ele>
        <time>2026-09-21T02:00:21Z</time>
        <speed>1.3115122</speed>
      </trkpt>
      <trkpt lat="28.8046652" lon="119.8873791">
        <ele>179.07</ele>
        <time>2026-09-21T02:00:31Z</time>
        <speed>0.9836342</speed>
      </trkpt>
      <trkpt lat="28.804721" lon="119.8872851">
        <ele>180.29</ele>
        <time>2026-09-21T02:00:39Z</time>
        <speed>1.4319572</speed>
      </trkpt>
      <trkpt lat="28.8047985" lon="119.887201">
        <ele>182.53</ele>
        <time>2026-09-21T02:00:51Z</time>
        <speed>0.79627526</speed>
      </trkpt>
      <trkpt lat="28.804862" lon="119.887102">
        <ele>185.83</ele>
        <time>2026-09-21T02:01:01Z</time>
        <speed>0.9105436</speed>
      </trkpt>
      <trkpt lat="28.8049009" lon="119.8870022">
        <ele>189.65</ele>
        <time>2026-09-21T02:01:09Z</time>
        <speed>1.0716517</speed>
      </trkpt>
      <trkpt lat="28.8049173" lon="119.8868902">
        <ele>193.07</ele>
        <time>2026-09-21T02:01:19Z</time>
        <speed>0.78701025</speed>
      </trkpt>
      <trkpt lat="28.8048983" lon="119.8867704">
        <ele>197.6</ele>
        <time>2026-09-21T02:01:35Z</time>
        <speed>0.50391304</speed>
      </trkpt>
      <trkpt lat="28.8048533" lon="119.8866598">
        <ele>201.0</ele>
        <time>2026-09-21T02:01:43Z</time>
        <speed>0.98106056</speed>
      </trkpt>
      <trkpt lat="28.8047893" lon="119.8865748">
        <ele>202.8</ele>
        <time>2026-09-21T02:01:55Z</time>
        <speed>0.5811214</speed>
      </trkpt>
      <trkpt lat="28.8047152" lon="119.8864878">
        <ele>204.18</ele>
        <time>2026-09-21T02:02:07Z</time>
        <speed>0.7648772</speed>
      </trkpt>
      <trkpt lat="28.8046563" lon="119.8863811">
        <ele>205.31</ele>
        <time>2026-09-21T02:02:21Z</time>
        <speed>0.94503</speed>
      </trkpt>
      <trkpt lat="28.8046174" lon="119.8862654">
        <ele>205.99</ele>
        <time>2026-09-21T02:02:31Z</time>
        <speed>0.90899944</speed>
      </trkpt>
      <trkpt lat="28.804576" lon="119.886152">
        <ele>207.03</ele>
        <time>2026-09-21T02:02:41Z</time>
        <speed>0.59656304</speed>
      </trkpt>
      <trkpt lat="28.8045603" lon="119.8860443">
        <ele>207.83</ele>
        <time>2026-09-21T02:02:47Z</time>
        <speed>1.089667</speed>
      </trkpt>
      <trkpt lat="28.8045598" lon="119.8859276">
        <ele>208.55</ele>
        <time>2026-09-21T02:02:55Z</time>
        <speed>1.2548928</speed>
      </trkpt>
      <trkpt lat="28.8045733" lon="119.8858125">
        <ele>209.39</ele>
        <time>2026-09-21T02:03:03Z</time>
        <speed>1.3001883</speed>
      </trkpt>
      <trkpt lat="28.8045639" lon="119.8857034">
        <ele>210.21</ele>
        <time>2026-09-21T02:03:11Z</time>
        <speed>1.3192331</speed>
      </trkpt>
      <trkpt lat="28.8045445" lon="119.8855892">
        <ele>210.68</ele>
        <time>2026-09-21T02:03:19Z</time>
        <speed>1.3187183</speed>
      </trkpt>
      <trkpt lat="28.8045556" lon="119.8854804">
        <ele>211.94</ele>
        <time>2026-09-21T02:03:29Z</time>
        <speed>1.1606987</speed>
      </trkpt>
      <trkpt lat="28.8045849" lon="119.8853711">
        <ele>214.29</ele>
        <time>2026-09-21T02:03:41Z</time>
        <speed>0.83899724</speed>
      </trkpt>
      <trkpt lat="28.8045745" lon="119.8852652">
        <ele>216.87</ele>
        <time>2026-09-21T02:03:57Z</time>
        <speed>0.5486939</speed>
      </trkpt>
      <trkpt lat="28.8046117" lon="119.8851543">
        <ele>221.53</ele>
        <time>2026-09-21T02:04:09Z</time>
        <speed>0.95841277</speed>
      </trkpt>
      <trkpt lat="28.8046351" lon="119.8850274">
        <ele>225.95</ele>
        <time>2026-09-21T02:04:25Z</time>
        <speed>1.1792287</speed>
      </trkpt>
      <trkpt lat="28.8046465" lon="119.8849776">
        <ele>230.1</ele>
        <time>2026-09-21T02:04:27Z</time>
        <speed>0.0</speed>
      </trkpt>
      <trkpt lat="28.8046432" lon="119.8848904">
        <ele>232.59</ele>
        <time>2026-09-21T02:04:39Z</time>
        <speed>0.9496625</speed>
      </trkpt>
      <trkpt lat="28.804615" lon="119.8847935">
        <ele>235.74</ele>
        <time>2026-09-21T02:04:47Z</time>
        <speed>0.9419417</speed>
      </trkpt>
      <trkpt lat="28.8045976" lon="119.8846717">
        <ele>238.82</ele>
        <time>2026-09-21T02:04:53Z</time>
        <speed>1.3856323</speed>
      </trkpt>
      <trkpt lat="28.8046262" lon="119.884559">
        <ele>241.39</ele>
        <time>2026-09-21T02:05:01Z</time>
        <speed>1.7078483</speed>
      </trkpt>
      <trkpt lat="28.8046695" lon="119.88445">
        <ele>243.93</ele>
        <time>2026-09-21T02:05:11Z</time>
        <speed>0.94605947</speed>
      </trkpt>
      <trkpt lat="28.8046958" lon="119.8843277">
        <ele>246.37</ele>
        <time>2026-09-21T02:05:19Z</time>
        <speed>1.0793725</speed>
      </trkpt>
      <trkpt lat="28.8047327" lon="119.8842156">
        <ele>248.84</ele>
        <time>2026-09-21T02:05:27Z</time>
        <speed>1.1993028</speed>
      </trkpt>
      <trkpt lat="28.804752" lon="119.8841005">
        <ele>251.19</ele>
        <time>2026-09-21T02:05:35Z</time>
        <speed>1.306365</speed>
      </trkpt>
      <trkpt lat="28.8047468" lon="119.8839903">
        <ele>253.9</ele>
        <time>2026-09-21T02:05:45Z</time>
        <speed>1.1390803</speed>
      </trkpt>
      <trkpt lat="28.8047569" lon="119.8838882">
        <ele>256.14</ele>
        <time>2026-09-21T02:05:53Z</time>
        <speed>1.293497</speed>
      </trkpt>
      <trkpt lat="28.8048019" lon="119.8837877">
        <ele>258.66</ele>
        <time>2026-09-21T02:06:07Z</time>
        <speed>0.9244411</speed>
      </trkpt>
      <trkpt lat="28.8048209" lon="119.8836859">
        <ele>261.43</ele>
        <time>2026-09-21T02:06:15Z</time>
        <speed>1.4885767</speed>
      </trkpt>
      <trkpt lat="28.804846" lon="119.8835682">
        <ele>262.19</ele>
        <time>2026-09-21T02:06:27Z</time>
        <speed>1.1375362</speed>
      </trkpt>
      <trkpt lat="28.8048637" lon="119.8834508">
        <ele>261.94</ele>
        <time>2026-09-21T02:06:37Z</time>
        <speed>0.967163</speed>
      </trkpt>
      <trkpt lat="28.8048875" lon="119.8833431">
        <ele>261.49</ele>
        <time>2026-09-21T02:06:47Z</time>
        <speed>0.98775196</speed>
      </trkpt>
      <trkpt lat="28.8049024" lon="119.8832243">
        <ele>262.66</ele>
        <time>2026-09-21T02:06:59Z</time>
        <speed>0.972825</speed>
      </trkpt>
      <trkpt lat="28.8048865" lon="119.88311">
        <ele>264.61</ele>
        <time>2026-09-21T02:07:07Z</time>
        <speed>1.1339331</speed>
      </trkpt>
      <trkpt lat="28.8048697" lon="119.8829976">
        <ele>266.63</ele>
        <time>2026-09-21T02:07:15Z</time>
        <speed>1.1344478</speed>
      </trkpt>
      <trkpt lat="28.8048558" lon="119.8828923">
        <ele>268.94</ele>
        <time>2026-09-21T02:07:23Z</time>
        <speed>1.1761403</speed>
      </trkpt>
      <trkpt lat="28.8048364" lon="119.8827794">
        <ele>270.6</ele>
        <time>2026-09-21T02:07:33Z</time>
        <speed>1.1164325</speed>
      </trkpt>
      <trkpt lat="28.804818" lon="119.8826708">
        <ele>272.36</ele>
        <time>2026-09-21T02:07:41Z</time>
        <speed>1.2337892</speed>
      </trkpt>
      <trkpt lat="28.8048142" lon="119.8825452">
        <ele>274.92</ele>
        <time>2026-09-21T02:07:49Z</time>
        <speed>1.2482014</speed>
      </trkpt>
      <trkpt lat="28.8048498" lon="119.8824395">
        <ele>277.66</ele>
        <time>2026-09-21T02:07:59Z</time>
        <speed>1.0500333</speed>
      </trkpt>
      <trkpt lat="28.8048978" lon="119.8823357">
        <ele>281.25</ele>
        <time>2026-09-21T02:08:07Z</time>
        <speed>1.2343038</speed>
      </trkpt>
      <trkpt lat="28.8049278" lon="119.8822231">
        <ele>284.54</ele>
        <time>2026-09-21T02:08:17Z</time>
        <speed>1.2409953</speed>
      </trkpt>
      <trkpt lat="28.8049505" lon="119.882107">
        <ele>286.93</ele>
        <time>2026-09-21T02:08:27Z</time>
        <speed>1.1143736</speed>
      </trkpt>
      <trkpt lat="28.8049566" lon="119.8819772">
        <ele>288.64</ele>
        <time>2026-09-21T02:08:35Z</time>
        <speed>1.3357042</speed>
      </trkpt>
      <trkpt lat="28.8049721" lon="119.8818641">
        <ele>289.65</ele>
        <time>2026-09-21T02:08:43Z</time>
        <speed>1.1447423</speed>
      </trkpt>
      <trkpt lat="28.8049846" lon="119.8817517">
        <ele>291.05</ele>
        <time>2026-09-21T02:08:51Z</time>
        <speed>1.2466573</speed>
      </trkpt>
      <trkpt lat="28.8049972" lon="119.8816342">
        <ele>292.96</ele>
        <time>2026-09-21T02:09:03Z</time>
        <speed>0.89561665</speed>
      </trkpt>
      <trkpt lat="28.8050277" lon="119.8815183">
        <ele>296.16</ele>
        <time>2026-09-21T02:09:13Z</time>
        <speed>1.0510628</speed>
      </trkpt>
      <trkpt lat="28.8050523" lon="119.8814519">
        <ele>298.97</ele>
        <time>2026-09-21T02:09:19Z</time>
        <speed>0.0</speed>
      </trkpt>
      <trkpt lat="28.8050738" lon="119.881356">
        <ele>300.88</ele>
        <time>2026-09-21T02:09:29Z</time>
        <speed>0.9126025</speed>
      </trkpt>
      <trkpt lat="28.8050928" lon="119.8812429">
        <ele>302.35</ele>
        <time>2026-09-21T02:09:39Z</time>
        <speed>0.9553245</speed>
      </trkpt>
      <trkpt lat="28.8050846" lon="119.8811199">
        <ele>303.45</ele>
        <time>2026-09-21T02:09:49Z</time>
        <speed>1.0762842</speed>
      </trkpt>
      <trkpt lat="28.8050604" lon="119.8810069">
        <ele>304.85</ele>
        <time>2026-09-21T02:09:59Z</time>
        <speed>1.1184914</speed>
      </trkpt>
      <trkpt lat="28.8050457" lon="119.8808985">
        <ele>306.93</ele>
        <time>2026-09-21T02:10:07Z</time>
        <speed>1.2394512</speed>
      </trkpt>
      <trkpt lat="28.8050437" lon="119.880792">
        <ele>308.86</ele>
        <time>2026-09-21T02:10:15Z</time>
        <speed>1.2492309</speed>
      </trkpt>
      <trkpt lat="28.805038" lon="119.8806833">
        <ele>310.81</ele>
        <time>2026-09-21T02:10:23Z</time>
        <speed>1.2893791</speed>
      </trkpt>
      <trkpt lat="28.8050279" lon="119.8805774">
        <ele>312.96</ele>
        <time>2026-09-21T02:10:33Z</time>
        <speed>0.9259853</speed>
      </trkpt>
      <trkpt lat="28.8049987" lon="119.8804738">
        <ele>315.26</ele>
        <time>2026-09-21T02:10:43Z</time>
        <speed>0.7087725</speed>
      </trkpt>
      <trkpt lat="28.8049902" lon="119.8803583">
        <ele>317.6</ele>
        <time>2026-09-21T02:10:57Z</time>
        <speed>0.55744416</speed>
      </trkpt>
      <trkpt lat="28.8049829" lon="119.880242">
        <ele>319.96</ele>
        <time>2026-09-21T02:11:05Z</time>
        <speed>0.85238</speed>
      </trkpt>
      <trkpt lat="28.8049643" lon="119.8801247">
        <ele>322.04</ele>
        <time>2026-09-21T02:11:13Z</time>
        <speed>1.1426834</speed>
      </trkpt>
      <trkpt lat="28.8049462" lon="119.8800187">
        <ele>323.75</ele>
        <time>2026-09-21T02:11:21Z</time>
        <speed>1.2528338</speed>
      </trkpt>
      <trkpt lat="28.8049275" lon="119.879902">
        <ele>325.62</ele>
        <time>2026-09-21T02:11:33Z</time>
        <speed>1.1416539</speed>
      </trkpt>
      <trkpt lat="28.8048712" lon="119.8798021">
        <ele>326.86</ele>
        <time>2026-09-21T02:11:41Z</time>
        <speed>1.1653311</speed>
      </trkpt>
      <trkpt lat="28.8048151" lon="119.8797125">
        <ele>327.74</ele>
        <time>2026-09-21T02:11:51Z</time>
        <speed>1.028415</speed>
      </trkpt>
      <trkpt lat="28.8047437" lon="119.8796234">
        <ele>330.3</ele>
        <time>2026-09-21T02:12:03Z</time>
        <speed>1.0397389</speed>
      </trkpt>
      <trkpt lat="28.8046915" lon="119.8795223">
        <ele>333.66</ele>
        <time>2026-09-21T02:12:13Z</time>
        <speed>1.0855491</speed>
      </trkpt>
      <trkpt lat="28.8046442" lon="119.8794287">
        <ele>335.22</ele>
        <time>2026-09-21T02:12:23Z</time>
        <speed>1.0737106</speed>
      </trkpt>
      <trkpt lat="28.804622" lon="119.8793683">
        <ele>335.94</ele>
        <time>2026-09-21T02:12:39Z</time>
        <speed>0.0</speed>
      </trkpt>
      <trkpt lat="28.8045773" lon="119.8792835">
        <ele>337.95</ele>
        <time>2026-09-21T02:13:03Z</time>
        <speed>0.67994803</speed>
      </trkpt>
      <trkpt lat="28.8045203" lon="119.8791879">
        <ele>339.52</ele>
        <time>2026-09-21T02:13:17Z</time>
        <speed>0.0</speed>
      </trkpt>
      <trkpt lat="28.8044592" lon="119.8790924">
        <ele>340.46</ele>
        <time>2026-09-21T02:13:27Z</time>
        <speed>0.0</speed>
      </trkpt>
      <trkpt lat="28.8043937" lon="119.8790027">
        <ele>341.38</ele>
        <time>2026-09-21T02:13:41Z</time>
        <speed>0.8168642</speed>
      </trkpt>
      <trkpt lat="28.8043398" lon="119.8788942">
        <ele>343.93</ele>
        <time>2026-09-21T02:13:57Z</time>
        <speed>0.6655358</speed>
      </trkpt>
      <trkpt lat="28.8042694" lon="119.8788">
        <ele>348.13</ele>
        <time>2026-09-21T02:14:13Z</time>
        <speed>0.47045612</speed>
      </trkpt>
      <trkpt lat="28.8042278" lon="119.8786958">
        <ele>351.82</ele>
        <time>2026-09-21T02:14:25Z</time>
        <speed>0.77877474</speed>
      </trkpt>
      <trkpt lat="28.8041737" lon="119.8786089">
        <ele>354.69</ele>
        <time>2026-09-21T02:14:37Z</time>
        <speed>0.6748008</speed>
      </trkpt>
      <trkpt lat="28.8041451" lon="119.8785062">
        <ele>357.88</ele>
        <time>2026-09-21T02:14:49Z</time>
        <speed>0.0</speed>
      </trkpt>
      <trkpt lat="28.804082" lon="119.8784321">
        <ele>360.68</ele>
        <time>2026-09-21T02:15:03Z</time>
        <speed>0.73090553</speed>
      </trkpt>
      <trkpt lat="28.8039875" lon="119.8784014">
        <ele>363.79</ele>
        <time>2026-09-21T02:15:27Z</time>
        <speed>0.45707333</speed>
      </trkpt>
      <trkpt lat="28.8039076" lon="119.8783415">
        <ele>367.02</ele>
        <time>2026-09-21T02:15:43Z</time>
        <speed>0.69796336</speed>
      </trkpt>
      <trkpt lat="28.8038556" lon="119.8782478">
        <ele>369.38</ele>
        <time>2026-09-21T02:15:55Z</time>
        <speed>0.64031446</speed>
      </trkpt>
      <trkpt lat="28.8038466" lon="119.8781404">
        <ele>371.75</ele>
        <time>2026-09-21T02:16:03Z</time>
        <speed>0.0</speed>
      </trkpt>
      <trkpt lat="28.8038696" lon="119.8780349">
        <ele>373.88</ele>
        <time>2026-09-21T02:16:33Z</time>
        <speed>0.0</speed>
      </trkpt>
      <trkpt lat="28.80387" lon="119.8779293">
        <ele>377.24</ele>
        <time>2026-09-21T02:16:55Z</time>
        <speed>0.45758805</speed>
      </trkpt>
      <trkpt lat="28.803825" lon="119.8778383">
        <ele>380.71</ele>
        <time>2026-09-21T02:17:43Z</time>
        <speed>0.72884667</speed>
      </trkpt>
      <trkpt lat="28.8038153" lon="119.8777354">
        <ele>385.01</ele>
        <time>2026-09-21T02:17:55Z</time>
        <speed>0.0</speed>
      </trkpt>
      <trkpt lat="28.8038484" lon="119.8776277">
        <ele>388.27</ele>
        <time>2026-09-21T02:18:09Z</time>
        <speed>0.74892086</speed>
      </trkpt>
      <trkpt lat="28.8038374" lon="119.8775248">
        <ele>392.2</ele>
        <time>2026-09-21T02:18:21Z</time>
        <speed>0.6655358</speed>
      </trkpt>
      <trkpt lat="28.8038051" lon="119.8774254">
        <ele>396.29</ele>
        <time>2026-09-21T02:18:31Z</time>
        <speed>0.0</speed>
      </trkpt>
      <trkpt lat="28.8037735" lon="119.8773198">
        <ele>400.25</ele>
        <time>2026-09-21T02:18:41Z</time>
        <speed>1.0011348</speed>
      </trkpt>
      <trkpt lat="28.8037851" lon="119.8772441">
        <ele>403.76</ele>
        <time>2026-09-21T02:18:51Z</time>
        <speed>0.0</speed>
      </trkpt>
      <trkpt lat="28.8037658" lon="119.8771509">
        <ele>407.6</ele>
        <time>2026-09-21T02:19:01Z</time>
        <speed>0.8173789</speed>
      </trkpt>
      <trkpt lat="28.8037407" lon="119.8770485">
        <ele>411.09</ele>
        <time>2026-09-21T02:19:17Z</time>
        <speed>0.60428387</speed>
      </trkpt>
      <trkpt lat="28.8037018" lon="119.8769267">
        <ele>414.88</ele>
        <time>2026-09-21T02:19:51Z</time>
        <speed>0.27537638</speed>
      </trkpt>
      <trkpt lat="28.8036646" lon="119.8768133">
        <ele>418.5</ele>
        <time>2026-09-21T02:20:07Z</time>
        <speed>0.5718564</speed>
      </trkpt>
      <trkpt lat="28.8036318" lon="119.8767069">
        <ele>421.43</ele>
        <time>2026-09-21T02:20:31Z</time>
        <speed>0.5147222</speed>
      </trkpt>
      <trkpt lat="28.8036224" lon="119.8765908">
        <ele>423.69</ele>
        <time>2026-09-21T02:20:51Z</time>
        <speed>0.0</speed>
      </trkpt>
      <trkpt lat="28.803625" lon="119.87648">
        <ele>427.1</ele>
        <time>2026-09-21T02:21:57Z</time>
        <speed>0.41538084</speed>
      </trkpt>
      <trkpt lat="28.80354" lon="119.8765233">
        <ele>435.31</ele>
        <time>2026-09-21T02:22:23Z</time>
        <speed>0.0</speed>
      </trkpt>
      <trkpt lat="28.8035267" lon="119.87642">
        <ele>441.63</ele>
        <time>2026-09-21T02:23:29Z</time>
        <speed>0.41589555</speed>
      </trkpt>
      <trkpt lat="28.8035667" lon="119.876325">
        <ele>449.45</ele>
        <time>2026-09-21T02:23:37Z</time>
        <speed>0.92083806</speed>
      </trkpt>
      <trkpt lat="28.8036236" lon="119.8762272">
        <ele>454.2</ele>
        <time>2026-09-21T02:24:01Z</time>
        <speed>0.0</speed>
      </trkpt>
      <trkpt lat="28.8036938" lon="119.8761482">
        <ele>457.86</ele>
        <time>2026-09-21T02:24:17Z</time>
        <speed>0.6722272</speed>
      </trkpt>
      <trkpt lat="28.8037281" lon="119.8760524">
        <ele>461.23</ele>
        <time>2026-09-21T02:24:51Z</time>
        <speed>0.57443</speed>
      </trkpt>
      <trkpt lat="28.8037839" lon="119.8759514">
        <ele>467.28</ele>
        <time>2026-09-21T02:25:25Z</time>
        <speed>0.3448639</speed>
      </trkpt>
      <trkpt lat="28.8038514" lon="119.8758526">
        <ele>474.43</ele>
        <time>2026-09-21T02:25:57Z</time>
        <speed>0.27897945</speed>
      </trkpt>
      <trkpt lat="28.8039364" lon="119.8757838">
        <ele>480.74</ele>
        <time>2026-09-21T02:26:09Z</time>
        <speed>0.6804628</speed>
      </trkpt>
      <trkpt lat="28.8040219" lon="119.875735">
        <ele>484.94</ele>
        <time>2026-09-21T02:26:51Z</time>
        <speed>0.28464139</speed>
      </trkpt>
      <trkpt lat="28.8041" lon="119.8756819">
        <ele>488.92</ele>
        <time>2026-09-21T02:27:07Z</time>
        <speed>0.45089668</speed>
      </trkpt>
      <trkpt lat="28.8041682" lon="119.875604">
        <ele>491.67</ele>
        <time>2026-09-21T02:27:35Z</time>
        <speed>0.4467789</speed>
      </trkpt>
      <trkpt lat="28.8042567" lon="119.8756102">
        <ele>495.77</ele>
        <time>2026-09-21T02:28:33Z</time>
        <speed>0.0</speed>
      </trkpt>
      <trkpt lat="28.8043405" lon="119.8755766">
        <ele>503.22</ele>
        <time>2026-09-21T02:29:01Z</time>
        <speed>0.7710539</speed>
      </trkpt>
      <trkpt lat="28.8043255" lon="119.8755019">
        <ele>510.4</ele>
        <time>2026-09-21T02:29:25Z</time>
        <speed>0.48589778</speed>
      </trkpt>
      <trkpt lat="28.8043833" lon="119.8754917">
        <ele>518.53</ele>
        <time>2026-09-21T02:30:27Z</time>
        <speed>0.61509305</speed>
      </trkpt>
      <trkpt lat="28.8044667" lon="119.87544">
        <ele>523.68</ele>
        <time>2026-09-21T02:30:55Z</time>
        <speed>0.47097084</speed>
      </trkpt>
      <trkpt lat="28.8045585" lon="119.875425">
        <ele>530.31</ele>
        <time>2026-09-21T02:31:23Z</time>
        <speed>0.0</speed>
      </trkpt>
      <trkpt lat="28.8046286" lon="119.8753599">
        <ele>536.42</ele>
        <time>2026-09-21T02:31:55Z</time>
        <speed>0.0</speed>
      </trkpt>
      <trkpt lat="28.8046293" lon="119.875263">
        <ele>542.69</ele>
        <time>2026-09-21T02:32:09Z</time>
        <speed>0.66708</speed>
      </trkpt>
      <trkpt lat="28.8045968" lon="119.8751494">
        <ele>546.91</ele>
        <time>2026-09-21T02:32:37Z</time>
        <speed>0.40920416</speed>
      </trkpt>
      <trkpt lat="28.8045761" lon="119.8750384">
        <ele>551.59</ele>
        <time>2026-09-21T02:32:55Z</time>
        <speed>0.5203842</speed>
      </trkpt>
      <trkpt lat="28.8045563" lon="119.8749308">
        <ele>555.98</ele>
        <time>2026-09-21T02:33:19Z</time>
        <speed>0.5852392</speed>
      </trkpt>
      <trkpt lat="28.804536" lon="119.8748193">
        <ele>560.08</ele>
        <time>2026-09-21T02:34:11Z</time>
        <speed>0.5121486</speed>
      </trkpt>
      <trkpt lat="28.8045117" lon="119.8747133">
        <ele>563.92</ele>
        <time>2026-09-21T02:38:03Z</time>
        <speed>0.435455</speed>
      </trkpt>
      <trkpt lat="28.80448" lon="119.8746033">
        <ele>568.25</ele>
        <time>2026-09-21T02:38:33Z</time>
        <speed>0.43391085</speed>
      </trkpt>
      <trkpt lat="28.804485" lon="119.874499">
        <ele>569.78</ele>
        <time>2026-09-21T02:38:53Z</time>
        <speed>0.51317805</speed>
      </trkpt>
      <trkpt lat="28.8044965" lon="119.8743776">
        <ele>569.19</ele>
        <time>2026-09-21T02:39:07Z</time>
        <speed>0.8621597</speed>
      </trkpt>
      <trkpt lat="28.8045052" lon="119.8742597">
        <ele>567.17</ele>
        <time>2026-09-21T02:39:15Z</time>
        <speed>1.2270977</speed>
      </trkpt>
      <trkpt lat="28.8044722" lon="119.8741623">
        <ele>564.99</ele>
        <time>2026-09-21T02:39:29Z</time>
        <speed>0.43494028</speed>
      </trkpt>
      <trkpt lat="28.8044434" lon="119.8740575">
        <ele>563.45</ele>
        <time>2026-09-21T02:39:49Z</time>
        <speed>0.6897278</speed>
      </trkpt>
      <trkpt lat="28.8044545" lon="119.8739429">
        <ele>562.26</ele>
        <time>2026-09-21T02:40:09Z</time>
        <speed>0.70516944</speed>
      </trkpt>
      <trkpt lat="28.8044609" lon="119.8738357">
        <ele>560.17</ele>
        <time>2026-09-21T02:40:19Z</time>
        <speed>0.81480527</speed>
      </trkpt>
      <trkpt lat="28.8044114" lon="119.8737606">
        <ele>558.46</ele>
        <time>2026-09-21T02:40:29Z</time>
        <speed>0.77877474</speed>
      </trkpt>
      <trkpt lat="28.8043682" lon="119.8736732">
        <ele>556.84</ele>
        <time>2026-09-21T02:40:41Z</time>
        <speed>0.6279611</speed>
      </trkpt>
      <trkpt lat="28.8043064" lon="119.8735945">
        <ele>556.01</ele>
        <time>2026-09-21T02:40:59Z</time>
        <speed>0.5764889</speed>
      </trkpt>
      <trkpt lat="28.8042137" lon="119.8735375">
        <ele>556.13</ele>
        <time>2026-09-21T02:41:09Z</time>
        <speed>1.3037914</speed>
      </trkpt>
      <trkpt lat="28.8041176" lon="119.8734727">
        <ele>555.0</ele>
        <time>2026-09-21T02:41:17Z</time>
        <speed>1.5580642</speed>
      </trkpt>
      <trkpt lat="28.8040291" lon="119.8734211">
        <ele>553.62</ele>
        <time>2026-09-21T02:41:27Z</time>
        <speed>0.84980637</speed>
      </trkpt>
      <trkpt lat="28.8039574" lon="119.8733451">
        <ele>553.05</ele>
        <time>2026-09-21T02:41:39Z</time>
        <speed>0.8132611</speed>
      </trkpt>
      <trkpt lat="28.803901" lon="119.8732468">
        <ele>552.08</ele>
        <time>2026-09-21T02:41:47Z</time>
        <speed>1.3871764</speed>
      </trkpt>
      <trkpt lat="28.8038758" lon="119.8731824">
        <ele>550.41</ele>
        <time>2026-09-21T02:42:03Z</time>
        <speed>0.0</speed>
      </trkpt>
      <trkpt lat="28.8038357" lon="119.8731047">
        <ele>548.6</ele>
        <time>2026-09-21T02:42:21Z</time>
        <speed>0.90797</speed>
      </trkpt>
      <trkpt lat="28.8037904" lon="119.8730122">
        <ele>547.31</ele>
        <time>2026-09-21T02:42:33Z</time>
        <speed>0.9995906</speed>
      </trkpt>
      <trkpt lat="28.803745" lon="119.8729">
        <ele>546.75</ele>
        <time>2026-09-21T02:43:35Z</time>
        <speed>0.4586175</speed>
      </trkpt>
      <trkpt lat="28.8036733" lon="119.8728133">
        <ele>547.07</ele>
        <time>2026-09-21T02:43:45Z</time>
        <speed>1.2147444</speed>
      </trkpt>
      <trkpt lat="28.803589" lon="119.8727295">
        <ele>546.35</ele>
        <time>2026-09-21T02:43:57Z</time>
        <speed>1.139595</speed>
      </trkpt>
      <trkpt lat="28.803559" lon="119.8726976">
        <ele>546.59</ele>
        <time>2026-09-21T02:44:11Z</time>
        <speed>0.0</speed>
      </trkpt>
      <trkpt lat="28.8034995" lon="119.8726506">
        <ele>547.84</ele>
        <time>2026-09-21T02:44:25Z</time>
        <speed>0.6650211</speed>
      </trkpt>
      <trkpt lat="28.8034483" lon="119.8725633">
        <ele>549.84</ele>
        <time>2026-09-21T02:53:03Z</time>
        <speed>0.8240703</speed>
      </trkpt>
      <trkpt lat="28.803365" lon="119.87252">
        <ele>551.07</ele>
        <time>2026-09-21T02:54:05Z</time>
        <speed>0.5878128</speed>
      </trkpt>
      <trkpt lat="28.8033433" lon="119.8724183">
        <ele>551.82</ele>
        <time>2026-09-21T02:54:49Z</time>
        <speed>0.24809611</speed>
      </trkpt>
      <trkpt lat="28.8033245" lon="119.8723082">
        <ele>548.75</ele>
        <time>2026-09-21T02:55:23Z</time>
        <speed>0.416925</speed>
      </trkpt>
      <trkpt lat="28.803382" lon="119.8722313">
        <ele>543.7</ele>
        <time>2026-09-21T02:55:43Z</time>
        <speed>0.6145783</speed>
      </trkpt>
      <trkpt lat="28.8034723" lon="119.8721823">
        <ele>538.88</ele>
        <time>2026-09-21T02:55:59Z</time>
        <speed>0.4822947</speed>
      </trkpt>
      <trkpt lat="28.803572" lon="119.872155">
        <ele>536.48</ele>
        <time>2026-09-21T02:56:13Z</time>
        <speed>0.7406853</speed>
      </trkpt>
      <trkpt lat="28.8035975" lon="119.8720746">
        <ele>534.42</ele>
        <time>2026-09-21T02:56:31Z</time>
        <speed>0.4977364</speed>
      </trkpt>
      <trkpt lat="28.8036183" lon="119.8719673">
        <ele>534.03</ele>
        <time>2026-09-21T02:56:49Z</time>
        <speed>0.0</speed>
      </trkpt>
      <trkpt lat="28.8035912" lon="119.8718643">
        <ele>535.26</ele>
        <time>2026-09-21T02:57:19Z</time>
        <speed>0.43905807</speed>
      </trkpt>
      <trkpt lat="28.8035807" lon="119.871754">
        <ele>538.59</ele>
        <time>2026-09-21T02:57:57Z</time>
        <speed>0.70774305</speed>
      </trkpt>
      <trkpt lat="28.8035398" lon="119.8716569">
        <ele>544.23</ele>
        <time>2026-09-21T02:58:55Z</time>
        <speed>0.64185864</speed>
      </trkpt>
      <trkpt lat="28.8035701" lon="119.8715694">
        <ele>552.86</ele>
        <time>2026-09-21T02:59:17Z</time>
        <speed>0.55229694</speed>
      </trkpt>
      <trkpt lat="28.8035459" lon="119.8714739">
        <ele>559.07</ele>
        <time>2026-09-21T02:59:53Z</time>
        <speed>0.31501</speed>
      </trkpt>
      <trkpt lat="28.8035905" lon="119.8714024">
        <ele>565.49</ele>
        <time>2026-09-21T03:00:11Z</time>
        <speed>0.56413555</speed>
      </trkpt>
      <trkpt lat="28.8036166" lon="119.8713109">
        <ele>570.74</ele>
        <time>2026-09-21T03:00:23Z</time>
        <speed>0.62693167</speed>
      </trkpt>
      <trkpt lat="28.8036594" lon="119.8712171">
        <ele>575.29</ele>
        <time>2026-09-21T03:01:11Z</time>
        <speed>0.27383223</speed>
      </trkpt>
      <trkpt lat="28.8037026" lon="119.8711229">
        <ele>577.79</ele>
        <time>2026-09-21T03:01:21Z</time>
        <speed>0.0</speed>
      </trkpt>
      <trkpt lat="28.8036973" lon="119.8710177">
        <ele>579.73</ele>
        <time>2026-09-21T03:01:35Z</time>
        <speed>0.6063428</speed>
      </trkpt>
      <trkpt lat="28.8037148" lon="119.8709123">
        <ele>582.64</ele>
        <time>2026-09-21T03:01:49Z</time>
        <speed>0.0</speed>
      </trkpt>
      <trkpt lat="28.803723" lon="119.8708064">
        <ele>586.84</ele>
        <time>2026-09-21T03:02:05Z</time>
        <speed>0.5795772</speed>
      </trkpt>
      <trkpt lat="28.8037202" lon="119.8706957">
        <ele>592.24</ele>
        <time>2026-09-21T03:02:21Z</time>
        <speed>0.46222055</speed>
      </trkpt>
      <trkpt lat="28.8036776" lon="119.8706035">
        <ele>596.74</ele>
        <time>2026-09-21T03:02:49Z</time>
        <speed>0.41949862</speed>
      </trkpt>
      <trkpt lat="28.8036013" lon="119.8705096">
        <ele>597.02</ele>
        <time>2026-09-21T03:02:59Z</time>
        <speed>0.8611303</speed>
      </trkpt>
      <trkpt lat="28.8035053" lon="119.8704607">
        <ele>595.9</ele>
        <time>2026-09-21T03:03:13Z</time>
        <speed>0.66759473</speed>
      </trkpt>
      <trkpt lat="28.8034216" lon="119.8703953">
        <ele>594.99</ele>
        <time>2026-09-21T03:03:27Z</time>
        <speed>0.72112584</speed>
      </trkpt>
      <trkpt lat="28.803359" lon="119.8703138">
        <ele>595.68</ele>
        <time>2026-09-21T03:03:41Z</time>
        <speed>0.6866394</speed>
      </trkpt>
      <trkpt lat="28.8032836" lon="119.8702521">
        <ele>597.8</ele>
        <time>2026-09-21T03:03:53Z</time>
        <speed>0.93010306</speed>
      </trkpt>
      <trkpt lat="28.8032053" lon="119.8701895">
        <ele>599.56</ele>
        <time>2026-09-21T03:04:03Z</time>
        <speed>1.0217236</speed>
      </trkpt>
      <trkpt lat="28.8031188" lon="119.8701397">
        <ele>600.48</ele>
        <time>2026-09-21T03:04:21Z</time>
        <speed>0.63516724</speed>
      </trkpt>
      <trkpt lat="28.8030296" lon="119.8701116">
        <ele>602.98</ele>
        <time>2026-09-21T03:04:39Z</time>
        <speed>0.62178445</speed>
      </trkpt>
      <trkpt lat="28.8029513" lon="119.8700443">
        <ele>606.69</ele>
        <time>2026-09-21T03:05:15Z</time>
        <speed>0.67531556</speed>
      </trkpt>
      <trkpt lat="28.8028837" lon="119.869961">
        <ele>610.18</ele>
        <time>2026-09-21T03:05:37Z</time>
        <speed>0.73090553</speed>
      </trkpt>
      <trkpt lat="28.8028867" lon="119.8698467">
        <ele>613.37</ele>
        <time>2026-09-21T03:06:45Z</time>
        <speed>0.4997953</speed>
      </trkpt>
      <trkpt lat="28.8028917" lon="119.86971">
        <ele>614.98</ele>
        <time>2026-09-21T03:09:13Z</time>
        <speed>0.98209</speed>
      </trkpt>
      <trkpt lat="28.8028183" lon="119.8696483">
        <ele>610.21</ele>
        <time>2026-09-21T03:11:09Z</time>
        <speed>0.56928277</speed>
      </trkpt>
      <trkpt lat="28.8027333" lon="119.869615">
        <ele>602.46</ele>
        <time>2026-09-21T03:11:19Z</time>
        <speed>1.0042231</speed>
      </trkpt>
      <trkpt lat="28.802709" lon="119.8696113">
        <ele>596.89</ele>
        <time>2026-09-21T03:11:21Z</time>
        <speed>0.0</speed>
      </trkpt>
      <trkpt lat="28.802631" lon="119.8695845">
        <ele>593.62</ele>
        <time>2026-09-21T03:11:31Z</time>
        <speed>1.1051086</speed>
      </trkpt>
      <trkpt lat="28.8025504" lon="119.8695381">
        <ele>592.54</ele>
        <time>2026-09-21T03:11:47Z</time>
        <speed>0.57082695</speed>
      </trkpt>
      <trkpt lat="28.8024634" lon="119.8694812">
        <ele>592.74</ele>
        <time>2026-09-21T03:12:07Z</time>
        <speed>0.6104606</speed>
      </trkpt>
      <trkpt lat="28.8024162" lon="119.8693917">
        <ele>594.83</ele>
        <time>2026-09-21T03:12:35Z</time>
        <speed>0.46376473</speed>
      </trkpt>
      <trkpt lat="28.8023355" lon="119.8693428">
        <ele>599.07</ele>
        <time>2026-09-21T03:13:27Z</time>
        <speed>0.4122925</speed>
      </trkpt>
      <trkpt lat="28.8022709" lon="119.869265">
        <ele>602.87</ele>
        <time>2026-09-21T03:13:47Z</time>
        <speed>1.00062</speed>
      </trkpt>
      <trkpt lat="28.8021843" lon="119.8692771">
        <ele>604.04</ele>
        <time>2026-09-21T03:14:05Z</time>
        <speed>0.7473767</speed>
      </trkpt>
      <trkpt lat="28.8020906" lon="119.8692618">
        <ele>604.11</ele>
        <time>2026-09-21T03:14:17Z</time>
        <speed>0.7540681</speed>
      </trkpt>
      <trkpt lat="28.80201" lon="119.869205">
        <ele>604.32</ele>
        <time>2026-09-21T03:15:21Z</time>
        <speed>0.49207443</speed>
      </trkpt>
      <trkpt lat="28.8019533" lon="119.8691067">
        <ele>601.43</ele>
        <time>2026-09-21T03:15:51Z</time>
        <speed>0.30420083</speed>
      </trkpt>
      <trkpt lat="28.8018685" lon="119.8690887">
        <ele>598.84</ele>
        <time>2026-09-21T03:16:07Z</time>
        <speed>0.6320789</speed>
      </trkpt>
      <trkpt lat="28.8017554" lon="119.8690824">
        <ele>596.11</ele>
        <time>2026-09-21T03:16:57Z</time>
        <speed>0.4009686</speed>
      </trkpt>
      <trkpt lat="28.8016683" lon="119.869005">
        <ele>596.88</ele>
        <time>2026-09-21T03:18:03Z</time>
        <speed>0.30008304</speed>
      </trkpt>
      <trkpt lat="28.801605" lon="119.8689233">
        <ele>601.71</ele>
        <time>2026-09-21T03:18:35Z</time>
        <speed>0.41126305</speed>
      </trkpt>
      <trkpt lat="28.8015191" lon="119.868884">
        <ele>608.03</ele>
        <time>2026-09-21T03:18:53Z</time>
        <speed>0.5311933</speed>
      </trkpt>
      <trkpt lat="28.8014562" lon="119.8688135">
        <ele>613.13</ele>
        <time>2026-09-21T03:19:33Z</time>
        <speed>0.34589332</speed>
      </trkpt>
      <trkpt lat="28.8013653" lon="119.8687787">
        <ele>617.72</ele>
        <time>2026-09-21T03:19:51Z</time>
        <speed>0.5167811</speed>
      </trkpt>
      <trkpt lat="28.801265" lon="119.8687117">
        <ele>620.08</ele>
        <time>2026-09-21T03:20:59Z</time>
        <speed>0.32067195</speed>
      </trkpt>
      <trkpt lat="28.8011733" lon="119.86872">
        <ele>620.22</ele>
        <time>2026-09-21T03:23:17Z</time>
        <speed>0.0</speed>
      </trkpt>
      <trkpt lat="28.8010767" lon="119.8686683">
        <ele>618.7</ele>
        <time>2026-09-21T03:24:51Z</time>
        <speed>0.38913</speed>
      </trkpt>
      <trkpt lat="28.800965" lon="119.8686467">
        <ele>612.98</ele>
        <time>2026-09-21T03:24:59Z</time>
        <speed>1.1668752</speed>
      </trkpt>
      <trkpt lat="28.8008604" lon="119.8686264">
        <ele>608.3</ele>
        <time>2026-09-21T03:25:11Z</time>
        <speed>0.7581858</speed>
      </trkpt>
      <trkpt lat="28.8007712" lon="119.8685742">
        <ele>604.34</ele>
        <time>2026-09-21T03:25:53Z</time>
        <speed>0.30162722</speed>
      </trkpt>
      <trkpt lat="28.8006906" lon="119.8685234">
        <ele>603.68</ele>
        <time>2026-09-21T03:26:25Z</time>
        <speed>0.5028836</speed>
      </trkpt>
      <trkpt lat="28.8006438" lon="119.8684364">
        <ele>605.49</ele>
        <time>2026-09-21T03:27:05Z</time>
        <speed>0.46479416</speed>
      </trkpt>
      <trkpt lat="28.8005684" lon="119.8683883">
        <ele>608.85</ele>
        <time>2026-09-21T03:27:31Z</time>
        <speed>0.63259363</speed>
      </trkpt>
      <trkpt lat="28.8005578" lon="119.8682955">
        <ele>610.03</ele>
        <time>2026-09-21T03:27:47Z</time>
        <speed>0.6295053</speed>
      </trkpt>
      <trkpt lat="28.8004935" lon="119.8682443">
        <ele>610.41</ele>
        <time>2026-09-21T03:28:17Z</time>
        <speed>0.4534703</speed>
      </trkpt>
      <trkpt lat="28.800425" lon="119.8681766">
        <ele>609.37</ele>
        <time>2026-09-21T03:28:29Z</time>
        <speed>0.7283319</speed>
      </trkpt>
      <trkpt lat="28.8003549" lon="119.8680903">
        <ele>607.02</ele>
        <time>2026-09-21T03:28:41Z</time>
        <speed>0.98157525</speed>
      </trkpt>
      <trkpt lat="28.8002649" lon="119.8680651">
        <ele>605.33</ele>
        <time>2026-09-21T03:28:55Z</time>
        <speed>0.74274415</speed>
      </trkpt>
      <trkpt lat="28.8001645" lon="119.8680297">
        <ele>604.5</ele>
        <time>2026-09-21T03:29:31Z</time>
        <speed>0.74274415</speed>
      </trkpt>
      <trkpt lat="28.8000641" lon="119.868019">
        <ele>603.17</ele>
        <time>2026-09-21T03:29:41Z</time>
        <speed>0.9218675</speed>
      </trkpt>
      <trkpt lat="28.7999689" lon="119.8680302">
        <ele>602.79</ele>
        <time>2026-09-21T03:29:47Z</time>
        <speed>1.4911503</speed>
      </trkpt>
      <trkpt lat="28.7998749" lon="119.8680414">
        <ele>602.84</ele>
        <time>2026-09-21T03:30:01Z</time>
        <speed>1.0819461</speed>
      </trkpt>
      <trkpt lat="28.7998077" lon="119.867984">
        <ele>603.86</ele>
        <time>2026-09-21T03:30:19Z</time>
        <speed>0.79679</speed>
      </trkpt>
      <trkpt lat="28.799729" lon="119.867918">
        <ele>606.89</ele>
        <time>2026-09-21T03:30:41Z</time>
        <speed>0.6536972</speed>
      </trkpt>
      <trkpt lat="28.7997317" lon="119.8678017">
        <ele>609.86</ele>
        <time>2026-09-21T03:32:45Z</time>
        <speed>0.35104054</speed>
      </trkpt>
      <trkpt lat="28.7996233" lon="119.8678033">
        <ele>606.91</ele>
        <time>2026-09-21T03:33:03Z</time>
        <speed>0.6531825</speed>
      </trkpt>
      <trkpt lat="28.7995263" lon="119.8678276">
        <ele>604.75</ele>
        <time>2026-09-21T03:33:23Z</time>
        <speed>0.54817915</speed>
      </trkpt>
      <trkpt lat="28.7994351" lon="119.8678275">
        <ele>603.7</ele>
        <time>2026-09-21T03:33:39Z</time>
        <speed>0.7273025</speed>
      </trkpt>
      <trkpt lat="28.7993408" lon="119.8677898">
        <ele>603.44</ele>
        <time>2026-09-21T03:33:55Z</time>
        <speed>0.5311933</speed>
      </trkpt>
      <trkpt lat="28.7992362" lon="119.8677841">
        <ele>601.36</ele>
        <time>2026-09-21T03:34:15Z</time>
        <speed>0.8019372</speed>
      </trkpt>
      <trkpt lat="28.79923" lon="119.8676817">
        <ele>602.58</ele>
        <time>2026-09-21T03:35:37Z</time>
        <speed>0.676345</speed>
      </trkpt>
      <trkpt lat="28.799215" lon="119.86758">
        <ele>602.42</ele>
        <time>2026-09-21T03:38:41Z</time>
        <speed>0.0</speed>
      </trkpt>
      <trkpt lat="28.7991483" lon="119.86751">
        <ele>602.28</ele>
        <time>2026-09-21T03:40:39Z</time>
        <speed>0.0</speed>
      </trkpt>
      <trkpt lat="28.7990567" lon="119.8674983">
        <ele>596.65</ele>
        <time>2026-09-21T03:40:51Z</time>
        <speed>0.5996514</speed>
      </trkpt>
      <trkpt lat="28.7989551" lon="119.8674712">
        <ele>592.67</ele>
        <time>2026-09-21T03:41:19Z</time>
        <speed>0.66862416</speed>
      </trkpt>
      <trkpt lat="28.7988724" lon="119.8674116">
        <ele>591.87</ele>
        <time>2026-09-21T03:41:33Z</time>
        <speed>0.7350233</speed>
      </trkpt>
      <trkpt lat="28.7987767" lon="119.8673733">
        <ele>593.09</ele>
        <time>2026-09-21T03:41:53Z</time>
        <speed>0.5260461</speed>
      </trkpt>
      <trkpt lat="28.798671" lon="119.8673625">
        <ele>595.72</ele>
        <time>2026-09-21T03:42:21Z</time>
        <speed>0.25633165</speed>
      </trkpt>
      <trkpt lat="28.7985768" lon="119.867343">
        <ele>596.27</ele>
        <time>2026-09-21T03:42:35Z</time>
        <speed>0.6006808</speed>
      </trkpt>
      <trkpt lat="28.7984838" lon="119.8673213">
        <ele>597.66</ele>
        <time>2026-09-21T03:42:57Z</time>
        <speed>0.66090333</speed>
      </trkpt>
      <trkpt lat="28.7983997" lon="119.8672472">
        <ele>601.89</ele>
        <time>2026-09-21T03:43:15Z</time>
        <speed>0.731935</speed>
      </trkpt>
      <trkpt lat="28.798335" lon="119.8671563">
        <ele>605.77</ele>
        <time>2026-09-21T03:43:29Z</time>
        <speed>0.0</speed>
      </trkpt>
      <trkpt lat="28.7982868" lon="119.8670484">
        <ele>608.88</ele>
        <time>2026-09-21T03:44:13Z</time>
        <speed>0.20640361</speed>
      </trkpt>
      <trkpt lat="28.7982119" lon="119.866983">
        <ele>613.71</ele>
        <time>2026-09-21T03:44:43Z</time>
        <speed>0.58420974</speed>
      </trkpt>
      <trkpt lat="28.7981282" lon="119.8669392">
        <ele>616.97</ele>
        <time>2026-09-21T03:45:07Z</time>
        <speed>0.5857539</speed>
      </trkpt>
      <trkpt lat="28.7980443" lon="119.8668883">
        <ele>621.8</ele>
        <time>2026-09-21T03:45:35Z</time>
        <speed>0.45655861</speed>
      </trkpt>
      <trkpt lat="28.7979674" lon="119.8668305">
        <ele>628.17</ele>
        <time>2026-09-21T03:45:49Z</time>
        <speed>0.69436026</speed>
      </trkpt>
      <trkpt lat="28.7978917" lon="119.8667683">
        <ele>633.69</ele>
        <time>2026-09-21T03:48:37Z</time>
        <speed>0.3706</speed>
      </trkpt>
      <trkpt lat="28.7978617" lon="119.8666667">
        <ele>633.56</ele>
        <time>2026-09-21T03:48:57Z</time>
        <speed>0.39015946</speed>
      </trkpt>
      <trkpt lat="28.7977738" lon="119.8666369">
        <ele>633.28</ele>
        <time>2026-09-21T03:49:15Z</time>
        <speed>0.6454617</speed>
      </trkpt>
      <trkpt lat="28.7976809" lon="119.8666006">
        <ele>631.78</ele>
        <time>2026-09-21T03:49:35Z</time>
        <speed>0.47920638</speed>
      </trkpt>
      <trkpt lat="28.7975824" lon="119.8666015">
        <ele>629.38</ele>
        <time>2026-09-21T03:50:09Z</time>
        <speed>0.32067195</speed>
      </trkpt>
      <trkpt lat="28.797484" lon="119.8665937">
        <ele>628.92</ele>
        <time>2026-09-21T03:50:39Z</time>
        <speed>0.2897886</speed>
      </trkpt>
      <trkpt lat="28.7973905" lon="119.8665727">
        <ele>630.46</ele>
        <time>2026-09-21T03:51:05Z</time>
        <speed>0.4308225</speed>
      </trkpt>
      <trkpt lat="28.7972183" lon="119.8665283">
        <ele>634.0</ele>
        <time>2026-09-21T03:52:35Z</time>
        <speed>0.0</speed>
      </trkpt>
      <trkpt lat="28.7971367" lon="119.86648">
        <ele>640.84</ele>
        <time>2026-09-21T03:53:17Z</time>
        <speed>0.43185195</speed>
      </trkpt>
      <trkpt lat="28.7970578" lon="119.8664035">
        <ele>647.84</ele>
        <time>2026-09-21T03:53:37Z</time>
        <speed>0.5136928</speed>
      </trkpt>
      <trkpt lat="28.7969898" lon="119.8663271">
        <ele>654.4</ele>
        <time>2026-09-21T03:54:03Z</time>
        <speed>0.41383666</speed>
      </trkpt>
      <trkpt lat="28.7968883" lon="119.8662867">
        <ele>659.82</ele>
        <time>2026-09-21T03:55:29Z</time>
        <speed>0.0</speed>
      </trkpt>
      <trkpt lat="28.7967683" lon="119.8662017">
        <ele>667.55</ele>
        <time>2026-09-21T03:56:41Z</time>
        <speed>0.34795222</speed>
      </trkpt>
      <trkpt lat="28.7966917" lon="119.8661467">
        <ele>675.23</ele>
        <time>2026-09-21T03:57:25Z</time>
        <speed>0.0</speed>
      </trkpt>
      <trkpt lat="28.7966079" lon="119.8660917">
        <ele>682.62</ele>
        <time>2026-09-21T03:57:39Z</time>
        <speed>0.59296</speed>
      </trkpt>
      <trkpt lat="28.7965191" lon="119.8660727">
        <ele>687.56</ele>
        <time>2026-09-21T03:58:29Z</time>
        <speed>0.45552915</speed>
      </trkpt>
      <trkpt lat="28.79645" lon="119.8660098">
        <ele>693.08</ele>
        <time>2026-09-21T03:58:49Z</time>
        <speed>0.5100897</speed>
      </trkpt>
      <trkpt lat="28.796365" lon="119.865955">
        <ele>698.12</ele>
        <time>2026-09-21T03:59:51Z</time>
        <speed>0.32273084</speed>
      </trkpt>
      <trkpt lat="28.7963017" lon="119.8658767">
        <ele>704.22</ele>
        <time>2026-09-21T04:00:55Z</time>
        <speed>0.5728858</speed>
      </trkpt>
      <trkpt lat="28.7962467" lon="119.8657883">
        <ele>714.11</ele>
        <time>2026-09-21T04:01:27Z</time>
        <speed>0.4822947</speed>
      </trkpt>
      <trkpt lat="28.796165" lon="119.86567">
        <ele>722.06</ele>
        <time>2026-09-21T04:02:31Z</time>
        <speed>0.2290514</speed>
      </trkpt>
      <trkpt lat="28.796125" lon="119.8655633">
        <ele>728.83</ele>
        <time>2026-09-21T04:03:17Z</time>
        <speed>0.36802638</speed>
      </trkpt>
      <trkpt lat="28.7960723" lon="119.8654778">
        <ele>735.06</ele>
        <time>2026-09-21T04:03:49Z</time>
        <speed>0.4915597</speed>
      </trkpt>
      <trkpt lat="28.7960122" lon="119.8653961">
        <ele>741.78</ele>
        <time>2026-09-21T04:04:27Z</time>
        <speed>0.41486612</speed>
      </trkpt>
      <trkpt lat="28.7959623" lon="119.8653055">
        <ele>747.6</ele>
        <time>2026-09-21T04:05:19Z</time>
        <speed>0.5286197</speed>
      </trkpt>
      <trkpt lat="28.7958827" lon="119.8652465">
        <ele>754.09</ele>
        <time>2026-09-21T04:06:05Z</time>
        <speed>0.44420528</speed>
      </trkpt>
      <trkpt lat="28.7957945" lon="119.8651953">
        <ele>760.03</ele>
        <time>2026-09-21T04:06:19Z</time>
        <speed>0.68355113</speed>
      </trkpt>
      <trkpt lat="28.7957134" lon="119.8651278">
        <ele>764.41</ele>
        <time>2026-09-21T04:06:57Z</time>
        <speed>0.4797211</speed>
      </trkpt>
      <trkpt lat="28.7956225" lon="119.8650718">
        <ele>768.92</ele>
        <time>2026-09-21T04:07:25Z</time>
        <speed>0.35052583</speed>
      </trkpt>
      <trkpt lat="28.7955396" lon="119.8650177">
        <ele>772.87</ele>
        <time>2026-09-21T04:07:37Z</time>
        <speed>0.7412</speed>
      </trkpt>
      <trkpt lat="28.7954552" lon="119.8649261">
        <ele>776.02</ele>
        <time>2026-09-21T04:08:21Z</time>
        <speed>0.23111027</speed>
      </trkpt>
      <trkpt lat="28.7953703" lon="119.8648669">
        <ele>780.53</ele>
        <time>2026-09-21T04:08:57Z</time>
        <speed>0.5970778</speed>
      </trkpt>
      <trkpt lat="28.7952833" lon="119.864815">
        <ele>784.6</ele>
        <time>2026-09-21T04:10:11Z</time>
        <speed>0.37008527</speed>
      </trkpt>
      <trkpt lat="28.7952033" lon="119.8647683">
        <ele>787.23</ele>
        <time>2026-09-21T04:10:23Z</time>
        <speed>0.78186303</speed>
      </trkpt>
      <trkpt lat="28.7951083" lon="119.8647867">
        <ele>790.18</ele>
        <time>2026-09-21T04:15:01Z</time>
        <speed>0.39015946</speed>
      </trkpt>
      <trkpt lat="28.7950183" lon="119.8648417">
        <ele>791.91</ele>
        <time>2026-09-21T04:15:43Z</time>
        <speed>0.46530887</speed>
      </trkpt>
      <trkpt lat="28.794934" lon="119.8649009">
        <ele>790.14</ele>
        <time>2026-09-21T04:15:59Z</time>
        <speed>0.89921975</speed>
      </trkpt>
      <trkpt lat="28.7948635" lon="119.8649699">
        <ele>786.9</ele>
        <time>2026-09-21T04:16:29Z</time>
        <speed>0.58678335</speed>
      </trkpt>
      <trkpt lat="28.7948162" lon="119.865057">
        <ele>782.6</ele>
        <time>2026-09-21T04:16:39Z</time>
        <speed>0.8688511</speed>
      </trkpt>
      <trkpt lat="28.7947704" lon="119.8651578">
        <ele>778.86</ele>
        <time>2026-09-21T04:16:47Z</time>
        <speed>1.3387924</speed>
      </trkpt>
      <trkpt lat="28.7947099" lon="119.8652436">
        <ele>775.78</ele>
        <time>2026-09-21T04:16:57Z</time>
        <speed>0.99186975</speed>
      </trkpt>
      <trkpt lat="28.7946317" lon="119.8653099">
        <ele>773.16</ele>
        <time>2026-09-21T04:17:15Z</time>
        <speed>0.4606764</speed>
      </trkpt>
      <trkpt lat="28.7945585" lon="119.8653767">
        <ele>770.68</ele>
        <time>2026-09-21T04:17:29Z</time>
        <speed>0.0</speed>
      </trkpt>
      <trkpt lat="28.7945209" lon="119.8654697">
        <ele>768.33</ele>
        <time>2026-09-21T04:17:39Z</time>
        <speed>0.95275086</speed>
      </trkpt>
      <trkpt lat="28.7944928" lon="119.8655905">
        <ele>765.48</ele>
        <time>2026-09-21T04:17:47Z</time>
        <speed>1.4226922</speed>
      </trkpt>
      <trkpt lat="28.7944727" lon="119.8656952">
        <ele>761.92</ele>
        <time>2026-09-21T04:18:03Z</time>
        <speed>0.0</speed>
      </trkpt>
      <trkpt lat="28.7944565" lon="119.8658069">
        <ele>758.64</ele>
        <time>2026-09-21T04:18:25Z</time>
        <speed>0.74017054</speed>
      </trkpt>
      <trkpt lat="28.7944129" lon="119.8658971">
        <ele>754.92</ele>
        <time>2026-09-21T04:18:33Z</time>
        <speed>1.0309886</speed>
      </trkpt>
      <trkpt lat="28.7943699" lon="119.865999">
        <ele>751.99</ele>
        <time>2026-09-21T04:18:43Z</time>
        <speed>1.0428272</speed>
      </trkpt>
      <trkpt lat="28.794368" lon="119.8661099">
        <ele>749.84</ele>
        <time>2026-09-21T04:18:53Z</time>
        <speed>1.1818023</speed>
      </trkpt>
      <trkpt lat="28.7943668" lon="119.8662175">
        <ele>748.62</ele>
        <time>2026-09-21T04:19:01Z</time>
        <speed>1.217318</speed>
      </trkpt>
      <trkpt lat="28.7943638" lon="119.8663247">
        <ele>748.1</ele>
        <time>2026-09-21T04:19:09Z</time>
        <speed>1.2327597</speed>
      </trkpt>
      <trkpt lat="28.7943478" lon="119.8664279">
        <ele>747.88</ele>
        <time>2026-09-21T04:19:19Z</time>
        <speed>0.8302469</speed>
      </trkpt>
      <trkpt lat="28.7943002" lon="119.8665157">
        <ele>747.55</ele>
        <time>2026-09-21T04:19:29Z</time>
        <speed>0.78958386</speed>
      </trkpt>
      <trkpt lat="28.7942166" lon="119.8665343">
        <ele>747.14</ele>
        <time>2026-09-21T04:19:39Z</time>
        <speed>0.8945872</speed>
      </trkpt>
      <trkpt lat="28.7941167" lon="119.8665348">
        <ele>747.17</ele>
        <time>2026-09-21T04:19:47Z</time>
        <speed>1.0778283</speed>
      </trkpt>
      <trkpt lat="28.7940628" lon="119.8665505">
        <ele>748.34</ele>
        <time>2026-09-21T04:19:53Z</time>
        <speed>0.0</speed>
      </trkpt>
      <trkpt lat="28.7939743" lon="119.8665775">
        <ele>750.09</ele>
        <time>2026-09-21T04:20:05Z</time>
        <speed>0.9594422</speed>
      </trkpt>
      <trkpt lat="28.793877" lon="119.866612">
        <ele>753.88</ele>
        <time>2026-09-21T04:20:19Z</time>
        <speed>0.76950973</speed>
      </trkpt>
      <trkpt lat="28.7938415" lon="119.8667056">
        <ele>757.76</ele>
        <time>2026-09-21T04:20:37Z</time>
        <speed>0.48280945</speed>
      </trkpt>
      <trkpt lat="28.7937986" lon="119.8668152">
        <ele>761.26</ele>
        <time>2026-09-21T04:21:01Z</time>
        <speed>0.0</speed>
      </trkpt>
      <trkpt lat="28.7937313" lon="119.8668946">
        <ele>760.33</ele>
        <time>2026-09-21T04:21:33Z</time>
        <speed>0.60994583</speed>
      </trkpt>
      <trkpt lat="28.7936691" lon="119.8669802">
        <ele>763.37</ele>
        <time>2026-09-21T04:21:45Z</time>
        <speed>0.74686193</speed>
      </trkpt>
      <trkpt lat="28.7935983" lon="119.8670546">
        <ele>765.71</ele>
        <time>2026-09-21T04:22:17Z</time>
        <speed>0.4956775</speed>
      </trkpt>
      <trkpt lat="28.7935094" lon="119.8671034">
        <ele>767.98</ele>
        <time>2026-09-21T04:22:27Z</time>
        <speed>0.8678217</speed>
      </trkpt>
      <trkpt lat="28.7934119" lon="119.8671232">
        <ele>767.95</ele>
        <time>2026-09-21T04:22:37Z</time>
        <speed>0.94400054</speed>
      </trkpt>
      <trkpt lat="28.7933377" lon="119.8671905">
        <ele>767.5</ele>
        <time>2026-09-21T04:23:13Z</time>
        <speed>0.83487946</speed>
      </trkpt>
      <trkpt lat="28.7933432" lon="119.8672852">
        <ele>768.87</ele>
        <time>2026-09-21T04:23:51Z</time>
        <speed>0.46170583</speed>
      </trkpt>
      <trkpt lat="28.7933633" lon="119.8673972">
        <ele>766.52</ele>
        <time>2026-09-21T04:24:33Z</time>
        <speed>0.47045612</speed>
      </trkpt>
      <trkpt lat="28.7933666" lon="119.8675148">
        <ele>761.35</ele>
        <time>2026-09-21T04:24:49Z</time>
        <speed>0.60994583</speed>
      </trkpt>
      <trkpt lat="28.7933166" lon="119.8676046">
        <ele>757.37</ele>
        <time>2026-09-21T04:25:09Z</time>
        <speed>0.55487055</speed>
      </trkpt>
      <trkpt lat="28.7933077" lon="119.8677017">
        <ele>757.0</ele>
        <time>2026-09-21T04:25:25Z</time>
        <speed>0.4936186</speed>
      </trkpt>
      <trkpt lat="28.7933062" lon="119.8678085">
        <ele>757.3</ele>
        <time>2026-09-21T04:25:43Z</time>
        <speed>1.0320181</speed>
      </trkpt>
      <trkpt lat="28.7933002" lon="119.8678775">
        <ele>756.96</ele>
        <time>2026-09-21T04:25:55Z</time>
        <speed>0.0</speed>
      </trkpt>
      <trkpt lat="28.7932867" lon="119.8679685">
        <ele>756.89</ele>
        <time>2026-09-21T04:26:11Z</time>
        <speed>0.5512675</speed>
      </trkpt>
      <trkpt lat="28.793254" lon="119.8680643">
        <ele>757.37</ele>
        <time>2026-09-21T04:26:25Z</time>
        <speed>0.53170806</speed>
      </trkpt>
      <trkpt lat="28.7931869" lon="119.8681591">
        <ele>758.28</ele>
        <time>2026-09-21T04:26:39Z</time>
        <speed>1.0206941</speed>
      </trkpt>
      <trkpt lat="28.7931385" lon="119.8682543">
        <ele>758.51</ele>
        <time>2026-09-21T04:26:53Z</time>
        <speed>0.7957606</speed>
      </trkpt>
      <trkpt lat="28.7930783" lon="119.8683471">
        <ele>758.59</ele>
        <time>2026-09-21T04:27:05Z</time>
        <speed>0.9120878</speed>
      </trkpt>
      <trkpt lat="28.7930165" lon="119.8684352">
        <ele>758.94</ele>
        <time>2026-09-21T04:27:17Z</time>
        <speed>0.77465695</speed>
      </trkpt>
      <trkpt lat="28.7930063" lon="119.868534">
        <ele>759.78</ele>
        <time>2026-09-21T04:27:37Z</time>
        <speed>0.32221612</speed>
      </trkpt>
      <trkpt lat="28.7930104" lon="119.8686485">
        <ele>762.03</ele>
        <time>2026-09-21T04:27:57Z</time>
        <speed>0.59347475</speed>
      </trkpt>
      <trkpt lat="28.7930598" lon="119.8687493">
        <ele>764.64</ele>
        <time>2026-09-21T04:28:15Z</time>
        <speed>0.42979306</speed>
      </trkpt>
      <trkpt lat="28.7931149" lon="119.8688429">
        <ele>765.74</ele>
        <time>2026-09-21T04:28:31Z</time>
        <speed>0.64031446</speed>
      </trkpt>
      <trkpt lat="28.7931721" lon="119.8689366">
        <ele>763.79</ele>
        <time>2026-09-21T04:28:49Z</time>
        <speed>0.7648772</speed>
      </trkpt>
      <trkpt lat="28.7932167" lon="119.8690357">
        <ele>761.69</ele>
        <time>2026-09-21T04:29:01Z</time>
        <speed>0.99495804</speed>
      </trkpt>
      <trkpt lat="28.7932115" lon="119.8691421">
        <ele>762.68</ele>
        <time>2026-09-21T04:29:19Z</time>
        <speed>0.59862196</speed>
      </trkpt>
      <trkpt lat="28.7932682" lon="119.8692109">
        <ele>764.88</ele>
        <time>2026-09-21T04:30:07Z</time>
        <speed>0.62590224</speed>
      </trkpt>
      <trkpt lat="28.793314" lon="119.869298">
        <ele>764.46</ele>
        <time>2026-09-21T04:30:20Z</time>
        <speed>0.9687072</speed>
      </trkpt>
      <trkpt lat="28.7933702" lon="119.8693862">
        <ele>763.06</ele>
        <time>2026-09-21T04:30:30Z</time>
        <speed>0.98517835</speed>
      </trkpt>
      <trkpt lat="28.7934347" lon="119.8694671">
        <ele>761.83</ele>
        <time>2026-09-21T04:30:42Z</time>
        <speed>0.6748008</speed>
      </trkpt>
      <trkpt lat="28.7934964" lon="119.8695491">
        <ele>762.89</ele>
        <time>2026-09-21T04:31:04Z</time>
        <speed>0.4313372</speed>
      </trkpt>
      <trkpt lat="28.7934667" lon="119.8696633">
        <ele>766.04</ele>
        <time>2026-09-21T04:32:12Z</time>
        <speed>0.32942224</speed>
      </trkpt>
      <trkpt lat="28.7933767" lon="119.8697367">
        <ele>766.06</ele>
        <time>2026-09-21T04:32:28Z</time>
        <speed>0.67274195</speed>
      </trkpt>
      <trkpt lat="28.7933163" lon="119.8698269">
        <ele>764.79</ele>
        <time>2026-09-21T04:32:42Z</time>
        <speed>0.85238</speed>
      </trkpt>
      <trkpt lat="28.7932315" lon="119.869861">
        <ele>762.99</ele>
        <time>2026-09-21T04:33:32Z</time>
        <speed>0.50082475</speed>
      </trkpt>
      <trkpt lat="28.7931406" lon="119.8699014">
        <ele>758.65</ele>
        <time>2026-09-21T04:33:52Z</time>
        <speed>1.0026789</speed>
      </trkpt>
      <trkpt lat="28.793049" lon="119.8699281">
        <ele>754.2</ele>
        <time>2026-09-21T04:34:16Z</time>
        <speed>0.61921084</speed>
      </trkpt>
      <trkpt lat="28.7929565" lon="119.8699569">
        <ele>748.82</ele>
        <time>2026-09-21T04:34:48Z</time>
        <speed>0.66193277</speed>
      </trkpt>
      <trkpt lat="28.7928767" lon="119.8700079">
        <ele>741.89</ele>
        <time>2026-09-21T04:35:02Z</time>
        <speed>0.7391411</speed>
      </trkpt>
      <trkpt lat="28.7928333" lon="119.870105">
        <ele>736.47</ele>
        <time>2026-09-21T04:36:04Z</time>
        <speed>0.47405916</speed>
      </trkpt>
      <trkpt lat="28.79276" lon="119.870165">
        <ele>728.05</ele>
        <time>2026-09-21T04:36:28Z</time>
        <speed>0.53067863</speed>
      </trkpt>
      <trkpt lat="28.7927276" lon="119.8702673">
        <ele>720.67</ele>
        <time>2026-09-21T04:36:50Z</time>
        <speed>0.565165</speed>
      </trkpt>
      <trkpt lat="28.7926535" lon="119.8703411">
        <ele>713.85</ele>
        <time>2026-09-21T04:37:00Z</time>
        <speed>0.9059111</speed>
      </trkpt>
      <trkpt lat="28.7925816" lon="119.8704099">
        <ele>709.22</ele>
        <time>2026-09-21T04:37:08Z</time>
        <speed>1.1359919</speed>
      </trkpt>
      <trkpt lat="28.7925" lon="119.8704585">
        <ele>706.29</ele>
        <time>2026-09-21T04:37:22Z</time>
        <speed>0.676345</speed>
      </trkpt>
      <trkpt lat="28.7924054" lon="119.8704964">
        <ele>703.71</ele>
        <time>2026-09-21T04:37:38Z</time>
        <speed>0.7921575</speed>
      </trkpt>
      <trkpt lat="28.7923217" lon="119.8705455">
        <ele>701.17</ele>
        <time>2026-09-21T04:37:52Z</time>
        <speed>0.5770036</speed>
      </trkpt>
      <trkpt lat="28.7922458" lon="119.8706077">
        <ele>698.43</ele>
        <time>2026-09-21T04:38:10Z</time>
        <speed>0.5435467</speed>
      </trkpt>
      <trkpt lat="28.792179" lon="119.8706871">
        <ele>695.88</ele>
        <time>2026-09-21T04:38:30Z</time>
        <speed>0.57803303</speed>
      </trkpt>
      <trkpt lat="28.7921276" lon="119.8707836">
        <ele>692.23</ele>
        <time>2026-09-21T04:38:46Z</time>
        <speed>0.6264169</speed>
      </trkpt>
      <trkpt lat="28.7920886" lon="119.8708811">
        <ele>689.12</ele>
        <time>2026-09-21T04:38:56Z</time>
        <speed>0.8637039</speed>
      </trkpt>
      <trkpt lat="28.7920367" lon="119.8709633">
        <ele>686.14</ele>
        <time>2026-09-21T04:40:06Z</time>
        <speed>0.5795772</speed>
      </trkpt>
      <trkpt lat="28.79196" lon="119.8710217">
        <ele>683.76</ele>
        <time>2026-09-21T04:40:38Z</time>
        <speed>0.46376473</speed>
      </trkpt>
      <trkpt lat="28.7919468" lon="119.8711322">
        <ele>683.95</ele>
        <time>2026-09-21T04:41:10Z</time>
        <speed>0.4956775</speed>
      </trkpt>
      <trkpt lat="28.7918667" lon="119.8710983">
        <ele>685.95</ele>
        <time>2026-09-21T04:42:10Z</time>
        <speed>0.89510196</speed>
      </trkpt>
      <trkpt lat="28.7917767" lon="119.8711467">
        <ele>691.43</ele>
        <time>2026-09-21T04:42:40Z</time>
        <speed>0.5420025</speed>
      </trkpt>
      <trkpt lat="28.7916853" lon="119.8711865">
        <ele>697.57</ele>
        <time>2026-09-21T04:43:22Z</time>
        <speed>0.32118666</speed>
      </trkpt>
      <trkpt lat="28.7916317" lon="119.8712733">
        <ele>704.47</ele>
        <time>2026-09-21T04:44:24Z</time>
        <speed>0.6614181</speed>
      </trkpt>
      <trkpt lat="28.7916033" lon="119.871375">
        <ele>707.88</ele>
        <time>2026-09-21T04:45:14Z</time>
        <speed>0.51986945</speed>
      </trkpt>
      <trkpt lat="28.7915341" lon="119.8714442">
        <ele>705.78</ele>
        <time>2026-09-21T04:46:03Z</time>
        <speed>0.59656304</speed>
      </trkpt>
      <trkpt lat="28.7915039" lon="119.8715386">
        <ele>700.88</ele>
        <time>2026-09-21T04:46:41Z</time>
        <speed>0.53582585</speed>
      </trkpt>
      <trkpt lat="28.7914544" lon="119.8716231">
        <ele>695.69</ele>
        <time>2026-09-21T04:47:05Z</time>
        <speed>0.676345</speed>
      </trkpt>
      <trkpt lat="28.7914386" lon="119.871735">
        <ele>691.86</ele>
        <time>2026-09-21T04:47:29Z</time>
        <speed>0.5697975</speed>
      </trkpt>
      <trkpt lat="28.7914181" lon="119.8718446">
        <ele>686.16</ele>
        <time>2026-09-21T04:47:43Z</time>
        <speed>0.62590224</speed>
      </trkpt>
      <trkpt lat="28.7913955" lon="119.8719609">
        <ele>681.14</ele>
        <time>2026-09-21T04:48:01Z</time>
        <speed>0.8909842</speed>
      </trkpt>
      <trkpt lat="28.7913727" lon="119.8720664">
        <ele>678.2</ele>
        <time>2026-09-21T04:48:55Z</time>
        <speed>0.3865564</speed>
      </trkpt>
      <trkpt lat="28.7913447" lon="119.8721672">
        <ele>678.33</ele>
        <time>2026-09-21T04:49:17Z</time>
        <speed>0.53891414</speed>
      </trkpt>
      <trkpt lat="28.7912922" lon="119.8722617">
        <ele>678.75</ele>
        <time>2026-09-21T04:50:07Z</time>
        <speed>0.4333961</speed>
      </trkpt>
      <trkpt lat="28.7912122" lon="119.872329">
        <ele>681.22</ele>
        <time>2026-09-21T04:50:49Z</time>
        <speed>0.5538411</speed>
      </trkpt>
      <trkpt lat="28.7911423" lon="119.8724009">
        <ele>682.03</ele>
        <time>2026-09-21T04:51:37Z</time>
        <speed>0.6274464</speed>
      </trkpt>
      <trkpt lat="28.7910997" lon="119.8725099">
        <ele>681.03</ele>
        <time>2026-09-21T04:52:35Z</time>
        <speed>0.27383223</speed>
      </trkpt>
      <trkpt lat="28.7910678" lon="119.8726157">
        <ele>677.14</ele>
        <time>2026-09-21T04:52:43Z</time>
        <speed>0.93422085</speed>
      </trkpt>
      <trkpt lat="28.7910461" lon="119.8727212">
        <ele>674.03</ele>
        <time>2026-09-21T04:52:57Z</time>
        <speed>0.5497233</speed>
      </trkpt>
      <trkpt lat="28.7909983" lon="119.872805">
        <ele>673.59</ele>
        <time>2026-09-21T04:54:01Z</time>
        <speed>0.0</speed>
      </trkpt>
      <trkpt lat="28.7910033" lon="119.87291">
        <ele>677.08</ele>
        <time>2026-09-21T04:54:43Z</time>
        <speed>0.48950082</speed>
      </trkpt>
      <trkpt lat="28.7909477" lon="119.8730079">
        <ele>681.69</ele>
        <time>2026-09-21T04:55:35Z</time>
        <speed>0.24655195</speed>
      </trkpt>
      <trkpt lat="28.7909045" lon="119.8731072">
        <ele>688.19</ele>
        <time>2026-09-21T04:56:07Z</time>
        <speed>0.56670916</speed>
      </trkpt>
      <trkpt lat="28.7909225" lon="119.8730589">
        <ele>691.76</ele>
        <time>2026-09-21T04:56:39Z</time>
        <speed>0.37677667</speed>
      </trkpt>
      <trkpt lat="28.79096" lon="119.8731117">
        <ele>694.92</ele>
        <time>2026-09-21T04:57:53Z</time>
        <speed>0.49258918</speed>
      </trkpt>
      <trkpt lat="28.7909267" lon="119.873225">
        <ele>691.34</ele>
        <time>2026-09-21T04:58:13Z</time>
        <speed>0.74943554</speed>
      </trkpt>
      <trkpt lat="28.7909032" lon="119.8733412">
        <ele>687.45</ele>
        <time>2026-09-21T04:58:39Z</time>
        <speed>0.5111192</speed>
      </trkpt>
      <trkpt lat="28.7908725" lon="119.8734501">
        <ele>684.72</ele>
        <time>2026-09-21T04:58:47Z</time>
        <speed>1.2847466</speed>
      </trkpt>
      <trkpt lat="28.7908408" lon="119.8735605">
        <ele>682.13</ele>
        <time>2026-09-21T04:58:55Z</time>
        <speed>1.3933531</speed>
      </trkpt>
      <trkpt lat="28.7907926" lon="119.8736354">
        <ele>680.18</ele>
        <time>2026-09-21T04:59:17Z</time>
        <speed>0.0</speed>
      </trkpt>
      <trkpt lat="28.7906833" lon="119.8736867">
        <ele>680.4</ele>
        <time>2026-09-21T05:00:17Z</time>
        <speed>0.0</speed>
      </trkpt>
      <trkpt lat="28.79066" lon="119.8737883">
        <ele>684.45</ele>
        <time>2026-09-21T05:01:37Z</time>
        <speed>0.41074833</speed>
      </trkpt>
      <trkpt lat="28.79066" lon="119.87391">
        <ele>687.87</ele>
        <time>2026-09-21T05:02:05Z</time>
        <speed>0.46325</speed>
      </trkpt>
      <trkpt lat="28.7906346" lon="119.8740204">
        <ele>687.15</ele>
        <time>2026-09-21T05:02:15Z</time>
        <speed>1.0927553</speed>
      </trkpt>
      <trkpt lat="28.7906035" lon="119.8741326">
        <ele>685.92</ele>
        <time>2026-09-21T05:02:23Z</time>
        <speed>1.2373922</speed>
      </trkpt>
      <trkpt lat="28.7905804" lon="119.8742379">
        <ele>684.71</ele>
        <time>2026-09-21T05:02:35Z</time>
        <speed>0.7509797</speed>
      </trkpt>
      <trkpt lat="28.7905645" lon="119.874342">
        <ele>684.28</ele>
        <time>2026-09-21T05:02:43Z</time>
        <speed>0.7556122</speed>
      </trkpt>
      <trkpt lat="28.7905913" lon="119.8744535">
        <ele>684.67</ele>
        <time>2026-09-21T05:02:57Z</time>
        <speed>0.9445153</speed>
      </trkpt>
      <trkpt lat="28.7906009" lon="119.8745607">
        <ele>685.2</ele>
        <time>2026-09-21T05:03:05Z</time>
        <speed>0.9151761</speed>
      </trkpt>
      <trkpt lat="28.7906442" lon="119.8746722">
        <ele>686.45</ele>
        <time>2026-09-21T05:03:17Z</time>
        <speed>1.0330476</speed>
      </trkpt>
      <trkpt lat="28.7906844" lon="119.8747743">
        <ele>688.36</ele>
        <time>2026-09-21T05:03:31Z</time>
        <speed>0.50391304</speed>
      </trkpt>
      <trkpt lat="28.790759" lon="119.8748425">
        <ele>690.57</ele>
        <time>2026-09-21T05:04:09Z</time>
        <speed>0.5636208</speed>
      </trkpt>
      <trkpt lat="28.7908502" lon="119.8748626">
        <ele>691.49</ele>
        <time>2026-09-21T05:04:27Z</time>
        <speed>0.0</speed>
      </trkpt>
      <trkpt lat="28.7909376" lon="119.8749009">
        <ele>690.93</ele>
        <time>2026-09-21T05:05:15Z</time>
        <speed>0.5697975</speed>
      </trkpt>
      <trkpt lat="28.791024" lon="119.8749585">
        <ele>689.76</ele>
        <time>2026-09-21T05:05:33Z</time>
        <speed>0.9563539</speed>
      </trkpt>
      <trkpt lat="28.7911203" lon="119.8750015">
        <ele>687.58</ele>
        <time>2026-09-21T05:05:43Z</time>
        <speed>1.0603278</speed>
      </trkpt>
      <trkpt lat="28.791226" lon="119.8750198">
        <ele>684.11</ele>
        <time>2026-09-21T05:05:51Z</time>
        <speed>1.3876911</speed>
      </trkpt>
      <trkpt lat="28.7912856" lon="119.8750585">
        <ele>679.93</ele>
        <time>2026-09-21T05:06:05Z</time>
        <speed>0.0</speed>
      </trkpt>
      <trkpt lat="28.79136" lon="119.8751112">
        <ele>675.01</ele>
        <time>2026-09-21T05:06:15Z</time>
        <speed>0.9270147</speed>
      </trkpt>
      <trkpt lat="28.7914468" lon="119.8751488">
        <ele>670.84</ele>
        <time>2026-09-21T05:06:27Z</time>
        <speed>0.88995475</speed>
      </trkpt>
      <trkpt lat="28.7915258" lon="119.8752212">
        <ele>666.78</ele>
        <time>2026-09-21T05:06:53Z</time>
        <speed>0.6547267</speed>
      </trkpt>
      <trkpt lat="28.7916003" lon="119.8753005">
        <ele>660.46</ele>
        <time>2026-09-21T05:07:05Z</time>
        <speed>1.1843759</speed>
      </trkpt>
      <trkpt lat="28.7916857" lon="119.8753518">
        <ele>655.15</ele>
        <time>2026-09-21T05:07:13Z</time>
        <speed>1.0551805</speed>
      </trkpt>
      <trkpt lat="28.7917805" lon="119.875394">
        <ele>650.95</ele>
        <time>2026-09-21T05:07:21Z</time>
        <speed>1.2703345</speed>
      </trkpt>
      <trkpt lat="28.7918733" lon="119.8754176">
        <ele>647.45</ele>
        <time>2026-09-21T05:07:31Z</time>
        <speed>0.74274415</speed>
      </trkpt>
      <trkpt lat="28.7919608" lon="119.875464">
        <ele>644.76</ele>
        <time>2026-09-21T05:07:43Z</time>
        <speed>0.8220114</speed>
      </trkpt>
      <trkpt lat="28.7920311" lon="119.8755416">
        <ele>642.88</ele>
        <time>2026-09-21T05:08:07Z</time>
        <speed>1.0742253</speed>
      </trkpt>
      <trkpt lat="28.7920865" lon="119.8756326">
        <ele>639.84</ele>
        <time>2026-09-21T05:08:15Z</time>
        <speed>1.7716739</speed>
      </trkpt>
      <trkpt lat="28.7921437" lon="119.8757317">
        <ele>637.5</ele>
        <time>2026-09-21T05:08:29Z</time>
        <speed>0.8693658</speed>
      </trkpt>
      <trkpt lat="28.792198" lon="119.8758244">
        <ele>636.38</ele>
        <time>2026-09-21T05:08:43Z</time>
        <speed>0.7849514</speed>
      </trkpt>
      <trkpt lat="28.7922768" lon="119.8758758">
        <ele>635.49</ele>
        <time>2026-09-21T05:09:11Z</time>
        <speed>0.65009415</speed>
      </trkpt>
      <trkpt lat="28.7923375" lon="119.875953">
        <ele>634.85</ele>
        <time>2026-09-21T05:09:25Z</time>
        <speed>0.8312764</speed>
      </trkpt>
      <trkpt lat="28.7924231" lon="119.875988">
        <ele>635.86</ele>
        <time>2026-09-21T05:09:49Z</time>
        <speed>0.36648223</speed>
      </trkpt>
      <trkpt lat="28.792522" lon="119.8759921">
        <ele>635.96</ele>
        <time>2026-09-21T05:10:21Z</time>
        <speed>0.67685974</speed>
      </trkpt>
      <trkpt lat="28.7926207" lon="119.8759958">
        <ele>633.78</ele>
        <time>2026-09-21T05:10:45Z</time>
        <speed>0.40868944</speed>
      </trkpt>
      <trkpt lat="28.7927144" lon="119.8760086">
        <ele>630.82</ele>
        <time>2026-09-21T05:10:57Z</time>
        <speed>0.94400054</speed>
      </trkpt>
      <trkpt lat="28.7927905" lon="119.8760649">
        <ele>627.89</ele>
        <time>2026-09-21T05:11:15Z</time>
        <speed>0.88738114</speed>
      </trkpt>
      <trkpt lat="28.7928601" lon="119.8761362">
        <ele>624.45</ele>
        <time>2026-09-21T05:11:31Z</time>
        <speed>0.7139197</speed>
      </trkpt>
      <trkpt lat="28.7929344" lon="119.8762008">
        <ele>620.82</ele>
        <time>2026-09-21T05:11:43Z</time>
        <speed>0.9455447</speed>
      </trkpt>
      <trkpt lat="28.7930152" lon="119.8762547">
        <ele>617.54</ele>
        <time>2026-09-21T05:12:01Z</time>
        <speed>0.5718564</speed>
      </trkpt>
      <trkpt lat="28.7931009" lon="119.8762976">
        <ele>612.96</ele>
        <time>2026-09-21T05:12:29Z</time>
        <speed>0.3978803</speed>
      </trkpt>
      <trkpt lat="28.7931832" lon="119.8763531">
        <ele>609.19</ele>
        <time>2026-09-21T05:12:51Z</time>
        <speed>0.43854332</speed>
      </trkpt>
      <trkpt lat="28.7932638" lon="119.8764239">
        <ele>603.35</ele>
        <time>2026-09-21T05:13:09Z</time>
        <speed>0.5538411</speed>
      </trkpt>
      <trkpt lat="28.7933526" lon="119.87649">
        <ele>598.29</ele>
        <time>2026-09-21T05:13:19Z</time>
        <speed>0.78186303</speed>
      </trkpt>
      <trkpt lat="28.7934368" lon="119.8765496">
        <ele>595.2</ele>
        <time>2026-09-21T05:13:29Z</time>
        <speed>0.97436917</speed>
      </trkpt>
      <trkpt lat="28.7935266" lon="119.8765878">
        <ele>594.25</ele>
        <time>2026-09-21T05:14:21Z</time>
        <speed>0.27743527</speed>
      </trkpt>
      <trkpt lat="28.7935959" lon="119.8766609">
        <ele>599.05</ele>
        <time>2026-09-21T05:14:35Z</time>
        <speed>0.6758303</speed>
      </trkpt>
      <trkpt lat="28.7936561" lon="119.8767468">
        <ele>601.69</ele>
        <time>2026-09-21T05:14:53Z</time>
        <speed>0.42258695</speed>
      </trkpt>
      <trkpt lat="28.7937328" lon="119.8768124">
        <ele>602.99</ele>
        <time>2026-09-21T05:15:11Z</time>
        <speed>0.6464911</speed>
      </trkpt>
      <trkpt lat="28.7938178" lon="119.8768504">
        <ele>601.87</ele>
        <time>2026-09-21T05:15:21Z</time>
        <speed>1.1406244</speed>
      </trkpt>
      <trkpt lat="28.7939179" lon="119.8768462">
        <ele>600.81</ele>
        <time>2026-09-21T05:15:37Z</time>
        <speed>0.5981072</speed>
      </trkpt>
      <trkpt lat="28.7940104" lon="119.8768608">
        <ele>600.55</ele>
        <time>2026-09-21T05:15:55Z</time>
        <speed>0.55435586</speed>
      </trkpt>
      <trkpt lat="28.7940083" lon="119.8769617">
        <ele>602.03</ele>
        <time>2026-09-21T05:17:11Z</time>
        <speed>0.3850122</speed>
      </trkpt>
      <trkpt lat="28.7939883" lon="119.8770717">
        <ele>602.1</ele>
        <time>2026-09-21T05:17:33Z</time>
        <speed>0.8961314</speed>
      </trkpt>
      <trkpt lat="28.7939655" lon="119.8771732">
        <ele>599.74</ele>
        <time>2026-09-21T05:18:29Z</time>
        <speed>0.62899053</speed>
      </trkpt>
      <trkpt lat="28.793937" lon="119.8772925">
        <ele>594.04</ele>
        <time>2026-09-21T05:19:01Z</time>
        <speed>0.7581858</speed>
      </trkpt>
      <trkpt lat="28.7939444" lon="119.8774024">
        <ele>587.92</ele>
        <time>2026-09-21T05:19:31Z</time>
        <speed>0.49053028</speed>
      </trkpt>
      <trkpt lat="28.7939862" lon="119.8774958">
        <ele>580.17</ele>
        <time>2026-09-21T05:19:51Z</time>
        <speed>0.61663723</speed>
      </trkpt>
      <trkpt lat="28.7940352" lon="119.8775896">
        <ele>573.77</ele>
        <time>2026-09-21T05:20:05Z</time>
        <speed>0.82818806</speed>
      </trkpt>
      <trkpt lat="28.7940727" lon="119.8776883">
        <ele>568.62</ele>
        <time>2026-09-21T05:20:13Z</time>
        <speed>1.3310716</speed>
      </trkpt>
      <trkpt lat="28.7940816" lon="119.8777567">
        <ele>565.21</ele>
        <time>2026-09-21T05:20:31Z</time>
        <speed>0.0</speed>
      </trkpt>
      <trkpt lat="28.7940621" lon="119.8778478">
        <ele>562.97</ele>
        <time>2026-09-21T05:20:45Z</time>
        <speed>0.7957606</speed>
      </trkpt>
      <trkpt lat="28.7940311" lon="119.8779626">
        <ele>560.32</ele>
        <time>2026-09-21T05:20:59Z</time>
        <speed>0.67788917</speed>
      </trkpt>
      <trkpt lat="28.794017" lon="119.8780733">
        <ele>557.13</ele>
        <time>2026-09-21T05:21:15Z</time>
        <speed>0.5811214</speed>
      </trkpt>
      <trkpt lat="28.7940071" lon="119.8781821">
        <ele>554.19</ele>
        <time>2026-09-21T05:22:07Z</time>
        <speed>0.6295053</speed>
      </trkpt>
      <trkpt lat="28.7940527" lon="119.8782747">
        <ele>549.08</ele>
        <time>2026-09-21T05:22:21Z</time>
        <speed>0.79781944</speed>
      </trkpt>
      <trkpt lat="28.7941095" lon="119.878365">
        <ele>543.49</ele>
        <time>2026-09-21T05:22:41Z</time>
        <speed>0.6094311</speed>
      </trkpt>
      <trkpt lat="28.7941548" lon="119.8784714">
        <ele>537.0</ele>
        <time>2026-09-21T05:22:51Z</time>
        <speed>1.274967</speed>
      </trkpt>
      <trkpt lat="28.7941999" lon="119.8785718">
        <ele>531.71</ele>
        <time>2026-09-21T05:22:57Z</time>
        <speed>1.5801972</speed>
      </trkpt>
      <trkpt lat="28.794233" lon="119.8786743">
        <ele>528.26</ele>
        <time>2026-09-21T05:23:07Z</time>
        <speed>1.0639309</speed>
      </trkpt>
      <trkpt lat="28.794284" lon="119.8787689">
        <ele>526.09</ele>
        <time>2026-09-21T05:23:21Z</time>
        <speed>0.5028836</speed>
      </trkpt>
      <trkpt lat="28.7943633" lon="119.8788793">
        <ele>524.33</ele>
        <time>2026-09-21T05:23:33Z</time>
        <speed>0.9218675</speed>
      </trkpt>
      <trkpt lat="28.794416" lon="119.8789921">
        <ele>522.34</ele>
        <time>2026-09-21T05:23:41Z</time>
        <speed>1.3032767</speed>
      </trkpt>
      <trkpt lat="28.7944231" lon="119.8791051">
        <ele>520.56</ele>
        <time>2026-09-21T05:23:55Z</time>
        <speed>0.5903864</speed>
      </trkpt>
      <trkpt lat="28.7944817" lon="119.8792026">
        <ele>520.32</ele>
        <time>2026-09-21T05:24:19Z</time>
        <speed>0.37214416</speed>
      </trkpt>
      <trkpt lat="28.794523" lon="119.879318">
        <ele>521.73</ele>
        <time>2026-09-21T05:24:29Z</time>
        <speed>1.1993028</speed>
      </trkpt>
      <trkpt lat="28.7945704" lon="119.8794281">
        <ele>522.92</ele>
        <time>2026-09-21T05:24:37Z</time>
        <speed>1.1493747</speed>
      </trkpt>
      <trkpt lat="28.7946277" lon="119.8795357">
        <ele>523.82</ele>
        <time>2026-09-21T05:24:45Z</time>
        <speed>1.1009909</speed>
      </trkpt>
      <trkpt lat="28.7946546" lon="119.8796449">
        <ele>523.59</ele>
        <time>2026-09-21T05:24:59Z</time>
        <speed>0.88635164</speed>
      </trkpt>
      <trkpt lat="28.7947098" lon="119.8797384">
        <ele>523.77</ele>
        <time>2026-09-21T05:25:09Z</time>
        <speed>1.198788</speed>
      </trkpt>
      <trkpt lat="28.7947843" lon="119.8798012">
        <ele>524.43</ele>
        <time>2026-09-21T05:25:19Z</time>
        <speed>0.80296665</speed>
      </trkpt>
      <trkpt lat="28.7948773" lon="119.8798473">
        <ele>524.85</ele>
        <time>2026-09-21T05:25:29Z</time>
        <speed>0.88635164</speed>
      </trkpt>
      <trkpt lat="28.794982" lon="119.8798883">
        <ele>524.09</ele>
        <time>2026-09-21T05:25:37Z</time>
        <speed>1.2929822</speed>
      </trkpt>
      <trkpt lat="28.7950565" lon="119.8799569">
        <ele>522.03</ele>
        <time>2026-09-21T05:25:53Z</time>
        <speed>0.7000222</speed>
      </trkpt>
      <trkpt lat="28.7951234" lon="119.8800307">
        <ele>518.36</ele>
        <time>2026-09-21T05:26:07Z</time>
        <speed>0.68869835</speed>
      </trkpt>
      <trkpt lat="28.7951708" lon="119.8801245">
        <ele>514.55</ele>
        <time>2026-09-21T05:26:17Z</time>
        <speed>0.8544389</speed>
      </trkpt>
      <trkpt lat="28.795227" lon="119.8802248">
        <ele>510.7</ele>
        <time>2026-09-21T05:26:23Z</time>
        <speed>1.317689</speed>
      </trkpt>
      <trkpt lat="28.7953028" lon="119.8803073">
        <ele>507.04</ele>
        <time>2026-09-21T05:26:29Z</time>
        <speed>1.6198308</speed>
      </trkpt>
      <trkpt lat="28.79537" lon="119.8803883">
        <ele>503.07</ele>
        <time>2026-09-21T05:26:41Z</time>
        <speed>0.74222946</speed>
      </trkpt>
      <trkpt lat="28.7954268" lon="119.8804918">
        <ele>500.63</ele>
        <time>2026-09-21T05:26:59Z</time>
        <speed>0.6552414</speed>
      </trkpt>
      <trkpt lat="28.7954672" lon="119.8805975">
        <ele>499.93</ele>
        <time>2026-09-21T05:27:07Z</time>
        <speed>1.2327597</speed>
      </trkpt>
      <trkpt lat="28.7954935" lon="119.8807079">
        <ele>498.97</ele>
        <time>2026-09-21T05:27:13Z</time>
        <speed>1.3459986</speed>
      </trkpt>
      <trkpt lat="28.7954783" lon="119.8808343">
        <ele>498.25</ele>
        <time>2026-09-21T05:27:25Z</time>
        <speed>0.967163</speed>
      </trkpt>
      <trkpt lat="28.7954968" lon="119.8809535">
        <ele>497.54</ele>
        <time>2026-09-21T05:27:35Z</time>
        <speed>0.94503</speed>
      </trkpt>
      <trkpt lat="28.7955345" lon="119.8810701">
        <ele>496.75</ele>
        <time>2026-09-21T05:27:47Z</time>
        <speed>0.8240703</speed>
      </trkpt>
      <trkpt lat="28.7956003" lon="119.8811541">
        <ele>494.75</ele>
        <time>2026-09-21T05:27:53Z</time>
        <speed>1.4751939</speed>
      </trkpt>
      <trkpt lat="28.7956713" lon="119.8812288">
        <ele>493.14</ele>
        <time>2026-09-21T05:27:59Z</time>
        <speed>2.045506</speed>
      </trkpt>
      <trkpt lat="28.7957359" lon="119.8813082">
        <ele>492.65</ele>
        <time>2026-09-21T05:28:07Z</time>
        <speed>1.3537195</speed>
      </trkpt>
      <trkpt lat="28.7958204" lon="119.8813819">
        <ele>493.19</ele>
        <time>2026-09-21T05:28:15Z</time>
        <speed>1.3943825</speed>
      </trkpt>
      <trkpt lat="28.7959081" lon="119.8814365">
        <ele>492.68</ele>
        <time>2026-09-21T05:28:23Z</time>
        <speed>1.1020203</speed>
      </trkpt>
      <trkpt lat="28.7959543" lon="119.8815286">
        <ele>491.96</ele>
        <time>2026-09-21T05:28:37Z</time>
        <speed>0.9898108</speed>
      </trkpt>
      <trkpt lat="28.7960107" lon="119.8816182">
        <ele>491.93</ele>
        <time>2026-09-21T05:28:47Z</time>
        <speed>0.9867225</speed>
      </trkpt>
      <trkpt lat="28.7960703" lon="119.8817093">
        <ele>491.53</ele>
        <time>2026-09-21T05:28:59Z</time>
        <speed>0.71443444</speed>
      </trkpt>
      <trkpt lat="28.7961213" lon="119.8818004">
        <ele>488.94</ele>
        <time>2026-09-21T05:29:11Z</time>
        <speed>0.8456886</speed>
      </trkpt>
      <trkpt lat="28.7961868" lon="119.8818749">
        <ele>486.04</ele>
        <time>2026-09-21T05:29:37Z</time>
        <speed>0.49413332</speed>
      </trkpt>
      <trkpt lat="28.796218" lon="119.8819743">
        <ele>482.67</ele>
        <time>2026-09-21T05:29:51Z</time>
        <speed>0.7473767</speed>
      </trkpt>
      <trkpt lat="28.7962061" lon="119.8820787">
        <ele>479.76</ele>
        <time>2026-09-21T05:30:05Z</time>
        <speed>0.43648446</speed>
      </trkpt>
      <trkpt lat="28.7962301" lon="119.8821789">
        <ele>477.62</ele>
        <time>2026-09-21T05:30:25Z</time>
        <speed>0.62847584</speed>
      </trkpt>
      <trkpt lat="28.7962767" lon="119.8822718">
        <ele>474.65</ele>
        <time>2026-09-21T05:30:40Z</time>
        <speed>0.8611303</speed>
      </trkpt>
      <trkpt lat="28.7963375" lon="119.8823607">
        <ele>470.11</ele>
        <time>2026-09-21T05:30:46Z</time>
        <speed>1.6316694</speed>
      </trkpt>
      <trkpt lat="28.7963709" lon="119.8824771">
        <ele>466.49</ele>
        <time>2026-09-21T05:31:00Z</time>
        <speed>0.85649776</speed>
      </trkpt>
      <trkpt lat="28.7964178" lon="119.882579">
        <ele>462.97</ele>
        <time>2026-09-21T05:31:08Z</time>
        <speed>1.1745961</speed>
      </trkpt>
      <trkpt lat="28.796459" lon="119.8826805">
        <ele>460.92</ele>
        <time>2026-09-21T05:31:16Z</time>
        <speed>1.1946703</speed>
      </trkpt>
      <trkpt lat="28.7965304" lon="119.8827631">
        <ele>458.97</ele>
        <time>2026-09-21T05:31:24Z</time>
        <speed>1.1874641</speed>
      </trkpt>
      <trkpt lat="28.7965966" lon="119.8828503">
        <ele>457.14</ele>
        <time>2026-09-21T05:31:34Z</time>
        <speed>0.7530386</speed>
      </trkpt>
      <trkpt lat="28.7966681" lon="119.8829326">
        <ele>455.36</ele>
        <time>2026-09-21T05:31:44Z</time>
        <speed>0.87811613</speed>
      </trkpt>
      <trkpt lat="28.796746" lon="119.8829998">
        <ele>453.01</ele>
        <time>2026-09-21T05:31:50Z</time>
        <speed>1.2569517</speed>
      </trkpt>
      <trkpt lat="28.7968231" lon="119.883038">
        <ele>450.68</ele>
        <time>2026-09-21T05:32:00Z</time>
        <speed>0.0</speed>
      </trkpt>
      <trkpt lat="28.7968931" lon="119.8831143">
        <ele>449.14</ele>
        <time>2026-09-21T05:32:14Z</time>
        <speed>0.7350233</speed>
      </trkpt>
      <trkpt lat="28.7969638" lon="119.8831954">
        <ele>450.03</ele>
        <time>2026-09-21T05:32:26Z</time>
        <speed>0.83230585</speed>
      </trkpt>
      <trkpt lat="28.7970326" lon="119.8832798">
        <ele>452.47</ele>
        <time>2026-09-21T05:32:38Z</time>
        <speed>0.66090333</speed>
      </trkpt>
      <trkpt lat="28.7971095" lon="119.8833559">
        <ele>455.19</ele>
        <time>2026-09-21T05:32:50Z</time>
        <speed>0.69436026</speed>
      </trkpt>
      <trkpt lat="28.7971845" lon="119.8834358">
        <ele>456.87</ele>
        <time>2026-09-21T05:33:00Z</time>
        <speed>0.9522361</speed>
      </trkpt>
      <trkpt lat="28.7972672" lon="119.8834986">
        <ele>457.66</ele>
        <time>2026-09-21T05:33:10Z</time>
        <speed>1.2497456</speed>
      </trkpt>
      <trkpt lat="28.7972299" lon="119.8835637">
        <ele>457.85</ele>
        <time>2026-09-21T05:33:26Z</time>
        <speed>0.8235555</speed>
      </trkpt>
      <trkpt lat="28.7972196" lon="119.8836631">
        <ele>456.75</ele>
        <time>2026-09-21T05:33:56Z</time>
        <speed>0.6881836</speed>
      </trkpt>
      <trkpt lat="28.7972031" lon="119.883774">
        <ele>453.59</ele>
        <time>2026-09-21T05:34:06Z</time>
        <speed>0.76950973</speed>
      </trkpt>
      <trkpt lat="28.7971485" lon="119.8838775">
        <ele>451.49</ele>
        <time>2026-09-21T05:34:16Z</time>
        <speed>0.84980637</speed>
      </trkpt>
      <trkpt lat="28.797104" lon="119.8839793">
        <ele>449.86</ele>
        <time>2026-09-21T05:34:24Z</time>
        <speed>1.0757694</speed>
      </trkpt>
      <trkpt lat="28.7970446" lon="119.8840712">
        <ele>448.54</ele>
        <time>2026-09-21T05:34:36Z</time>
        <speed>0.79884887</speed>
      </trkpt>
      <trkpt lat="28.7969907" lon="119.8841607">
        <ele>448.31</ele>
        <time>2026-09-21T05:34:46Z</time>
        <speed>1.0114292</speed>
      </trkpt>
      <trkpt lat="28.7969777" lon="119.8842635">
        <ele>448.99</ele>
        <time>2026-09-21T05:34:56Z</time>
        <speed>0.8611303</speed>
      </trkpt>
      <trkpt lat="28.7969838" lon="119.8843691">
        <ele>449.25</ele>
        <time>2026-09-21T05:35:06Z</time>
        <speed>0.8467181</speed>
      </trkpt>
      <trkpt lat="28.7970274" lon="119.8844701">
        <ele>449.53</ele>
        <time>2026-09-21T05:35:18Z</time>
        <speed>0.787525</speed>
      </trkpt>
      <trkpt lat="28.7971002" lon="119.8845666">
        <ele>450.34</ele>
        <time>2026-09-21T05:35:30Z</time>
        <speed>1.1215798</speed>
      </trkpt>
      <trkpt lat="28.7971854" lon="119.8846263">
        <ele>449.76</ele>
        <time>2026-09-21T05:35:48Z</time>
        <speed>0.61097527</speed>
      </trkpt>
      <trkpt lat="28.7972568" lon="119.884698">
        <ele>447.45</ele>
        <time>2026-09-21T05:36:04Z</time>
        <speed>0.6140636</speed>
      </trkpt>
      <trkpt lat="28.797327" lon="119.8847648">
        <ele>443.73</ele>
        <time>2026-09-21T05:36:22Z</time>
        <speed>0.5270755</speed>
      </trkpt>
      <trkpt lat="28.7974088" lon="119.8848091">
        <ele>439.89</ele>
        <time>2026-09-21T05:36:34Z</time>
        <speed>0.6588445</speed>
      </trkpt>
      <trkpt lat="28.7974871" lon="119.884877">
        <ele>438.56</ele>
        <time>2026-09-21T05:37:10Z</time>
        <speed>0.2830972</speed>
      </trkpt>
      <trkpt lat="28.7975571" lon="119.8849576">
        <ele>439.14</ele>
        <time>2026-09-21T05:37:34Z</time>
        <speed>0.6717125</speed>
      </trkpt>
      <trkpt lat="28.7976414" lon="119.8849997">
        <ele>438.52</ele>
        <time>2026-09-21T05:37:58Z</time>
        <speed>0.7643625</speed>
      </trkpt>
      <trkpt lat="28.7977175" lon="119.8850543">
        <ele>435.11</ele>
        <time>2026-09-21T05:38:18Z</time>
        <speed>0.9203233</speed>
      </trkpt>
      <trkpt lat="28.7978012" lon="119.8851151">
        <ele>429.21</ele>
        <time>2026-09-21T05:38:32Z</time>
        <speed>0.82715863</speed>
      </trkpt>
      <trkpt lat="28.7978829" lon="119.8851671">
        <ele>423.19</ele>
        <time>2026-09-21T05:38:48Z</time>
        <speed>0.68200696</speed>
      </trkpt>
      <trkpt lat="28.7979735" lon="119.8852043">
        <ele>417.47</ele>
        <time>2026-09-21T05:39:04Z</time>
        <speed>0.79112804</speed>
      </trkpt>
      <trkpt lat="28.7980823" lon="119.8852365">
        <ele>411.68</ele>
        <time>2026-09-21T05:39:16Z</time>
        <speed>0.88995475</speed>
      </trkpt>
      <trkpt lat="28.7981834" lon="119.8852603">
        <ele>405.88</ele>
        <time>2026-09-21T05:39:22Z</time>
        <speed>1.3300422</speed>
      </trkpt>
      <trkpt lat="28.798278" lon="119.8852769">
        <ele>401.89</ele>
        <time>2026-09-21T05:39:32Z</time>
        <speed>1.0629014</speed>
      </trkpt>
      <trkpt lat="28.7983612" lon="119.8853305">
        <ele>400.13</ele>
        <time>2026-09-21T05:39:44Z</time>
        <speed>0.67531556</speed>
      </trkpt>
      <trkpt lat="28.7984328" lon="119.8854035">
        <ele>399.26</ele>
        <time>2026-09-21T05:39:52Z</time>
        <speed>1.0958436</speed>
      </trkpt>
      <trkpt lat="28.7984998" lon="119.8854959">
        <ele>397.77</ele>
        <time>2026-09-21T05:40:02Z</time>
        <speed>1.5915211</speed>
      </trkpt>
      <trkpt lat="28.7985574" lon="119.8855971">
        <ele>393.48</ele>
        <time>2026-09-21T05:40:08Z</time>
        <speed>1.5055625</speed>
      </trkpt>
      <trkpt lat="28.798616" lon="119.885687">
        <ele>389.1</ele>
        <time>2026-09-21T05:40:14Z</time>
        <speed>1.6445374</speed>
      </trkpt>
      <trkpt lat="28.7986634" lon="119.8857812">
        <ele>384.93</ele>
        <time>2026-09-21T05:40:22Z</time>
        <speed>1.2260684</speed>
      </trkpt>
      <trkpt lat="28.798726" lon="119.8858655">
        <ele>380.83</ele>
        <time>2026-09-21T05:40:30Z</time>
        <speed>1.2353333</speed>
      </trkpt>
      <trkpt lat="28.7988013" lon="119.8859571">
        <ele>377.16</ele>
        <time>2026-09-21T05:40:40Z</time>
        <speed>1.2224653</speed>
      </trkpt>
      <trkpt lat="28.798872" lon="119.8860404">
        <ele>373.91</ele>
        <time>2026-09-21T05:40:52Z</time>
        <speed>0.45913222</speed>
      </trkpt>
      <trkpt lat="28.7989151" lon="119.8861393">
        <ele>370.94</ele>
        <time>2026-09-21T05:41:10Z</time>
        <speed>0.6346525</speed>
      </trkpt>
      <trkpt lat="28.7989654" lon="119.8862254">
        <ele>367.22</ele>
        <time>2026-09-21T05:41:18Z</time>
        <speed>1.0073113</speed>
      </trkpt>
      <trkpt lat="28.7990085" lon="119.8863463">
        <ele>364.2</ele>
        <time>2026-09-21T05:41:26Z</time>
        <speed>1.269305</speed>
      </trkpt>
      <trkpt lat="28.799058" lon="119.8864702">
        <ele>361.15</ele>
        <time>2026-09-21T05:41:32Z</time>
        <speed>1.7202016</speed>
      </trkpt>
      <trkpt lat="28.7991068" lon="119.8865709">
        <ele>358.16</ele>
        <time>2026-09-21T05:41:42Z</time>
        <speed>0.880175</speed>
      </trkpt>
      <trkpt lat="28.7991552" lon="119.8866596">
        <ele>355.08</ele>
        <time>2026-09-21T05:41:52Z</time>
        <speed>0.79112804</speed>
      </trkpt>
      <trkpt lat="28.7992335" lon="119.8867157">
        <ele>353.28</ele>
        <time>2026-09-21T05:42:10Z</time>
        <speed>0.7293614</speed>
      </trkpt>
      <trkpt lat="28.7993241" lon="119.8867648">
        <ele>352.73</ele>
        <time>2026-09-21T05:42:20Z</time>
        <speed>0.92804414</speed>
      </trkpt>
      <trkpt lat="28.7994175" lon="119.886761">
        <ele>353.75</ele>
        <time>2026-09-21T05:42:34Z</time>
        <speed>0.58060664</speed>
      </trkpt>
      <trkpt lat="28.7995116" lon="119.8867321">
        <ele>355.15</ele>
        <time>2026-09-21T05:42:52Z</time>
        <speed>0.6464911</speed>
      </trkpt>
      <trkpt lat="28.7996076" lon="119.8867139">
        <ele>354.87</ele>
        <time>2026-09-21T05:43:06Z</time>
        <speed>0.6964192</speed>
      </trkpt>
      <trkpt lat="28.7996974" lon="119.8867432">
        <ele>353.16</ele>
        <time>2026-09-21T05:43:18Z</time>
        <speed>0.79318696</speed>
      </trkpt>
      <trkpt lat="28.7998009" lon="119.8867897">
        <ele>349.87</ele>
        <time>2026-09-21T05:43:26Z</time>
        <speed>1.1354772</speed>
      </trkpt>
      <trkpt lat="28.799907" lon="119.8868368">
        <ele>346.31</ele>
        <time>2026-09-21T05:43:34Z</time>
        <speed>1.3696759</speed>
      </trkpt>
      <trkpt lat="28.7999895" lon="119.8869122">
        <ele>342.0</ele>
        <time>2026-09-21T05:43:48Z</time>
        <speed>0.8173789</speed>
      </trkpt>
      <trkpt lat="28.8000855" lon="119.886998">
        <ele>336.45</ele>
        <time>2026-09-21T05:43:58Z</time>
        <speed>1.0176058</speed>
      </trkpt>
      <trkpt lat="28.8002037" lon="119.8870381">
        <ele>331.18</ele>
        <time>2026-09-21T05:44:04Z</time>
        <speed>1.7078483</speed>
      </trkpt>
      <trkpt lat="28.800306" lon="119.8870934">
        <ele>327.02</ele>
        <time>2026-09-21T05:44:10Z</time>
        <speed>1.8123369</speed>
      </trkpt>
      <trkpt lat="28.800395" lon="119.8871685">
        <ele>323.74</ele>
        <time>2026-09-21T05:44:18Z</time>
        <speed>1.7387316</speed>
      </trkpt>
      <trkpt lat="28.800483" lon="119.8872333">
        <ele>321.53</ele>
        <time>2026-09-21T05:44:36Z</time>
        <speed>0.84465915</speed>
      </trkpt>
      <trkpt lat="28.8005614" lon="119.887292">
        <ele>318.76</ele>
        <time>2026-09-21T05:44:58Z</time>
        <speed>0.5502381</speed>
      </trkpt>
      <trkpt lat="28.8006544" lon="119.8873322">
        <ele>315.25</ele>
        <time>2026-09-21T05:45:08Z</time>
        <speed>0.8961314</speed>
      </trkpt>
      <trkpt lat="28.8007584" lon="119.8873409">
        <ele>311.75</ele>
        <time>2026-09-21T05:45:20Z</time>
        <speed>0.70516944</speed>
      </trkpt>
      <trkpt lat="28.8008624" lon="119.8873368">
        <ele>307.17</ele>
        <time>2026-09-21T05:45:29Z</time>
        <speed>0.89510196</speed>
      </trkpt>
      <trkpt lat="28.8009606" lon="119.8873416">
        <ele>304.04</ele>
        <time>2026-09-21T05:45:37Z</time>
        <speed>0.8333353</speed>
      </trkpt>
      <trkpt lat="28.8010724" lon="119.887373">
        <ele>302.9</ele>
        <time>2026-09-21T05:45:45Z</time>
        <speed>1.1679047</speed>
      </trkpt>
      <trkpt lat="28.8011719" lon="119.887397">
        <ele>303.25</ele>
        <time>2026-09-21T05:45:51Z</time>
        <speed>1.2404805</speed>
      </trkpt>
      <trkpt lat="28.8012648" lon="119.8874085">
        <ele>304.39</ele>
        <time>2026-09-21T05:45:59Z</time>
        <speed>1.1493747</speed>
      </trkpt>
      <trkpt lat="28.8013594" lon="119.8874051">
        <ele>306.46</ele>
        <time>2026-09-21T05:46:05Z</time>
        <speed>1.3346747</speed>
      </trkpt>
      <trkpt lat="28.8014339" lon="119.887462">
        <ele>308.37</ele>
        <time>2026-09-21T05:46:25Z</time>
        <speed>0.5178106</speed>
      </trkpt>
      <trkpt lat="28.8014912" lon="119.8875432">
        <ele>308.64</ele>
        <time>2026-09-21T05:46:35Z</time>
        <speed>0.9192939</speed>
      </trkpt>
      <trkpt lat="28.8014921" lon="119.887647">
        <ele>307.72</ele>
        <time>2026-09-21T05:46:49Z</time>
        <speed>0.5996514</speed>
      </trkpt>
      <trkpt lat="28.8015227" lon="119.8877537">
        <ele>304.87</ele>
        <time>2026-09-21T05:46:57Z</time>
        <speed>0.90179336</speed>
      </trkpt>
      <trkpt lat="28.8015845" lon="119.887845">
        <ele>301.27</ele>
        <time>2026-09-21T05:47:11Z</time>
        <speed>0.5136928</speed>
      </trkpt>
      <trkpt lat="28.8016518" lon="119.8879378">
        <ele>295.69</ele>
        <time>2026-09-21T05:47:19Z</time>
        <speed>0.9038522</speed>
      </trkpt>
      <trkpt lat="28.8017134" lon="119.8880362">
        <ele>290.4</ele>
        <time>2026-09-21T05:47:25Z</time>
        <speed>1.5364459</speed>
      </trkpt>
      <trkpt lat="28.8017719" lon="119.8881403">
        <ele>285.84</ele>
        <time>2026-09-21T05:47:33Z</time>
        <speed>1.250775</speed>
      </trkpt>
      <trkpt lat="28.8018402" lon="119.8882374">
        <ele>281.87</ele>
        <time>2026-09-21T05:47:43Z</time>
        <speed>0.81532</speed>
      </trkpt>
      <trkpt lat="28.8019246" lon="119.8883226">
        <ele>279.13</ele>
        <time>2026-09-21T05:47:53Z</time>
        <speed>0.9228969</speed>
      </trkpt>
      <trkpt lat="28.8020195" lon="119.8883573">
        <ele>277.48</ele>
        <time>2026-09-21T05:48:07Z</time>
        <speed>0.36905584</speed>
      </trkpt>
      <trkpt lat="28.8021032" lon="119.8884043">
        <ele>276.93</ele>
        <time>2026-09-21T05:48:33Z</time>
        <speed>0.48075056</speed>
      </trkpt>
      <trkpt lat="28.8021667" lon="119.888474">
        <ele>274.47</ele>
        <time>2026-09-21T05:49:27Z</time>
        <speed>0.41743973</speed>
      </trkpt>
      <trkpt lat="28.8022377" lon="119.8885342">
        <ele>268.89</ele>
        <time>2026-09-21T05:49:55Z</time>
        <speed>0.3402314</speed>
      </trkpt>
      <trkpt lat="28.8022926" lon="119.8886152">
        <ele>263.56</ele>
        <time>2026-09-21T05:50:39Z</time>
        <speed>0.27589113</speed>
      </trkpt>
      <trkpt lat="28.8023267" lon="119.8887128">
        <ele>256.09</ele>
        <time>2026-09-21T05:51:17Z</time>
        <speed>0.4771475</speed>
      </trkpt>
      <trkpt lat="28.8023416" lon="119.8888203">
        <ele>247.79</ele>
        <time>2026-09-21T05:51:57Z</time>
        <speed>0.54303193</speed>
      </trkpt>
      <trkpt lat="28.8023767" lon="119.8889217">
        <ele>239.11</ele>
        <time>2026-09-21T05:53:09Z</time>
        <speed>0.26765555</speed>
      </trkpt>
      <trkpt lat="28.8024567" lon="119.8889833">
        <ele>228.22</ele>
        <time>2026-09-21T05:53:29Z</time>
        <speed>0.0</speed>
      </trkpt>
      <trkpt lat="28.8025268" lon="119.8890633">
        <ele>219.69</ele>
        <time>2026-09-21T05:54:27Z</time>
        <speed>0.28103834</speed>
      </trkpt>
      <trkpt lat="28.8026055" lon="119.889126">
        <ele>209.98</ele>
        <time>2026-09-21T05:54:51Z</time>
        <speed>0.31449527</speed>
      </trkpt>
      <trkpt lat="28.8026918" lon="119.889167">
        <ele>201.9</ele>
        <time>2026-09-21T05:55:01Z</time>
        <speed>0.74531776</speed>
      </trkpt>
      <trkpt lat="28.8027494" lon="119.8892431">
        <ele>196.44</ele>
        <time>2026-09-21T05:55:19Z</time>
        <speed>0.6274464</speed>
      </trkpt>
      <trkpt lat="28.8028324" lon="119.8892782">
        <ele>190.05</ele>
        <time>2026-09-21T05:56:03Z</time>
        <speed>0.5435467</speed>
      </trkpt>
      <trkpt lat="28.8028195" lon="119.8892058">
        <ele>182.5</ele>
        <time>2026-09-21T05:56:35Z</time>
        <speed>0.0</speed>
      </trkpt>
      <trkpt lat="28.8028134" lon="119.8892636">
        <ele>177.73</ele>
        <time>2026-09-21T05:56:47Z</time>
        <speed>0.85546833</speed>
      </trkpt>
      <trkpt lat="28.8028635" lon="119.8893381">
        <ele>172.42</ele>
        <time>2026-09-21T05:56:57Z</time>
        <speed>0.64957947</speed>
      </trkpt>
      <trkpt lat="28.8028788" lon="119.8894427">
        <ele>171.08</ele>
        <time>2026-09-21T05:57:11Z</time>
        <speed>0.5229578</speed>
      </trkpt>
      <trkpt lat="28.8028944" lon="119.8895543">
        <ele>170.62</ele>
        <time>2026-09-21T05:57:19Z</time>
        <speed>1.1709931</speed>
      </trkpt>
      <trkpt lat="28.8028936" lon="119.8896803">
        <ele>168.97</ele>
        <time>2026-09-21T05:57:27Z</time>
        <speed>1.8138812</speed>
      </trkpt>
      <trkpt lat="28.802901" lon="119.8897946">
        <ele>167.48</ele>
        <time>2026-09-21T05:57:35Z</time>
        <speed>1.5426224</speed>
      </trkpt>
      <trkpt lat="28.8028912" lon="119.8899026">
        <ele>166.63</ele>
        <time>2026-09-21T05:57:43Z</time>
        <speed>1.376882</speed>
      </trkpt>
      <trkpt lat="28.8028816" lon="119.890008">
        <ele>166.19</ele>
        <time>2026-09-21T05:57:51Z</time>
        <speed>1.46387</speed>
      </trkpt>
      <trkpt lat="28.8028492" lon="119.8901227">
        <ele>165.42</ele>
        <time>2026-09-21T05:57:59Z</time>
        <speed>1.1555514</speed>
      </trkpt>
      <trkpt lat="28.8028342" lon="119.8902497">
        <ele>164.81</ele>
        <time>2026-09-21T05:58:07Z</time>
        <speed>1.2528338</speed>
      </trkpt>
      <trkpt lat="28.8028257" lon="119.8903745">
        <ele>163.77</ele>
        <time>2026-09-21T05:58:15Z</time>
        <speed>1.3171742</speed>
      </trkpt>
      <trkpt lat="28.8028158" lon="119.890499">
        <ele>162.45</ele>
        <time>2026-09-21T05:58:23Z</time>
        <speed>1.532328</speed>
      </trkpt>
      <trkpt lat="28.8028174" lon="119.8906267">
        <ele>161.7</ele>
        <time>2026-09-21T05:58:31Z</time>
        <speed>1.880795</speed>
      </trkpt>
      <trkpt lat="28.8027917" lon="119.8907342">
        <ele>161.78</ele>
        <time>2026-09-21T05:58:39Z</time>
        <speed>1.5966684</speed>
      </trkpt>
      <trkpt lat="28.8027667" lon="119.8908515">
        <ele>161.49</ele>
        <time>2026-09-21T05:58:49Z</time>
        <speed>1.2620989</speed>
      </trkpt>
      <trkpt lat="28.8027693" lon="119.8909709">
        <ele>161.32</ele>
        <time>2026-09-21T05:58:57Z</time>
        <speed>1.3094534</speed>
      </trkpt>
      <trkpt lat="28.8027913" lon="119.8910885">
        <ele>161.74</ele>
        <time>2026-09-21T05:59:05Z</time>
        <speed>1.4664437</speed>
      </trkpt>
      <trkpt lat="28.8027529" lon="119.8911778">
        <ele>162.15</ele>
        <time>2026-09-21T05:59:17Z</time>
        <speed>1.3130563</speed>
      </trkpt>
      <trkpt lat="28.8026555" lon="119.8912192">
        <ele>163.34</ele>
        <time>2026-09-21T05:59:25Z</time>
        <speed>1.4144567</speed>
      </trkpt>
      <trkpt lat="28.8026555" lon="119.8912192">
        <ele>163.34</ele>
        <time>2026-09-21T05:59:33Z</time>
        <speed>1.4144567</speed>
      </trkpt>
      <extensions>
        <PauseTimes>1789970373000:pause</PauseTimes>
      </extensions>
    </trkseg>
  </trk>
  <wpt lat="28.8023841" lon="119.8911336">
    <ele>159.3</ele>
    <time>2026-09-21T01:54:33Z</time>
    <name><![CDATA[停车免费，1楼有厕所
        ]]>
    </name>
    <cmt>停车免费，1楼有厕所
        </cmt>
    <desc><![CDATA[]]>
    </desc>
    <sym>Flag, Blue</sym>
    <type>user</type>
    <extensions>
      <PosType>0</PosType>
      <Speed>0.53170806</Speed>
      <Accuracy>1.6</Accuracy>
      <Time>1789955673720</Time>
      <description><![CDATA[]]>
      </description>
      <FileId>1681592903</FileId>
      <FileSize>583277</FileSize>
      <FileType>0</FileType>
    </extensions>
  </wpt>
  <wpt lat="28.802787" lon="119.8911561">
    <ele>163.5</ele>
    <time>2026-09-21T01:55:19Z</time>
    <name><![CDATA[左转
        ]]>
    </name>
    <cmt>左转
        </cmt>
    <desc><![CDATA[]]>
    </desc>
    <sym>Flag, Blue</sym>
    <type>user</type>
    <extensions>
      <PosType>0</PosType>
      <Speed>1.0701075</Speed>
      <Accuracy>1.4</Accuracy>
      <Time>1789955719777</Time>
      <description><![CDATA[]]>
      </description>
    </extensions>
  </wpt>
  <wpt lat="28.8034306" lon="119.8880525">
    <ele>167.7</ele>
    <time>2026-09-21T01:58:37Z</time>
    <name><![CDATA[右转进竹林
        ]]>
    </name>
    <cmt>右转进竹林
        </cmt>
    <desc><![CDATA[]]>
    </desc>
    <sym>Flag, Blue</sym>
    <type>user</type>
    <extensions>
      <PosType>0</PosType>
      <Speed>1.451002</Speed>
      <Accuracy>1.5</Accuracy>
      <Time>1789955917755</Time>
      <description><![CDATA[]]>
      </description>
    </extensions>
  </wpt>
  <wpt lat="28.8045556" lon="119.8854804">
    <ele>217.4</ele>
    <time>2026-09-21T02:03:29Z</time>
    <name><![CDATA[持续上坡
        ]]>
    </name>
    <cmt>持续上坡
        </cmt>
    <desc><![CDATA[]]>
    </desc>
    <sym>Flag, Blue</sym>
    <type>user</type>
    <extensions>
      <PosType>0</PosType>
      <Speed>1.1606987</Speed>
      <Accuracy>1.6</Accuracy>
      <Time>1789956209741</Time>
      <description><![CDATA[]]>
      </description>
    </extensions>
  </wpt>
  <wpt lat="28.8046442" lon="119.8794287">
    <ele>336.9</ele>
    <time>2026-09-21T02:12:23Z</time>
    <name><![CDATA[机耕路结束
        ]]>
    </name>
    <cmt>机耕路结束
        </cmt>
    <desc><![CDATA[]]>
    </desc>
    <sym>Flag, Blue</sym>
    <type>user</type>
    <extensions>
      <PosType>0</PosType>
      <Speed>1.0737106</Speed>
      <Accuracy>1.5</Accuracy>
      <Time>1789956743746</Time>
      <description><![CDATA[]]>
      </description>
    </extensions>
  </wpt>
  <wpt lat="28.8038466" lon="119.8781404">
    <ele>376.7</ele>
    <time>2026-09-21T02:16:03Z</time>
    <name><![CDATA[上陡坡
        ]]>
    </name>
    <cmt>上陡坡
        </cmt>
    <desc><![CDATA[]]>
    </desc>
    <sym>Flag, Blue</sym>
    <type>user</type>
    <extensions>
      <PosType>0</PosType>
      <Speed>0.0</Speed>
      <Accuracy>1.6</Accuracy>
      <Time>1789956963721</Time>
      <description><![CDATA[]]>
      </description>
    </extensions>
  </wpt>
  <wpt lat="28.80354" lon="119.8765233">
    <ele>450.0</ele>
    <time>2026-09-21T02:22:23Z</time>
    <name><![CDATA[岔路右转
        ]]>
    </name>
    <cmt>岔路右转
        </cmt>
    <desc><![CDATA[]]>
    </desc>
    <sym>Flag, Blue</sym>
    <type>user</type>
    <extensions>
      <PosType>0</PosType>
      <Speed>0.0</Speed>
      <Accuracy>1.5</Accuracy>
      <Time>1789957343736</Time>
      <description><![CDATA[]]>
      </description>
    </extensions>
  </wpt>
  <wpt lat="28.8036938" lon="119.8761482">
    <ele>465.7</ele>
    <time>2026-09-21T02:24:17Z</time>
    <name><![CDATA[上坡
        ]]>
    </name>
    <cmt>上坡
        </cmt>
    <desc><![CDATA[]]>
    </desc>
    <sym>Flag, Blue</sym>
    <type>user</type>
    <extensions>
      <PosType>0</PosType>
      <Speed>0.6722272</Speed>
      <Accuracy>1.5</Accuracy>
      <Time>1789957457744</Time>
      <description><![CDATA[]]>
      </description>
    </extensions>
  </wpt>
  <wpt lat="28.8041682" lon="119.875604">
    <ele>501.2</ele>
    <time>2026-09-21T02:27:35Z</time>
    <name><![CDATA[观景台远望七驼峰
        ]]>
    </name>
    <cmt>观景台远望七驼峰
        </cmt>
    <desc><![CDATA[]]>
    </desc>
    <sym>Flag, Blue</sym>
    <type>user</type>
    <extensions>
      <PosType>0</PosType>
      <Speed>0.4467789</Speed>
      <Accuracy>1.5</Accuracy>
      <Time>1789957655711</Time>
      <description><![CDATA[]]>
      </description>
      <FileId>1681592901</FileId>
      <FileSize>952964</FileSize>
      <FileType>0</FileType>
    </extensions>
  </wpt>
  <wpt lat="28.8045585" lon="119.875425">
    <ele>544.5</ele>
    <time>2026-09-21T02:31:23Z</time>
    <name><![CDATA[左转
        ]]>
    </name>
    <cmt>左转
        </cmt>
    <desc><![CDATA[]]>
    </desc>
    <sym>Flag, Blue</sym>
    <type>user</type>
    <extensions>
      <PosType>0</PosType>
      <Speed>0.0</Speed>
      <Accuracy>1.7</Accuracy>
      <Time>1789957883738</Time>
      <description><![CDATA[]]>
      </description>
    </extensions>
  </wpt>
  <wpt lat="28.8046293" lon="119.875263">
    <ele>552.5</ele>
    <time>2026-09-21T02:32:09Z</time>
    <name><![CDATA[休息点
        ]]>
    </name>
    <cmt>休息点
        </cmt>
    <desc><![CDATA[]]>
    </desc>
    <sym>Flag, Blue</sym>
    <type>user</type>
    <extensions>
      <PosType>0</PosType>
      <Speed>0.66708</Speed>
      <Accuracy>1.4</Accuracy>
      <Time>1789957929730</Time>
      <description><![CDATA[]]>
      </description>
    </extensions>
  </wpt>
  <wpt lat="28.8045968" lon="119.8751494">
    <ele>557.8</ele>
    <time>2026-09-21T02:32:37Z</time>
    <name><![CDATA[上陡坡
        ]]>
    </name>
    <cmt>上陡坡
        </cmt>
    <desc><![CDATA[]]>
    </desc>
    <sym>Flag, Blue</sym>
    <type>user</type>
    <extensions>
      <PosType>0</PosType>
      <Speed>0.40920416</Speed>
      <Accuracy>1.5</Accuracy>
      <Time>1789957957749</Time>
      <description><![CDATA[]]>
      </description>
    </extensions>
  </wpt>
  <wpt lat="28.8045133" lon="119.8747683">
    <ele>572.9</ele>
    <time>2026-09-21T02:37:43Z</time>
    <name><![CDATA[休息点
        ]]>
    </name>
    <cmt>休息点
        </cmt>
    <desc><![CDATA[]]>
    </desc>
    <sym>Flag, Blue</sym>
    <type>user</type>
    <extensions>
      <PosType>0</PosType>
      <Speed>0.0</Speed>
      <Accuracy>1.0</Accuracy>
      <Time>1789958263737</Time>
      <description><![CDATA[]]>
      </description>
    </extensions>
  </wpt>
  <wpt lat="28.8037904" lon="119.8730122">
    <ele>546.0</ele>
    <time>2026-09-21T02:42:33Z</time>
    <name><![CDATA[山脊拍照点
        ]]>
    </name>
    <cmt>山脊拍照点
        </cmt>
    <desc><![CDATA[]]>
    </desc>
    <sym>Flag, Blue</sym>
    <type>user</type>
    <extensions>
      <PosType>0</PosType>
      <Speed>0.9995906</Speed>
      <Accuracy>1.3</Accuracy>
      <Time>1789958553760</Time>
      <description><![CDATA[]]>
      </description>
      <FileId>1681592899</FileId>
      <FileSize>854567</FileSize>
      <FileType>0</FileType>
    </extensions>
  </wpt>
  <wpt lat="28.80349" lon="119.8726417">
    <ele>553.6</ele>
    <time>2026-09-21T02:52:43Z</time>
    <name><![CDATA[拍照点，耽误了比较久
        ]]>
    </name>
    <cmt>拍照点，耽误了比较久
        </cmt>
    <desc><![CDATA[]]>
    </desc>
    <sym>Flag, Blue</sym>
    <type>user</type>
    <extensions>
      <PosType>0</PosType>
      <Speed>0.0</Speed>
      <Accuracy>1.0</Accuracy>
      <Time>1789959163773</Time>
      <description><![CDATA[]]>
      </description>
    </extensions>
  </wpt>
  <wpt lat="28.803365" lon="119.87252">
    <ele>552.8</ele>
    <time>2026-09-21T02:54:05Z</time>
    <name><![CDATA[下陡坡
        ]]>
    </name>
    <cmt>下陡坡
        </cmt>
    <desc><![CDATA[]]>
    </desc>
    <sym>Flag, Blue</sym>
    <type>user</type>
    <extensions>
      <PosType>0</PosType>
      <Speed>0.5878128</Speed>
      <Accuracy>1.3</Accuracy>
      <Time>1789959245822</Time>
      <description><![CDATA[]]>
      </description>
    </extensions>
  </wpt>
  <wpt lat="28.8036183" lon="119.8719673">
    <ele>536.9</ele>
    <time>2026-09-21T02:56:49Z</time>
    <name><![CDATA[上陡坡
        ]]>
    </name>
    <cmt>上陡坡
        </cmt>
    <desc><![CDATA[]]>
    </desc>
    <sym>Flag, Blue</sym>
    <type>user</type>
    <extensions>
      <PosType>0</PosType>
      <Speed>0.0</Speed>
      <Accuracy>1.4</Accuracy>
      <Time>1789959409739</Time>
      <description><![CDATA[]]>
      </description>
    </extensions>
  </wpt>
  <wpt lat="28.8036166" lon="119.8713109">
    <ele>581.3</ele>
    <time>2026-09-21T03:00:23Z</time>
    <name><![CDATA[休息点
        ]]>
    </name>
    <cmt>休息点
        </cmt>
    <desc><![CDATA[]]>
    </desc>
    <sym>Flag, Blue</sym>
    <type>user</type>
    <extensions>
      <PosType>0</PosType>
      <Speed>0.62693167</Speed>
      <Accuracy>1.3</Accuracy>
      <Time>1789959623773</Time>
      <description><![CDATA[]]>
      </description>
    </extensions>
  </wpt>
  <wpt lat="28.803723" lon="119.8708064">
    <ele>599.4</ele>
    <time>2026-09-21T03:02:05Z</time>
    <name><![CDATA[休息点
        ]]>
    </name>
    <cmt>休息点
        </cmt>
    <desc><![CDATA[]]>
    </desc>
    <sym>Flag, Blue</sym>
    <type>user</type>
    <extensions>
      <PosType>0</PosType>
      <Speed>0.5795772</Speed>
      <Accuracy>1.3</Accuracy>
      <Time>1789959725732</Time>
      <description><![CDATA[]]>
      </description>
    </extensions>
  </wpt>
  <wpt lat="28.8030296" lon="119.8701116">
    <ele>611.6</ele>
    <time>2026-09-21T03:04:39Z</time>
    <name><![CDATA[一驼
        ]]>
    </name>
    <cmt>一驼
        </cmt>
    <desc><![CDATA[]]>
    </desc>
    <sym>Flag, Blue</sym>
    <type>user</type>
    <extensions>
      <PosType>0</PosType>
      <Speed>0.62178445</Speed>
      <Accuracy>1.3</Accuracy>
      <Time>1789959879733</Time>
      <description><![CDATA[]]>
      </description>
    </extensions>
  </wpt>
  <wpt lat="28.8029513" lon="119.8700443">
    <ele>614.8</ele>
    <time>2026-09-21T03:05:15Z</time>
    <name><![CDATA[观景点
        ]]>
    </name>
    <cmt>观景点
        </cmt>
    <desc><![CDATA[]]>
    </desc>
    <sym>Flag, Blue</sym>
    <type>user</type>
    <extensions>
      <PosType>0</PosType>
      <Speed>0.67531556</Speed>
      <Accuracy>1.2</Accuracy>
      <Time>1789959915758</Time>
      <description><![CDATA[]]>
      </description>
      <FileId>1681592898</FileId>
      <FileSize>781202</FileSize>
      <FileType>0</FileType>
    </extensions>
  </wpt>
  <wpt lat="28.8028867" lon="119.8698467">
    <ele>617.1</ele>
    <time>2026-09-21T03:06:45Z</time>
    <name><![CDATA[峭壁打卡点
        ]]>
    </name>
    <cmt>峭壁打卡点
        </cmt>
    <desc><![CDATA[]]>
    </desc>
    <sym>Flag, Blue</sym>
    <type>user</type>
    <extensions>
      <PosType>0</PosType>
      <Speed>0.4997953</Speed>
      <Accuracy>1.1</Accuracy>
      <Time>1789960005761</Time>
      <description><![CDATA[]]>
      </description>
      <FileId>1681592895</FileId>
      <FileSize>1184907</FileSize>
      <FileType>0</FileType>
    </extensions>
  </wpt>
  <wpt lat="28.8024162" lon="119.8693917">
    <ele>604.7</ele>
    <time>2026-09-21T03:12:35Z</time>
    <name><![CDATA[二驼
        ]]>
    </name>
    <cmt>二驼
        </cmt>
    <desc><![CDATA[]]>
    </desc>
    <sym>Flag, Blue</sym>
    <type>user</type>
    <extensions>
      <PosType>0</PosType>
      <Speed>0.46376473</Speed>
      <Accuracy>1.3</Accuracy>
      <Time>1789960355778</Time>
      <description><![CDATA[]]>
      </description>
    </extensions>
  </wpt>
  <wpt lat="28.8015191" lon="119.868884">
    <ele>619.9</ele>
    <time>2026-09-21T03:18:53Z</time>
    <name><![CDATA[三驼观景点
        ]]>
    </name>
    <cmt>三驼观景点
        </cmt>
    <desc><![CDATA[]]>
    </desc>
    <sym>Flag, Blue</sym>
    <type>user</type>
    <extensions>
      <PosType>0</PosType>
      <Speed>0.5311933</Speed>
      <Accuracy>1.3</Accuracy>
      <Time>1789960733758</Time>
      <description><![CDATA[]]>
      </description>
      <FileId>1681592891</FileId>
      <FileSize>685786</FileSize>
      <FileType>0</FileType>
    </extensions>
  </wpt>
  <wpt lat="28.801265" lon="119.8687117">
    <ele>620.4</ele>
    <time>2026-09-21T03:20:59Z</time>
    <name><![CDATA[攀岩下有绳
        ]]>
    </name>
    <cmt>攀岩下有绳
        </cmt>
    <desc><![CDATA[]]>
    </desc>
    <sym>Flag, Blue</sym>
    <type>user</type>
    <extensions>
      <PosType>0</PosType>
      <Speed>0.32067195</Speed>
      <Accuracy>1.4</Accuracy>
      <Time>1789960859750</Time>
      <description><![CDATA[]]>
      </description>
      <FileId>1681592889</FileId>
      <FileSize>1406147</FileSize>
      <FileType>0</FileType>
    </extensions>
  </wpt>
  <wpt lat="28.801265" lon="119.8687117">
    <ele>620.4</ele>
    <time>2026-09-21T03:20:59Z</time>
    <name><![CDATA[第二处绳索
        ]]>
    </name>
    <cmt>第二处绳索
        </cmt>
    <desc><![CDATA[]]>
    </desc>
    <sym>Flag, Blue</sym>
    <type>user</type>
    <extensions>
      <PosType>0</PosType>
      <Speed>0.32067195</Speed>
      <Accuracy>1.4</Accuracy>
      <Time>1789960859750</Time>
      <description><![CDATA[]]>
      </description>
      <FileId>1681592886</FileId>
      <FileSize>1206128</FileSize>
      <FileType>0</FileType>
    </extensions>
  </wpt>
  <wpt lat="28.8006906" lon="119.8685234">
    <ele>607.9</ele>
    <time>2026-09-21T03:26:25Z</time>
    <name><![CDATA[四驼
        ]]>
    </name>
    <cmt>四驼
        </cmt>
    <desc><![CDATA[]]>
    </desc>
    <sym>Flag, Blue</sym>
    <type>user</type>
    <extensions>
      <PosType>0</PosType>
      <Speed>0.5028836</Speed>
      <Accuracy>1.3</Accuracy>
      <Time>1789961185756</Time>
      <description><![CDATA[]]>
      </description>
    </extensions>
  </wpt>
  <wpt lat="28.799729" lon="119.867918">
    <ele>613.8</ele>
    <time>2026-09-21T03:30:41Z</time>
    <name><![CDATA[五驼观景点
        ]]>
    </name>
    <cmt>五驼观景点
        </cmt>
    <desc><![CDATA[]]>
    </desc>
    <sym>Flag, Blue</sym>
    <type>user</type>
    <extensions>
      <PosType>0</PosType>
      <Speed>0.6536972</Speed>
      <Accuracy>1.0</Accuracy>
      <Time>1789961441759</Time>
      <description><![CDATA[]]>
      </description>
      <FileId>1681592883</FileId>
      <FileSize>884123</FileSize>
      <FileType>0</FileType>
    </extensions>
  </wpt>
  <wpt lat="28.7992362" lon="119.8677841">
    <ele>604.2</ele>
    <time>2026-09-21T03:34:15Z</time>
    <name><![CDATA[六驼观景点
        ]]>
    </name>
    <cmt>六驼观景点
        </cmt>
    <desc><![CDATA[]]>
    </desc>
    <sym>Flag, Blue</sym>
    <type>user</type>
    <extensions>
      <PosType>0</PosType>
      <Speed>0.8019372</Speed>
      <Accuracy>1.3</Accuracy>
      <Time>1789961655783</Time>
      <description><![CDATA[]]>
      </description>
      <FileId>1681592881</FileId>
      <FileSize>955537</FileSize>
      <FileType>0</FileType>
    </extensions>
  </wpt>
  <wpt lat="28.79923" lon="119.8676817">
    <ele>602.2</ele>
    <time>2026-09-21T03:35:37Z</time>
    <name><![CDATA[第三处垂直绳索
        ]]>
    </name>
    <cmt>第三处垂直绳索
        </cmt>
    <desc><![CDATA[]]>
    </desc>
    <sym>Flag, Blue</sym>
    <type>user</type>
    <extensions>
      <PosType>0</PosType>
      <Speed>0.676345</Speed>
      <Accuracy>1.4</Accuracy>
      <Time>1789961737725</Time>
      <description><![CDATA[]]>
      </description>
      <FileId>1681592878</FileId>
      <FileSize>1512751</FileSize>
      <FileType>0</FileType>
    </extensions>
  </wpt>
  <wpt lat="28.7989551" lon="119.8674712">
    <ele>590.8</ele>
    <time>2026-09-21T03:41:19Z</time>
    <name><![CDATA[休息处
        ]]>
    </name>
    <cmt>休息处
        </cmt>
    <desc><![CDATA[]]>
    </desc>
    <sym>Flag, Blue</sym>
    <type>user</type>
    <extensions>
      <PosType>0</PosType>
      <Speed>0.66862416</Speed>
      <Accuracy>1.3</Accuracy>
      <Time>1789962079758</Time>
      <description><![CDATA[]]>
      </description>
    </extensions>
  </wpt>
  <wpt lat="28.7982868" lon="119.8670484">
    <ele>620.1</ele>
    <time>2026-09-21T03:44:13Z</time>
    <name><![CDATA[休息树
        ]]>
    </name>
    <cmt>休息树
        </cmt>
    <desc><![CDATA[]]>
    </desc>
    <sym>Flag, Blue</sym>
    <type>user</type>
    <extensions>
      <PosType>0</PosType>
      <Speed>0.20640361</Speed>
      <Accuracy>1.2</Accuracy>
      <Time>1789962253727</Time>
      <description><![CDATA[]]>
      </description>
    </extensions>
  </wpt>
  <wpt lat="28.7979674" lon="119.8668305">
    <ele>641.0</ele>
    <time>2026-09-21T03:45:49Z</time>
    <name><![CDATA[七驼观景点
        ]]>
    </name>
    <cmt>七驼观景点
        </cmt>
    <desc><![CDATA[]]>
    </desc>
    <sym>Flag, Blue</sym>
    <type>user</type>
    <extensions>
      <PosType>0</PosType>
      <Speed>0.69436026</Speed>
      <Accuracy>1.2</Accuracy>
      <Time>1789962349771</Time>
      <description><![CDATA[]]>
      </description>
      <FileId>1681592765</FileId>
      <FileSize>1072177</FileSize>
      <FileType>0</FileType>
    </extensions>
  </wpt>
  <wpt lat="28.7968883" lon="119.8662867">
    <ele>677.8</ele>
    <time>2026-09-21T03:55:29Z</time>
    <name><![CDATA[横树休息处
        ]]>
    </name>
    <cmt>横树休息处
        </cmt>
    <desc><![CDATA[]]>
    </desc>
    <sym>Flag, Blue</sym>
    <type>user</type>
    <extensions>
      <PosType>0</PosType>
      <Speed>0.0</Speed>
      <Accuracy>1.7</Accuracy>
      <Time>1789962929738</Time>
      <description><![CDATA[]]>
      </description>
    </extensions>
  </wpt>
  <wpt lat="28.7966079" lon="119.8660917">
    <ele>694.1</ele>
    <time>2026-09-21T03:57:39Z</time>
    <name><![CDATA[连续上坡
        ]]>
    </name>
    <cmt>连续上坡
        </cmt>
    <desc><![CDATA[]]>
    </desc>
    <sym>Flag, Blue</sym>
    <type>user</type>
    <extensions>
      <PosType>0</PosType>
      <Speed>0.59296</Speed>
      <Accuracy>1.4</Accuracy>
      <Time>1789963059721</Time>
      <description><![CDATA[]]>
      </description>
    </extensions>
  </wpt>
  <wpt lat="28.796125" lon="119.8655633">
    <ele>743.3</ele>
    <time>2026-09-21T04:03:17Z</time>
    <name><![CDATA[
        ]]>
    </name>
    <cmt>
        </cmt>
    <desc><![CDATA[]]>
    </desc>
    <sym>Flag, Blue</sym>
    <type>user</type>
    <extensions>
      <PosType>0</PosType>
      <Speed>0.36802638</Speed>
      <Accuracy>1.4</Accuracy>
      <Time>1789963397735</Time>
      <description><![CDATA[]]>
      </description>
      <FileId>1681592761</FileId>
      <FileSize>1064137</FileSize>
      <FileType>0</FileType>
    </extensions>
  </wpt>
  <wpt lat="28.7951667" lon="119.8647283">
    <ele>793.5</ele>
    <time>2026-09-21T04:14:31Z</time>
    <name><![CDATA[最高点大坑尖
        ]]>
    </name>
    <cmt>最高点大坑尖
        </cmt>
    <desc><![CDATA[]]>
    </desc>
    <sym>Flag, Blue</sym>
    <type>user</type>
    <extensions>
      <PosType>0</PosType>
      <Speed>0.0</Speed>
      <Accuracy>0.9</Accuracy>
      <Time>1789964071729</Time>
      <description><![CDATA[]]>
      </description>
      <FileId>1681592758</FileId>
      <FileSize>1094717</FileSize>
      <FileType>0</FileType>
    </extensions>
  </wpt>
  <wpt lat="28.794934" lon="119.8649009">
    <ele>782.6</ele>
    <time>2026-09-21T04:15:59Z</time>
    <name><![CDATA[风景点
        ]]>
    </name>
    <cmt>风景点
        </cmt>
    <desc><![CDATA[]]>
    </desc>
    <sym>Flag, Blue</sym>
    <type>user</type>
    <extensions>
      <PosType>0</PosType>
      <Speed>0.89921975</Speed>
      <Accuracy>1.1</Accuracy>
      <Time>1789964159762</Time>
      <description><![CDATA[]]>
      </description>
    </extensions>
  </wpt>
  <wpt lat="28.7943478" lon="119.8664279">
    <ele>747.1</ele>
    <time>2026-09-21T04:19:19Z</time>
    <name><![CDATA[休息处
        ]]>
    </name>
    <cmt>休息处
        </cmt>
    <desc><![CDATA[]]>
    </desc>
    <sym>Flag, Blue</sym>
    <type>user</type>
    <extensions>
      <PosType>0</PosType>
      <Speed>0.8302469</Speed>
      <Accuracy>1.4</Accuracy>
      <Time>1789964359767</Time>
      <description><![CDATA[]]>
      </description>
    </extensions>
  </wpt>
  <wpt lat="28.7936691" lon="119.8669802">
    <ele>768.8</ele>
    <time>2026-09-21T04:21:45Z</time>
    <name><![CDATA[右转
        ]]>
    </name>
    <cmt>右转
        </cmt>
    <desc><![CDATA[]]>
    </desc>
    <sym>Flag, Blue</sym>
    <type>user</type>
    <extensions>
      <PosType>0</PosType>
      <Speed>0.74686193</Speed>
      <Accuracy>1.5</Accuracy>
      <Time>1789964505772</Time>
      <description><![CDATA[]]>
      </description>
    </extensions>
  </wpt>
  <wpt lat="28.7934119" lon="119.8671232">
    <ele>766.9</ele>
    <time>2026-09-21T04:22:37Z</time>
    <name><![CDATA[风景点
        ]]>
    </name>
    <cmt>风景点
        </cmt>
    <desc><![CDATA[]]>
    </desc>
    <sym>Flag, Blue</sym>
    <type>user</type>
    <extensions>
      <PosType>0</PosType>
      <Speed>0.94400054</Speed>
      <Accuracy>1.3</Accuracy>
      <Time>1789964557777</Time>
      <description><![CDATA[]]>
      </description>
    </extensions>
  </wpt>
  <wpt lat="28.7933077" lon="119.8677017">
    <ele>757.7</ele>
    <time>2026-09-21T04:25:25Z</time>
    <name><![CDATA[
        ]]>
    </name>
    <cmt>
        </cmt>
    <desc><![CDATA[]]>
    </desc>
    <sym>Flag, Blue</sym>
    <type>user</type>
    <extensions>
      <PosType>0</PosType>
      <Speed>0.4936186</Speed>
      <Accuracy>1.2</Accuracy>
      <Time>1789964725710</Time>
      <description><![CDATA[]]>
      </description>
      <FileId>1681592757</FileId>
      <FileSize>1306574</FileSize>
      <FileType>0</FileType>
    </extensions>
  </wpt>
  <wpt lat="28.7931149" lon="119.8688429">
    <ele>761.2</ele>
    <time>2026-09-21T04:28:31Z</time>
    <name><![CDATA[
        ]]>
    </name>
    <cmt>
        </cmt>
    <desc><![CDATA[]]>
    </desc>
    <sym>Flag, Blue</sym>
    <type>user</type>
    <extensions>
      <PosType>0</PosType>
      <Speed>0.64031446</Speed>
      <Accuracy>1.3</Accuracy>
      <Time>1789964911777</Time>
      <description><![CDATA[]]>
      </description>
      <FileId>1681592754</FileId>
      <FileSize>1072497</FileSize>
      <FileType>0</FileType>
    </extensions>
  </wpt>
  <wpt lat="28.7932115" lon="119.8691421">
    <ele>767.8</ele>
    <time>2026-09-21T04:29:19Z</time>
    <name><![CDATA[观景点
        ]]>
    </name>
    <cmt>观景点
        </cmt>
    <desc><![CDATA[]]>
    </desc>
    <sym>Flag, Blue</sym>
    <type>user</type>
    <extensions>
      <PosType>0</PosType>
      <Speed>0.59862196</Speed>
      <Accuracy>1.2</Accuracy>
      <Time>1789964959798</Time>
      <description><![CDATA[]]>
      </description>
      <FileId>1681592753</FileId>
      <FileSize>548549</FileSize>
      <FileType>0</FileType>
    </extensions>
  </wpt>
  <wpt lat="28.7934964" lon="119.8695491">
    <ele>770.2</ele>
    <time>2026-09-21T04:31:04Z</time>
    <name><![CDATA[休息点
        ]]>
    </name>
    <cmt>休息点
        </cmt>
    <desc><![CDATA[]]>
    </desc>
    <sym>Flag, Blue</sym>
    <type>user</type>
    <extensions>
      <PosType>0</PosType>
      <Speed>0.4313372</Speed>
      <Accuracy>1.3</Accuracy>
      <Time>1789965064789</Time>
      <description><![CDATA[]]>
      </description>
    </extensions>
  </wpt>
  <wpt lat="28.7933163" lon="119.8698269">
    <ele>760.6</ele>
    <time>2026-09-21T04:32:42Z</time>
    <name><![CDATA[下坡
        ]]>
    </name>
    <cmt>下坡
        </cmt>
    <desc><![CDATA[]]>
    </desc>
    <sym>Flag, Blue</sym>
    <type>user</type>
    <extensions>
      <PosType>0</PosType>
      <Speed>0.85238</Speed>
      <Accuracy>1.3</Accuracy>
      <Time>1789965162788</Time>
      <description><![CDATA[]]>
      </description>
      <FileId>1681592752</FileId>
      <FileSize>1117319</FileSize>
      <FileType>0</FileType>
    </extensions>
  </wpt>
  <wpt lat="28.792179" lon="119.8706871">
    <ele>687.4</ele>
    <time>2026-09-21T04:38:30Z</time>
    <name><![CDATA[休息处
        ]]>
    </name>
    <cmt>休息处
        </cmt>
    <desc><![CDATA[]]>
    </desc>
    <sym>Flag, Blue</sym>
    <type>user</type>
    <extensions>
      <PosType>0</PosType>
      <Speed>0.57803303</Speed>
      <Accuracy>1.4</Accuracy>
      <Time>1789965510744</Time>
      <description><![CDATA[]]>
      </description>
    </extensions>
  </wpt>
  <wpt lat="28.7920886" lon="119.8708811">
    <ele>682.2</ele>
    <time>2026-09-21T04:38:56Z</time>
    <name><![CDATA[直行，左转也可下山
        ]]>
    </name>
    <cmt>直行，左转也可下山
        </cmt>
    <desc><![CDATA[]]>
    </desc>
    <sym>Flag, Blue</sym>
    <type>user</type>
    <extensions>
      <PosType>0</PosType>
      <Speed>0.8637039</Speed>
      <Accuracy>1.5</Accuracy>
      <Time>1789965536755</Time>
      <description><![CDATA[]]>
      </description>
    </extensions>
  </wpt>
  <wpt lat="28.79196" lon="119.8710217">
    <ele>684.2</ele>
    <time>2026-09-21T04:40:38Z</time>
    <name><![CDATA[上坡
        ]]>
    </name>
    <cmt>上坡
        </cmt>
    <desc><![CDATA[]]>
    </desc>
    <sym>Flag, Blue</sym>
    <type>user</type>
    <extensions>
      <PosType>0</PosType>
      <Speed>0.46376473</Speed>
      <Accuracy>1.5</Accuracy>
      <Time>1789965638752</Time>
      <description><![CDATA[]]>
      </description>
    </extensions>
  </wpt>
  <wpt lat="28.7916317" lon="119.8712733">
    <ele>712.4</ele>
    <time>2026-09-21T04:44:24Z</time>
    <name><![CDATA[第四处绳
        ]]>
    </name>
    <cmt>第四处绳
        </cmt>
    <desc><![CDATA[]]>
    </desc>
    <sym>Flag, Blue</sym>
    <type>user</type>
    <extensions>
      <PosType>0</PosType>
      <Speed>0.6614181</Speed>
      <Accuracy>1.3</Accuracy>
      <Time>1789965864780</Time>
      <description><![CDATA[]]>
      </description>
      <FileId>1681592751</FileId>
      <FileSize>1552277</FileSize>
      <FileType>0</FileType>
    </extensions>
  </wpt>
  <wpt lat="28.7912122" lon="119.872329">
    <ele>683.1</ele>
    <time>2026-09-21T04:50:49Z</time>
    <name><![CDATA[第五处绳索，不难
        ]]>
    </name>
    <cmt>第五处绳索，不难
        </cmt>
    <desc><![CDATA[]]>
    </desc>
    <sym>Flag, Blue</sym>
    <type>user</type>
    <extensions>
      <PosType>0</PosType>
      <Speed>0.5538411</Speed>
      <Accuracy>1.3</Accuracy>
      <Time>1789966249791</Time>
      <description><![CDATA[]]>
      </description>
    </extensions>
  </wpt>
  <wpt lat="28.7910461" lon="119.8727212">
    <ele>673.0</ele>
    <time>2026-09-21T04:52:57Z</time>
    <name><![CDATA[最后一个大山头
        ]]>
    </name>
    <cmt>最后一个大山头
        </cmt>
    <desc><![CDATA[]]>
    </desc>
    <sym>Flag, Blue</sym>
    <type>user</type>
    <extensions>
      <PosType>0</PosType>
      <Speed>0.5497233</Speed>
      <Accuracy>1.4</Accuracy>
      <Time>1789966377795</Time>
      <description><![CDATA[]]>
      </description>
    </extensions>
  </wpt>
  <wpt lat="28.7909477" lon="119.8730079">
    <ele>696.8</ele>
    <time>2026-09-21T04:55:35Z</time>
    <name><![CDATA[登顶牛石尖
        ]]>
    </name>
    <cmt>登顶牛石尖
        </cmt>
    <desc><![CDATA[]]>
    </desc>
    <sym>Flag, Blue</sym>
    <type>user</type>
    <extensions>
      <PosType>0</PosType>
      <Speed>0.24655195</Speed>
      <Accuracy>1.2</Accuracy>
      <Time>1789966535803</Time>
      <description><![CDATA[]]>
      </description>
    </extensions>
  </wpt>
  <wpt lat="28.7906833" lon="119.8736867">
    <ele>689.8</ele>
    <time>2026-09-21T05:00:17Z</time>
    <name><![CDATA[回望牛石尖
        ]]>
    </name>
    <cmt>回望牛石尖
        </cmt>
    <desc><![CDATA[]]>
    </desc>
    <sym>Flag, Blue</sym>
    <type>user</type>
    <extensions>
      <PosType>0</PosType>
      <Speed>0.0</Speed>
      <Accuracy>1.4</Accuracy>
      <Time>1789966817763</Time>
      <description><![CDATA[]]>
      </description>
    </extensions>
  </wpt>
  <wpt lat="28.7908502" lon="119.8748626">
    <ele>690.2</ele>
    <time>2026-09-21T05:04:27Z</time>
    <name><![CDATA[下坡
        ]]>
    </name>
    <cmt>下坡
        </cmt>
    <desc><![CDATA[]]>
    </desc>
    <sym>Flag, Blue</sym>
    <type>user</type>
    <extensions>
      <PosType>0</PosType>
      <Speed>0.0</Speed>
      <Accuracy>1.3</Accuracy>
      <Time>1789967067762</Time>
      <description><![CDATA[]]>
      </description>
    </extensions>
  </wpt>
  <wpt lat="28.7934368" lon="119.8765496">
    <ele>593.0</ele>
    <time>2026-09-21T05:13:29Z</time>
    <name><![CDATA[上坡
        ]]>
    </name>
    <cmt>上坡
        </cmt>
    <desc><![CDATA[]]>
    </desc>
    <sym>Flag, Blue</sym>
    <type>user</type>
    <extensions>
      <PosType>0</PosType>
      <Speed>0.97436917</Speed>
      <Accuracy>1.4</Accuracy>
      <Time>1789967609795</Time>
      <description><![CDATA[]]>
      </description>
    </extensions>
  </wpt>
  <wpt lat="28.7940104" lon="119.8768608">
    <ele>604.0</ele>
    <time>2026-09-21T05:15:55Z</time>
    <name><![CDATA[观景点
        ]]>
    </name>
    <cmt>观景点
        </cmt>
    <desc><![CDATA[]]>
    </desc>
    <sym>Flag, Blue</sym>
    <type>user</type>
    <extensions>
      <PosType>0</PosType>
      <Speed>0.55435586</Speed>
      <Accuracy>1.4</Accuracy>
      <Time>1789967755743</Time>
      <description><![CDATA[]]>
      </description>
      <FileId>1681592745</FileId>
      <FileSize>865752</FileSize>
      <FileType>0</FileType>
    </extensions>
  </wpt>
  <wpt lat="28.7939883" lon="119.8770717">
    <ele>596.6</ele>
    <time>2026-09-21T05:17:33Z</time>
    <name><![CDATA[第六处绳
        ]]>
    </name>
    <cmt>第六处绳
        </cmt>
    <desc><![CDATA[]]>
    </desc>
    <sym>Flag, Blue</sym>
    <type>user</type>
    <extensions>
      <PosType>0</PosType>
      <Speed>0.8961314</Speed>
      <Accuracy>1.5</Accuracy>
      <Time>1789967853785</Time>
      <description><![CDATA[]]>
      </description>
    </extensions>
  </wpt>
  <wpt lat="28.7939444" lon="119.8774024">
    <ele>569.9</ele>
    <time>2026-09-21T05:19:31Z</time>
    <name><![CDATA[下山
        ]]>
    </name>
    <cmt>下山
        </cmt>
    <desc><![CDATA[]]>
    </desc>
    <sym>Flag, Blue</sym>
    <type>user</type>
    <extensions>
      <PosType>0</PosType>
      <Speed>0.49053028</Speed>
      <Accuracy>1.5</Accuracy>
      <Time>1789967971750</Time>
      <description><![CDATA[]]>
      </description>
    </extensions>
  </wpt>
  <wpt lat="28.7961213" lon="119.8818004">
    <ele>482.2</ele>
    <time>2026-09-21T05:29:11Z</time>
    <name><![CDATA[绳索
        ]]>
    </name>
    <cmt>绳索
        </cmt>
    <desc><![CDATA[]]>
    </desc>
    <sym>Flag, Blue</sym>
    <type>user</type>
    <extensions>
      <PosType>0</PosType>
      <Speed>0.8456886</Speed>
      <Accuracy>1.3</Accuracy>
      <Time>1789968551772</Time>
      <description><![CDATA[]]>
      </description>
    </extensions>
  </wpt>
  <wpt lat="28.7972299" lon="119.8835637">
    <ele>455.3</ele>
    <time>2026-09-21T05:33:26Z</time>
    <name><![CDATA[绳索
        ]]>
    </name>
    <cmt>绳索
        </cmt>
    <desc><![CDATA[]]>
    </desc>
    <sym>Flag, Blue</sym>
    <type>user</type>
    <extensions>
      <PosType>0</PosType>
      <Speed>0.8235555</Speed>
      <Accuracy>1.4</Accuracy>
      <Time>1789968806733</Time>
      <description><![CDATA[]]>
      </description>
    </extensions>
  </wpt>
  <wpt lat="28.8019246" lon="119.8883226">
    <ele>275.3</ele>
    <time>2026-09-21T05:47:53Z</time>
    <name><![CDATA[急陡坡
        ]]>
    </name>
    <cmt>急陡坡
        </cmt>
    <desc><![CDATA[]]>
    </desc>
    <sym>Flag, Blue</sym>
    <type>user</type>
    <extensions>
      <PosType>0</PosType>
      <Speed>0.9228969</Speed>
      <Accuracy>1.4</Accuracy>
      <Time>1789969673769</Time>
      <description><![CDATA[]]>
      </description>
    </extensions>
  </wpt>
  <wpt lat="28.8023267" lon="119.8887128">
    <ele>236.8</ele>
    <time>2026-09-21T05:51:17Z</time>
    <name><![CDATA[绳索
        ]]>
    </name>
    <cmt>绳索
        </cmt>
    <desc><![CDATA[]]>
    </desc>
    <sym>Flag, Blue</sym>
    <type>user</type>
    <extensions>
      <PosType>0</PosType>
      <Speed>0.4771475</Speed>
      <Accuracy>1.5</Accuracy>
      <Time>1789969877762</Time>
      <description><![CDATA[]]>
      </description>
    </extensions>
  </wpt>
  <wpt lat="28.8027494" lon="119.8892431">
    <ele>181.6</ele>
    <time>2026-09-21T05:55:19Z</time>
    <name><![CDATA[小溪往右
        ]]>
    </name>
    <cmt>小溪往右
        </cmt>
    <desc><![CDATA[]]>
    </desc>
    <sym>Flag, Blue</sym>
    <type>user</type>
    <extensions>
      <PosType>0</PosType>
      <Speed>0.6274464</Speed>
      <Accuracy>1.5</Accuracy>
      <Time>1789970119766</Time>
      <description><![CDATA[]]>
      </description>
      <FileId>1681592742</FileId>
      <FileSize>1412104</FileSize>
      <FileType>0</FileType>
    </extensions>
  </wpt>
  <wpt lat="28.8028788" lon="119.8894427">
    <ele>170.0</ele>
    <time>2026-09-21T05:57:11Z</time>
    <name><![CDATA[
        ]]>
    </name>
    <cmt>
        </cmt>
    <desc><![CDATA[]]>
    </desc>
    <sym>Flag, Blue</sym>
    <type>user</type>
    <extensions>
      <PosType>0</PosType>
      <Speed>0.5229578</Speed>
      <Accuracy>1.7</Accuracy>
      <Time>1789970231737</Time>
      <description><![CDATA[]]>
      </description>
      <FileId>1681592740</FileId>
      <FileSize>2294149</FileSize>
      <FileType>0</FileType>
    </extensions>
  </wpt>
</gpx>