<?xml version='1.0' encoding='UTF-8' standalone='yes' ?>
<gpx version="1.1" creator="GPSBabel - http://www.gpsbabel.org" xmlns:xsi="http://www.w3.org/2001/XMLSchema-instance" xmlns="http://www.topografix.com/GPX/1/1" xsi:schemaLocation="http://www.topografix.com/GPX/1/1 http://www.topografix.com/GPX/1/1/gpx.xsd">
  <metadata>
    <link href="http://www.garmin.com">
      <text>Garmin International</text>
    </link>
    <time>2026-02-19T05:03:12Z</time>
    <bounds minlat="29.2090101" minlon="119.6707095" maxlat="29.2339327" maxlon="119.690177" />
  </metadata>
  <extensions>
    <name>洪武古道260219</name>
    <description>武平殿到点将台来回有3处走错，已经标注</description>
    <TrackId>79714293</TrackId>
    <TrackTypeId>8</TrackTypeId>
    <TrackTags>外部导入,徒步</TrackTags>
    <BeginTime>1771477392000</BeginTime>
    <EndTime>1771494090000</EndTime>
    <TimeUsed>16698062</TimeUsed>
    <PauseTime>751287</PauseTime>
    <PosStartName>金华市金东区</PosStartName>
    <PosEndName>金华市金东区</PosEndName>
    <ProductVersion>and_8.1.3</ProductVersion>
    <StartDistrictId>9655</StartDistrictId>
    <EndDistrictId>9655</EndDistrictId>
    <CreaterId>64771087</CreaterId>
    <CreaterName>步履赴山野</CreaterName>
    <CreaterIcon>1523534626</CreaterIcon>
    <OriginCreaterId>64771087</OriginCreaterId>
    <OriginCreaterNickname>步履赴山野</OriginCreaterNickname>
    <OriginCreaterName>zs_kxQM_M</OriginCreaterName>
    <OriginCreaterIcon>1523534626</OriginCreaterIcon>
    <ThumbnailId>1559402561</ThumbnailId>
  </extensions>
  <trk>
    <trkseg>
      <trkpt lat="29.209166" lon="119.6739753">
        <ele>354.8</ele>
        <time>2026-02-19T05:03:14Z</time>
        <speed>1.4036475</speed>
      </trkpt>
      <trkpt lat="29.2092336" lon="119.6740376">
        <ele>354.8</ele>
        <time>2026-02-19T05:03:22Z</time>
        <speed>1.3218067</speed>
      </trkpt>
      <trkpt lat="29.2093049" lon="119.674102">
        <ele>354.76</ele>
        <time>2026-02-19T05:03:30Z</time>
        <speed>1.2862909</speed>
      </trkpt>
      <trkpt lat="29.2093597" lon="119.6741979">
        <ele>355.38</ele>
        <time>2026-02-19T05:03:38Z</time>
        <speed>1.0886375</speed>
      </trkpt>
      <trkpt lat="29.2094149" lon="119.6742879">
        <ele>357.19</ele>
        <time>2026-02-19T05:03:46Z</time>
        <speed>1.0001053</speed>
      </trkpt>
      <trkpt lat="29.2094738" lon="119.6743961">
        <ele>358.96</ele>
        <time>2026-02-19T05:03:56Z</time>
        <speed>1.0083408</speed>
      </trkpt>
      <trkpt lat="29.2095346" lon="119.6745126">
        <ele>360.44</ele>
        <time>2026-02-19T05:04:04Z</time>
        <speed>1.3882059</speed>
      </trkpt>
      <trkpt lat="29.2095737" lon="119.674628">
        <ele>361.02</ele>
        <time>2026-02-19T05:04:12Z</time>
        <speed>1.402618</speed>
      </trkpt>
      <trkpt lat="29.2096435" lon="119.6747219">
        <ele>361.23</ele>
        <time>2026-02-19T05:04:22Z</time>
        <speed>1.1699636</speed>
      </trkpt>
      <trkpt lat="29.2095843" lon="119.6746745">
        <ele>360.79</ele>
        <time>2026-02-19T05:04:42Z</time>
        <speed>2.1839664</speed>
      </trkpt>
      <trkpt lat="29.2095294" lon="119.6745689">
        <ele>359.98</ele>
        <time>2026-02-19T05:04:56Z</time>
        <speed>0.5852392</speed>
      </trkpt>
      <trkpt lat="29.2095665" lon="119.6745767">
        <ele>359.77</ele>
        <time>2026-02-19T05:05:04Z</time>
        <speed>1.0592983</speed>
      </trkpt>
      <trkpt lat="29.2096392" lon="119.6746359">
        <ele>359.31</ele>
        <time>2026-02-19T05:05:12Z</time>
        <speed>1.7093925</speed>
      </trkpt>
      <trkpt lat="29.2097403" lon="119.6746729">
        <ele>358.23</ele>
        <time>2026-02-19T05:05:18Z</time>
        <speed>1.6270369</speed>
      </trkpt>
      <trkpt lat="29.2098369" lon="119.6747153">
        <ele>357.4</ele>
        <time>2026-02-19T05:05:26Z</time>
        <speed>1.5632114</speed>
      </trkpt>
      <trkpt lat="29.2099319" lon="119.6747563">
        <ele>356.58</ele>
        <time>2026-02-19T05:05:34Z</time>
        <speed>1.5554906</speed>
      </trkpt>
      <trkpt lat="29.2100224" lon="119.6747885">
        <ele>355.51</ele>
        <time>2026-02-19T05:05:42Z</time>
        <speed>1.5513728</speed>
      </trkpt>
      <trkpt lat="29.2101266" lon="119.6747896">
        <ele>354.48</ele>
        <time>2026-02-19T05:05:50Z</time>
        <speed>1.2348186</speed>
      </trkpt>
      <trkpt lat="29.2102232" lon="119.6747396">
        <ele>352.98</ele>
        <time>2026-02-19T05:05:58Z</time>
        <speed>1.5838003</speed>
      </trkpt>
      <trkpt lat="29.2102948" lon="119.6746452">
        <ele>351.01</ele>
        <time>2026-02-19T05:06:06Z</time>
        <speed>1.2626137</speed>
      </trkpt>
      <trkpt lat="29.2102897" lon="119.6745196">
        <ele>349.03</ele>
        <time>2026-02-19T05:06:14Z</time>
        <speed>1.7526292</speed>
      </trkpt>
      <trkpt lat="29.2102892" lon="119.6743945">
        <ele>346.22</ele>
        <time>2026-02-19T05:06:22Z</time>
        <speed>1.9127078</speed>
      </trkpt>
      <trkpt lat="29.210338" lon="119.6742938">
        <ele>344.1</ele>
        <time>2026-02-19T05:06:32Z</time>
        <speed>1.1745961</speed>
      </trkpt>
      <trkpt lat="29.2103356" lon="119.674194">
        <ele>343.07</ele>
        <time>2026-02-19T05:06:46Z</time>
        <speed>0.91569084</speed>
      </trkpt>
      <trkpt lat="29.2102906" lon="119.6741057">
        <ele>342.18</ele>
        <time>2026-02-19T05:06:54Z</time>
        <speed>0.82818806</speed>
      </trkpt>
      <trkpt lat="29.2103035" lon="119.6741554">
        <ele>343.01</ele>
        <time>2026-02-19T05:07:24Z</time>
        <speed>0.4606764</speed>
      </trkpt>
      <trkpt lat="29.2102883" lon="119.6741007">
        <ele>343.65</ele>
        <time>2026-02-19T05:07:46Z</time>
        <speed>1.1468011</speed>
      </trkpt>
      <trkpt lat="29.2103328" lon="119.6740289">
        <ele>343.33</ele>
        <time>2026-02-19T05:08:08Z</time>
        <speed>1.0351064</speed>
      </trkpt>
      <trkpt lat="29.2104188" lon="119.6739747">
        <ele>341.25</ele>
        <time>2026-02-19T05:08:14Z</time>
        <speed>1.2893791</speed>
      </trkpt>
      <trkpt lat="29.2105096" lon="119.673905">
        <ele>339.72</ele>
        <time>2026-02-19T05:08:28Z</time>
        <speed>0.8637039</speed>
      </trkpt>
      <trkpt lat="29.2106147" lon="119.6738584">
        <ele>341.05</ele>
        <time>2026-02-19T05:08:40Z</time>
        <speed>0.8426003</speed>
      </trkpt>
      <trkpt lat="29.2107139" lon="119.6738322">
        <ele>344.08</ele>
        <time>2026-02-19T05:08:48Z</time>
        <speed>1.1601839</speed>
      </trkpt>
      <trkpt lat="29.2108078" lon="119.6738278">
        <ele>347.44</ele>
        <time>2026-02-19T05:08:58Z</time>
        <speed>0.88377804</speed>
      </trkpt>
      <trkpt lat="29.2109027" lon="119.6738022">
        <ele>349.79</ele>
        <time>2026-02-19T05:09:10Z</time>
        <speed>0.768995</speed>
      </trkpt>
      <trkpt lat="29.2110217" lon="119.6737969">
        <ele>350.01</ele>
        <time>2026-02-19T05:09:20Z</time>
        <speed>0.9012786</speed>
      </trkpt>
      <trkpt lat="29.2109828" lon="119.6738116">
        <ele>350.44</ele>
        <time>2026-02-19T05:09:52Z</time>
        <speed>1.402618</speed>
      </trkpt>
      <trkpt lat="29.2110239" lon="119.6738376">
        <ele>349.26</ele>
        <time>2026-02-19T05:10:06Z</time>
        <speed>0.9872372</speed>
      </trkpt>
      <trkpt lat="29.2111021" lon="119.6738673">
        <ele>346.61</ele>
        <time>2026-02-19T05:10:36Z</time>
        <speed>0.342805</speed>
      </trkpt>
      <trkpt lat="29.21121" lon="119.6738743">
        <ele>344.88</ele>
        <time>2026-02-19T05:11:02Z</time>
        <speed>0.75458276</speed>
      </trkpt>
      <trkpt lat="29.2113166" lon="119.6738407">
        <ele>344.68</ele>
        <time>2026-02-19T05:11:14Z</time>
        <speed>0.7046547</speed>
      </trkpt>
      <trkpt lat="29.2114112" lon="119.673793">
        <ele>344.04</ele>
        <time>2026-02-19T05:11:24Z</time>
        <speed>0.8240703</speed>
      </trkpt>
      <trkpt lat="29.2114837" lon="119.6737215">
        <ele>343.59</ele>
        <time>2026-02-19T05:12:00Z</time>
        <speed>0.0</speed>
      </trkpt>
      <trkpt lat="29.211523" lon="119.6737736">
        <ele>344.84</ele>
        <time>2026-02-19T05:12:26Z</time>
        <speed>1.0649602</speed>
      </trkpt>
      <trkpt lat="29.2115665" lon="119.6738784">
        <ele>346.2</ele>
        <time>2026-02-19T05:12:34Z</time>
        <speed>1.6182866</speed>
      </trkpt>
      <trkpt lat="29.2116426" lon="119.6739506">
        <ele>346.67</ele>
        <time>2026-02-19T05:12:50Z</time>
        <speed>0.55435586</speed>
      </trkpt>
      <trkpt lat="29.211708" lon="119.6740364">
        <ele>348.19</ele>
        <time>2026-02-19T05:13:00Z</time>
        <speed>1.1457716</speed>
      </trkpt>
      <trkpt lat="29.2116855" lon="119.6741359">
        <ele>350.22</ele>
        <time>2026-02-19T05:13:10Z</time>
        <speed>1.4525461</speed>
      </trkpt>
      <trkpt lat="29.2115984" lon="119.6742139">
        <ele>352.1</ele>
        <time>2026-02-19T05:13:18Z</time>
        <speed>1.5071067</speed>
      </trkpt>
      <trkpt lat="29.2114849" lon="119.6742901">
        <ele>353.39</ele>
        <time>2026-02-19T05:13:26Z</time>
        <speed>1.7042453</speed>
      </trkpt>
      <trkpt lat="29.2113816" lon="119.6743648">
        <ele>354.6</ele>
        <time>2026-02-19T05:13:34Z</time>
        <speed>1.443281</speed>
      </trkpt>
      <trkpt lat="29.2112917" lon="119.6744555">
        <ele>355.59</ele>
        <time>2026-02-19T05:13:42Z</time>
        <speed>1.4149714</speed>
      </trkpt>
      <trkpt lat="29.2112262" lon="119.6745422">
        <ele>356.02</ele>
        <time>2026-02-19T05:13:48Z</time>
        <speed>1.5410783</speed>
      </trkpt>
      <trkpt lat="29.2112525" lon="119.6746343">
        <ele>356.31</ele>
        <time>2026-02-19T05:13:58Z</time>
        <speed>0.96510416</speed>
      </trkpt>
      <trkpt lat="29.2112786" lon="119.6747407">
        <ele>355.06</ele>
        <time>2026-02-19T05:14:16Z</time>
        <speed>1.0865786</speed>
      </trkpt>
      <trkpt lat="29.2113779" lon="119.6747893">
        <ele>355.59</ele>
        <time>2026-02-19T05:14:24Z</time>
        <speed>1.5575495</speed>
      </trkpt>
      <trkpt lat="29.2114921" lon="119.6747845">
        <ele>357.06</ele>
        <time>2026-02-19T05:14:32Z</time>
        <speed>1.8725594</speed>
      </trkpt>
      <trkpt lat="29.2115937" lon="119.674719">
        <ele>358.8</ele>
        <time>2026-02-19T05:14:42Z</time>
        <speed>1.5910064</speed>
      </trkpt>
      <trkpt lat="29.2117032" lon="119.6746707">
        <ele>358.84</ele>
        <time>2026-02-19T05:14:52Z</time>
        <speed>1.078343</speed>
      </trkpt>
      <trkpt lat="29.2118029" lon="119.6746493">
        <ele>359.04</ele>
        <time>2026-02-19T05:14:58Z</time>
        <speed>1.5925505</speed>
      </trkpt>
      <trkpt lat="29.2119068" lon="119.6746699">
        <ele>359.54</ele>
        <time>2026-02-19T05:15:12Z</time>
        <speed>0.74274415</speed>
      </trkpt>
      <trkpt lat="29.212012" lon="119.6747004">
        <ele>360.51</ele>
        <time>2026-02-19T05:15:20Z</time>
        <speed>1.7016717</speed>
      </trkpt>
      <trkpt lat="29.2121125" lon="119.6747019">
        <ele>362.18</ele>
        <time>2026-02-19T05:15:28Z</time>
        <speed>1.4335014</speed>
      </trkpt>
      <trkpt lat="29.2122236" lon="119.6746822">
        <ele>363.87</ele>
        <time>2026-02-19T05:15:38Z</time>
        <speed>1.3444544</speed>
      </trkpt>
      <trkpt lat="29.21233" lon="119.6746492">
        <ele>365.6</ele>
        <time>2026-02-19T05:15:46Z</time>
        <speed>1.2713639</speed>
      </trkpt>
      <trkpt lat="29.212429" lon="119.674634">
        <ele>367.41</ele>
        <time>2026-02-19T05:15:54Z</time>
        <speed>1.3372483</speed>
      </trkpt>
      <trkpt lat="29.212528" lon="119.6746656">
        <ele>368.95</ele>
        <time>2026-02-19T05:16:04Z</time>
        <speed>1.1313595</speed>
      </trkpt>
      <trkpt lat="29.212611" lon="119.6747418">
        <ele>370.35</ele>
        <time>2026-02-19T05:16:12Z</time>
        <speed>1.2615842</speed>
      </trkpt>
      <trkpt lat="29.2126796" lon="119.6748215">
        <ele>371.62</ele>
        <time>2026-02-19T05:16:18Z</time>
        <speed>1.4968122</speed>
      </trkpt>
      <trkpt lat="29.212754" lon="119.6749087">
        <ele>371.91</ele>
        <time>2026-02-19T05:16:28Z</time>
        <speed>1.358352</speed>
      </trkpt>
      <trkpt lat="29.2128293" lon="119.6749889">
        <ele>370.27</ele>
        <time>2026-02-19T05:16:36Z</time>
        <speed>1.3357042</speed>
      </trkpt>
      <trkpt lat="29.2128965" lon="119.6750674">
        <ele>368.91</ele>
        <time>2026-02-19T05:16:46Z</time>
        <speed>1.0320181</speed>
      </trkpt>
      <trkpt lat="29.2129158" lon="119.6751023">
        <ele>367.83</ele>
        <time>2026-02-19T05:16:56Z</time>
        <speed>0.0</speed>
      </trkpt>
      <trkpt lat="29.2129646" lon="119.6751724">
        <ele>367.26</ele>
        <time>2026-02-19T05:17:12Z</time>
        <speed>1.0165764</speed>
      </trkpt>
      <trkpt lat="29.2129205" lon="119.6751237">
        <ele>366.63</ele>
        <time>2026-02-19T05:17:24Z</time>
        <speed>1.1879789</speed>
      </trkpt>
      <trkpt lat="29.2129464" lon="119.6751574">
        <ele>366.1</ele>
        <time>2026-02-19T05:17:36Z</time>
        <speed>1.084005</speed>
      </trkpt>
      <trkpt lat="29.2129615" lon="119.6751722">
        <ele>365.54</ele>
        <time>2026-02-19T05:17:48Z</time>
        <speed>0.0</speed>
      </trkpt>
      <trkpt lat="29.2129152" lon="119.6751163">
        <ele>365.01</ele>
        <time>2026-02-19T05:18:40Z</time>
        <speed>0.8384825</speed>
      </trkpt>
      <trkpt lat="29.2128453" lon="119.6750336">
        <ele>364.45</ele>
        <time>2026-02-19T05:18:56Z</time>
        <speed>0.60582805</speed>
      </trkpt>
      <trkpt lat="29.2127574" lon="119.6749702">
        <ele>365.97</ele>
        <time>2026-02-19T05:19:04Z</time>
        <speed>1.3449692</speed>
      </trkpt>
      <trkpt lat="29.2127062" lon="119.6748737">
        <ele>366.67</ele>
        <time>2026-02-19T05:19:14Z</time>
        <speed>1.35269</speed>
      </trkpt>
      <trkpt lat="29.2126911" lon="119.6748649">
        <ele>366.6</ele>
        <time>2026-02-19T05:19:28Z</time>
        <speed>0.0</speed>
      </trkpt>
      <trkpt lat="29.2126233" lon="119.6747967">
        <ele>365.61</ele>
        <time>2026-02-19T05:20:48Z</time>
        <speed>1.486003</speed>
      </trkpt>
      <trkpt lat="29.21254" lon="119.6747217">
        <ele>364.32</ele>
        <time>2026-02-19T05:20:56Z</time>
        <speed>1.4947534</speed>
      </trkpt>
      <trkpt lat="29.2124538" lon="119.6746396">
        <ele>363.45</ele>
        <time>2026-02-19T05:21:02Z</time>
        <speed>2.175731</speed>
      </trkpt>
      <trkpt lat="29.2125164" lon="119.6745859">
        <ele>363.04</ele>
        <time>2026-02-19T05:21:18Z</time>
        <speed>1.6682147</speed>
      </trkpt>
      <trkpt lat="29.2126255" lon="119.674546">
        <ele>364.7</ele>
        <time>2026-02-19T05:21:26Z</time>
        <speed>1.5946095</speed>
      </trkpt>
      <trkpt lat="29.2127519" lon="119.6745317">
        <ele>367.11</ele>
        <time>2026-02-19T05:21:32Z</time>
        <speed>1.9580033</speed>
      </trkpt>
      <trkpt lat="29.2128771" lon="119.6745128">
        <ele>368.48</ele>
        <time>2026-02-19T05:21:38Z</time>
        <speed>1.9544003</speed>
      </trkpt>
      <trkpt lat="29.2129935" lon="119.6744912">
        <ele>368.49</ele>
        <time>2026-02-19T05:21:44Z</time>
        <speed>1.9682977</speed>
      </trkpt>
      <trkpt lat="29.2131068" lon="119.6744841">
        <ele>367.98</ele>
        <time>2026-02-19T05:21:50Z</time>
        <speed>1.7629236</speed>
      </trkpt>
      <trkpt lat="29.2132069" lon="119.674522">
        <ele>367.64</ele>
        <time>2026-02-19T05:21:58Z</time>
        <speed>1.6625528</speed>
      </trkpt>
      <trkpt lat="29.2132581" lon="119.6746254">
        <ele>368.01</ele>
        <time>2026-02-19T05:22:08Z</time>
        <speed>1.3861469</speed>
      </trkpt>
      <trkpt lat="29.2133145" lon="119.674741">
        <ele>369.34</ele>
        <time>2026-02-19T05:22:16Z</time>
        <speed>1.6203456</speed>
      </trkpt>
      <trkpt lat="29.2133922" lon="119.6747921">
        <ele>370.53</ele>
        <time>2026-02-19T05:22:22Z</time>
        <speed>1.6388756</speed>
      </trkpt>
      <trkpt lat="29.2135039" lon="119.6747861">
        <ele>371.76</ele>
        <time>2026-02-19T05:22:30Z</time>
        <speed>1.8123369</speed>
      </trkpt>
      <trkpt lat="29.2136013" lon="119.6747321">
        <ele>373.2</ele>
        <time>2026-02-19T05:22:40Z</time>
        <speed>1.4149714</speed>
      </trkpt>
      <trkpt lat="29.2136738" lon="119.6746522">
        <ele>375.91</ele>
        <time>2026-02-19T05:22:46Z</time>
        <speed>1.3449692</speed>
      </trkpt>
      <trkpt lat="29.2137482" lon="119.6745751">
        <ele>378.19</ele>
        <time>2026-02-19T05:22:54Z</time>
        <speed>1.3609256</speed>
      </trkpt>
      <trkpt lat="29.2138244" lon="119.6744892">
        <ele>378.79</ele>
        <time>2026-02-19T05:23:02Z</time>
        <speed>1.4226922</speed>
      </trkpt>
      <trkpt lat="29.2138956" lon="119.6743944">
        <ele>377.51</ele>
        <time>2026-02-19T05:23:10Z</time>
        <speed>1.5395342</speed>
      </trkpt>
      <trkpt lat="29.2139413" lon="119.6742918">
        <ele>375.27</ele>
        <time>2026-02-19T05:23:16Z</time>
        <speed>1.6517437</speed>
      </trkpt>
      <trkpt lat="29.2139881" lon="119.6741987">
        <ele>373.73</ele>
        <time>2026-02-19T05:23:24Z</time>
        <speed>1.5385047</speed>
      </trkpt>
      <trkpt lat="29.2140256" lon="119.6740916">
        <ele>372.08</ele>
        <time>2026-02-19T05:23:32Z</time>
        <speed>1.504533</speed>
      </trkpt>
      <trkpt lat="29.2140256" lon="119.6740916">
        <ele>372.08</ele>
        <time>2026-02-19T05:23:42Z</time>
        <speed>1.504533</speed>
      </trkpt>
      <extensions>
        <PauseTimes>1771478622000:pause</PauseTimes>
      </extensions>
    </trkseg>
  </trk>
  <trk>
    <trkseg>
      <trkpt lat="29.2140468" lon="119.6739426">
        <ele>371.14</ele>
        <time>2026-02-19T05:23:42Z</time>
        <speed>0.0</speed>
      </trkpt>
      <trkpt lat="29.2140468" lon="119.6739426">
        <ele>371.14</ele>
        <time>2026-02-19T05:23:54Z</time>
        <speed>0.0</speed>
      </trkpt>
      <trkpt lat="29.214114" lon="119.6739371">
        <ele>371.9</ele>
        <time>2026-02-19T05:24:10Z</time>
        <speed>1.4232069</speed>
      </trkpt>
      <trkpt lat="29.2142053" lon="119.6739951">
        <ele>373.32</ele>
        <time>2026-02-19T05:24:20Z</time>
        <speed>1.1426834</speed>
      </trkpt>
      <trkpt lat="29.2143063" lon="119.6740426">
        <ele>374.9</ele>
        <time>2026-02-19T05:24:32Z</time>
        <speed>1.0103997</speed>
      </trkpt>
      <trkpt lat="29.2144033" lon="119.6740355">
        <ele>376.75</ele>
        <time>2026-02-19T05:24:46Z</time>
        <speed>0.59193057</speed>
      </trkpt>
      <trkpt lat="29.2145043" lon="119.6740752">
        <ele>378.28</ele>
        <time>2026-02-19T05:25:04Z</time>
        <speed>0.66708</speed>
      </trkpt>
      <trkpt lat="29.2145797" lon="119.6741461">
        <ele>379.53</ele>
        <time>2026-02-19T05:25:16Z</time>
        <speed>0.9965022</speed>
      </trkpt>
      <trkpt lat="29.2146538" lon="119.6742306">
        <ele>381.84</ele>
        <time>2026-02-19T05:25:28Z</time>
        <speed>1.0860639</speed>
      </trkpt>
      <trkpt lat="29.2146947" lon="119.6743362">
        <ele>384.1</ele>
        <time>2026-02-19T05:25:40Z</time>
        <speed>0.8014225</speed>
      </trkpt>
      <trkpt lat="29.2147103" lon="119.674445">
        <ele>386.12</ele>
        <time>2026-02-19T05:25:52Z</time>
        <speed>1.0577542</speed>
      </trkpt>
      <trkpt lat="29.2147839" lon="119.67448">
        <ele>388.39</ele>
        <time>2026-02-19T05:26:10Z</time>
        <speed>0.7957606</speed>
      </trkpt>
      <trkpt lat="29.2148762" lon="119.6744766">
        <ele>391.19</ele>
        <time>2026-02-19T05:26:20Z</time>
        <speed>0.9481183</speed>
      </trkpt>
      <trkpt lat="29.2149761" lon="119.6744814">
        <ele>392.62</ele>
        <time>2026-02-19T05:26:36Z</time>
        <speed>0.7581858</speed>
      </trkpt>
      <trkpt lat="29.2150654" lon="119.6745117">
        <ele>394.72</ele>
        <time>2026-02-19T05:26:46Z</time>
        <speed>0.84208554</speed>
      </trkpt>
      <trkpt lat="29.2151557" lon="119.6745342">
        <ele>396.56</ele>
        <time>2026-02-19T05:26:58Z</time>
        <speed>0.75458276</speed>
      </trkpt>
      <trkpt lat="29.2152599" lon="119.6745595">
        <ele>398.3</ele>
        <time>2026-02-19T05:27:08Z</time>
        <speed>0.8703953</speed>
      </trkpt>
      <trkpt lat="29.2153577" lon="119.6745735">
        <ele>399.59</ele>
        <time>2026-02-19T05:27:18Z</time>
        <speed>0.89921975</speed>
      </trkpt>
      <trkpt lat="29.2154549" lon="119.6745269">
        <ele>400.54</ele>
        <time>2026-02-19T05:27:28Z</time>
        <speed>1.3552636</speed>
      </trkpt>
      <trkpt lat="29.2155555" lon="119.6745113">
        <ele>401.86</ele>
        <time>2026-02-19T05:27:40Z</time>
        <speed>0.81480527</speed>
      </trkpt>
      <trkpt lat="29.2156473" lon="119.6745471">
        <ele>403.77</ele>
        <time>2026-02-19T05:27:50Z</time>
        <speed>1.2152592</speed>
      </trkpt>
      <trkpt lat="29.2157382" lon="119.6746155">
        <ele>405.63</ele>
        <time>2026-02-19T05:28:04Z</time>
        <speed>0.7283319</speed>
      </trkpt>
      <trkpt lat="29.2158316" lon="119.6746257">
        <ele>407.3</ele>
        <time>2026-02-19T05:28:14Z</time>
        <speed>0.9681925</speed>
      </trkpt>
      <trkpt lat="29.215925" lon="119.6746325">
        <ele>409.53</ele>
        <time>2026-02-19T05:28:48Z</time>
        <speed>0.51884</speed>
      </trkpt>
      <trkpt lat="29.2159795" lon="119.6745633">
        <ele>410.08</ele>
        <time>2026-02-19T05:29:04Z</time>
        <speed>0.4534703</speed>
      </trkpt>
      <trkpt lat="29.2159795" lon="119.6745633">
        <ele>410.08</ele>
        <time>2026-02-19T05:29:59Z</time>
        <speed>0.4534703</speed>
      </trkpt>
      <extensions>
        <PauseTimes>1771478999000:pause</PauseTimes>
      </extensions>
    </trkseg>
  </trk>
  <trk>
    <trkseg>
      <trkpt lat="29.2159886" lon="119.6745432">
        <ele>410.0</ele>
        <time>2026-02-19T05:33:04Z</time>
        <speed>0.52398723</speed>
      </trkpt>
      <trkpt lat="29.2159886" lon="119.6745432">
        <ele>410.0</ele>
        <time>2026-02-19T05:33:14Z</time>
        <speed>0.52398723</speed>
      </trkpt>
      <trkpt lat="29.2160451" lon="119.6744618">
        <ele>412.02</ele>
        <time>2026-02-19T05:33:46Z</time>
        <speed>0.5785478</speed>
      </trkpt>
      <trkpt lat="29.2160946" lon="119.6743625">
        <ele>414.59</ele>
        <time>2026-02-19T05:34:18Z</time>
        <speed>0.9146614</speed>
      </trkpt>
      <trkpt lat="29.2161699" lon="119.6742923">
        <ele>417.69</ele>
        <time>2026-02-19T05:34:34Z</time>
        <speed>0.6305347</speed>
      </trkpt>
      <trkpt lat="29.2162542" lon="119.6742339">
        <ele>419.89</ele>
        <time>2026-02-19T05:34:44Z</time>
        <speed>1.232245</speed>
      </trkpt>
      <trkpt lat="29.2163336" lon="119.6741658">
        <ele>422.09</ele>
        <time>2026-02-19T05:35:00Z</time>
        <speed>0.7056842</speed>
      </trkpt>
      <trkpt lat="29.2164227" lon="119.6741248">
        <ele>425.19</ele>
        <time>2026-02-19T05:35:14Z</time>
        <speed>0.7283319</speed>
      </trkpt>
      <trkpt lat="29.2164888" lon="119.674055">
        <ele>427.47</ele>
        <time>2026-02-19T05:35:38Z</time>
        <speed>1.030474</speed>
      </trkpt>
      <trkpt lat="29.2165647" lon="119.6739858">
        <ele>428.9</ele>
        <time>2026-02-19T05:35:54Z</time>
        <speed>0.73605275</speed>
      </trkpt>
      <trkpt lat="29.2166275" lon="119.6739039">
        <ele>432.77</ele>
        <time>2026-02-19T05:36:18Z</time>
        <speed>0.268685</speed>
      </trkpt>
      <trkpt lat="29.2166967" lon="119.6738327">
        <ele>436.05</ele>
        <time>2026-02-19T05:36:30Z</time>
        <speed>0.91311723</speed>
      </trkpt>
      <trkpt lat="29.2167603" lon="119.6737476">
        <ele>436.81</ele>
        <time>2026-02-19T05:36:40Z</time>
        <speed>1.0716517</speed>
      </trkpt>
      <trkpt lat="29.2167954" lon="119.6736473">
        <ele>437.15</ele>
        <time>2026-02-19T05:37:02Z</time>
        <speed>0.5347964</speed>
      </trkpt>
      <trkpt lat="29.2168769" lon="119.6736173">
        <ele>438.33</ele>
        <time>2026-02-19T05:37:34Z</time>
        <speed>0.6387703</speed>
      </trkpt>
      <trkpt lat="29.2168342" lon="119.673653">
        <ele>439.26</ele>
        <time>2026-02-19T05:37:56Z</time>
        <speed>0.5100897</speed>
      </trkpt>
      <trkpt lat="29.2168873" lon="119.6736406">
        <ele>440.23</ele>
        <time>2026-02-19T05:38:16Z</time>
        <speed>0.8086286</speed>
      </trkpt>
      <trkpt lat="29.2169814" lon="119.6736091">
        <ele>440.73</ele>
        <time>2026-02-19T05:38:28Z</time>
        <speed>0.99238443</speed>
      </trkpt>
      <trkpt lat="29.2170796" lon="119.6736067">
        <ele>441.58</ele>
        <time>2026-02-19T05:38:40Z</time>
        <speed>0.85546833</speed>
      </trkpt>
      <trkpt lat="29.2171821" lon="119.6735809">
        <ele>443.57</ele>
        <time>2026-02-19T05:38:52Z</time>
        <speed>1.1869495</speed>
      </trkpt>
      <trkpt lat="29.217268" lon="119.6735116">
        <ele>446.29</ele>
        <time>2026-02-19T05:39:02Z</time>
        <speed>1.1061381</speed>
      </trkpt>
      <trkpt lat="29.217354" lon="119.6734547">
        <ele>449.22</ele>
        <time>2026-02-19T05:39:12Z</time>
        <speed>1.024812</speed>
      </trkpt>
      <trkpt lat="29.2174227" lon="119.6733838">
        <ele>452.57</ele>
        <time>2026-02-19T05:39:20Z</time>
        <speed>1.2466573</speed>
      </trkpt>
      <trkpt lat="29.2175153" lon="119.6733386">
        <ele>456.02</ele>
        <time>2026-02-19T05:39:30Z</time>
        <speed>1.05621</speed>
      </trkpt>
      <trkpt lat="29.2176076" lon="119.6733065">
        <ele>459.41</ele>
        <time>2026-02-19T05:39:40Z</time>
        <speed>1.1910672</speed>
      </trkpt>
      <trkpt lat="29.2176715" lon="119.6732583">
        <ele>462.2</ele>
        <time>2026-02-19T05:39:56Z</time>
        <speed>0.0</speed>
      </trkpt>
      <trkpt lat="29.2176507" lon="119.6731719">
        <ele>463.45</ele>
        <time>2026-02-19T05:40:10Z</time>
        <speed>0.77053916</speed>
      </trkpt>
      <trkpt lat="29.2177042" lon="119.6731256">
        <ele>463.08</ele>
        <time>2026-02-19T05:41:04Z</time>
        <speed>0.8106875</speed>
      </trkpt>
      <trkpt lat="29.217784" lon="119.6730812">
        <ele>461.59</ele>
        <time>2026-02-19T05:41:24Z</time>
        <speed>0.68561</speed>
      </trkpt>
      <trkpt lat="29.2178822" lon="119.6730477">
        <ele>462.02</ele>
        <time>2026-02-19T05:41:46Z</time>
        <speed>1.0665045</speed>
      </trkpt>
      <trkpt lat="29.2179575" lon="119.67297">
        <ele>462.92</ele>
        <time>2026-02-19T05:41:54Z</time>
        <speed>1.35269</speed>
      </trkpt>
      <trkpt lat="29.2180423" lon="119.6729227">
        <ele>463.73</ele>
        <time>2026-02-19T05:42:10Z</time>
        <speed>0.82561445</speed>
      </trkpt>
      <trkpt lat="29.2181157" lon="119.6728573">
        <ele>464.92</ele>
        <time>2026-02-19T05:42:22Z</time>
        <speed>0.7375969</speed>
      </trkpt>
      <trkpt lat="29.2182082" lon="119.6728108">
        <ele>466.03</ele>
        <time>2026-02-19T05:42:34Z</time>
        <speed>0.7756864</speed>
      </trkpt>
      <trkpt lat="29.2183019" lon="119.6727632">
        <ele>469.59</ele>
        <time>2026-02-19T05:42:48Z</time>
        <speed>0.91826445</speed>
      </trkpt>
      <trkpt lat="29.2184064" lon="119.6727319">
        <ele>474.41</ele>
        <time>2026-02-19T05:43:06Z</time>
        <speed>0.806055</speed>
      </trkpt>
      <trkpt lat="29.2184881" lon="119.6726575">
        <ele>478.97</ele>
        <time>2026-02-19T05:43:18Z</time>
        <speed>0.9501772</speed>
      </trkpt>
      <trkpt lat="29.2185769" lon="119.6726077">
        <ele>482.38</ele>
        <time>2026-02-19T05:43:28Z</time>
        <speed>1.0788578</speed>
      </trkpt>
      <trkpt lat="29.2186515" lon="119.672541">
        <ele>485.18</ele>
        <time>2026-02-19T05:43:36Z</time>
        <speed>1.6059333</speed>
      </trkpt>
      <trkpt lat="29.2187409" lon="119.6725016">
        <ele>487.0</ele>
        <time>2026-02-19T05:43:48Z</time>
        <speed>0.80296665</speed>
      </trkpt>
      <trkpt lat="29.2188354" lon="119.6724729">
        <ele>488.81</ele>
        <time>2026-02-19T05:44:02Z</time>
        <speed>0.8868664</speed>
      </trkpt>
      <trkpt lat="29.2189288" lon="119.6724219">
        <ele>488.03</ele>
        <time>2026-02-19T05:44:14Z</time>
        <speed>0.83642364</speed>
      </trkpt>
      <trkpt lat="29.2190088" lon="119.6723642">
        <ele>489.74</ele>
        <time>2026-02-19T05:44:26Z</time>
        <speed>0.9110583</speed>
      </trkpt>
      <trkpt lat="29.2190987" lon="119.6723421">
        <ele>492.3</ele>
        <time>2026-02-19T05:44:36Z</time>
        <speed>1.0263561</speed>
      </trkpt>
      <trkpt lat="29.2191904" lon="119.6723124">
        <ele>495.1</ele>
        <time>2026-02-19T05:44:46Z</time>
        <speed>0.9470889</speed>
      </trkpt>
      <trkpt lat="29.2192813" lon="119.6722759">
        <ele>498.41</ele>
        <time>2026-02-19T05:45:16Z</time>
        <speed>0.54509085</speed>
      </trkpt>
      <trkpt lat="29.2193566" lon="119.6722064">
        <ele>503.91</ele>
        <time>2026-02-19T05:45:28Z</time>
        <speed>0.6361967</speed>
      </trkpt>
      <trkpt lat="29.2194337" lon="119.67214">
        <ele>509.15</ele>
        <time>2026-02-19T05:45:38Z</time>
        <speed>0.84465915</speed>
      </trkpt>
      <trkpt lat="29.2195073" lon="119.6720666">
        <ele>513.17</ele>
        <time>2026-02-19T05:45:46Z</time>
        <speed>1.269305</speed>
      </trkpt>
      <trkpt lat="29.2195773" lon="119.6719978">
        <ele>516.37</ele>
        <time>2026-02-19T05:45:54Z</time>
        <speed>1.1565808</speed>
      </trkpt>
      <trkpt lat="29.2196716" lon="119.6719515">
        <ele>518.45</ele>
        <time>2026-02-19T05:46:06Z</time>
        <speed>0.9681925</speed>
      </trkpt>
      <trkpt lat="29.2197613" lon="119.6719061">
        <ele>522.64</ele>
        <time>2026-02-19T05:46:14Z</time>
        <speed>1.1993028</speed>
      </trkpt>
      <trkpt lat="29.2198557" lon="119.6718661">
        <ele>525.89</ele>
        <time>2026-02-19T05:46:24Z</time>
        <speed>1.1637869</speed>
      </trkpt>
      <trkpt lat="29.2199202" lon="119.6718638">
        <ele>528.31</ele>
        <time>2026-02-19T05:46:38Z</time>
        <speed>0.0</speed>
      </trkpt>
      <trkpt lat="29.2199858" lon="119.6718095">
        <ele>530.75</ele>
        <time>2026-02-19T05:47:26Z</time>
        <speed>0.9959875</speed>
      </trkpt>
      <trkpt lat="29.2200633" lon="119.6718327">
        <ele>531.68</ele>
        <time>2026-02-19T05:47:34Z</time>
        <speed>1.0670192</speed>
      </trkpt>
      <trkpt lat="29.2201495" lon="119.6718608">
        <ele>531.21</ele>
        <time>2026-02-19T05:47:52Z</time>
        <speed>0.7993636</speed>
      </trkpt>
      <trkpt lat="29.2202412" lon="119.6718647">
        <ele>529.44</ele>
        <time>2026-02-19T05:48:06Z</time>
        <speed>0.5677386</speed>
      </trkpt>
      <trkpt lat="29.2203379" lon="119.6718689">
        <ele>529.73</ele>
        <time>2026-02-19T05:48:28Z</time>
        <speed>0.56825334</speed>
      </trkpt>
      <trkpt lat="29.2204309" lon="119.6718735">
        <ele>534.75</ele>
        <time>2026-02-19T05:48:38Z</time>
        <speed>0.62899053</speed>
      </trkpt>
      <trkpt lat="29.2205157" lon="119.6718183">
        <ele>539.93</ele>
        <time>2026-02-19T05:48:50Z</time>
        <speed>0.8966461</speed>
      </trkpt>
      <trkpt lat="29.2205923" lon="119.6717299">
        <ele>544.39</ele>
        <time>2026-02-19T05:49:02Z</time>
        <speed>0.92804414</speed>
      </trkpt>
      <trkpt lat="29.2206888" lon="119.6716652">
        <ele>548.48</ele>
        <time>2026-02-19T05:49:12Z</time>
        <speed>1.0757694</speed>
      </trkpt>
      <trkpt lat="29.220787" lon="119.6716542">
        <ele>551.24</ele>
        <time>2026-02-19T05:49:22Z</time>
        <speed>0.8369383</speed>
      </trkpt>
      <trkpt lat="29.2208864" lon="119.6716157">
        <ele>553.33</ele>
        <time>2026-02-19T05:49:50Z</time>
        <speed>1.0731958</speed>
      </trkpt>
      <trkpt lat="29.2209631" lon="119.6715295">
        <ele>555.0</ele>
        <time>2026-02-19T05:50:04Z</time>
        <speed>1.0819461</speed>
      </trkpt>
      <trkpt lat="29.22102" lon="119.671431">
        <ele>559.51</ele>
        <time>2026-02-19T05:50:14Z</time>
        <speed>1.3233508</speed>
      </trkpt>
      <trkpt lat="29.221087" lon="119.6713557">
        <ele>564.63</ele>
        <time>2026-02-19T05:50:30Z</time>
        <speed>0.39015946</speed>
      </trkpt>
      <trkpt lat="29.2211718" lon="119.6713311">
        <ele>569.48</ele>
        <time>2026-02-19T05:50:48Z</time>
        <speed>0.6645064</speed>
      </trkpt>
      <trkpt lat="29.2212722" lon="119.6712909">
        <ele>572.93</ele>
        <time>2026-02-19T05:50:58Z</time>
        <speed>0.8503211</speed>
      </trkpt>
      <trkpt lat="29.2213613" lon="119.6712461">
        <ele>575.75</ele>
        <time>2026-02-19T05:51:06Z</time>
        <speed>1.2842319</speed>
      </trkpt>
      <trkpt lat="29.2214537" lon="119.6712414">
        <ele>578.66</ele>
        <time>2026-02-19T05:51:16Z</time>
        <speed>1.1071675</speed>
      </trkpt>
      <trkpt lat="29.221521" lon="119.6712338">
        <ele>580.78</ele>
        <time>2026-02-19T05:51:28Z</time>
        <speed>0.0</speed>
      </trkpt>
      <trkpt lat="29.2215917" lon="119.6711433">
        <ele>583.76</ele>
        <time>2026-02-19T05:52:54Z</time>
        <speed>1.0551805</speed>
      </trkpt>
      <trkpt lat="29.2216117" lon="119.671115">
        <ele>585.02</ele>
        <time>2026-02-19T05:52:56Z</time>
        <speed>0.0</speed>
      </trkpt>
      <trkpt lat="29.2216895" lon="119.6710838">
        <ele>585.7</ele>
        <time>2026-02-19T05:53:04Z</time>
        <speed>1.1838611</speed>
      </trkpt>
      <trkpt lat="29.2217428" lon="119.6711641">
        <ele>586.26</ele>
        <time>2026-02-19T05:53:24Z</time>
        <speed>0.62847584</speed>
      </trkpt>
      <trkpt lat="29.2218302" lon="119.6712002">
        <ele>589.33</ele>
        <time>2026-02-19T05:54:08Z</time>
        <speed>0.4771475</speed>
      </trkpt>
      <trkpt lat="29.2219209" lon="119.6712409">
        <ele>593.92</ele>
        <time>2026-02-19T05:55:02Z</time>
        <speed>0.46119112</speed>
      </trkpt>
      <trkpt lat="29.2220137" lon="119.6712449">
        <ele>602.47</ele>
        <time>2026-02-19T05:55:12Z</time>
        <speed>0.7020811</speed>
      </trkpt>
      <trkpt lat="29.2220985" lon="119.6711961">
        <ele>607.9</ele>
        <time>2026-02-19T05:55:22Z</time>
        <speed>1.0973878</speed>
      </trkpt>
      <trkpt lat="29.2221997" lon="119.6711622">
        <ele>611.69</ele>
        <time>2026-02-19T05:55:32Z</time>
        <speed>0.89304304</speed>
      </trkpt>
      <trkpt lat="29.2222718" lon="119.6710748">
        <ele>613.37</ele>
        <time>2026-02-19T05:55:42Z</time>
        <speed>1.1401098</speed>
      </trkpt>
      <trkpt lat="29.2223186" lon="119.6709917">
        <ele>614.89</ele>
        <time>2026-02-19T05:55:58Z</time>
        <speed>0.0</speed>
      </trkpt>
      <trkpt lat="29.2223098" lon="119.6708786">
        <ele>617.26</ele>
        <time>2026-02-19T05:56:22Z</time>
        <speed>0.8112022</speed>
      </trkpt>
      <trkpt lat="29.2222638" lon="119.6707774">
        <ele>619.73</ele>
        <time>2026-02-19T05:56:32Z</time>
        <speed>1.2132003</speed>
      </trkpt>
      <trkpt lat="29.2221858" lon="119.6707095">
        <ele>620.75</ele>
        <time>2026-02-19T05:56:44Z</time>
        <speed>0.9419417</speed>
      </trkpt>
      <trkpt lat="29.222213" lon="119.6707584">
        <ele>620.99</ele>
        <time>2026-02-19T05:56:56Z</time>
        <speed>0.60582805</speed>
      </trkpt>
      <trkpt lat="29.2222763" lon="119.6708434">
        <ele>620.05</ele>
        <time>2026-02-19T05:57:06Z</time>
        <speed>0.9059111</speed>
      </trkpt>
      <trkpt lat="29.2223305" lon="119.6709495">
        <ele>618.86</ele>
        <time>2026-02-19T05:57:32Z</time>
        <speed>0.5301639</speed>
      </trkpt>
      <trkpt lat="29.2224037" lon="119.670941">
        <ele>617.76</ele>
        <time>2026-02-19T05:58:26Z</time>
        <speed>0.231625</speed>
      </trkpt>
      <trkpt lat="29.2224872" lon="119.6708965">
        <ele>621.0</ele>
        <time>2026-02-19T05:58:52Z</time>
        <speed>0.67943335</speed>
      </trkpt>
      <trkpt lat="29.222585" lon="119.6709033">
        <ele>624.31</ele>
        <time>2026-02-19T06:00:02Z</time>
        <speed>1.0726811</speed>
      </trkpt>
      <trkpt lat="29.2226567" lon="119.6709933">
        <ele>627.96</ele>
        <time>2026-02-19T06:00:12Z</time>
        <speed>0.94142693</speed>
      </trkpt>
      <trkpt lat="29.2227495" lon="119.6710368">
        <ele>630.04</ele>
        <time>2026-02-19T06:00:26Z</time>
        <speed>0.5718564</speed>
      </trkpt>
      <trkpt lat="29.2227985" lon="119.6711183">
        <ele>632.43</ele>
        <time>2026-02-19T06:00:36Z</time>
        <speed>0.9084847</speed>
      </trkpt>
      <trkpt lat="29.2228363" lon="119.6712128">
        <ele>634.44</ele>
        <time>2026-02-19T06:00:44Z</time>
        <speed>0.81892306</speed>
      </trkpt>
      <trkpt lat="29.2228775" lon="119.6713201">
        <ele>636.4</ele>
        <time>2026-02-19T06:00:52Z</time>
        <speed>0.72627306</speed>
      </trkpt>
      <trkpt lat="29.2229514" lon="119.671371">
        <ele>637.73</ele>
        <time>2026-02-19T06:01:04Z</time>
        <speed>0.70774305</speed>
      </trkpt>
      <trkpt lat="29.2230329" lon="119.6714162">
        <ele>639.7</ele>
        <time>2026-02-19T06:01:14Z</time>
        <speed>0.74017054</speed>
      </trkpt>
      <trkpt lat="29.223092" lon="119.6715029">
        <ele>641.81</ele>
        <time>2026-02-19T06:01:24Z</time>
        <speed>0.7648772</speed>
      </trkpt>
      <trkpt lat="29.2231342" lon="119.6716115">
        <ele>644.56</ele>
        <time>2026-02-19T06:01:38Z</time>
        <speed>0.5584736</speed>
      </trkpt>
      <trkpt lat="29.2232109" lon="119.6716376">
        <ele>648.19</ele>
        <time>2026-02-19T06:02:16Z</time>
        <speed>0.45707333</speed>
      </trkpt>
      <trkpt lat="29.223299" lon="119.6716718">
        <ele>651.2</ele>
        <time>2026-02-19T06:02:34Z</time>
        <speed>0.50803083</speed>
      </trkpt>
      <trkpt lat="29.2233574" lon="119.6716072">
        <ele>654.08</ele>
        <time>2026-02-19T06:03:14Z</time>
        <speed>0.49619222</speed>
      </trkpt>
      <trkpt lat="29.2234288" lon="119.6715367">
        <ele>661.58</ele>
        <time>2026-02-19T06:03:32Z</time>
        <speed>0.31758362</speed>
      </trkpt>
      <trkpt lat="29.2235121" lon="119.6715603">
        <ele>669.07</ele>
        <time>2026-02-19T06:04:12Z</time>
        <speed>0.50133944</speed>
      </trkpt>
      <trkpt lat="29.2236033" lon="119.671617">
        <ele>674.16</ele>
        <time>2026-02-19T06:04:32Z</time>
        <speed>0.59501886</speed>
      </trkpt>
      <trkpt lat="29.2236891" lon="119.6716749">
        <ele>678.61</ele>
        <time>2026-02-19T06:04:54Z</time>
        <speed>0.43854332</speed>
      </trkpt>
      <trkpt lat="29.2237558" lon="119.6717548">
        <ele>682.6</ele>
        <time>2026-02-19T06:05:04Z</time>
        <speed>0.7952458</speed>
      </trkpt>
      <trkpt lat="29.2238255" lon="119.6718283">
        <ele>684.58</ele>
        <time>2026-02-19T06:05:20Z</time>
        <speed>0.6547267</speed>
      </trkpt>
      <trkpt lat="29.2238959" lon="119.6719009">
        <ele>687.13</ele>
        <time>2026-02-19T06:05:32Z</time>
        <speed>0.8019372</speed>
      </trkpt>
      <trkpt lat="29.2239832" lon="119.6719712">
        <ele>690.73</ele>
        <time>2026-02-19T06:05:54Z</time>
        <speed>0.65266776</speed>
      </trkpt>
      <trkpt lat="29.2240731" lon="119.6720164">
        <ele>698.98</ele>
        <time>2026-02-19T06:06:14Z</time>
        <speed>0.5677386</speed>
      </trkpt>
      <trkpt lat="29.2241756" lon="119.6720373">
        <ele>706.6</ele>
        <time>2026-02-19T06:06:30Z</time>
        <speed>0.64288807</speed>
      </trkpt>
      <trkpt lat="29.2242859" lon="119.6720244">
        <ele>712.11</ele>
        <time>2026-02-19T06:06:42Z</time>
        <speed>0.7484061</speed>
      </trkpt>
      <trkpt lat="29.2243917" lon="119.6720024">
        <ele>715.54</ele>
        <time>2026-02-19T06:06:52Z</time>
        <speed>0.9265</speed>
      </trkpt>
      <trkpt lat="29.2245025" lon="119.6720063">
        <ele>718.15</ele>
        <time>2026-02-19T06:07:02Z</time>
        <speed>0.85546833</speed>
      </trkpt>
      <trkpt lat="29.2245986" lon="119.6719792">
        <ele>719.81</ele>
        <time>2026-02-19T06:07:12Z</time>
        <speed>0.8199525</speed>
      </trkpt>
      <trkpt lat="29.2247001" lon="119.6719417">
        <ele>722.04</ele>
        <time>2026-02-19T06:07:22Z</time>
        <speed>0.8456886</speed>
      </trkpt>
      <trkpt lat="29.2247967" lon="119.6719231">
        <ele>724.22</ele>
        <time>2026-02-19T06:07:28Z</time>
        <speed>1.6131394</speed>
      </trkpt>
      <trkpt lat="29.2248952" lon="119.6719217">
        <ele>726.19</ele>
        <time>2026-02-19T06:07:44Z</time>
        <speed>0.5553853</speed>
      </trkpt>
      <trkpt lat="29.2249885" lon="119.6719124">
        <ele>730.49</ele>
        <time>2026-02-19T06:07:56Z</time>
        <speed>0.6264169</speed>
      </trkpt>
      <trkpt lat="29.2250875" lon="119.6718904">
        <ele>734.63</ele>
        <time>2026-02-19T06:08:12Z</time>
        <speed>0.37626195</speed>
      </trkpt>
      <trkpt lat="29.2251737" lon="119.6718423">
        <ele>737.97</ele>
        <time>2026-02-19T06:08:18Z</time>
        <speed>1.0556953</speed>
      </trkpt>
      <trkpt lat="29.2252665" lon="119.6718191">
        <ele>740.0</ele>
        <time>2026-02-19T06:08:30Z</time>
        <speed>1.1241534</speed>
      </trkpt>
      <trkpt lat="29.2253585" lon="119.6717741">
        <ele>741.9</ele>
        <time>2026-02-19T06:08:42Z</time>
        <speed>0.85083586</speed>
      </trkpt>
      <trkpt lat="29.2254564" lon="119.6717597">
        <ele>742.84</ele>
        <time>2026-02-19T06:08:52Z</time>
        <speed>0.9265</speed>
      </trkpt>
      <trkpt lat="29.2255503" lon="119.6717848">
        <ele>743.34</ele>
        <time>2026-02-19T06:09:00Z</time>
        <speed>1.1015055</speed>
      </trkpt>
      <trkpt lat="29.2256262" lon="119.6718258">
        <ele>744.18</ele>
        <time>2026-02-19T06:09:18Z</time>
        <speed>0.0</speed>
      </trkpt>
      <trkpt lat="29.2257092" lon="119.6718147">
        <ele>747.37</ele>
        <time>2026-02-19T06:09:34Z</time>
        <speed>0.5955336</speed>
      </trkpt>
      <trkpt lat="29.2257972" lon="119.6718448">
        <ele>749.92</ele>
        <time>2026-02-19T06:09:56Z</time>
        <speed>0.42927834</speed>
      </trkpt>
      <trkpt lat="29.2258808" lon="119.6718954">
        <ele>753.57</ele>
        <time>2026-02-19T06:10:44Z</time>
        <speed>0.5945042</speed>
      </trkpt>
      <trkpt lat="29.2259627" lon="119.6719595">
        <ele>756.16</ele>
        <time>2026-02-19T06:11:06Z</time>
        <speed>0.0</speed>
      </trkpt>
      <trkpt lat="29.2260503" lon="119.6720142">
        <ele>758.55</ele>
        <time>2026-02-19T06:11:16Z</time>
        <speed>0.89304304</speed>
      </trkpt>
      <trkpt lat="29.2261402" lon="119.6720237">
        <ele>760.93</ele>
        <time>2026-02-19T06:11:28Z</time>
        <speed>0.7731128</speed>
      </trkpt>
      <trkpt lat="29.2262207" lon="119.6720863">
        <ele>764.02</ele>
        <time>2026-02-19T06:11:40Z</time>
        <speed>0.6367114</speed>
      </trkpt>
      <trkpt lat="29.2263025" lon="119.6721356">
        <ele>767.58</ele>
        <time>2026-02-19T06:12:02Z</time>
        <speed>0.0</speed>
      </trkpt>
      <trkpt lat="29.2263839" lon="119.6721921">
        <ele>773.01</ele>
        <time>2026-02-19T06:12:16Z</time>
        <speed>0.6331083</speed>
      </trkpt>
      <trkpt lat="29.2264515" lon="119.6722672">
        <ele>777.48</ele>
        <time>2026-02-19T06:12:28Z</time>
        <speed>0.84980637</speed>
      </trkpt>
      <trkpt lat="29.2265355" lon="119.6723225">
        <ele>781.62</ele>
        <time>2026-02-19T06:13:10Z</time>
        <speed>0.7448031</speed>
      </trkpt>
      <trkpt lat="29.2266225" lon="119.6723717">
        <ele>786.73</ele>
        <time>2026-02-19T06:13:22Z</time>
        <speed>0.7643625</speed>
      </trkpt>
      <trkpt lat="29.2267139" lon="119.6723539">
        <ele>791.62</ele>
        <time>2026-02-19T06:13:44Z</time>
        <speed>0.8909842</speed>
      </trkpt>
      <trkpt lat="29.226799" lon="119.6723811">
        <ele>797.42</ele>
        <time>2026-02-19T06:14:02Z</time>
        <speed>0.8142906</speed>
      </trkpt>
      <trkpt lat="29.2268687" lon="119.6724425">
        <ele>802.62</ele>
        <time>2026-02-19T06:14:36Z</time>
        <speed>0.0</speed>
      </trkpt>
      <trkpt lat="29.2269242" lon="119.6725298">
        <ele>805.15</ele>
        <time>2026-02-19T06:15:26Z</time>
        <speed>0.5342817</speed>
      </trkpt>
      <trkpt lat="29.2269992" lon="119.6725932">
        <ele>810.46</ele>
        <time>2026-02-19T06:16:08Z</time>
        <speed>0.6552414</speed>
      </trkpt>
      <trkpt lat="29.2270388" lon="119.6726992">
        <ele>816.16</ele>
        <time>2026-02-19T06:16:32Z</time>
        <speed>0.5687681</speed>
      </trkpt>
      <trkpt lat="29.227065" lon="119.6728081">
        <ele>818.07</ele>
        <time>2026-02-19T06:16:42Z</time>
        <speed>0.7921575</speed>
      </trkpt>
      <trkpt lat="29.2270579" lon="119.6729284">
        <ele>819.67</ele>
        <time>2026-02-19T06:16:54Z</time>
        <speed>0.6197256</speed>
      </trkpt>
      <trkpt lat="29.2269866" lon="119.6729863">
        <ele>823.0</ele>
        <time>2026-02-19T06:17:04Z</time>
        <speed>0.8920136</speed>
      </trkpt>
      <trkpt lat="29.2270159" lon="119.673045">
        <ele>826.1</ele>
        <time>2026-02-19T06:17:22Z</time>
        <speed>0.0</speed>
      </trkpt>
      <trkpt lat="29.227092" lon="119.6731018">
        <ele>827.86</ele>
        <time>2026-02-19T06:17:38Z</time>
        <speed>0.42310166</speed>
      </trkpt>
      <trkpt lat="29.2271734" lon="119.6731704">
        <ele>828.82</ele>
        <time>2026-02-19T06:18:24Z</time>
        <speed>0.39324778</speed>
      </trkpt>
      <trkpt lat="29.2271626" lon="119.6732568">
        <ele>831.27</ele>
        <time>2026-02-19T06:18:54Z</time>
        <speed>0.6490647</speed>
      </trkpt>
      <trkpt lat="29.2272233" lon="119.6732668">
        <ele>837.82</ele>
        <time>2026-02-19T06:19:06Z</time>
        <speed>0.7834072</speed>
      </trkpt>
      <trkpt lat="29.2272876" lon="119.6733255">
        <ele>843.4</ele>
        <time>2026-02-19T06:19:32Z</time>
        <speed>0.63002</speed>
      </trkpt>
      <trkpt lat="29.2273733" lon="119.6734633">
        <ele>849.81</ele>
        <time>2026-02-19T06:20:40Z</time>
        <speed>0.35104054</speed>
      </trkpt>
      <trkpt lat="29.227465" lon="119.6734617">
        <ele>850.11</ele>
        <time>2026-02-19T06:20:50Z</time>
        <speed>0.7834072</speed>
      </trkpt>
      <trkpt lat="29.2275482" lon="119.6735291">
        <ele>850.02</ele>
        <time>2026-02-19T06:21:00Z</time>
        <speed>0.89819026</speed>
      </trkpt>
      <trkpt lat="29.227554" lon="119.6736306">
        <ele>849.37</ele>
        <time>2026-02-19T06:21:18Z</time>
        <speed>0.5975925</speed>
      </trkpt>
      <trkpt lat="29.2275745" lon="119.6737332">
        <ele>850.28</ele>
        <time>2026-02-19T06:21:46Z</time>
        <speed>0.5538411</speed>
      </trkpt>
      <trkpt lat="29.2276233" lon="119.6738367">
        <ele>853.86</ele>
        <time>2026-02-19T06:23:34Z</time>
        <speed>0.64957947</speed>
      </trkpt>
      <trkpt lat="29.22769" lon="119.6739067">
        <ele>858.22</ele>
        <time>2026-02-19T06:23:46Z</time>
        <speed>0.6212697</speed>
      </trkpt>
      <trkpt lat="29.2276749" lon="119.6740049">
        <ele>859.46</ele>
        <time>2026-02-19T06:23:58Z</time>
        <speed>0.5862686</speed>
      </trkpt>
      <trkpt lat="29.227716" lon="119.6741029">
        <ele>859.69</ele>
        <time>2026-02-19T06:24:26Z</time>
        <speed>0.49207443</speed>
      </trkpt>
      <trkpt lat="29.2277706" lon="119.6741936">
        <ele>859.74</ele>
        <time>2026-02-19T06:24:52Z</time>
        <speed>0.6073722</speed>
      </trkpt>
      <trkpt lat="29.2278544" lon="119.6742561">
        <ele>861.31</ele>
        <time>2026-02-19T06:25:14Z</time>
        <speed>0.0</speed>
      </trkpt>
      <trkpt lat="29.2279565" lon="119.6743372">
        <ele>864.02</ele>
        <time>2026-02-19T06:25:38Z</time>
        <speed>0.30883333</speed>
      </trkpt>
      <trkpt lat="29.2280556" lon="119.6743803">
        <ele>866.81</ele>
        <time>2026-02-19T06:25:56Z</time>
        <speed>0.4936186</speed>
      </trkpt>
      <trkpt lat="29.2281412" lon="119.6744281">
        <ele>870.42</ele>
        <time>2026-02-19T06:26:24Z</time>
        <speed>0.21669805</speed>
      </trkpt>
      <trkpt lat="29.228195" lon="119.6743333">
        <ele>876.73</ele>
        <time>2026-02-19T06:27:44Z</time>
        <speed>0.27022916</speed>
      </trkpt>
      <trkpt lat="29.2282933" lon="119.6743467">
        <ele>886.74</ele>
        <time>2026-02-19T06:27:54Z</time>
        <speed>0.89973444</speed>
      </trkpt>
      <trkpt lat="29.2283733" lon="119.6744122">
        <ele>893.61</ele>
        <time>2026-02-19T06:28:12Z</time>
        <speed>0.67016834</speed>
      </trkpt>
      <trkpt lat="29.2284527" lon="119.6744779">
        <ele>900.49</ele>
        <time>2026-02-19T06:28:36Z</time>
        <speed>0.2897886</speed>
      </trkpt>
      <trkpt lat="29.2284966" lon="119.6745779">
        <ele>907.93</ele>
        <time>2026-02-19T06:28:50Z</time>
        <speed>0.44626418</speed>
      </trkpt>
      <trkpt lat="29.2285117" lon="119.6746857">
        <ele>914.11</ele>
        <time>2026-02-19T06:29:08Z</time>
        <speed>0.5528117</speed>
      </trkpt>
      <trkpt lat="29.2285572" lon="119.674774">
        <ele>919.44</ele>
        <time>2026-02-19T06:29:26Z</time>
        <speed>0.0</speed>
      </trkpt>
      <trkpt lat="29.2286002" lon="119.6748671">
        <ele>923.51</ele>
        <time>2026-02-19T06:29:40Z</time>
        <speed>0.6037692</speed>
      </trkpt>
      <trkpt lat="29.2286521" lon="119.6749583">
        <ele>926.17</ele>
        <time>2026-02-19T06:30:30Z</time>
        <speed>0.2547875</speed>
      </trkpt>
      <trkpt lat="29.2286798" lon="119.6750574">
        <ele>929.67</ele>
        <time>2026-02-19T06:30:42Z</time>
        <speed>0.4359697</speed>
      </trkpt>
      <trkpt lat="29.2287258" lon="119.6751493">
        <ele>932.52</ele>
        <time>2026-02-19T06:31:10Z</time>
        <speed>0.87091</speed>
      </trkpt>
      <trkpt lat="29.2287894" lon="119.6752357">
        <ele>936.43</ele>
        <time>2026-02-19T06:31:54Z</time>
        <speed>0.34229028</speed>
      </trkpt>
      <trkpt lat="29.2288391" lon="119.6753265">
        <ele>942.48</ele>
        <time>2026-02-19T06:32:14Z</time>
        <speed>0.5975925</speed>
      </trkpt>
      <trkpt lat="29.22887" lon="119.6754267">
        <ele>947.61</ele>
        <time>2026-02-19T06:33:06Z</time>
        <speed>0.41177776</speed>
      </trkpt>
      <trkpt lat="29.2288966" lon="119.6755305">
        <ele>952.9</ele>
        <time>2026-02-19T06:33:20Z</time>
        <speed>0.6253875</speed>
      </trkpt>
      <trkpt lat="29.228909" lon="119.6756424">
        <ele>956.12</ele>
        <time>2026-02-19T06:33:34Z</time>
        <speed>0.8235555</speed>
      </trkpt>
      <trkpt lat="29.2289446" lon="119.6757519">
        <ele>956.89</ele>
        <time>2026-02-19T06:33:48Z</time>
        <speed>0.71031666</speed>
      </trkpt>
      <trkpt lat="29.2289773" lon="119.675871">
        <ele>956.25</ele>
        <time>2026-02-19T06:34:10Z</time>
        <speed>0.66090333</speed>
      </trkpt>
      <trkpt lat="29.228992" lon="119.6759822">
        <ele>956.36</ele>
        <time>2026-02-19T06:34:20Z</time>
        <speed>1.0217236</speed>
      </trkpt>
      <trkpt lat="29.2290038" lon="119.6760948">
        <ele>957.02</ele>
        <time>2026-02-19T06:34:32Z</time>
        <speed>0.9362797</speed>
      </trkpt>
      <trkpt lat="29.2290204" lon="119.6762005">
        <ele>957.91</ele>
        <time>2026-02-19T06:34:44Z</time>
        <speed>0.9012786</speed>
      </trkpt>
      <trkpt lat="29.2290682" lon="119.6762911">
        <ele>960.83</ele>
        <time>2026-02-19T06:34:58Z</time>
        <speed>0.48538306</speed>
      </trkpt>
      <trkpt lat="29.2291451" lon="119.6763591">
        <ele>963.62</ele>
        <time>2026-02-19T06:35:12Z</time>
        <speed>0.6995075</speed>
      </trkpt>
      <trkpt lat="29.229232" lon="119.676426">
        <ele>965.24</ele>
        <time>2026-02-19T06:35:40Z</time>
        <speed>0.7767158</speed>
      </trkpt>
      <trkpt lat="29.229329" lon="119.6764669">
        <ele>966.34</ele>
        <time>2026-02-19T06:35:54Z</time>
        <speed>0.6995075</speed>
      </trkpt>
      <trkpt lat="29.229414" lon="119.6765292">
        <ele>967.31</ele>
        <time>2026-02-19T06:36:02Z</time>
        <speed>0.9028228</speed>
      </trkpt>
      <trkpt lat="29.2294969" lon="119.67659">
        <ele>968.25</ele>
        <time>2026-02-19T06:36:36Z</time>
        <speed>0.5764889</speed>
      </trkpt>
      <trkpt lat="29.2295875" lon="119.6766465">
        <ele>970.9</ele>
        <time>2026-02-19T06:36:48Z</time>
        <speed>0.6614181</speed>
      </trkpt>
      <trkpt lat="29.2296748" lon="119.6766875">
        <ele>972.36</ele>
        <time>2026-02-19T06:37:02Z</time>
        <speed>0.5605325</speed>
      </trkpt>
      <trkpt lat="29.2297329" lon="119.6767683">
        <ele>973.24</ele>
        <time>2026-02-19T06:37:30Z</time>
        <speed>0.6995075</speed>
      </trkpt>
      <trkpt lat="29.2297865" lon="119.6768671">
        <ele>974.6</ele>
        <time>2026-02-19T06:37:44Z</time>
        <speed>0.68355113</speed>
      </trkpt>
      <trkpt lat="29.2298589" lon="119.6769507">
        <ele>975.8</ele>
        <time>2026-02-19T06:37:54Z</time>
        <speed>0.85340947</speed>
      </trkpt>
      <trkpt lat="29.229943" lon="119.6770006">
        <ele>976.88</ele>
        <time>2026-02-19T06:38:04Z</time>
        <speed>0.79627526</speed>
      </trkpt>
      <trkpt lat="29.2300272" lon="119.6770606">
        <ele>977.92</ele>
        <time>2026-02-19T06:38:22Z</time>
        <speed>0.7113461</speed>
      </trkpt>
      <trkpt lat="29.230118" lon="119.677066">
        <ele>981.01</ele>
        <time>2026-02-19T06:38:30Z</time>
        <speed>0.9681925</speed>
      </trkpt>
      <trkpt lat="29.2301882" lon="119.6771194">
        <ele>984.4</ele>
        <time>2026-02-19T06:38:38Z</time>
        <speed>0.88635164</speed>
      </trkpt>
      <trkpt lat="29.2302728" lon="119.6771634">
        <ele>988.1</ele>
        <time>2026-02-19T06:39:22Z</time>
        <speed>0.41486612</speed>
      </trkpt>
      <trkpt lat="29.2303497" lon="119.6772207">
        <ele>994.98</ele>
        <time>2026-02-19T06:39:42Z</time>
        <speed>0.3561878</speed>
      </trkpt>
      <trkpt lat="29.2303821" lon="119.6773166">
        <ele>1000.45</ele>
        <time>2026-02-19T06:39:54Z</time>
        <speed>0.7556122</speed>
      </trkpt>
      <trkpt lat="29.2303922" lon="119.6774297">
        <ele>1004.3</ele>
        <time>2026-02-19T06:40:04Z</time>
        <speed>0.8436297</speed>
      </trkpt>
      <trkpt lat="29.2303893" lon="119.6775415">
        <ele>1006.8</ele>
        <time>2026-02-19T06:40:16Z</time>
        <speed>0.7406853</speed>
      </trkpt>
      <trkpt lat="29.2303853" lon="119.6776544">
        <ele>1009.81</ele>
        <time>2026-02-19T06:41:02Z</time>
        <speed>0.5203842</speed>
      </trkpt>
      <trkpt lat="29.2303731" lon="119.6777652">
        <ele>1010.84</ele>
        <time>2026-02-19T06:41:14Z</time>
        <speed>0.7643625</speed>
      </trkpt>
      <trkpt lat="29.2303578" lon="119.677886">
        <ele>1011.98</ele>
        <time>2026-02-19T06:41:58Z</time>
        <speed>0.47354445</speed>
      </trkpt>
      <trkpt lat="29.2303549" lon="119.6779963">
        <ele>1015.43</ele>
        <time>2026-02-19T06:42:10Z</time>
        <speed>0.5116339</speed>
      </trkpt>
      <trkpt lat="29.2303761" lon="119.6781072">
        <ele>1018.04</ele>
        <time>2026-02-19T06:42:26Z</time>
        <speed>0.6202403</speed>
      </trkpt>
      <trkpt lat="29.2303833" lon="119.6782197">
        <ele>1020.39</ele>
        <time>2026-02-19T06:42:36Z</time>
        <speed>0.8081139</speed>
      </trkpt>
      <trkpt lat="29.2304239" lon="119.6783217">
        <ele>1021.0</ele>
        <time>2026-02-19T06:42:50Z</time>
        <speed>0.7756864</speed>
      </trkpt>
      <trkpt lat="29.2305005" lon="119.6783872">
        <ele>1020.52</ele>
        <time>2026-02-19T06:43:10Z</time>
        <speed>0.5559</speed>
      </trkpt>
      <trkpt lat="29.2305922" lon="119.678356">
        <ele>1020.43</ele>
        <time>2026-02-19T06:43:52Z</time>
        <speed>0.9105436</speed>
      </trkpt>
      <trkpt lat="29.2307028" lon="119.6783306">
        <ele>1021.45</ele>
        <time>2026-02-19T06:44:10Z</time>
        <speed>0.92083806</speed>
      </trkpt>
      <trkpt lat="29.2306383" lon="119.678385">
        <ele>1022.2</ele>
        <time>2026-02-19T06:45:24Z</time>
        <speed>1.2672461</speed>
      </trkpt>
      <trkpt lat="29.2306933" lon="119.6783017">
        <ele>1027.36</ele>
        <time>2026-02-19T06:45:46Z</time>
        <speed>0.9522361</speed>
      </trkpt>
      <trkpt lat="29.2307624" lon="119.6782155">
        <ele>1030.13</ele>
        <time>2026-02-19T06:45:56Z</time>
        <speed>0.99186975</speed>
      </trkpt>
      <trkpt lat="29.2308366" lon="119.6781379">
        <ele>1030.85</ele>
        <time>2026-02-19T06:46:06Z</time>
        <speed>0.99032557</speed>
      </trkpt>
      <trkpt lat="29.2309175" lon="119.6780503">
        <ele>1030.4</ele>
        <time>2026-02-19T06:46:18Z</time>
        <speed>1.0917258</speed>
      </trkpt>
      <trkpt lat="29.2309804" lon="119.6780303">
        <ele>1029.97</ele>
        <time>2026-02-19T06:46:30Z</time>
        <speed>0.0</speed>
      </trkpt>
      <trkpt lat="29.2310298" lon="119.6781129">
        <ele>1029.38</ele>
        <time>2026-02-19T06:46:40Z</time>
        <speed>1.07474</speed>
      </trkpt>
      <trkpt lat="29.2310811" lon="119.6782222">
        <ele>1028.14</ele>
        <time>2026-02-19T06:46:48Z</time>
        <speed>1.5029889</speed>
      </trkpt>
      <trkpt lat="29.231133" lon="119.6783348">
        <ele>1026.66</ele>
        <time>2026-02-19T06:46:56Z</time>
        <speed>1.3516606</speed>
      </trkpt>
      <trkpt lat="29.2311967" lon="119.6784482">
        <ele>1025.3</ele>
        <time>2026-02-19T06:47:04Z</time>
        <speed>1.3789408</speed>
      </trkpt>
      <trkpt lat="29.2312626" lon="119.6785401">
        <ele>1024.23</ele>
        <time>2026-02-19T06:47:10Z</time>
        <speed>1.7577764</speed>
      </trkpt>
      <trkpt lat="29.2313362" lon="119.6786362">
        <ele>1023.66</ele>
        <time>2026-02-19T06:47:16Z</time>
        <speed>2.309044</speed>
      </trkpt>
      <trkpt lat="29.2313959" lon="119.6787417">
        <ele>1022.86</ele>
        <time>2026-02-19T06:47:24Z</time>
        <speed>1.9358703</speed>
      </trkpt>
      <trkpt lat="29.2314562" lon="119.6788379">
        <ele>1021.97</ele>
        <time>2026-02-19T06:47:34Z</time>
        <speed>1.6265222</speed>
      </trkpt>
      <trkpt lat="29.2315396" lon="119.678909">
        <ele>1020.56</ele>
        <time>2026-02-19T06:47:44Z</time>
        <speed>1.4746791</speed>
      </trkpt>
      <trkpt lat="29.231628" lon="119.6789636">
        <ele>1018.99</ele>
        <time>2026-02-19T06:47:52Z</time>
        <speed>1.417545</speed>
      </trkpt>
      <trkpt lat="29.231727" lon="119.6790023">
        <ele>1018.31</ele>
        <time>2026-02-19T06:48:00Z</time>
        <speed>1.3496016</speed>
      </trkpt>
      <trkpt lat="29.2318415" lon="119.679037">
        <ele>1018.43</ele>
        <time>2026-02-19T06:48:08Z</time>
        <speed>1.4309278</speed>
      </trkpt>
      <trkpt lat="29.2319468" lon="119.6790782">
        <ele>1018.85</ele>
        <time>2026-02-19T06:48:14Z</time>
        <speed>1.7691003</speed>
      </trkpt>
      <trkpt lat="29.2320449" lon="119.679128">
        <ele>1019.17</ele>
        <time>2026-02-19T06:48:20Z</time>
        <speed>1.9008691</speed>
      </trkpt>
      <trkpt lat="29.2321339" lon="119.6791674">
        <ele>1019.48</ele>
        <time>2026-02-19T06:48:26Z</time>
        <speed>1.8488822</speed>
      </trkpt>
      <trkpt lat="29.232246" lon="119.6792214">
        <ele>1019.58</ele>
        <time>2026-02-19T06:48:32Z</time>
        <speed>2.2889698</speed>
      </trkpt>
      <trkpt lat="29.2323636" lon="119.6792812">
        <ele>1018.38</ele>
        <time>2026-02-19T06:48:38Z</time>
        <speed>2.4814758</speed>
      </trkpt>
      <trkpt lat="29.2324884" lon="119.6793137">
        <ele>1017.49</ele>
        <time>2026-02-19T06:48:44Z</time>
        <speed>2.3630898</speed>
      </trkpt>
      <trkpt lat="29.2325863" lon="119.6793594">
        <ele>1017.79</ele>
        <time>2026-02-19T06:48:48Z</time>
        <speed>2.4227974</speed>
      </trkpt>
      <trkpt lat="29.232671" lon="119.6794198">
        <ele>1018.53</ele>
        <time>2026-02-19T06:48:52Z</time>
        <speed>2.3841934</speed>
      </trkpt>
      <trkpt lat="29.2327507" lon="119.6794767">
        <ele>1019.07</ele>
        <time>2026-02-19T06:48:56Z</time>
        <speed>2.3116176</speed>
      </trkpt>
      <trkpt lat="29.2328474" lon="119.679514">
        <ele>1020.16</ele>
        <time>2026-02-19T06:49:02Z</time>
        <speed>2.1448474</speed>
      </trkpt>
      <trkpt lat="29.2329488" lon="119.6795413">
        <ele>1021.3</ele>
        <time>2026-02-19T06:49:08Z</time>
        <speed>1.9580033</speed>
      </trkpt>
      <trkpt lat="29.2330501" lon="119.6795496">
        <ele>1020.91</ele>
        <time>2026-02-19T06:49:14Z</time>
        <speed>1.7835125</speed>
      </trkpt>
      <trkpt lat="29.2331435" lon="119.6795533">
        <ele>1019.96</ele>
        <time>2026-02-19T06:49:20Z</time>
        <speed>1.6162277</speed>
      </trkpt>
      <trkpt lat="29.2332475" lon="119.6795732">
        <ele>1019.33</ele>
        <time>2026-02-19T06:49:28Z</time>
        <speed>1.682627</speed>
      </trkpt>
      <trkpt lat="29.2333331" lon="119.6796301">
        <ele>1017.94</ele>
        <time>2026-02-19T06:49:36Z</time>
        <speed>1.2837173</speed>
      </trkpt>
      <trkpt lat="29.2334115" lon="119.6796953">
        <ele>1016.2</ele>
        <time>2026-02-19T06:49:42Z</time>
        <speed>1.5482844</speed>
      </trkpt>
      <trkpt lat="29.2334932" lon="119.67977">
        <ele>1014.65</ele>
        <time>2026-02-19T06:49:50Z</time>
        <speed>1.5652703</speed>
      </trkpt>
      <trkpt lat="29.2335718" lon="119.6798416">
        <ele>1012.87</ele>
        <time>2026-02-19T06:49:58Z</time>
        <speed>1.3048208</speed>
      </trkpt>
      <trkpt lat="29.2336483" lon="119.6799069">
        <ele>1011.93</ele>
        <time>2026-02-19T06:50:04Z</time>
        <speed>1.4108536</speed>
      </trkpt>
      <trkpt lat="29.2337294" lon="119.6799807">
        <ele>1010.84</ele>
        <time>2026-02-19T06:50:12Z</time>
        <speed>1.5246072</speed>
      </trkpt>
      <trkpt lat="29.2338011" lon="119.6800713">
        <ele>1010.31</ele>
        <time>2026-02-19T06:50:20Z</time>
        <speed>1.312027</speed>
      </trkpt>
      <trkpt lat="29.2338568" lon="119.680184">
        <ele>1010.56</ele>
        <time>2026-02-19T06:50:28Z</time>
        <speed>1.4685025</speed>
      </trkpt>
      <trkpt lat="29.2338933" lon="119.6803048">
        <ele>1011.05</ele>
        <time>2026-02-19T06:50:36Z</time>
        <speed>1.4216628</speed>
      </trkpt>
      <trkpt lat="29.2339327" lon="119.6804268">
        <ele>1011.72</ele>
        <time>2026-02-19T06:50:46Z</time>
        <speed>1.2893791</speed>
      </trkpt>
      <trkpt lat="29.2338871" lon="119.6805264">
        <ele>1011.93</ele>
        <time>2026-02-19T06:50:56Z</time>
        <speed>1.1699636</speed>
      </trkpt>
      <trkpt lat="29.2338062" lon="119.6805921">
        <ele>1012.26</ele>
        <time>2026-02-19T06:51:04Z</time>
        <speed>1.1689342</speed>
      </trkpt>
      <trkpt lat="29.2337224" lon="119.6806725">
        <ele>1013.95</ele>
        <time>2026-02-19T06:51:12Z</time>
        <speed>1.4983563</speed>
      </trkpt>
      <trkpt lat="29.2336347" lon="119.6807354">
        <ele>1015.87</ele>
        <time>2026-02-19T06:51:20Z</time>
        <speed>1.4144567</speed>
      </trkpt>
      <trkpt lat="29.2335556" lon="119.6808037">
        <ele>1016.96</ele>
        <time>2026-02-19T06:51:26Z</time>
        <speed>1.5570347</speed>
      </trkpt>
      <trkpt lat="29.2334663" lon="119.680855">
        <ele>1017.53</ele>
        <time>2026-02-19T06:51:34Z</time>
        <speed>1.4597522</speed>
      </trkpt>
      <trkpt lat="29.2333748" lon="119.6808842">
        <ele>1018.29</ele>
        <time>2026-02-19T06:51:40Z</time>
        <speed>1.9003544</speed>
      </trkpt>
      <trkpt lat="29.2332783" lon="119.6808976">
        <ele>1018.55</ele>
        <time>2026-02-19T06:51:46Z</time>
        <speed>1.904987</speed>
      </trkpt>
      <trkpt lat="29.2331743" lon="119.6809121">
        <ele>1018.45</ele>
        <time>2026-02-19T06:51:54Z</time>
        <speed>1.9842541</speed>
      </trkpt>
      <trkpt lat="29.233078" lon="119.6809013">
        <ele>1018.25</ele>
        <time>2026-02-19T06:52:02Z</time>
        <speed>1.7340991</speed>
      </trkpt>
      <trkpt lat="29.2329715" lon="119.6808833">
        <ele>1018.57</ele>
        <time>2026-02-19T06:52:10Z</time>
        <speed>1.5930653</speed>
      </trkpt>
      <trkpt lat="29.2328751" lon="119.680891">
        <ele>1018.97</ele>
        <time>2026-02-19T06:52:18Z</time>
        <speed>1.4376192</speed>
      </trkpt>
      <trkpt lat="29.2327677" lon="119.6808943">
        <ele>1019.11</ele>
        <time>2026-02-19T06:52:28Z</time>
        <speed>1.1920967</speed>
      </trkpt>
      <trkpt lat="29.2326662" lon="119.6808816">
        <ele>1019.32</ele>
        <time>2026-02-19T06:52:36Z</time>
        <speed>1.3372483</speed>
      </trkpt>
      <trkpt lat="29.2325722" lon="119.6808729">
        <ele>1019.96</ele>
        <time>2026-02-19T06:52:46Z</time>
        <speed>0.94091225</speed>
      </trkpt>
      <trkpt lat="29.2324747" lon="119.6808553">
        <ele>1021.4</ele>
        <time>2026-02-19T06:52:54Z</time>
        <speed>1.2209212</speed>
      </trkpt>
      <trkpt lat="29.2323804" lon="119.6808246">
        <ele>1022.43</ele>
        <time>2026-02-19T06:53:02Z</time>
        <speed>1.3295275</speed>
      </trkpt>
      <trkpt lat="29.2322785" lon="119.680821">
        <ele>1023.45</ele>
        <time>2026-02-19T06:53:10Z</time>
        <speed>1.2307009</speed>
      </trkpt>
      <trkpt lat="29.2321536" lon="119.6808509">
        <ele>1024.37</ele>
        <time>2026-02-19T06:53:16Z</time>
        <speed>2.0655804</speed>
      </trkpt>
      <trkpt lat="29.2320494" lon="119.6808996">
        <ele>1024.82</ele>
        <time>2026-02-19T06:53:26Z</time>
        <speed>1.2981294</speed>
      </trkpt>
      <trkpt lat="29.2319541" lon="119.6809679">
        <ele>1024.89</ele>
        <time>2026-02-19T06:53:34Z</time>
        <speed>1.4679878</speed>
      </trkpt>
      <trkpt lat="29.2318856" lon="119.6810461">
        <ele>1025.63</ele>
        <time>2026-02-19T06:53:40Z</time>
        <speed>1.5333575</speed>
      </trkpt>
      <trkpt lat="29.2318149" lon="119.6811406">
        <ele>1025.7</ele>
        <time>2026-02-19T06:53:48Z</time>
        <speed>1.5704175</speed>
      </trkpt>
      <trkpt lat="29.2317352" lon="119.6812332">
        <ele>1024.63</ele>
        <time>2026-02-19T06:53:56Z</time>
        <speed>1.580712</speed>
      </trkpt>
      <trkpt lat="29.2316678" lon="119.6813281">
        <ele>1022.33</ele>
        <time>2026-02-19T06:54:04Z</time>
        <speed>1.8169694</speed>
      </trkpt>
      <trkpt lat="29.2316286" lon="119.6814281">
        <ele>1019.74</ele>
        <time>2026-02-19T06:54:10Z</time>
        <speed>1.8046161</speed>
      </trkpt>
      <trkpt lat="29.2316078" lon="119.6815319">
        <ele>1016.75</ele>
        <time>2026-02-19T06:54:18Z</time>
        <speed>1.6831417</speed>
      </trkpt>
      <trkpt lat="29.2315757" lon="119.6816276">
        <ele>1013.46</ele>
        <time>2026-02-19T06:54:34Z</time>
        <speed>0.77465695</speed>
      </trkpt>
      <trkpt lat="29.2315999" lon="119.6815635">
        <ele>1013.44</ele>
        <time>2026-02-19T06:54:42Z</time>
        <speed>1.5359311</speed>
      </trkpt>
      <trkpt lat="29.2316118" lon="119.6814397">
        <ele>1013.46</ele>
        <time>2026-02-19T06:54:50Z</time>
        <speed>1.5143127</speed>
      </trkpt>
      <trkpt lat="29.2316584" lon="119.6813269">
        <ele>1014.34</ele>
        <time>2026-02-19T06:54:56Z</time>
        <speed>1.6810827</speed>
      </trkpt>
      <trkpt lat="29.2317341" lon="119.6812298">
        <ele>1014.71</ele>
        <time>2026-02-19T06:55:02Z</time>
        <speed>2.0928605</speed>
      </trkpt>
      <trkpt lat="29.2317741" lon="119.6811808">
        <ele>1014.23</ele>
        <time>2026-02-19T06:55:20Z</time>
        <speed>0.0</speed>
      </trkpt>
      <trkpt lat="29.2317281" lon="119.6811267">
        <ele>1015.08</ele>
        <time>2026-02-19T06:55:34Z</time>
        <speed>1.3094534</speed>
      </trkpt>
      <trkpt lat="29.2316486" lon="119.6810712">
        <ele>1014.36</ele>
        <time>2026-02-19T06:55:38Z</time>
        <speed>2.251395</speed>
      </trkpt>
      <trkpt lat="29.2315642" lon="119.6811145">
        <ele>1013.69</ele>
        <time>2026-02-19T06:55:46Z</time>
        <speed>1.5585788</speed>
      </trkpt>
      <trkpt lat="29.2314788" lon="119.6812023">
        <ele>1014.6</ele>
        <time>2026-02-19T06:55:54Z</time>
        <speed>1.4031328</speed>
      </trkpt>
      <trkpt lat="29.2314006" lon="119.681302">
        <ele>1015.11</ele>
        <time>2026-02-19T06:56:00Z</time>
        <speed>1.6162277</speed>
      </trkpt>
      <trkpt lat="29.231329" lon="119.6814032">
        <ele>1015.37</ele>
        <time>2026-02-19T06:56:08Z</time>
        <speed>1.5524023</speed>
      </trkpt>
      <trkpt lat="29.2312752" lon="119.6815214">
        <ele>1014.0</ele>
        <time>2026-02-19T06:56:16Z</time>
        <speed>1.521519</speed>
      </trkpt>
      <trkpt lat="29.2312278" lon="119.6816364">
        <ele>1010.95</ele>
        <time>2026-02-19T06:56:24Z</time>
        <speed>1.623434</speed>
      </trkpt>
      <trkpt lat="29.2311879" lon="119.6817508">
        <ele>1008.13</ele>
        <time>2026-02-19T06:56:30Z</time>
        <speed>2.0213141</speed>
      </trkpt>
      <trkpt lat="29.2311561" lon="119.681854">
        <ele>1005.54</ele>
        <time>2026-02-19T06:56:38Z</time>
        <speed>1.6970391</speed>
      </trkpt>
      <trkpt lat="29.2311351" lon="119.6819615">
        <ele>1003.8</ele>
        <time>2026-02-19T06:56:46Z</time>
        <speed>1.3377631</speed>
      </trkpt>
      <trkpt lat="29.2310959" lon="119.6820546">
        <ele>1003.15</ele>
        <time>2026-02-19T06:56:54Z</time>
        <speed>1.3825439</speed>
      </trkpt>
      <trkpt lat="29.2310314" lon="119.6821375">
        <ele>1003.22</ele>
        <time>2026-02-19T06:57:02Z</time>
        <speed>1.5035036</speed>
      </trkpt>
      <trkpt lat="29.2309418" lon="119.6821949">
        <ele>1002.99</ele>
        <time>2026-02-19T06:57:18Z</time>
        <speed>0.93061775</speed>
      </trkpt>
      <trkpt lat="29.2308497" lon="119.6822527">
        <ele>1002.22</ele>
        <time>2026-02-19T06:57:28Z</time>
        <speed>1.2559222</speed>
      </trkpt>
      <trkpt lat="29.2307563" lon="119.682285">
        <ele>1001.05</ele>
        <time>2026-02-19T06:57:36Z</time>
        <speed>1.3681316</speed>
      </trkpt>
      <trkpt lat="29.2306651" lon="119.6822388">
        <ele>1000.0</ele>
        <time>2026-02-19T06:57:44Z</time>
        <speed>1.4005592</speed>
      </trkpt>
      <trkpt lat="29.2305967" lon="119.6821909">
        <ele>998.92</ele>
        <time>2026-02-19T06:58:26Z</time>
        <speed>0.0</speed>
      </trkpt>
      <trkpt lat="29.2306021" lon="119.6822517">
        <ele>998.35</ele>
        <time>2026-02-19T06:58:52Z</time>
        <speed>0.6464911</speed>
      </trkpt>
      <trkpt lat="29.2305356" lon="119.6822837">
        <ele>999.88</ele>
        <time>2026-02-19T06:59:02Z</time>
        <speed>0.90488166</speed>
      </trkpt>
      <trkpt lat="29.2304546" lon="119.6823321">
        <ele>1001.61</ele>
        <time>2026-02-19T06:59:18Z</time>
        <speed>0.64700586</speed>
      </trkpt>
      <trkpt lat="29.2303985" lon="119.6824334">
        <ele>1000.87</ele>
        <time>2026-02-19T06:59:24Z</time>
        <speed>1.4736497</speed>
      </trkpt>
      <trkpt lat="29.2303468" lon="119.6825338">
        <ele>998.95</ele>
        <time>2026-02-19T06:59:32Z</time>
        <speed>1.4422517</speed>
      </trkpt>
      <trkpt lat="29.2302562" lon="119.6825389">
        <ele>996.86</ele>
        <time>2026-02-19T06:59:40Z</time>
        <speed>1.2826878</speed>
      </trkpt>
      <trkpt lat="29.2301558" lon="119.6825262">
        <ele>994.21</ele>
        <time>2026-02-19T06:59:48Z</time>
        <speed>1.2837173</speed>
      </trkpt>
      <trkpt lat="29.2301001" lon="119.6826025">
        <ele>990.94</ele>
        <time>2026-02-19T06:59:58Z</time>
        <speed>1.1627575</speed>
      </trkpt>
      <trkpt lat="29.2300371" lon="119.6826809">
        <ele>987.27</ele>
        <time>2026-02-19T07:00:08Z</time>
        <speed>0.83796775</speed>
      </trkpt>
      <trkpt lat="29.2299661" lon="119.6827542">
        <ele>983.67</ele>
        <time>2026-02-19T07:00:20Z</time>
        <speed>1.0901817</speed>
      </trkpt>
      <trkpt lat="29.2299481" lon="119.6828403">
        <ele>980.28</ele>
        <time>2026-02-19T07:00:36Z</time>
        <speed>0.0</speed>
      </trkpt>
      <trkpt lat="29.2298719" lon="119.6828915">
        <ele>977.58</ele>
        <time>2026-02-19T07:00:56Z</time>
        <speed>1.0819461</speed>
      </trkpt>
      <trkpt lat="29.2298231" lon="119.6828901">
        <ele>977.5</ele>
        <time>2026-02-19T07:01:10Z</time>
        <speed>0.0</speed>
      </trkpt>
      <trkpt lat="29.22992" lon="119.68284">
        <ele>976.56</ele>
        <time>2026-02-19T07:02:30Z</time>
        <speed>0.8786308</speed>
      </trkpt>
      <trkpt lat="29.22997" lon="119.6827417">
        <ele>972.83</ele>
        <time>2026-02-19T07:02:48Z</time>
        <speed>0.9887814</speed>
      </trkpt>
      <trkpt lat="29.230044" lon="119.6826687">
        <ele>971.23</ele>
        <time>2026-02-19T07:03:04Z</time>
        <speed>0.68766886</speed>
      </trkpt>
      <trkpt lat="29.2300785" lon="119.6825655">
        <ele>972.51</ele>
        <time>2026-02-19T07:03:16Z</time>
        <speed>0.8168642</speed>
      </trkpt>
      <trkpt lat="29.2301509" lon="119.6825885">
        <ele>974.65</ele>
        <time>2026-02-19T07:03:34Z</time>
        <speed>0.99032557</speed>
      </trkpt>
      <trkpt lat="29.230184" lon="119.6826873">
        <ele>977.56</ele>
        <time>2026-02-19T07:03:52Z</time>
        <speed>0.7067136</speed>
      </trkpt>
      <trkpt lat="29.2302379" lon="119.6827895">
        <ele>981.15</ele>
        <time>2026-02-19T07:04:04Z</time>
        <speed>0.83385</speed>
      </trkpt>
      <trkpt lat="29.2303172" lon="119.6827838">
        <ele>983.41</ele>
        <time>2026-02-19T07:04:26Z</time>
        <speed>0.59244525</speed>
      </trkpt>
      <trkpt lat="29.2304041" lon="119.6827433">
        <ele>986.67</ele>
        <time>2026-02-19T07:04:40Z</time>
        <speed>0.6413439</speed>
      </trkpt>
      <trkpt lat="29.2304885" lon="119.6826887">
        <ele>989.05</ele>
        <time>2026-02-19T07:05:02Z</time>
        <speed>0.5445761</speed>
      </trkpt>
      <trkpt lat="29.2305231" lon="119.6825865">
        <ele>991.78</ele>
        <time>2026-02-19T07:05:24Z</time>
        <speed>0.48280945</speed>
      </trkpt>
      <trkpt lat="29.2305991" lon="119.6825736">
        <ele>992.91</ele>
        <time>2026-02-19T07:05:48Z</time>
        <speed>0.49053028</speed>
      </trkpt>
      <trkpt lat="29.2306877" lon="119.6825737">
        <ele>993.29</ele>
        <time>2026-02-19T07:06:04Z</time>
        <speed>0.72369945</speed>
      </trkpt>
      <trkpt lat="29.230785" lon="119.6825645">
        <ele>994.03</ele>
        <time>2026-02-19T07:06:20Z</time>
        <speed>0.5903864</speed>
      </trkpt>
      <trkpt lat="29.2308804" lon="119.6825811">
        <ele>995.0</ele>
        <time>2026-02-19T07:06:38Z</time>
        <speed>0.5718564</speed>
      </trkpt>
      <trkpt lat="29.230969" lon="119.6826215">
        <ele>997.28</ele>
        <time>2026-02-19T07:06:56Z</time>
        <speed>0.64288807</speed>
      </trkpt>
      <trkpt lat="29.2310509" lon="119.6826764">
        <ele>999.23</ele>
        <time>2026-02-19T07:07:08Z</time>
        <speed>1.2204064</speed>
      </trkpt>
      <trkpt lat="29.2310954" lon="119.6827018">
        <ele>1000.72</ele>
        <time>2026-02-19T07:07:28Z</time>
        <speed>0.0</speed>
      </trkpt>
      <trkpt lat="29.2311642" lon="119.682668">
        <ele>1002.0</ele>
        <time>2026-02-19T07:07:56Z</time>
        <speed>0.4493525</speed>
      </trkpt>
      <trkpt lat="29.231243" lon="119.6826997">
        <ele>1003.12</ele>
        <time>2026-02-19T07:08:14Z</time>
        <speed>0.46376473</speed>
      </trkpt>
      <trkpt lat="29.2313352" lon="119.6827037">
        <ele>1004.01</ele>
        <time>2026-02-19T07:08:30Z</time>
        <speed>0.5512675</speed>
      </trkpt>
      <trkpt lat="29.2313717" lon="119.6827885">
        <ele>1005.69</ele>
        <time>2026-02-19T07:08:46Z</time>
        <speed>0.7525239</speed>
      </trkpt>
      <trkpt lat="29.2313517" lon="119.6829085">
        <ele>1007.63</ele>
        <time>2026-02-19T07:08:56Z</time>
        <speed>1.0778283</speed>
      </trkpt>
      <trkpt lat="29.2313135" lon="119.683031">
        <ele>1008.48</ele>
        <time>2026-02-19T07:09:04Z</time>
        <speed>1.2718786</speed>
      </trkpt>
      <trkpt lat="29.2312869" lon="119.6831603">
        <ele>1008.49</ele>
        <time>2026-02-19T07:09:12Z</time>
        <speed>1.5040183</speed>
      </trkpt>
      <trkpt lat="29.2312766" lon="119.6832835">
        <ele>1007.89</ele>
        <time>2026-02-19T07:09:20Z</time>
        <speed>1.4226922</speed>
      </trkpt>
      <trkpt lat="29.2312746" lon="119.6833967">
        <ele>1006.99</ele>
        <time>2026-02-19T07:09:28Z</time>
        <speed>1.065475</speed>
      </trkpt>
      <trkpt lat="29.231273" lon="119.6835019">
        <ele>1006.01</ele>
        <time>2026-02-19T07:09:34Z</time>
        <speed>1.1504042</speed>
      </trkpt>
      <trkpt lat="29.2312758" lon="119.6836107">
        <ele>1005.4</ele>
        <time>2026-02-19T07:09:44Z</time>
        <speed>0.88583696</speed>
      </trkpt>
      <trkpt lat="29.2312511" lon="119.6837189">
        <ele>1004.5</ele>
        <time>2026-02-19T07:09:54Z</time>
        <speed>0.88944</speed>
      </trkpt>
      <trkpt lat="29.2312347" lon="119.6838282">
        <ele>1004.03</ele>
        <time>2026-02-19T07:10:04Z</time>
        <speed>0.7859808</speed>
      </trkpt>
      <trkpt lat="29.2312389" lon="119.6839456">
        <ele>1003.8</ele>
        <time>2026-02-19T07:10:14Z</time>
        <speed>1.0438566</speed>
      </trkpt>
      <trkpt lat="29.2312346" lon="119.6840572">
        <ele>1004.49</ele>
        <time>2026-02-19T07:10:22Z</time>
        <speed>1.0428272</speed>
      </trkpt>
      <trkpt lat="29.2312399" lon="119.6841724">
        <ele>1005.31</ele>
        <time>2026-02-19T07:10:32Z</time>
        <speed>1.3789408</speed>
      </trkpt>
      <trkpt lat="29.2312437" lon="119.6843028">
        <ele>1005.22</ele>
        <time>2026-02-19T07:10:42Z</time>
        <speed>1.2348186</speed>
      </trkpt>
      <trkpt lat="29.2312338" lon="119.6844311">
        <ele>1004.82</ele>
        <time>2026-02-19T07:10:52Z</time>
        <speed>1.2595253</speed>
      </trkpt>
      <trkpt lat="29.23123" lon="119.6845414">
        <ele>1004.77</ele>
        <time>2026-02-19T07:11:00Z</time>
        <speed>1.2842319</speed>
      </trkpt>
      <trkpt lat="29.2312654" lon="119.6846373">
        <ele>1003.36</ele>
        <time>2026-02-19T07:11:06Z</time>
        <speed>1.4422517</speed>
      </trkpt>
      <trkpt lat="29.2313301" lon="119.6847249">
        <ele>1001.19</ele>
        <time>2026-02-19T07:11:12Z</time>
        <speed>1.57505</speed>
      </trkpt>
      <trkpt lat="29.2314046" lon="119.6848145">
        <ele>998.18</ele>
        <time>2026-02-19T07:11:18Z</time>
        <speed>1.46387</speed>
      </trkpt>
      <trkpt lat="29.23148" lon="119.6848884">
        <ele>994.36</ele>
        <time>2026-02-19T07:11:24Z</time>
        <speed>1.448943</speed>
      </trkpt>
      <trkpt lat="29.2315474" lon="119.6849783">
        <ele>991.32</ele>
        <time>2026-02-19T07:11:32Z</time>
        <speed>1.513798</speed>
      </trkpt>
      <trkpt lat="29.2315695" lon="119.6850951">
        <ele>989.59</ele>
        <time>2026-02-19T07:11:40Z</time>
        <speed>1.4571786</speed>
      </trkpt>
      <trkpt lat="29.2315586" lon="119.6852191">
        <ele>989.12</ele>
        <time>2026-02-19T07:11:48Z</time>
        <speed>1.4803411</speed>
      </trkpt>
      <trkpt lat="29.2315406" lon="119.6853302">
        <ele>990.4</ele>
        <time>2026-02-19T07:11:56Z</time>
        <speed>1.4309278</speed>
      </trkpt>
      <trkpt lat="29.2315243" lon="119.6854542">
        <ele>992.42</ele>
        <time>2026-02-19T07:12:04Z</time>
        <speed>1.4170303</speed>
      </trkpt>
      <trkpt lat="29.2314881" lon="119.6855779">
        <ele>993.62</ele>
        <time>2026-02-19T07:12:12Z</time>
        <speed>1.5338722</speed>
      </trkpt>
      <trkpt lat="29.2314556" lon="119.685692">
        <ele>994.04</ele>
        <time>2026-02-19T07:12:18Z</time>
        <speed>1.7665267</speed>
      </trkpt>
      <trkpt lat="29.2314261" lon="119.6857961">
        <ele>994.8</ele>
        <time>2026-02-19T07:12:24Z</time>
        <speed>1.8504264</speed>
      </trkpt>
      <trkpt lat="29.2313996" lon="119.6859031">
        <ele>995.06</ele>
        <time>2026-02-19T07:12:32Z</time>
        <speed>1.380485</speed>
      </trkpt>
      <trkpt lat="29.2314007" lon="119.6860093">
        <ele>994.86</ele>
        <time>2026-02-19T07:12:38Z</time>
        <speed>1.2276125</speed>
      </trkpt>
      <trkpt lat="29.2314192" lon="119.6861381">
        <ele>994.66</ele>
        <time>2026-02-19T07:12:46Z</time>
        <speed>1.3789408</speed>
      </trkpt>
      <trkpt lat="29.2314552" lon="119.6862452">
        <ele>994.21</ele>
        <time>2026-02-19T07:12:52Z</time>
        <speed>1.5652703</speed>
      </trkpt>
      <trkpt lat="29.231492" lon="119.6863457">
        <ele>993.13</ele>
        <time>2026-02-19T07:13:00Z</time>
        <speed>1.3218067</speed>
      </trkpt>
      <trkpt lat="29.2315735" lon="119.6863906">
        <ele>990.75</ele>
        <time>2026-02-19T07:13:22Z</time>
        <speed>0.9676778</speed>
      </trkpt>
      <trkpt lat="29.2316703" lon="119.6864408">
        <ele>987.93</ele>
        <time>2026-02-19T07:13:32Z</time>
        <speed>1.3459986</speed>
      </trkpt>
      <trkpt lat="29.2317471" lon="119.6865352">
        <ele>984.61</ele>
        <time>2026-02-19T07:13:36Z</time>
        <speed>2.13095</speed>
      </trkpt>
      <trkpt lat="29.2317967" lon="119.6866385">
        <ele>981.98</ele>
        <time>2026-02-19T07:13:40Z</time>
        <speed>2.5010352</speed>
      </trkpt>
      <trkpt lat="29.2318199" lon="119.6867485">
        <ele>980.01</ele>
        <time>2026-02-19T07:13:48Z</time>
        <speed>1.2795994</speed>
      </trkpt>
      <trkpt lat="29.2318423" lon="119.6868608">
        <ele>976.65</ele>
        <time>2026-02-19T07:14:12Z</time>
        <speed>0.7314203</speed>
      </trkpt>
      <trkpt lat="29.2318666" lon="119.6869753">
        <ele>972.2</ele>
        <time>2026-02-19T07:14:22Z</time>
        <speed>0.7252436</speed>
      </trkpt>
      <trkpt lat="29.231909" lon="119.6870825">
        <ele>970.18</ele>
        <time>2026-02-19T07:14:30Z</time>
        <speed>0.79987836</speed>
      </trkpt>
      <trkpt lat="29.2320075" lon="119.687194">
        <ele>968.51</ele>
        <time>2026-02-19T07:14:36Z</time>
        <speed>1.4525461</speed>
      </trkpt>
      <trkpt lat="29.2320857" lon="119.6873047">
        <ele>966.83</ele>
        <time>2026-02-19T07:14:40Z</time>
        <speed>2.1144788</speed>
      </trkpt>
      <trkpt lat="29.2321492" lon="119.6874087">
        <ele>965.22</ele>
        <time>2026-02-19T07:14:44Z</time>
        <speed>2.3841934</speed>
      </trkpt>
      <trkpt lat="29.2322092" lon="119.6875002">
        <ele>963.45</ele>
        <time>2026-02-19T07:14:48Z</time>
        <speed>2.2102172</speed>
      </trkpt>
      <trkpt lat="29.2322595" lon="119.6876025">
        <ele>961.79</ele>
        <time>2026-02-19T07:14:54Z</time>
        <speed>1.7809389</speed>
      </trkpt>
      <trkpt lat="29.232323" lon="119.6876834">
        <ele>960.64</ele>
        <time>2026-02-19T07:15:00Z</time>
        <speed>1.4201186</speed>
      </trkpt>
      <trkpt lat="29.2324147" lon="119.6877574">
        <ele>958.99</ele>
        <time>2026-02-19T07:15:08Z</time>
        <speed>1.4808558</speed>
      </trkpt>
      <trkpt lat="29.23251" lon="119.6878101">
        <ele>956.8</ele>
        <time>2026-02-19T07:15:16Z</time>
        <speed>1.217318</speed>
      </trkpt>
      <trkpt lat="29.2325435" lon="119.6878034">
        <ele>955.77</ele>
        <time>2026-02-19T07:15:26Z</time>
        <speed>0.0</speed>
      </trkpt>
      <trkpt lat="29.232586" lon="119.6878618">
        <ele>954.53</ele>
        <time>2026-02-19T07:15:38Z</time>
        <speed>0.7092872</speed>
      </trkpt>
      <trkpt lat="29.2326333" lon="119.6879455">
        <ele>954.43</ele>
        <time>2026-02-19T07:15:50Z</time>
        <speed>0.7499503</speed>
      </trkpt>
      <trkpt lat="29.2325944" lon="119.6879108">
        <ele>954.2</ele>
        <time>2026-02-19T07:16:12Z</time>
        <speed>0.70722836</speed>
      </trkpt>
      <trkpt lat="29.232523" lon="119.6878368">
        <ele>953.69</ele>
        <time>2026-02-19T07:16:20Z</time>
        <speed>1.0726811</speed>
      </trkpt>
      <trkpt lat="29.2324396" lon="119.6877515">
        <ele>953.91</ele>
        <time>2026-02-19T07:16:30Z</time>
        <speed>0.8786308</speed>
      </trkpt>
      <trkpt lat="29.2323487" lon="119.6876882">
        <ele>955.24</ele>
        <time>2026-02-19T07:16:40Z</time>
        <speed>0.85649776</speed>
      </trkpt>
      <trkpt lat="29.232253" lon="119.68762">
        <ele>956.21</ele>
        <time>2026-02-19T07:16:52Z</time>
        <speed>0.8312764</speed>
      </trkpt>
      <trkpt lat="29.2322088" lon="119.687677">
        <ele>957.41</ele>
        <time>2026-02-19T07:17:12Z</time>
        <speed>0.6624475</speed>
      </trkpt>
      <trkpt lat="29.2321611" lon="119.687769">
        <ele>960.72</ele>
        <time>2026-02-19T07:17:26Z</time>
        <speed>0.60582805</speed>
      </trkpt>
      <trkpt lat="29.2320622" lon="119.6878285">
        <ele>964.75</ele>
        <time>2026-02-19T07:18:18Z</time>
        <speed>0.23111027</speed>
      </trkpt>
      <trkpt lat="29.2319539" lon="119.6878142">
        <ele>969.55</ele>
        <time>2026-02-19T07:18:44Z</time>
        <speed>0.32633388</speed>
      </trkpt>
      <trkpt lat="29.2318669" lon="119.6877545">
        <ele>973.01</ele>
        <time>2026-02-19T07:19:12Z</time>
        <speed>0.3052303</speed>
      </trkpt>
      <trkpt lat="29.231827" lon="119.6878218">
        <ele>976.41</ele>
        <time>2026-02-19T07:19:26Z</time>
        <speed>0.7762011</speed>
      </trkpt>
      <trkpt lat="29.2317978" lon="119.6879324">
        <ele>978.12</ele>
        <time>2026-02-19T07:19:34Z</time>
        <speed>1.1874641</speed>
      </trkpt>
      <trkpt lat="29.2317385" lon="119.6880316">
        <ele>978.41</ele>
        <time>2026-02-19T07:19:44Z</time>
        <speed>1.5081362</speed>
      </trkpt>
      <trkpt lat="29.2316912" lon="119.6881318">
        <ele>974.41</ele>
        <time>2026-02-19T07:19:54Z</time>
        <speed>1.14886</speed>
      </trkpt>
      <trkpt lat="29.2316752" lon="119.6882579">
        <ele>969.46</ele>
        <time>2026-02-19T07:20:06Z</time>
        <speed>0.6557561</speed>
      </trkpt>
      <trkpt lat="29.2316439" lon="119.6883712">
        <ele>965.86</ele>
        <time>2026-02-19T07:20:12Z</time>
        <speed>1.4422517</speed>
      </trkpt>
      <trkpt lat="29.2315952" lon="119.6884702">
        <ele>963.77</ele>
        <time>2026-02-19T07:20:18Z</time>
        <speed>1.8571178</speed>
      </trkpt>
      <trkpt lat="29.2315324" lon="119.6885512">
        <ele>962.92</ele>
        <time>2026-02-19T07:20:26Z</time>
        <speed>1.4885767</speed>
      </trkpt>
      <trkpt lat="29.2314553" lon="119.6886212">
        <ele>963.13</ele>
        <time>2026-02-19T07:20:32Z</time>
        <speed>1.4494578</speed>
      </trkpt>
      <trkpt lat="29.231393" lon="119.6887222">
        <ele>963.8</ele>
        <time>2026-02-19T07:20:40Z</time>
        <speed>1.5539464</speed>
      </trkpt>
      <trkpt lat="29.2313814" lon="119.6888422">
        <ele>964.19</ele>
        <time>2026-02-19T07:20:46Z</time>
        <speed>1.6054186</speed>
      </trkpt>
      <trkpt lat="29.2313845" lon="119.6889743">
        <ele>964.5</ele>
        <time>2026-02-19T07:20:54Z</time>
        <speed>1.708363</speed>
      </trkpt>
      <trkpt lat="29.2313588" lon="119.689108">
        <ele>964.63</ele>
        <time>2026-02-19T07:21:02Z</time>
        <speed>1.6815975</speed>
      </trkpt>
      <trkpt lat="29.2313191" lon="119.689217">
        <ele>964.36</ele>
        <time>2026-02-19T07:21:12Z</time>
        <speed>1.2065089</speed>
      </trkpt>
      <trkpt lat="29.2312596" lon="119.6893124">
        <ele>962.74</ele>
        <time>2026-02-19T07:21:20Z</time>
        <speed>1.2389364</speed>
      </trkpt>
      <trkpt lat="29.2311838" lon="119.689376">
        <ele>962.68</ele>
        <time>2026-02-19T07:21:26Z</time>
        <speed>1.4607817</speed>
      </trkpt>
      <trkpt lat="29.2310999" lon="119.6894382">
        <ele>963.55</ele>
        <time>2026-02-19T07:21:32Z</time>
        <speed>1.5858592</speed>
      </trkpt>
      <trkpt lat="29.2310311" lon="119.6895083">
        <ele>964.39</ele>
        <time>2026-02-19T07:21:38Z</time>
        <speed>1.5740205</speed>
      </trkpt>
      <trkpt lat="29.2309891" lon="119.6896066">
        <ele>964.14</ele>
        <time>2026-02-19T07:21:46Z</time>
        <speed>1.3959267</speed>
      </trkpt>
      <trkpt lat="29.2309807" lon="119.6897292">
        <ele>963.09</ele>
        <time>2026-02-19T07:21:54Z</time>
        <speed>1.3393072</speed>
      </trkpt>
      <trkpt lat="29.2309717" lon="119.689853">
        <ele>961.76</ele>
        <time>2026-02-19T07:22:02Z</time>
        <speed>1.3459986</speed>
      </trkpt>
      <trkpt lat="29.2309486" lon="119.6899614">
        <ele>960.44</ele>
        <time>2026-02-19T07:22:10Z</time>
        <speed>1.2837173</speed>
      </trkpt>
      <trkpt lat="29.2308814" lon="119.6900605">
        <ele>959.35</ele>
        <time>2026-02-19T07:22:18Z</time>
        <speed>1.4293836</speed>
      </trkpt>
      <trkpt lat="29.2307981" lon="119.6901401">
        <ele>958.17</ele>
        <time>2026-02-19T07:22:26Z</time>
        <speed>1.5282103</speed>
      </trkpt>
      <trkpt lat="29.2307315" lon="119.690177">
        <ele>957.49</ele>
        <time>2026-02-19T07:22:42Z</time>
        <speed>0.0</speed>
      </trkpt>
      <trkpt lat="29.2306383" lon="119.6901033">
        <ele>956.38</ele>
        <time>2026-02-19T07:23:52Z</time>
        <speed>0.92083806</speed>
      </trkpt>
      <trkpt lat="29.23055" lon="119.6900617">
        <ele>958.37</ele>
        <time>2026-02-19T07:23:58Z</time>
        <speed>1.2332745</speed>
      </trkpt>
      <trkpt lat="29.2304504" lon="119.6900101">
        <ele>959.76</ele>
        <time>2026-02-19T07:24:06Z</time>
        <speed>1.46387</speed>
      </trkpt>
      <trkpt lat="29.2303796" lon="119.6899375">
        <ele>962.53</ele>
        <time>2026-02-19T07:24:14Z</time>
        <speed>1.3182036</speed>
      </trkpt>
      <trkpt lat="29.2303028" lon="119.6898759">
        <ele>966.86</ele>
        <time>2026-02-19T07:24:22Z</time>
        <speed>1.228642</speed>
      </trkpt>
      <trkpt lat="29.2302594" lon="119.6898665">
        <ele>971.44</ele>
        <time>2026-02-19T07:24:34Z</time>
        <speed>0.0</speed>
      </trkpt>
      <trkpt lat="29.2302404" lon="119.6897812">
        <ele>974.69</ele>
        <time>2026-02-19T07:24:46Z</time>
        <speed>0.7731128</speed>
      </trkpt>
      <trkpt lat="29.2302108" lon="119.6896779">
        <ele>976.85</ele>
        <time>2026-02-19T07:24:52Z</time>
        <speed>1.4283541</speed>
      </trkpt>
      <trkpt lat="29.2301673" lon="119.6895682">
        <ele>978.07</ele>
        <time>2026-02-19T07:25:28Z</time>
        <speed>0.87811613</speed>
      </trkpt>
      <trkpt lat="29.2301344" lon="119.6894473">
        <ele>982.04</ele>
        <time>2026-02-19T07:25:34Z</time>
        <speed>1.6985834</speed>
      </trkpt>
      <trkpt lat="29.2301458" lon="119.689389">
        <ele>983.1</ele>
        <time>2026-02-19T07:25:50Z</time>
        <speed>0.0</speed>
      </trkpt>
      <trkpt lat="29.23018" lon="119.6895083">
        <ele>982.15</ele>
        <time>2026-02-19T07:31:20Z</time>
        <speed>0.9769428</speed>
      </trkpt>
      <trkpt lat="29.2302467" lon="119.689605">
        <ele>982.73</ele>
        <time>2026-02-19T07:31:50Z</time>
        <speed>0.28361195</speed>
      </trkpt>
      <trkpt lat="29.2302612" lon="119.6897115">
        <ele>983.58</ele>
        <time>2026-02-19T07:32:02Z</time>
        <speed>0.7298761</speed>
      </trkpt>
      <trkpt lat="29.2302651" lon="119.689825">
        <ele>983.63</ele>
        <time>2026-02-19T07:32:08Z</time>
        <speed>1.282173</speed>
      </trkpt>
      <trkpt lat="29.2303094" lon="119.6898955">
        <ele>983.45</ele>
        <time>2026-02-19T07:32:22Z</time>
        <speed>0.0</speed>
      </trkpt>
      <trkpt lat="29.2303167" lon="119.6898263">
        <ele>983.25</ele>
        <time>2026-02-19T07:33:12Z</time>
        <speed>1.1519483</speed>
      </trkpt>
      <trkpt lat="29.2303306" lon="119.6897041">
        <ele>981.85</ele>
        <time>2026-02-19T07:33:22Z</time>
        <speed>1.1797433</speed>
      </trkpt>
      <trkpt lat="29.230337" lon="119.6895724">
        <ele>982.43</ele>
        <time>2026-02-19T07:33:32Z</time>
        <speed>1.0242972</speed>
      </trkpt>
      <trkpt lat="29.2303561" lon="119.6894511">
        <ele>984.91</ele>
        <time>2026-02-19T07:34:00Z</time>
        <speed>0.43494028</speed>
      </trkpt>
      <trkpt lat="29.2303754" lon="119.6893381">
        <ele>989.81</ele>
        <time>2026-02-19T07:34:16Z</time>
        <speed>0.5945042</speed>
      </trkpt>
      <trkpt lat="29.2304007" lon="119.6892313">
        <ele>993.68</ele>
        <time>2026-02-19T07:34:32Z</time>
        <speed>0.6573003</speed>
      </trkpt>
      <trkpt lat="29.2303979" lon="119.6891222">
        <ele>997.09</ele>
        <time>2026-02-19T07:34:54Z</time>
        <speed>0.63002</speed>
      </trkpt>
      <trkpt lat="29.2304032" lon="119.689006">
        <ele>1000.58</ele>
        <time>2026-02-19T07:35:08Z</time>
        <speed>0.7952458</speed>
      </trkpt>
      <trkpt lat="29.2304152" lon="119.6888822">
        <ele>1003.81</ele>
        <time>2026-02-19T07:35:20Z</time>
        <speed>0.88841057</speed>
      </trkpt>
      <trkpt lat="29.2304488" lon="119.6887662">
        <ele>1006.17</ele>
        <time>2026-02-19T07:35:30Z</time>
        <speed>1.0644456</speed>
      </trkpt>
      <trkpt lat="29.2304812" lon="119.6886611">
        <ele>1006.66</ele>
        <time>2026-02-19T07:35:40Z</time>
        <speed>0.70722836</speed>
      </trkpt>
      <trkpt lat="29.2305194" lon="119.68856">
        <ele>1007.32</ele>
        <time>2026-02-19T07:35:46Z</time>
        <speed>1.4345309</speed>
      </trkpt>
      <trkpt lat="29.2305754" lon="119.6884546">
        <ele>1007.48</ele>
        <time>2026-02-19T07:35:56Z</time>
        <speed>0.9836342</speed>
      </trkpt>
      <trkpt lat="29.2306121" lon="119.6883334">
        <ele>1007.84</ele>
        <time>2026-02-19T07:36:04Z</time>
        <speed>1.1812875</speed>
      </trkpt>
      <trkpt lat="29.2306506" lon="119.6882188">
        <ele>1009.11</ele>
        <time>2026-02-19T07:36:14Z</time>
        <speed>1.2708491</speed>
      </trkpt>
      <trkpt lat="29.2306699" lon="119.6881063">
        <ele>1011.3</ele>
        <time>2026-02-19T07:36:24Z</time>
        <speed>1.0675339</speed>
      </trkpt>
      <trkpt lat="29.23071" lon="119.6879933">
        <ele>1014.1</ele>
        <time>2026-02-19T07:36:34Z</time>
        <speed>1.3403367</speed>
      </trkpt>
      <trkpt lat="29.2307474" lon="119.687885">
        <ele>1016.55</ele>
        <time>2026-02-19T07:36:42Z</time>
        <speed>1.4226922</speed>
      </trkpt>
      <trkpt lat="29.2307859" lon="119.6877886">
        <ele>1017.56</ele>
        <time>2026-02-19T07:36:50Z</time>
        <speed>1.3135711</speed>
      </trkpt>
      <trkpt lat="29.230817" lon="119.6876861">
        <ele>1018.57</ele>
        <time>2026-02-19T07:36:58Z</time>
        <speed>1.6290958</speed>
      </trkpt>
      <trkpt lat="29.2308541" lon="119.687587">
        <ele>1017.29</ele>
        <time>2026-02-19T07:37:10Z</time>
        <speed>1.3068798</speed>
      </trkpt>
      <trkpt lat="29.2308761" lon="119.6874789">
        <ele>1014.5</ele>
        <time>2026-02-19T07:37:20Z</time>
        <speed>1.2147444</speed>
      </trkpt>
      <trkpt lat="29.2309026" lon="119.6873711">
        <ele>1013.68</ele>
        <time>2026-02-19T07:37:30Z</time>
        <speed>1.0237825</speed>
      </trkpt>
      <trkpt lat="29.2309051" lon="119.6872638">
        <ele>1014.98</ele>
        <time>2026-02-19T07:37:38Z</time>
        <speed>1.2343038</speed>
      </trkpt>
      <trkpt lat="29.2309203" lon="119.6871605">
        <ele>1016.88</ele>
        <time>2026-02-19T07:37:44Z</time>
        <speed>1.38975</speed>
      </trkpt>
      <trkpt lat="29.2309803" lon="119.6870676">
        <ele>1018.65</ele>
        <time>2026-02-19T07:37:52Z</time>
        <speed>1.3825439</speed>
      </trkpt>
      <trkpt lat="29.2310442" lon="119.6869846">
        <ele>1019.49</ele>
        <time>2026-02-19T07:38:02Z</time>
        <speed>0.9661336</speed>
      </trkpt>
      <trkpt lat="29.2310909" lon="119.6868945">
        <ele>1019.37</ele>
        <time>2026-02-19T07:38:14Z</time>
        <speed>0.8549536</speed>
      </trkpt>
      <trkpt lat="29.2311498" lon="119.6867909">
        <ele>1018.61</ele>
        <time>2026-02-19T07:38:26Z</time>
        <speed>0.7247289</speed>
      </trkpt>
      <trkpt lat="29.2312208" lon="119.6866935">
        <ele>1016.75</ele>
        <time>2026-02-19T07:38:34Z</time>
        <speed>1.2708491</speed>
      </trkpt>
      <trkpt lat="29.2312668" lon="119.6865941">
        <ele>1013.76</ele>
        <time>2026-02-19T07:38:44Z</time>
        <speed>1.4160008</speed>
      </trkpt>
      <trkpt lat="29.2312739" lon="119.6864702">
        <ele>1010.08</ele>
        <time>2026-02-19T07:38:54Z</time>
        <speed>1.349087</speed>
      </trkpt>
      <trkpt lat="29.2312965" lon="119.6863262">
        <ele>1005.57</ele>
        <time>2026-02-19T07:39:00Z</time>
        <speed>1.9981517</speed>
      </trkpt>
      <trkpt lat="29.2313173" lon="119.6862038">
        <ele>1000.94</ele>
        <time>2026-02-19T07:39:06Z</time>
        <speed>2.1654365</speed>
      </trkpt>
      <trkpt lat="29.231358" lon="119.6861024">
        <ele>996.88</ele>
        <time>2026-02-19T07:39:12Z</time>
        <speed>1.6625528</speed>
      </trkpt>
      <trkpt lat="29.2313938" lon="119.6859947">
        <ele>993.58</ele>
        <time>2026-02-19T07:39:24Z</time>
        <speed>1.0680486</speed>
      </trkpt>
      <trkpt lat="29.2313993" lon="119.6858772">
        <ele>989.63</ele>
        <time>2026-02-19T07:39:30Z</time>
        <speed>1.7809389</speed>
      </trkpt>
      <trkpt lat="29.2313937" lon="119.6857558">
        <ele>987.04</ele>
        <time>2026-02-19T07:39:36Z</time>
        <speed>1.8509411</speed>
      </trkpt>
      <trkpt lat="29.2314243" lon="119.6856521">
        <ele>985.56</ele>
        <time>2026-02-19T07:39:42Z</time>
        <speed>1.7588059</speed>
      </trkpt>
      <trkpt lat="29.2314382" lon="119.6855478">
        <ele>984.93</ele>
        <time>2026-02-19T07:39:48Z</time>
        <speed>1.6115953</speed>
      </trkpt>
      <trkpt lat="29.2314775" lon="119.6854487">
        <ele>985.48</ele>
        <time>2026-02-19T07:39:56Z</time>
        <speed>1.1756256</speed>
      </trkpt>
      <trkpt lat="29.2315162" lon="119.685335">
        <ele>987.9</ele>
        <time>2026-02-19T07:40:10Z</time>
        <speed>0.97333974</speed>
      </trkpt>
      <trkpt lat="29.2315221" lon="119.6852053">
        <ele>989.66</ele>
        <time>2026-02-19T07:40:18Z</time>
        <speed>1.3743083</speed>
      </trkpt>
      <trkpt lat="29.2315305" lon="119.6850855">
        <ele>991.36</ele>
        <time>2026-02-19T07:40:24Z</time>
        <speed>1.5276955</speed>
      </trkpt>
      <trkpt lat="29.2315288" lon="119.6849628">
        <ele>993.4</ele>
        <time>2026-02-19T07:40:32Z</time>
        <speed>1.6182866</speed>
      </trkpt>
      <trkpt lat="29.23147" lon="119.6848668">
        <ele>995.76</ele>
        <time>2026-02-19T07:40:40Z</time>
        <speed>1.534387</speed>
      </trkpt>
      <trkpt lat="29.2314127" lon="119.6847795">
        <ele>997.76</ele>
        <time>2026-02-19T07:40:46Z</time>
        <speed>1.7088778</speed>
      </trkpt>
      <trkpt lat="29.2313457" lon="119.6846964">
        <ele>998.64</ele>
        <time>2026-02-19T07:40:54Z</time>
        <speed>1.6733619</speed>
      </trkpt>
      <trkpt lat="29.2312871" lon="119.68459">
        <ele>999.44</ele>
        <time>2026-02-19T07:41:02Z</time>
        <speed>1.6126248</speed>
      </trkpt>
      <trkpt lat="29.2312429" lon="119.6844841">
        <ele>1001.1</ele>
        <time>2026-02-19T07:41:08Z</time>
        <speed>1.8349848</speed>
      </trkpt>
      <trkpt lat="29.231217" lon="119.6843693">
        <ele>1001.44</ele>
        <time>2026-02-19T07:41:16Z</time>
        <speed>1.0906963</speed>
      </trkpt>
      <trkpt lat="29.2312234" lon="119.6842603">
        <ele>1001.12</ele>
        <time>2026-02-19T07:41:22Z</time>
        <speed>1.3423955</speed>
      </trkpt>
      <trkpt lat="29.2312265" lon="119.6841492">
        <ele>1001.76</ele>
        <time>2026-02-19T07:41:30Z</time>
        <speed>1.380485</speed>
      </trkpt>
      <trkpt lat="29.2312259" lon="119.6840286">
        <ele>1002.85</ele>
        <time>2026-02-19T07:41:38Z</time>
        <speed>1.4309278</speed>
      </trkpt>
      <trkpt lat="29.2312316" lon="119.6838984">
        <ele>1004.12</ele>
        <time>2026-02-19T07:41:46Z</time>
        <speed>1.4623258</speed>
      </trkpt>
      <trkpt lat="29.2312418" lon="119.6837741">
        <ele>1005.53</ele>
        <time>2026-02-19T07:41:58Z</time>
        <speed>0.78443664</speed>
      </trkpt>
      <trkpt lat="29.2312417" lon="119.6836502">
        <ele>1008.01</ele>
        <time>2026-02-19T07:42:06Z</time>
        <speed>0.954295</speed>
      </trkpt>
      <trkpt lat="29.2312561" lon="119.6835317">
        <ele>1010.42</ele>
        <time>2026-02-19T07:42:14Z</time>
        <speed>0.9239264</speed>
      </trkpt>
      <trkpt lat="29.231256" lon="119.6834139">
        <ele>1011.48</ele>
        <time>2026-02-19T07:42:22Z</time>
        <speed>0.9898108</speed>
      </trkpt>
      <trkpt lat="29.2312476" lon="119.6832811">
        <ele>1011.75</ele>
        <time>2026-02-19T07:42:30Z</time>
        <speed>1.2291566</speed>
      </trkpt>
      <trkpt lat="29.231264" lon="119.6831588">
        <ele>1012.07</ele>
        <time>2026-02-19T07:42:36Z</time>
        <speed>1.886457</speed>
      </trkpt>
      <trkpt lat="29.231299" lon="119.6830412">
        <ele>1010.66</ele>
        <time>2026-02-19T07:42:44Z</time>
        <speed>1.6815975</speed>
      </trkpt>
      <trkpt lat="29.2313335" lon="119.6829351">
        <ele>1008.7</ele>
        <time>2026-02-19T07:42:52Z</time>
        <speed>1.634243</speed>
      </trkpt>
      <trkpt lat="29.2313501" lon="119.682819">
        <ele>1007.67</ele>
        <time>2026-02-19T07:43:00Z</time>
        <speed>1.4154861</speed>
      </trkpt>
      <trkpt lat="29.231363" lon="119.6826922">
        <ele>1007.55</ele>
        <time>2026-02-19T07:43:08Z</time>
        <speed>1.4999006</speed>
      </trkpt>
      <trkpt lat="29.2314002" lon="119.6825855">
        <ele>1006.54</ele>
        <time>2026-02-19T07:43:14Z</time>
        <speed>1.6599792</speed>
      </trkpt>
      <trkpt lat="29.2314268" lon="119.6824829">
        <ele>1005.62</ele>
        <time>2026-02-19T07:43:20Z</time>
        <speed>1.6764503</speed>
      </trkpt>
      <trkpt lat="29.2314496" lon="119.6823773">
        <ele>1005.22</ele>
        <time>2026-02-19T07:43:28Z</time>
        <speed>1.6280664</speed>
      </trkpt>
      <trkpt lat="29.2314836" lon="119.6822713">
        <ele>1005.9</ele>
        <time>2026-02-19T07:43:36Z</time>
        <speed>1.7274078</speed>
      </trkpt>
      <trkpt lat="29.2314832" lon="119.6821424">
        <ele>1006.85</ele>
        <time>2026-02-19T07:43:44Z</time>
        <speed>1.5174011</speed>
      </trkpt>
      <trkpt lat="29.2314721" lon="119.6820113">
        <ele>1007.64</ele>
        <time>2026-02-19T07:43:52Z</time>
        <speed>1.7665267</speed>
      </trkpt>
      <trkpt lat="29.2314787" lon="119.6818944">
        <ele>1007.97</ele>
        <time>2026-02-19T07:43:58Z</time>
        <speed>1.880795</speed>
      </trkpt>
      <trkpt lat="29.2314946" lon="119.6817685">
        <ele>1008.37</ele>
        <time>2026-02-19T07:44:06Z</time>
        <speed>1.6280664</speed>
      </trkpt>
      <trkpt lat="29.2315349" lon="119.6816514">
        <ele>1008.94</ele>
        <time>2026-02-19T07:44:14Z</time>
        <speed>1.6203456</speed>
      </trkpt>
      <trkpt lat="29.2315773" lon="119.6815503">
        <ele>1009.4</ele>
        <time>2026-02-19T07:44:22Z</time>
        <speed>1.460267</speed>
      </trkpt>
      <trkpt lat="29.2316075" lon="119.6814423">
        <ele>1009.4</ele>
        <time>2026-02-19T07:44:30Z</time>
        <speed>1.4211481</speed>
      </trkpt>
      <trkpt lat="29.2316373" lon="119.6813319">
        <ele>1009.44</ele>
        <time>2026-02-19T07:44:36Z</time>
        <speed>1.8133664</speed>
      </trkpt>
      <trkpt lat="29.2316883" lon="119.6812267">
        <ele>1009.51</ele>
        <time>2026-02-19T07:44:42Z</time>
        <speed>2.2894845</speed>
      </trkpt>
      <trkpt lat="29.2317321" lon="119.6811248">
        <ele>1009.94</ele>
        <time>2026-02-19T07:44:48Z</time>
        <speed>1.9652095</speed>
      </trkpt>
      <trkpt lat="29.2317961" lon="119.6810299">
        <ele>1010.14</ele>
        <time>2026-02-19T07:44:56Z</time>
        <speed>1.7763064</speed>
      </trkpt>
      <trkpt lat="29.2318734" lon="119.6809625">
        <ele>1010.77</ele>
        <time>2026-02-19T07:45:04Z</time>
        <speed>1.4412222</speed>
      </trkpt>
      <trkpt lat="29.2319594" lon="119.6808944">
        <ele>1011.94</ele>
        <time>2026-02-19T07:45:12Z</time>
        <speed>1.5874033</speed>
      </trkpt>
      <trkpt lat="29.2320547" lon="119.6808369">
        <ele>1012.74</ele>
        <time>2026-02-19T07:45:20Z</time>
        <speed>1.6404197</speed>
      </trkpt>
      <trkpt lat="29.2321585" lon="119.6808161">
        <ele>1012.55</ele>
        <time>2026-02-19T07:45:30Z</time>
        <speed>1.3928384</speed>
      </trkpt>
      <trkpt lat="29.2322354" lon="119.6808239">
        <ele>1011.71</ele>
        <time>2026-02-19T07:45:44Z</time>
        <speed>0.0</speed>
      </trkpt>
      <trkpt lat="29.2323178" lon="119.6808071">
        <ele>1010.98</ele>
        <time>2026-02-19T07:45:54Z</time>
        <speed>0.9681925</speed>
      </trkpt>
      <trkpt lat="29.232408" lon="119.6807908">
        <ele>1010.34</ele>
        <time>2026-02-19T07:46:00Z</time>
        <speed>1.44534</speed>
      </trkpt>
      <trkpt lat="29.2324775" lon="119.6807808">
        <ele>1009.64</ele>
        <time>2026-02-19T07:46:14Z</time>
        <speed>0.0</speed>
      </trkpt>
      <trkpt lat="29.2325252" lon="119.6807078">
        <ele>1009.15</ele>
        <time>2026-02-19T07:46:22Z</time>
        <speed>0.967163</speed>
      </trkpt>
      <trkpt lat="29.232526" lon="119.6805939">
        <ele>1007.92</ele>
        <time>2026-02-19T07:46:34Z</time>
        <speed>0.7900986</speed>
      </trkpt>
      <trkpt lat="29.2325639" lon="119.6804808">
        <ele>1007.65</ele>
        <time>2026-02-19T07:46:42Z</time>
        <speed>1.1076822</speed>
      </trkpt>
      <trkpt lat="29.2326325" lon="119.6804069">
        <ele>1008.15</ele>
        <time>2026-02-19T07:46:48Z</time>
        <speed>1.5189453</speed>
      </trkpt>
      <trkpt lat="29.2326597" lon="119.6803007">
        <ele>1009.16</ele>
        <time>2026-02-19T07:46:58Z</time>
        <speed>1.07474</speed>
      </trkpt>
      <trkpt lat="29.2327149" lon="119.6802115">
        <ele>1010.73</ele>
        <time>2026-02-19T07:47:08Z</time>
        <speed>1.1401098</speed>
      </trkpt>
      <trkpt lat="29.2326616" lon="119.680165">
        <ele>1012.13</ele>
        <time>2026-02-19T07:47:18Z</time>
        <speed>1.1977586</speed>
      </trkpt>
      <trkpt lat="29.2326504" lon="119.6800698">
        <ele>1013.62</ele>
        <time>2026-02-19T07:47:26Z</time>
        <speed>1.0984172</speed>
      </trkpt>
      <trkpt lat="29.2326663" lon="119.6799669">
        <ele>1014.0</ele>
        <time>2026-02-19T07:47:34Z</time>
        <speed>1.1468011</speed>
      </trkpt>
      <trkpt lat="29.2326202" lon="119.6798812">
        <ele>1014.22</ele>
        <time>2026-02-19T07:47:44Z</time>
        <speed>1.3943825</speed>
      </trkpt>
      <trkpt lat="29.2325426" lon="119.6799145">
        <ele>1014.85</ele>
        <time>2026-02-19T07:47:52Z</time>
        <speed>1.4247512</speed>
      </trkpt>
      <trkpt lat="29.2324527" lon="119.6799809">
        <ele>1014.19</ele>
        <time>2026-02-19T07:48:02Z</time>
        <speed>0.935765</speed>
      </trkpt>
      <trkpt lat="29.2323338" lon="119.6800013">
        <ele>1013.55</ele>
        <time>2026-02-19T07:48:10Z</time>
        <speed>1.1483452</speed>
      </trkpt>
      <trkpt lat="29.2322269" lon="119.6800259">
        <ele>1012.58</ele>
        <time>2026-02-19T07:48:18Z</time>
        <speed>1.1071675</speed>
      </trkpt>
      <trkpt lat="29.2321734" lon="119.6800341">
        <ele>1011.6</ele>
        <time>2026-02-19T07:48:30Z</time>
        <speed>0.0</speed>
      </trkpt>
      <trkpt lat="29.2322117" lon="119.6800973">
        <ele>1011.94</ele>
        <time>2026-02-19T07:48:40Z</time>
        <speed>0.9846636</speed>
      </trkpt>
      <trkpt lat="29.2322397" lon="119.6802164">
        <ele>1010.59</ele>
        <time>2026-02-19T07:48:50Z</time>
        <speed>1.1339331</speed>
      </trkpt>
      <trkpt lat="29.2322452" lon="119.6803381">
        <ele>1008.06</ele>
        <time>2026-02-19T07:48:56Z</time>
        <speed>1.4247512</speed>
      </trkpt>
      <trkpt lat="29.2322345" lon="119.6804539">
        <ele>1006.1</ele>
        <time>2026-02-19T07:49:04Z</time>
        <speed>1.1612133</speed>
      </trkpt>
      <trkpt lat="29.232189" lon="119.6805475">
        <ele>1005.32</ele>
        <time>2026-02-19T07:49:12Z</time>
        <speed>1.1468011</speed>
      </trkpt>
      <trkpt lat="29.2321401" lon="119.6806507">
        <ele>1005.66</ele>
        <time>2026-02-19T07:49:20Z</time>
        <speed>1.2723933</speed>
      </trkpt>
      <trkpt lat="29.2321112" lon="119.6807681">
        <ele>1006.54</ele>
        <time>2026-02-19T07:49:28Z</time>
        <speed>1.4530609</speed>
      </trkpt>
      <trkpt lat="29.2321574" lon="119.680848">
        <ele>1007.12</ele>
        <time>2026-02-19T07:49:38Z</time>
        <speed>0.84414446</speed>
      </trkpt>
      <trkpt lat="29.2321091" lon="119.6808457">
        <ele>1008.1</ele>
        <time>2026-02-19T07:49:58Z</time>
        <speed>1.0690781</speed>
      </trkpt>
      <trkpt lat="29.2320972" lon="119.6807448">
        <ele>1008.66</ele>
        <time>2026-02-19T07:50:40Z</time>
        <speed>1.3315864</speed>
      </trkpt>
      <trkpt lat="29.232114" lon="119.6806132">
        <ele>1011.26</ele>
        <time>2026-02-19T07:50:44Z</time>
        <speed>1.7809389</speed>
      </trkpt>
      <trkpt lat="29.2321647" lon="119.6804887">
        <ele>1012.44</ele>
        <time>2026-02-19T07:50:48Z</time>
        <speed>2.3600013</speed>
      </trkpt>
      <trkpt lat="29.2322221" lon="119.6803879">
        <ele>1012.34</ele>
        <time>2026-02-19T07:50:54Z</time>
        <speed>2.1026404</speed>
      </trkpt>
      <trkpt lat="29.2322416" lon="119.6802459">
        <ele>1011.07</ele>
        <time>2026-02-19T07:51:00Z</time>
        <speed>1.8267492</speed>
      </trkpt>
      <trkpt lat="29.2322228" lon="119.6801305">
        <ele>1009.97</ele>
        <time>2026-02-19T07:51:08Z</time>
        <speed>1.2862909</speed>
      </trkpt>
      <trkpt lat="29.2321761" lon="119.6800183">
        <ele>1009.38</ele>
        <time>2026-02-19T07:51:16Z</time>
        <speed>1.3012178</speed>
      </trkpt>
      <trkpt lat="29.2321595" lon="119.6799083">
        <ele>1008.91</ele>
        <time>2026-02-19T07:51:24Z</time>
        <speed>1.2214358</speed>
      </trkpt>
      <trkpt lat="29.2321355" lon="119.6797989">
        <ele>1009.08</ele>
        <time>2026-02-19T07:51:32Z</time>
        <speed>1.330557</speed>
      </trkpt>
      <trkpt lat="29.2321125" lon="119.6796957">
        <ele>1009.99</ele>
        <time>2026-02-19T07:51:40Z</time>
        <speed>1.3228362</speed>
      </trkpt>
      <trkpt lat="29.232089" lon="119.6795896">
        <ele>1011.16</ele>
        <time>2026-02-19T07:51:48Z</time>
        <speed>1.3598961</speed>
      </trkpt>
      <trkpt lat="29.2321405" lon="119.6794957">
        <ele>1011.43</ele>
        <time>2026-02-19T07:51:55Z</time>
        <speed>1.6805681</speed>
      </trkpt>
      <trkpt lat="29.2322058" lon="119.6794075">
        <ele>1011.25</ele>
        <time>2026-02-19T07:52:07Z</time>
        <speed>0.93061775</speed>
      </trkpt>
      <trkpt lat="29.2322345" lon="119.6792981">
        <ele>1011.4</ele>
        <time>2026-02-19T07:52:17Z</time>
        <speed>1.18592</speed>
      </trkpt>
      <trkpt lat="29.2323107" lon="119.6792392">
        <ele>1012.13</ele>
        <time>2026-02-19T07:52:31Z</time>
        <speed>0.79061335</speed>
      </trkpt>
      <trkpt lat="29.2322671" lon="119.6791819">
        <ele>1014.35</ele>
        <time>2026-02-19T07:52:51Z</time>
        <speed>1.3907795</speed>
      </trkpt>
      <trkpt lat="29.2321673" lon="119.6791392">
        <ele>1019.71</ele>
        <time>2026-02-19T07:52:59Z</time>
        <speed>1.6538025</speed>
      </trkpt>
      <trkpt lat="29.232056" lon="119.6791093">
        <ele>1023.15</ele>
        <time>2026-02-19T07:53:07Z</time>
        <speed>1.8046161</speed>
      </trkpt>
      <trkpt lat="29.2319665" lon="119.6790562">
        <ele>1024.85</ele>
        <time>2026-02-19T07:53:15Z</time>
        <speed>1.3624697</speed>
      </trkpt>
      <trkpt lat="29.2318724" lon="119.6790144">
        <ele>1026.42</ele>
        <time>2026-02-19T07:53:23Z</time>
        <speed>1.2898939</speed>
      </trkpt>
      <trkpt lat="29.2317587" lon="119.678976">
        <ele>1026.37</ele>
        <time>2026-02-19T07:53:31Z</time>
        <speed>1.4463694</speed>
      </trkpt>
      <trkpt lat="29.2316484" lon="119.678946">
        <ele>1025.95</ele>
        <time>2026-02-19T07:53:39Z</time>
        <speed>1.4386486</speed>
      </trkpt>
      <trkpt lat="29.231556" lon="119.6789036">
        <ele>1025.71</ele>
        <time>2026-02-19T07:53:47Z</time>
        <speed>1.1092263</speed>
      </trkpt>
      <trkpt lat="29.2314605" lon="119.6788598">
        <ele>1025.36</ele>
        <time>2026-02-19T07:53:53Z</time>
        <speed>1.843735</speed>
      </trkpt>
      <trkpt lat="29.2313946" lon="119.678762">
        <ele>1025.59</ele>
        <time>2026-02-19T07:54:01Z</time>
        <speed>2.0115345</speed>
      </trkpt>
      <trkpt lat="29.2313518" lon="119.678661">
        <ele>1025.81</ele>
        <time>2026-02-19T07:54:09Z</time>
        <speed>1.5225483</speed>
      </trkpt>
      <trkpt lat="29.2313008" lon="119.6785619">
        <ele>1024.95</ele>
        <time>2026-02-19T07:54:17Z</time>
        <speed>1.126727</speed>
      </trkpt>
      <trkpt lat="29.231242" lon="119.6784628">
        <ele>1024.88</ele>
        <time>2026-02-19T07:54:25Z</time>
        <speed>1.3676169</speed>
      </trkpt>
      <trkpt lat="29.2311859" lon="119.6783595">
        <ele>1026.57</ele>
        <time>2026-02-19T07:54:33Z</time>
        <speed>1.3691611</speed>
      </trkpt>
      <trkpt lat="29.2311197" lon="119.678264">
        <ele>1028.95</ele>
        <time>2026-02-19T07:54:41Z</time>
        <speed>1.5781384</speed>
      </trkpt>
      <trkpt lat="29.231057" lon="119.678178">
        <ele>1030.82</ele>
        <time>2026-02-19T07:54:51Z</time>
        <speed>1.1478306</speed>
      </trkpt>
      <trkpt lat="29.2310113" lon="119.6780827">
        <ele>1032.79</ele>
        <time>2026-02-19T07:54:59Z</time>
        <speed>1.2234948</speed>
      </trkpt>
      <trkpt lat="29.2309354" lon="119.6780186">
        <ele>1034.77</ele>
        <time>2026-02-19T07:55:11Z</time>
        <speed>0.99753165</speed>
      </trkpt>
      <trkpt lat="29.2308665" lon="119.6780687">
        <ele>1035.47</ele>
        <time>2026-02-19T07:55:17Z</time>
        <speed>1.3743083</speed>
      </trkpt>
      <trkpt lat="29.2308" lon="119.6781502">
        <ele>1035.44</ele>
        <time>2026-02-19T07:55:23Z</time>
        <speed>1.6815975</speed>
      </trkpt>
      <trkpt lat="29.2307233" lon="119.6782497">
        <ele>1034.61</ele>
        <time>2026-02-19T07:55:31Z</time>
        <speed>1.5040183</speed>
      </trkpt>
      <trkpt lat="29.2306405" lon="119.6783442">
        <ele>1033.79</ele>
        <time>2026-02-19T07:55:39Z</time>
        <speed>1.3552636</speed>
      </trkpt>
      <trkpt lat="29.2305772" lon="119.6784403">
        <ele>1032.67</ele>
        <time>2026-02-19T07:55:47Z</time>
        <speed>1.158125</speed>
      </trkpt>
      <trkpt lat="29.2305067" lon="119.6785141">
        <ele>1032.13</ele>
        <time>2026-02-19T07:55:55Z</time>
        <speed>1.198788</speed>
      </trkpt>
      <trkpt lat="29.2304153" lon="119.678551">
        <ele>1032.24</ele>
        <time>2026-02-19T07:56:03Z</time>
        <speed>1.4190892</speed>
      </trkpt>
      <trkpt lat="29.2303012" lon="119.6785601">
        <ele>1032.74</ele>
        <time>2026-02-19T07:56:11Z</time>
        <speed>1.3593814</speed>
      </trkpt>
      <trkpt lat="29.230195" lon="119.678564">
        <ele>1032.98</ele>
        <time>2026-02-19T07:56:15Z</time>
        <speed>1.70476</speed>
      </trkpt>
      <trkpt lat="29.230101" lon="119.67858">
        <ele>1033.16</ele>
        <time>2026-02-19T07:56:19Z</time>
        <speed>2.0228584</speed>
      </trkpt>
      <trkpt lat="29.2300109" lon="119.6786097">
        <ele>1033.74</ele>
        <time>2026-02-19T07:56:23Z</time>
        <speed>2.20507</speed>
      </trkpt>
      <trkpt lat="29.2299179" lon="119.6786597">
        <ele>1034.93</ele>
        <time>2026-02-19T07:56:29Z</time>
        <speed>2.2719839</speed>
      </trkpt>
      <trkpt lat="29.2298587" lon="119.6787415">
        <ele>1037.11</ele>
        <time>2026-02-19T07:56:35Z</time>
        <speed>1.5225483</speed>
      </trkpt>
      <trkpt lat="29.2298229" lon="119.6788611">
        <ele>1040.68</ele>
        <time>2026-02-19T07:56:51Z</time>
        <speed>0.8426003</speed>
      </trkpt>
      <trkpt lat="29.2298101" lon="119.678987">
        <ele>1041.2</ele>
        <time>2026-02-19T07:56:57Z</time>
        <speed>1.7299814</speed>
      </trkpt>
      <trkpt lat="29.2298134" lon="119.6791181">
        <ele>1040.51</ele>
        <time>2026-02-19T07:57:05Z</time>
        <speed>1.5827708</speed>
      </trkpt>
      <trkpt lat="29.2297926" lon="119.6792338">
        <ele>1037.67</ele>
        <time>2026-02-19T07:57:13Z</time>
        <speed>1.317689</speed>
      </trkpt>
      <trkpt lat="29.2297708" lon="119.6793451">
        <ele>1033.64</ele>
        <time>2026-02-19T07:57:19Z</time>
        <speed>1.5199747</speed>
      </trkpt>
      <trkpt lat="29.2297463" lon="119.6795024">
        <ele>1029.84</ele>
        <time>2026-02-19T07:57:25Z</time>
        <speed>2.1968343</speed>
      </trkpt>
      <trkpt lat="29.229716" lon="119.6796467">
        <ele>1026.25</ele>
        <time>2026-02-19T07:57:29Z</time>
        <speed>2.7470725</speed>
      </trkpt>
      <trkpt lat="29.2296825" lon="119.6797664">
        <ele>1023.69</ele>
        <time>2026-02-19T07:57:33Z</time>
        <speed>2.8587673</speed>
      </trkpt>
      <trkpt lat="29.2296645" lon="119.6798816">
        <ele>1022.1</ele>
        <time>2026-02-19T07:57:41Z</time>
        <speed>1.6929214</speed>
      </trkpt>
      <trkpt lat="29.2296338" lon="119.6799949">
        <ele>1021.37</ele>
        <time>2026-02-19T07:57:45Z</time>
        <speed>2.0341823</speed>
      </trkpt>
      <trkpt lat="29.2295603" lon="119.6801008">
        <ele>1020.78</ele>
        <time>2026-02-19T07:57:49Z</time>
        <speed>2.6744967</speed>
      </trkpt>
      <trkpt lat="29.2294377" lon="119.680137">
        <ele>1020.83</ele>
        <time>2026-02-19T07:57:53Z</time>
        <speed>3.477978</speed>
      </trkpt>
      <trkpt lat="29.2292985" lon="119.6801621">
        <ele>1022.37</ele>
        <time>2026-02-19T07:57:57Z</time>
        <speed>3.689529</speed>
      </trkpt>
      <trkpt lat="29.2291684" lon="119.6801936">
        <ele>1024.14</ele>
        <time>2026-02-19T07:58:01Z</time>
        <speed>3.5706282</speed>
      </trkpt>
      <trkpt lat="29.2290498" lon="119.6802353">
        <ele>1025.63</ele>
        <time>2026-02-19T07:58:05Z</time>
        <speed>3.272604</speed>
      </trkpt>
      <trkpt lat="29.228934" lon="119.6802506">
        <ele>1026.65</ele>
        <time>2026-02-19T07:58:11Z</time>
        <speed>2.6080976</speed>
      </trkpt>
      <trkpt lat="29.2288254" lon="119.6802312">
        <ele>1027.4</ele>
        <time>2026-02-19T07:58:19Z</time>
        <speed>1.7407906</speed>
      </trkpt>
      <trkpt lat="29.2287331" lon="119.6801931">
        <ele>1027.36</ele>
        <time>2026-02-19T07:58:25Z</time>
        <speed>1.5400488</speed>
      </trkpt>
      <trkpt lat="29.2286424" lon="119.6801609">
        <ele>1026.47</ele>
        <time>2026-02-19T07:58:31Z</time>
        <speed>1.7999836</speed>
      </trkpt>
      <trkpt lat="29.2285588" lon="119.6801896">
        <ele>1024.72</ele>
        <time>2026-02-19T07:58:37Z</time>
        <speed>1.7552028</speed>
      </trkpt>
      <trkpt lat="29.2284745" lon="119.6802541">
        <ele>1022.3</ele>
        <time>2026-02-19T07:58:43Z</time>
        <speed>1.77888</speed>
      </trkpt>
      <trkpt lat="29.2284117" lon="119.6803439">
        <ele>1019.38</ele>
        <time>2026-02-19T07:58:49Z</time>
        <speed>1.7860861</speed>
      </trkpt>
      <trkpt lat="29.2283389" lon="119.6804419">
        <ele>1017.06</ele>
        <time>2026-02-19T07:58:57Z</time>
        <speed>1.5884328</speed>
      </trkpt>
      <trkpt lat="29.2282786" lon="119.6805611">
        <ele>1014.8</ele>
        <time>2026-02-19T07:59:05Z</time>
        <speed>1.6208602</speed>
      </trkpt>
      <trkpt lat="29.2282465" lon="119.680677">
        <ele>1012.99</ele>
        <time>2026-02-19T07:59:11Z</time>
        <speed>1.6604939</speed>
      </trkpt>
      <trkpt lat="29.2282114" lon="119.6807895">
        <ele>1012.26</ele>
        <time>2026-02-19T07:59:19Z</time>
        <speed>1.4777675</speed>
      </trkpt>
      <trkpt lat="29.2281419" lon="119.6808921">
        <ele>1012.58</ele>
        <time>2026-02-19T07:59:27Z</time>
        <speed>1.6455669</speed>
      </trkpt>
      <trkpt lat="29.2280565" lon="119.6809407">
        <ele>1012.76</ele>
        <time>2026-02-19T07:59:35Z</time>
        <speed>1.27857</speed>
      </trkpt>
      <trkpt lat="29.2279604" lon="119.6809949">
        <ele>1012.65</ele>
        <time>2026-02-19T07:59:41Z</time>
        <speed>1.5132834</speed>
      </trkpt>
      <trkpt lat="29.2278671" lon="119.6810568">
        <ele>1013.36</ele>
        <time>2026-02-19T07:59:49Z</time>
        <speed>1.2425394</speed>
      </trkpt>
      <trkpt lat="29.2278338" lon="119.681153">
        <ele>1014.62</ele>
        <time>2026-02-19T07:59:59Z</time>
        <speed>0.93833864</speed>
      </trkpt>
      <trkpt lat="29.2277855" lon="119.6812494">
        <ele>1017.71</ele>
        <time>2026-02-19T08:00:11Z</time>
        <speed>0.69847804</speed>
      </trkpt>
      <trkpt lat="29.2277375" lon="119.681343">
        <ele>1020.24</ele>
        <time>2026-02-19T08:00:21Z</time>
        <speed>0.98826665</speed>
      </trkpt>
      <trkpt lat="29.2276764" lon="119.6814208">
        <ele>1021.95</ele>
        <time>2026-02-19T08:00:49Z</time>
        <speed>0.36030555</speed>
      </trkpt>
      <trkpt lat="29.2275867" lon="119.6814783">
        <ele>1024.38</ele>
        <time>2026-02-19T08:01:49Z</time>
        <speed>0.23316917</speed>
      </trkpt>
      <trkpt lat="29.2275" lon="119.681525">
        <ele>1028.65</ele>
        <time>2026-02-19T08:02:17Z</time>
        <speed>0.6161225</speed>
      </trkpt>
      <trkpt lat="29.2274105" lon="119.6815703">
        <ele>1033.75</ele>
        <time>2026-02-19T08:02:37Z</time>
        <speed>0.0</speed>
      </trkpt>
      <trkpt lat="29.2273231" lon="119.6816101">
        <ele>1038.07</ele>
        <time>2026-02-19T08:02:53Z</time>
        <speed>0.71186084</speed>
      </trkpt>
      <trkpt lat="29.2272363" lon="119.6816583">
        <ele>1041.7</ele>
        <time>2026-02-19T08:03:13Z</time>
        <speed>1.0670192</speed>
      </trkpt>
      <trkpt lat="29.2271547" lon="119.6817222">
        <ele>1044.36</ele>
        <time>2026-02-19T08:03:27Z</time>
        <speed>0.90745527</speed>
      </trkpt>
      <trkpt lat="29.2270625" lon="119.6817678">
        <ele>1049.41</ele>
        <time>2026-02-19T08:03:47Z</time>
        <speed>0.3659675</speed>
      </trkpt>
      <trkpt lat="29.2269648" lon="119.681822">
        <ele>1055.82</ele>
        <time>2026-02-19T08:04:03Z</time>
        <speed>0.5790625</speed>
      </trkpt>
      <trkpt lat="29.2268655" lon="119.6818247">
        <ele>1060.58</ele>
        <time>2026-02-19T08:04:51Z</time>
        <speed>0.9867225</speed>
      </trkpt>
      <trkpt lat="29.2267737" lon="119.6817945">
        <ele>1063.9</ele>
        <time>2026-02-19T08:04:55Z</time>
        <speed>1.7526292</speed>
      </trkpt>
      <trkpt lat="29.2266724" lon="119.6817714">
        <ele>1065.75</ele>
        <time>2026-02-19T08:04:59Z</time>
        <speed>2.4310331</speed>
      </trkpt>
      <trkpt lat="29.2265537" lon="119.6817615">
        <ele>1066.89</ele>
        <time>2026-02-19T08:05:03Z</time>
        <speed>2.4310331</speed>
      </trkpt>
      <trkpt lat="29.2264428" lon="119.6817341">
        <ele>1066.68</ele>
        <time>2026-02-19T08:05:09Z</time>
        <speed>2.5885382</speed>
      </trkpt>
      <trkpt lat="29.2263485" lon="119.6816802">
        <ele>1066.17</ele>
        <time>2026-02-19T08:05:19Z</time>
        <speed>1.139595</speed>
      </trkpt>
      <trkpt lat="29.2262666" lon="119.6816162">
        <ele>1065.8</ele>
        <time>2026-02-19T08:05:29Z</time>
        <speed>0.8544389</speed>
      </trkpt>
      <trkpt lat="29.2262036" lon="119.6815168">
        <ele>1065.15</ele>
        <time>2026-02-19T08:05:39Z</time>
        <speed>0.9589275</speed>
      </trkpt>
      <trkpt lat="29.22614" lon="119.6814273">
        <ele>1064.57</ele>
        <time>2026-02-19T08:05:51Z</time>
        <speed>0.7061989</speed>
      </trkpt>
      <trkpt lat="29.2260596" lon="119.6813592">
        <ele>1064.63</ele>
        <time>2026-02-19T08:06:03Z</time>
        <speed>0.89304304</speed>
      </trkpt>
      <trkpt lat="29.2259885" lon="119.6812749">
        <ele>1064.31</ele>
        <time>2026-02-19T08:06:13Z</time>
        <speed>1.0567247</speed>
      </trkpt>
      <trkpt lat="29.2259075" lon="119.6811889">
        <ele>1064.18</ele>
        <time>2026-02-19T08:06:25Z</time>
        <speed>0.8142906</speed>
      </trkpt>
      <trkpt lat="29.2258314" lon="119.6811079">
        <ele>1064.66</ele>
        <time>2026-02-19T08:06:37Z</time>
        <speed>0.74943554</speed>
      </trkpt>
      <trkpt lat="29.2257562" lon="119.6810416">
        <ele>1066.4</ele>
        <time>2026-02-19T08:06:47Z</time>
        <speed>0.8456886</speed>
      </trkpt>
      <trkpt lat="29.2256738" lon="119.6810532">
        <ele>1069.02</ele>
        <time>2026-02-19T08:07:17Z</time>
        <speed>0.772598</speed>
      </trkpt>
      <trkpt lat="29.2255874" lon="119.6811124">
        <ele>1069.44</ele>
        <time>2026-02-19T08:07:29Z</time>
        <speed>0.898705</speed>
      </trkpt>
      <trkpt lat="29.2254912" lon="119.6811681">
        <ele>1069.55</ele>
        <time>2026-02-19T08:07:39Z</time>
        <speed>1.1756256</speed>
      </trkpt>
      <trkpt lat="29.2253893" lon="119.6811823">
        <ele>1068.89</ele>
        <time>2026-02-19T08:07:53Z</time>
        <speed>0.70516944</speed>
      </trkpt>
      <trkpt lat="29.2253061" lon="119.6812339">
        <ele>1065.71</ele>
        <time>2026-02-19T08:08:07Z</time>
        <speed>0.59604836</speed>
      </trkpt>
      <trkpt lat="29.2252204" lon="119.6813152">
        <ele>1061.58</ele>
        <time>2026-02-19T08:08:17Z</time>
        <speed>1.0814314</speed>
      </trkpt>
      <trkpt lat="29.2251407" lon="119.6814057">
        <ele>1058.19</ele>
        <time>2026-02-19T08:08:27Z</time>
        <speed>1.2245241</speed>
      </trkpt>
      <trkpt lat="29.2250542" lon="119.6814659">
        <ele>1055.01</ele>
        <time>2026-02-19T08:08:37Z</time>
        <speed>1.0515774</speed>
      </trkpt>
      <trkpt lat="29.2249873" lon="119.6815495">
        <ele>1050.88</ele>
        <time>2026-02-19T08:08:51Z</time>
        <speed>0.8276733</speed>
      </trkpt>
      <trkpt lat="29.2249089" lon="119.6815973">
        <ele>1045.64</ele>
        <time>2026-02-19T08:09:03Z</time>
        <speed>0.7566417</speed>
      </trkpt>
      <trkpt lat="29.2248279" lon="119.6816461">
        <ele>1040.12</ele>
        <time>2026-02-19T08:09:15Z</time>
        <speed>0.7406853</speed>
      </trkpt>
      <trkpt lat="29.224766" lon="119.6817205">
        <ele>1035.03</ele>
        <time>2026-02-19T08:09:25Z</time>
        <speed>0.74531776</speed>
      </trkpt>
      <trkpt lat="29.2247025" lon="119.6818038">
        <ele>1030.46</ele>
        <time>2026-02-19T08:09:37Z</time>
        <speed>0.7252436</speed>
      </trkpt>
      <trkpt lat="29.2246538" lon="119.6818943">
        <ele>1025.74</ele>
        <time>2026-02-19T08:09:51Z</time>
        <speed>0.5723711</speed>
      </trkpt>
      <trkpt lat="29.2245975" lon="119.6819777">
        <ele>1021.51</ele>
        <time>2026-02-19T08:10:15Z</time>
        <speed>0.74686193</speed>
      </trkpt>
      <trkpt lat="29.224525" lon="119.6820375">
        <ele>1015.4</ele>
        <time>2026-02-19T08:10:45Z</time>
        <speed>0.8456886</speed>
      </trkpt>
      <trkpt lat="29.2244776" lon="119.6821248">
        <ele>1010.88</ele>
        <time>2026-02-19T08:10:57Z</time>
        <speed>0.7648772</speed>
      </trkpt>
      <trkpt lat="29.2244491" lon="119.682231">
        <ele>1006.16</ele>
        <time>2026-02-19T08:11:11Z</time>
        <speed>0.8559831</speed>
      </trkpt>
      <trkpt lat="29.2243914" lon="119.6823257">
        <ele>1000.15</ele>
        <time>2026-02-19T08:11:23Z</time>
        <speed>0.93061775</speed>
      </trkpt>
      <trkpt lat="29.2243266" lon="119.6824172">
        <ele>993.98</ele>
        <time>2026-02-19T08:11:43Z</time>
        <speed>0.49670693</speed>
      </trkpt>
      <trkpt lat="29.2242812" lon="119.6825187">
        <ele>990.59</ele>
        <time>2026-02-19T08:11:59Z</time>
        <speed>0.5785478</speed>
      </trkpt>
      <trkpt lat="29.2242124" lon="119.6826026">
        <ele>987.8</ele>
        <time>2026-02-19T08:12:19Z</time>
        <speed>0.46942666</speed>
      </trkpt>
      <trkpt lat="29.2241532" lon="119.6826883">
        <ele>983.8</ele>
        <time>2026-02-19T08:12:33Z</time>
        <speed>0.61251944</speed>
      </trkpt>
      <trkpt lat="29.2240884" lon="119.6827654">
        <ele>979.58</ele>
        <time>2026-02-19T08:12:49Z</time>
        <speed>0.5764889</speed>
      </trkpt>
      <trkpt lat="29.2240066" lon="119.682812">
        <ele>974.3</ele>
        <time>2026-02-19T08:13:03Z</time>
        <speed>0.6047986</speed>
      </trkpt>
      <trkpt lat="29.2239088" lon="119.6828545">
        <ele>968.84</ele>
        <time>2026-02-19T08:13:15Z</time>
        <speed>0.84054136</speed>
      </trkpt>
      <trkpt lat="29.2238363" lon="119.6829499">
        <ele>963.01</ele>
        <time>2026-02-19T08:13:25Z</time>
        <speed>1.1133442</speed>
      </trkpt>
      <trkpt lat="29.2237895" lon="119.6830535">
        <ele>958.23</ele>
        <time>2026-02-19T08:13:33Z</time>
        <speed>1.2240094</speed>
      </trkpt>
      <trkpt lat="29.2237515" lon="119.6831666">
        <ele>955.64</ele>
        <time>2026-02-19T08:13:43Z</time>
        <speed>1.2729081</speed>
      </trkpt>
      <trkpt lat="29.223705" lon="119.6832791">
        <ele>954.98</ele>
        <time>2026-02-19T08:13:55Z</time>
        <speed>0.93010306</speed>
      </trkpt>
      <trkpt lat="29.2236602" lon="119.6833925">
        <ele>953.95</ele>
        <time>2026-02-19T08:14:07Z</time>
        <speed>0.898705</speed>
      </trkpt>
      <trkpt lat="29.2236007" lon="119.6834804">
        <ele>951.35</ele>
        <time>2026-02-19T08:14:23Z</time>
        <speed>0.74892086</speed>
      </trkpt>
      <trkpt lat="29.2236096" lon="119.6834196">
        <ele>947.89</ele>
        <time>2026-02-19T08:14:35Z</time>
        <speed>0.6758303</speed>
      </trkpt>
      <trkpt lat="29.2236096" lon="119.6834196">
        <ele>947.89</ele>
        <time>2026-02-19T08:14:48Z</time>
        <speed>0.6758303</speed>
      </trkpt>
      <extensions>
        <PauseTimes>1771488888000:pause</PauseTimes>
      </extensions>
    </trkseg>
  </trk>
  <trk>
    <trkseg>
      <trkpt lat="29.2242243" lon="119.6825265">
        <ele>945.1</ele>
        <time>2026-02-19T08:24:10Z</time>
        <speed>0.4467789</speed>
      </trkpt>
      <trkpt lat="29.2242243" lon="119.6825265">
        <ele>945.1</ele>
        <time>2026-02-19T08:24:16Z</time>
        <speed>0.4467789</speed>
      </trkpt>
      <trkpt lat="29.2241694" lon="119.6826161">
        <ele>961.32</ele>
        <time>2026-02-19T08:24:30Z</time>
        <speed>0.6511236</speed>
      </trkpt>
      <trkpt lat="29.2241243" lon="119.6827097">
        <ele>968.58</ele>
        <time>2026-02-19T08:24:52Z</time>
        <speed>0.42824888</speed>
      </trkpt>
      <trkpt lat="29.2240505" lon="119.6827743">
        <ele>968.16</ele>
        <time>2026-02-19T08:25:26Z</time>
        <speed>0.515237</speed>
      </trkpt>
      <trkpt lat="29.2239557" lon="119.682817">
        <ele>967.57</ele>
        <time>2026-02-19T08:25:42Z</time>
        <speed>0.620755</speed>
      </trkpt>
      <trkpt lat="29.2238763" lon="119.6828791">
        <ele>967.67</ele>
        <time>2026-02-19T08:25:52Z</time>
        <speed>0.7417147</speed>
      </trkpt>
      <trkpt lat="29.2238129" lon="119.6829637">
        <ele>967.47</ele>
        <time>2026-02-19T08:26:00Z</time>
        <speed>1.3557783</speed>
      </trkpt>
      <trkpt lat="29.2237752" lon="119.6830627">
        <ele>966.54</ele>
        <time>2026-02-19T08:26:16Z</time>
        <speed>0.66708</speed>
      </trkpt>
      <trkpt lat="29.2237549" lon="119.6831769">
        <ele>961.92</ele>
        <time>2026-02-19T08:26:24Z</time>
        <speed>1.3650433</speed>
      </trkpt>
      <trkpt lat="29.2237164" lon="119.6832801">
        <ele>958.08</ele>
        <time>2026-02-19T08:26:38Z</time>
        <speed>0.55075276</speed>
      </trkpt>
      <trkpt lat="29.2236568" lon="119.6833802">
        <ele>954.65</ele>
        <time>2026-02-19T08:26:54Z</time>
        <speed>0.7767158</speed>
      </trkpt>
      <trkpt lat="29.223587" lon="119.6834701">
        <ele>951.79</ele>
        <time>2026-02-19T08:27:04Z</time>
        <speed>1.0917258</speed>
      </trkpt>
      <trkpt lat="29.2235547" lon="119.6834988">
        <ele>949.34</ele>
        <time>2026-02-19T08:27:16Z</time>
        <speed>0.0</speed>
      </trkpt>
      <trkpt lat="29.2234883" lon="119.6835333">
        <ele>947.47</ele>
        <time>2026-02-19T08:29:14Z</time>
        <speed>0.0</speed>
      </trkpt>
      <trkpt lat="29.2234217" lon="119.6836083">
        <ele>947.23</ele>
        <time>2026-02-19T08:29:34Z</time>
        <speed>0.528105</speed>
      </trkpt>
      <trkpt lat="29.2233381" lon="119.6836453">
        <ele>945.24</ele>
        <time>2026-02-19T08:29:50Z</time>
        <speed>0.8184083</speed>
      </trkpt>
      <trkpt lat="29.2232541" lon="119.6837076">
        <ele>940.1</ele>
        <time>2026-02-19T08:30:29Z</time>
        <speed>0.6789186</speed>
      </trkpt>
      <trkpt lat="29.2231673" lon="119.6837902">
        <ele>933.18</ele>
        <time>2026-02-19T08:30:41Z</time>
        <speed>0.9661336</speed>
      </trkpt>
      <trkpt lat="29.2230798" lon="119.6838399">
        <ele>928.11</ele>
        <time>2026-02-19T08:30:49Z</time>
        <speed>1.1792287</speed>
      </trkpt>
      <trkpt lat="29.2229749" lon="119.6838537">
        <ele>923.8</ele>
        <time>2026-02-19T08:30:55Z</time>
        <speed>1.5724764</speed>
      </trkpt>
      <trkpt lat="29.2228601" lon="119.6838379">
        <ele>919.16</ele>
        <time>2026-02-19T08:31:05Z</time>
        <speed>1.1591544</speed>
      </trkpt>
      <trkpt lat="29.2227478" lon="119.6838152">
        <ele>912.72</ele>
        <time>2026-02-19T08:31:13Z</time>
        <speed>1.2245241</speed>
      </trkpt>
      <trkpt lat="29.2226525" lon="119.6837628">
        <ele>908.28</ele>
        <time>2026-02-19T08:31:19Z</time>
        <speed>1.3279834</speed>
      </trkpt>
      <trkpt lat="29.2225501" lon="119.6837215">
        <ele>906.18</ele>
        <time>2026-02-19T08:31:27Z</time>
        <speed>1.1931261</speed>
      </trkpt>
      <trkpt lat="29.222442" lon="119.6837133">
        <ele>906.28</ele>
        <time>2026-02-19T08:31:35Z</time>
        <speed>0.9578981</speed>
      </trkpt>
      <trkpt lat="29.2223368" lon="119.6836791">
        <ele>905.99</ele>
        <time>2026-02-19T08:31:45Z</time>
        <speed>1.108197</speed>
      </trkpt>
      <trkpt lat="29.2222467" lon="119.6836441">
        <ele>906.85</ele>
        <time>2026-02-19T08:31:57Z</time>
        <speed>0.6047986</speed>
      </trkpt>
      <trkpt lat="29.2221559" lon="119.6836083">
        <ele>908.29</ele>
        <time>2026-02-19T08:32:05Z</time>
        <speed>1.1627575</speed>
      </trkpt>
      <trkpt lat="29.2220666" lon="119.6835888">
        <ele>908.68</ele>
        <time>2026-02-19T08:32:13Z</time>
        <speed>1.054151</speed>
      </trkpt>
      <trkpt lat="29.2219711" lon="119.6835893">
        <ele>908.09</ele>
        <time>2026-02-19T08:32:23Z</time>
        <speed>1.0273856</speed>
      </trkpt>
      <trkpt lat="29.2218706" lon="119.6835813">
        <ele>907.1</ele>
        <time>2026-02-19T08:32:33Z</time>
        <speed>0.8683364</speed>
      </trkpt>
      <trkpt lat="29.2217722" lon="119.6835225">
        <ele>905.81</ele>
        <time>2026-02-19T08:32:43Z</time>
        <speed>1.0665045</speed>
      </trkpt>
      <trkpt lat="29.2216749" lon="119.6834797">
        <ele>904.22</ele>
        <time>2026-02-19T08:32:51Z</time>
        <speed>1.3789408</speed>
      </trkpt>
      <trkpt lat="29.2215781" lon="119.6834492">
        <ele>903.82</ele>
        <time>2026-02-19T08:32:59Z</time>
        <speed>1.328498</speed>
      </trkpt>
      <trkpt lat="29.2214827" lon="119.6834438">
        <ele>904.29</ele>
        <time>2026-02-19T08:33:07Z</time>
        <speed>1.2554075</speed>
      </trkpt>
      <trkpt lat="29.2213866" lon="119.6834345">
        <ele>905.15</ele>
        <time>2026-02-19T08:33:15Z</time>
        <speed>1.486003</speed>
      </trkpt>
      <trkpt lat="29.2212788" lon="119.6834611">
        <ele>905.47</ele>
        <time>2026-02-19T08:33:35Z</time>
        <speed>0.9615011</speed>
      </trkpt>
      <trkpt lat="29.221178" lon="119.6834438">
        <ele>903.85</ele>
        <time>2026-02-19T08:33:45Z</time>
        <speed>0.95069194</speed>
      </trkpt>
      <trkpt lat="29.2210817" lon="119.6834307">
        <ele>901.72</ele>
        <time>2026-02-19T08:33:55Z</time>
        <speed>0.7571564</speed>
      </trkpt>
      <trkpt lat="29.220992" lon="119.6833953">
        <ele>899.3</ele>
        <time>2026-02-19T08:34:03Z</time>
        <speed>0.95275086</speed>
      </trkpt>
      <trkpt lat="29.2208868" lon="119.6833872">
        <ele>897.88</ele>
        <time>2026-02-19T08:34:11Z</time>
        <speed>1.3048208</speed>
      </trkpt>
      <trkpt lat="29.2207893" lon="119.6834006">
        <ele>897.89</ele>
        <time>2026-02-19T08:34:25Z</time>
        <speed>0.7108314</speed>
      </trkpt>
      <trkpt lat="29.220704" lon="119.6833646">
        <ele>897.34</ele>
        <time>2026-02-19T08:34:37Z</time>
        <speed>0.90642583</speed>
      </trkpt>
      <trkpt lat="29.2206229" lon="119.6833054">
        <ele>896.07</ele>
        <time>2026-02-19T08:34:47Z</time>
        <speed>1.0047377</speed>
      </trkpt>
      <trkpt lat="29.2205928" lon="119.683277">
        <ele>893.76</ele>
        <time>2026-02-19T08:34:49Z</time>
        <speed>0.0</speed>
      </trkpt>
      <trkpt lat="29.2205244" lon="119.683221">
        <ele>892.14</ele>
        <time>2026-02-19T08:34:57Z</time>
        <speed>0.9769428</speed>
      </trkpt>
      <trkpt lat="29.2204388" lon="119.6831693">
        <ele>889.59</ele>
        <time>2026-02-19T08:35:05Z</time>
        <speed>1.1087117</speed>
      </trkpt>
      <trkpt lat="29.2203461" lon="119.6831242">
        <ele>886.88</ele>
        <time>2026-02-19T08:35:13Z</time>
        <speed>1.2790847</speed>
      </trkpt>
      <trkpt lat="29.2202696" lon="119.6830569">
        <ele>884.52</ele>
        <time>2026-02-19T08:35:21Z</time>
        <speed>1.1282711</speed>
      </trkpt>
      <trkpt lat="29.2201974" lon="119.6829889">
        <ele>883.7</ele>
        <time>2026-02-19T08:35:29Z</time>
        <speed>1.2270977</speed>
      </trkpt>
      <trkpt lat="29.2201616" lon="119.6829656">
        <ele>884.09</ele>
        <time>2026-02-19T08:35:41Z</time>
        <speed>0.0</speed>
      </trkpt>
      <trkpt lat="29.2200867" lon="119.6829233">
        <ele>884.39</ele>
        <time>2026-02-19T08:36:55Z</time>
        <speed>0.4426611</speed>
      </trkpt>
      <trkpt lat="29.2200067" lon="119.6828733">
        <ele>883.88</ele>
        <time>2026-02-19T08:37:05Z</time>
        <speed>0.7859808</speed>
      </trkpt>
      <trkpt lat="29.2199182" lon="119.6828572">
        <ele>882.0</ele>
        <time>2026-02-19T08:37:11Z</time>
        <speed>1.0073113</speed>
      </trkpt>
      <trkpt lat="29.2198784" lon="119.6827943">
        <ele>880.28</ele>
        <time>2026-02-19T08:37:29Z</time>
        <speed>0.0</speed>
      </trkpt>
      <trkpt lat="29.2197961" lon="119.6827357">
        <ele>878.95</ele>
        <time>2026-02-19T08:38:05Z</time>
        <speed>0.8436297</speed>
      </trkpt>
      <trkpt lat="29.2197047" lon="119.6827085">
        <ele>878.76</ele>
        <time>2026-02-19T08:38:13Z</time>
        <speed>1.1787139</speed>
      </trkpt>
      <trkpt lat="29.2196046" lon="119.6826883">
        <ele>879.55</ele>
        <time>2026-02-19T08:38:23Z</time>
        <speed>0.9326767</speed>
      </trkpt>
      <trkpt lat="29.2195086" lon="119.6827032">
        <ele>881.12</ele>
        <time>2026-02-19T08:38:31Z</time>
        <speed>1.1560661</speed>
      </trkpt>
      <trkpt lat="29.2194127" lon="119.6826797">
        <ele>881.46</ele>
        <time>2026-02-19T08:38:39Z</time>
        <speed>1.2837173</speed>
      </trkpt>
      <trkpt lat="29.2193158" lon="119.6826459">
        <ele>881.09</ele>
        <time>2026-02-19T08:38:47Z</time>
        <speed>1.1370214</speed>
      </trkpt>
      <trkpt lat="29.2192213" lon="119.6826116">
        <ele>881.14</ele>
        <time>2026-02-19T08:38:55Z</time>
        <speed>0.9084847</speed>
      </trkpt>
      <trkpt lat="29.2191391" lon="119.6825518">
        <ele>881.85</ele>
        <time>2026-02-19T08:39:03Z</time>
        <speed>1.006282</speed>
      </trkpt>
      <trkpt lat="29.2190563" lon="119.6824833">
        <ele>882.9</ele>
        <time>2026-02-19T08:39:19Z</time>
        <speed>0.4050864</speed>
      </trkpt>
      <trkpt lat="29.2189663" lon="119.682422">
        <ele>882.34</ele>
        <time>2026-02-19T08:39:29Z</time>
        <speed>1.1504042</speed>
      </trkpt>
      <trkpt lat="29.2188633" lon="119.6823923">
        <ele>881.68</ele>
        <time>2026-02-19T08:39:39Z</time>
        <speed>1.0793725</speed>
      </trkpt>
      <trkpt lat="29.2187708" lon="119.6824107">
        <ele>883.54</ele>
        <time>2026-02-19T08:39:49Z</time>
        <speed>0.8050256</speed>
      </trkpt>
      <trkpt lat="29.218673" lon="119.6824252">
        <ele>885.59</ele>
        <time>2026-02-19T08:39:57Z</time>
        <speed>0.99701697</speed>
      </trkpt>
      <trkpt lat="29.2185768" lon="119.682431">
        <ele>886.97</ele>
        <time>2026-02-19T08:40:07Z</time>
        <speed>1.0536364</speed>
      </trkpt>
      <trkpt lat="29.2184815" lon="119.682437">
        <ele>886.85</ele>
        <time>2026-02-19T08:40:23Z</time>
        <speed>0.4493525</speed>
      </trkpt>
      <trkpt lat="29.2183877" lon="119.6824615">
        <ele>884.98</ele>
        <time>2026-02-19T08:40:35Z</time>
        <speed>0.9337061</speed>
      </trkpt>
      <trkpt lat="29.218297" lon="119.68248">
        <ele>882.24</ele>
        <time>2026-02-19T08:40:43Z</time>
        <speed>1.0325328</speed>
      </trkpt>
      <trkpt lat="29.2182123" lon="119.6824451">
        <ele>878.95</ele>
        <time>2026-02-19T08:40:51Z</time>
        <speed>1.0268708</speed>
      </trkpt>
      <trkpt lat="29.2181208" lon="119.6823955">
        <ele>875.7</ele>
        <time>2026-02-19T08:40:59Z</time>
        <speed>1.2487161</speed>
      </trkpt>
      <trkpt lat="29.2180302" lon="119.6823369">
        <ele>873.34</ele>
        <time>2026-02-19T08:41:07Z</time>
        <speed>1.3295275</speed>
      </trkpt>
      <trkpt lat="29.2179437" lon="119.6822749">
        <ele>872.2</ele>
        <time>2026-02-19T08:41:15Z</time>
        <speed>1.228642</speed>
      </trkpt>
      <trkpt lat="29.2178538" lon="119.6822522">
        <ele>872.29</ele>
        <time>2026-02-19T08:41:25Z</time>
        <speed>1.0685633</speed>
      </trkpt>
      <trkpt lat="29.2177774" lon="119.6821998">
        <ele>873.07</ele>
        <time>2026-02-19T08:41:45Z</time>
        <speed>0.43494028</speed>
      </trkpt>
      <trkpt lat="29.2177011" lon="119.6821425">
        <ele>874.41</ele>
        <time>2026-02-19T08:42:03Z</time>
        <speed>0.74377364</speed>
      </trkpt>
      <trkpt lat="29.217614" lon="119.6821005">
        <ele>876.26</ele>
        <time>2026-02-19T08:42:25Z</time>
        <speed>0.6295053</speed>
      </trkpt>
      <trkpt lat="29.2175189" lon="119.682076">
        <ele>878.73</ele>
        <time>2026-02-19T08:42:45Z</time>
        <speed>0.43236667</speed>
      </trkpt>
      <trkpt lat="29.2174288" lon="119.6820462">
        <ele>880.95</ele>
        <time>2026-02-19T08:43:03Z</time>
        <speed>0.59398943</speed>
      </trkpt>
      <trkpt lat="29.2173311" lon="119.6820596">
        <ele>883.04</ele>
        <time>2026-02-19T08:43:19Z</time>
        <speed>0.68612474</speed>
      </trkpt>
      <trkpt lat="29.217247" lon="119.6821134">
        <ele>885.99</ele>
        <time>2026-02-19T08:43:37Z</time>
        <speed>0.58678335</speed>
      </trkpt>
      <trkpt lat="29.2171795" lon="119.6821958">
        <ele>885.22</ele>
        <time>2026-02-19T08:44:05Z</time>
        <speed>0.583695</speed>
      </trkpt>
      <trkpt lat="29.2171503" lon="119.6823088">
        <ele>883.83</ele>
        <time>2026-02-19T08:44:37Z</time>
        <speed>0.0</speed>
      </trkpt>
      <trkpt lat="29.2170849" lon="119.6823719">
        <ele>881.67</ele>
        <time>2026-02-19T08:45:01Z</time>
        <speed>0.0</speed>
      </trkpt>
      <trkpt lat="29.2170212" lon="119.6824722">
        <ele>880.69</ele>
        <time>2026-02-19T08:45:29Z</time>
        <speed>0.0</speed>
      </trkpt>
      <trkpt lat="29.216931" lon="119.6825117">
        <ele>879.53</ele>
        <time>2026-02-19T08:45:51Z</time>
        <speed>0.48795667</speed>
      </trkpt>
      <trkpt lat="29.2168076" lon="119.6825137">
        <ele>876.29</ele>
        <time>2026-02-19T08:46:27Z</time>
        <speed>0.31089222</speed>
      </trkpt>
      <trkpt lat="29.2166461" lon="119.6825133">
        <ele>870.79</ele>
        <time>2026-02-19T08:47:27Z</time>
        <speed>0.18324111</speed>
      </trkpt>
      <trkpt lat="29.2165309" lon="119.6825204">
        <ele>862.66</ele>
        <time>2026-02-19T08:47:59Z</time>
        <speed>0.491045</speed>
      </trkpt>
      <trkpt lat="29.216445" lon="119.6825683">
        <ele>856.27</ele>
        <time>2026-02-19T08:50:09Z</time>
        <speed>0.5605325</speed>
      </trkpt>
      <trkpt lat="29.21635" lon="119.6825783">
        <ele>840.71</ele>
        <time>2026-02-19T08:50:29Z</time>
        <speed>0.47354445</speed>
      </trkpt>
      <trkpt lat="29.2163086" lon="119.6824953">
        <ele>832.75</ele>
        <time>2026-02-19T08:50:57Z</time>
        <speed>0.69590443</speed>
      </trkpt>
      <trkpt lat="29.2162394" lon="119.6825359">
        <ele>828.12</ele>
        <time>2026-02-19T08:51:15Z</time>
        <speed>0.731935</speed>
      </trkpt>
      <trkpt lat="29.2161605" lon="119.682596">
        <ele>826.48</ele>
        <time>2026-02-19T08:51:27Z</time>
        <speed>0.9563539</speed>
      </trkpt>
      <trkpt lat="29.2160694" lon="119.6826468">
        <ele>825.15</ele>
        <time>2026-02-19T08:51:49Z</time>
        <speed>0.5764889</speed>
      </trkpt>
      <trkpt lat="29.215977" lon="119.6826862">
        <ele>823.58</ele>
        <time>2026-02-19T08:52:15Z</time>
        <speed>0.5435467</speed>
      </trkpt>
      <trkpt lat="29.2158776" lon="119.6826748">
        <ele>819.5</ele>
        <time>2026-02-19T08:52:33Z</time>
        <speed>0.70414</speed>
      </trkpt>
      <trkpt lat="29.21578" lon="119.6826762">
        <ele>813.18</ele>
        <time>2026-02-19T08:52:45Z</time>
        <speed>0.79884887</speed>
      </trkpt>
      <trkpt lat="29.2157417" lon="119.6825767">
        <ele>807.12</ele>
        <time>2026-02-19T08:55:31Z</time>
        <speed>0.30008304</speed>
      </trkpt>
      <trkpt lat="29.2156383" lon="119.6825567">
        <ele>805.56</ele>
        <time>2026-02-19T08:55:43Z</time>
        <speed>0.6995075</speed>
      </trkpt>
      <trkpt lat="29.2155279" lon="119.6825606">
        <ele>804.12</ele>
        <time>2026-02-19T08:55:55Z</time>
        <speed>1.0160617</speed>
      </trkpt>
      <trkpt lat="29.215424" lon="119.682547">
        <ele>802.56</ele>
        <time>2026-02-19T08:56:05Z</time>
        <speed>1.1056234</speed>
      </trkpt>
      <trkpt lat="29.2153196" lon="119.6825267">
        <ele>800.26</ele>
        <time>2026-02-19T08:56:13Z</time>
        <speed>1.2209212</speed>
      </trkpt>
      <trkpt lat="29.2152174" lon="119.6825167">
        <ele>798.21</ele>
        <time>2026-02-19T08:56:21Z</time>
        <speed>1.2209212</speed>
      </trkpt>
      <trkpt lat="29.2151848" lon="119.6825123">
        <ele>796.1</ele>
        <time>2026-02-19T08:56:29Z</time>
        <speed>0.0</speed>
      </trkpt>
      <trkpt lat="29.2151148" lon="119.6824834">
        <ele>794.64</ele>
        <time>2026-02-19T08:56:39Z</time>
        <speed>0.9069406</speed>
      </trkpt>
      <trkpt lat="29.2150261" lon="119.6824538">
        <ele>793.85</ele>
        <time>2026-02-19T08:56:47Z</time>
        <speed>1.0551805</speed>
      </trkpt>
      <trkpt lat="29.2149343" lon="119.6824313">
        <ele>793.44</ele>
        <time>2026-02-19T08:56:59Z</time>
        <speed>0.76127416</speed>
      </trkpt>
      <trkpt lat="29.2148398" lon="119.6824271">
        <ele>793.12</ele>
        <time>2026-02-19T08:57:07Z</time>
        <speed>1.1282711</speed>
      </trkpt>
      <trkpt lat="29.2147413" lon="119.6824308">
        <ele>792.34</ele>
        <time>2026-02-19T08:57:15Z</time>
        <speed>1.2744522</speed>
      </trkpt>
      <trkpt lat="29.2146457" lon="119.6824438">
        <ele>790.56</ele>
        <time>2026-02-19T08:57:27Z</time>
        <speed>0.71958166</speed>
      </trkpt>
      <trkpt lat="29.214554" lon="119.6824667">
        <ele>787.01</ele>
        <time>2026-02-19T08:57:37Z</time>
        <speed>0.94091225</speed>
      </trkpt>
      <trkpt lat="29.2144602" lon="119.682486">
        <ele>783.22</ele>
        <time>2026-02-19T08:57:53Z</time>
        <speed>0.6145783</speed>
      </trkpt>
      <trkpt lat="29.2143542" lon="119.6824891">
        <ele>778.87</ele>
        <time>2026-02-19T08:58:07Z</time>
        <speed>0.78186303</speed>
      </trkpt>
      <trkpt lat="29.2142424" lon="119.6824647">
        <ele>775.09</ele>
        <time>2026-02-19T08:58:15Z</time>
        <speed>1.4726202</speed>
      </trkpt>
      <trkpt lat="29.2141318" lon="119.6824608">
        <ele>771.78</ele>
        <time>2026-02-19T08:58:23Z</time>
        <speed>1.4093094</speed>
      </trkpt>
      <trkpt lat="29.2140223" lon="119.6824677">
        <ele>768.52</ele>
        <time>2026-02-19T08:58:31Z</time>
        <speed>1.4010739</speed>
      </trkpt>
      <trkpt lat="29.2139372" lon="119.6825171">
        <ele>766.02</ele>
        <time>2026-02-19T08:58:51Z</time>
        <speed>0.3494964</speed>
      </trkpt>
      <trkpt lat="29.2138662" lon="119.6825902">
        <ele>763.56</ele>
        <time>2026-02-19T08:59:03Z</time>
        <speed>0.91311723</speed>
      </trkpt>
      <trkpt lat="29.2138179" lon="119.6826843">
        <ele>761.51</ele>
        <time>2026-02-19T08:59:11Z</time>
        <speed>1.2981294</speed>
      </trkpt>
      <trkpt lat="29.2137675" lon="119.6827821">
        <ele>760.17</ele>
        <time>2026-02-19T08:59:19Z</time>
        <speed>1.5004153</speed>
      </trkpt>
      <trkpt lat="29.2137258" lon="119.6828787">
        <ele>759.24</ele>
        <time>2026-02-19T08:59:29Z</time>
        <speed>0.89510196</speed>
      </trkpt>
      <trkpt lat="29.2136899" lon="119.6829795">
        <ele>758.28</ele>
        <time>2026-02-19T09:00:03Z</time>
        <speed>0.5996514</speed>
      </trkpt>
      <trkpt lat="29.213654" lon="119.683076">
        <ele>756.95</ele>
        <time>2026-02-19T09:00:19Z</time>
        <speed>0.0</speed>
      </trkpt>
      <trkpt lat="29.2136009" lon="119.6831679">
        <ele>754.99</ele>
        <time>2026-02-19T09:00:41Z</time>
        <speed>0.44472</speed>
      </trkpt>
      <trkpt lat="29.2135148" lon="119.6832153">
        <ele>752.03</ele>
        <time>2026-02-19T09:00:53Z</time>
        <speed>0.6073722</speed>
      </trkpt>
      <trkpt lat="29.2134375" lon="119.6832793">
        <ele>748.79</ele>
        <time>2026-02-19T09:01:03Z</time>
        <speed>0.85238</speed>
      </trkpt>
      <trkpt lat="29.2133479" lon="119.6833369">
        <ele>745.18</ele>
        <time>2026-02-19T09:01:13Z</time>
        <speed>0.9378239</speed>
      </trkpt>
      <trkpt lat="29.2132545" lon="119.6833662">
        <ele>740.16</ele>
        <time>2026-02-19T09:01:33Z</time>
        <speed>0.0</speed>
      </trkpt>
      <trkpt lat="29.2131596" lon="119.6833395">
        <ele>734.24</ele>
        <time>2026-02-19T09:01:53Z</time>
        <speed>0.48486835</speed>
      </trkpt>
      <trkpt lat="29.2130673" lon="119.6833092">
        <ele>732.97</ele>
        <time>2026-02-19T09:02:07Z</time>
        <speed>0.45758805</speed>
      </trkpt>
      <trkpt lat="29.2129728" lon="119.6833204">
        <ele>735.05</ele>
        <time>2026-02-19T09:02:23Z</time>
        <speed>0.67531556</speed>
      </trkpt>
      <trkpt lat="29.2128762" lon="119.6833342">
        <ele>737.61</ele>
        <time>2026-02-19T09:02:41Z</time>
        <speed>0.6274464</speed>
      </trkpt>
      <trkpt lat="29.2127817" lon="119.6833478">
        <ele>738.21</ele>
        <time>2026-02-19T09:03:01Z</time>
        <speed>0.54148775</speed>
      </trkpt>
      <trkpt lat="29.2126968" lon="119.6834046">
        <ele>735.19</ele>
        <time>2026-02-19T09:03:17Z</time>
        <speed>0.5301639</speed>
      </trkpt>
      <trkpt lat="29.2126255" lon="119.6833565">
        <ele>731.2</ele>
        <time>2026-02-19T09:03:49Z</time>
        <speed>0.29287696</speed>
      </trkpt>
      <trkpt lat="29.2125423" lon="119.6833728">
        <ele>724.27</ele>
        <time>2026-02-19T09:04:11Z</time>
        <speed>0.45964694</speed>
      </trkpt>
      <trkpt lat="29.2124876" lon="119.6834482">
        <ele>718.95</ele>
        <time>2026-02-19T09:04:23Z</time>
        <speed>0.5770036</speed>
      </trkpt>
      <trkpt lat="29.2124158" lon="119.6835229">
        <ele>715.23</ele>
        <time>2026-02-19T09:04:47Z</time>
        <speed>0.3011125</speed>
      </trkpt>
      <trkpt lat="29.2123313" lon="119.6835807">
        <ele>712.68</ele>
        <time>2026-02-19T09:05:17Z</time>
        <speed>0.47097084</speed>
      </trkpt>
      <trkpt lat="29.2122749" lon="119.6836869">
        <ele>708.3</ele>
        <time>2026-02-19T09:06:05Z</time>
        <speed>0.28361195</speed>
      </trkpt>
      <trkpt lat="29.2121931" lon="119.6837128">
        <ele>702.62</ele>
        <time>2026-02-19T09:06:23Z</time>
        <speed>0.46633834</speed>
      </trkpt>
      <trkpt lat="29.212111" lon="119.6837643">
        <ele>697.06</ele>
        <time>2026-02-19T09:06:45Z</time>
        <speed>0.639285</speed>
      </trkpt>
      <trkpt lat="29.212022" lon="119.683783">
        <ele>690.11</ele>
        <time>2026-02-19T09:07:19Z</time>
        <speed>0.6197256</speed>
      </trkpt>
      <trkpt lat="29.2119297" lon="119.6837824">
        <ele>678.92</ele>
        <time>2026-02-19T09:07:45Z</time>
        <speed>0.0</speed>
      </trkpt>
      <trkpt lat="29.2118381" lon="119.6838067">
        <ele>668.2</ele>
        <time>2026-02-19T09:08:09Z</time>
        <speed>0.5528117</speed>
      </trkpt>
      <trkpt lat="29.2117447" lon="119.6838321">
        <ele>661.02</ele>
        <time>2026-02-19T09:08:33Z</time>
        <speed>0.472515</speed>
      </trkpt>
      <trkpt lat="29.2116433" lon="119.6838413">
        <ele>655.16</ele>
        <time>2026-02-19T09:08:47Z</time>
        <speed>0.7252436</speed>
      </trkpt>
      <trkpt lat="29.2115443" lon="119.6838445">
        <ele>651.09</ele>
        <time>2026-02-19T09:08:55Z</time>
        <speed>0.9578981</speed>
      </trkpt>
      <trkpt lat="29.2114542" lon="119.6838212">
        <ele>647.83</ele>
        <time>2026-02-19T09:09:07Z</time>
        <speed>0.70774305</speed>
      </trkpt>
      <trkpt lat="29.2114289" lon="119.6837263">
        <ele>644.03</ele>
        <time>2026-02-19T09:09:47Z</time>
        <speed>0.53891414</speed>
      </trkpt>
      <trkpt lat="29.2114031" lon="119.6836071">
        <ele>636.79</ele>
        <time>2026-02-19T09:09:57Z</time>
        <speed>0.99186975</speed>
      </trkpt>
      <trkpt lat="29.2113984" lon="119.6834864">
        <ele>631.59</ele>
        <time>2026-02-19T09:10:07Z</time>
        <speed>0.86318916</speed>
      </trkpt>
      <trkpt lat="29.2114194" lon="119.6833729">
        <ele>626.56</ele>
        <time>2026-02-19T09:10:17Z</time>
        <speed>0.7952458</speed>
      </trkpt>
      <trkpt lat="29.2113838" lon="119.6832692">
        <ele>621.72</ele>
        <time>2026-02-19T09:10:25Z</time>
        <speed>0.97642803</speed>
      </trkpt>
      <trkpt lat="29.2113575" lon="119.6831598">
        <ele>617.67</ele>
        <time>2026-02-19T09:10:35Z</time>
        <speed>1.1606987</speed>
      </trkpt>
      <trkpt lat="29.2113651" lon="119.6830544">
        <ele>614.71</ele>
        <time>2026-02-19T09:10:47Z</time>
        <speed>0.69178665</speed>
      </trkpt>
      <trkpt lat="29.211378" lon="119.6829508">
        <ele>612.73</ele>
        <time>2026-02-19T09:11:03Z</time>
        <speed>0.6094311</speed>
      </trkpt>
      <trkpt lat="29.2113323" lon="119.6828677">
        <ele>610.05</ele>
        <time>2026-02-19T09:11:21Z</time>
        <speed>0.41743973</speed>
      </trkpt>
      <trkpt lat="29.2113067" lon="119.682772">
        <ele>606.8</ele>
        <time>2026-02-19T09:11:41Z</time>
        <speed>0.5126633</speed>
      </trkpt>
      <trkpt lat="29.2112797" lon="119.6826679">
        <ele>605.04</ele>
        <time>2026-02-19T09:12:03Z</time>
        <speed>0.47663277</speed>
      </trkpt>
      <trkpt lat="29.2112625" lon="119.6825584">
        <ele>603.21</ele>
        <time>2026-02-19T09:12:17Z</time>
        <speed>0.5121486</speed>
      </trkpt>
      <trkpt lat="29.2112203" lon="119.6824398">
        <ele>601.66</ele>
        <time>2026-02-19T09:12:35Z</time>
        <speed>0.7442883</speed>
      </trkpt>
      <trkpt lat="29.2111635" lon="119.6823347">
        <ele>597.93</ele>
        <time>2026-02-19T09:12:47Z</time>
        <speed>1.1864347</speed>
      </trkpt>
      <trkpt lat="29.2111476" lon="119.6823068">
        <ele>593.32</ele>
        <time>2026-02-19T09:12:49Z</time>
        <speed>0.0</speed>
      </trkpt>
      <trkpt lat="29.2111444" lon="119.6822278">
        <ele>590.21</ele>
        <time>2026-02-19T09:13:11Z</time>
        <speed>0.59398943</speed>
      </trkpt>
      <trkpt lat="29.2111267" lon="119.6821245">
        <ele>584.92</ele>
        <time>2026-02-19T09:13:27Z</time>
        <speed>0.55332637</speed>
      </trkpt>
      <trkpt lat="29.2111536" lon="119.6820166">
        <ele>579.66</ele>
        <time>2026-02-19T09:13:41Z</time>
        <speed>0.8075992</speed>
      </trkpt>
      <trkpt lat="29.2111304" lon="119.6819073">
        <ele>574.47</ele>
        <time>2026-02-19T09:14:05Z</time>
        <speed>0.6305347</speed>
      </trkpt>
      <trkpt lat="29.2111366" lon="119.6817886">
        <ele>570.31</ele>
        <time>2026-02-19T09:14:15Z</time>
        <speed>0.8101728</speed>
      </trkpt>
      <trkpt lat="29.2111449" lon="119.6816683">
        <ele>567.08</ele>
        <time>2026-02-19T09:14:25Z</time>
        <speed>1.0824609</speed>
      </trkpt>
      <trkpt lat="29.2111444" lon="119.6815571">
        <ele>564.47</ele>
        <time>2026-02-19T09:14:39Z</time>
        <speed>0.80965805</speed>
      </trkpt>
      <trkpt lat="29.211159" lon="119.6814535">
        <ele>562.2</ele>
        <time>2026-02-19T09:14:47Z</time>
        <speed>1.2965853</speed>
      </trkpt>
      <trkpt lat="29.2111929" lon="119.6813763">
        <ele>559.96</ele>
        <time>2026-02-19T09:15:11Z</time>
        <speed>0.0</speed>
      </trkpt>
      <trkpt lat="29.2111919" lon="119.6812818">
        <ele>559.16</ele>
        <time>2026-02-19T09:15:24Z</time>
        <speed>0.71186084</speed>
      </trkpt>
      <trkpt lat="29.2111654" lon="119.6811844">
        <ele>558.32</ele>
        <time>2026-02-19T09:15:42Z</time>
        <speed>0.50133944</speed>
      </trkpt>
      <trkpt lat="29.2111308" lon="119.6810734">
        <ele>558.22</ele>
        <time>2026-02-19T09:15:58Z</time>
        <speed>0.9337061</speed>
      </trkpt>
      <trkpt lat="29.2110864" lon="119.6809676">
        <ele>557.83</ele>
        <time>2026-02-19T09:16:06Z</time>
        <speed>1.4932091</speed>
      </trkpt>
      <trkpt lat="29.2110412" lon="119.6808521">
        <ele>557.17</ele>
        <time>2026-02-19T09:16:16Z</time>
        <speed>1.515857</speed>
      </trkpt>
      <trkpt lat="29.2110434" lon="119.6807394">
        <ele>556.28</ele>
        <time>2026-02-19T09:16:26Z</time>
        <speed>0.86061555</speed>
      </trkpt>
      <trkpt lat="29.2110374" lon="119.6806321">
        <ele>554.7</ele>
        <time>2026-02-19T09:16:32Z</time>
        <speed>1.0428272</speed>
      </trkpt>
      <trkpt lat="29.2110349" lon="119.6805157">
        <ele>553.54</ele>
        <time>2026-02-19T09:16:40Z</time>
        <speed>1.1457716</speed>
      </trkpt>
      <trkpt lat="29.2110154" lon="119.680407">
        <ele>551.5</ele>
        <time>2026-02-19T09:16:50Z</time>
        <speed>0.91414666</speed>
      </trkpt>
      <trkpt lat="29.2109629" lon="119.6803116">
        <ele>549.43</ele>
        <time>2026-02-19T09:17:00Z</time>
        <speed>0.89921975</speed>
      </trkpt>
      <trkpt lat="29.2108952" lon="119.680217">
        <ele>547.23</ele>
        <time>2026-02-19T09:17:16Z</time>
        <speed>0.6212697</speed>
      </trkpt>
      <trkpt lat="29.2108141" lon="119.6801307">
        <ele>544.03</ele>
        <time>2026-02-19T09:17:26Z</time>
        <speed>1.0371653</speed>
      </trkpt>
      <trkpt lat="29.2107463" lon="119.6800281">
        <ele>540.32</ele>
        <time>2026-02-19T09:17:40Z</time>
        <speed>0.7957606</speed>
      </trkpt>
      <trkpt lat="29.2106889" lon="119.6799239">
        <ele>534.33</ele>
        <time>2026-02-19T09:17:50Z</time>
        <speed>0.954295</speed>
      </trkpt>
      <trkpt lat="29.2106593" lon="119.6798045">
        <ele>529.03</ele>
        <time>2026-02-19T09:18:00Z</time>
        <speed>1.0675339</speed>
      </trkpt>
      <trkpt lat="29.2106407" lon="119.6796875">
        <ele>524.28</ele>
        <time>2026-02-19T09:18:10Z</time>
        <speed>1.1504042</speed>
      </trkpt>
      <trkpt lat="29.2106281" lon="119.6795774">
        <ele>520.63</ele>
        <time>2026-02-19T09:18:26Z</time>
        <speed>0.49928054</speed>
      </trkpt>
      <trkpt lat="29.2105798" lon="119.6794902">
        <ele>516.88</ele>
        <time>2026-02-19T09:18:36Z</time>
        <speed>0.99907583</speed>
      </trkpt>
      <trkpt lat="29.2105436" lon="119.6793913">
        <ele>513.62</ele>
        <time>2026-02-19T09:18:48Z</time>
        <speed>0.8307617</speed>
      </trkpt>
      <trkpt lat="29.2104794" lon="119.6792842">
        <ele>510.73</ele>
        <time>2026-02-19T09:18:58Z</time>
        <speed>0.9687072</speed>
      </trkpt>
      <trkpt lat="29.2104301" lon="119.6791727">
        <ele>508.39</ele>
        <time>2026-02-19T09:19:08Z</time>
        <speed>1.0927553</speed>
      </trkpt>
      <trkpt lat="29.2104028" lon="119.6790426">
        <ele>505.21</ele>
        <time>2026-02-19T09:19:16Z</time>
        <speed>1.5035036</speed>
      </trkpt>
      <trkpt lat="29.210396" lon="119.6789187">
        <ele>501.94</ele>
        <time>2026-02-19T09:19:26Z</time>
        <speed>1.102535</speed>
      </trkpt>
      <trkpt lat="29.2103818" lon="119.6788095">
        <ele>497.79</ele>
        <time>2026-02-19T09:19:36Z</time>
        <speed>1.0021641</speed>
      </trkpt>
      <trkpt lat="29.2103456" lon="119.6787073">
        <ele>493.88</ele>
        <time>2026-02-19T09:19:52Z</time>
        <speed>0.6104606</speed>
      </trkpt>
      <trkpt lat="29.2103346" lon="119.6785958">
        <ele>489.85</ele>
        <time>2026-02-19T09:20:06Z</time>
        <speed>0.6361967</speed>
      </trkpt>
      <trkpt lat="29.2103663" lon="119.6784964">
        <ele>485.87</ele>
        <time>2026-02-19T09:20:16Z</time>
        <speed>0.95069194</speed>
      </trkpt>
      <trkpt lat="29.2103514" lon="119.6783853">
        <ele>481.54</ele>
        <time>2026-02-19T09:20:26Z</time>
        <speed>1.2775406</speed>
      </trkpt>
      <trkpt lat="29.2103091" lon="119.6782818">
        <ele>476.83</ele>
        <time>2026-02-19T09:20:38Z</time>
        <speed>0.9470889</speed>
      </trkpt>
      <trkpt lat="29.2102466" lon="119.6782003">
        <ele>472.3</ele>
        <time>2026-02-19T09:20:50Z</time>
        <speed>0.82818806</speed>
      </trkpt>
      <trkpt lat="29.2101964" lon="119.6781115">
        <ele>468.0</ele>
        <time>2026-02-19T09:21:04Z</time>
        <speed>0.81892306</speed>
      </trkpt>
      <trkpt lat="29.2102128" lon="119.6780112">
        <ele>464.0</ele>
        <time>2026-02-19T09:21:14Z</time>
        <speed>1.0073113</speed>
      </trkpt>
      <trkpt lat="29.2102404" lon="119.6779026">
        <ele>460.26</ele>
        <time>2026-02-19T09:21:26Z</time>
        <speed>0.8462033</speed>
      </trkpt>
      <trkpt lat="29.2102011" lon="119.6778052">
        <ele>456.88</ele>
        <time>2026-02-19T09:21:42Z</time>
        <speed>0.7942164</speed>
      </trkpt>
      <trkpt lat="29.2101687" lon="119.6776888">
        <ele>453.23</ele>
        <time>2026-02-19T09:22:14Z</time>
        <speed>0.5275903</speed>
      </trkpt>
      <trkpt lat="29.2101638" lon="119.6775791">
        <ele>445.17</ele>
        <time>2026-02-19T09:22:22Z</time>
        <speed>1.1972439</speed>
      </trkpt>
      <trkpt lat="29.2102161" lon="119.6774826">
        <ele>441.44</ele>
        <time>2026-02-19T09:22:30Z</time>
        <speed>1.4710761</speed>
      </trkpt>
      <trkpt lat="29.210272" lon="119.6773774">
        <ele>440.78</ele>
        <time>2026-02-19T09:22:40Z</time>
        <speed>1.2657019</speed>
      </trkpt>
      <trkpt lat="29.2103018" lon="119.6772746">
        <ele>441.43</ele>
        <time>2026-02-19T09:22:50Z</time>
        <speed>0.89304304</speed>
      </trkpt>
      <trkpt lat="29.2103499" lon="119.6773281">
        <ele>440.52</ele>
        <time>2026-02-19T09:23:22Z</time>
        <speed>0.670683</speed>
      </trkpt>
      <trkpt lat="29.2104262" lon="119.6774185">
        <ele>436.08</ele>
        <time>2026-02-19T09:23:30Z</time>
        <speed>1.2847466</speed>
      </trkpt>
      <trkpt lat="29.2105334" lon="119.6774676">
        <ele>432.26</ele>
        <time>2026-02-19T09:23:38Z</time>
        <speed>1.3573225</speed>
      </trkpt>
      <trkpt lat="29.2106348" lon="119.6774486">
        <ele>429.01</ele>
        <time>2026-02-19T09:23:46Z</time>
        <speed>1.2986442</speed>
      </trkpt>
      <trkpt lat="29.2107175" lon="119.6773784">
        <ele>425.74</ele>
        <time>2026-02-19T09:23:54Z</time>
        <speed>1.210112</speed>
      </trkpt>
      <trkpt lat="29.2107885" lon="119.6772864">
        <ele>423.57</ele>
        <time>2026-02-19T09:24:04Z</time>
        <speed>1.0752547</speed>
      </trkpt>
      <trkpt lat="29.210857" lon="119.6772034">
        <ele>422.51</ele>
        <time>2026-02-19T09:24:14Z</time>
        <speed>0.94245636</speed>
      </trkpt>
      <trkpt lat="29.2107667" lon="119.67715">
        <ele>421.51</ele>
        <time>2026-02-19T09:25:40Z</time>
        <speed>0.46839723</speed>
      </trkpt>
      <trkpt lat="29.2106783" lon="119.67708">
        <ele>423.19</ele>
        <time>2026-02-19T09:25:46Z</time>
        <speed>0.9326767</speed>
      </trkpt>
      <trkpt lat="29.21059" lon="119.6770382">
        <ele>425.0</ele>
        <time>2026-02-19T09:25:56Z</time>
        <speed>0.63413775</speed>
      </trkpt>
      <trkpt lat="29.2105248" lon="119.6769422">
        <ele>426.59</ele>
        <time>2026-02-19T09:26:06Z</time>
        <speed>1.2729081</speed>
      </trkpt>
      <trkpt lat="29.2104907" lon="119.6768357">
        <ele>426.81</ele>
        <time>2026-02-19T09:26:14Z</time>
        <speed>1.3315864</speed>
      </trkpt>
      <trkpt lat="29.2104984" lon="119.6767254">
        <ele>426.03</ele>
        <time>2026-02-19T09:26:22Z</time>
        <speed>1.0129733</speed>
      </trkpt>
      <trkpt lat="29.2105605" lon="119.6766254">
        <ele>424.73</ele>
        <time>2026-02-19T09:26:36Z</time>
        <speed>0.5584736</speed>
      </trkpt>
      <trkpt lat="29.2106339" lon="119.6765277">
        <ele>418.56</ele>
        <time>2026-02-19T09:26:44Z</time>
        <speed>1.2106267</speed>
      </trkpt>
      <trkpt lat="29.2106928" lon="119.676431">
        <ele>412.86</ele>
        <time>2026-02-19T09:26:54Z</time>
        <speed>1.0757694</speed>
      </trkpt>
      <trkpt lat="29.210732" lon="119.6763183">
        <ele>407.07</ele>
        <time>2026-02-19T09:27:04Z</time>
        <speed>0.9697367</speed>
      </trkpt>
      <trkpt lat="29.2107467" lon="119.6761959">
        <ele>401.75</ele>
        <time>2026-02-19T09:27:14Z</time>
        <speed>0.95995694</speed>
      </trkpt>
      <trkpt lat="29.2107756" lon="119.6760744">
        <ele>397.6</ele>
        <time>2026-02-19T09:27:26Z</time>
        <speed>0.8575272</speed>
      </trkpt>
      <trkpt lat="29.2107888" lon="119.6759656">
        <ele>393.56</ele>
        <time>2026-02-19T09:27:34Z</time>
        <speed>0.9630453</speed>
      </trkpt>
      <trkpt lat="29.210799" lon="119.6758519">
        <ele>390.82</ele>
        <time>2026-02-19T09:28:08Z</time>
        <speed>0.58060664</speed>
      </trkpt>
      <trkpt lat="29.2108815" lon="119.6757985">
        <ele>391.11</ele>
        <time>2026-02-19T09:28:20Z</time>
        <speed>1.0217236</speed>
      </trkpt>
      <trkpt lat="29.2109448" lon="119.6757008">
        <ele>391.88</ele>
        <time>2026-02-19T09:28:28Z</time>
        <speed>1.7737328</speed>
      </trkpt>
      <trkpt lat="29.2110212" lon="119.6756287">
        <ele>392.88</ele>
        <time>2026-02-19T09:28:38Z</time>
        <speed>0.95275086</speed>
      </trkpt>
      <trkpt lat="29.2111229" lon="119.6756218">
        <ele>394.65</ele>
        <time>2026-02-19T09:28:50Z</time>
        <speed>0.9661336</speed>
      </trkpt>
      <trkpt lat="29.2112288" lon="119.6756276">
        <ele>396.26</ele>
        <time>2026-02-19T09:29:06Z</time>
        <speed>0.6356819</speed>
      </trkpt>
      <trkpt lat="29.2113268" lon="119.6756489">
        <ele>396.75</ele>
        <time>2026-02-19T09:29:20Z</time>
        <speed>0.72112584</speed>
      </trkpt>
      <trkpt lat="29.2113955" lon="119.6755892">
        <ele>396.13</ele>
        <time>2026-02-19T09:29:50Z</time>
        <speed>0.4519261</speed>
      </trkpt>
      <trkpt lat="29.2114658" lon="119.6754974">
        <ele>394.74</ele>
        <time>2026-02-19T09:30:04Z</time>
        <speed>0.880175</speed>
      </trkpt>
      <trkpt lat="29.2115082" lon="119.6753947">
        <ele>395.24</ele>
        <time>2026-02-19T09:30:28Z</time>
        <speed>0.6639917</speed>
      </trkpt>
      <trkpt lat="29.2115935" lon="119.6753239">
        <ele>397.89</ele>
        <time>2026-02-19T09:30:48Z</time>
        <speed>0.4333961</speed>
      </trkpt>
      <trkpt lat="29.2115262" lon="119.6753148">
        <ele>400.86</ele>
        <time>2026-02-19T09:31:20Z</time>
        <speed>0.6413439</speed>
      </trkpt>
      <trkpt lat="29.211557" lon="119.6752927">
        <ele>405.52</ele>
        <time>2026-02-19T09:31:38Z</time>
        <speed>1.0397389</speed>
      </trkpt>
      <trkpt lat="29.2115863" lon="119.6753035">
        <ele>409.56</ele>
        <time>2026-02-19T09:31:48Z</time>
        <speed>0.0</speed>
      </trkpt>
      <trkpt lat="29.211521" lon="119.6753127">
        <ele>412.59</ele>
        <time>2026-02-19T09:31:54Z</time>
        <speed>0.29030332</speed>
      </trkpt>
      <trkpt lat="29.211423" lon="119.6752963">
        <ele>415.35</ele>
        <time>2026-02-19T09:32:30Z</time>
        <speed>0.8302469</speed>
      </trkpt>
      <trkpt lat="29.211333" lon="119.6753419">
        <ele>412.87</ele>
        <time>2026-02-19T09:32:46Z</time>
        <speed>0.5245019</speed>
      </trkpt>
      <trkpt lat="29.2112816" lon="119.6752732">
        <ele>413.01</ele>
        <time>2026-02-19T09:33:14Z</time>
        <speed>0.6614181</speed>
      </trkpt>
      <trkpt lat="29.2112223" lon="119.6751923">
        <ele>409.95</ele>
        <time>2026-02-19T09:33:40Z</time>
        <speed>0.7056842</speed>
      </trkpt>
      <trkpt lat="29.2112318" lon="119.6750841">
        <ele>402.14</ele>
        <time>2026-02-19T09:33:52Z</time>
        <speed>0.7803189</speed>
      </trkpt>
      <trkpt lat="29.2112473" lon="119.6749691">
        <ele>394.25</ele>
        <time>2026-02-19T09:34:02Z</time>
        <speed>0.98209</speed>
      </trkpt>
      <trkpt lat="29.21127" lon="119.6748409">
        <ele>388.94</ele>
        <time>2026-02-19T09:34:12Z</time>
        <speed>1.5040183</speed>
      </trkpt>
      <trkpt lat="29.2112378" lon="119.6747213">
        <ele>383.89</ele>
        <time>2026-02-19T09:34:22Z</time>
        <speed>1.395412</speed>
      </trkpt>
      <trkpt lat="29.211169" lon="119.6746429">
        <ele>379.29</ele>
        <time>2026-02-19T09:34:30Z</time>
        <speed>1.3403367</speed>
      </trkpt>
      <trkpt lat="29.2110675" lon="119.6746377">
        <ele>376.15</ele>
        <time>2026-02-19T09:34:40Z</time>
        <speed>1.1874641</speed>
      </trkpt>
      <trkpt lat="29.2109648" lon="119.6746698">
        <ele>373.72</ele>
        <time>2026-02-19T09:34:48Z</time>
        <speed>1.4134272</speed>
      </trkpt>
      <trkpt lat="29.2108739" lon="119.6747316">
        <ele>371.73</ele>
        <time>2026-02-19T09:34:56Z</time>
        <speed>1.4762233</speed>
      </trkpt>
      <trkpt lat="29.2107841" lon="119.6747871">
        <ele>370.69</ele>
        <time>2026-02-19T09:35:04Z</time>
        <speed>1.4880619</speed>
      </trkpt>
      <trkpt lat="29.2106926" lon="119.6748237">
        <ele>370.69</ele>
        <time>2026-02-19T09:35:12Z</time>
        <speed>1.3578372</speed>
      </trkpt>
      <trkpt lat="29.2105944" lon="119.6748577">
        <ele>371.6</ele>
        <time>2026-02-19T09:35:20Z</time>
        <speed>1.3681316</speed>
      </trkpt>
      <trkpt lat="29.2104976" lon="119.6749008">
        <ele>372.46</ele>
        <time>2026-02-19T09:35:28Z</time>
        <speed>1.3743083</speed>
      </trkpt>
      <trkpt lat="29.2104019" lon="119.6749287">
        <ele>371.53</ele>
        <time>2026-02-19T09:35:36Z</time>
        <speed>1.065475</speed>
      </trkpt>
      <trkpt lat="29.2102878" lon="119.6749444">
        <ele>370.4</ele>
        <time>2026-02-19T09:35:42Z</time>
        <speed>1.8550589</speed>
      </trkpt>
      <trkpt lat="29.2101784" lon="119.6749536">
        <ele>369.88</ele>
        <time>2026-02-19T09:35:54Z</time>
        <speed>1.1632723</speed>
      </trkpt>
      <trkpt lat="29.2101443" lon="119.6749315">
        <ele>370.32</ele>
        <time>2026-02-19T09:36:10Z</time>
        <speed>0.0</speed>
      </trkpt>
      <trkpt lat="29.2100754" lon="119.6749414">
        <ele>370.27</ele>
        <time>2026-02-19T09:36:22Z</time>
        <speed>1.1159178</speed>
      </trkpt>
      <trkpt lat="29.2099899" lon="119.6749476">
        <ele>369.68</ele>
        <time>2026-02-19T09:36:30Z</time>
        <speed>1.3243803</speed>
      </trkpt>
      <trkpt lat="29.209893" lon="119.6749156">
        <ele>368.61</ele>
        <time>2026-02-19T09:36:38Z</time>
        <speed>1.448943</speed>
      </trkpt>
      <trkpt lat="29.2097928" lon="119.6748695">
        <ele>368.52</ele>
        <time>2026-02-19T09:36:46Z</time>
        <speed>1.2770258</speed>
      </trkpt>
      <trkpt lat="29.2096999" lon="119.674809">
        <ele>368.68</ele>
        <time>2026-02-19T09:36:56Z</time>
        <speed>1.2126856</speed>
      </trkpt>
      <trkpt lat="29.2096143" lon="119.6747401">
        <ele>369.42</ele>
        <time>2026-02-19T09:37:04Z</time>
        <speed>1.5426224</speed>
      </trkpt>
      <trkpt lat="29.20954" lon="119.6746524">
        <ele>370.53</ele>
        <time>2026-02-19T09:37:14Z</time>
        <speed>0.9630453</speed>
      </trkpt>
      <trkpt lat="29.2094957" lon="119.6745454">
        <ele>371.59</ele>
        <time>2026-02-19T09:37:22Z</time>
        <speed>1.0572394</speed>
      </trkpt>
      <trkpt lat="29.2094591" lon="119.6744432">
        <ele>372.63</ele>
        <time>2026-02-19T09:37:28Z</time>
        <speed>1.443281</speed>
      </trkpt>
      <trkpt lat="29.2094157" lon="119.6743346">
        <ele>373.05</ele>
        <time>2026-02-19T09:37:36Z</time>
        <speed>1.4540902</speed>
      </trkpt>
      <trkpt lat="29.2093632" lon="119.6742459">
        <ele>372.21</ele>
        <time>2026-02-19T09:37:44Z</time>
        <speed>1.3779113</speed>
      </trkpt>
      <trkpt lat="29.2093021" lon="119.6741539">
        <ele>370.91</ele>
        <time>2026-02-19T09:37:52Z</time>
        <speed>1.5132834</speed>
      </trkpt>
      <trkpt lat="29.2092442" lon="119.6740688">
        <ele>369.66</ele>
        <time>2026-02-19T09:38:00Z</time>
        <speed>1.384088</speed>
      </trkpt>
      <trkpt lat="29.2091995" lon="119.673971">
        <ele>369.03</ele>
        <time>2026-02-19T09:38:10Z</time>
        <speed>1.0031936</speed>
      </trkpt>
      <trkpt lat="29.2091947" lon="119.6739495">
        <ele>369.49</ele>
        <time>2026-02-19T09:38:22Z</time>
        <speed>0.0</speed>
      </trkpt>
      <trkpt lat="29.2091563" lon="119.6738774">
        <ele>370.61</ele>
        <time>2026-02-19T09:38:50Z</time>
        <speed>1.1004761</speed>
      </trkpt>
      <trkpt lat="29.209137" lon="119.673838">
        <ele>371.64</ele>
        <time>2026-02-19T09:39:00Z</time>
        <speed>0.0</speed>
      </trkpt>
      <trkpt lat="29.2090537" lon="119.6738451">
        <ele>371.02</ele>
        <time>2026-02-19T09:39:06Z</time>
        <speed>1.5441667</speed>
      </trkpt>
      <trkpt lat="29.2090101" lon="119.6738451">
        <ele>370.19</ele>
        <time>2026-02-19T09:39:26Z</time>
        <speed>0.0</speed>
      </trkpt>
      <trkpt lat="29.2090101" lon="119.6738451">
        <ele>370.19</ele>
        <time>2026-02-19T09:41:28Z</time>
        <speed>0.0</speed>
      </trkpt>
      <extensions>
        <PauseTimes>1771494088000:pause</PauseTimes>
      </extensions>
    </trkseg>
  </trk>
  <wpt lat="29.2095843" lon="119.6746745">
    <ele>358.9</ele>
    <time>2026-02-19T05:04:42Z</time>
    <name>向左观光</name>
    <cmt>向左观光</cmt>
    <desc></desc>
    <sym>Flag, Blue</sym>
    <type>user</type>
    <extensions>
      <PosType>0</PosType>
      <Speed>2.1839664</Speed>
      <Accuracy>1.6</Accuracy>
      <Time>1771477482284</Time>
      <description></description>
      <FileId>1563337728</FileId>
      <FileSize>2291315</FileSize>
      <FileType>0</FileType>
    </extensions>
  </wpt>
  <wpt lat="29.2102883" lon="119.6741007">
    <ele>342.9</ele>
    <time>2026-02-19T05:07:46Z</time>
    <name></name>
    <cmt></cmt>
    <desc></desc>
    <sym>Flag, Blue</sym>
    <type>user</type>
    <extensions>
      <PosType>0</PosType>
      <Speed>1.1468011</Speed>
      <Accuracy>1.4</Accuracy>
      <Time>1771477666319</Time>
      <description></description>
      <FileId>1563337727</FileId>
      <FileSize>995778</FileSize>
      <FileType>0</FileType>
    </extensions>
  </wpt>
  <wpt lat="29.2107139" lon="119.6738322">
    <ele>351.9</ele>
    <time>2026-02-19T05:08:48Z</time>
    <name></name>
    <cmt></cmt>
    <desc></desc>
    <sym>Flag, Blue</sym>
    <type>user</type>
    <extensions>
      <PosType>0</PosType>
      <Speed>1.1601839</Speed>
      <Accuracy>1.7</Accuracy>
      <Time>1771477728255</Time>
      <description></description>
      <FileId>1563337725</FileId>
      <FileSize>1536738</FileSize>
      <FileType>0</FileType>
    </extensions>
  </wpt>
  <wpt lat="29.2112917" lon="119.6744555">
    <ele>356.6</ele>
    <time>2026-02-19T05:13:42Z</time>
    <name></name>
    <cmt></cmt>
    <desc></desc>
    <sym>Flag, Blue</sym>
    <type>user</type>
    <extensions>
      <PosType>0</PosType>
      <Speed>1.4149714</Speed>
      <Accuracy>1.5</Accuracy>
      <Time>1771478022280</Time>
      <description></description>
      <FileId>1563337724</FileId>
      <FileSize>2279330</FileSize>
      <FileType>0</FileType>
    </extensions>
  </wpt>
  <wpt lat="29.2118029" lon="119.6746493">
    <ele>360.2</ele>
    <time>2026-02-19T05:14:58Z</time>
    <name>右转</name>
    <cmt>右转</cmt>
    <desc></desc>
    <sym>Flag, Blue</sym>
    <type>user</type>
    <extensions>
      <PosType>0</PosType>
      <Speed>1.5925505</Speed>
      <Accuracy>1.5</Accuracy>
      <Time>1771478098245</Time>
      <description></description>
      <FileId>1563337723</FileId>
      <FileSize>1512009</FileSize>
      <FileType>0</FileType>
    </extensions>
  </wpt>
  <wpt lat="29.2129152" lon="119.6751163">
    <ele>363.7</ele>
    <time>2026-02-19T05:18:40Z</time>
    <name>矿场</name>
    <cmt>矿场</cmt>
    <desc></desc>
    <sym>Flag, Blue</sym>
    <type>user</type>
    <extensions>
      <PosType>0</PosType>
      <Speed>0.8384825</Speed>
      <Accuracy>1.7</Accuracy>
      <Time>1771478320271</Time>
      <description></description>
      <FileId>1563337722</FileId>
      <FileSize>1687007</FileSize>
      <FileType>0</FileType>
    </extensions>
  </wpt>
  <wpt lat="29.2128771" lon="119.6745128">
    <ele>368.5</ele>
    <time>2026-02-19T05:21:38Z</time>
    <name></name>
    <cmt></cmt>
    <desc></desc>
    <sym>Flag, Blue</sym>
    <type>user</type>
    <extensions>
      <PosType>0</PosType>
      <Speed>1.9544003</Speed>
      <Accuracy>1.5</Accuracy>
      <Time>1771478498278</Time>
      <description></description>
      <FileId>1563337719</FileId>
      <FileSize>1181018</FileSize>
      <FileType>0</FileType>
    </extensions>
  </wpt>
  <wpt lat="29.2140442" lon="119.6739868">
    <ele>370.4</ele>
    <time>2026-02-19T05:23:42Z</time>
    <name>右转</name>
    <cmt>右转</cmt>
    <desc></desc>
    <sym>Flag, Blue</sym>
    <type>user</type>
    <extensions>
      <PosType>0</PosType>
      <Speed>1.0366505</Speed>
      <Accuracy>1.6</Accuracy>
      <Time>1771478622281</Time>
      <description></description>
      <FileId>1563337718</FileId>
      <FileSize>1621602</FileSize>
      <FileType>0</FileType>
    </extensions>
  </wpt>
  <wpt lat="29.2147103" lon="119.674445">
    <ele>391.4</ele>
    <time>2026-02-19T05:25:52Z</time>
    <name></name>
    <cmt></cmt>
    <desc></desc>
    <sym>Flag, Blue</sym>
    <type>user</type>
    <extensions>
      <PosType>0</PosType>
      <Speed>1.0577542</Speed>
      <Accuracy>1.5</Accuracy>
      <Time>1771478752270</Time>
      <description></description>
      <FileId>1563337716</FileId>
      <FileSize>1569474</FileSize>
      <FileType>0</FileType>
    </extensions>
  </wpt>
  <wpt lat="29.2155555" lon="119.6745113">
    <ele>406.3</ele>
    <time>2026-02-19T05:27:40Z</time>
    <name></name>
    <cmt></cmt>
    <desc></desc>
    <sym>Flag, Blue</sym>
    <type>user</type>
    <extensions>
      <PosType>0</PosType>
      <Speed>0.81480527</Speed>
      <Accuracy>1.6</Accuracy>
      <Time>1771478860285</Time>
      <description></description>
      <FileId>1563337712</FileId>
      <FileSize>1366550</FileSize>
      <FileType>0</FileType>
    </extensions>
  </wpt>
  <wpt lat="29.2158316" lon="119.6746257">
    <ele>412.5</ele>
    <time>2026-02-19T05:28:14Z</time>
    <name></name>
    <cmt></cmt>
    <desc></desc>
    <sym>Flag, Blue</sym>
    <type>user</type>
    <extensions>
      <PosType>0</PosType>
      <Speed>0.9681925</Speed>
      <Accuracy>1.5</Accuracy>
      <Time>1771478894287</Time>
      <description></description>
      <FileId>1563337709</FileId>
      <FileSize>477734</FileSize>
      <FileType>0</FileType>
    </extensions>
  </wpt>
  <wpt lat="29.2159886" lon="119.6745432">
    <ele>414.7</ele>
    <time>2026-02-19T05:33:14Z</time>
    <name></name>
    <cmt></cmt>
    <desc></desc>
    <sym>Flag, Blue</sym>
    <type>user</type>
    <extensions>
      <PosType>0</PosType>
      <Speed>0.52398723</Speed>
      <Accuracy>2.0</Accuracy>
      <Time>1771479194296</Time>
      <description></description>
      <FileId>1563337706</FileId>
      <FileSize>2368380</FileSize>
      <FileType>0</FileType>
    </extensions>
  </wpt>
  <wpt lat="29.2168769" lon="119.6736173">
    <ele>440.5</ele>
    <time>2026-02-19T05:37:34Z</time>
    <name></name>
    <cmt></cmt>
    <desc></desc>
    <sym>Flag, Blue</sym>
    <type>user</type>
    <extensions>
      <PosType>0</PosType>
      <Speed>0.6387703</Speed>
      <Accuracy>1.8</Accuracy>
      <Time>1771479454328</Time>
      <description></description>
      <FileId>1563337704</FileId>
      <FileSize>1471145</FileSize>
      <FileType>0</FileType>
    </extensions>
  </wpt>
  <wpt lat="29.2176507" lon="119.6731719">
    <ele>462.6</ele>
    <time>2026-02-19T05:40:10Z</time>
    <name>小瀑布</name>
    <cmt>小瀑布</cmt>
    <desc></desc>
    <sym>Flag, Blue</sym>
    <type>user</type>
    <extensions>
      <PosType>0</PosType>
      <Speed>0.77053916</Speed>
      <Accuracy>1.6</Accuracy>
      <Time>1771479610338</Time>
      <description></description>
      <FileId>1563337694</FileId>
      <FileSize>1119763</FileSize>
      <FileType>0</FileType>
    </extensions>
  </wpt>
  <wpt lat="29.2186515" lon="119.672541">
    <ele>489.4</ele>
    <time>2026-02-19T05:43:36Z</time>
    <name></name>
    <cmt></cmt>
    <desc></desc>
    <sym>Flag, Blue</sym>
    <type>user</type>
    <extensions>
      <PosType>0</PosType>
      <Speed>1.6059333</Speed>
      <Accuracy>1.6</Accuracy>
      <Time>1771479816355</Time>
      <description></description>
      <FileId>1563337684</FileId>
      <FileSize>1679957</FileSize>
      <FileType>0</FileType>
    </extensions>
  </wpt>
  <wpt lat="29.2200633" lon="119.6718327">
    <ele>530.6</ele>
    <time>2026-02-19T05:47:34Z</time>
    <name></name>
    <cmt></cmt>
    <desc></desc>
    <sym>Flag, Blue</sym>
    <type>user</type>
    <extensions>
      <PosType>0</PosType>
      <Speed>1.0670192</Speed>
      <Accuracy>1.8</Accuracy>
      <Time>1771480054336</Time>
      <description></description>
      <FileId>1563337623</FileId>
      <FileSize>471624</FileSize>
      <FileType>0</FileType>
    </extensions>
  </wpt>
  <wpt lat="29.220787" lon="119.6716542">
    <ele>556.1</ele>
    <time>2026-02-19T05:49:22Z</time>
    <name></name>
    <cmt></cmt>
    <desc></desc>
    <sym>Flag, Blue</sym>
    <type>user</type>
    <extensions>
      <PosType>0</PosType>
      <Speed>0.8369383</Speed>
      <Accuracy>1.7</Accuracy>
      <Time>1771480162299</Time>
      <description></description>
      <FileId>1563337620</FileId>
      <FileSize>2794422</FileSize>
      <FileType>0</FileType>
    </extensions>
  </wpt>
  <wpt lat="29.22102" lon="119.671431">
    <ele>571.4</ele>
    <time>2026-02-19T05:50:14Z</time>
    <name>右转</name>
    <cmt>右转</cmt>
    <desc></desc>
    <sym>Flag, Blue</sym>
    <type>user</type>
    <extensions>
      <PosType>0</PosType>
      <Speed>1.3233508</Speed>
      <Accuracy>1.7</Accuracy>
      <Time>1771480214304</Time>
      <description></description>
      <FileId>1563337619</FileId>
      <FileSize>1473769</FileSize>
      <FileType>0</FileType>
    </extensions>
  </wpt>
  <wpt lat="29.2217428" lon="119.6711641">
    <ele>593.4</ele>
    <time>2026-02-19T05:53:24Z</time>
    <name>爬升大</name>
    <cmt>爬升大</cmt>
    <desc></desc>
    <sym>Flag, Blue</sym>
    <type>user</type>
    <extensions>
      <PosType>0</PosType>
      <Speed>0.62847584</Speed>
      <Accuracy>1.8</Accuracy>
      <Time>1771480404354</Time>
      <description></description>
      <FileId>1563337613</FileId>
      <FileSize>1460296</FileSize>
      <FileType>0</FileType>
    </extensions>
  </wpt>
  <wpt lat="29.2223186" lon="119.6709917">
    <ele>620.4</ele>
    <time>2026-02-19T05:55:58Z</time>
    <name></name>
    <cmt></cmt>
    <desc></desc>
    <sym>Flag, Blue</sym>
    <type>user</type>
    <extensions>
      <PosType>0</PosType>
      <Speed>0.0</Speed>
      <Accuracy>1.6</Accuracy>
      <Time>1771480558295</Time>
      <description></description>
      <FileId>1563337607</FileId>
      <FileSize>973645</FileSize>
      <FileType>0</FileType>
    </extensions>
  </wpt>
  <wpt lat="29.2224872" lon="119.6708965">
    <ele>628.7</ele>
    <time>2026-02-19T05:58:52Z</time>
    <name></name>
    <cmt></cmt>
    <desc></desc>
    <sym>Flag, Blue</sym>
    <type>user</type>
    <extensions>
      <PosType>0</PosType>
      <Speed>0.67943335</Speed>
      <Accuracy>1.6</Accuracy>
      <Time>1771480732358</Time>
      <description></description>
      <FileId>1563337606</FileId>
      <FileSize>1307406</FileSize>
      <FileType>0</FileType>
    </extensions>
  </wpt>
  <wpt lat="29.2231342" lon="119.6716115">
    <ele>653.0</ele>
    <time>2026-02-19T06:01:38Z</time>
    <name></name>
    <cmt></cmt>
    <desc></desc>
    <sym>Flag, Blue</sym>
    <type>user</type>
    <extensions>
      <PosType>0</PosType>
      <Speed>0.5584736</Speed>
      <Accuracy>1.6</Accuracy>
      <Time>1771480898289</Time>
      <description></description>
      <FileId>1563337602</FileId>
      <FileSize>500826</FileSize>
      <FileType>0</FileType>
    </extensions>
  </wpt>
  <wpt lat="29.2238959" lon="119.6719009">
    <ele>695.5</ele>
    <time>2026-02-19T06:05:32Z</time>
    <name>基本土路</name>
    <cmt>基本土路</cmt>
    <desc></desc>
    <sym>Flag, Blue</sym>
    <type>user</type>
    <extensions>
      <PosType>0</PosType>
      <Speed>0.8019372</Speed>
      <Accuracy>1.6</Accuracy>
      <Time>1771481132316</Time>
      <description></description>
      <FileId>1563337599</FileId>
      <FileSize>1656823</FileSize>
      <FileType>0</FileType>
    </extensions>
  </wpt>
  <wpt lat="29.2257972" lon="119.6718448">
    <ele>758.4</ele>
    <time>2026-02-19T06:09:56Z</time>
    <name></name>
    <cmt></cmt>
    <desc></desc>
    <sym>Flag, Blue</sym>
    <type>user</type>
    <extensions>
      <PosType>0</PosType>
      <Speed>0.42927834</Speed>
      <Accuracy>1.6</Accuracy>
      <Time>1771481396293</Time>
      <description></description>
      <FileId>1563337597</FileId>
      <FileSize>505361</FileSize>
      <FileType>0</FileType>
    </extensions>
  </wpt>
  <wpt lat="29.2257972" lon="119.6718448">
    <ele>758.4</ele>
    <time>2026-02-19T06:09:56Z</time>
    <name>右转</name>
    <cmt>右转</cmt>
    <desc></desc>
    <sym>Flag, Blue</sym>
    <type>user</type>
    <extensions>
      <PosType>0</PosType>
      <Speed>0.42927834</Speed>
      <Accuracy>1.6</Accuracy>
      <Time>1771481396293</Time>
      <description></description>
      <FileId>1563337596</FileId>
      <FileSize>495596</FileSize>
      <FileType>0</FileType>
    </extensions>
  </wpt>
  <wpt lat="29.2258808" lon="119.6718954">
    <ele>759.6</ele>
    <time>2026-02-19T06:10:44Z</time>
    <name>走过小溪</name>
    <cmt>走过小溪</cmt>
    <desc></desc>
    <sym>Flag, Blue</sym>
    <type>user</type>
    <extensions>
      <PosType>0</PosType>
      <Speed>0.5945042</Speed>
      <Accuracy>1.6</Accuracy>
      <Time>1771481444303</Time>
      <description></description>
      <FileId>1563337592</FileId>
      <FileSize>1281787</FileSize>
      <FileType>0</FileType>
    </extensions>
  </wpt>
  <wpt lat="29.2264515" lon="119.6722672">
    <ele>787.1</ele>
    <time>2026-02-19T06:12:28Z</time>
    <name></name>
    <cmt></cmt>
    <desc></desc>
    <sym>Flag, Blue</sym>
    <type>user</type>
    <extensions>
      <PosType>0</PosType>
      <Speed>0.84980637</Speed>
      <Accuracy>1.5</Accuracy>
      <Time>1771481548302</Time>
      <description></description>
      <FileId>1563337590</FileId>
      <FileSize>1595252</FileSize>
      <FileType>0</FileType>
    </extensions>
  </wpt>
  <wpt lat="29.226799" lon="119.6723811">
    <ele>809.5</ele>
    <time>2026-02-19T06:14:02Z</time>
    <name>竹林</name>
    <cmt>竹林</cmt>
    <desc></desc>
    <sym>Flag, Blue</sym>
    <type>user</type>
    <extensions>
      <PosType>0</PosType>
      <Speed>0.8142906</Speed>
      <Accuracy>1.7</Accuracy>
      <Time>1771481642313</Time>
      <description></description>
      <FileId>1563337587</FileId>
      <FileSize>1689381</FileSize>
      <FileType>0</FileType>
    </extensions>
  </wpt>
  <wpt lat="29.2269992" lon="119.6725932">
    <ele>823.7</ele>
    <time>2026-02-19T06:16:08Z</time>
    <name>废墟</name>
    <cmt>废墟</cmt>
    <desc></desc>
    <sym>Flag, Blue</sym>
    <type>user</type>
    <extensions>
      <PosType>0</PosType>
      <Speed>0.6552414</Speed>
      <Accuracy>1.5</Accuracy>
      <Time>1771481768336</Time>
      <description></description>
      <FileId>1563337585</FileId>
      <FileSize>1686220</FileSize>
      <FileType>0</FileType>
    </extensions>
  </wpt>
  <wpt lat="29.2272876" lon="119.6733255">
    <ele>858.3</ele>
    <time>2026-02-19T06:19:32Z</time>
    <name></name>
    <cmt></cmt>
    <desc></desc>
    <sym>Flag, Blue</sym>
    <type>user</type>
    <extensions>
      <PosType>0</PosType>
      <Speed>0.63002</Speed>
      <Accuracy>1.6</Accuracy>
      <Time>1771481972304</Time>
      <description></description>
      <FileId>1563337584</FileId>
      <FileSize>519441</FileSize>
      <FileType>0</FileType>
    </extensions>
  </wpt>
  <wpt lat="29.2272876" lon="119.6733255">
    <ele>858.3</ele>
    <time>2026-02-19T06:19:32Z</time>
    <name>石头路</name>
    <cmt>石头路</cmt>
    <desc></desc>
    <sym>Flag, Blue</sym>
    <type>user</type>
    <extensions>
      <PosType>0</PosType>
      <Speed>0.63002</Speed>
      <Accuracy>1.6</Accuracy>
      <Time>1771481972304</Time>
      <description></description>
      <FileId>1563337582</FileId>
      <FileSize>1612814</FileSize>
      <FileType>0</FileType>
    </extensions>
  </wpt>
  <wpt lat="29.2290204" lon="119.6762005">
    <ele>964.7</ele>
    <time>2026-02-19T06:34:44Z</time>
    <name></name>
    <cmt></cmt>
    <desc></desc>
    <sym>Flag, Blue</sym>
    <type>user</type>
    <extensions>
      <PosType>0</PosType>
      <Speed>0.9012786</Speed>
      <Accuracy>1.6</Accuracy>
      <Time>1771482884292</Time>
      <description></description>
      <FileId>1563337580</FileId>
      <FileSize>1744322</FileSize>
      <FileType>0</FileType>
    </extensions>
  </wpt>
  <wpt lat="29.229414" lon="119.6765292">
    <ele>969.5</ele>
    <time>2026-02-19T06:36:02Z</time>
    <name>陡坡危险</name>
    <cmt>陡坡危险</cmt>
    <desc></desc>
    <sym>Flag, Blue</sym>
    <type>user</type>
    <extensions>
      <PosType>0</PosType>
      <Speed>0.9028228</Speed>
      <Accuracy>1.5</Accuracy>
      <Time>1771482962301</Time>
      <description></description>
      <FileId>1563337579</FileId>
      <FileSize>1642473</FileSize>
      <FileType>0</FileType>
    </extensions>
  </wpt>
  <wpt lat="29.229943" lon="119.6770006">
    <ele>979.3</ele>
    <time>2026-02-19T06:38:04Z</time>
    <name></name>
    <cmt></cmt>
    <desc></desc>
    <sym>Flag, Blue</sym>
    <type>user</type>
    <extensions>
      <PosType>0</PosType>
      <Speed>0.79627526</Speed>
      <Accuracy>1.7</Accuracy>
      <Time>1771483084349</Time>
      <description></description>
      <FileId>1563337577</FileId>
      <FileSize>499131</FileSize>
      <FileType>0</FileType>
    </extensions>
  </wpt>
  <wpt lat="29.2305922" lon="119.678356">
    <ele>1022.8</ele>
    <time>2026-02-19T06:43:52Z</time>
    <name>冰</name>
    <cmt>冰</cmt>
    <desc></desc>
    <sym>Flag, Blue</sym>
    <type>user</type>
    <extensions>
      <PosType>0</PosType>
      <Speed>0.9105436</Speed>
      <Accuracy>1.5</Accuracy>
      <Time>1771483432374</Time>
      <description></description>
      <FileId>1563337576</FileId>
      <FileSize>1450899</FileSize>
      <FileType>0</FileType>
    </extensions>
  </wpt>
  <wpt lat="29.2306383" lon="119.678385">
    <ele>1034.2</ele>
    <time>2026-02-19T06:45:24Z</time>
    <name>左转</name>
    <cmt>左转</cmt>
    <desc></desc>
    <sym>Flag, Blue</sym>
    <type>user</type>
    <extensions>
      <PosType>0</PosType>
      <Speed>1.2672461</Speed>
      <Accuracy>1.5</Accuracy>
      <Time>1771483524330</Time>
      <description></description>
      <FileId>1563337573</FileId>
      <FileSize>1421411</FileSize>
      <FileType>0</FileType>
    </extensions>
  </wpt>
  <wpt lat="29.2309175" lon="119.6780503">
    <ele>1029.4</ele>
    <time>2026-02-19T06:46:18Z</time>
    <name>走公路</name>
    <cmt>走公路</cmt>
    <desc></desc>
    <sym>Flag, Blue</sym>
    <type>user</type>
    <extensions>
      <PosType>0</PosType>
      <Speed>1.0917258</Speed>
      <Accuracy>1.4</Accuracy>
      <Time>1771483578379</Time>
      <description></description>
      <FileId>1563337572</FileId>
      <FileSize>986816</FileSize>
      <FileType>0</FileType>
    </extensions>
  </wpt>
  <wpt lat="29.2337294" lon="119.6799807">
    <ele>1009.6</ele>
    <time>2026-02-19T06:50:12Z</time>
    <name></name>
    <cmt></cmt>
    <desc></desc>
    <sym>Flag, Blue</sym>
    <type>user</type>
    <extensions>
      <PosType>0</PosType>
      <Speed>1.5246072</Speed>
      <Accuracy>1.6</Accuracy>
      <Time>1771483812334</Time>
      <description></description>
      <FileId>1563337571</FileId>
      <FileSize>664928</FileSize>
      <FileType>0</FileType>
    </extensions>
  </wpt>
  <wpt lat="29.2326662" lon="119.6808816">
    <ele>1020.8</ele>
    <time>2026-02-19T06:52:36Z</time>
    <name>右转</name>
    <cmt>右转</cmt>
    <desc></desc>
    <sym>Flag, Blue</sym>
    <type>user</type>
    <extensions>
      <PosType>0</PosType>
      <Speed>1.3372483</Speed>
      <Accuracy>1.5</Accuracy>
      <Time>1771483956339</Time>
      <description></description>
      <FileId>1563337570</FileId>
      <FileSize>1022807</FileSize>
      <FileType>0</FileType>
    </extensions>
  </wpt>
  <wpt lat="29.2317341" lon="119.6812298">
    <ele>1013.6</ele>
    <time>2026-02-19T06:55:02Z</time>
    <name>大路直走，我走成右边了</name>
    <cmt>大路直走，我走成右边了</cmt>
    <desc></desc>
    <sym>Flag, Blue</sym>
    <type>user</type>
    <extensions>
      <PosType>0</PosType>
      <Speed>2.0928605</Speed>
      <Accuracy>1.1</Accuracy>
      <Time>1771484102363</Time>
      <description></description>
    </extensions>
  </wpt>
  <wpt lat="29.2312752" lon="119.6815214">
    <ele>1006.9</ele>
    <time>2026-02-19T06:56:16Z</time>
    <name></name>
    <cmt></cmt>
    <desc></desc>
    <sym>Flag, Blue</sym>
    <type>user</type>
    <extensions>
      <PosType>0</PosType>
      <Speed>1.521519</Speed>
      <Accuracy>1.3</Accuracy>
      <Time>1771484176310</Time>
      <description></description>
      <FileId>1563337567</FileId>
      <FileSize>1087080</FileSize>
      <FileType>0</FileType>
    </extensions>
  </wpt>
  <wpt lat="29.2309418" lon="119.6821949">
    <ele>1001.2</ele>
    <time>2026-02-19T06:57:18Z</time>
    <name></name>
    <cmt></cmt>
    <desc></desc>
    <sym>Flag, Blue</sym>
    <type>user</type>
    <extensions>
      <PosType>0</PosType>
      <Speed>0.93061775</Speed>
      <Accuracy>1.1</Accuracy>
      <Time>1771484238342</Time>
      <description></description>
      <FileId>1563337565</FileId>
      <FileSize>1456626</FileSize>
      <FileType>0</FileType>
    </extensions>
  </wpt>
  <wpt lat="29.2306651" lon="119.6822388">
    <ele>997.5</ele>
    <time>2026-02-19T06:57:44Z</time>
    <name></name>
    <cmt></cmt>
    <desc></desc>
    <sym>Flag, Blue</sym>
    <type>user</type>
    <extensions>
      <PosType>0</PosType>
      <Speed>1.4005592</Speed>
      <Accuracy>1.4</Accuracy>
      <Time>1771484264336</Time>
      <description></description>
      <FileId>1563337564</FileId>
      <FileSize>1099642</FileSize>
      <FileType>0</FileType>
    </extensions>
  </wpt>
  <wpt lat="29.2305356" lon="119.6822837">
    <ele>1003.9</ele>
    <time>2026-02-19T06:59:02Z</time>
    <name></name>
    <cmt></cmt>
    <desc></desc>
    <sym>Flag, Blue</sym>
    <type>user</type>
    <extensions>
      <PosType>0</PosType>
      <Speed>0.90488166</Speed>
      <Accuracy>1.3</Accuracy>
      <Time>1771484342379</Time>
      <description></description>
      <FileId>1563337563</FileId>
      <FileSize>621155</FileSize>
      <FileType>0</FileType>
    </extensions>
  </wpt>
  <wpt lat="29.2298231" lon="119.6828901">
    <ele>975.3</ele>
    <time>2026-02-19T07:01:10Z</time>
    <name>走错了，返回</name>
    <cmt>走错了，返回</cmt>
    <desc></desc>
    <sym>Flag, Blue</sym>
    <type>user</type>
    <extensions>
      <PosType>0</PosType>
      <Speed>0.0</Speed>
      <Accuracy>1.5</Accuracy>
      <Time>1771484470277</Time>
      <description></description>
      <FileId>1563337561</FileId>
      <FileSize>1398867</FileSize>
      <FileType>0</FileType>
    </extensions>
  </wpt>
  <wpt lat="29.2313352" lon="119.6827037">
    <ele>1007.9</ele>
    <time>2026-02-19T07:08:30Z</time>
    <name>走这个路</name>
    <cmt>走这个路</cmt>
    <desc></desc>
    <sym>Flag, Blue</sym>
    <type>user</type>
    <extensions>
      <PosType>0</PosType>
      <Speed>0.5512675</Speed>
      <Accuracy>1.4</Accuracy>
      <Time>1771484910305</Time>
      <description></description>
      <FileId>1563337559</FileId>
      <FileSize>1494433</FileSize>
      <FileType>0</FileType>
    </extensions>
  </wpt>
  <wpt lat="29.231492" lon="119.6863457">
    <ele>987.6</ele>
    <time>2026-02-19T07:13:00Z</time>
    <name>直行，左转的和我一样回头</name>
    <cmt>直行，左转的和我一样回头</cmt>
    <desc></desc>
    <sym>Flag, Blue</sym>
    <type>user</type>
    <extensions>
      <PosType>0</PosType>
      <Speed>1.3218067</Speed>
      <Accuracy>1.4</Accuracy>
      <Time>1771485180300</Time>
      <description></description>
      <FileId>1563337558</FileId>
      <FileSize>1809082</FileSize>
      <FileType>0</FileType>
    </extensions>
  </wpt>
  <wpt lat="29.232523" lon="119.6878368">
    <ele>954.2</ele>
    <time>2026-02-19T07:16:20Z</time>
    <name>走错回头</name>
    <cmt>走错回头</cmt>
    <desc></desc>
    <sym>Flag, Blue</sym>
    <type>user</type>
    <extensions>
      <PosType>0</PosType>
      <Speed>1.0726811</Speed>
      <Accuracy>1.5</Accuracy>
      <Time>1771485380282</Time>
      <description></description>
      <FileId>1563337557</FileId>
      <FileSize>1349143</FileSize>
      <FileType>0</FileType>
    </extensions>
  </wpt>
  <wpt lat="29.2317978" lon="119.6879324">
    <ele>978.8</ele>
    <time>2026-02-19T07:19:34Z</time>
    <name>一直大路走</name>
    <cmt>一直大路走</cmt>
    <desc></desc>
    <sym>Flag, Blue</sym>
    <type>user</type>
    <extensions>
      <PosType>0</PosType>
      <Speed>1.1874641</Speed>
      <Accuracy>1.5</Accuracy>
      <Time>1771485574275</Time>
      <description></description>
      <FileId>1563337556</FileId>
      <FileSize>1155201</FileSize>
      <FileType>0</FileType>
    </extensions>
  </wpt>
  <wpt lat="29.2308814" lon="119.6900605">
    <ele>956.6</ele>
    <time>2026-02-19T07:22:18Z</time>
    <name>继续大路</name>
    <cmt>继续大路</cmt>
    <desc></desc>
    <sym>Flag, Blue</sym>
    <type>user</type>
    <extensions>
      <PosType>0</PosType>
      <Speed>1.4293836</Speed>
      <Accuracy>1.4</Accuracy>
      <Time>1771485738286</Time>
      <description></description>
      <FileId>1563337555</FileId>
      <FileSize>1162290</FileSize>
      <FileType>0</FileType>
    </extensions>
  </wpt>
  <wpt lat="29.2307981" lon="119.6901401">
    <ele>956.6</ele>
    <time>2026-02-19T07:22:26Z</time>
    <name>点将台路牌</name>
    <cmt>点将台路牌</cmt>
    <desc></desc>
    <sym>Flag, Blue</sym>
    <type>user</type>
    <extensions>
      <PosType>0</PosType>
      <Speed>1.5282103</Speed>
      <Accuracy>1.4</Accuracy>
      <Time>1771485746282</Time>
      <description></description>
      <FileId>1563337554</FileId>
      <FileSize>1920118</FileSize>
      <FileType>0</FileType>
    </extensions>
  </wpt>
  <wpt lat="29.2301767" lon="119.689385">
    <ele>982.7</ele>
    <time>2026-02-19T07:31:04Z</time>
    <name>点将台</name>
    <cmt>点将台</cmt>
    <desc></desc>
    <sym>Flag, Blue</sym>
    <type>user</type>
    <extensions>
      <PosType>0</PosType>
      <Speed>0.0</Speed>
      <Accuracy>1.4</Accuracy>
      <Time>1771486264316</Time>
      <description></description>
      <FileId>1563337551</FileId>
      <FileSize>7856059</FileSize>
      <FileType>0</FileType>
    </extensions>
  </wpt>
  <wpt lat="29.2303094" lon="119.6898955">
    <ele>983.0</ele>
    <time>2026-02-19T07:32:22Z</time>
    <name>直行小路前进点将台</name>
    <cmt>直行小路前进点将台</cmt>
    <desc></desc>
    <sym>Flag, Blue</sym>
    <type>user</type>
    <extensions>
      <PosType>0</PosType>
      <Speed>0.0</Speed>
      <Accuracy>1.5</Accuracy>
      <Time>1771486342243</Time>
      <description></description>
      <FileId>1563337550</FileId>
      <FileSize>2223065</FileSize>
      <FileType>0</FileType>
    </extensions>
  </wpt>
  <wpt lat="29.230337" lon="119.6895724">
    <ele>988.2</ele>
    <time>2026-02-19T07:33:32Z</time>
    <name>上坡开始返回</name>
    <cmt>上坡开始返回</cmt>
    <desc></desc>
    <sym>Flag, Blue</sym>
    <type>user</type>
    <extensions>
      <PosType>0</PosType>
      <Speed>1.0242972</Speed>
      <Accuracy>1.3</Accuracy>
      <Time>1771486412343</Time>
      <description></description>
      <FileId>1563337549</FileId>
      <FileSize>1571806</FileSize>
      <FileType>0</FileType>
    </extensions>
  </wpt>
  <wpt lat="29.2306699" lon="119.6881063">
    <ele>1017.8</ele>
    <time>2026-02-19T07:36:24Z</time>
    <name>一直大路</name>
    <cmt>一直大路</cmt>
    <desc></desc>
    <sym>Flag, Blue</sym>
    <type>user</type>
    <extensions>
      <PosType>0</PosType>
      <Speed>1.0675339</Speed>
      <Accuracy>1.3</Accuracy>
      <Time>1771486584338</Time>
      <description></description>
      <FileId>1563337548</FileId>
      <FileSize>1296784</FileSize>
      <FileType>0</FileType>
    </extensions>
  </wpt>
  <wpt lat="29.2315349" lon="119.6816514">
    <ele>1010.0</ele>
    <time>2026-02-19T07:44:14Z</time>
    <name>一直走大路</name>
    <cmt>一直走大路</cmt>
    <desc></desc>
    <sym>Flag, Blue</sym>
    <type>user</type>
    <extensions>
      <PosType>0</PosType>
      <Speed>1.6203456</Speed>
      <Accuracy>1.3</Accuracy>
      <Time>1771487054353</Time>
      <description></description>
      <FileId>1563337546</FileId>
      <FileSize>1034138</FileSize>
      <FileType>0</FileType>
    </extensions>
  </wpt>
  <wpt lat="29.2321112" lon="119.6807681">
    <ele>1007.9</ele>
    <time>2026-02-19T07:49:28Z</time>
    <name>右转</name>
    <cmt>右转</cmt>
    <desc></desc>
    <sym>Flag, Blue</sym>
    <type>user</type>
    <extensions>
      <PosType>0</PosType>
      <Speed>1.4530609</Speed>
      <Accuracy>1.4</Accuracy>
      <Time>1771487368322</Time>
      <description></description>
      <FileId>1563337545</FileId>
      <FileSize>2143688</FileSize>
      <FileType>0</FileType>
    </extensions>
  </wpt>
  <wpt lat="29.2321091" lon="119.6808457">
    <ele>1009.4</ele>
    <time>2026-02-19T07:49:58Z</time>
    <name></name>
    <cmt></cmt>
    <desc></desc>
    <sym>Flag, Blue</sym>
    <type>user</type>
    <extensions>
      <PosType>0</PosType>
      <Speed>1.0690781</Speed>
      <Accuracy>1.2</Accuracy>
      <Time>1771487398305</Time>
      <description></description>
      <FileId>1563337544</FileId>
      <FileSize>2624997</FileSize>
      <FileType>0</FileType>
    </extensions>
  </wpt>
  <wpt lat="29.231057" lon="119.678178">
    <ele>1035.4</ele>
    <time>2026-02-19T07:54:51Z</time>
    <name></name>
    <cmt></cmt>
    <desc></desc>
    <sym>Flag, Blue</sym>
    <type>user</type>
    <extensions>
      <PosType>0</PosType>
      <Speed>1.1478306</Speed>
      <Accuracy>1.3</Accuracy>
      <Time>1771487691357</Time>
      <description></description>
      <FileId>1563337542</FileId>
      <FileSize>1119729</FileSize>
      <FileType>0</FileType>
    </extensions>
  </wpt>
  <wpt lat="29.2298587" lon="119.6787415">
    <ele>1045.4</ele>
    <time>2026-02-19T07:56:35Z</time>
    <name>左转</name>
    <cmt>左转</cmt>
    <desc></desc>
    <sym>Flag, Blue</sym>
    <type>user</type>
    <extensions>
      <PosType>0</PosType>
      <Speed>1.5225483</Speed>
      <Accuracy>1.4</Accuracy>
      <Time>1771487795339</Time>
      <description></description>
      <FileId>1563337540</FileId>
      <FileSize>957948</FileSize>
      <FileType>0</FileType>
    </extensions>
  </wpt>
  <wpt lat="29.2282114" lon="119.6807895">
    <ele>1013.0</ele>
    <time>2026-02-19T07:59:19Z</time>
    <name></name>
    <cmt></cmt>
    <desc></desc>
    <sym>Flag, Blue</sym>
    <type>user</type>
    <extensions>
      <PosType>0</PosType>
      <Speed>1.4777675</Speed>
      <Accuracy>1.2</Accuracy>
      <Time>1771487959378</Time>
      <description></description>
      <FileId>1563337539</FileId>
      <FileSize>1206496</FileSize>
      <FileType>0</FileType>
    </extensions>
  </wpt>
  <wpt lat="29.2273231" lon="119.6816101">
    <ele>1046.5</ele>
    <time>2026-02-19T08:02:53Z</time>
    <name>大陡坡</name>
    <cmt>大陡坡</cmt>
    <desc></desc>
    <sym>Flag, Blue</sym>
    <type>user</type>
    <extensions>
      <PosType>0</PosType>
      <Speed>0.71186084</Speed>
      <Accuracy>1.4</Accuracy>
      <Time>1771488173394</Time>
      <description></description>
      <FileId>1563337538</FileId>
      <FileSize>1475089</FileSize>
      <FileType>0</FileType>
    </extensions>
  </wpt>
  <wpt lat="29.2269648" lon="119.681822">
    <ele>1066.9</ele>
    <time>2026-02-19T08:04:03Z</time>
    <name></name>
    <cmt></cmt>
    <desc></desc>
    <sym>Flag, Blue</sym>
    <type>user</type>
    <extensions>
      <PosType>0</PosType>
      <Speed>0.5790625</Speed>
      <Accuracy>1.3</Accuracy>
      <Time>1771488243337</Time>
      <description></description>
      <FileId>1563337536</FileId>
      <FileSize>543760</FileSize>
      <FileType>0</FileType>
    </extensions>
  </wpt>
  <wpt lat="29.2269648" lon="119.681822">
    <ele>1066.9</ele>
    <time>2026-02-19T08:04:03Z</time>
    <name>右转</name>
    <cmt>右转</cmt>
    <desc></desc>
    <sym>Flag, Blue</sym>
    <type>user</type>
    <extensions>
      <PosType>0</PosType>
      <Speed>0.5790625</Speed>
      <Accuracy>1.3</Accuracy>
      <Time>1771488243337</Time>
      <description></description>
      <FileId>1563337535</FileId>
      <FileSize>1030554</FileSize>
      <FileType>0</FileType>
    </extensions>
  </wpt>
  <wpt lat="29.2258314" lon="119.6811079">
    <ele>1068.7</ele>
    <time>2026-02-19T08:06:37Z</time>
    <name></name>
    <cmt></cmt>
    <desc></desc>
    <sym>Flag, Blue</sym>
    <type>user</type>
    <extensions>
      <PosType>0</PosType>
      <Speed>0.74943554</Speed>
      <Accuracy>1.3</Accuracy>
      <Time>1771488397355</Time>
      <description></description>
      <FileId>1563337534</FileId>
      <FileSize>617305</FileSize>
      <FileType>0</FileType>
    </extensions>
  </wpt>
  <wpt lat="29.2257562" lon="119.6810416">
    <ele>1072.5</ele>
    <time>2026-02-19T08:06:47Z</time>
    <name>左转</name>
    <cmt>左转</cmt>
    <desc></desc>
    <sym>Flag, Blue</sym>
    <type>user</type>
    <extensions>
      <PosType>0</PosType>
      <Speed>0.8456886</Speed>
      <Accuracy>1.3</Accuracy>
      <Time>1771488407321</Time>
      <description></description>
      <FileId>1563337533</FileId>
      <FileSize>746232</FileSize>
      <FileType>0</FileType>
    </extensions>
  </wpt>
  <wpt lat="29.2253893" lon="119.6811823">
    <ele>1061.5</ele>
    <time>2026-02-19T08:07:53Z</time>
    <name>下坡</name>
    <cmt>下坡</cmt>
    <desc></desc>
    <sym>Flag, Blue</sym>
    <type>user</type>
    <extensions>
      <PosType>0</PosType>
      <Speed>0.70516944</Speed>
      <Accuracy>1.4</Accuracy>
      <Time>1771488473290</Time>
      <description></description>
      <FileId>1563337532</FileId>
      <FileSize>1146547</FileSize>
      <FileType>0</FileType>
    </extensions>
  </wpt>
  <wpt lat="29.2246538" lon="119.6818943">
    <ele>1015.9</ele>
    <time>2026-02-19T08:09:51Z</time>
    <name>观景台</name>
    <cmt>观景台</cmt>
    <desc></desc>
    <sym>Flag, Blue</sym>
    <type>user</type>
    <extensions>
      <PosType>0</PosType>
      <Speed>0.5723711</Speed>
      <Accuracy>1.3</Accuracy>
      <Time>1771488591366</Time>
      <description></description>
      <FileId>1563337531</FileId>
      <FileSize>947465</FileSize>
      <FileType>0</FileType>
    </extensions>
  </wpt>
  <wpt lat="29.2235547" lon="119.6834988">
    <ele>945.0</ele>
    <time>2026-02-19T08:27:16Z</time>
    <name>一直下坡</name>
    <cmt>一直下坡</cmt>
    <desc></desc>
    <sym>Flag, Blue</sym>
    <type>user</type>
    <extensions>
      <PosType>0</PosType>
      <Speed>0.0</Speed>
      <Accuracy>1.4</Accuracy>
      <Time>1771489636359</Time>
      <description></description>
      <FileId>1563337530</FileId>
      <FileSize>1766396</FileSize>
      <FileType>0</FileType>
    </extensions>
  </wpt>
  <wpt lat="29.2233381" lon="119.6836453">
    <ele>933.3</ele>
    <time>2026-02-19T08:29:50Z</time>
    <name></name>
    <cmt></cmt>
    <desc></desc>
    <sym>Flag, Blue</sym>
    <type>user</type>
    <extensions>
      <PosType>0</PosType>
      <Speed>0.8184083</Speed>
      <Accuracy>1.3</Accuracy>
      <Time>1771489790387</Time>
      <description></description>
      <FileId>1563337528</FileId>
      <FileSize>523151</FileSize>
      <FileType>0</FileType>
    </extensions>
  </wpt>
  <wpt lat="29.2191391" lon="119.6825518">
    <ele>884.3</ele>
    <time>2026-02-19T08:39:03Z</time>
    <name></name>
    <cmt></cmt>
    <desc></desc>
    <sym>Flag, Blue</sym>
    <type>user</type>
    <extensions>
      <PosType>0</PosType>
      <Speed>1.006282</Speed>
      <Accuracy>1.4</Accuracy>
      <Time>1771490343349</Time>
      <description></description>
      <FileId>1563337527</FileId>
      <FileSize>640782</FileSize>
      <FileType>0</FileType>
    </extensions>
  </wpt>
  <wpt lat="29.2178538" lon="119.6822522">
    <ele>874.1</ele>
    <time>2026-02-19T08:41:25Z</time>
    <name>上坡</name>
    <cmt>上坡</cmt>
    <desc></desc>
    <sym>Flag, Blue</sym>
    <type>user</type>
    <extensions>
      <PosType>0</PosType>
      <Speed>1.0685633</Speed>
      <Accuracy>1.4</Accuracy>
      <Time>1771490485347</Time>
      <description></description>
      <FileId>1563337526</FileId>
      <FileSize>1713018</FileSize>
      <FileType>0</FileType>
    </extensions>
  </wpt>
  <wpt lat="29.217247" lon="119.6821134">
    <ele>884.2</ele>
    <time>2026-02-19T08:43:37Z</time>
    <name>下坡</name>
    <cmt>下坡</cmt>
    <desc></desc>
    <sym>Flag, Blue</sym>
    <type>user</type>
    <extensions>
      <PosType>0</PosType>
      <Speed>0.58678335</Speed>
      <Accuracy>1.2</Accuracy>
      <Time>1771490617291</Time>
      <description></description>
      <FileId>1563337525</FileId>
      <FileSize>1437659</FileSize>
      <FileType>0</FileType>
    </extensions>
  </wpt>
  <wpt lat="29.2165309" lon="119.6825204">
    <ele>847.8</ele>
    <time>2026-02-19T08:47:59Z</time>
    <name></name>
    <cmt></cmt>
    <desc></desc>
    <sym>Flag, Blue</sym>
    <type>user</type>
    <extensions>
      <PosType>0</PosType>
      <Speed>0.491045</Speed>
      <Accuracy>1.3</Accuracy>
      <Time>1771490879354</Time>
      <description></description>
      <FileId>1563337473</FileId>
      <FileSize>1537459</FileSize>
      <FileType>0</FileType>
    </extensions>
  </wpt>
  <wpt lat="29.21573" lon="119.6826">
    <ele>791.2</ele>
    <time>2026-02-19T08:55:17Z</time>
    <name>休息区</name>
    <cmt>休息区</cmt>
    <desc></desc>
    <sym>Flag, Blue</sym>
    <type>user</type>
    <extensions>
      <PosType>0</PosType>
      <Speed>0.0</Speed>
      <Accuracy>1.3</Accuracy>
      <Time>1771491317353</Time>
      <description></description>
      <FileId>1563337472</FileId>
      <FileSize>1837747</FileSize>
      <FileType>0</FileType>
    </extensions>
  </wpt>
  <wpt lat="29.2153196" lon="119.6825267">
    <ele>795.5</ele>
    <time>2026-02-19T08:56:13Z</time>
    <name></name>
    <cmt></cmt>
    <desc></desc>
    <sym>Flag, Blue</sym>
    <type>user</type>
    <extensions>
      <PosType>0</PosType>
      <Speed>1.2209212</Speed>
      <Accuracy>1.4</Accuracy>
      <Time>1771491373300</Time>
      <description></description>
      <FileId>1563337471</FileId>
      <FileSize>1472425</FileSize>
      <FileType>0</FileType>
    </extensions>
  </wpt>
  <wpt lat="29.2150261" lon="119.6824538">
    <ele>792.9</ele>
    <time>2026-02-19T08:56:47Z</time>
    <name></name>
    <cmt></cmt>
    <desc></desc>
    <sym>Flag, Blue</sym>
    <type>user</type>
    <extensions>
      <PosType>0</PosType>
      <Speed>1.0551805</Speed>
      <Accuracy>1.3</Accuracy>
      <Time>1771491407363</Time>
      <description></description>
      <FileId>1563337470</FileId>
      <FileSize>608920</FileSize>
      <FileType>0</FileType>
    </extensions>
  </wpt>
  <wpt lat="29.2140223" lon="119.6824677">
    <ele>762.7</ele>
    <time>2026-02-19T08:58:31Z</time>
    <name>休息区</name>
    <cmt>休息区</cmt>
    <desc></desc>
    <sym>Flag, Blue</sym>
    <type>user</type>
    <extensions>
      <PosType>0</PosType>
      <Speed>1.4010739</Speed>
      <Accuracy>1.3</Accuracy>
      <Time>1771491511374</Time>
      <description></description>
      <FileId>1563337469</FileId>
      <FileSize>1716811</FileSize>
      <FileType>0</FileType>
    </extensions>
  </wpt>
  <wpt lat="29.2123313" lon="119.6835807">
    <ele>702.5</ele>
    <time>2026-02-19T09:05:17Z</time>
    <name></name>
    <cmt></cmt>
    <desc></desc>
    <sym>Flag, Blue</sym>
    <type>user</type>
    <extensions>
      <PosType>0</PosType>
      <Speed>0.47097084</Speed>
      <Accuracy>1.4</Accuracy>
      <Time>1771491917320</Time>
      <description></description>
      <FileId>1563337468</FileId>
      <FileSize>1416689</FileSize>
      <FileType>0</FileType>
    </extensions>
  </wpt>
  <wpt lat="29.2118381" lon="119.6838067">
    <ele>651.5</ele>
    <time>2026-02-19T09:08:09Z</time>
    <name>密林</name>
    <cmt>密林</cmt>
    <desc></desc>
    <sym>Flag, Blue</sym>
    <type>user</type>
    <extensions>
      <PosType>0</PosType>
      <Speed>0.5528117</Speed>
      <Accuracy>1.3</Accuracy>
      <Time>1771492089296</Time>
      <description></description>
      <FileId>1563337464</FileId>
      <FileSize>1463412</FileSize>
      <FileType>0</FileType>
    </extensions>
  </wpt>
  <wpt lat="29.2115443" lon="119.6838445">
    <ele>643.5</ele>
    <time>2026-02-19T09:08:55Z</time>
    <name>往后</name>
    <cmt>往后</cmt>
    <desc></desc>
    <sym>Flag, Blue</sym>
    <type>user</type>
    <extensions>
      <PosType>0</PosType>
      <Speed>0.9578981</Speed>
      <Accuracy>1.5</Accuracy>
      <Time>1771492135300</Time>
      <description></description>
      <FileId>1563337463</FileId>
      <FileSize>1773187</FileSize>
      <FileType>0</FileType>
    </extensions>
  </wpt>
  <wpt lat="29.2111449" lon="119.6816683">
    <ele>561.0</ele>
    <time>2026-02-19T09:14:25Z</time>
    <name>休息区</name>
    <cmt>休息区</cmt>
    <desc></desc>
    <sym>Flag, Blue</sym>
    <type>user</type>
    <extensions>
      <PosType>0</PosType>
      <Speed>1.0824609</Speed>
      <Accuracy>1.5</Accuracy>
      <Time>1771492465310</Time>
      <description></description>
      <FileId>1563337462</FileId>
      <FileSize>1208702</FileSize>
      <FileType>0</FileType>
    </extensions>
  </wpt>
  <wpt lat="29.2102128" lon="119.6780112">
    <ele>455.3</ele>
    <time>2026-02-19T09:21:14Z</time>
    <name>竹林</name>
    <cmt>竹林</cmt>
    <desc></desc>
    <sym>Flag, Blue</sym>
    <type>user</type>
    <extensions>
      <PosType>0</PosType>
      <Speed>1.0073113</Speed>
      <Accuracy>1.4</Accuracy>
      <Time>1771492874296</Time>
      <description></description>
      <FileId>1563337461</FileId>
      <FileSize>1397528</FileSize>
      <FileType>0</FileType>
    </extensions>
  </wpt>
  <wpt lat="29.2102011" lon="119.6778052">
    <ele>448.4</ele>
    <time>2026-02-19T09:21:42Z</time>
    <name></name>
    <cmt></cmt>
    <desc></desc>
    <sym>Flag, Blue</sym>
    <type>user</type>
    <extensions>
      <PosType>0</PosType>
      <Speed>0.7942164</Speed>
      <Accuracy>1.4</Accuracy>
      <Time>1771492902307</Time>
      <description></description>
      <FileId>1563337459</FileId>
      <FileSize>793848</FileSize>
      <FileType>0</FileType>
    </extensions>
  </wpt>
  <wpt lat="29.2103018" lon="119.6772746">
    <ele>439.3</ele>
    <time>2026-02-19T09:22:50Z</time>
    <name>往右边</name>
    <cmt>往右边</cmt>
    <desc></desc>
    <sym>Flag, Blue</sym>
    <type>user</type>
    <extensions>
      <PosType>0</PosType>
      <Speed>0.89304304</Speed>
      <Accuracy>1.4</Accuracy>
      <Time>1771492970302</Time>
      <description></description>
      <FileId>1563337457</FileId>
      <FileSize>1654622</FileSize>
      <FileType>0</FileType>
    </extensions>
  </wpt>
  <wpt lat="29.2106348" lon="119.6774486">
    <ele>421.4</ele>
    <time>2026-02-19T09:23:46Z</time>
    <name></name>
    <cmt></cmt>
    <desc></desc>
    <sym>Flag, Blue</sym>
    <type>user</type>
    <extensions>
      <PosType>0</PosType>
      <Speed>1.2986442</Speed>
      <Accuracy>1.4</Accuracy>
      <Time>1771493026287</Time>
      <description></description>
      <FileId>1563337455</FileId>
      <FileSize>1089893</FileSize>
      <FileType>0</FileType>
    </extensions>
  </wpt>
  <wpt lat="29.2104984" lon="119.6767254">
    <ele>423.0</ele>
    <time>2026-02-19T09:26:22Z</time>
    <name></name>
    <cmt></cmt>
    <desc></desc>
    <sym>Flag, Blue</sym>
    <type>user</type>
    <extensions>
      <PosType>0</PosType>
      <Speed>1.0129733</Speed>
      <Accuracy>1.5</Accuracy>
      <Time>1771493182311</Time>
      <description></description>
      <FileId>1563337454</FileId>
      <FileSize>1558935</FileSize>
      <FileType>0</FileType>
    </extensions>
  </wpt>
  <wpt lat="29.2111229" lon="119.6756218">
    <ele>398.4</ele>
    <time>2026-02-19T09:28:50Z</time>
    <name></name>
    <cmt></cmt>
    <desc></desc>
    <sym>Flag, Blue</sym>
    <type>user</type>
    <extensions>
      <PosType>0</PosType>
      <Speed>0.9661336</Speed>
      <Accuracy>1.4</Accuracy>
      <Time>1771493330296</Time>
      <description></description>
      <FileId>1563337452</FileId>
      <FileSize>1427868</FileSize>
      <FileType>0</FileType>
    </extensions>
  </wpt>
  <wpt lat="29.211521" lon="119.6753127">
    <ele>419.0</ele>
    <time>2026-02-19T09:31:54Z</time>
    <name></name>
    <cmt></cmt>
    <desc></desc>
    <sym>Flag, Blue</sym>
    <type>user</type>
    <extensions>
      <PosType>0</PosType>
      <Speed>0.29030332</Speed>
      <Accuracy>1.8</Accuracy>
      <Time>1771493514348</Time>
      <description></description>
      <FileId>1563337451</FileId>
      <FileSize>1221913</FileSize>
      <FileType>0</FileType>
    </extensions>
  </wpt>
  <wpt lat="29.2112816" lon="119.6752732">
    <ele>405.9</ele>
    <time>2026-02-19T09:33:14Z</time>
    <name></name>
    <cmt></cmt>
    <desc></desc>
    <sym>Flag, Blue</sym>
    <type>user</type>
    <extensions>
      <PosType>0</PosType>
      <Speed>0.6614181</Speed>
      <Accuracy>1.6</Accuracy>
      <Time>1771493594301</Time>
      <description></description>
      <FileId>1563337450</FileId>
      <FileSize>1370272</FileSize>
      <FileType>0</FileType>
    </extensions>
  </wpt>
  <wpt lat="29.2112378" lon="119.6747213">
    <ele>373.2</ele>
    <time>2026-02-19T09:34:22Z</time>
    <name>回到水泥路</name>
    <cmt>回到水泥路</cmt>
    <desc></desc>
    <sym>Flag, Blue</sym>
    <type>user</type>
    <extensions>
      <PosType>0</PosType>
      <Speed>1.395412</Speed>
      <Accuracy>1.2</Accuracy>
      <Time>1771493662312</Time>
      <description></description>
      <FileId>1563337448</FileId>
      <FileSize>678454</FileSize>
      <FileType>0</FileType>
    </extensions>
  </wpt>
</gpx>