<?xml version='1.0' encoding='UTF-8' standalone='yes' ?>
<gpx version="1.1" creator="GPSBabel - http://www.gpsbabel.org" xmlns:xsi="http://www.w3.org/2001/XMLSchema-instance" xmlns="http://www.topografix.com/GPX/1/1" xsi:schemaLocation="http://www.topografix.com/GPX/1/1 http://www.topografix.com/GPX/1/1/gpx.xsd">
  <metadata>
    <link href="http://www.garmin.com">
      <text>Garmin International</text>
    </link>
    <time>2026-01-21T01:39:33Z</time>
    <bounds minlat="29.206307" minlon="119.650785" maxlat="29.234181" maxlon="119.667287" />
  </metadata>
  <extensions>
    <name><![CDATA[灶头大盘尖经典赏雪线路]]>
    </name>
    <description><![CDATA[]]>
    </description>
    <TrackId>78221345</TrackId>
    <TrackTypeId>7</TrackTypeId>
    <TrackTags>其它</TrackTags>
    <BeginTime>1768959573939</BeginTime>
    <EndTime>1768977522367</EndTime>
    <TimeUsed>17948000</TimeUsed>
    <PauseTime>2762</PauseTime>
    <PosStartName>灶头</PosStartName>
    <PosEndName>灶头</PosEndName>
    <ProductVersion>8.1.0</ProductVersion>
    <StartDistrictId>0</StartDistrictId>
    <EndDistrictId>9655</EndDistrictId>
    <CreaterId>60629478</CreaterId>
    <CreaterName><![CDATA[zs_6999115]]>
    </CreaterName>
    <CreaterIcon>0</CreaterIcon>
    <OriginCreaterId>60629478</OriginCreaterId>
    <OriginCreaterNickname><![CDATA[zs_6999115]]>
    </OriginCreaterNickname>
    <OriginCreaterName><![CDATA[null]]>
    </OriginCreaterName>
    <OriginCreaterIcon>0</OriginCreaterIcon>
    <ThumbnailId>1547527552</ThumbnailId>
    <Distance>12008.0</Distance>
    <ElevationGain>885.6266679999999</ElevationGain>
    <ElevationLoss>901.1516879999999</ElevationLoss>
    <SportAvgSpeed>0.669146878965885</SportAvgSpeed>
  </extensions>
  <trk>
    <trkseg>
      <trkpt lat="29.207023" lon="119.666971">
        <ele>523.210778</ele>
        <time>2026-01-21T01:39:35Z</time>
        <speed>0.531117</speed>
      </trkpt>
      <trkpt lat="29.207025" lon="119.666983">
        <ele>521.461937</ele>
        <time>2026-01-21T01:39:41Z</time>
        <speed>1.306415</speed>
      </trkpt>
      <trkpt lat="29.207048" lon="119.667055">
        <ele>516.08366</ele>
        <time>2026-01-21T01:39:46Z</time>
        <speed>0.98112</speed>
      </trkpt>
      <trkpt lat="29.207078" lon="119.667134">
        <ele>513.009515</ele>
        <time>2026-01-21T01:39:53Z</time>
        <speed>0.977581</speed>
      </trkpt>
      <trkpt lat="29.207089" lon="119.667186">
        <ele>512.60717</ele>
        <time>2026-01-21T01:39:58Z</time>
        <speed>1.021758</speed>
      </trkpt>
      <trkpt lat="29.207106" lon="119.667248">
        <ele>519.586654</ele>
        <time>2026-01-21T01:40:22Z</time>
        <speed>0.93554</speed>
      </trkpt>
      <trkpt lat="29.20712" lon="119.667287">
        <ele>519.71962</ele>
        <time>2026-01-21T01:40:31Z</time>
        <speed>0.080561</speed>
      </trkpt>
      <trkpt lat="29.207106" lon="119.667247">
        <ele>518.724567</ele>
        <time>2026-01-21T01:40:41Z</time>
        <speed>1.188959</speed>
      </trkpt>
      <trkpt lat="29.207086" lon="119.6672">
        <ele>518.352752</ele>
        <time>2026-01-21T01:40:45Z</time>
        <speed>1.250872</speed>
      </trkpt>
      <trkpt lat="29.207118" lon="119.667166">
        <ele>519.046028</ele>
        <time>2026-01-21T01:40:50Z</time>
        <speed>1.03277</speed>
      </trkpt>
      <trkpt lat="29.207161" lon="119.667179">
        <ele>519.517733</ele>
        <time>2026-01-21T01:40:54Z</time>
        <speed>1.258575</speed>
      </trkpt>
      <trkpt lat="29.207212" lon="119.667209">
        <ele>520.428429</ele>
        <time>2026-01-21T01:41:00Z</time>
        <speed>0.998123</speed>
      </trkpt>
      <trkpt lat="29.207258" lon="119.66722">
        <ele>521.824125</ele>
        <time>2026-01-21T01:41:04Z</time>
        <speed>0.971184</speed>
      </trkpt>
      <trkpt lat="29.207309" lon="119.667228">
        <ele>522.808811</ele>
        <time>2026-01-21T01:41:08Z</time>
        <speed>1.173731</speed>
      </trkpt>
      <trkpt lat="29.207365" lon="119.667236">
        <ele>523.220204</ele>
        <time>2026-01-21T01:41:13Z</time>
        <speed>1.072944</speed>
      </trkpt>
      <trkpt lat="29.207419" lon="119.667244">
        <ele>522.28612</ele>
        <time>2026-01-21T01:41:18Z</time>
        <speed>0.9728</speed>
      </trkpt>
      <trkpt lat="29.207467" lon="119.667247">
        <ele>521.420663</ele>
        <time>2026-01-21T01:41:22Z</time>
        <speed>1.649178</speed>
      </trkpt>
      <trkpt lat="29.207515" lon="119.667222">
        <ele>522.217805</ele>
        <time>2026-01-21T01:41:27Z</time>
        <speed>0.987293</speed>
      </trkpt>
      <trkpt lat="29.207529" lon="119.667166">
        <ele>523.632341</ele>
        <time>2026-01-21T01:41:32Z</time>
        <speed>1.291642</speed>
      </trkpt>
      <trkpt lat="29.207496" lon="119.667128">
        <ele>526.953606</ele>
        <time>2026-01-21T01:41:37Z</time>
        <speed>0.791787</speed>
      </trkpt>
      <trkpt lat="29.207439" lon="119.667121">
        <ele>528.377511</ele>
        <time>2026-01-21T01:41:41Z</time>
        <speed>1.512526</speed>
      </trkpt>
      <trkpt lat="29.207381" lon="119.667119">
        <ele>527.789351</ele>
        <time>2026-01-21T01:41:46Z</time>
        <speed>1.357893</speed>
      </trkpt>
      <trkpt lat="29.207317" lon="119.667113">
        <ele>527.499229</ele>
        <time>2026-01-21T01:41:51Z</time>
        <speed>1.037135</speed>
      </trkpt>
      <trkpt lat="29.207264" lon="119.667091">
        <ele>528.592648</ele>
        <time>2026-01-21T01:41:57Z</time>
        <speed>0.790413</speed>
      </trkpt>
      <trkpt lat="29.207226" lon="119.667055">
        <ele>529.381019</ele>
        <time>2026-01-21T01:42:02Z</time>
        <speed>1.271456</speed>
      </trkpt>
      <trkpt lat="29.207198" lon="119.667001">
        <ele>529.83786</ele>
        <time>2026-01-21T01:42:07Z</time>
        <speed>1.372405</speed>
      </trkpt>
      <trkpt lat="29.207171" lon="119.666953">
        <ele>529.84788</ele>
        <time>2026-01-21T01:42:12Z</time>
        <speed>0.856159</speed>
      </trkpt>
      <trkpt lat="29.207148" lon="119.666901">
        <ele>531.017662</ele>
        <time>2026-01-21T01:42:17Z</time>
        <speed>1.180527</speed>
      </trkpt>
      <trkpt lat="29.207125" lon="119.666842">
        <ele>532.21232</ele>
        <time>2026-01-21T01:42:23Z</time>
        <speed>1.172283</speed>
      </trkpt>
      <trkpt lat="29.207117" lon="119.666793">
        <ele>532.483796</ele>
        <time>2026-01-21T01:42:27Z</time>
        <speed>1.130112</speed>
      </trkpt>
      <trkpt lat="29.207108" lon="119.66674">
        <ele>532.708774</ele>
        <time>2026-01-21T01:42:31Z</time>
        <speed>1.113209</speed>
      </trkpt>
      <trkpt lat="29.207105" lon="119.666673">
        <ele>533.177564</ele>
        <time>2026-01-21T01:42:36Z</time>
        <speed>1.391842</speed>
      </trkpt>
      <trkpt lat="29.207107" lon="119.666608">
        <ele>533.354158</ele>
        <time>2026-01-21T01:42:41Z</time>
        <speed>1.019485</speed>
      </trkpt>
      <trkpt lat="29.207103" lon="119.666557">
        <ele>533.224448</ele>
        <time>2026-01-21T01:42:45Z</time>
        <speed>1.047391</speed>
      </trkpt>
      <trkpt lat="29.207091" lon="119.666497">
        <ele>533.918602</ele>
        <time>2026-01-21T01:42:50Z</time>
        <speed>1.2164</speed>
      </trkpt>
      <trkpt lat="29.207081" lon="119.666447">
        <ele>534.404222</ele>
        <time>2026-01-21T01:42:54Z</time>
        <speed>1.291369</speed>
      </trkpt>
      <trkpt lat="29.207072" lon="119.666389">
        <ele>534.124164</ele>
        <time>2026-01-21T01:42:59Z</time>
        <speed>1.095397</speed>
      </trkpt>
      <trkpt lat="29.207067" lon="119.666329">
        <ele>533.771855</ele>
        <time>2026-01-21T01:43:03Z</time>
        <speed>1.067554</speed>
      </trkpt>
      <trkpt lat="29.20707" lon="119.666266">
        <ele>534.157457</ele>
        <time>2026-01-21T01:43:08Z</time>
        <speed>1.387375</speed>
      </trkpt>
      <trkpt lat="29.207082" lon="119.666206">
        <ele>534.407654</ele>
        <time>2026-01-21T01:43:14Z</time>
        <speed>0.960091</speed>
      </trkpt>
      <trkpt lat="29.207106" lon="119.666158">
        <ele>535.075065</ele>
        <time>2026-01-21T01:43:20Z</time>
        <speed>0.563231</speed>
      </trkpt>
      <trkpt lat="29.207141" lon="119.666127">
        <ele>536.100056</ele>
        <time>2026-01-21T01:43:25Z</time>
        <speed>1.051616</speed>
      </trkpt>
      <trkpt lat="29.20719" lon="119.666117">
        <ele>536.079242</ele>
        <time>2026-01-21T01:43:31Z</time>
        <speed>1.010335</speed>
      </trkpt>
      <trkpt lat="29.207234" lon="119.666141">
        <ele>536.94027</ele>
        <time>2026-01-21T01:43:36Z</time>
        <speed>0.915297</speed>
      </trkpt>
      <trkpt lat="29.207271" lon="119.666182">
        <ele>538.327537</ele>
        <time>2026-01-21T01:43:41Z</time>
        <speed>1.126833</speed>
      </trkpt>
      <trkpt lat="29.2073" lon="119.666237">
        <ele>539.788989</ele>
        <time>2026-01-21T01:43:46Z</time>
        <speed>1.14984</speed>
      </trkpt>
      <trkpt lat="29.207327" lon="119.666297">
        <ele>541.203291</ele>
        <time>2026-01-21T01:43:52Z</time>
        <speed>1.233947</speed>
      </trkpt>
      <trkpt lat="29.207352" lon="119.666353">
        <ele>542.283253</ele>
        <time>2026-01-21T01:43:57Z</time>
        <speed>0.849451</speed>
      </trkpt>
      <trkpt lat="29.207379" lon="119.666393">
        <ele>542.615096</ele>
        <time>2026-01-21T01:44:01Z</time>
        <speed>0.872903</speed>
      </trkpt>
      <trkpt lat="29.207414" lon="119.666432">
        <ele>542.969798</ele>
        <time>2026-01-21T01:44:05Z</time>
        <speed>0.993144</speed>
      </trkpt>
      <trkpt lat="29.207453" lon="119.666467">
        <ele>543.220913</ele>
        <time>2026-01-21T01:44:09Z</time>
        <speed>1.21126</speed>
      </trkpt>
      <trkpt lat="29.207494" lon="119.666498">
        <ele>543.187541</ele>
        <time>2026-01-21T01:44:13Z</time>
        <speed>1.042668</speed>
      </trkpt>
      <trkpt lat="29.207535" lon="119.666525">
        <ele>543.200523</ele>
        <time>2026-01-21T01:44:17Z</time>
        <speed>1.00885</speed>
      </trkpt>
      <trkpt lat="29.207582" lon="119.666551">
        <ele>542.613268</ele>
        <time>2026-01-21T01:44:21Z</time>
        <speed>1.134892</speed>
      </trkpt>
      <trkpt lat="29.207622" lon="119.666574">
        <ele>542.374665</ele>
        <time>2026-01-21T01:44:24Z</time>
        <speed>1.453891</speed>
      </trkpt>
      <trkpt lat="29.207672" lon="119.666604">
        <ele>542.375092</ele>
        <time>2026-01-21T01:44:28Z</time>
        <speed>1.159372</speed>
      </trkpt>
      <trkpt lat="29.207722" lon="119.666657">
        <ele>543.334701</ele>
        <time>2026-01-21T01:44:35Z</time>
        <speed>1.138811</speed>
      </trkpt>
      <trkpt lat="29.207754" lon="119.666688">
        <ele>543.569325</ele>
        <time>2026-01-21T01:44:39Z</time>
        <speed>1.141275</speed>
      </trkpt>
      <trkpt lat="29.207792" lon="119.666724">
        <ele>542.649</ele>
        <time>2026-01-21T01:44:43Z</time>
        <speed>1.278267</speed>
      </trkpt>
      <trkpt lat="29.207834" lon="119.666761">
        <ele>542.532238</ele>
        <time>2026-01-21T01:44:48Z</time>
        <speed>0.902033</speed>
      </trkpt>
      <trkpt lat="29.20788" lon="119.666782">
        <ele>542.724201</ele>
        <time>2026-01-21T01:44:52Z</time>
        <speed>1.252332</speed>
      </trkpt>
      <trkpt lat="29.207928" lon="119.666763">
        <ele>543.918069</ele>
        <time>2026-01-21T01:44:56Z</time>
        <speed>1.257909</speed>
      </trkpt>
      <trkpt lat="29.207958" lon="119.666718">
        <ele>544.031636</ele>
        <time>2026-01-21T01:45:00Z</time>
        <speed>1.006448</speed>
      </trkpt>
      <trkpt lat="29.207976" lon="119.66666">
        <ele>543.219894</ele>
        <time>2026-01-21T01:45:04Z</time>
        <speed>1.117809</speed>
      </trkpt>
      <trkpt lat="29.20799" lon="119.666593">
        <ele>544.396821</ele>
        <time>2026-01-21T01:45:09Z</time>
        <speed>0.899843</speed>
      </trkpt>
      <trkpt lat="29.207997" lon="119.666535">
        <ele>545.285207</ele>
        <time>2026-01-21T01:45:14Z</time>
        <speed>0.794221</speed>
      </trkpt>
      <trkpt lat="29.207969" lon="119.666484">
        <ele>548.126646</ele>
        <time>2026-01-21T01:45:40Z</time>
        <speed>0.032172</speed>
      </trkpt>
      <trkpt lat="29.20798" lon="119.666435">
        <ele>548.584891</ele>
        <time>2026-01-21T01:46:23Z</time>
        <speed>0.83839</speed>
      </trkpt>
      <trkpt lat="29.207992" lon="119.66641">
        <ele>549.02998</ele>
        <time>2026-01-21T01:46:26Z</time>
        <speed>1.099466</speed>
      </trkpt>
      <trkpt lat="29.208021" lon="119.666364">
        <ele>549.041814</ele>
        <time>2026-01-21T01:46:31Z</time>
        <speed>0.923532</speed>
      </trkpt>
      <trkpt lat="29.208047" lon="119.666319">
        <ele>548.802687</ele>
        <time>2026-01-21T01:46:35Z</time>
        <speed>1.212948</speed>
      </trkpt>
      <trkpt lat="29.208072" lon="119.666274">
        <ele>549.417016</ele>
        <time>2026-01-21T01:46:39Z</time>
        <speed>1.216138</speed>
      </trkpt>
      <trkpt lat="29.208107" lon="119.666218">
        <ele>550.887495</ele>
        <time>2026-01-21T01:46:45Z</time>
        <speed>1.090202</speed>
      </trkpt>
      <trkpt lat="29.208132" lon="119.666178">
        <ele>551.740868</ele>
        <time>2026-01-21T01:46:49Z</time>
        <speed>1.226999</speed>
      </trkpt>
      <trkpt lat="29.208164" lon="119.666135">
        <ele>552.76901</ele>
        <time>2026-01-21T01:46:54Z</time>
        <speed>0.775931</speed>
      </trkpt>
      <trkpt lat="29.20819" lon="119.666085">
        <ele>552.329524</ele>
        <time>2026-01-21T01:47:00Z</time>
        <speed>0.904727</speed>
      </trkpt>
      <trkpt lat="29.208221" lon="119.666041">
        <ele>551.601408</ele>
        <time>2026-01-21T01:47:07Z</time>
        <speed>0.466046</speed>
      </trkpt>
      <trkpt lat="29.208252" lon="119.666002">
        <ele>551.520288</ele>
        <time>2026-01-21T01:47:14Z</time>
        <speed>0.750724</speed>
      </trkpt>
      <trkpt lat="29.20829" lon="119.665976">
        <ele>552.113778</ele>
        <time>2026-01-21T01:47:20Z</time>
        <speed>0.922173</speed>
      </trkpt>
      <trkpt lat="29.208332" lon="119.665951">
        <ele>552.643719</ele>
        <time>2026-01-21T01:47:25Z</time>
        <speed>1.072874</speed>
      </trkpt>
      <trkpt lat="29.208371" lon="119.665928">
        <ele>553.335099</ele>
        <time>2026-01-21T01:47:29Z</time>
        <speed>1.259057</speed>
      </trkpt>
      <trkpt lat="29.208415" lon="119.665902">
        <ele>554.223361</ele>
        <time>2026-01-21T01:47:34Z</time>
        <speed>0.985848</speed>
      </trkpt>
      <trkpt lat="29.208464" lon="119.665881">
        <ele>554.420706</ele>
        <time>2026-01-21T01:47:41Z</time>
        <speed>0.830568</speed>
      </trkpt>
      <trkpt lat="29.208504" lon="119.665849">
        <ele>554.526909</ele>
        <time>2026-01-21T01:47:46Z</time>
        <speed>1.204041</speed>
      </trkpt>
      <trkpt lat="29.208542" lon="119.665819">
        <ele>555.385691</ele>
        <time>2026-01-21T01:47:51Z</time>
        <speed>0.889762</speed>
      </trkpt>
      <trkpt lat="29.208577" lon="119.665784">
        <ele>555.552305</ele>
        <time>2026-01-21T01:47:55Z</time>
        <speed>1.176986</speed>
      </trkpt>
      <trkpt lat="29.208619" lon="119.665746">
        <ele>556.749784</ele>
        <time>2026-01-21T01:48:01Z</time>
        <speed>1.078132</speed>
      </trkpt>
      <trkpt lat="29.208662" lon="119.665707">
        <ele>558.218278</ele>
        <time>2026-01-21T01:48:06Z</time>
        <speed>1.06924</speed>
      </trkpt>
      <trkpt lat="29.208702" lon="119.665676">
        <ele>559.587098</ele>
        <time>2026-01-21T01:48:11Z</time>
        <speed>0.957551</speed>
      </trkpt>
      <trkpt lat="29.20874" lon="119.665647">
        <ele>561.071494</ele>
        <time>2026-01-21T01:48:16Z</time>
        <speed>1.164357</speed>
      </trkpt>
      <trkpt lat="29.208786" lon="119.665624">
        <ele>561.616799</ele>
        <time>2026-01-21T01:48:21Z</time>
        <speed>0.962972</speed>
      </trkpt>
      <trkpt lat="29.208831" lon="119.665607">
        <ele>562.336913</ele>
        <time>2026-01-21T01:48:25Z</time>
        <speed>1.096919</speed>
      </trkpt>
      <trkpt lat="29.208878" lon="119.665592">
        <ele>563.308202</ele>
        <time>2026-01-21T01:48:29Z</time>
        <speed>1.254761</speed>
      </trkpt>
      <trkpt lat="29.208929" lon="119.665591">
        <ele>564.550182</ele>
        <time>2026-01-21T01:48:34Z</time>
        <speed>0.964944</speed>
      </trkpt>
      <trkpt lat="29.208978" lon="119.665597">
        <ele>565.995994</ele>
        <time>2026-01-21T01:48:39Z</time>
        <speed>0.959399</speed>
      </trkpt>
      <trkpt lat="29.209029" lon="119.665615">
        <ele>567.848038</ele>
        <time>2026-01-21T01:48:44Z</time>
        <speed>1.19356</speed>
      </trkpt>
      <trkpt lat="29.209077" lon="119.665623">
        <ele>571.562995</ele>
        <time>2026-01-21T01:48:49Z</time>
        <speed>1.118666</speed>
      </trkpt>
      <trkpt lat="29.20912" lon="119.66561">
        <ele>573.23331</ele>
        <time>2026-01-21T01:48:53Z</time>
        <speed>1.113586</speed>
      </trkpt>
      <trkpt lat="29.209168" lon="119.665582">
        <ele>573.393158</ele>
        <time>2026-01-21T01:48:57Z</time>
        <speed>1.195083</speed>
      </trkpt>
      <trkpt lat="29.209214" lon="119.665546">
        <ele>573.879476</ele>
        <time>2026-01-21T01:49:02Z</time>
        <speed>0.731436</speed>
      </trkpt>
      <trkpt lat="29.209253" lon="119.665511">
        <ele>573.879198</ele>
        <time>2026-01-21T01:49:07Z</time>
        <speed>1.05292</speed>
      </trkpt>
      <trkpt lat="29.209298" lon="119.665476">
        <ele>574.497681</ele>
        <time>2026-01-21T01:49:13Z</time>
        <speed>0.925315</speed>
      </trkpt>
      <trkpt lat="29.209345" lon="119.665452">
        <ele>575.357011</ele>
        <time>2026-01-21T01:49:19Z</time>
        <speed>0.907735</speed>
      </trkpt>
      <trkpt lat="29.209385" lon="119.66542">
        <ele>575.969948</ele>
        <time>2026-01-21T01:49:24Z</time>
        <speed>1.021779</speed>
      </trkpt>
      <trkpt lat="29.20943" lon="119.665398">
        <ele>576.16758</ele>
        <time>2026-01-21T01:49:29Z</time>
        <speed>1.052822</speed>
      </trkpt>
      <trkpt lat="29.209465" lon="119.665357">
        <ele>576.073388</ele>
        <time>2026-01-21T01:49:34Z</time>
        <speed>0.660365</speed>
      </trkpt>
      <trkpt lat="29.209483" lon="119.665306">
        <ele>576.334062</ele>
        <time>2026-01-21T01:49:38Z</time>
        <speed>0.900745</speed>
      </trkpt>
      <trkpt lat="29.209476" lon="119.665246">
        <ele>577.270148</ele>
        <time>2026-01-21T01:49:43Z</time>
        <speed>0.817289</speed>
      </trkpt>
      <trkpt lat="29.209443" lon="119.665203">
        <ele>579.470678</ele>
        <time>2026-01-21T01:49:48Z</time>
        <speed>1.073568</speed>
      </trkpt>
      <trkpt lat="29.209411" lon="119.665157">
        <ele>580.296272</ele>
        <time>2026-01-21T01:49:53Z</time>
        <speed>0.876852</speed>
      </trkpt>
      <trkpt lat="29.209396" lon="119.665111">
        <ele>579.865128</ele>
        <time>2026-01-21T01:49:56Z</time>
        <speed>0.828564</speed>
      </trkpt>
      <trkpt lat="29.209397" lon="119.665047">
        <ele>578.861873</ele>
        <time>2026-01-21T01:50:02Z</time>
        <speed>0.889095</speed>
      </trkpt>
      <trkpt lat="29.209406" lon="119.664992">
        <ele>578.941843</ele>
        <time>2026-01-21T01:50:08Z</time>
        <speed>0.879011</speed>
      </trkpt>
      <trkpt lat="29.209426" lon="119.664939">
        <ele>578.09526</ele>
        <time>2026-01-21T01:50:14Z</time>
        <speed>0.703881</speed>
      </trkpt>
      <trkpt lat="29.209438" lon="119.664889">
        <ele>579.588649</ele>
        <time>2026-01-21T01:50:19Z</time>
        <speed>0.977845</speed>
      </trkpt>
      <trkpt lat="29.209454" lon="119.664839">
        <ele>581.260825</ele>
        <time>2026-01-21T01:50:24Z</time>
        <speed>0.905103</speed>
      </trkpt>
      <trkpt lat="29.209467" lon="119.664782">
        <ele>583.49673</ele>
        <time>2026-01-21T01:50:30Z</time>
        <speed>0.653783</speed>
      </trkpt>
      <trkpt lat="29.209468" lon="119.664732">
        <ele>584.816702</ele>
        <time>2026-01-21T01:50:34Z</time>
        <speed>1.048799</speed>
      </trkpt>
      <trkpt lat="29.209467" lon="119.664669">
        <ele>587.617423</ele>
        <time>2026-01-21T01:50:39Z</time>
        <speed>0.853458</speed>
      </trkpt>
      <trkpt lat="29.209453" lon="119.664621">
        <ele>588.698119</ele>
        <time>2026-01-21T01:50:43Z</time>
        <speed>0.812725</speed>
      </trkpt>
      <trkpt lat="29.209426" lon="119.664576">
        <ele>589.697807</ele>
        <time>2026-01-21T01:50:47Z</time>
        <speed>1.182872</speed>
      </trkpt>
      <trkpt lat="29.209387" lon="119.664545">
        <ele>589.058664</ele>
        <time>2026-01-21T01:50:51Z</time>
        <speed>0.907561</speed>
      </trkpt>
      <trkpt lat="29.209335" lon="119.664526">
        <ele>588.479738</ele>
        <time>2026-01-21T01:50:56Z</time>
        <speed>0.955127</speed>
      </trkpt>
      <trkpt lat="29.209282" lon="119.664513">
        <ele>588.071973</ele>
        <time>2026-01-21T01:51:01Z</time>
        <speed>0.77073</speed>
      </trkpt>
      <trkpt lat="29.209235" lon="119.664489">
        <ele>587.609268</ele>
        <time>2026-01-21T01:51:06Z</time>
        <speed>0.913857</speed>
      </trkpt>
      <trkpt lat="29.209189" lon="119.664466">
        <ele>589.036177</ele>
        <time>2026-01-21T01:51:12Z</time>
        <speed>0.700454</speed>
      </trkpt>
      <trkpt lat="29.209149" lon="119.664434">
        <ele>591.250811</ele>
        <time>2026-01-21T01:51:24Z</time>
        <speed>0.036018</speed>
      </trkpt>
      <trkpt lat="29.209126" lon="119.664382">
        <ele>590.211812</ele>
        <time>2026-01-21T01:52:03Z</time>
        <speed>0.850923</speed>
      </trkpt>
      <trkpt lat="29.209101" lon="119.664343">
        <ele>591.356528</ele>
        <time>2026-01-21T01:52:09Z</time>
        <speed>0.862682</speed>
      </trkpt>
      <trkpt lat="29.209074" lon="119.664289">
        <ele>591.524508</ele>
        <time>2026-01-21T01:52:14Z</time>
        <speed>1.039734</speed>
      </trkpt>
      <trkpt lat="29.209051" lon="119.664232">
        <ele>591.711717</ele>
        <time>2026-01-21T01:52:20Z</time>
        <speed>0.686091</speed>
      </trkpt>
      <trkpt lat="29.209047" lon="119.664175">
        <ele>590.440999</ele>
        <time>2026-01-21T01:52:25Z</time>
        <speed>1.088557</speed>
      </trkpt>
      <trkpt lat="29.209049" lon="119.664114">
        <ele>590.07044</ele>
        <time>2026-01-21T01:52:30Z</time>
        <speed>0.904254</speed>
      </trkpt>
      <trkpt lat="29.209045" lon="119.66405">
        <ele>590.368948</ele>
        <time>2026-01-21T01:52:35Z</time>
        <speed>1.118501</speed>
      </trkpt>
      <trkpt lat="29.209041" lon="119.663987">
        <ele>590.521177</ele>
        <time>2026-01-21T01:52:40Z</time>
        <speed>1.281689</speed>
      </trkpt>
      <trkpt lat="29.209055" lon="119.663927">
        <ele>590.552097</ele>
        <time>2026-01-21T01:52:46Z</time>
        <speed>0.860018</speed>
      </trkpt>
      <trkpt lat="29.209089" lon="119.663948">
        <ele>591.934927</ele>
        <time>2026-01-21T01:52:53Z</time>
        <speed>1.20032</speed>
      </trkpt>
      <trkpt lat="29.209095" lon="119.664009">
        <ele>592.745604</ele>
        <time>2026-01-21T01:52:59Z</time>
        <speed>1.294425</speed>
      </trkpt>
      <trkpt lat="29.209093" lon="119.66407">
        <ele>593.097161</ele>
        <time>2026-01-21T01:53:04Z</time>
        <speed>1.088805</speed>
      </trkpt>
      <trkpt lat="29.209101" lon="119.66413">
        <ele>592.82248</ele>
        <time>2026-01-21T01:53:09Z</time>
        <speed>1.120464</speed>
      </trkpt>
      <trkpt lat="29.209116" lon="119.664182">
        <ele>592.649182</ele>
        <time>2026-01-21T01:53:14Z</time>
        <speed>0.671769</speed>
      </trkpt>
      <trkpt lat="29.209146" lon="119.664222">
        <ele>592.747237</ele>
        <time>2026-01-21T01:53:18Z</time>
        <speed>1.204985</speed>
      </trkpt>
      <trkpt lat="29.209187" lon="119.664265">
        <ele>593.36621</ele>
        <time>2026-01-21T01:53:23Z</time>
        <speed>1.006432</speed>
      </trkpt>
      <trkpt lat="29.209231" lon="119.664291">
        <ele>594.489015</ele>
        <time>2026-01-21T01:53:27Z</time>
        <speed>1.415628</speed>
      </trkpt>
      <trkpt lat="29.209276" lon="119.664323">
        <ele>596.415649</ele>
        <time>2026-01-21T01:53:32Z</time>
        <speed>0.656747</speed>
      </trkpt>
      <trkpt lat="29.209313" lon="119.664355">
        <ele>598.32954</ele>
        <time>2026-01-21T01:53:36Z</time>
        <speed>1.21615</speed>
      </trkpt>
      <trkpt lat="29.209362" lon="119.664377">
        <ele>599.668994</ele>
        <time>2026-01-21T01:53:41Z</time>
        <speed>1.240695</speed>
      </trkpt>
      <trkpt lat="29.209413" lon="119.664396">
        <ele>600.300245</ele>
        <time>2026-01-21T01:53:46Z</time>
        <speed>1.133436</speed>
      </trkpt>
      <trkpt lat="29.209459" lon="119.664389">
        <ele>599.969649</ele>
        <time>2026-01-21T01:53:50Z</time>
        <speed>1.190087</speed>
      </trkpt>
      <trkpt lat="29.209509" lon="119.664377">
        <ele>600.484477</ele>
        <time>2026-01-21T01:53:55Z</time>
        <speed>0.912294</speed>
      </trkpt>
      <trkpt lat="29.209564" lon="119.664378">
        <ele>602.491932</ele>
        <time>2026-01-21T01:54:01Z</time>
        <speed>1.065268</speed>
      </trkpt>
      <trkpt lat="29.20961" lon="119.664382">
        <ele>602.906834</ele>
        <time>2026-01-21T01:54:06Z</time>
        <speed>1.023614</speed>
      </trkpt>
      <trkpt lat="29.209653" lon="119.664411">
        <ele>603.397056</ele>
        <time>2026-01-21T01:54:15Z</time>
        <speed>0.102295</speed>
      </trkpt>
      <trkpt lat="29.209672" lon="119.664472">
        <ele>604.760928</ele>
        <time>2026-01-21T01:54:24Z</time>
        <speed>1.204446</speed>
      </trkpt>
      <trkpt lat="29.209695" lon="119.664525">
        <ele>605.719609</ele>
        <time>2026-01-21T01:54:29Z</time>
        <speed>1.272838</speed>
      </trkpt>
      <trkpt lat="29.209733" lon="119.664559">
        <ele>606.447615</ele>
        <time>2026-01-21T01:54:34Z</time>
        <speed>0.875606</speed>
      </trkpt>
      <trkpt lat="29.209768" lon="119.664606">
        <ele>605.96882</ele>
        <time>2026-01-21T01:54:39Z</time>
        <speed>1.04337</speed>
      </trkpt>
      <trkpt lat="29.209791" lon="119.664659">
        <ele>605.927663</ele>
        <time>2026-01-21T01:54:44Z</time>
        <speed>0.64624</speed>
      </trkpt>
      <trkpt lat="29.209808" lon="119.664712">
        <ele>605.526938</ele>
        <time>2026-01-21T01:54:48Z</time>
        <speed>1.095664</speed>
      </trkpt>
      <trkpt lat="29.209821" lon="119.664765">
        <ele>605.902586</ele>
        <time>2026-01-21T01:54:52Z</time>
        <speed>1.162266</speed>
      </trkpt>
      <trkpt lat="29.209832" lon="119.664818">
        <ele>606.129244</ele>
        <time>2026-01-21T01:54:56Z</time>
        <speed>1.08708</speed>
      </trkpt>
      <trkpt lat="29.209846" lon="119.664869">
        <ele>606.593107</ele>
        <time>2026-01-21T01:55:00Z</time>
        <speed>1.308746</speed>
      </trkpt>
      <trkpt lat="29.209861" lon="119.664925">
        <ele>606.491034</ele>
        <time>2026-01-21T01:55:05Z</time>
        <speed>0.755324</speed>
      </trkpt>
      <trkpt lat="29.209892" lon="119.66497">
        <ele>607.123403</ele>
        <time>2026-01-21T01:55:09Z</time>
        <speed>1.317699</speed>
      </trkpt>
      <trkpt lat="29.209934" lon="119.665009">
        <ele>608.172723</ele>
        <time>2026-01-21T01:55:14Z</time>
        <speed>0.916063</speed>
      </trkpt>
      <trkpt lat="29.209981" lon="119.66504">
        <ele>609.582369</ele>
        <time>2026-01-21T01:55:19Z</time>
        <speed>0.990572</speed>
      </trkpt>
      <trkpt lat="29.210032" lon="119.665061">
        <ele>610.233635</ele>
        <time>2026-01-21T01:55:24Z</time>
        <speed>0.912638</speed>
      </trkpt>
      <trkpt lat="29.210068" lon="119.665094">
        <ele>610.651976</ele>
        <time>2026-01-21T01:55:29Z</time>
        <speed>0.818167</speed>
      </trkpt>
      <trkpt lat="29.210098" lon="119.66515">
        <ele>610.022075</ele>
        <time>2026-01-21T01:55:35Z</time>
        <speed>1.311302</speed>
      </trkpt>
      <trkpt lat="29.21011" lon="119.665203">
        <ele>610.05333</ele>
        <time>2026-01-21T01:55:40Z</time>
        <speed>0.94923</speed>
      </trkpt>
      <trkpt lat="29.210117" lon="119.665259">
        <ele>610.84977</ele>
        <time>2026-01-21T01:55:45Z</time>
        <speed>0.667977</speed>
      </trkpt>
      <trkpt lat="29.210119" lon="119.665313">
        <ele>611.342553</ele>
        <time>2026-01-21T01:55:50Z</time>
        <speed>0.66254</speed>
      </trkpt>
      <trkpt lat="29.210118" lon="119.665372">
        <ele>611.199532</ele>
        <time>2026-01-21T01:55:56Z</time>
        <speed>0.733601</speed>
      </trkpt>
      <trkpt lat="29.210112" lon="119.66543">
        <ele>612.934389</ele>
        <time>2026-01-21T01:56:02Z</time>
        <speed>0.89939</speed>
      </trkpt>
      <trkpt lat="29.210096" lon="119.665487">
        <ele>614.705148</ele>
        <time>2026-01-21T01:56:08Z</time>
        <speed>0.874793</speed>
      </trkpt>
      <trkpt lat="29.210074" lon="119.665533">
        <ele>615.624389</ele>
        <time>2026-01-21T01:56:13Z</time>
        <speed>0.952863</speed>
      </trkpt>
      <trkpt lat="29.210048" lon="119.665586">
        <ele>617.366185</ele>
        <time>2026-01-21T01:56:20Z</time>
        <speed>0.657791</speed>
      </trkpt>
      <trkpt lat="29.210026" lon="119.665642">
        <ele>617.672505</ele>
        <time>2026-01-21T01:56:26Z</time>
        <speed>1.063903</speed>
      </trkpt>
      <trkpt lat="29.210003" lon="119.665699">
        <ele>618.005534</ele>
        <time>2026-01-21T01:56:32Z</time>
        <speed>0.81259</speed>
      </trkpt>
      <trkpt lat="29.209985" lon="119.665751">
        <ele>619.450481</ele>
        <time>2026-01-21T01:56:38Z</time>
        <speed>0.71246</speed>
      </trkpt>
      <trkpt lat="29.209961" lon="119.665804">
        <ele>620.372331</ele>
        <time>2026-01-21T01:56:44Z</time>
        <speed>0.90487</speed>
      </trkpt>
      <trkpt lat="29.209945" lon="119.665859">
        <ele>621.480275</ele>
        <time>2026-01-21T01:56:49Z</time>
        <speed>0.795387</speed>
      </trkpt>
      <trkpt lat="29.209932" lon="119.665912">
        <ele>621.608383</ele>
        <time>2026-01-21T01:56:53Z</time>
        <speed>0.913935</speed>
      </trkpt>
      <trkpt lat="29.209912" lon="119.66596">
        <ele>622.746157</ele>
        <time>2026-01-21T01:56:57Z</time>
        <speed>1.147946</speed>
      </trkpt>
      <trkpt lat="29.209891" lon="119.666015">
        <ele>623.248872</ele>
        <time>2026-01-21T01:57:02Z</time>
        <speed>0.756953</speed>
      </trkpt>
      <trkpt lat="29.209885" lon="119.666065">
        <ele>622.650306</ele>
        <time>2026-01-21T01:57:06Z</time>
        <speed>1.069551</speed>
      </trkpt>
      <trkpt lat="29.209877" lon="119.666117">
        <ele>622.672031</ele>
        <time>2026-01-21T01:57:10Z</time>
        <speed>1.042543</speed>
      </trkpt>
      <trkpt lat="29.209877" lon="119.66617">
        <ele>623.040146</ele>
        <time>2026-01-21T01:57:14Z</time>
        <speed>1.029396</speed>
      </trkpt>
      <trkpt lat="29.209891" lon="119.666221">
        <ele>623.717406</ele>
        <time>2026-01-21T01:57:18Z</time>
        <speed>1.126113</speed>
      </trkpt>
      <trkpt lat="29.209937" lon="119.666252">
        <ele>625.922798</ele>
        <time>2026-01-21T01:57:23Z</time>
        <speed>0.882067</speed>
      </trkpt>
      <trkpt lat="29.209976" lon="119.666229">
        <ele>627.318124</ele>
        <time>2026-01-21T01:57:26Z</time>
        <speed>1.203459</speed>
      </trkpt>
      <trkpt lat="29.210008" lon="119.666182">
        <ele>627.245737</ele>
        <time>2026-01-21T01:57:30Z</time>
        <speed>0.924715</speed>
      </trkpt>
      <trkpt lat="29.210023" lon="119.66612">
        <ele>625.85861</ele>
        <time>2026-01-21T01:57:34Z</time>
        <speed>1.118061</speed>
      </trkpt>
      <trkpt lat="29.210036" lon="119.666061">
        <ele>623.912485</ele>
        <time>2026-01-21T01:57:38Z</time>
        <speed>1.155101</speed>
      </trkpt>
      <trkpt lat="29.210057" lon="119.666">
        <ele>623.234239</ele>
        <time>2026-01-21T01:57:44Z</time>
        <speed>0.909042</speed>
      </trkpt>
      <trkpt lat="29.210081" lon="119.665949">
        <ele>623.517689</ele>
        <time>2026-01-21T01:57:50Z</time>
        <speed>0.794963</speed>
      </trkpt>
      <trkpt lat="29.210107" lon="119.66591">
        <ele>624.822963</ele>
        <time>2026-01-21T01:57:54Z</time>
        <speed>1.278846</speed>
      </trkpt>
      <trkpt lat="29.210145" lon="119.66586">
        <ele>625.01954</ele>
        <time>2026-01-21T01:58:00Z</time>
        <speed>1.19702</speed>
      </trkpt>
      <trkpt lat="29.210184" lon="119.66582">
        <ele>624.726725</ele>
        <time>2026-01-21T01:58:06Z</time>
        <speed>0.8088</speed>
      </trkpt>
      <trkpt lat="29.210215" lon="119.665788">
        <ele>624.63218</ele>
        <time>2026-01-21T01:58:10Z</time>
        <speed>0.969783</speed>
      </trkpt>
      <trkpt lat="29.210258" lon="119.665746">
        <ele>628.038116</ele>
        <time>2026-01-21T02:00:23Z</time>
        <speed>0.7343</speed>
      </trkpt>
      <trkpt lat="29.210276" lon="119.665724">
        <ele>628.553704</ele>
        <time>2026-01-21T02:00:29Z</time>
        <speed>1.112413</speed>
      </trkpt>
      <trkpt lat="29.210322" lon="119.665683">
        <ele>629.201295</ele>
        <time>2026-01-21T02:00:34Z</time>
        <speed>1.020147</speed>
      </trkpt>
      <trkpt lat="29.210366" lon="119.665652">
        <ele>629.212645</ele>
        <time>2026-01-21T02:00:39Z</time>
        <speed>1.100924</speed>
      </trkpt>
      <trkpt lat="29.210408" lon="119.665625">
        <ele>630.263804</ele>
        <time>2026-01-21T02:00:43Z</time>
        <speed>0.912124</speed>
      </trkpt>
      <trkpt lat="29.210465" lon="119.665605">
        <ele>631.423621</ele>
        <time>2026-01-21T02:00:48Z</time>
        <speed>1.434794</speed>
      </trkpt>
      <trkpt lat="29.210521" lon="119.665583">
        <ele>634.180958</ele>
        <time>2026-01-21T02:00:54Z</time>
        <speed>1.11227</speed>
      </trkpt>
      <trkpt lat="29.210565" lon="119.665574">
        <ele>636.649625</ele>
        <time>2026-01-21T02:00:58Z</time>
        <speed>1.263213</speed>
      </trkpt>
      <trkpt lat="29.210623" lon="119.66556">
        <ele>639.017267</ele>
        <time>2026-01-21T02:01:04Z</time>
        <speed>0.915249</speed>
      </trkpt>
      <trkpt lat="29.210676" lon="119.665551">
        <ele>639.649248</ele>
        <time>2026-01-21T02:01:10Z</time>
        <speed>0.841506</speed>
      </trkpt>
      <trkpt lat="29.210695" lon="119.665513">
        <ele>640.068346</ele>
        <time>2026-01-21T02:01:14Z</time>
        <speed>1.098899</speed>
      </trkpt>
      <trkpt lat="29.210681" lon="119.665461">
        <ele>639.665982</ele>
        <time>2026-01-21T02:01:19Z</time>
        <speed>1.062057</speed>
      </trkpt>
      <trkpt lat="29.21065" lon="119.665412">
        <ele>638.36599</ele>
        <time>2026-01-21T02:01:24Z</time>
        <speed>0.925398</speed>
      </trkpt>
      <trkpt lat="29.210624" lon="119.665358">
        <ele>636.946796</ele>
        <time>2026-01-21T02:01:29Z</time>
        <speed>0.933256</speed>
      </trkpt>
      <trkpt lat="29.210622" lon="119.665306">
        <ele>636.80521</ele>
        <time>2026-01-21T02:01:34Z</time>
        <speed>0.959089</speed>
      </trkpt>
      <trkpt lat="29.210639" lon="119.665251">
        <ele>637.209159</ele>
        <time>2026-01-21T02:01:41Z</time>
        <speed>0.595225</speed>
      </trkpt>
      <trkpt lat="29.210641" lon="119.665194">
        <ele>639.263831</ele>
        <time>2026-01-21T02:01:47Z</time>
        <speed>1.127772</speed>
      </trkpt>
      <trkpt lat="29.210638" lon="119.665141">
        <ele>639.7902</ele>
        <time>2026-01-21T02:01:52Z</time>
        <speed>0.981392</speed>
      </trkpt>
      <trkpt lat="29.210638" lon="119.665086">
        <ele>638.965362</ele>
        <time>2026-01-21T02:01:57Z</time>
        <speed>1.045041</speed>
      </trkpt>
      <trkpt lat="29.210638" lon="119.665026">
        <ele>639.206542</ele>
        <time>2026-01-21T02:02:02Z</time>
        <speed>0.95554</speed>
      </trkpt>
      <trkpt lat="29.210635" lon="119.664966">
        <ele>640.219092</ele>
        <time>2026-01-21T02:02:06Z</time>
        <speed>1.463595</speed>
      </trkpt>
      <trkpt lat="29.210636" lon="119.664908">
        <ele>641.82202</ele>
        <time>2026-01-21T02:02:10Z</time>
        <speed>0.925039</speed>
      </trkpt>
      <trkpt lat="29.210638" lon="119.664859">
        <ele>642.773888</ele>
        <time>2026-01-21T02:02:13Z</time>
        <speed>1.553032</speed>
      </trkpt>
      <trkpt lat="29.210631" lon="119.6648">
        <ele>643.703643</ele>
        <time>2026-01-21T02:02:17Z</time>
        <speed>1.078742</speed>
      </trkpt>
      <trkpt lat="29.210622" lon="119.664736">
        <ele>645.057342</ele>
        <time>2026-01-21T02:02:22Z</time>
        <speed>1.117042</speed>
      </trkpt>
      <trkpt lat="29.210618" lon="119.664684">
        <ele>645.094707</ele>
        <time>2026-01-21T02:02:26Z</time>
        <speed>1.087109</speed>
      </trkpt>
      <trkpt lat="29.210611" lon="119.664633">
        <ele>644.616389</ele>
        <time>2026-01-21T02:02:30Z</time>
        <speed>1.148985</speed>
      </trkpt>
      <trkpt lat="29.210619" lon="119.664577">
        <ele>644.045722</ele>
        <time>2026-01-21T02:02:35Z</time>
        <speed>1.045998</speed>
      </trkpt>
      <trkpt lat="29.210634" lon="119.66453">
        <ele>644.238207</ele>
        <time>2026-01-21T02:02:39Z</time>
        <speed>1.30896</speed>
      </trkpt>
      <trkpt lat="29.210649" lon="119.664486">
        <ele>644.368306</ele>
        <time>2026-01-21T02:02:43Z</time>
        <speed>1.516995</speed>
      </trkpt>
      <trkpt lat="29.210665" lon="119.664424">
        <ele>646.073685</ele>
        <time>2026-01-21T02:02:48Z</time>
        <speed>1.075444</speed>
      </trkpt>
      <trkpt lat="29.210675" lon="119.664364">
        <ele>647.871038</ele>
        <time>2026-01-21T02:02:53Z</time>
        <speed>1.019597</speed>
      </trkpt>
      <trkpt lat="29.210698" lon="119.664308">
        <ele>647.762529</ele>
        <time>2026-01-21T02:02:59Z</time>
        <speed>0.659633</speed>
      </trkpt>
      <trkpt lat="29.210714" lon="119.664263">
        <ele>648.438397</ele>
        <time>2026-01-21T02:03:03Z</time>
        <speed>1.132902</speed>
      </trkpt>
      <trkpt lat="29.210728" lon="119.664206">
        <ele>649.779856</ele>
        <time>2026-01-21T02:03:08Z</time>
        <speed>0.783461</speed>
      </trkpt>
      <trkpt lat="29.21074" lon="119.66415">
        <ele>650.93253</ele>
        <time>2026-01-21T02:03:13Z</time>
        <speed>0.849929</speed>
      </trkpt>
      <trkpt lat="29.210749" lon="119.66409">
        <ele>653.215324</ele>
        <time>2026-01-21T02:03:18Z</time>
        <speed>1.038555</speed>
      </trkpt>
      <trkpt lat="29.210742" lon="119.664034">
        <ele>655.19089</ele>
        <time>2026-01-21T02:03:23Z</time>
        <speed>1.138387</speed>
      </trkpt>
      <trkpt lat="29.210734" lon="119.663977">
        <ele>655.35897</ele>
        <time>2026-01-21T02:03:28Z</time>
        <speed>1.066757</speed>
      </trkpt>
      <trkpt lat="29.210727" lon="119.663927">
        <ele>654.392581</ele>
        <time>2026-01-21T02:03:32Z</time>
        <speed>0.947221</speed>
      </trkpt>
      <trkpt lat="29.210717" lon="119.663978">
        <ele>653.560047</ele>
        <time>2026-01-21T02:03:49Z</time>
        <speed>1.34888</speed>
      </trkpt>
      <trkpt lat="29.210713" lon="119.664031">
        <ele>653.082975</ele>
        <time>2026-01-21T02:03:52Z</time>
        <speed>0.973426</speed>
      </trkpt>
      <trkpt lat="29.210756" lon="119.664012">
        <ele>652.446078</ele>
        <time>2026-01-21T02:04:08Z</time>
        <speed>1.091988</speed>
      </trkpt>
      <trkpt lat="29.210792" lon="119.664038">
        <ele>655.199583</ele>
        <time>2026-01-21T02:04:18Z</time>
        <speed>0.839378</speed>
      </trkpt>
      <trkpt lat="29.21083" lon="119.664077">
        <ele>658.177805</ele>
        <time>2026-01-21T02:04:27Z</time>
        <speed>0.923493</speed>
      </trkpt>
      <trkpt lat="29.210863" lon="119.664117">
        <ele>661.356761</ele>
        <time>2026-01-21T02:04:35Z</time>
        <speed>0.617786</speed>
      </trkpt>
      <trkpt lat="29.210908" lon="119.664108">
        <ele>663.804121</ele>
        <time>2026-01-21T02:04:42Z</time>
        <speed>0.805934</speed>
      </trkpt>
      <trkpt lat="29.210961" lon="119.664106">
        <ele>666.550546</ele>
        <time>2026-01-21T02:04:54Z</time>
        <speed>0.540888</speed>
      </trkpt>
      <trkpt lat="29.211005" lon="119.664098">
        <ele>669.909156</ele>
        <time>2026-01-21T02:05:01Z</time>
        <speed>0.544401</speed>
      </trkpt>
      <trkpt lat="29.211049" lon="119.664068">
        <ele>670.777947</ele>
        <time>2026-01-21T02:05:09Z</time>
        <speed>0.697236</speed>
      </trkpt>
      <trkpt lat="29.211088" lon="119.66404">
        <ele>671.543572</ele>
        <time>2026-01-21T02:05:17Z</time>
        <speed>0.488226</speed>
      </trkpt>
      <trkpt lat="29.211094" lon="119.664089">
        <ele>672.829139</ele>
        <time>2026-01-21T02:05:34Z</time>
        <speed>0.480099</speed>
      </trkpt>
      <trkpt lat="29.211075" lon="119.664135">
        <ele>673.266102</ele>
        <time>2026-01-21T02:05:40Z</time>
        <speed>0.160512</speed>
      </trkpt>
      <trkpt lat="29.211058" lon="119.664198">
        <ele>673.169963</ele>
        <time>2026-01-21T02:05:49Z</time>
        <speed>1.040105</speed>
      </trkpt>
      <trkpt lat="29.211039" lon="119.664244">
        <ele>673.281948</ele>
        <time>2026-01-21T02:05:54Z</time>
        <speed>1.035946</speed>
      </trkpt>
      <trkpt lat="29.211035" lon="119.664304">
        <ele>674.497836</ele>
        <time>2026-01-21T02:05:59Z</time>
        <speed>1.033729</speed>
      </trkpt>
      <trkpt lat="29.211071" lon="119.664331">
        <ele>676.119941</ele>
        <time>2026-01-21T02:06:05Z</time>
        <speed>0.99003</speed>
      </trkpt>
      <trkpt lat="29.211096" lon="119.664289">
        <ele>676.048862</ele>
        <time>2026-01-21T02:06:11Z</time>
        <speed>0.818133</speed>
      </trkpt>
      <trkpt lat="29.211125" lon="119.664241">
        <ele>675.212264</ele>
        <time>2026-01-21T02:06:16Z</time>
        <speed>0.536675</speed>
      </trkpt>
      <trkpt lat="29.211158" lon="119.664193">
        <ele>674.831732</ele>
        <time>2026-01-21T02:06:21Z</time>
        <speed>0.952572</speed>
      </trkpt>
      <trkpt lat="29.211196" lon="119.66415">
        <ele>676.433451</ele>
        <time>2026-01-21T02:06:26Z</time>
        <speed>1.039778</speed>
      </trkpt>
      <trkpt lat="29.211228" lon="119.664116">
        <ele>677.289333</ele>
        <time>2026-01-21T02:06:30Z</time>
        <speed>1.207689</speed>
      </trkpt>
      <trkpt lat="29.211267" lon="119.664072">
        <ele>678.099926</ele>
        <time>2026-01-21T02:06:35Z</time>
        <speed>1.121239</speed>
      </trkpt>
      <trkpt lat="29.211304" lon="119.664027">
        <ele>679.339335</ele>
        <time>2026-01-21T02:06:40Z</time>
        <speed>1.066846</speed>
      </trkpt>
      <trkpt lat="29.211317" lon="119.664056">
        <ele>680.988159</ele>
        <time>2026-01-21T02:06:46Z</time>
        <speed>0.540289</speed>
      </trkpt>
      <trkpt lat="29.211311" lon="119.664121">
        <ele>681.484375</ele>
        <time>2026-01-21T02:06:49Z</time>
        <speed>2.716234</speed>
      </trkpt>
      <trkpt lat="29.211258" lon="119.664158">
        <ele>681.581425</ele>
        <time>2026-01-21T02:07:04Z</time>
        <speed>1.439239</speed>
      </trkpt>
      <trkpt lat="29.211222" lon="119.66418">
        <ele>681.303052</ele>
        <time>2026-01-21T02:07:09Z</time>
        <speed>1.401554</speed>
      </trkpt>
      <trkpt lat="29.211188" lon="119.664214">
        <ele>681.756193</ele>
        <time>2026-01-21T02:07:13Z</time>
        <speed>1.367615</speed>
      </trkpt>
      <trkpt lat="29.21117" lon="119.664266">
        <ele>681.93371</ele>
        <time>2026-01-21T02:07:17Z</time>
        <speed>1.273922</speed>
      </trkpt>
      <trkpt lat="29.211163" lon="119.664327">
        <ele>682.445137</ele>
        <time>2026-01-21T02:07:21Z</time>
        <speed>1.312762</speed>
      </trkpt>
      <trkpt lat="29.211166" lon="119.664387">
        <ele>683.479415</ele>
        <time>2026-01-21T02:07:25Z</time>
        <speed>1.061466</speed>
      </trkpt>
      <trkpt lat="29.211166" lon="119.664436">
        <ele>684.345104</ele>
        <time>2026-01-21T02:07:28Z</time>
        <speed>1.527153</speed>
      </trkpt>
      <trkpt lat="29.211157" lon="119.6645">
        <ele>685.145514</ele>
        <time>2026-01-21T02:07:33Z</time>
        <speed>1.044642</speed>
      </trkpt>
      <trkpt lat="29.211142" lon="119.664548">
        <ele>685.566783</ele>
        <time>2026-01-21T02:07:37Z</time>
        <speed>1.134699</speed>
      </trkpt>
      <trkpt lat="29.211126" lon="119.664604">
        <ele>686.140756</ele>
        <time>2026-01-21T02:07:41Z</time>
        <speed>1.491178</speed>
      </trkpt>
      <trkpt lat="29.211124" lon="119.664663">
        <ele>686.880465</ele>
        <time>2026-01-21T02:07:45Z</time>
        <speed>1.225993</speed>
      </trkpt>
      <trkpt lat="29.211137" lon="119.664724">
        <ele>687.079972</ele>
        <time>2026-01-21T02:07:49Z</time>
        <speed>1.171151</speed>
      </trkpt>
      <trkpt lat="29.211165" lon="119.66478">
        <ele>687.649296</ele>
        <time>2026-01-21T02:07:53Z</time>
        <speed>1.270466</speed>
      </trkpt>
      <trkpt lat="29.211204" lon="119.664794">
        <ele>688.835564</ele>
        <time>2026-01-21T02:07:56Z</time>
        <speed>1.347076</speed>
      </trkpt>
      <trkpt lat="29.211234" lon="119.664755">
        <ele>688.138479</ele>
        <time>2026-01-21T02:08:00Z</time>
        <speed>1.125389</speed>
      </trkpt>
      <trkpt lat="29.211252" lon="119.664694">
        <ele>687.315274</ele>
        <time>2026-01-21T02:08:04Z</time>
        <speed>1.047846</speed>
      </trkpt>
      <trkpt lat="29.211265" lon="119.664627">
        <ele>686.997892</ele>
        <time>2026-01-21T02:08:08Z</time>
        <speed>1.282194</speed>
      </trkpt>
      <trkpt lat="29.211287" lon="119.664556">
        <ele>688.592769</ele>
        <time>2026-01-21T02:08:19Z</time>
        <speed>0.897678</speed>
      </trkpt>
      <trkpt lat="29.211312" lon="119.664522">
        <ele>690.302645</ele>
        <time>2026-01-21T02:08:25Z</time>
        <speed>0.932018</speed>
      </trkpt>
      <trkpt lat="29.211329" lon="119.664473">
        <ele>691.147734</ele>
        <time>2026-01-21T02:08:30Z</time>
        <speed>0.991681</speed>
      </trkpt>
      <trkpt lat="29.21134" lon="119.664419">
        <ele>692.590445</ele>
        <time>2026-01-21T02:08:35Z</time>
        <speed>0.866069</speed>
      </trkpt>
      <trkpt lat="29.211358" lon="119.664364">
        <ele>692.537178</ele>
        <time>2026-01-21T02:08:40Z</time>
        <speed>0.734298</speed>
      </trkpt>
      <trkpt lat="29.211385" lon="119.664323">
        <ele>691.320867</ele>
        <time>2026-01-21T02:08:43Z</time>
        <speed>0.802237</speed>
      </trkpt>
      <trkpt lat="29.211409" lon="119.664279">
        <ele>691.009412</ele>
        <time>2026-01-21T02:08:47Z</time>
        <speed>0.846692</speed>
      </trkpt>
      <trkpt lat="29.211403" lon="119.664327">
        <ele>697.440254</ele>
        <time>2026-01-21T02:10:39Z</time>
        <speed>1.10716</speed>
      </trkpt>
      <trkpt lat="29.211374" lon="119.66438">
        <ele>698.474134</ele>
        <time>2026-01-21T02:10:44Z</time>
        <speed>1.47446</speed>
      </trkpt>
      <trkpt lat="29.211374" lon="119.66444">
        <ele>698.051656</ele>
        <time>2026-01-21T02:10:48Z</time>
        <speed>1.361554</speed>
      </trkpt>
      <trkpt lat="29.211383" lon="119.664503">
        <ele>698.890295</ele>
        <time>2026-01-21T02:10:52Z</time>
        <speed>1.227511</speed>
      </trkpt>
      <trkpt lat="29.211394" lon="119.664557">
        <ele>699.586368</ele>
        <time>2026-01-21T02:10:55Z</time>
        <speed>1.255027</speed>
      </trkpt>
      <trkpt lat="29.211404" lon="119.66462">
        <ele>700.438152</ele>
        <time>2026-01-21T02:10:59Z</time>
        <speed>1.205997</speed>
      </trkpt>
      <trkpt lat="29.211399" lon="119.66468">
        <ele>700.630387</ele>
        <time>2026-01-21T02:11:04Z</time>
        <speed>0.905594</speed>
      </trkpt>
      <trkpt lat="29.211424" lon="119.664722">
        <ele>701.363433</ele>
        <time>2026-01-21T02:11:08Z</time>
        <speed>1.143556</speed>
      </trkpt>
      <trkpt lat="29.211465" lon="119.664713">
        <ele>702.356607</ele>
        <time>2026-01-21T02:11:12Z</time>
        <speed>0.848757</speed>
      </trkpt>
      <trkpt lat="29.21152" lon="119.664691">
        <ele>703.586523</ele>
        <time>2026-01-21T02:11:18Z</time>
        <speed>0.603543</speed>
      </trkpt>
      <trkpt lat="29.211573" lon="119.66468">
        <ele>707.606397</ele>
        <time>2026-01-21T02:11:25Z</time>
        <speed>0.85908</speed>
      </trkpt>
      <trkpt lat="29.211607" lon="119.664651">
        <ele>708.696255</ele>
        <time>2026-01-21T02:11:30Z</time>
        <speed>0.979893</speed>
      </trkpt>
      <trkpt lat="29.211644" lon="119.664609">
        <ele>708.459753</ele>
        <time>2026-01-21T02:11:37Z</time>
        <speed>0.502769</speed>
      </trkpt>
      <trkpt lat="29.211675" lon="119.664558">
        <ele>709.247898</ele>
        <time>2026-01-21T02:11:45Z</time>
        <speed>0.556745</speed>
      </trkpt>
      <trkpt lat="29.211714" lon="119.664515">
        <ele>711.08145</ele>
        <time>2026-01-21T02:11:58Z</time>
        <speed>0.6495</speed>
      </trkpt>
      <trkpt lat="29.211734" lon="119.664474">
        <ele>710.593641</ele>
        <time>2026-01-21T02:12:05Z</time>
        <speed>0.558633</speed>
      </trkpt>
      <trkpt lat="29.211758" lon="119.66442">
        <ele>714.395543</ele>
        <time>2026-01-21T02:12:24Z</time>
        <speed>0.309087</speed>
      </trkpt>
      <trkpt lat="29.211789" lon="119.664389">
        <ele>716.951224</ele>
        <time>2026-01-21T02:12:32Z</time>
        <speed>0.726133</speed>
      </trkpt>
      <trkpt lat="29.211821" lon="119.66435">
        <ele>718.196437</ele>
        <time>2026-01-21T02:12:39Z</time>
        <speed>0.823424</speed>
      </trkpt>
      <trkpt lat="29.211862" lon="119.664304">
        <ele>719.243952</ele>
        <time>2026-01-21T02:12:52Z</time>
        <speed>0.858352</speed>
      </trkpt>
      <trkpt lat="29.211888" lon="119.664265">
        <ele>720.835317</ele>
        <time>2026-01-21T02:12:59Z</time>
        <speed>0.756663</speed>
      </trkpt>
      <trkpt lat="29.211921" lon="119.664229">
        <ele>721.367104</ele>
        <time>2026-01-21T02:13:05Z</time>
        <speed>0.797358</speed>
      </trkpt>
      <trkpt lat="29.211955" lon="119.664185">
        <ele>722.990983</ele>
        <time>2026-01-21T02:13:11Z</time>
        <speed>0.814185</speed>
      </trkpt>
      <trkpt lat="29.211982" lon="119.664141">
        <ele>724.807042</ele>
        <time>2026-01-21T02:13:17Z</time>
        <speed>0.809647</speed>
      </trkpt>
      <trkpt lat="29.211968" lon="119.664175">
        <ele>728.512164</ele>
        <time>2026-01-21T02:13:25Z</time>
        <speed>0.625798</speed>
      </trkpt>
      <trkpt lat="29.211947" lon="119.664235">
        <ele>730.508205</ele>
        <time>2026-01-21T02:13:33Z</time>
        <speed>0.627937</speed>
      </trkpt>
      <trkpt lat="29.21196" lon="119.664286">
        <ele>731.228096</ele>
        <time>2026-01-21T02:13:41Z</time>
        <speed>0.665468</speed>
      </trkpt>
      <trkpt lat="29.212006" lon="119.664304">
        <ele>731.605089</ele>
        <time>2026-01-21T02:13:48Z</time>
        <speed>0.518515</speed>
      </trkpt>
      <trkpt lat="29.212058" lon="119.664319">
        <ele>732.974298</ele>
        <time>2026-01-21T02:14:03Z</time>
        <speed>0.487682</speed>
      </trkpt>
      <trkpt lat="29.212098" lon="119.664342">
        <ele>738.13579</ele>
        <time>2026-01-21T02:14:16Z</time>
        <speed>0.170218</speed>
      </trkpt>
      <trkpt lat="29.212146" lon="119.664349">
        <ele>739.997399</ele>
        <time>2026-01-21T02:14:27Z</time>
        <speed>0.617306</speed>
      </trkpt>
      <trkpt lat="29.212188" lon="119.664319">
        <ele>740.567938</ele>
        <time>2026-01-21T02:14:35Z</time>
        <speed>0.358715</speed>
      </trkpt>
      <trkpt lat="29.212214" lon="119.66427">
        <ele>740.529963</ele>
        <time>2026-01-21T02:14:52Z</time>
        <speed>0.527093</speed>
      </trkpt>
      <trkpt lat="29.212254" lon="119.66425">
        <ele>741.29465</ele>
        <time>2026-01-21T02:15:01Z</time>
        <speed>1.206669</speed>
      </trkpt>
      <trkpt lat="29.212306" lon="119.664222">
        <ele>744.027879</ele>
        <time>2026-01-21T02:15:14Z</time>
        <speed>0.279166</speed>
      </trkpt>
      <trkpt lat="29.21233" lon="119.664182">
        <ele>746.259872</ele>
        <time>2026-01-21T02:15:23Z</time>
        <speed>0.093867</speed>
      </trkpt>
      <trkpt lat="29.212367" lon="119.664145">
        <ele>748.61729</ele>
        <time>2026-01-21T02:15:32Z</time>
        <speed>0.455522</speed>
      </trkpt>
      <trkpt lat="29.212409" lon="119.664118">
        <ele>752.483963</ele>
        <time>2026-01-21T02:15:48Z</time>
        <speed>0.103745</speed>
      </trkpt>
      <trkpt lat="29.212446" lon="119.664092">
        <ele>753.271511</ele>
        <time>2026-01-21T02:16:01Z</time>
        <speed>0.630841</speed>
      </trkpt>
      <trkpt lat="29.212495" lon="119.664055">
        <ele>754.639711</ele>
        <time>2026-01-21T02:17:19Z</time>
        <speed>0.11079</speed>
      </trkpt>
      <trkpt lat="29.212547" lon="119.664038">
        <ele>761.045682</ele>
        <time>2026-01-21T02:18:02Z</time>
        <speed>0.813717</speed>
      </trkpt>
      <trkpt lat="29.21259" lon="119.664013">
        <ele>762.9128</ele>
        <time>2026-01-21T02:18:10Z</time>
        <speed>0.487989</speed>
      </trkpt>
      <trkpt lat="29.212633" lon="119.663987">
        <ele>764.492275</ele>
        <time>2026-01-21T02:18:15Z</time>
        <speed>0.989233</speed>
      </trkpt>
      <trkpt lat="29.212673" lon="119.663956">
        <ele>764.757245</ele>
        <time>2026-01-21T02:18:19Z</time>
        <speed>1.265437</speed>
      </trkpt>
      <trkpt lat="29.212695" lon="119.663902">
        <ele>764.529682</ele>
        <time>2026-01-21T02:18:24Z</time>
        <speed>0.459151</speed>
      </trkpt>
      <trkpt lat="29.212717" lon="119.663849">
        <ele>764.276918</ele>
        <time>2026-01-21T02:18:38Z</time>
        <speed>0.621308</speed>
      </trkpt>
      <trkpt lat="29.212734" lon="119.663811">
        <ele>764.635136</ele>
        <time>2026-01-21T02:18:45Z</time>
        <speed>0.813472</speed>
      </trkpt>
      <trkpt lat="29.212763" lon="119.663764">
        <ele>767.255683</ele>
        <time>2026-01-21T02:18:53Z</time>
        <speed>0.512232</speed>
      </trkpt>
      <trkpt lat="29.212782" lon="119.663713">
        <ele>769.033546</ele>
        <time>2026-01-21T02:19:00Z</time>
        <speed>0.723742</speed>
      </trkpt>
      <trkpt lat="29.212746" lon="119.663707">
        <ele>769.946926</ele>
        <time>2026-01-21T02:19:06Z</time>
        <speed>0.657982</speed>
      </trkpt>
      <trkpt lat="29.212692" lon="119.66372">
        <ele>771.92176</ele>
        <time>2026-01-21T02:19:13Z</time>
        <speed>0.880258</speed>
      </trkpt>
      <trkpt lat="29.212639" lon="119.663728">
        <ele>773.979432</ele>
        <time>2026-01-21T02:19:22Z</time>
        <speed>0.579667</speed>
      </trkpt>
      <trkpt lat="29.212591" lon="119.663731">
        <ele>779.028006</ele>
        <time>2026-01-21T02:19:32Z</time>
        <speed>0.753131</speed>
      </trkpt>
      <trkpt lat="29.212634" lon="119.663707">
        <ele>787.008902</ele>
        <time>2026-01-21T02:19:57Z</time>
        <speed>0.560821</speed>
      </trkpt>
      <trkpt lat="29.212665" lon="119.663667">
        <ele>787.415224</ele>
        <time>2026-01-21T02:20:05Z</time>
        <speed>0.5285</speed>
      </trkpt>
      <trkpt lat="29.212695" lon="119.663604">
        <ele>786.426778</ele>
        <time>2026-01-21T02:20:14Z</time>
        <speed>1.340763</speed>
      </trkpt>
      <trkpt lat="29.212654" lon="119.663569">
        <ele>788.115315</ele>
        <time>2026-01-21T02:20:33Z</time>
        <speed>0.686753</speed>
      </trkpt>
      <trkpt lat="29.212606" lon="119.663579">
        <ele>791.862253</ele>
        <time>2026-01-21T02:20:41Z</time>
        <speed>0.455523</speed>
      </trkpt>
      <trkpt lat="29.21257" lon="119.663545">
        <ele>795.979362</ele>
        <time>2026-01-21T02:20:53Z</time>
        <speed>0.735671</speed>
      </trkpt>
      <trkpt lat="29.212557" lon="119.663487">
        <ele>799.153982</ele>
        <time>2026-01-21T02:21:23Z</time>
        <speed>0.451185</speed>
      </trkpt>
      <trkpt lat="29.212531" lon="119.663441">
        <ele>803.320243</ele>
        <time>2026-01-21T02:21:59Z</time>
        <speed>0.544042</speed>
      </trkpt>
      <trkpt lat="29.212577" lon="119.663442">
        <ele>805.321973</ele>
        <time>2026-01-21T02:22:25Z</time>
        <speed>0.886732</speed>
      </trkpt>
      <trkpt lat="29.212623" lon="119.663443">
        <ele>805.841356</ele>
        <time>2026-01-21T02:22:34Z</time>
        <speed>0.424716</speed>
      </trkpt>
      <trkpt lat="29.21267" lon="119.663434">
        <ele>806.709031</ele>
        <time>2026-01-21T02:22:42Z</time>
        <speed>0.92862</speed>
      </trkpt>
      <trkpt lat="29.212649" lon="119.663381">
        <ele>809.861317</ele>
        <time>2026-01-21T02:22:56Z</time>
        <speed>0.271253</speed>
      </trkpt>
      <trkpt lat="29.212608" lon="119.663336">
        <ele>813.324864</ele>
        <time>2026-01-21T02:23:17Z</time>
        <speed>0.660536</speed>
      </trkpt>
      <trkpt lat="29.212587" lon="119.6633">
        <ele>813.261833</ele>
        <time>2026-01-21T02:23:22Z</time>
        <speed>1.089083</speed>
      </trkpt>
      <trkpt lat="29.212565" lon="119.663249">
        <ele>811.340149</ele>
        <time>2026-01-21T02:23:27Z</time>
        <speed>0.867309</speed>
      </trkpt>
      <trkpt lat="29.212546" lon="119.663186">
        <ele>811.896045</ele>
        <time>2026-01-21T02:23:34Z</time>
        <speed>0.847655</speed>
      </trkpt>
      <trkpt lat="29.212565" lon="119.663232">
        <ele>816.700908</ele>
        <time>2026-01-21T02:23:53Z</time>
        <speed>0.067267</speed>
      </trkpt>
      <trkpt lat="29.212602" lon="119.663266">
        <ele>819.918035</ele>
        <time>2026-01-21T02:24:01Z</time>
        <speed>0.125476</speed>
      </trkpt>
      <trkpt lat="29.21265" lon="119.663264">
        <ele>822.774146</ele>
        <time>2026-01-21T02:24:10Z</time>
        <speed>0.218727</speed>
      </trkpt>
      <trkpt lat="29.212697" lon="119.663238">
        <ele>824.737294</ele>
        <time>2026-01-21T02:24:18Z</time>
        <speed>0.236116</speed>
      </trkpt>
      <trkpt lat="29.212698" lon="119.663184">
        <ele>825.388286</ele>
        <time>2026-01-21T02:24:26Z</time>
        <speed>0.649265</speed>
      </trkpt>
      <trkpt lat="29.212702" lon="119.663128">
        <ele>825.012454</ele>
        <time>2026-01-21T02:24:41Z</time>
        <speed>0.430566</speed>
      </trkpt>
      <trkpt lat="29.212697" lon="119.663072">
        <ele>826.163875</ele>
        <time>2026-01-21T02:24:49Z</time>
        <speed>0.866186</speed>
      </trkpt>
      <trkpt lat="29.212649" lon="119.663034">
        <ele>829.283518</ele>
        <time>2026-01-21T02:26:02Z</time>
        <speed>0.67301</speed>
      </trkpt>
      <trkpt lat="29.212636" lon="119.662996">
        <ele>828.81544</ele>
        <time>2026-01-21T02:26:08Z</time>
        <speed>0.683115</speed>
      </trkpt>
      <trkpt lat="29.212609" lon="119.662935">
        <ele>830.147602</ele>
        <time>2026-01-21T02:26:15Z</time>
        <speed>0.613876</speed>
      </trkpt>
      <trkpt lat="29.212611" lon="119.662881">
        <ele>831.403662</ele>
        <time>2026-01-21T02:26:21Z</time>
        <speed>1.214476</speed>
      </trkpt>
      <trkpt lat="29.212635" lon="119.662926">
        <ele>834.850723</ele>
        <time>2026-01-21T02:26:50Z</time>
        <speed>0.05635</speed>
      </trkpt>
      <trkpt lat="29.212635" lon="119.662989">
        <ele>834.245066</ele>
        <time>2026-01-21T02:27:04Z</time>
        <speed>0.649121</speed>
      </trkpt>
      <trkpt lat="29.212664" lon="119.663019">
        <ele>833.849941</ele>
        <time>2026-01-21T02:27:10Z</time>
        <speed>1.279312</speed>
      </trkpt>
      <trkpt lat="29.212709" lon="119.66303">
        <ele>833.615048</ele>
        <time>2026-01-21T02:27:15Z</time>
        <speed>0.791798</speed>
      </trkpt>
      <trkpt lat="29.212747" lon="119.663007">
        <ele>833.462839</ele>
        <time>2026-01-21T02:27:19Z</time>
        <speed>0.913872</speed>
      </trkpt>
      <trkpt lat="29.212787" lon="119.662952">
        <ele>835.002583</ele>
        <time>2026-01-21T02:27:31Z</time>
        <speed>0.202334</speed>
      </trkpt>
      <trkpt lat="29.21282" lon="119.66292">
        <ele>835.089286</ele>
        <time>2026-01-21T02:27:36Z</time>
        <speed>1.319219</speed>
      </trkpt>
      <trkpt lat="29.212876" lon="119.662906">
        <ele>833.517315</ele>
        <time>2026-01-21T02:27:43Z</time>
        <speed>1.056359</speed>
      </trkpt>
      <trkpt lat="29.212928" lon="119.662924">
        <ele>832.378404</ele>
        <time>2026-01-21T02:27:49Z</time>
        <speed>1.120322</speed>
      </trkpt>
      <trkpt lat="29.212982" lon="119.662944">
        <ele>832.932653</ele>
        <time>2026-01-21T02:27:54Z</time>
        <speed>1.494312</speed>
      </trkpt>
      <trkpt lat="29.213033" lon="119.662959">
        <ele>832.143536</ele>
        <time>2026-01-21T02:27:59Z</time>
        <speed>1.232881</speed>
      </trkpt>
      <trkpt lat="29.213087" lon="119.662979">
        <ele>831.533436</ele>
        <time>2026-01-21T02:28:05Z</time>
        <speed>1.03061</speed>
      </trkpt>
      <trkpt lat="29.213138" lon="119.662977">
        <ele>831.562299</ele>
        <time>2026-01-21T02:28:10Z</time>
        <speed>1.214657</speed>
      </trkpt>
      <trkpt lat="29.213191" lon="119.662979">
        <ele>831.30207</ele>
        <time>2026-01-21T02:28:15Z</time>
        <speed>0.981733</speed>
      </trkpt>
      <trkpt lat="29.213241" lon="119.662973">
        <ele>830.33683</ele>
        <time>2026-01-21T02:28:19Z</time>
        <speed>1.314943</speed>
      </trkpt>
      <trkpt lat="29.213296" lon="119.662948">
        <ele>828.016256</ele>
        <time>2026-01-21T02:28:24Z</time>
        <speed>0.949865</speed>
      </trkpt>
      <trkpt lat="29.213329" lon="119.662915">
        <ele>826.91566</ele>
        <time>2026-01-21T02:28:27Z</time>
        <speed>1.358996</speed>
      </trkpt>
      <trkpt lat="29.213363" lon="119.662868">
        <ele>825.709179</ele>
        <time>2026-01-21T02:28:31Z</time>
        <speed>1.244431</speed>
      </trkpt>
      <trkpt lat="29.213387" lon="119.662818">
        <ele>825.632878</ele>
        <time>2026-01-21T02:28:35Z</time>
        <speed>1.204745</speed>
      </trkpt>
      <trkpt lat="29.213407" lon="119.662747">
        <ele>824.709752</ele>
        <time>2026-01-21T02:28:42Z</time>
        <speed>0.978625</speed>
      </trkpt>
      <trkpt lat="29.213432" lon="119.662702">
        <ele>824.650615</ele>
        <time>2026-01-21T02:28:49Z</time>
        <speed>0.949814</speed>
      </trkpt>
      <trkpt lat="29.213462" lon="119.662669">
        <ele>825.320632</ele>
        <time>2026-01-21T02:28:54Z</time>
        <speed>0.874024</speed>
      </trkpt>
      <trkpt lat="29.213515" lon="119.662639">
        <ele>824.357481</ele>
        <time>2026-01-21T02:29:01Z</time>
        <speed>1.600808</speed>
      </trkpt>
      <trkpt lat="29.21357" lon="119.662675">
        <ele>824.248679</ele>
        <time>2026-01-21T02:30:06Z</time>
        <speed>1.622076</speed>
      </trkpt>
      <trkpt lat="29.213586" lon="119.662705">
        <ele>824.27102</ele>
        <time>2026-01-21T02:30:10Z</time>
        <speed>1.258534</speed>
      </trkpt>
      <trkpt lat="29.213632" lon="119.662726">
        <ele>823.498432</ele>
        <time>2026-01-21T02:30:14Z</time>
        <speed>1.084402</speed>
      </trkpt>
      <trkpt lat="29.213688" lon="119.662738">
        <ele>822.29796</ele>
        <time>2026-01-21T02:30:19Z</time>
        <speed>1.16436</speed>
      </trkpt>
      <trkpt lat="29.213743" lon="119.662743">
        <ele>820.843516</ele>
        <time>2026-01-21T02:30:23Z</time>
        <speed>1.537998</speed>
      </trkpt>
      <trkpt lat="29.213798" lon="119.662759">
        <ele>819.931164</ele>
        <time>2026-01-21T02:30:27Z</time>
        <speed>1.654547</speed>
      </trkpt>
      <trkpt lat="29.213828" lon="119.662795">
        <ele>821.193058</ele>
        <time>2026-01-21T02:30:30Z</time>
        <speed>1.172034</speed>
      </trkpt>
      <trkpt lat="29.213876" lon="119.66281">
        <ele>823.484004</ele>
        <time>2026-01-21T02:30:35Z</time>
        <speed>1.162011</speed>
      </trkpt>
      <trkpt lat="29.213898" lon="119.662783">
        <ele>825.116128</ele>
        <time>2026-01-21T02:30:38Z</time>
        <speed>1.104234</speed>
      </trkpt>
      <trkpt lat="29.213919" lon="119.662723">
        <ele>826.485133</ele>
        <time>2026-01-21T02:30:42Z</time>
        <speed>1.423612</speed>
      </trkpt>
      <trkpt lat="29.213929" lon="119.662662">
        <ele>826.005603</ele>
        <time>2026-01-21T02:30:45Z</time>
        <speed>1.572802</speed>
      </trkpt>
      <trkpt lat="29.213945" lon="119.662604">
        <ele>825.465273</ele>
        <time>2026-01-21T02:30:48Z</time>
        <speed>1.187235</speed>
      </trkpt>
      <trkpt lat="29.213975" lon="119.662553">
        <ele>824.962986</ele>
        <time>2026-01-21T02:30:52Z</time>
        <speed>1.234696</speed>
      </trkpt>
      <trkpt lat="29.214013" lon="119.662531">
        <ele>825.288225</ele>
        <time>2026-01-21T02:30:55Z</time>
        <speed>1.501693</speed>
      </trkpt>
      <trkpt lat="29.214068" lon="119.662497">
        <ele>826.235343</ele>
        <time>2026-01-21T02:31:00Z</time>
        <speed>1.344222</speed>
      </trkpt>
      <trkpt lat="29.214118" lon="119.662481">
        <ele>827.042198</ele>
        <time>2026-01-21T02:31:04Z</time>
        <speed>1.449623</speed>
      </trkpt>
      <trkpt lat="29.214166" lon="119.662458">
        <ele>826.450921</ele>
        <time>2026-01-21T02:31:07Z</time>
        <speed>1.123223</speed>
      </trkpt>
      <trkpt lat="29.214217" lon="119.662448">
        <ele>825.873732</ele>
        <time>2026-01-21T02:31:11Z</time>
        <speed>1.324835</speed>
      </trkpt>
      <trkpt lat="29.21427" lon="119.662444">
        <ele>824.738771</ele>
        <time>2026-01-21T02:31:15Z</time>
        <speed>1.414421</speed>
      </trkpt>
      <trkpt lat="29.214319" lon="119.662441">
        <ele>824.153106</ele>
        <time>2026-01-21T02:31:19Z</time>
        <speed>1.351416</speed>
      </trkpt>
      <trkpt lat="29.214372" lon="119.66243">
        <ele>823.611115</ele>
        <time>2026-01-21T02:31:23Z</time>
        <speed>1.501707</speed>
      </trkpt>
      <trkpt lat="29.21442" lon="119.662402">
        <ele>822.795978</ele>
        <time>2026-01-21T02:31:27Z</time>
        <speed>1.155672</speed>
      </trkpt>
      <trkpt lat="29.214458" lon="119.662374">
        <ele>822.429206</ele>
        <time>2026-01-21T02:31:30Z</time>
        <speed>1.303543</speed>
      </trkpt>
      <trkpt lat="29.214509" lon="119.66234">
        <ele>821.702667</ele>
        <time>2026-01-21T02:31:34Z</time>
        <speed>1.315901</speed>
      </trkpt>
      <trkpt lat="29.214561" lon="119.66231">
        <ele>821.85864</ele>
        <time>2026-01-21T02:31:38Z</time>
        <speed>1.415087</speed>
      </trkpt>
      <trkpt lat="29.214609" lon="119.662267">
        <ele>820.724437</ele>
        <time>2026-01-21T02:31:42Z</time>
        <speed>1.701319</speed>
      </trkpt>
      <trkpt lat="29.214653" lon="119.662231">
        <ele>821.11729</ele>
        <time>2026-01-21T02:31:46Z</time>
        <speed>1.257386</speed>
      </trkpt>
      <trkpt lat="29.214684" lon="119.662188">
        <ele>821.731347</ele>
        <time>2026-01-21T02:31:50Z</time>
        <speed>1.205367</speed>
      </trkpt>
      <trkpt lat="29.214723" lon="119.66215">
        <ele>821.596851</ele>
        <time>2026-01-21T02:31:54Z</time>
        <speed>1.35087</speed>
      </trkpt>
      <trkpt lat="29.214763" lon="119.662119">
        <ele>820.629961</ele>
        <time>2026-01-21T02:31:58Z</time>
        <speed>1.378214</speed>
      </trkpt>
      <trkpt lat="29.214813" lon="119.66212">
        <ele>819.969471</ele>
        <time>2026-01-21T02:32:03Z</time>
        <speed>1.133784</speed>
      </trkpt>
      <trkpt lat="29.214866" lon="119.662138">
        <ele>819.816015</ele>
        <time>2026-01-21T02:32:09Z</time>
        <speed>1.79389</speed>
      </trkpt>
      <trkpt lat="29.214911" lon="119.662164">
        <ele>820.605417</ele>
        <time>2026-01-21T02:32:14Z</time>
        <speed>1.072452</speed>
      </trkpt>
      <trkpt lat="29.21496" lon="119.662167">
        <ele>822.448842</ele>
        <time>2026-01-21T02:32:20Z</time>
        <speed>1.162692</speed>
      </trkpt>
      <trkpt lat="29.215001" lon="119.662171">
        <ele>822.633133</ele>
        <time>2026-01-21T02:32:24Z</time>
        <speed>1.018196</speed>
      </trkpt>
      <trkpt lat="29.215037" lon="119.662189">
        <ele>822.527659</ele>
        <time>2026-01-21T02:32:27Z</time>
        <speed>1.610416</speed>
      </trkpt>
      <trkpt lat="29.215084" lon="119.662221">
        <ele>821.719079</ele>
        <time>2026-01-21T02:32:31Z</time>
        <speed>1.431785</speed>
      </trkpt>
      <trkpt lat="29.215128" lon="119.662257">
        <ele>821.868805</ele>
        <time>2026-01-21T02:32:34Z</time>
        <speed>1.060865</speed>
      </trkpt>
      <trkpt lat="29.215178" lon="119.662285">
        <ele>821.914096</ele>
        <time>2026-01-21T02:32:38Z</time>
        <speed>1.424239</speed>
      </trkpt>
      <trkpt lat="29.215223" lon="119.662316">
        <ele>822.924571</ele>
        <time>2026-01-21T02:32:42Z</time>
        <speed>1.354122</speed>
      </trkpt>
      <trkpt lat="29.215273" lon="119.662342">
        <ele>825.508468</ele>
        <time>2026-01-21T02:32:48Z</time>
        <speed>1.414147</speed>
      </trkpt>
      <trkpt lat="29.215318" lon="119.662353">
        <ele>826.48112</ele>
        <time>2026-01-21T02:32:53Z</time>
        <speed>1.032405</speed>
      </trkpt>
      <trkpt lat="29.215361" lon="119.662337">
        <ele>826.0804</ele>
        <time>2026-01-21T02:32:57Z</time>
        <speed>1.085853</speed>
      </trkpt>
      <trkpt lat="29.215405" lon="119.662288">
        <ele>825.328084</ele>
        <time>2026-01-21T02:33:07Z</time>
        <speed>0.0</speed>
      </trkpt>
      <trkpt lat="29.215429" lon="119.662235">
        <ele>827.243664</ele>
        <time>2026-01-21T02:33:17Z</time>
        <speed>1.335918</speed>
      </trkpt>
      <trkpt lat="29.215466" lon="119.662193">
        <ele>827.55174</ele>
        <time>2026-01-21T02:33:23Z</time>
        <speed>1.438667</speed>
      </trkpt>
      <trkpt lat="29.215511" lon="119.662153">
        <ele>828.058223</ele>
        <time>2026-01-21T02:33:28Z</time>
        <speed>1.325758</speed>
      </trkpt>
      <trkpt lat="29.215551" lon="119.662107">
        <ele>826.525903</ele>
        <time>2026-01-21T02:33:32Z</time>
        <speed>1.23308</speed>
      </trkpt>
      <trkpt lat="29.215582" lon="119.662058">
        <ele>825.850308</ele>
        <time>2026-01-21T02:33:36Z</time>
        <speed>1.014662</speed>
      </trkpt>
      <trkpt lat="29.215625" lon="119.662021">
        <ele>825.502028</ele>
        <time>2026-01-21T02:33:40Z</time>
        <speed>1.268131</speed>
      </trkpt>
      <trkpt lat="29.215678" lon="119.662003">
        <ele>825.417471</ele>
        <time>2026-01-21T02:33:44Z</time>
        <speed>1.367121</speed>
      </trkpt>
      <trkpt lat="29.215737" lon="119.661987">
        <ele>825.192627</ele>
        <time>2026-01-21T02:33:49Z</time>
        <speed>1.305739</speed>
      </trkpt>
      <trkpt lat="29.215787" lon="119.661973">
        <ele>824.013468</ele>
        <time>2026-01-21T02:33:54Z</time>
        <speed>1.25606</speed>
      </trkpt>
      <trkpt lat="29.215833" lon="119.661946">
        <ele>823.455951</ele>
        <time>2026-01-21T02:33:59Z</time>
        <speed>1.242547</speed>
      </trkpt>
      <trkpt lat="29.215886" lon="119.661943">
        <ele>822.827935</ele>
        <time>2026-01-21T02:34:04Z</time>
        <speed>1.27735</speed>
      </trkpt>
      <trkpt lat="29.215927" lon="119.661919">
        <ele>821.590144</ele>
        <time>2026-01-21T02:34:08Z</time>
        <speed>0.952469</speed>
      </trkpt>
      <trkpt lat="29.215972" lon="119.661892">
        <ele>820.164583</ele>
        <time>2026-01-21T02:34:14Z</time>
        <speed>0.651783</speed>
      </trkpt>
      <trkpt lat="29.216011" lon="119.661869">
        <ele>819.174439</ele>
        <time>2026-01-21T02:34:18Z</time>
        <speed>1.048276</speed>
      </trkpt>
      <trkpt lat="29.21605" lon="119.661833">
        <ele>819.607069</ele>
        <time>2026-01-21T02:34:23Z</time>
        <speed>1.192528</speed>
      </trkpt>
      <trkpt lat="29.216065" lon="119.661778">
        <ele>822.377477</ele>
        <time>2026-01-21T02:34:33Z</time>
        <speed>0.568324</speed>
      </trkpt>
      <trkpt lat="29.216057" lon="119.661727">
        <ele>823.021128</ele>
        <time>2026-01-21T02:34:39Z</time>
        <speed>0.890161</speed>
      </trkpt>
      <trkpt lat="29.216049" lon="119.661667">
        <ele>823.981765</ele>
        <time>2026-01-21T02:34:49Z</time>
        <speed>0.926998</speed>
      </trkpt>
      <trkpt lat="29.216055" lon="119.661611">
        <ele>824.986555</ele>
        <time>2026-01-21T02:34:57Z</time>
        <speed>1.043101</speed>
      </trkpt>
      <trkpt lat="29.216071" lon="119.661562">
        <ele>825.627864</ele>
        <time>2026-01-21T02:35:02Z</time>
        <speed>1.165926</speed>
      </trkpt>
      <trkpt lat="29.216098" lon="119.661516">
        <ele>827.037525</ele>
        <time>2026-01-21T02:35:06Z</time>
        <speed>1.084888</speed>
      </trkpt>
      <trkpt lat="29.216137" lon="119.661473">
        <ele>829.662077</ele>
        <time>2026-01-21T02:35:11Z</time>
        <speed>1.031392</speed>
      </trkpt>
      <trkpt lat="29.216175" lon="119.661436">
        <ele>831.313128</ele>
        <time>2026-01-21T02:35:15Z</time>
        <speed>1.326508</speed>
      </trkpt>
      <trkpt lat="29.21622" lon="119.661396">
        <ele>832.273742</ele>
        <time>2026-01-21T02:35:20Z</time>
        <speed>0.992189</speed>
      </trkpt>
      <trkpt lat="29.216271" lon="119.661367">
        <ele>833.36806</ele>
        <time>2026-01-21T02:35:26Z</time>
        <speed>1.127232</speed>
      </trkpt>
      <trkpt lat="29.216307" lon="119.661345">
        <ele>833.850393</ele>
        <time>2026-01-21T02:35:30Z</time>
        <speed>1.131801</speed>
      </trkpt>
      <trkpt lat="29.216348" lon="119.66131">
        <ele>832.64386</ele>
        <time>2026-01-21T02:35:35Z</time>
        <speed>1.104543</speed>
      </trkpt>
      <trkpt lat="29.216388" lon="119.661269">
        <ele>831.258847</ele>
        <time>2026-01-21T02:35:40Z</time>
        <speed>1.187571</speed>
      </trkpt>
      <trkpt lat="29.216423" lon="119.661231">
        <ele>830.793026</ele>
        <time>2026-01-21T02:35:45Z</time>
        <speed>0.247859</speed>
      </trkpt>
      <trkpt lat="29.21645" lon="119.661183">
        <ele>830.804224</ele>
        <time>2026-01-21T02:35:51Z</time>
        <speed>0.968407</speed>
      </trkpt>
      <trkpt lat="29.216484" lon="119.661148">
        <ele>831.696335</ele>
        <time>2026-01-21T02:35:57Z</time>
        <speed>0.983186</speed>
      </trkpt>
      <trkpt lat="29.216529" lon="119.661143">
        <ele>833.052608</ele>
        <time>2026-01-21T02:36:03Z</time>
        <speed>0.973601</speed>
      </trkpt>
      <trkpt lat="29.216578" lon="119.661157">
        <ele>832.633093</ele>
        <time>2026-01-21T02:36:09Z</time>
        <speed>1.119187</speed>
      </trkpt>
      <trkpt lat="29.216623" lon="119.661158">
        <ele>830.466418</ele>
        <time>2026-01-21T02:36:14Z</time>
        <speed>0.846101</speed>
      </trkpt>
      <trkpt lat="29.216673" lon="119.661157">
        <ele>828.842451</ele>
        <time>2026-01-21T02:36:20Z</time>
        <speed>1.254318</speed>
      </trkpt>
      <trkpt lat="29.216726" lon="119.661156">
        <ele>827.432582</ele>
        <time>2026-01-21T02:36:25Z</time>
        <speed>0.950846</speed>
      </trkpt>
      <trkpt lat="29.216772" lon="119.661143">
        <ele>827.121634</ele>
        <time>2026-01-21T02:36:29Z</time>
        <speed>1.078075</speed>
      </trkpt>
      <trkpt lat="29.21681" lon="119.661109">
        <ele>826.293259</ele>
        <time>2026-01-21T02:36:33Z</time>
        <speed>0.765923</speed>
      </trkpt>
      <trkpt lat="29.216845" lon="119.661063">
        <ele>826.213412</ele>
        <time>2026-01-21T02:36:37Z</time>
        <speed>1.2736</speed>
      </trkpt>
      <trkpt lat="29.216877" lon="119.661005">
        <ele>824.981996</ele>
        <time>2026-01-21T02:36:42Z</time>
        <speed>0.906116</speed>
      </trkpt>
      <trkpt lat="29.216914" lon="119.660967">
        <ele>824.897968</ele>
        <time>2026-01-21T02:36:47Z</time>
        <speed>0.664674</speed>
      </trkpt>
      <trkpt lat="29.216963" lon="119.660955">
        <ele>825.832747</ele>
        <time>2026-01-21T02:36:53Z</time>
        <speed>0.989079</speed>
      </trkpt>
      <trkpt lat="29.217013" lon="119.660962">
        <ele>826.90769</ele>
        <time>2026-01-21T02:36:59Z</time>
        <speed>0.95879</speed>
      </trkpt>
      <trkpt lat="29.217065" lon="119.660969">
        <ele>826.684814</ele>
        <time>2026-01-21T02:37:05Z</time>
        <speed>0.809797</speed>
      </trkpt>
      <trkpt lat="29.217103" lon="119.660987">
        <ele>826.66255</ele>
        <time>2026-01-21T02:37:09Z</time>
        <speed>1.138864</speed>
      </trkpt>
      <trkpt lat="29.217152" lon="119.661002">
        <ele>826.696723</ele>
        <time>2026-01-21T02:37:14Z</time>
        <speed>0.959185</speed>
      </trkpt>
      <trkpt lat="29.217203" lon="119.661011">
        <ele>826.717501</ele>
        <time>2026-01-21T02:37:19Z</time>
        <speed>1.314904</speed>
      </trkpt>
      <trkpt lat="29.21725" lon="119.661026">
        <ele>826.968006</ele>
        <time>2026-01-21T02:37:24Z</time>
        <speed>0.991538</speed>
      </trkpt>
      <trkpt lat="29.217293" lon="119.661032">
        <ele>826.817005</ele>
        <time>2026-01-21T02:37:28Z</time>
        <speed>1.240098</speed>
      </trkpt>
      <trkpt lat="29.217347" lon="119.661044">
        <ele>826.951399</ele>
        <time>2026-01-21T02:37:33Z</time>
        <speed>1.19006</speed>
      </trkpt>
      <trkpt lat="29.217399" lon="119.66105">
        <ele>827.177735</ele>
        <time>2026-01-21T02:37:37Z</time>
        <speed>1.146554</speed>
      </trkpt>
      <trkpt lat="29.217448" lon="119.661038">
        <ele>826.881784</ele>
        <time>2026-01-21T02:37:42Z</time>
        <speed>0.894953</speed>
      </trkpt>
      <trkpt lat="29.217498" lon="119.661045">
        <ele>827.649126</ele>
        <time>2026-01-21T02:37:49Z</time>
        <speed>0.556924</speed>
      </trkpt>
      <trkpt lat="29.217534" lon="119.66101">
        <ele>828.157324</ele>
        <time>2026-01-21T02:38:21Z</time>
        <speed>0.701771</speed>
      </trkpt>
      <trkpt lat="29.217554" lon="119.66096">
        <ele>826.669927</ele>
        <time>2026-01-21T02:38:48Z</time>
        <speed>0.805663</speed>
      </trkpt>
      <trkpt lat="29.217597" lon="119.660934">
        <ele>834.45807</ele>
        <time>2026-01-21T02:39:37Z</time>
        <speed>0.372731</speed>
      </trkpt>
      <trkpt lat="29.217642" lon="119.660926">
        <ele>837.999195</ele>
        <time>2026-01-21T02:40:37Z</time>
        <speed>1.151111</speed>
      </trkpt>
      <trkpt lat="29.217683" lon="119.660899">
        <ele>838.541638</ele>
        <time>2026-01-21T02:41:22Z</time>
        <speed>0.512468</speed>
      </trkpt>
      <trkpt lat="29.217726" lon="119.660891">
        <ele>842.424443</ele>
        <time>2026-01-21T02:41:35Z</time>
        <speed>0.391274</speed>
      </trkpt>
      <trkpt lat="29.217776" lon="119.660898">
        <ele>845.449223</ele>
        <time>2026-01-21T02:41:49Z</time>
        <speed>0.35464</speed>
      </trkpt>
      <trkpt lat="29.217794" lon="119.66094">
        <ele>848.732411</ele>
        <time>2026-01-21T02:41:55Z</time>
        <speed>0.985191</speed>
      </trkpt>
      <trkpt lat="29.217836" lon="119.660978">
        <ele>847.527165</ele>
        <time>2026-01-21T02:42:18Z</time>
        <speed>0.541699</speed>
      </trkpt>
      <trkpt lat="29.217883" lon="119.66099">
        <ele>847.934221</ele>
        <time>2026-01-21T02:44:07Z</time>
        <speed>0.053212</speed>
      </trkpt>
      <trkpt lat="29.217916" lon="119.661027">
        <ele>846.996961</ele>
        <time>2026-01-21T02:44:38Z</time>
        <speed>0.126187</speed>
      </trkpt>
      <trkpt lat="29.217908" lon="119.661093">
        <ele>846.773071</ele>
        <time>2026-01-21T02:47:57Z</time>
        <speed>1.181382</speed>
      </trkpt>
      <trkpt lat="29.217884" lon="119.661131">
        <ele>847.881475</ele>
        <time>2026-01-21T02:48:03Z</time>
        <speed>0.761498</speed>
      </trkpt>
      <trkpt lat="29.217885" lon="119.661191">
        <ele>849.586605</ele>
        <time>2026-01-21T02:48:10Z</time>
        <speed>0.731081</speed>
      </trkpt>
      <trkpt lat="29.2179" lon="119.661251">
        <ele>849.826775</ele>
        <time>2026-01-21T02:48:19Z</time>
        <speed>0.612024</speed>
      </trkpt>
      <trkpt lat="29.217933" lon="119.661293">
        <ele>852.391515</ele>
        <time>2026-01-21T02:48:33Z</time>
        <speed>0.285786</speed>
      </trkpt>
      <trkpt lat="29.217964" lon="119.661332">
        <ele>854.218005</ele>
        <time>2026-01-21T02:48:47Z</time>
        <speed>0.311851</speed>
      </trkpt>
      <trkpt lat="29.217991" lon="119.661377">
        <ele>854.515152</ele>
        <time>2026-01-21T02:48:57Z</time>
        <speed>0.687483</speed>
      </trkpt>
      <trkpt lat="29.21804" lon="119.661407">
        <ele>859.43347</ele>
        <time>2026-01-21T02:49:15Z</time>
        <speed>0.382205</speed>
      </trkpt>
      <trkpt lat="29.218071" lon="119.661373">
        <ele>858.634508</ele>
        <time>2026-01-21T02:49:24Z</time>
        <speed>0.391067</speed>
      </trkpt>
      <trkpt lat="29.218082" lon="119.661317">
        <ele>859.735222</ele>
        <time>2026-01-21T02:49:35Z</time>
        <speed>0.396375</speed>
      </trkpt>
      <trkpt lat="29.218087" lon="119.66126">
        <ele>865.224938</ele>
        <time>2026-01-21T02:49:52Z</time>
        <speed>0.44674</speed>
      </trkpt>
      <trkpt lat="29.21811" lon="119.661226">
        <ele>865.21808</ele>
        <time>2026-01-21T02:49:57Z</time>
        <speed>0.904508</speed>
      </trkpt>
      <trkpt lat="29.218142" lon="119.661171">
        <ele>865.339971</ele>
        <time>2026-01-21T02:50:05Z</time>
        <speed>0.816199</speed>
      </trkpt>
      <trkpt lat="29.218177" lon="119.661121">
        <ele>869.363346</ele>
        <time>2026-01-21T02:50:20Z</time>
        <speed>0.598316</speed>
      </trkpt>
      <trkpt lat="29.218202" lon="119.661081">
        <ele>872.680819</ele>
        <time>2026-01-21T02:50:31Z</time>
        <speed>0.813986</speed>
      </trkpt>
      <trkpt lat="29.218237" lon="119.661046">
        <ele>872.705808</ele>
        <time>2026-01-21T02:50:39Z</time>
        <speed>0.417928</speed>
      </trkpt>
      <trkpt lat="29.218282" lon="119.661024">
        <ele>874.980522</ele>
        <time>2026-01-21T02:50:50Z</time>
        <speed>0.402149</speed>
      </trkpt>
      <trkpt lat="29.218328" lon="119.66102">
        <ele>877.301135</ele>
        <time>2026-01-21T02:51:00Z</time>
        <speed>0.720164</speed>
      </trkpt>
      <trkpt lat="29.218376" lon="119.661021">
        <ele>880.437061</ele>
        <time>2026-01-21T02:51:11Z</time>
        <speed>0.681717</speed>
      </trkpt>
      <trkpt lat="29.218417" lon="119.661002">
        <ele>881.454832</ele>
        <time>2026-01-21T02:51:19Z</time>
        <speed>0.271893</speed>
      </trkpt>
      <trkpt lat="29.218452" lon="119.660963">
        <ele>882.655615</ele>
        <time>2026-01-21T02:51:27Z</time>
        <speed>0.56006</speed>
      </trkpt>
      <trkpt lat="29.218484" lon="119.660925">
        <ele>883.357617</ele>
        <time>2026-01-21T02:51:34Z</time>
        <speed>0.537651</speed>
      </trkpt>
      <trkpt lat="29.218541" lon="119.660926">
        <ele>883.958473</ele>
        <time>2026-01-21T02:51:46Z</time>
        <speed>0.643988</speed>
      </trkpt>
      <trkpt lat="29.218584" lon="119.660909">
        <ele>884.495412</ele>
        <time>2026-01-21T02:51:57Z</time>
        <speed>0.10665</speed>
      </trkpt>
      <trkpt lat="29.218625" lon="119.66088">
        <ele>885.015524</ele>
        <time>2026-01-21T02:52:12Z</time>
        <speed>0.36905</speed>
      </trkpt>
      <trkpt lat="29.218669" lon="119.660862">
        <ele>886.180319</ele>
        <time>2026-01-21T02:52:29Z</time>
        <speed>0.433015</speed>
      </trkpt>
      <trkpt lat="29.218713" lon="119.660842">
        <ele>888.884774</ele>
        <time>2026-01-21T02:52:52Z</time>
        <speed>0.0</speed>
      </trkpt>
      <trkpt lat="29.218741" lon="119.660802">
        <ele>892.802569</ele>
        <time>2026-01-21T02:53:08Z</time>
        <speed>0.418632</speed>
      </trkpt>
      <trkpt lat="29.218776" lon="119.660762">
        <ele>898.633674</ele>
        <time>2026-01-21T02:53:38Z</time>
        <speed>0.333687</speed>
      </trkpt>
      <trkpt lat="29.218797" lon="119.660731">
        <ele>899.860582</ele>
        <time>2026-01-21T02:53:42Z</time>
        <speed>0.976654</speed>
      </trkpt>
      <trkpt lat="29.218821" lon="119.660671">
        <ele>900.999178</ele>
        <time>2026-01-21T02:53:47Z</time>
        <speed>0.961246</speed>
      </trkpt>
      <trkpt lat="29.218821" lon="119.660606">
        <ele>903.466857</ele>
        <time>2026-01-21T02:53:53Z</time>
        <speed>0.751542</speed>
      </trkpt>
      <trkpt lat="29.218838" lon="119.660552">
        <ele>904.285217</ele>
        <time>2026-01-21T02:54:04Z</time>
        <speed>0.403338</speed>
      </trkpt>
      <trkpt lat="29.218876" lon="119.660507">
        <ele>904.261452</ele>
        <time>2026-01-21T02:54:11Z</time>
        <speed>1.083465</speed>
      </trkpt>
      <trkpt lat="29.218911" lon="119.660465">
        <ele>905.466369</ele>
        <time>2026-01-21T02:54:18Z</time>
        <speed>0.901252</speed>
      </trkpt>
      <trkpt lat="29.218946" lon="119.660428">
        <ele>908.082814</ele>
        <time>2026-01-21T02:54:26Z</time>
        <speed>0.23508</speed>
      </trkpt>
      <trkpt lat="29.218972" lon="119.660386">
        <ele>907.063111</ele>
        <time>2026-01-21T02:54:31Z</time>
        <speed>0.680654</speed>
      </trkpt>
      <trkpt lat="29.218997" lon="119.660339">
        <ele>907.023906</ele>
        <time>2026-01-21T02:54:36Z</time>
        <speed>0.7566</speed>
      </trkpt>
      <trkpt lat="29.219002" lon="119.660276">
        <ele>908.566809</ele>
        <time>2026-01-21T02:54:41Z</time>
        <speed>1.119568</speed>
      </trkpt>
      <trkpt lat="29.219012" lon="119.66021">
        <ele>908.35654</ele>
        <time>2026-01-21T02:54:47Z</time>
        <speed>1.004161</speed>
      </trkpt>
      <trkpt lat="29.219024" lon="119.660159">
        <ele>908.103588</ele>
        <time>2026-01-21T02:54:52Z</time>
        <speed>0.881656</speed>
      </trkpt>
      <trkpt lat="29.21903" lon="119.660104">
        <ele>908.488771</ele>
        <time>2026-01-21T02:54:57Z</time>
        <speed>0.94672</speed>
      </trkpt>
      <trkpt lat="29.218985" lon="119.660092">
        <ele>911.282746</ele>
        <time>2026-01-21T02:55:05Z</time>
        <speed>1.063931</speed>
      </trkpt>
      <trkpt lat="29.218981" lon="119.660045">
        <ele>913.136339</ele>
        <time>2026-01-21T02:55:06Z</time>
        <speed>0.7891</speed>
      </trkpt>
      <trkpt lat="29.218957" lon="119.660066">
        <ele>913.663841</ele>
        <time>2026-01-21T02:55:08Z</time>
        <speed>1.098585</speed>
      </trkpt>
      <trkpt lat="29.218975" lon="119.660068">
        <ele>914.204824</ele>
        <time>2026-01-21T02:55:12Z</time>
        <speed>0.18973</speed>
      </trkpt>
      <trkpt lat="29.218969" lon="119.660054">
        <ele>914.009609</ele>
        <time>2026-01-21T02:55:14Z</time>
        <speed>0.063652</speed>
      </trkpt>
      <trkpt lat="29.218983" lon="119.660024">
        <ele>913.723935</ele>
        <time>2026-01-21T02:55:16Z</time>
        <speed>0.757175</speed>
      </trkpt>
      <trkpt lat="29.219028" lon="119.659948">
        <ele>912.500673</ele>
        <time>2026-01-21T02:55:32Z</time>
        <speed>0.52887</speed>
      </trkpt>
      <trkpt lat="29.219045" lon="119.659896">
        <ele>909.482246</ele>
        <time>2026-01-21T02:55:55Z</time>
        <speed>0.715096</speed>
      </trkpt>
      <trkpt lat="29.219051" lon="119.659846">
        <ele>908.362514</ele>
        <time>2026-01-21T02:56:05Z</time>
        <speed>0.750756</speed>
      </trkpt>
      <trkpt lat="29.219059" lon="119.659794">
        <ele>908.264023</ele>
        <time>2026-01-21T02:56:10Z</time>
        <speed>0.741612</speed>
      </trkpt>
      <trkpt lat="29.219078" lon="119.65974">
        <ele>908.255386</ele>
        <time>2026-01-21T02:56:15Z</time>
        <speed>0.79529</speed>
      </trkpt>
      <trkpt lat="29.219109" lon="119.659691">
        <ele>910.12447</ele>
        <time>2026-01-21T02:56:24Z</time>
        <speed>0.538929</speed>
      </trkpt>
      <trkpt lat="29.219152" lon="119.659661">
        <ele>913.469876</ele>
        <time>2026-01-21T02:56:36Z</time>
        <speed>0.552514</speed>
      </trkpt>
      <trkpt lat="29.21919" lon="119.659624">
        <ele>912.214107</ele>
        <time>2026-01-21T02:56:40Z</time>
        <speed>1.445694</speed>
      </trkpt>
      <trkpt lat="29.219221" lon="119.659575">
        <ele>913.137938</ele>
        <time>2026-01-21T02:56:45Z</time>
        <speed>0.91941</speed>
      </trkpt>
      <trkpt lat="29.219261" lon="119.659529">
        <ele>913.916569</ele>
        <time>2026-01-21T02:56:52Z</time>
        <speed>0.654845</speed>
      </trkpt>
      <trkpt lat="29.219272" lon="119.659477">
        <ele>912.69103</ele>
        <time>2026-01-21T02:57:03Z</time>
        <speed>0.48534</speed>
      </trkpt>
      <trkpt lat="29.219304" lon="119.65944">
        <ele>909.138416</ele>
        <time>2026-01-21T02:59:02Z</time>
        <speed>0.079145</speed>
      </trkpt>
      <trkpt lat="29.219353" lon="119.659428">
        <ele>911.611244</ele>
        <time>2026-01-21T02:59:15Z</time>
        <speed>0.772065</speed>
      </trkpt>
      <trkpt lat="29.219401" lon="119.659419">
        <ele>911.535253</ele>
        <time>2026-01-21T02:59:23Z</time>
        <speed>0.881262</speed>
      </trkpt>
      <trkpt lat="29.21944" lon="119.659397">
        <ele>909.647608</ele>
        <time>2026-01-21T02:59:28Z</time>
        <speed>0.688596</speed>
      </trkpt>
      <trkpt lat="29.219466" lon="119.659352">
        <ele>910.400022</ele>
        <time>2026-01-21T02:59:32Z</time>
        <speed>0.876261</speed>
      </trkpt>
      <trkpt lat="29.219486" lon="119.659288">
        <ele>912.060163</ele>
        <time>2026-01-21T02:59:45Z</time>
        <speed>0.476052</speed>
      </trkpt>
      <trkpt lat="29.219514" lon="119.659251">
        <ele>911.939926</ele>
        <time>2026-01-21T02:59:54Z</time>
        <speed>0.474106</speed>
      </trkpt>
      <trkpt lat="29.21951" lon="119.659204">
        <ele>914.222337</ele>
        <time>2026-01-21T03:00:01Z</time>
        <speed>0.692614</speed>
      </trkpt>
      <trkpt lat="29.219546" lon="119.659169">
        <ele>919.580004</ele>
        <time>2026-01-21T03:00:31Z</time>
        <speed>0.308073</speed>
      </trkpt>
      <trkpt lat="29.219552" lon="119.65912">
        <ele>920.000415</ele>
        <time>2026-01-21T03:00:39Z</time>
        <speed>0.822141</speed>
      </trkpt>
      <trkpt lat="29.219537" lon="119.659065">
        <ele>920.584587</ele>
        <time>2026-01-21T03:00:46Z</time>
        <speed>0.11844</speed>
      </trkpt>
      <trkpt lat="29.21955" lon="119.659009">
        <ele>920.209764</ele>
        <time>2026-01-21T03:01:00Z</time>
        <speed>0.648955</speed>
      </trkpt>
      <trkpt lat="29.219595" lon="119.65899">
        <ele>921.722533</ele>
        <time>2026-01-21T03:01:07Z</time>
        <speed>0.719317</speed>
      </trkpt>
      <trkpt lat="29.21964" lon="119.658966">
        <ele>921.433383</ele>
        <time>2026-01-21T03:01:14Z</time>
        <speed>0.543138</speed>
      </trkpt>
      <trkpt lat="29.21967" lon="119.658919">
        <ele>920.746543</ele>
        <time>2026-01-21T03:01:26Z</time>
        <speed>0.394549</speed>
      </trkpt>
      <trkpt lat="29.219694" lon="119.658871">
        <ele>920.911642</ele>
        <time>2026-01-21T03:01:34Z</time>
        <speed>0.715023</speed>
      </trkpt>
      <trkpt lat="29.219726" lon="119.658818">
        <ele>921.62725</ele>
        <time>2026-01-21T03:01:42Z</time>
        <speed>0.861436</speed>
      </trkpt>
      <trkpt lat="29.219761" lon="119.65877">
        <ele>922.886746</ele>
        <time>2026-01-21T03:01:50Z</time>
        <speed>0.748732</speed>
      </trkpt>
      <trkpt lat="29.219785" lon="119.658723">
        <ele>923.163167</ele>
        <time>2026-01-21T03:01:55Z</time>
        <speed>0.904004</speed>
      </trkpt>
      <trkpt lat="29.219793" lon="119.658671">
        <ele>923.826778</ele>
        <time>2026-01-21T03:02:00Z</time>
        <speed>0.990166</speed>
      </trkpt>
      <trkpt lat="29.219781" lon="119.658607">
        <ele>923.741305</ele>
        <time>2026-01-21T03:02:06Z</time>
        <speed>0.959443</speed>
      </trkpt>
      <trkpt lat="29.219769" lon="119.658551">
        <ele>924.908815</ele>
        <time>2026-01-21T03:02:11Z</time>
        <speed>0.742016</speed>
      </trkpt>
      <trkpt lat="29.219744" lon="119.658499">
        <ele>924.835716</ele>
        <time>2026-01-21T03:02:17Z</time>
        <speed>0.656089</speed>
      </trkpt>
      <trkpt lat="29.219737" lon="119.658447">
        <ele>923.777796</ele>
        <time>2026-01-21T03:02:24Z</time>
        <speed>0.580044</speed>
      </trkpt>
      <trkpt lat="29.219742" lon="119.658396">
        <ele>923.49703</ele>
        <time>2026-01-21T03:02:30Z</time>
        <speed>0.525103</speed>
      </trkpt>
      <trkpt lat="29.21974" lon="119.658341">
        <ele>926.199969</ele>
        <time>2026-01-21T03:02:37Z</time>
        <speed>0.58251</speed>
      </trkpt>
      <trkpt lat="29.219737" lon="119.658282">
        <ele>928.355232</ele>
        <time>2026-01-21T03:02:45Z</time>
        <speed>0.63438</speed>
      </trkpt>
      <trkpt lat="29.219737" lon="119.658228">
        <ele>929.709349</ele>
        <time>2026-01-21T03:02:51Z</time>
        <speed>0.619519</speed>
      </trkpt>
      <trkpt lat="29.219739" lon="119.658176">
        <ele>929.378828</ele>
        <time>2026-01-21T03:02:56Z</time>
        <speed>0.78686</speed>
      </trkpt>
      <trkpt lat="29.219755" lon="119.658121">
        <ele>928.856644</ele>
        <time>2026-01-21T03:03:05Z</time>
        <speed>0.487846</speed>
      </trkpt>
      <trkpt lat="29.219756" lon="119.658073">
        <ele>928.86896</ele>
        <time>2026-01-21T03:03:13Z</time>
        <speed>0.359463</speed>
      </trkpt>
      <trkpt lat="29.219723" lon="119.65804">
        <ele>928.83743</ele>
        <time>2026-01-21T03:03:20Z</time>
        <speed>0.624254</speed>
      </trkpt>
      <trkpt lat="29.219745" lon="119.658001">
        <ele>929.443624</ele>
        <time>2026-01-21T03:03:28Z</time>
        <speed>0.692037</speed>
      </trkpt>
      <trkpt lat="29.219766" lon="119.657949">
        <ele>932.19677</ele>
        <time>2026-01-21T03:03:43Z</time>
        <speed>0.867698</speed>
      </trkpt>
      <trkpt lat="29.21977" lon="119.657897">
        <ele>932.362682</ele>
        <time>2026-01-21T03:03:54Z</time>
        <speed>0.204973</speed>
      </trkpt>
      <trkpt lat="29.219756" lon="119.657848">
        <ele>934.760746</ele>
        <time>2026-01-21T03:04:02Z</time>
        <speed>0.485654</speed>
      </trkpt>
      <trkpt lat="29.219751" lon="119.657795">
        <ele>936.125381</ele>
        <time>2026-01-21T03:04:09Z</time>
        <speed>0.492374</speed>
      </trkpt>
      <trkpt lat="29.219766" lon="119.657737">
        <ele>937.53807</ele>
        <time>2026-01-21T03:04:21Z</time>
        <speed>0.686855</speed>
      </trkpt>
      <trkpt lat="29.219775" lon="119.657678">
        <ele>940.340067</ele>
        <time>2026-01-21T03:04:32Z</time>
        <speed>0.830466</speed>
      </trkpt>
      <trkpt lat="29.219793" lon="119.657626">
        <ele>940.938681</ele>
        <time>2026-01-21T03:04:40Z</time>
        <speed>0.939545</speed>
      </trkpt>
      <trkpt lat="29.219818" lon="119.657583">
        <ele>941.713392</ele>
        <time>2026-01-21T03:04:46Z</time>
        <speed>0.615205</speed>
      </trkpt>
      <trkpt lat="29.219833" lon="119.657527">
        <ele>942.737036</ele>
        <time>2026-01-21T03:04:51Z</time>
        <speed>0.830637</speed>
      </trkpt>
      <trkpt lat="29.219863" lon="119.657478">
        <ele>946.814487</ele>
        <time>2026-01-21T03:04:56Z</time>
        <speed>0.696797</speed>
      </trkpt>
      <trkpt lat="29.219876" lon="119.657416">
        <ele>948.541699</ele>
        <time>2026-01-21T03:05:02Z</time>
        <speed>0.886027</speed>
      </trkpt>
      <trkpt lat="29.21989" lon="119.657364">
        <ele>950.244233</ele>
        <time>2026-01-21T03:05:08Z</time>
        <speed>0.507065</speed>
      </trkpt>
      <trkpt lat="29.219921" lon="119.657325">
        <ele>949.002712</ele>
        <time>2026-01-21T03:05:14Z</time>
        <speed>0.559662</speed>
      </trkpt>
      <trkpt lat="29.219948" lon="119.657274">
        <ele>947.870624</ele>
        <time>2026-01-21T03:05:20Z</time>
        <speed>0.678484</speed>
      </trkpt>
      <trkpt lat="29.219969" lon="119.657216">
        <ele>946.028401</ele>
        <time>2026-01-21T03:05:26Z</time>
        <speed>1.032782</speed>
      </trkpt>
      <trkpt lat="29.220005" lon="119.657174">
        <ele>948.417119</ele>
        <time>2026-01-21T03:05:37Z</time>
        <speed>0.56717</speed>
      </trkpt>
      <trkpt lat="29.220019" lon="119.657124">
        <ele>950.082615</ele>
        <time>2026-01-21T03:05:47Z</time>
        <speed>0.681034</speed>
      </trkpt>
      <trkpt lat="29.220008" lon="119.657057">
        <ele>949.237548</ele>
        <time>2026-01-21T03:06:01Z</time>
        <speed>0.385658</speed>
      </trkpt>
      <trkpt lat="29.220029" lon="119.657004">
        <ele>947.590239</ele>
        <time>2026-01-21T03:06:27Z</time>
        <speed>0.34483</speed>
      </trkpt>
      <trkpt lat="29.220073" lon="119.656999">
        <ele>947.876003</ele>
        <time>2026-01-21T03:06:32Z</time>
        <speed>0.22597</speed>
      </trkpt>
      <trkpt lat="29.220121" lon="119.656984">
        <ele>947.669966</ele>
        <time>2026-01-21T03:06:36Z</time>
        <speed>1.054164</speed>
      </trkpt>
      <trkpt lat="29.220166" lon="119.65695">
        <ele>947.982773</ele>
        <time>2026-01-21T03:06:40Z</time>
        <speed>1.229037</speed>
      </trkpt>
      <trkpt lat="29.220208" lon="119.656898">
        <ele>948.096115</ele>
        <time>2026-01-21T03:06:45Z</time>
        <speed>1.08711</speed>
      </trkpt>
      <trkpt lat="29.220233" lon="119.656843">
        <ele>948.172958</ele>
        <time>2026-01-21T03:06:50Z</time>
        <speed>0.838705</speed>
      </trkpt>
      <trkpt lat="29.220252" lon="119.656797">
        <ele>948.750082</ele>
        <time>2026-01-21T03:06:54Z</time>
        <speed>0.797378</speed>
      </trkpt>
      <trkpt lat="29.220287" lon="119.656765">
        <ele>949.816959</ele>
        <time>2026-01-21T03:06:59Z</time>
        <speed>1.113185</speed>
      </trkpt>
      <trkpt lat="29.220337" lon="119.656747">
        <ele>950.549923</ele>
        <time>2026-01-21T03:07:05Z</time>
        <speed>0.822972</speed>
      </trkpt>
      <trkpt lat="29.220379" lon="119.656728">
        <ele>951.397125</ele>
        <time>2026-01-21T03:07:09Z</time>
        <speed>1.036938</speed>
      </trkpt>
      <trkpt lat="29.220435" lon="119.656704">
        <ele>952.905548</ele>
        <time>2026-01-21T03:07:15Z</time>
        <speed>0.930588</speed>
      </trkpt>
      <trkpt lat="29.220463" lon="119.656661">
        <ele>953.195972</ele>
        <time>2026-01-21T03:07:21Z</time>
        <speed>0.902232</speed>
      </trkpt>
      <trkpt lat="29.220465" lon="119.656609">
        <ele>952.661738</ele>
        <time>2026-01-21T03:07:26Z</time>
        <speed>1.110593</speed>
      </trkpt>
      <trkpt lat="29.22047" lon="119.656554">
        <ele>952.931618</ele>
        <time>2026-01-21T03:07:31Z</time>
        <speed>0.864301</speed>
      </trkpt>
      <trkpt lat="29.220494" lon="119.656506">
        <ele>953.185143</ele>
        <time>2026-01-21T03:07:36Z</time>
        <speed>0.970607</speed>
      </trkpt>
      <trkpt lat="29.220542" lon="119.656479">
        <ele>952.181479</ele>
        <time>2026-01-21T03:07:42Z</time>
        <speed>0.782667</speed>
      </trkpt>
      <trkpt lat="29.220554" lon="119.656534">
        <ele>950.643192</ele>
        <time>2026-01-21T03:08:03Z</time>
        <speed>0.517241</speed>
      </trkpt>
      <trkpt lat="29.220536" lon="119.656581">
        <ele>950.360972</ele>
        <time>2026-01-21T03:08:07Z</time>
        <speed>1.216524</speed>
      </trkpt>
      <trkpt lat="29.220547" lon="119.65664">
        <ele>950.743599</ele>
        <time>2026-01-21T03:08:12Z</time>
        <speed>1.002615</speed>
      </trkpt>
      <trkpt lat="29.220571" lon="119.656702">
        <ele>952.005567</ele>
        <time>2026-01-21T03:08:18Z</time>
        <speed>0.821046</speed>
      </trkpt>
      <trkpt lat="29.220576" lon="119.656762">
        <ele>952.702565</ele>
        <time>2026-01-21T03:08:24Z</time>
        <speed>1.024504</speed>
      </trkpt>
      <trkpt lat="29.220572" lon="119.656817">
        <ele>956.607681</ele>
        <time>2026-01-21T03:08:31Z</time>
        <speed>0.565805</speed>
      </trkpt>
      <trkpt lat="29.220586" lon="119.656866">
        <ele>958.844831</ele>
        <time>2026-01-21T03:08:38Z</time>
        <speed>0.532286</speed>
      </trkpt>
      <trkpt lat="29.220635" lon="119.656875">
        <ele>958.187924</ele>
        <time>2026-01-21T03:08:45Z</time>
        <speed>0.689865</speed>
      </trkpt>
      <trkpt lat="29.220687" lon="119.656872">
        <ele>958.586995</ele>
        <time>2026-01-21T03:10:02Z</time>
        <speed>0.798697</speed>
      </trkpt>
      <trkpt lat="29.2207" lon="119.656909">
        <ele>958.274594</ele>
        <time>2026-01-21T03:10:09Z</time>
        <speed>0.557156</speed>
      </trkpt>
      <trkpt lat="29.22068" lon="119.656875">
        <ele>958.163014</ele>
        <time>2026-01-21T03:10:59Z</time>
        <speed>0.066407</speed>
      </trkpt>
      <trkpt lat="29.22064" lon="119.656861">
        <ele>958.19816</ele>
        <time>2026-01-21T03:11:03Z</time>
        <speed>1.211979</speed>
      </trkpt>
      <trkpt lat="29.220587" lon="119.656824">
        <ele>958.157728</ele>
        <time>2026-01-21T03:11:13Z</time>
        <speed>0.575715</speed>
      </trkpt>
      <trkpt lat="29.220597" lon="119.65678">
        <ele>955.926459</ele>
        <time>2026-01-21T03:11:19Z</time>
        <speed>1.475618</speed>
      </trkpt>
      <trkpt lat="29.220598" lon="119.656733">
        <ele>955.058653</ele>
        <time>2026-01-21T03:11:23Z</time>
        <speed>0.923773</speed>
      </trkpt>
      <trkpt lat="29.220585" lon="119.656683">
        <ele>953.657614</ele>
        <time>2026-01-21T03:11:27Z</time>
        <speed>1.011701</speed>
      </trkpt>
      <trkpt lat="29.220565" lon="119.656625">
        <ele>953.055511</ele>
        <time>2026-01-21T03:11:31Z</time>
        <speed>1.200768</speed>
      </trkpt>
      <trkpt lat="29.220554" lon="119.656569">
        <ele>952.465039</ele>
        <time>2026-01-21T03:11:35Z</time>
        <speed>1.024757</speed>
      </trkpt>
      <trkpt lat="29.220561" lon="119.656517">
        <ele>951.169009</ele>
        <time>2026-01-21T03:11:39Z</time>
        <speed>1.150352</speed>
      </trkpt>
      <trkpt lat="29.220586" lon="119.656457">
        <ele>951.856417</ele>
        <time>2026-01-21T03:11:51Z</time>
        <speed>0.32139</speed>
      </trkpt>
      <trkpt lat="29.22062" lon="119.65643">
        <ele>951.858958</ele>
        <time>2026-01-21T03:11:56Z</time>
        <speed>1.192192</speed>
      </trkpt>
      <trkpt lat="29.22066" lon="119.656402">
        <ele>951.79634</ele>
        <time>2026-01-21T03:12:01Z</time>
        <speed>1.440963</speed>
      </trkpt>
      <trkpt lat="29.220697" lon="119.656366">
        <ele>952.60103</ele>
        <time>2026-01-21T03:12:05Z</time>
        <speed>1.279893</speed>
      </trkpt>
      <trkpt lat="29.220721" lon="119.656316">
        <ele>953.251689</ele>
        <time>2026-01-21T03:12:09Z</time>
        <speed>1.333279</speed>
      </trkpt>
      <trkpt lat="29.220739" lon="119.65626">
        <ele>953.580469</ele>
        <time>2026-01-21T03:12:14Z</time>
        <speed>0.836161</speed>
      </trkpt>
      <trkpt lat="29.220729" lon="119.656202">
        <ele>952.661783</ele>
        <time>2026-01-21T03:12:19Z</time>
        <speed>1.452968</speed>
      </trkpt>
      <trkpt lat="29.220722" lon="119.656142">
        <ele>952.62466</ele>
        <time>2026-01-21T03:12:24Z</time>
        <speed>1.143885</speed>
      </trkpt>
      <trkpt lat="29.220728" lon="119.656086">
        <ele>952.228856</ele>
        <time>2026-01-21T03:12:29Z</time>
        <speed>1.315538</speed>
      </trkpt>
      <trkpt lat="29.220746" lon="119.65604">
        <ele>952.878291</ele>
        <time>2026-01-21T03:12:33Z</time>
        <speed>1.366298</speed>
      </trkpt>
      <trkpt lat="29.220781" lon="119.655981">
        <ele>952.445399</ele>
        <time>2026-01-21T03:12:39Z</time>
        <speed>1.652417</speed>
      </trkpt>
      <trkpt lat="29.220815" lon="119.655955">
        <ele>952.285054</ele>
        <time>2026-01-21T03:12:42Z</time>
        <speed>1.403981</speed>
      </trkpt>
      <trkpt lat="29.220855" lon="119.655917">
        <ele>952.376647</ele>
        <time>2026-01-21T03:12:46Z</time>
        <speed>1.237509</speed>
      </trkpt>
      <trkpt lat="29.22089" lon="119.655886">
        <ele>952.832129</ele>
        <time>2026-01-21T03:12:49Z</time>
        <speed>1.623718</speed>
      </trkpt>
      <trkpt lat="29.220934" lon="119.655846">
        <ele>953.818254</ele>
        <time>2026-01-21T03:12:53Z</time>
        <speed>1.306861</speed>
      </trkpt>
      <trkpt lat="29.22098" lon="119.655815">
        <ele>955.402456</ele>
        <time>2026-01-21T03:12:57Z</time>
        <speed>1.438261</speed>
      </trkpt>
      <trkpt lat="29.221024" lon="119.655829">
        <ele>957.581761</ele>
        <time>2026-01-21T03:13:03Z</time>
        <speed>0.630231</speed>
      </trkpt>
      <trkpt lat="29.221035" lon="119.655896">
        <ele>959.584512</ele>
        <time>2026-01-21T03:13:22Z</time>
        <speed>0.844931</speed>
      </trkpt>
      <trkpt lat="29.221041" lon="119.655948">
        <ele>961.067235</ele>
        <time>2026-01-21T03:13:27Z</time>
        <speed>1.107955</speed>
      </trkpt>
      <trkpt lat="29.221049" lon="119.656007">
        <ele>961.510887</ele>
        <time>2026-01-21T03:13:32Z</time>
        <speed>1.068742</speed>
      </trkpt>
      <trkpt lat="29.221055" lon="119.656072">
        <ele>961.580557</ele>
        <time>2026-01-21T03:13:37Z</time>
        <speed>1.149027</speed>
      </trkpt>
      <trkpt lat="29.221058" lon="119.656126">
        <ele>961.499605</ele>
        <time>2026-01-21T03:13:41Z</time>
        <speed>1.172488</speed>
      </trkpt>
      <trkpt lat="29.221051" lon="119.656195">
        <ele>962.040585</ele>
        <time>2026-01-21T03:13:47Z</time>
        <speed>1.348267</speed>
      </trkpt>
      <trkpt lat="29.221053" lon="119.656249">
        <ele>961.476128</ele>
        <time>2026-01-21T03:13:51Z</time>
        <speed>1.296788</speed>
      </trkpt>
      <trkpt lat="29.221053" lon="119.656305">
        <ele>961.324313</ele>
        <time>2026-01-21T03:13:55Z</time>
        <speed>1.187237</speed>
      </trkpt>
      <trkpt lat="29.221057" lon="119.656377">
        <ele>961.231783</ele>
        <time>2026-01-21T03:14:06Z</time>
        <speed>1.281073</speed>
      </trkpt>
      <trkpt lat="29.221058" lon="119.656429">
        <ele>961.207248</ele>
        <time>2026-01-21T03:14:17Z</time>
        <speed>1.021921</speed>
      </trkpt>
      <trkpt lat="29.221075" lon="119.656471">
        <ele>961.798026</ele>
        <time>2026-01-21T03:14:22Z</time>
        <speed>0.997125</speed>
      </trkpt>
      <trkpt lat="29.221087" lon="119.656523">
        <ele>961.889876</ele>
        <time>2026-01-21T03:14:27Z</time>
        <speed>1.035361</speed>
      </trkpt>
      <trkpt lat="29.221095" lon="119.656583">
        <ele>962.459062</ele>
        <time>2026-01-21T03:14:33Z</time>
        <speed>0.706661</speed>
      </trkpt>
      <trkpt lat="29.221104" lon="119.656638">
        <ele>962.785057</ele>
        <time>2026-01-21T03:14:40Z</time>
        <speed>0.543647</speed>
      </trkpt>
      <trkpt lat="29.221119" lon="119.656687">
        <ele>962.59267</ele>
        <time>2026-01-21T03:14:47Z</time>
        <speed>0.80899</speed>
      </trkpt>
      <trkpt lat="29.221134" lon="119.656744">
        <ele>962.890266</ele>
        <time>2026-01-21T03:14:54Z</time>
        <speed>0.917795</speed>
      </trkpt>
      <trkpt lat="29.221143" lon="119.6568">
        <ele>963.816927</ele>
        <time>2026-01-21T03:15:00Z</time>
        <speed>1.087754</speed>
      </trkpt>
      <trkpt lat="29.221159" lon="119.656848">
        <ele>964.428002</ele>
        <time>2026-01-21T03:15:05Z</time>
        <speed>0.976593</speed>
      </trkpt>
      <trkpt lat="29.22119" lon="119.656898">
        <ele>965.392333</ele>
        <time>2026-01-21T03:15:11Z</time>
        <speed>0.967946</speed>
      </trkpt>
      <trkpt lat="29.22122" lon="119.656945">
        <ele>965.398631</ele>
        <time>2026-01-21T03:15:17Z</time>
        <speed>0.98291</speed>
      </trkpt>
      <trkpt lat="29.221252" lon="119.656986">
        <ele>965.834351</ele>
        <time>2026-01-21T03:15:23Z</time>
        <speed>0.848112</speed>
      </trkpt>
      <trkpt lat="29.221276" lon="119.657028">
        <ele>966.652915</ele>
        <time>2026-01-21T03:15:28Z</time>
        <speed>0.910067</speed>
      </trkpt>
      <trkpt lat="29.221307" lon="119.657066">
        <ele>967.395926</ele>
        <time>2026-01-21T03:15:33Z</time>
        <speed>1.091385</speed>
      </trkpt>
      <trkpt lat="29.221343" lon="119.657115">
        <ele>968.529521</ele>
        <time>2026-01-21T03:15:40Z</time>
        <speed>1.124549</speed>
      </trkpt>
      <trkpt lat="29.221358" lon="119.657164">
        <ele>970.71043</ele>
        <time>2026-01-21T03:15:46Z</time>
        <speed>0.303691</speed>
      </trkpt>
      <trkpt lat="29.221366" lon="119.65722">
        <ele>971.345736</ele>
        <time>2026-01-21T03:15:55Z</time>
        <speed>0.878901</speed>
      </trkpt>
      <trkpt lat="29.221384" lon="119.657264">
        <ele>973.042502</ele>
        <time>2026-01-21T03:16:01Z</time>
        <speed>0.816423</speed>
      </trkpt>
      <trkpt lat="29.221418" lon="119.657306">
        <ele>974.209003</ele>
        <time>2026-01-21T03:16:07Z</time>
        <speed>0.929533</speed>
      </trkpt>
      <trkpt lat="29.221461" lon="119.657334">
        <ele>975.238855</ele>
        <time>2026-01-21T03:16:13Z</time>
        <speed>1.163488</speed>
      </trkpt>
      <trkpt lat="29.221509" lon="119.657333">
        <ele>975.251098</ele>
        <time>2026-01-21T03:16:18Z</time>
        <speed>1.132469</speed>
      </trkpt>
      <trkpt lat="29.221555" lon="119.657306">
        <ele>974.747235</ele>
        <time>2026-01-21T03:16:23Z</time>
        <speed>1.090287</speed>
      </trkpt>
      <trkpt lat="29.221592" lon="119.657265">
        <ele>974.345159</ele>
        <time>2026-01-21T03:16:28Z</time>
        <speed>0.935572</speed>
      </trkpt>
      <trkpt lat="29.221622" lon="119.657209">
        <ele>973.328131</ele>
        <time>2026-01-21T03:16:34Z</time>
        <speed>1.36045</speed>
      </trkpt>
      <trkpt lat="29.221638" lon="119.65716">
        <ele>973.133557</ele>
        <time>2026-01-21T03:16:38Z</time>
        <speed>1.295411</speed>
      </trkpt>
      <trkpt lat="29.221662" lon="119.65711">
        <ele>973.667008</ele>
        <time>2026-01-21T03:16:43Z</time>
        <speed>1.082074</speed>
      </trkpt>
      <trkpt lat="29.221688" lon="119.657057">
        <ele>975.360141</ele>
        <time>2026-01-21T03:16:49Z</time>
        <speed>0.935246</speed>
      </trkpt>
      <trkpt lat="29.221702" lon="119.657006">
        <ele>976.847441</ele>
        <time>2026-01-21T03:16:55Z</time>
        <speed>0.984296</speed>
      </trkpt>
      <trkpt lat="29.22169" lon="119.656945">
        <ele>977.242945</ele>
        <time>2026-01-21T03:17:01Z</time>
        <speed>1.063802</speed>
      </trkpt>
      <trkpt lat="29.221664" lon="119.656897">
        <ele>978.152488</ele>
        <time>2026-01-21T03:17:06Z</time>
        <speed>0.748385</speed>
      </trkpt>
      <trkpt lat="29.221633" lon="119.656853">
        <ele>978.79469</ele>
        <time>2026-01-21T03:17:10Z</time>
        <speed>1.257408</speed>
      </trkpt>
      <trkpt lat="29.221591" lon="119.656811">
        <ele>978.611292</ele>
        <time>2026-01-21T03:17:15Z</time>
        <speed>1.05105</speed>
      </trkpt>
      <trkpt lat="29.221552" lon="119.656774">
        <ele>978.741247</ele>
        <time>2026-01-21T03:17:20Z</time>
        <speed>0.91494</speed>
      </trkpt>
      <trkpt lat="29.221522" lon="119.656737">
        <ele>978.911496</ele>
        <time>2026-01-21T03:17:24Z</time>
        <speed>1.262116</speed>
      </trkpt>
      <trkpt lat="29.221494" lon="119.656686">
        <ele>979.23638</ele>
        <time>2026-01-21T03:17:29Z</time>
        <speed>1.223049</speed>
      </trkpt>
      <trkpt lat="29.221488" lon="119.656621">
        <ele>979.083704</ele>
        <time>2026-01-21T03:17:36Z</time>
        <speed>1.187711</speed>
      </trkpt>
      <trkpt lat="29.221515" lon="119.656569">
        <ele>978.286971</ele>
        <time>2026-01-21T03:17:41Z</time>
        <speed>1.33515</speed>
      </trkpt>
      <trkpt lat="29.221545" lon="119.656517">
        <ele>979.385676</ele>
        <time>2026-01-21T03:17:46Z</time>
        <speed>1.066387</speed>
      </trkpt>
      <trkpt lat="29.221581" lon="119.656478">
        <ele>980.677452</ele>
        <time>2026-01-21T03:17:51Z</time>
        <speed>0.977853</speed>
      </trkpt>
      <trkpt lat="29.221622" lon="119.656448">
        <ele>981.313017</ele>
        <time>2026-01-21T03:17:56Z</time>
        <speed>1.206796</speed>
      </trkpt>
      <trkpt lat="29.221655" lon="119.656416">
        <ele>981.877897</ele>
        <time>2026-01-21T03:18:00Z</time>
        <speed>1.085957</speed>
      </trkpt>
      <trkpt lat="29.221698" lon="119.656366">
        <ele>982.241167</ele>
        <time>2026-01-21T03:18:13Z</time>
        <speed>0.922222</speed>
      </trkpt>
      <trkpt lat="29.221732" lon="119.656343">
        <ele>982.951621</ele>
        <time>2026-01-21T03:18:23Z</time>
        <speed>0.786052</speed>
      </trkpt>
      <trkpt lat="29.221778" lon="119.656336">
        <ele>983.484412</ele>
        <time>2026-01-21T03:18:28Z</time>
        <speed>1.377988</speed>
      </trkpt>
      <trkpt lat="29.221824" lon="119.65633">
        <ele>983.699405</ele>
        <time>2026-01-21T03:18:32Z</time>
        <speed>1.184299</speed>
      </trkpt>
      <trkpt lat="29.221881" lon="119.656335">
        <ele>983.428202</ele>
        <time>2026-01-21T03:18:37Z</time>
        <speed>1.17986</speed>
      </trkpt>
      <trkpt lat="29.221928" lon="119.656355">
        <ele>983.519932</ele>
        <time>2026-01-21T03:18:42Z</time>
        <speed>1.014499</speed>
      </trkpt>
      <trkpt lat="29.221974" lon="119.656392">
        <ele>984.919047</ele>
        <time>2026-01-21T03:18:48Z</time>
        <speed>1.380105</speed>
      </trkpt>
      <trkpt lat="29.222014" lon="119.656414">
        <ele>985.448764</ele>
        <time>2026-01-21T03:18:52Z</time>
        <speed>1.339247</speed>
      </trkpt>
      <trkpt lat="29.222063" lon="119.656434">
        <ele>985.081679</ele>
        <time>2026-01-21T03:18:57Z</time>
        <speed>1.150133</speed>
      </trkpt>
      <trkpt lat="29.222112" lon="119.656461">
        <ele>985.100213</ele>
        <time>2026-01-21T03:19:02Z</time>
        <speed>1.266546</speed>
      </trkpt>
      <trkpt lat="29.22215" lon="119.6565">
        <ele>986.062835</ele>
        <time>2026-01-21T03:19:07Z</time>
        <speed>1.24237</speed>
      </trkpt>
      <trkpt lat="29.222184" lon="119.65655">
        <ele>987.408121</ele>
        <time>2026-01-21T03:19:12Z</time>
        <speed>1.164489</speed>
      </trkpt>
      <trkpt lat="29.222209" lon="119.656603">
        <ele>989.848186</ele>
        <time>2026-01-21T03:19:18Z</time>
        <speed>0.831502</speed>
      </trkpt>
      <trkpt lat="29.222232" lon="119.656651">
        <ele>991.57459</ele>
        <time>2026-01-21T03:19:25Z</time>
        <speed>0.533233</speed>
      </trkpt>
      <trkpt lat="29.222265" lon="119.656685">
        <ele>991.36038</ele>
        <time>2026-01-21T03:19:32Z</time>
        <speed>0.697627</speed>
      </trkpt>
      <trkpt lat="29.222305" lon="119.656706">
        <ele>990.855968</ele>
        <time>2026-01-21T03:19:38Z</time>
        <speed>0.816736</speed>
      </trkpt>
      <trkpt lat="29.222347" lon="119.656726">
        <ele>990.896164</ele>
        <time>2026-01-21T03:19:43Z</time>
        <speed>0.92847</speed>
      </trkpt>
      <trkpt lat="29.222399" lon="119.656735">
        <ele>990.66823</ele>
        <time>2026-01-21T03:19:48Z</time>
        <speed>1.161166</speed>
      </trkpt>
      <trkpt lat="29.22245" lon="119.656748">
        <ele>990.802768</ele>
        <time>2026-01-21T03:19:53Z</time>
        <speed>0.914725</speed>
      </trkpt>
      <trkpt lat="29.222492" lon="119.656767">
        <ele>991.514305</ele>
        <time>2026-01-21T03:19:57Z</time>
        <speed>1.178439</speed>
      </trkpt>
      <trkpt lat="29.222533" lon="119.656801">
        <ele>993.775682</ele>
        <time>2026-01-21T03:20:02Z</time>
        <speed>1.025878</speed>
      </trkpt>
      <trkpt lat="29.222575" lon="119.656803">
        <ele>992.468821</ele>
        <time>2026-01-21T03:20:07Z</time>
        <speed>0.600879</speed>
      </trkpt>
      <trkpt lat="29.222617" lon="119.65681">
        <ele>992.509248</ele>
        <time>2026-01-21T03:20:11Z</time>
        <speed>0.865968</speed>
      </trkpt>
      <trkpt lat="29.222668" lon="119.656837">
        <ele>992.299947</ele>
        <time>2026-01-21T03:20:17Z</time>
        <speed>0.886855</speed>
      </trkpt>
      <trkpt lat="29.222713" lon="119.656859">
        <ele>991.300321</ele>
        <time>2026-01-21T03:20:22Z</time>
        <speed>0.972371</speed>
      </trkpt>
      <trkpt lat="29.222753" lon="119.656893">
        <ele>992.195416</ele>
        <time>2026-01-21T03:20:28Z</time>
        <speed>0.744191</speed>
      </trkpt>
      <trkpt lat="29.222791" lon="119.656929">
        <ele>994.481037</ele>
        <time>2026-01-21T03:20:33Z</time>
        <speed>0.936128</speed>
      </trkpt>
      <trkpt lat="29.222834" lon="119.656969">
        <ele>996.162508</ele>
        <time>2026-01-21T03:20:39Z</time>
        <speed>0.819888</speed>
      </trkpt>
      <trkpt lat="29.222875" lon="119.65701">
        <ele>997.552861</ele>
        <time>2026-01-21T03:20:45Z</time>
        <speed>0.967632</speed>
      </trkpt>
      <trkpt lat="29.222914" lon="119.65705">
        <ele>997.115354</ele>
        <time>2026-01-21T03:20:50Z</time>
        <speed>1.246898</speed>
      </trkpt>
      <trkpt lat="29.222947" lon="119.657087">
        <ele>996.406075</ele>
        <time>2026-01-21T03:20:54Z</time>
        <speed>1.366549</speed>
      </trkpt>
      <trkpt lat="29.222977" lon="119.657128">
        <ele>995.495522</ele>
        <time>2026-01-21T03:20:58Z</time>
        <speed>1.327987</speed>
      </trkpt>
      <trkpt lat="29.223009" lon="119.657178">
        <ele>995.190201</ele>
        <time>2026-01-21T03:21:03Z</time>
        <speed>1.146443</speed>
      </trkpt>
      <trkpt lat="29.223036" lon="119.657232">
        <ele>995.561813</ele>
        <time>2026-01-21T03:21:08Z</time>
        <speed>1.14268</speed>
      </trkpt>
      <trkpt lat="29.223067" lon="119.657275">
        <ele>995.691711</ele>
        <time>2026-01-21T03:21:13Z</time>
        <speed>0.816958</speed>
      </trkpt>
      <trkpt lat="29.223093" lon="119.657324">
        <ele>996.168697</ele>
        <time>2026-01-21T03:21:18Z</time>
        <speed>1.154655</speed>
      </trkpt>
      <trkpt lat="29.223117" lon="119.657369">
        <ele>995.677681</ele>
        <time>2026-01-21T03:21:21Z</time>
        <speed>1.276452</speed>
      </trkpt>
      <trkpt lat="29.22314" lon="119.657415">
        <ele>994.749319</ele>
        <time>2026-01-21T03:21:25Z</time>
        <speed>0.994104</speed>
      </trkpt>
      <trkpt lat="29.223167" lon="119.65747">
        <ele>994.892872</ele>
        <time>2026-01-21T03:21:30Z</time>
        <speed>1.220023</speed>
      </trkpt>
      <trkpt lat="29.223198" lon="119.657525">
        <ele>996.046898</ele>
        <time>2026-01-21T03:21:35Z</time>
        <speed>1.358088</speed>
      </trkpt>
      <trkpt lat="29.223231" lon="119.657575">
        <ele>997.627107</ele>
        <time>2026-01-21T03:21:40Z</time>
        <speed>1.178103</speed>
      </trkpt>
      <trkpt lat="29.223257" lon="119.65762">
        <ele>999.190595</ele>
        <time>2026-01-21T03:21:44Z</time>
        <speed>1.223432</speed>
      </trkpt>
      <trkpt lat="29.223283" lon="119.657663">
        <ele>999.242737</ele>
        <time>2026-01-21T03:21:48Z</time>
        <speed>1.239849</speed>
      </trkpt>
      <trkpt lat="29.223313" lon="119.657703">
        <ele>998.780324</ele>
        <time>2026-01-21T03:21:52Z</time>
        <speed>1.272003</speed>
      </trkpt>
      <trkpt lat="29.223347" lon="119.657751">
        <ele>998.66392</ele>
        <time>2026-01-21T03:21:57Z</time>
        <speed>1.161304</speed>
      </trkpt>
      <trkpt lat="29.223369" lon="119.657794">
        <ele>999.381939</ele>
        <time>2026-01-21T03:22:01Z</time>
        <speed>1.392329</speed>
      </trkpt>
      <trkpt lat="29.223398" lon="119.65785">
        <ele>999.531903</ele>
        <time>2026-01-21T03:22:06Z</time>
        <speed>1.288862</speed>
      </trkpt>
      <trkpt lat="29.223425" lon="119.657905">
        <ele>1001.204666</ele>
        <time>2026-01-21T03:22:11Z</time>
        <speed>1.120355</speed>
      </trkpt>
      <trkpt lat="29.223447" lon="119.65796">
        <ele>1000.92664</ele>
        <time>2026-01-21T03:22:16Z</time>
        <speed>1.084257</speed>
      </trkpt>
      <trkpt lat="29.223472" lon="119.658014">
        <ele>1000.729863</ele>
        <time>2026-01-21T03:22:22Z</time>
        <speed>0.728733</speed>
      </trkpt>
      <trkpt lat="29.223484" lon="119.658065">
        <ele>1001.174357</ele>
        <time>2026-01-21T03:22:28Z</time>
        <speed>1.158625</speed>
      </trkpt>
      <trkpt lat="29.223489" lon="119.658118">
        <ele>1002.260289</ele>
        <time>2026-01-21T03:22:33Z</time>
        <speed>0.918065</speed>
      </trkpt>
      <trkpt lat="29.223491" lon="119.658176">
        <ele>1002.290889</ele>
        <time>2026-01-21T03:22:38Z</time>
        <speed>1.128001</speed>
      </trkpt>
      <trkpt lat="29.22348" lon="119.658231">
        <ele>1003.02284</ele>
        <time>2026-01-21T03:22:43Z</time>
        <speed>0.920251</speed>
      </trkpt>
      <trkpt lat="29.223442" lon="119.658275">
        <ele>1000.610556</ele>
        <time>2026-01-21T03:22:57Z</time>
        <speed>0.637324</speed>
      </trkpt>
      <trkpt lat="29.223419" lon="119.658306">
        <ele>999.510863</ele>
        <time>2026-01-21T03:23:02Z</time>
        <speed>1.014234</speed>
      </trkpt>
      <trkpt lat="29.223386" lon="119.658344">
        <ele>998.939637</ele>
        <time>2026-01-21T03:23:07Z</time>
        <speed>0.997205</speed>
      </trkpt>
      <trkpt lat="29.223348" lon="119.658389">
        <ele>999.131437</ele>
        <time>2026-01-21T03:23:11Z</time>
        <speed>1.088727</speed>
      </trkpt>
      <trkpt lat="29.223314" lon="119.658439">
        <ele>999.472828</ele>
        <time>2026-01-21T03:23:16Z</time>
        <speed>0.917941</speed>
      </trkpt>
      <trkpt lat="29.223287" lon="119.658481">
        <ele>1000.009776</ele>
        <time>2026-01-21T03:23:20Z</time>
        <speed>1.045867</speed>
      </trkpt>
      <trkpt lat="29.223257" lon="119.658536">
        <ele>1000.358406</ele>
        <time>2026-01-21T03:23:25Z</time>
        <speed>0.996084</speed>
      </trkpt>
      <trkpt lat="29.223228" lon="119.658587">
        <ele>1001.615953</ele>
        <time>2026-01-21T03:23:30Z</time>
        <speed>1.172567</speed>
      </trkpt>
      <trkpt lat="29.223208" lon="119.658641">
        <ele>1002.280932</ele>
        <time>2026-01-21T03:23:35Z</time>
        <speed>1.07911</speed>
      </trkpt>
      <trkpt lat="29.223198" lon="119.658697">
        <ele>1003.357373</ele>
        <time>2026-01-21T03:23:40Z</time>
        <speed>0.831987</speed>
      </trkpt>
      <trkpt lat="29.223195" lon="119.658749">
        <ele>1003.797443</ele>
        <time>2026-01-21T03:23:44Z</time>
        <speed>1.134046</speed>
      </trkpt>
      <trkpt lat="29.223196" lon="119.658802">
        <ele>1003.685081</ele>
        <time>2026-01-21T03:23:48Z</time>
        <speed>1.10862</speed>
      </trkpt>
      <trkpt lat="29.223199" lon="119.658857">
        <ele>1004.102634</ele>
        <time>2026-01-21T03:23:52Z</time>
        <speed>1.146919</speed>
      </trkpt>
      <trkpt lat="29.223198" lon="119.658915">
        <ele>1004.104979</ele>
        <time>2026-01-21T03:23:57Z</time>
        <speed>0.949016</speed>
      </trkpt>
      <trkpt lat="29.223184" lon="119.65897">
        <ele>1004.893667</ele>
        <time>2026-01-21T03:24:02Z</time>
        <speed>0.958706</speed>
      </trkpt>
      <trkpt lat="29.223156" lon="119.659021">
        <ele>1004.715633</ele>
        <time>2026-01-21T03:24:07Z</time>
        <speed>1.070729</speed>
      </trkpt>
      <trkpt lat="29.223128" lon="119.659077">
        <ele>1005.76176</ele>
        <time>2026-01-21T03:24:14Z</time>
        <speed>0.842635</speed>
      </trkpt>
      <trkpt lat="29.223172" lon="119.659079">
        <ele>1009.691762</ele>
        <time>2026-01-21T03:24:39Z</time>
        <speed>0.718252</speed>
      </trkpt>
      <trkpt lat="29.223214" lon="119.65907">
        <ele>1009.976403</ele>
        <time>2026-01-21T03:24:44Z</time>
        <speed>1.118155</speed>
      </trkpt>
      <trkpt lat="29.22326" lon="119.659045">
        <ele>1009.211078</ele>
        <time>2026-01-21T03:24:50Z</time>
        <speed>1.165104</speed>
      </trkpt>
      <trkpt lat="29.223284" lon="119.658996">
        <ele>1009.254952</ele>
        <time>2026-01-21T03:24:56Z</time>
        <speed>0.71561</speed>
      </trkpt>
      <trkpt lat="29.223286" lon="119.658933">
        <ele>1010.380298</ele>
        <time>2026-01-21T03:25:10Z</time>
        <speed>0.680302</speed>
      </trkpt>
      <trkpt lat="29.223292" lon="119.658885">
        <ele>1010.488477</ele>
        <time>2026-01-21T03:25:15Z</time>
        <speed>0.997601</speed>
      </trkpt>
      <trkpt lat="29.223299" lon="119.658826">
        <ele>1010.355437</ele>
        <time>2026-01-21T03:25:20Z</time>
        <speed>0.94773</speed>
      </trkpt>
      <trkpt lat="29.223339" lon="119.658785">
        <ele>1011.64161</ele>
        <time>2026-01-21T03:25:31Z</time>
        <speed>0.656907</speed>
      </trkpt>
      <trkpt lat="29.223381" lon="119.658763">
        <ele>1012.289725</ele>
        <time>2026-01-21T03:25:35Z</time>
        <speed>1.085462</speed>
      </trkpt>
      <trkpt lat="29.223346" lon="119.658784">
        <ele>1011.036514</ele>
        <time>2026-01-21T03:26:05Z</time>
        <speed>0.692817</speed>
      </trkpt>
      <trkpt lat="29.223301" lon="119.658802">
        <ele>1010.478973</ele>
        <time>2026-01-21T03:26:13Z</time>
        <speed>0.750299</speed>
      </trkpt>
      <trkpt lat="29.223292" lon="119.658841">
        <ele>1009.728997</ele>
        <time>2026-01-21T03:26:17Z</time>
        <speed>1.172071</speed>
      </trkpt>
      <trkpt lat="29.223278" lon="119.6589">
        <ele>1009.463098</ele>
        <time>2026-01-21T03:26:22Z</time>
        <speed>1.049631</speed>
      </trkpt>
      <trkpt lat="29.22327" lon="119.658956">
        <ele>1009.074987</ele>
        <time>2026-01-21T03:26:26Z</time>
        <speed>1.218053</speed>
      </trkpt>
      <trkpt lat="29.223258" lon="119.659018">
        <ele>1008.407935</ele>
        <time>2026-01-21T03:26:30Z</time>
        <speed>1.282694</speed>
      </trkpt>
      <trkpt lat="29.22323" lon="119.659067">
        <ele>1008.078978</ele>
        <time>2026-01-21T03:26:34Z</time>
        <speed>1.101983</speed>
      </trkpt>
      <trkpt lat="29.223182" lon="119.659093">
        <ele>1007.394564</ele>
        <time>2026-01-21T03:26:41Z</time>
        <speed>0.468118</speed>
      </trkpt>
      <trkpt lat="29.223195" lon="119.659032">
        <ele>1006.591637</ele>
        <time>2026-01-21T03:26:52Z</time>
        <speed>1.417533</speed>
      </trkpt>
      <trkpt lat="29.223227" lon="119.658984">
        <ele>1005.938438</ele>
        <time>2026-01-21T03:26:56Z</time>
        <speed>1.448725</speed>
      </trkpt>
      <trkpt lat="29.223241" lon="119.658917">
        <ele>1004.542309</ele>
        <time>2026-01-21T03:27:03Z</time>
        <speed>0.913736</speed>
      </trkpt>
      <trkpt lat="29.223237" lon="119.658859">
        <ele>1003.713774</ele>
        <time>2026-01-21T03:27:10Z</time>
        <speed>0.78323</speed>
      </trkpt>
      <trkpt lat="29.223229" lon="119.658802">
        <ele>1004.072828</ele>
        <time>2026-01-21T03:27:16Z</time>
        <speed>1.037877</speed>
      </trkpt>
      <trkpt lat="29.223231" lon="119.658753">
        <ele>1004.266063</ele>
        <time>2026-01-21T03:27:20Z</time>
        <speed>1.260195</speed>
      </trkpt>
      <trkpt lat="29.223243" lon="119.658701">
        <ele>1003.90612</ele>
        <time>2026-01-21T03:27:24Z</time>
        <speed>1.132464</speed>
      </trkpt>
      <trkpt lat="29.223266" lon="119.658651">
        <ele>1002.785609</ele>
        <time>2026-01-21T03:27:28Z</time>
        <speed>1.402856</speed>
      </trkpt>
      <trkpt lat="29.22329" lon="119.658598">
        <ele>1002.305872</ele>
        <time>2026-01-21T03:27:32Z</time>
        <speed>1.206008</speed>
      </trkpt>
      <trkpt lat="29.223319" lon="119.658547">
        <ele>1001.932319</ele>
        <time>2026-01-21T03:27:36Z</time>
        <speed>1.320438</speed>
      </trkpt>
      <trkpt lat="29.223347" lon="119.658495">
        <ele>1001.162939</ele>
        <time>2026-01-21T03:27:40Z</time>
        <speed>1.113766</speed>
      </trkpt>
      <trkpt lat="29.223395" lon="119.65842">
        <ele>1002.197865</ele>
        <time>2026-01-21T03:28:03Z</time>
        <speed>2.190589</speed>
      </trkpt>
      <trkpt lat="29.223415" lon="119.658398">
        <ele>1001.863643</ele>
        <time>2026-01-21T03:28:07Z</time>
        <speed>1.859589</speed>
      </trkpt>
      <trkpt lat="29.223435" lon="119.658344">
        <ele>1001.273432</ele>
        <time>2026-01-21T03:28:11Z</time>
        <speed>2.258198</speed>
      </trkpt>
      <trkpt lat="29.223467" lon="119.658287">
        <ele>1000.476113</ele>
        <time>2026-01-21T03:28:14Z</time>
        <speed>1.745502</speed>
      </trkpt>
      <trkpt lat="29.223509" lon="119.658224">
        <ele>999.263149</ele>
        <time>2026-01-21T03:28:19Z</time>
        <speed>2.170057</speed>
      </trkpt>
      <trkpt lat="29.223528" lon="119.65817">
        <ele>998.272019</ele>
        <time>2026-01-21T03:28:23Z</time>
        <speed>0.889279</speed>
      </trkpt>
      <trkpt lat="29.22358" lon="119.658147">
        <ele>999.02052</ele>
        <time>2026-01-21T03:28:42Z</time>
        <speed>1.175295</speed>
      </trkpt>
      <trkpt lat="29.223619" lon="119.658153">
        <ele>1000.082806</ele>
        <time>2026-01-21T03:28:49Z</time>
        <speed>0.930734</speed>
      </trkpt>
      <trkpt lat="29.223677" lon="119.658133">
        <ele>1004.65035</ele>
        <time>2026-01-21T03:29:12Z</time>
        <speed>0.931765</speed>
      </trkpt>
      <trkpt lat="29.223719" lon="119.658122">
        <ele>1004.948177</ele>
        <time>2026-01-21T03:29:21Z</time>
        <speed>0.747333</speed>
      </trkpt>
      <trkpt lat="29.223745" lon="119.658072">
        <ele>1005.499075</ele>
        <time>2026-01-21T03:29:29Z</time>
        <speed>0.949589</speed>
      </trkpt>
      <trkpt lat="29.223733" lon="119.658017">
        <ele>1004.072933</ele>
        <time>2026-01-21T03:29:38Z</time>
        <speed>0.526058</speed>
      </trkpt>
      <trkpt lat="29.223764" lon="119.658044">
        <ele>1006.575051</ele>
        <time>2026-01-21T03:29:51Z</time>
        <speed>1.107311</speed>
      </trkpt>
      <trkpt lat="29.223789" lon="119.658099">
        <ele>1008.353685</ele>
        <time>2026-01-21T03:29:57Z</time>
        <speed>1.149211</speed>
      </trkpt>
      <trkpt lat="29.223825" lon="119.658146">
        <ele>1008.505826</ele>
        <time>2026-01-21T03:30:03Z</time>
        <speed>1.045455</speed>
      </trkpt>
      <trkpt lat="29.223866" lon="119.658182">
        <ele>1009.137559</ele>
        <time>2026-01-21T03:30:09Z</time>
        <speed>0.93204</speed>
      </trkpt>
      <trkpt lat="29.2239" lon="119.658212">
        <ele>1009.610191</ele>
        <time>2026-01-21T03:30:13Z</time>
        <speed>1.279332</speed>
      </trkpt>
      <trkpt lat="29.22394" lon="119.658248">
        <ele>1011.442042</ele>
        <time>2026-01-21T03:30:19Z</time>
        <speed>0.734947</speed>
      </trkpt>
      <trkpt lat="29.223973" lon="119.658288">
        <ele>1013.726629</ele>
        <time>2026-01-21T03:30:25Z</time>
        <speed>1.056476</speed>
      </trkpt>
      <trkpt lat="29.224006" lon="119.658331">
        <ele>1017.405264</ele>
        <time>2026-01-21T03:30:33Z</time>
        <speed>0.611861</speed>
      </trkpt>
      <trkpt lat="29.224033" lon="119.658371">
        <ele>1018.434582</ele>
        <time>2026-01-21T03:30:42Z</time>
        <speed>0.740066</speed>
      </trkpt>
      <trkpt lat="29.224059" lon="119.658421">
        <ele>1020.396869</ele>
        <time>2026-01-21T03:30:52Z</time>
        <speed>1.204964</speed>
      </trkpt>
      <trkpt lat="29.224099" lon="119.658446">
        <ele>1020.678904</ele>
        <time>2026-01-21T03:31:00Z</time>
        <speed>0.830691</speed>
      </trkpt>
      <trkpt lat="29.224149" lon="119.658457">
        <ele>1020.612865</ele>
        <time>2026-01-21T03:31:08Z</time>
        <speed>0.781826</speed>
      </trkpt>
      <trkpt lat="29.224198" lon="119.658481">
        <ele>1021.02731</ele>
        <time>2026-01-21T03:31:25Z</time>
        <speed>0.628597</speed>
      </trkpt>
      <trkpt lat="29.224228" lon="119.658508">
        <ele>1021.641408</ele>
        <time>2026-01-21T03:31:29Z</time>
        <speed>1.361911</speed>
      </trkpt>
      <trkpt lat="29.224267" lon="119.65855">
        <ele>1020.94094</ele>
        <time>2026-01-21T03:31:35Z</time>
        <speed>1.385348</speed>
      </trkpt>
      <trkpt lat="29.224316" lon="119.658575">
        <ele>1021.095545</ele>
        <time>2026-01-21T03:31:40Z</time>
        <speed>1.299254</speed>
      </trkpt>
      <trkpt lat="29.224361" lon="119.658592">
        <ele>1021.796972</ele>
        <time>2026-01-21T03:31:44Z</time>
        <speed>1.127657</speed>
      </trkpt>
      <trkpt lat="29.224413" lon="119.658581">
        <ele>1021.197724</ele>
        <time>2026-01-21T03:31:49Z</time>
        <speed>1.214384</speed>
      </trkpt>
      <trkpt lat="29.224463" lon="119.658553">
        <ele>1023.526051</ele>
        <time>2026-01-21T03:31:59Z</time>
        <speed>0.726531</speed>
      </trkpt>
      <trkpt lat="29.224507" lon="119.658542">
        <ele>1025.648223</ele>
        <time>2026-01-21T03:32:32Z</time>
        <speed>1.007712</speed>
      </trkpt>
      <trkpt lat="29.224555" lon="119.658546">
        <ele>1026.912136</ele>
        <time>2026-01-21T03:32:46Z</time>
        <speed>1.309011</speed>
      </trkpt>
      <trkpt lat="29.224601" lon="119.658549">
        <ele>1028.178812</ele>
        <time>2026-01-21T03:32:51Z</time>
        <speed>0.901195</speed>
      </trkpt>
      <trkpt lat="29.224654" lon="119.658565">
        <ele>1028.138852</ele>
        <time>2026-01-21T03:32:56Z</time>
        <speed>1.201185</speed>
      </trkpt>
      <trkpt lat="29.224697" lon="119.658586">
        <ele>1027.953437</ele>
        <time>2026-01-21T03:33:00Z</time>
        <speed>1.011798</speed>
      </trkpt>
      <trkpt lat="29.224741" lon="119.658613">
        <ele>1028.084117</ele>
        <time>2026-01-21T03:33:04Z</time>
        <speed>1.330964</speed>
      </trkpt>
      <trkpt lat="29.224786" lon="119.658639">
        <ele>1028.84207</ele>
        <time>2026-01-21T03:33:08Z</time>
        <speed>1.396233</speed>
      </trkpt>
      <trkpt lat="29.224835" lon="119.658671">
        <ele>1029.73366</ele>
        <time>2026-01-21T03:33:13Z</time>
        <speed>1.211956</speed>
      </trkpt>
      <trkpt lat="29.224872" lon="119.658708">
        <ele>1030.791184</ele>
        <time>2026-01-21T03:33:18Z</time>
        <speed>1.200794</speed>
      </trkpt>
      <trkpt lat="29.224912" lon="119.658735">
        <ele>1031.593857</ele>
        <time>2026-01-21T03:33:24Z</time>
        <speed>0.690824</speed>
      </trkpt>
      <trkpt lat="29.224957" lon="119.658746">
        <ele>1032.810052</ele>
        <time>2026-01-21T03:33:30Z</time>
        <speed>1.025424</speed>
      </trkpt>
      <trkpt lat="29.225011" lon="119.658748">
        <ele>1033.465663</ele>
        <time>2026-01-21T03:33:37Z</time>
        <speed>1.047003</speed>
      </trkpt>
      <trkpt lat="29.22506" lon="119.658752">
        <ele>1035.128723</ele>
        <time>2026-01-21T03:33:43Z</time>
        <speed>1.072925</speed>
      </trkpt>
      <trkpt lat="29.225114" lon="119.658763">
        <ele>1036.917996</ele>
        <time>2026-01-21T03:33:50Z</time>
        <speed>1.141891</speed>
      </trkpt>
      <trkpt lat="29.225169" lon="119.658781">
        <ele>1038.078771</ele>
        <time>2026-01-21T03:33:56Z</time>
        <speed>1.319073</speed>
      </trkpt>
      <trkpt lat="29.225219" lon="119.658796">
        <ele>1038.436558</ele>
        <time>2026-01-21T03:34:01Z</time>
        <speed>1.197972</speed>
      </trkpt>
      <trkpt lat="29.225263" lon="119.658812">
        <ele>1038.25612</ele>
        <time>2026-01-21T03:34:05Z</time>
        <speed>1.304955</speed>
      </trkpt>
      <trkpt lat="29.225306" lon="119.658836">
        <ele>1038.478479</ele>
        <time>2026-01-21T03:34:09Z</time>
        <speed>1.474936</speed>
      </trkpt>
      <trkpt lat="29.225362" lon="119.658862">
        <ele>1038.404294</ele>
        <time>2026-01-21T03:34:14Z</time>
        <speed>1.429089</speed>
      </trkpt>
      <trkpt lat="29.225415" lon="119.6589">
        <ele>1038.780555</ele>
        <time>2026-01-21T03:34:19Z</time>
        <speed>1.503567</speed>
      </trkpt>
      <trkpt lat="29.225455" lon="119.658938">
        <ele>1038.13945</ele>
        <time>2026-01-21T03:34:23Z</time>
        <speed>1.570311</speed>
      </trkpt>
      <trkpt lat="29.225496" lon="119.658966">
        <ele>1037.515705</ele>
        <time>2026-01-21T03:34:27Z</time>
        <speed>1.254646</speed>
      </trkpt>
      <trkpt lat="29.225529" lon="119.658995">
        <ele>1037.704687</ele>
        <time>2026-01-21T03:34:30Z</time>
        <speed>1.461262</speed>
      </trkpt>
      <trkpt lat="29.225569" lon="119.659033">
        <ele>1038.127814</ele>
        <time>2026-01-21T03:34:34Z</time>
        <speed>1.044834</speed>
      </trkpt>
      <trkpt lat="29.225616" lon="119.659036">
        <ele>1040.410474</ele>
        <time>2026-01-21T03:34:39Z</time>
        <speed>1.100853</speed>
      </trkpt>
      <trkpt lat="29.225658" lon="119.659009">
        <ele>1042.321244</ele>
        <time>2026-01-21T03:34:44Z</time>
        <speed>0.949231</speed>
      </trkpt>
      <trkpt lat="29.225699" lon="119.658969">
        <ele>1042.812483</ele>
        <time>2026-01-21T03:34:51Z</time>
        <speed>0.66031</speed>
      </trkpt>
      <trkpt lat="29.225747" lon="119.658942">
        <ele>1044.38446</ele>
        <time>2026-01-21T03:35:45Z</time>
        <speed>0.833233</speed>
      </trkpt>
      <trkpt lat="29.225775" lon="119.658911">
        <ele>1045.556594</ele>
        <time>2026-01-21T03:35:55Z</time>
        <speed>0.471539</speed>
      </trkpt>
      <trkpt lat="29.225824" lon="119.658874">
        <ele>1047.560239</ele>
        <time>2026-01-21T03:36:04Z</time>
        <speed>0.6421</speed>
      </trkpt>
      <trkpt lat="29.225866" lon="119.658851">
        <ele>1050.50855</ele>
        <time>2026-01-21T03:36:29Z</time>
        <speed>0.827845</speed>
      </trkpt>
      <trkpt lat="29.225889" lon="119.658811">
        <ele>1051.847509</ele>
        <time>2026-01-21T03:36:39Z</time>
        <speed>0.53668</speed>
      </trkpt>
      <trkpt lat="29.22592" lon="119.658766">
        <ele>1053.48531</ele>
        <time>2026-01-21T03:36:51Z</time>
        <speed>0.492131</speed>
      </trkpt>
      <trkpt lat="29.225952" lon="119.658731">
        <ele>1055.330642</ele>
        <time>2026-01-21T03:37:02Z</time>
        <speed>0.365157</speed>
      </trkpt>
      <trkpt lat="29.225985" lon="119.658694">
        <ele>1056.493922</ele>
        <time>2026-01-21T03:37:14Z</time>
        <speed>0.747705</speed>
      </trkpt>
      <trkpt lat="29.226028" lon="119.658705">
        <ele>1058.776608</ele>
        <time>2026-01-21T03:37:23Z</time>
        <speed>0.758445</speed>
      </trkpt>
      <trkpt lat="29.226076" lon="119.658702">
        <ele>1061.757068</ele>
        <time>2026-01-21T03:37:31Z</time>
        <speed>0.814176</speed>
      </trkpt>
      <trkpt lat="29.226129" lon="119.6587">
        <ele>1064.263794</ele>
        <time>2026-01-21T03:37:40Z</time>
        <speed>0.829669</speed>
      </trkpt>
      <trkpt lat="29.226177" lon="119.658709">
        <ele>1066.581394</ele>
        <time>2026-01-21T03:37:48Z</time>
        <speed>0.811627</speed>
      </trkpt>
      <trkpt lat="29.226226" lon="119.65871">
        <ele>1066.911724</ele>
        <time>2026-01-21T03:37:55Z</time>
        <speed>0.53841</speed>
      </trkpt>
      <trkpt lat="29.226278" lon="119.658721">
        <ele>1066.955852</ele>
        <time>2026-01-21T03:38:03Z</time>
        <speed>0.533484</speed>
      </trkpt>
      <trkpt lat="29.226324" lon="119.658726">
        <ele>1068.113625</ele>
        <time>2026-01-21T03:38:09Z</time>
        <speed>0.724249</speed>
      </trkpt>
      <trkpt lat="29.226373" lon="119.658739">
        <ele>1069.970609</ele>
        <time>2026-01-21T03:38:16Z</time>
        <speed>0.649954</speed>
      </trkpt>
      <trkpt lat="29.226419" lon="119.658745">
        <ele>1070.371994</ele>
        <time>2026-01-21T03:38:23Z</time>
        <speed>1.18122</speed>
      </trkpt>
      <trkpt lat="29.226465" lon="119.65877">
        <ele>1071.032304</ele>
        <time>2026-01-21T03:38:28Z</time>
        <speed>1.394681</speed>
      </trkpt>
      <trkpt lat="29.22651" lon="119.658807">
        <ele>1071.982816</ele>
        <time>2026-01-21T03:38:33Z</time>
        <speed>1.071411</speed>
      </trkpt>
      <trkpt lat="29.226556" lon="119.65884">
        <ele>1073.248177</ele>
        <time>2026-01-21T03:38:38Z</time>
        <speed>1.017575</speed>
      </trkpt>
      <trkpt lat="29.226598" lon="119.658879">
        <ele>1074.663098</ele>
        <time>2026-01-21T03:38:45Z</time>
        <speed>0.76368</speed>
      </trkpt>
      <trkpt lat="29.226637" lon="119.658908">
        <ele>1074.336776</ele>
        <time>2026-01-21T03:38:52Z</time>
        <speed>1.249452</speed>
      </trkpt>
      <trkpt lat="29.226651" lon="119.658955">
        <ele>1075.807883</ele>
        <time>2026-01-21T03:38:59Z</time>
        <speed>0.724958</speed>
      </trkpt>
      <trkpt lat="29.226694" lon="119.658959">
        <ele>1074.111791</ele>
        <time>2026-01-21T03:39:27Z</time>
        <speed>0.877261</speed>
      </trkpt>
      <trkpt lat="29.226737" lon="119.658977">
        <ele>1075.898802</ele>
        <time>2026-01-21T03:39:37Z</time>
        <speed>0.685084</speed>
      </trkpt>
      <trkpt lat="29.226766" lon="119.659018">
        <ele>1079.057084</ele>
        <time>2026-01-21T03:39:43Z</time>
        <speed>1.024608</speed>
      </trkpt>
      <trkpt lat="29.226814" lon="119.659021">
        <ele>1084.846252</ele>
        <time>2026-01-21T03:40:52Z</time>
        <speed>0.091016</speed>
      </trkpt>
      <trkpt lat="29.226839" lon="119.659062">
        <ele>1084.449716</ele>
        <time>2026-01-21T03:41:02Z</time>
        <speed>0.708271</speed>
      </trkpt>
      <trkpt lat="29.226871" lon="119.65911">
        <ele>1085.198369</ele>
        <time>2026-01-21T03:41:09Z</time>
        <speed>0.750332</speed>
      </trkpt>
      <trkpt lat="29.226899" lon="119.659154">
        <ele>1085.836768</ele>
        <time>2026-01-21T03:41:16Z</time>
        <speed>0.445753</speed>
      </trkpt>
      <trkpt lat="29.226932" lon="119.659196">
        <ele>1087.38946</ele>
        <time>2026-01-21T03:41:24Z</time>
        <speed>0.648079</speed>
      </trkpt>
      <trkpt lat="29.22698" lon="119.659212">
        <ele>1088.490352</ele>
        <time>2026-01-21T03:41:34Z</time>
        <speed>0.321475</speed>
      </trkpt>
      <trkpt lat="29.22702" lon="119.659235">
        <ele>1089.638572</ele>
        <time>2026-01-21T03:41:42Z</time>
        <speed>0.866856</speed>
      </trkpt>
      <trkpt lat="29.227066" lon="119.659256">
        <ele>1090.291245</ele>
        <time>2026-01-21T03:41:57Z</time>
        <speed>0.511474</speed>
      </trkpt>
      <trkpt lat="29.227097" lon="119.659294">
        <ele>1097.710698</ele>
        <time>2026-01-21T03:43:41Z</time>
        <speed>0.488118</speed>
      </trkpt>
      <trkpt lat="29.227137" lon="119.659298">
        <ele>1097.995244</ele>
        <time>2026-01-21T03:43:47Z</time>
        <speed>1.130831</speed>
      </trkpt>
      <trkpt lat="29.227194" lon="119.659283">
        <ele>1097.301563</ele>
        <time>2026-01-21T03:44:01Z</time>
        <speed>0.140934</speed>
      </trkpt>
      <trkpt lat="29.227243" lon="119.659273">
        <ele>1097.973701</ele>
        <time>2026-01-21T03:44:19Z</time>
        <speed>0.935112</speed>
      </trkpt>
      <trkpt lat="29.227281" lon="119.659254">
        <ele>1099.339689</ele>
        <time>2026-01-21T03:44:27Z</time>
        <speed>1.076083</speed>
      </trkpt>
      <trkpt lat="29.227324" lon="119.659233">
        <ele>1100.51576</ele>
        <time>2026-01-21T03:44:33Z</time>
        <speed>0.869546</speed>
      </trkpt>
      <trkpt lat="29.227376" lon="119.659229">
        <ele>1104.388087</ele>
        <time>2026-01-21T03:44:41Z</time>
        <speed>0.570177</speed>
      </trkpt>
      <trkpt lat="29.227419" lon="119.659209">
        <ele>1106.265139</ele>
        <time>2026-01-21T03:44:50Z</time>
        <speed>0.526121</speed>
      </trkpt>
      <trkpt lat="29.227462" lon="119.659189">
        <ele>1107.208516</ele>
        <time>2026-01-21T03:45:32Z</time>
        <speed>0.318348</speed>
      </trkpt>
      <trkpt lat="29.227508" lon="119.659195">
        <ele>1108.890407</ele>
        <time>2026-01-21T03:46:50Z</time>
        <speed>0.042703</speed>
      </trkpt>
      <trkpt lat="29.227546" lon="119.659165">
        <ele>1112.941175</ele>
        <time>2026-01-21T03:49:01Z</time>
        <speed>0.225501</speed>
      </trkpt>
      <trkpt lat="29.227592" lon="119.65917">
        <ele>1116.167722</ele>
        <time>2026-01-21T03:49:09Z</time>
        <speed>1.118682</speed>
      </trkpt>
      <trkpt lat="29.227634" lon="119.659136">
        <ele>1118.169574</ele>
        <time>2026-01-21T03:49:15Z</time>
        <speed>0.878843</speed>
      </trkpt>
      <trkpt lat="29.227676" lon="119.659096">
        <ele>1120.131711</ele>
        <time>2026-01-21T03:49:32Z</time>
        <speed>0.363443</speed>
      </trkpt>
      <trkpt lat="29.227714" lon="119.659061">
        <ele>1123.187389</ele>
        <time>2026-01-21T03:50:06Z</time>
        <speed>0.56322</speed>
      </trkpt>
      <trkpt lat="29.227758" lon="119.659048">
        <ele>1125.303265</ele>
        <time>2026-01-21T03:50:18Z</time>
        <speed>0.720298</speed>
      </trkpt>
      <trkpt lat="29.227801" lon="119.659026">
        <ele>1126.173661</ele>
        <time>2026-01-21T03:51:06Z</time>
        <speed>0.367245</speed>
      </trkpt>
      <trkpt lat="29.227817" lon="119.65898">
        <ele>1129.936929</ele>
        <time>2026-01-21T03:51:17Z</time>
        <speed>0.471188</speed>
      </trkpt>
      <trkpt lat="29.227859" lon="119.658994">
        <ele>1131.238286</ele>
        <time>2026-01-21T03:51:28Z</time>
        <speed>0.627728</speed>
      </trkpt>
      <trkpt lat="29.227894" lon="119.659038">
        <ele>1133.74833</ele>
        <time>2026-01-21T03:51:47Z</time>
        <speed>0.495772</speed>
      </trkpt>
      <trkpt lat="29.227938" lon="119.659045">
        <ele>1135.969796</ele>
        <time>2026-01-21T03:52:07Z</time>
        <speed>0.493785</speed>
      </trkpt>
      <trkpt lat="29.227986" lon="119.659052">
        <ele>1138.15448</ele>
        <time>2026-01-21T03:52:20Z</time>
        <speed>0.170437</speed>
      </trkpt>
      <trkpt lat="29.228025" lon="119.65903">
        <ele>1138.373654</ele>
        <time>2026-01-21T03:52:31Z</time>
        <speed>0.019765</speed>
      </trkpt>
      <trkpt lat="29.228072" lon="119.659036">
        <ele>1141.178276</ele>
        <time>2026-01-21T03:52:41Z</time>
        <speed>0.444319</speed>
      </trkpt>
      <trkpt lat="29.228122" lon="119.659039">
        <ele>1143.551075</ele>
        <time>2026-01-21T03:52:52Z</time>
        <speed>0.394379</speed>
      </trkpt>
      <trkpt lat="29.22817" lon="119.65902">
        <ele>1147.846786</ele>
        <time>2026-01-21T03:55:39Z</time>
        <speed>0.758315</speed>
      </trkpt>
      <trkpt lat="29.228192" lon="119.658985">
        <ele>1148.006906</ele>
        <time>2026-01-21T03:55:46Z</time>
        <speed>0.605185</speed>
      </trkpt>
      <trkpt lat="29.228226" lon="119.658938">
        <ele>1148.584387</ele>
        <time>2026-01-21T03:55:54Z</time>
        <speed>0.806153</speed>
      </trkpt>
      <trkpt lat="29.22826" lon="119.658898">
        <ele>1153.739752</ele>
        <time>2026-01-21T03:56:42Z</time>
        <speed>0.574018</speed>
      </trkpt>
      <trkpt lat="29.228294" lon="119.658929">
        <ele>1156.935284</ele>
        <time>2026-01-21T03:56:52Z</time>
        <speed>0.253216</speed>
      </trkpt>
      <trkpt lat="29.228343" lon="119.658945">
        <ele>1160.79672</ele>
        <time>2026-01-21T03:57:03Z</time>
        <speed>0.122243</speed>
      </trkpt>
      <trkpt lat="29.22839" lon="119.658945">
        <ele>1161.841363</ele>
        <time>2026-01-21T03:57:27Z</time>
        <speed>0.04812</speed>
      </trkpt>
      <trkpt lat="29.228435" lon="119.658965">
        <ele>1163.101611</ele>
        <time>2026-01-21T03:58:30Z</time>
        <speed>0.092896</speed>
      </trkpt>
      <trkpt lat="29.228482" lon="119.658999">
        <ele>1162.482646</ele>
        <time>2026-01-21T03:59:32Z</time>
        <speed>1.059246</speed>
      </trkpt>
      <trkpt lat="29.228497" lon="119.659043">
        <ele>1161.977918</ele>
        <time>2026-01-21T03:59:39Z</time>
        <speed>1.282131</speed>
      </trkpt>
      <trkpt lat="29.228507" lon="119.6591">
        <ele>1161.977359</ele>
        <time>2026-01-21T03:59:46Z</time>
        <speed>0.465435</speed>
      </trkpt>
      <trkpt lat="29.228534" lon="119.659142">
        <ele>1165.358842</ele>
        <time>2026-01-21T03:59:52Z</time>
        <speed>0.360921</speed>
      </trkpt>
      <trkpt lat="29.228575" lon="119.659178">
        <ele>1168.072718</ele>
        <time>2026-01-21T04:00:09Z</time>
        <speed>0.059799</speed>
      </trkpt>
      <trkpt lat="29.228604" lon="119.659217">
        <ele>1170.943858</ele>
        <time>2026-01-21T04:00:33Z</time>
        <speed>0.2652</speed>
      </trkpt>
      <trkpt lat="29.228632" lon="119.659264">
        <ele>1173.795402</ele>
        <time>2026-01-21T04:00:52Z</time>
        <speed>0.852192</speed>
      </trkpt>
      <trkpt lat="29.228685" lon="119.659268">
        <ele>1176.056751</ele>
        <time>2026-01-21T04:01:12Z</time>
        <speed>0.590659</speed>
      </trkpt>
      <trkpt lat="29.228729" lon="119.659291">
        <ele>1178.834188</ele>
        <time>2026-01-21T04:01:32Z</time>
        <speed>0.355501</speed>
      </trkpt>
      <trkpt lat="29.228778" lon="119.6593">
        <ele>1182.157728</ele>
        <time>2026-01-21T04:01:46Z</time>
        <speed>0.527536</speed>
      </trkpt>
      <trkpt lat="29.228832" lon="119.659299">
        <ele>1185.042761</ele>
        <time>2026-01-21T04:02:05Z</time>
        <speed>0.721139</speed>
      </trkpt>
      <trkpt lat="29.228876" lon="119.659305">
        <ele>1188.921525</ele>
        <time>2026-01-21T04:02:18Z</time>
        <speed>0.466033</speed>
      </trkpt>
      <trkpt lat="29.22892" lon="119.659287">
        <ele>1189.385693</ele>
        <time>2026-01-21T04:02:29Z</time>
        <speed>0.655665</speed>
      </trkpt>
      <trkpt lat="29.228955" lon="119.659318">
        <ele>1193.780507</ele>
        <time>2026-01-21T04:02:44Z</time>
        <speed>0.456377</speed>
      </trkpt>
      <trkpt lat="29.228998" lon="119.659343">
        <ele>1194.384524</ele>
        <time>2026-01-21T04:02:59Z</time>
        <speed>0.511011</speed>
      </trkpt>
      <trkpt lat="29.229041" lon="119.659366">
        <ele>1194.846783</ele>
        <time>2026-01-21T04:03:08Z</time>
        <speed>0.347336</speed>
      </trkpt>
      <trkpt lat="29.229065" lon="119.65941">
        <ele>1195.761371</ele>
        <time>2026-01-21T04:03:15Z</time>
        <speed>0.589505</speed>
      </trkpt>
      <trkpt lat="29.229107" lon="119.659437">
        <ele>1198.430945</ele>
        <time>2026-01-21T04:03:26Z</time>
        <speed>0.30514</speed>
      </trkpt>
      <trkpt lat="29.229156" lon="119.659446">
        <ele>1199.979045</ele>
        <time>2026-01-21T04:03:41Z</time>
        <speed>0.664058</speed>
      </trkpt>
      <trkpt lat="29.229198" lon="119.659462">
        <ele>1201.563012</ele>
        <time>2026-01-21T04:03:53Z</time>
        <speed>0.161562</speed>
      </trkpt>
      <trkpt lat="29.229249" lon="119.659466">
        <ele>1203.412877</ele>
        <time>2026-01-21T04:04:02Z</time>
        <speed>0.643338</speed>
      </trkpt>
      <trkpt lat="29.229291" lon="119.65944">
        <ele>1205.494357</ele>
        <time>2026-01-21T04:04:18Z</time>
        <speed>0.183418</speed>
      </trkpt>
      <trkpt lat="29.229336" lon="119.659435">
        <ele>1208.400238</ele>
        <time>2026-01-21T04:04:45Z</time>
        <speed>0.0</speed>
      </trkpt>
      <trkpt lat="29.229362" lon="119.659395">
        <ele>1208.284934</ele>
        <time>2026-01-21T04:04:57Z</time>
        <speed>0.467997</speed>
      </trkpt>
      <trkpt lat="29.229408" lon="119.659364">
        <ele>1211.444378</ele>
        <time>2026-01-21T04:05:14Z</time>
        <speed>0.644009</speed>
      </trkpt>
      <trkpt lat="29.229439" lon="119.659329">
        <ele>1213.037596</ele>
        <time>2026-01-21T04:05:25Z</time>
        <speed>0.348063</speed>
      </trkpt>
      <trkpt lat="29.229476" lon="119.659295">
        <ele>1217.670919</ele>
        <time>2026-01-21T04:05:44Z</time>
        <speed>0.764272</speed>
      </trkpt>
      <trkpt lat="29.229509" lon="119.659259">
        <ele>1219.117393</ele>
        <time>2026-01-21T04:06:00Z</time>
        <speed>0.108024</speed>
      </trkpt>
      <trkpt lat="29.229538" lon="119.659217">
        <ele>1222.632815</ele>
        <time>2026-01-21T04:06:46Z</time>
        <speed>0.112886</speed>
      </trkpt>
      <trkpt lat="29.229576" lon="119.659199">
        <ele>1224.339232</ele>
        <time>2026-01-21T04:06:55Z</time>
        <speed>0.334403</speed>
      </trkpt>
      <trkpt lat="29.229627" lon="119.65919">
        <ele>1226.319328</ele>
        <time>2026-01-21T04:07:06Z</time>
        <speed>1.004435</speed>
      </trkpt>
      <trkpt lat="29.229676" lon="119.65919">
        <ele>1227.293909</ele>
        <time>2026-01-21T04:07:14Z</time>
        <speed>0.45206</speed>
      </trkpt>
      <trkpt lat="29.229723" lon="119.659204">
        <ele>1227.752358</ele>
        <time>2026-01-21T04:07:22Z</time>
        <speed>0.498469</speed>
      </trkpt>
      <trkpt lat="29.229773" lon="119.659222">
        <ele>1228.47825</ele>
        <time>2026-01-21T04:08:05Z</time>
        <speed>0.672347</speed>
      </trkpt>
      <trkpt lat="29.229811" lon="119.659212">
        <ele>1229.401726</ele>
        <time>2026-01-21T04:08:13Z</time>
        <speed>0.67513</speed>
      </trkpt>
      <trkpt lat="29.229847" lon="119.659172">
        <ele>1229.47352</ele>
        <time>2026-01-21T04:08:21Z</time>
        <speed>0.512509</speed>
      </trkpt>
      <trkpt lat="29.229891" lon="119.659144">
        <ele>1229.105667</ele>
        <time>2026-01-21T04:08:30Z</time>
        <speed>0.493462</speed>
      </trkpt>
      <trkpt lat="29.22994" lon="119.659137">
        <ele>1229.386713</ele>
        <time>2026-01-21T04:08:38Z</time>
        <speed>0.656776</speed>
      </trkpt>
      <trkpt lat="29.229989" lon="119.659126">
        <ele>1229.616998</ele>
        <time>2026-01-21T04:08:48Z</time>
        <speed>0.421604</speed>
      </trkpt>
      <trkpt lat="29.230035" lon="119.659124">
        <ele>1229.597091</ele>
        <time>2026-01-21T04:12:58Z</time>
        <speed>0.150929</speed>
      </trkpt>
      <trkpt lat="29.230048" lon="119.659165">
        <ele>1228.346533</ele>
        <time>2026-01-21T04:13:06Z</time>
        <speed>0.319615</speed>
      </trkpt>
      <trkpt lat="29.230071" lon="119.659217">
        <ele>1226.837016</ele>
        <time>2026-01-21T04:13:15Z</time>
        <speed>0.078028</speed>
      </trkpt>
      <trkpt lat="29.230094" lon="119.659265">
        <ele>1227.857418</ele>
        <time>2026-01-21T04:13:21Z</time>
        <speed>0.659102</speed>
      </trkpt>
      <trkpt lat="29.230135" lon="119.659309">
        <ele>1227.277403</ele>
        <time>2026-01-21T04:13:34Z</time>
        <speed>0.615607</speed>
      </trkpt>
      <trkpt lat="29.230173" lon="119.659334">
        <ele>1226.309269</ele>
        <time>2026-01-21T04:13:45Z</time>
        <speed>0.635765</speed>
      </trkpt>
      <trkpt lat="29.230208" lon="119.659372">
        <ele>1225.924113</ele>
        <time>2026-01-21T04:14:01Z</time>
        <speed>0.34977</speed>
      </trkpt>
      <trkpt lat="29.230244" lon="119.659405">
        <ele>1226.636067</ele>
        <time>2026-01-21T04:14:16Z</time>
        <speed>0.783284</speed>
      </trkpt>
      <trkpt lat="29.230279" lon="119.659372">
        <ele>1224.778031</ele>
        <time>2026-01-21T04:14:52Z</time>
        <speed>1.008507</speed>
      </trkpt>
      <trkpt lat="29.230319" lon="119.659373">
        <ele>1224.016405</ele>
        <time>2026-01-21T04:15:00Z</time>
        <speed>1.212563</speed>
      </trkpt>
      <trkpt lat="29.230358" lon="119.659395">
        <ele>1224.562951</ele>
        <time>2026-01-21T04:15:04Z</time>
        <speed>0.920121</speed>
      </trkpt>
      <trkpt lat="29.230406" lon="119.659406">
        <ele>1225.44524</ele>
        <time>2026-01-21T04:15:08Z</time>
        <speed>1.221859</speed>
      </trkpt>
      <trkpt lat="29.230465" lon="119.659409">
        <ele>1225.121959</ele>
        <time>2026-01-21T04:15:19Z</time>
        <speed>0.711094</speed>
      </trkpt>
      <trkpt lat="29.230504" lon="119.659409">
        <ele>1225.504378</ele>
        <time>2026-01-21T04:15:24Z</time>
        <speed>0.859771</speed>
      </trkpt>
      <trkpt lat="29.230552" lon="119.659416">
        <ele>1226.682148</ele>
        <time>2026-01-21T04:15:28Z</time>
        <speed>0.768464</speed>
      </trkpt>
      <trkpt lat="29.230605" lon="119.65941">
        <ele>1228.564447</ele>
        <time>2026-01-21T04:15:33Z</time>
        <speed>1.357184</speed>
      </trkpt>
      <trkpt lat="29.230665" lon="119.659394">
        <ele>1228.910774</ele>
        <time>2026-01-21T04:15:38Z</time>
        <speed>1.495945</speed>
      </trkpt>
      <trkpt lat="29.230723" lon="119.65938">
        <ele>1230.119159</ele>
        <time>2026-01-21T04:15:44Z</time>
        <speed>0.914755</speed>
      </trkpt>
      <trkpt lat="29.23077" lon="119.659383">
        <ele>1231.39651</ele>
        <time>2026-01-21T04:15:49Z</time>
        <speed>0.812632</speed>
      </trkpt>
      <trkpt lat="29.230819" lon="119.659399">
        <ele>1232.608661</ele>
        <time>2026-01-21T04:15:55Z</time>
        <speed>0.907263</speed>
      </trkpt>
      <trkpt lat="29.230869" lon="119.659422">
        <ele>1233.104641</ele>
        <time>2026-01-21T04:16:01Z</time>
        <speed>0.89781</speed>
      </trkpt>
      <trkpt lat="29.230915" lon="119.659455">
        <ele>1235.465761</ele>
        <time>2026-01-21T04:16:08Z</time>
        <speed>0.728896</speed>
      </trkpt>
      <trkpt lat="29.230952" lon="119.659486">
        <ele>1236.601424</ele>
        <time>2026-01-21T04:16:16Z</time>
        <speed>1.020513</speed>
      </trkpt>
      <trkpt lat="29.230992" lon="119.65952">
        <ele>1236.804961</ele>
        <time>2026-01-21T04:16:25Z</time>
        <speed>0.50642</speed>
      </trkpt>
      <trkpt lat="29.231038" lon="119.659546">
        <ele>1235.790251</ele>
        <time>2026-01-21T04:16:36Z</time>
        <speed>0.666453</speed>
      </trkpt>
      <trkpt lat="29.231081" lon="119.659567">
        <ele>1236.320014</ele>
        <time>2026-01-21T04:16:43Z</time>
        <speed>0.410443</speed>
      </trkpt>
      <trkpt lat="29.231133" lon="119.659583">
        <ele>1236.703434</ele>
        <time>2026-01-21T04:16:52Z</time>
        <speed>0.807372</speed>
      </trkpt>
      <trkpt lat="29.231177" lon="119.659598">
        <ele>1237.159159</ele>
        <time>2026-01-21T04:16:59Z</time>
        <speed>1.088568</speed>
      </trkpt>
      <trkpt lat="29.231215" lon="119.659565">
        <ele>1237.357709</ele>
        <time>2026-01-21T04:17:09Z</time>
        <speed>0.461321</speed>
      </trkpt>
      <trkpt lat="29.231199" lon="119.659614">
        <ele>1237.245768</ele>
        <time>2026-01-21T04:19:35Z</time>
        <speed>0.119024</speed>
      </trkpt>
      <trkpt lat="29.231215" lon="119.659652">
        <ele>1237.763531</ele>
        <time>2026-01-21T04:19:40Z</time>
        <speed>0.832894</speed>
      </trkpt>
      <trkpt lat="29.231243" lon="119.659707">
        <ele>1238.539381</ele>
        <time>2026-01-21T04:19:45Z</time>
        <speed>1.314874</speed>
      </trkpt>
      <trkpt lat="29.231274" lon="119.659752">
        <ele>1238.76396</ele>
        <time>2026-01-21T04:19:49Z</time>
        <speed>1.098392</speed>
      </trkpt>
      <trkpt lat="29.231311" lon="119.659796">
        <ele>1238.590419</ele>
        <time>2026-01-21T04:19:53Z</time>
        <speed>1.196565</speed>
      </trkpt>
      <trkpt lat="29.231348" lon="119.659843">
        <ele>1239.167206</ele>
        <time>2026-01-21T04:19:58Z</time>
        <speed>1.022215</speed>
      </trkpt>
      <trkpt lat="29.231387" lon="119.659886">
        <ele>1238.580686</ele>
        <time>2026-01-21T04:20:03Z</time>
        <speed>1.017862</speed>
      </trkpt>
      <trkpt lat="29.231417" lon="119.65994">
        <ele>1238.591344</ele>
        <time>2026-01-21T04:20:08Z</time>
        <speed>1.278237</speed>
      </trkpt>
      <trkpt lat="29.231439" lon="119.659985">
        <ele>1237.553952</ele>
        <time>2026-01-21T04:20:12Z</time>
        <speed>1.29064</speed>
      </trkpt>
      <trkpt lat="29.231461" lon="119.660039">
        <ele>1236.88659</ele>
        <time>2026-01-21T04:20:18Z</time>
        <speed>0.960117</speed>
      </trkpt>
      <trkpt lat="29.231481" lon="119.66009">
        <ele>1236.191109</ele>
        <time>2026-01-21T04:20:23Z</time>
        <speed>1.086791</speed>
      </trkpt>
      <trkpt lat="29.231497" lon="119.660147">
        <ele>1235.710792</ele>
        <time>2026-01-21T04:20:28Z</time>
        <speed>1.371385</speed>
      </trkpt>
      <trkpt lat="29.231508" lon="119.660203">
        <ele>1235.620813</ele>
        <time>2026-01-21T04:20:33Z</time>
        <speed>1.019513</speed>
      </trkpt>
      <trkpt lat="29.23152" lon="119.660253">
        <ele>1235.497531</ele>
        <time>2026-01-21T04:20:37Z</time>
        <speed>1.129715</speed>
      </trkpt>
      <trkpt lat="29.23153" lon="119.660304">
        <ele>1235.172708</ele>
        <time>2026-01-21T04:20:41Z</time>
        <speed>1.128323</speed>
      </trkpt>
      <trkpt lat="29.23154" lon="119.660367">
        <ele>1234.839387</ele>
        <time>2026-01-21T04:20:46Z</time>
        <speed>1.263032</speed>
      </trkpt>
      <trkpt lat="29.231552" lon="119.660433">
        <ele>1235.062148</ele>
        <time>2026-01-21T04:20:53Z</time>
        <speed>1.033315</speed>
      </trkpt>
      <trkpt lat="29.231568" lon="119.660475">
        <ele>1234.614087</ele>
        <time>2026-01-21T04:20:57Z</time>
        <speed>1.262784</speed>
      </trkpt>
      <trkpt lat="29.231593" lon="119.660517">
        <ele>1234.401171</ele>
        <time>2026-01-21T04:21:01Z</time>
        <speed>1.25459</speed>
      </trkpt>
      <trkpt lat="29.231617" lon="119.660571">
        <ele>1234.355207</ele>
        <time>2026-01-21T04:21:06Z</time>
        <speed>1.174834</speed>
      </trkpt>
      <trkpt lat="29.231643" lon="119.660631">
        <ele>1233.531332</ele>
        <time>2026-01-21T04:21:13Z</time>
        <speed>1.015516</speed>
      </trkpt>
      <trkpt lat="29.231678" lon="119.660676">
        <ele>1232.312138</ele>
        <time>2026-01-21T04:21:18Z</time>
        <speed>1.237818</speed>
      </trkpt>
      <trkpt lat="29.231717" lon="119.660722">
        <ele>1231.420374</ele>
        <time>2026-01-21T04:21:25Z</time>
        <speed>0.979138</speed>
      </trkpt>
      <trkpt lat="29.231751" lon="119.660759">
        <ele>1231.12561</ele>
        <time>2026-01-21T04:21:32Z</time>
        <speed>0.614064</speed>
      </trkpt>
      <trkpt lat="29.231781" lon="119.660799">
        <ele>1230.943588</ele>
        <time>2026-01-21T04:21:41Z</time>
        <speed>0.37913</speed>
      </trkpt>
      <trkpt lat="29.231805" lon="119.660853">
        <ele>1229.436185</ele>
        <time>2026-01-21T04:21:48Z</time>
        <speed>1.197705</speed>
      </trkpt>
      <trkpt lat="29.23184" lon="119.660887">
        <ele>1228.648544</ele>
        <time>2026-01-21T04:21:52Z</time>
        <speed>1.277503</speed>
      </trkpt>
      <trkpt lat="29.231888" lon="119.660916">
        <ele>1228.868631</ele>
        <time>2026-01-21T04:21:57Z</time>
        <speed>1.26582</speed>
      </trkpt>
      <trkpt lat="29.231922" lon="119.660953">
        <ele>1229.158626</ele>
        <time>2026-01-21T04:22:01Z</time>
        <speed>1.223735</speed>
      </trkpt>
      <trkpt lat="29.231961" lon="119.661">
        <ele>1229.761271</ele>
        <time>2026-01-21T04:22:06Z</time>
        <speed>0.965629</speed>
      </trkpt>
      <trkpt lat="29.232006" lon="119.661034">
        <ele>1230.271529</ele>
        <time>2026-01-21T04:22:10Z</time>
        <speed>1.75012</speed>
      </trkpt>
      <trkpt lat="29.232054" lon="119.661061">
        <ele>1231.878323</ele>
        <time>2026-01-21T04:22:15Z</time>
        <speed>0.955819</speed>
      </trkpt>
      <trkpt lat="29.232092" lon="119.661101">
        <ele>1232.725546</ele>
        <time>2026-01-21T04:22:26Z</time>
        <speed>0.501181</speed>
      </trkpt>
      <trkpt lat="29.23213" lon="119.661126">
        <ele>1235.090181</ele>
        <time>2026-01-21T04:22:41Z</time>
        <speed>0.634837</speed>
      </trkpt>
      <trkpt lat="29.232178" lon="119.661141">
        <ele>1239.924971</ele>
        <time>2026-01-21T04:25:00Z</time>
        <speed>0.723495</speed>
      </trkpt>
      <trkpt lat="29.232221" lon="119.661123">
        <ele>1241.172441</ele>
        <time>2026-01-21T04:25:18Z</time>
        <speed>0.820997</speed>
      </trkpt>
      <trkpt lat="29.232268" lon="119.661118">
        <ele>1240.728478</ele>
        <time>2026-01-21T04:25:24Z</time>
        <speed>1.122461</speed>
      </trkpt>
      <trkpt lat="29.232305" lon="119.661147">
        <ele>1240.863434</ele>
        <time>2026-01-21T04:25:30Z</time>
        <speed>0.62334</speed>
      </trkpt>
      <trkpt lat="29.232345" lon="119.661183">
        <ele>1242.060143</ele>
        <time>2026-01-21T04:25:38Z</time>
        <speed>0.560584</speed>
      </trkpt>
      <trkpt lat="29.232386" lon="119.661212">
        <ele>1245.734747</ele>
        <time>2026-01-21T04:25:49Z</time>
        <speed>0.501241</speed>
      </trkpt>
      <trkpt lat="29.232434" lon="119.661206">
        <ele>1247.73511</ele>
        <time>2026-01-21T04:25:58Z</time>
        <speed>0.811703</speed>
      </trkpt>
      <trkpt lat="29.232481" lon="119.661216">
        <ele>1248.597745</ele>
        <time>2026-01-21T04:26:07Z</time>
        <speed>0.731544</speed>
      </trkpt>
      <trkpt lat="29.232525" lon="119.661246">
        <ele>1247.902121</ele>
        <time>2026-01-21T04:26:24Z</time>
        <speed>1.179822</speed>
      </trkpt>
      <trkpt lat="29.232555" lon="119.661293">
        <ele>1249.405585</ele>
        <time>2026-01-21T04:26:33Z</time>
        <speed>0.926112</speed>
      </trkpt>
      <trkpt lat="29.232607" lon="119.661309">
        <ele>1250.108886</ele>
        <time>2026-01-21T04:26:45Z</time>
        <speed>0.876842</speed>
      </trkpt>
      <trkpt lat="29.232639" lon="119.661346">
        <ele>1252.605086</ele>
        <time>2026-01-21T04:27:00Z</time>
        <speed>0.369354</speed>
      </trkpt>
      <trkpt lat="29.232674" lon="119.661366">
        <ele>1253.64684</ele>
        <time>2026-01-21T04:27:04Z</time>
        <speed>1.051284</speed>
      </trkpt>
      <trkpt lat="29.232723" lon="119.661409">
        <ele>1254.027622</ele>
        <time>2026-01-21T04:27:26Z</time>
        <speed>0.956257</speed>
      </trkpt>
      <trkpt lat="29.232763" lon="119.66144">
        <ele>1255.715601</ele>
        <time>2026-01-21T04:27:40Z</time>
        <speed>0.761479</speed>
      </trkpt>
      <trkpt lat="29.232805" lon="119.661458">
        <ele>1258.030115</ele>
        <time>2026-01-21T04:27:46Z</time>
        <speed>0.95257</speed>
      </trkpt>
      <trkpt lat="29.232847" lon="119.661488">
        <ele>1259.191165</ele>
        <time>2026-01-21T04:27:54Z</time>
        <speed>0.476041</speed>
      </trkpt>
      <trkpt lat="29.232877" lon="119.661527">
        <ele>1261.319358</ele>
        <time>2026-01-21T04:28:02Z</time>
        <speed>0.588375</speed>
      </trkpt>
      <trkpt lat="29.232874" lon="119.661587">
        <ele>1263.333973</ele>
        <time>2026-01-21T04:28:13Z</time>
        <speed>0.810418</speed>
      </trkpt>
      <trkpt lat="29.232905" lon="119.661622">
        <ele>1264.978071</ele>
        <time>2026-01-21T04:28:25Z</time>
        <speed>0.287769</speed>
      </trkpt>
      <trkpt lat="29.232954" lon="119.661638">
        <ele>1267.334448</ele>
        <time>2026-01-21T04:28:43Z</time>
        <speed>0.686519</speed>
      </trkpt>
      <trkpt lat="29.232966" lon="119.661688">
        <ele>1270.120511</ele>
        <time>2026-01-21T04:29:04Z</time>
        <speed>0.445631</speed>
      </trkpt>
      <trkpt lat="29.232995" lon="119.661727">
        <ele>1270.726746</ele>
        <time>2026-01-21T04:29:14Z</time>
        <speed>0.481984</speed>
      </trkpt>
      <trkpt lat="29.233024" lon="119.661771">
        <ele>1273.00922</ele>
        <time>2026-01-21T04:29:29Z</time>
        <speed>0.227606</speed>
      </trkpt>
      <trkpt lat="29.233057" lon="119.661808">
        <ele>1275.02659</ele>
        <time>2026-01-21T04:29:56Z</time>
        <speed>0.50933</speed>
      </trkpt>
      <trkpt lat="29.233098" lon="119.661833">
        <ele>1276.72696</ele>
        <time>2026-01-21T04:30:24Z</time>
        <speed>0.432734</speed>
      </trkpt>
      <trkpt lat="29.233145" lon="119.661846">
        <ele>1277.907975</ele>
        <time>2026-01-21T04:30:42Z</time>
        <speed>0.616286</speed>
      </trkpt>
      <trkpt lat="29.233187" lon="119.661861">
        <ele>1279.291358</ele>
        <time>2026-01-21T04:30:51Z</time>
        <speed>0.592078</speed>
      </trkpt>
      <trkpt lat="29.233231" lon="119.661879">
        <ele>1280.597232</ele>
        <time>2026-01-21T04:30:59Z</time>
        <speed>0.615259</speed>
      </trkpt>
      <trkpt lat="29.233266" lon="119.661916">
        <ele>1283.381298</ele>
        <time>2026-01-21T04:31:09Z</time>
        <speed>0.494745</speed>
      </trkpt>
      <trkpt lat="29.233311" lon="119.66195">
        <ele>1284.73562</ele>
        <time>2026-01-21T04:31:24Z</time>
        <speed>0.705487</speed>
      </trkpt>
      <trkpt lat="29.233357" lon="119.66196">
        <ele>1285.6983</ele>
        <time>2026-01-21T04:31:36Z</time>
        <speed>0.609744</speed>
      </trkpt>
      <trkpt lat="29.233403" lon="119.66198">
        <ele>1287.671646</ele>
        <time>2026-01-21T04:31:47Z</time>
        <speed>0.787918</speed>
      </trkpt>
      <trkpt lat="29.233451" lon="119.662003">
        <ele>1289.489488</ele>
        <time>2026-01-21T04:31:57Z</time>
        <speed>0.726478</speed>
      </trkpt>
      <trkpt lat="29.233489" lon="119.662029">
        <ele>1290.436264</ele>
        <time>2026-01-21T04:32:04Z</time>
        <speed>0.584747</speed>
      </trkpt>
      <trkpt lat="29.233535" lon="119.662053">
        <ele>1291.395057</ele>
        <time>2026-01-21T04:32:11Z</time>
        <speed>0.920373</speed>
      </trkpt>
      <trkpt lat="29.233581" lon="119.662075">
        <ele>1294.039334</ele>
        <time>2026-01-21T04:32:21Z</time>
        <speed>0.607258</speed>
      </trkpt>
      <trkpt lat="29.233623" lon="119.662106">
        <ele>1296.710564</ele>
        <time>2026-01-21T04:32:33Z</time>
        <speed>0.821424</speed>
      </trkpt>
      <trkpt lat="29.233648" lon="119.662151">
        <ele>1296.611191</ele>
        <time>2026-01-21T04:32:39Z</time>
        <speed>0.98656</speed>
      </trkpt>
      <trkpt lat="29.233688" lon="119.662191">
        <ele>1296.977288</ele>
        <time>2026-01-21T04:32:50Z</time>
        <speed>0.760477</speed>
      </trkpt>
      <trkpt lat="29.233738" lon="119.662208">
        <ele>1297.66406</ele>
        <time>2026-01-21T04:33:04Z</time>
        <speed>1.301418</speed>
      </trkpt>
      <trkpt lat="29.233754" lon="119.662257">
        <ele>1297.700567</ele>
        <time>2026-01-21T04:33:32Z</time>
        <speed>0.324899</speed>
      </trkpt>
      <trkpt lat="29.233774" lon="119.662295">
        <ele>1296.648451</ele>
        <time>2026-01-21T04:33:37Z</time>
        <speed>1.092427</speed>
      </trkpt>
      <trkpt lat="29.233811" lon="119.662351">
        <ele>1296.357396</ele>
        <time>2026-01-21T04:33:45Z</time>
        <speed>0.803782</speed>
      </trkpt>
      <trkpt lat="29.233852" lon="119.66238">
        <ele>1296.095721</ele>
        <time>2026-01-21T04:33:50Z</time>
        <speed>1.093606</speed>
      </trkpt>
      <trkpt lat="29.233858" lon="119.662428">
        <ele>1295.812781</ele>
        <time>2026-01-21T04:33:55Z</time>
        <speed>1.708402</speed>
      </trkpt>
      <trkpt lat="29.233892" lon="119.662465">
        <ele>1295.396683</ele>
        <time>2026-01-21T04:34:02Z</time>
        <speed>1.047318</speed>
      </trkpt>
      <trkpt lat="29.233854" lon="119.662478">
        <ele>1295.931214</ele>
        <time>2026-01-21T04:34:21Z</time>
        <speed>0.277567</speed>
      </trkpt>
      <trkpt lat="29.233836" lon="119.662417">
        <ele>1298.820952</ele>
        <time>2026-01-21T04:48:19Z</time>
        <speed>0.277567</speed>
      </trkpt>
      <trkpt lat="29.233834" lon="119.662375">
        <ele>1297.743477</ele>
        <time>2026-01-21T04:48:27Z</time>
        <speed>0.353205</speed>
      </trkpt>
      <trkpt lat="29.233813" lon="119.662311">
        <ele>1300.194834</ele>
        <time>2026-01-21T04:49:57Z</time>
        <speed>0.94951</speed>
      </trkpt>
      <trkpt lat="29.23379" lon="119.662289">
        <ele>1300.855232</ele>
        <time>2026-01-21T04:49:59Z</time>
        <speed>2.712559</speed>
      </trkpt>
      <trkpt lat="29.233753" lon="119.662247">
        <ele>1301.227029</ele>
        <time>2026-01-21T04:50:03Z</time>
        <speed>1.572281</speed>
      </trkpt>
      <trkpt lat="29.233713" lon="119.662199">
        <ele>1301.510391</ele>
        <time>2026-01-21T04:50:06Z</time>
        <speed>1.69819</speed>
      </trkpt>
      <trkpt lat="29.233675" lon="119.662132">
        <ele>1300.742929</ele>
        <time>2026-01-21T04:50:23Z</time>
        <speed>0.373463</speed>
      </trkpt>
      <trkpt lat="29.233643" lon="119.662098">
        <ele>1300.664368</ele>
        <time>2026-01-21T04:52:51Z</time>
        <speed>0.064085</speed>
      </trkpt>
      <trkpt lat="29.233616" lon="119.662058">
        <ele>1300.481976</ele>
        <time>2026-01-21T04:53:06Z</time>
        <speed>0.065188</speed>
      </trkpt>
      <trkpt lat="29.233663" lon="119.662071">
        <ele>1300.081125</ele>
        <time>2026-01-21T04:53:32Z</time>
        <speed>1.014328</speed>
      </trkpt>
      <trkpt lat="29.233698" lon="119.662094">
        <ele>1300.086345</ele>
        <time>2026-01-21T04:53:37Z</time>
        <speed>0.936986</speed>
      </trkpt>
      <trkpt lat="29.233744" lon="119.662107">
        <ele>1300.433354</ele>
        <time>2026-01-21T04:53:42Z</time>
        <speed>1.310828</speed>
      </trkpt>
      <trkpt lat="29.233792" lon="119.662134">
        <ele>1300.522849</ele>
        <time>2026-01-21T04:53:47Z</time>
        <speed>1.255609</speed>
      </trkpt>
      <trkpt lat="29.233841" lon="119.662143">
        <ele>1299.436457</ele>
        <time>2026-01-21T04:53:52Z</time>
        <speed>0.939199</speed>
      </trkpt>
      <trkpt lat="29.233888" lon="119.662111">
        <ele>1299.365999</ele>
        <time>2026-01-21T04:54:21Z</time>
        <speed>1.610765</speed>
      </trkpt>
      <trkpt lat="29.233923" lon="119.662088">
        <ele>1298.576156</ele>
        <time>2026-01-21T04:54:24Z</time>
        <speed>2.862458</speed>
      </trkpt>
      <trkpt lat="29.233966" lon="119.662072">
        <ele>1297.382185</ele>
        <time>2026-01-21T04:54:26Z</time>
        <speed>3.171421</speed>
      </trkpt>
      <trkpt lat="29.234035" lon="119.662055">
        <ele>1295.26922</ele>
        <time>2026-01-21T04:54:29Z</time>
        <speed>2.577587</speed>
      </trkpt>
      <trkpt lat="29.234107" lon="119.66206">
        <ele>1293.691728</ele>
        <time>2026-01-21T04:54:32Z</time>
        <speed>2.625699</speed>
      </trkpt>
      <trkpt lat="29.234181" lon="119.662052">
        <ele>1293.471731</ele>
        <time>2026-01-21T04:54:54Z</time>
        <speed>0.330693</speed>
      </trkpt>
      <trkpt lat="29.234129" lon="119.662056">
        <ele>1294.790514</ele>
        <time>2026-01-21T04:55:17Z</time>
        <speed>0.090394</speed>
      </trkpt>
      <trkpt lat="29.234084" lon="119.66205">
        <ele>1295.848414</ele>
        <time>2026-01-21T04:59:37Z</time>
        <speed>1.138172</speed>
      </trkpt>
      <trkpt lat="29.234044" lon="119.662062">
        <ele>1296.508304</ele>
        <time>2026-01-21T04:59:41Z</time>
        <speed>1.652245</speed>
      </trkpt>
      <trkpt lat="29.233974" lon="119.662077">
        <ele>1297.913796</ele>
        <time>2026-01-21T05:00:04Z</time>
        <speed>1.662362</speed>
      </trkpt>
      <trkpt lat="29.233942" lon="119.662086">
        <ele>1298.859466</ele>
        <time>2026-01-21T05:00:07Z</time>
        <speed>1.776647</speed>
      </trkpt>
      <trkpt lat="29.2339" lon="119.662109">
        <ele>1300.043668</ele>
        <time>2026-01-21T05:00:10Z</time>
        <speed>1.927404</speed>
      </trkpt>
      <trkpt lat="29.233839" lon="119.662139">
        <ele>1301.536822</ele>
        <time>2026-01-21T05:00:14Z</time>
        <speed>1.724418</speed>
      </trkpt>
      <trkpt lat="29.233784" lon="119.662157">
        <ele>1302.695696</ele>
        <time>2026-01-21T05:00:18Z</time>
        <speed>1.286473</speed>
      </trkpt>
      <trkpt lat="29.233727" lon="119.662165">
        <ele>1302.936247</ele>
        <time>2026-01-21T05:00:23Z</time>
        <speed>1.142797</speed>
      </trkpt>
      <trkpt lat="29.233697" lon="119.662127">
        <ele>1302.759457</ele>
        <time>2026-01-21T05:00:29Z</time>
        <speed>0.808518</speed>
      </trkpt>
      <trkpt lat="29.233669" lon="119.662077">
        <ele>1305.278178</ele>
        <time>2026-01-21T05:00:58Z</time>
        <speed>0.297039</speed>
      </trkpt>
      <trkpt lat="29.233623" lon="119.66205">
        <ele>1303.233742</ele>
        <time>2026-01-21T05:01:24Z</time>
        <speed>0.876336</speed>
      </trkpt>
      <trkpt lat="29.233579" lon="119.662044">
        <ele>1301.16638</ele>
        <time>2026-01-21T05:01:31Z</time>
        <speed>0.380037</speed>
      </trkpt>
      <trkpt lat="29.233529" lon="119.662028">
        <ele>1298.272389</ele>
        <time>2026-01-21T05:01:39Z</time>
        <speed>1.329956</speed>
      </trkpt>
      <trkpt lat="29.233489" lon="119.662004">
        <ele>1296.594527</ele>
        <time>2026-01-21T05:01:43Z</time>
        <speed>1.203955</speed>
      </trkpt>
      <trkpt lat="29.233444" lon="119.661977">
        <ele>1294.093449</ele>
        <time>2026-01-21T05:01:48Z</time>
        <speed>0.849903</speed>
      </trkpt>
      <trkpt lat="29.2334" lon="119.661954">
        <ele>1292.550132</ele>
        <time>2026-01-21T05:01:53Z</time>
        <speed>0.925898</speed>
      </trkpt>
      <trkpt lat="29.23334" lon="119.661923">
        <ele>1290.981121</ele>
        <time>2026-01-21T05:02:09Z</time>
        <speed>1.451093</speed>
      </trkpt>
      <trkpt lat="29.233307" lon="119.661914">
        <ele>1291.087617</ele>
        <time>2026-01-21T05:02:13Z</time>
        <speed>1.40036</speed>
      </trkpt>
      <trkpt lat="29.233256" lon="119.661885">
        <ele>1288.946708</ele>
        <time>2026-01-21T05:02:20Z</time>
        <speed>0.848186</speed>
      </trkpt>
      <trkpt lat="29.233208" lon="119.661871">
        <ele>1288.007169</ele>
        <time>2026-01-21T05:02:25Z</time>
        <speed>1.052115</speed>
      </trkpt>
      <trkpt lat="29.233164" lon="119.661847">
        <ele>1285.091761</ele>
        <time>2026-01-21T05:02:30Z</time>
        <speed>0.90086</speed>
      </trkpt>
      <trkpt lat="29.233129" lon="119.661814">
        <ele>1282.69469</ele>
        <time>2026-01-21T05:02:35Z</time>
        <speed>0.904651</speed>
      </trkpt>
      <trkpt lat="29.233094" lon="119.661779">
        <ele>1281.306507</ele>
        <time>2026-01-21T05:02:40Z</time>
        <speed>0.832634</speed>
      </trkpt>
      <trkpt lat="29.233047" lon="119.661749">
        <ele>1278.322525</ele>
        <time>2026-01-21T05:02:47Z</time>
        <speed>0.99874</speed>
      </trkpt>
      <trkpt lat="29.233014" lon="119.66171">
        <ele>1276.015986</ele>
        <time>2026-01-21T05:02:55Z</time>
        <speed>0.561804</speed>
      </trkpt>
      <trkpt lat="29.232995" lon="119.661658">
        <ele>1272.865228</ele>
        <time>2026-01-21T05:03:04Z</time>
        <speed>0.766629</speed>
      </trkpt>
      <trkpt lat="29.232962" lon="119.661623">
        <ele>1271.379788</ele>
        <time>2026-01-21T05:03:14Z</time>
        <speed>0.527306</speed>
      </trkpt>
      <trkpt lat="29.232923" lon="119.661591">
        <ele>1269.19093</ele>
        <time>2026-01-21T05:03:25Z</time>
        <speed>0.781109</speed>
      </trkpt>
      <trkpt lat="29.23289" lon="119.661554">
        <ele>1266.121551</ele>
        <time>2026-01-21T05:03:36Z</time>
        <speed>0.258222</speed>
      </trkpt>
      <trkpt lat="29.232877" lon="119.661504">
        <ele>1263.785793</ele>
        <time>2026-01-21T05:03:47Z</time>
        <speed>0.41491</speed>
      </trkpt>
      <trkpt lat="29.232843" lon="119.661464">
        <ele>1263.350513</ele>
        <time>2026-01-21T05:03:56Z</time>
        <speed>0.640658</speed>
      </trkpt>
      <trkpt lat="29.232808" lon="119.661431">
        <ele>1263.172949</ele>
        <time>2026-01-21T05:04:02Z</time>
        <speed>0.713304</speed>
      </trkpt>
      <trkpt lat="29.232765" lon="119.661404">
        <ele>1261.021797</ele>
        <time>2026-01-21T05:04:11Z</time>
        <speed>0.677183</speed>
      </trkpt>
      <trkpt lat="29.232732" lon="119.661374">
        <ele>1259.626532</ele>
        <time>2026-01-21T05:04:17Z</time>
        <speed>0.744084</speed>
      </trkpt>
      <trkpt lat="29.232691" lon="119.661342">
        <ele>1257.781707</ele>
        <time>2026-01-21T05:04:24Z</time>
        <speed>0.775911</speed>
      </trkpt>
      <trkpt lat="29.232645" lon="119.66132">
        <ele>1256.432312</ele>
        <time>2026-01-21T05:04:29Z</time>
        <speed>0.926377</speed>
      </trkpt>
      <trkpt lat="29.232593" lon="119.6613">
        <ele>1254.419336</ele>
        <time>2026-01-21T05:04:34Z</time>
        <speed>1.12851</speed>
      </trkpt>
      <trkpt lat="29.23255" lon="119.661259">
        <ele>1253.633794</ele>
        <time>2026-01-21T05:04:39Z</time>
        <speed>1.03447</speed>
      </trkpt>
      <trkpt lat="29.23252" lon="119.66121">
        <ele>1253.870055</ele>
        <time>2026-01-21T05:04:45Z</time>
        <speed>0.469303</speed>
      </trkpt>
      <trkpt lat="29.232475" lon="119.661205">
        <ele>1250.405497</ele>
        <time>2026-01-21T05:05:39Z</time>
        <speed>0.523833</speed>
      </trkpt>
      <trkpt lat="29.232453" lon="119.661177">
        <ele>1250.206451</ele>
        <time>2026-01-21T05:05:47Z</time>
        <speed>0.43137</speed>
      </trkpt>
      <trkpt lat="29.232401" lon="119.66117">
        <ele>1249.705436</ele>
        <time>2026-01-21T05:05:56Z</time>
        <speed>0.48323</speed>
      </trkpt>
      <trkpt lat="29.232355" lon="119.661156">
        <ele>1248.39958</ele>
        <time>2026-01-21T05:06:07Z</time>
        <speed>0.66751</speed>
      </trkpt>
      <trkpt lat="29.232313" lon="119.661133">
        <ele>1246.68736</ele>
        <time>2026-01-21T05:06:18Z</time>
        <speed>0.385781</speed>
      </trkpt>
      <trkpt lat="29.232272" lon="119.661112">
        <ele>1245.23403</ele>
        <time>2026-01-21T05:06:25Z</time>
        <speed>0.666972</speed>
      </trkpt>
      <trkpt lat="29.232225" lon="119.661106">
        <ele>1243.946586</ele>
        <time>2026-01-21T05:06:32Z</time>
        <speed>0.763082</speed>
      </trkpt>
      <trkpt lat="29.232174" lon="119.661129">
        <ele>1242.187992</ele>
        <time>2026-01-21T05:06:44Z</time>
        <speed>0.689142</speed>
      </trkpt>
      <trkpt lat="29.232133" lon="119.66111">
        <ele>1239.349297</ele>
        <time>2026-01-21T05:07:01Z</time>
        <speed>0.456821</speed>
      </trkpt>
      <trkpt lat="29.232096" lon="119.661076">
        <ele>1237.417695</ele>
        <time>2026-01-21T05:07:19Z</time>
        <speed>0.441217</speed>
      </trkpt>
      <trkpt lat="29.232069" lon="119.661037">
        <ele>1236.790856</ele>
        <time>2026-01-21T05:07:27Z</time>
        <speed>0.761427</speed>
      </trkpt>
      <trkpt lat="29.232027" lon="119.661011">
        <ele>1234.191715</ele>
        <time>2026-01-21T05:07:32Z</time>
        <speed>1.11794</speed>
      </trkpt>
      <trkpt lat="29.231976" lon="119.660984">
        <ele>1233.182598</ele>
        <time>2026-01-21T05:07:37Z</time>
        <speed>1.190101</speed>
      </trkpt>
      <trkpt lat="29.231933" lon="119.660944">
        <ele>1232.276744</ele>
        <time>2026-01-21T05:07:42Z</time>
        <speed>1.147529</speed>
      </trkpt>
      <trkpt lat="29.231897" lon="119.660909">
        <ele>1231.712086</ele>
        <time>2026-01-21T05:07:46Z</time>
        <speed>1.291668</speed>
      </trkpt>
      <trkpt lat="29.231852" lon="119.660873">
        <ele>1231.74174</ele>
        <time>2026-01-21T05:07:51Z</time>
        <speed>1.105587</speed>
      </trkpt>
      <trkpt lat="29.231803" lon="119.660837">
        <ele>1231.691041</ele>
        <time>2026-01-21T05:07:56Z</time>
        <speed>1.260962</speed>
      </trkpt>
      <trkpt lat="29.231777" lon="119.660796">
        <ele>1232.694296</ele>
        <time>2026-01-21T05:08:00Z</time>
        <speed>1.125434</speed>
      </trkpt>
      <trkpt lat="29.231748" lon="119.660749">
        <ele>1234.177803</ele>
        <time>2026-01-21T05:08:05Z</time>
        <speed>1.024814</speed>
      </trkpt>
      <trkpt lat="29.231717" lon="119.660704">
        <ele>1235.790539</ele>
        <time>2026-01-21T05:08:10Z</time>
        <speed>1.094588</speed>
      </trkpt>
      <trkpt lat="29.231685" lon="119.660659">
        <ele>1237.699593</ele>
        <time>2026-01-21T05:08:16Z</time>
        <speed>0.903719</speed>
      </trkpt>
      <trkpt lat="29.231649" lon="119.660614">
        <ele>1238.670605</ele>
        <time>2026-01-21T05:08:22Z</time>
        <speed>0.808506</speed>
      </trkpt>
      <trkpt lat="29.23163" lon="119.660571">
        <ele>1239.382515</ele>
        <time>2026-01-21T05:08:26Z</time>
        <speed>1.318944</speed>
      </trkpt>
      <trkpt lat="29.231606" lon="119.660518">
        <ele>1239.479369</ele>
        <time>2026-01-21T05:08:32Z</time>
        <speed>0.865273</speed>
      </trkpt>
      <trkpt lat="29.231576" lon="119.660468">
        <ele>1239.846911</ele>
        <time>2026-01-21T05:08:37Z</time>
        <speed>1.205352</speed>
      </trkpt>
      <trkpt lat="29.23155" lon="119.66042">
        <ele>1239.852199</ele>
        <time>2026-01-21T05:08:42Z</time>
        <speed>0.868311</speed>
      </trkpt>
      <trkpt lat="29.231532" lon="119.660368">
        <ele>1239.823279</ele>
        <time>2026-01-21T05:08:47Z</time>
        <speed>0.780121</speed>
      </trkpt>
      <trkpt lat="29.231528" lon="119.660308">
        <ele>1240.45391</ele>
        <time>2026-01-21T05:08:54Z</time>
        <speed>0.89237</speed>
      </trkpt>
      <trkpt lat="29.231524" lon="119.66026">
        <ele>1240.463267</ele>
        <time>2026-01-21T05:08:58Z</time>
        <speed>1.014556</speed>
      </trkpt>
      <trkpt lat="29.231517" lon="119.660208">
        <ele>1240.700826</ele>
        <time>2026-01-21T05:09:02Z</time>
        <speed>0.871965</speed>
      </trkpt>
      <trkpt lat="29.2315" lon="119.660143">
        <ele>1240.253834</ele>
        <time>2026-01-21T05:09:07Z</time>
        <speed>1.530345</speed>
      </trkpt>
      <trkpt lat="29.231484" lon="119.660088">
        <ele>1240.09919</ele>
        <time>2026-01-21T05:09:11Z</time>
        <speed>1.430312</speed>
      </trkpt>
      <trkpt lat="29.231472" lon="119.660029">
        <ele>1241.299985</ele>
        <time>2026-01-21T05:09:15Z</time>
        <speed>1.507911</speed>
      </trkpt>
      <trkpt lat="29.231452" lon="119.659968">
        <ele>1242.279752</ele>
        <time>2026-01-21T05:09:20Z</time>
        <speed>1.02229</speed>
      </trkpt>
      <trkpt lat="29.231427" lon="119.659921">
        <ele>1242.809702</ele>
        <time>2026-01-21T05:09:24Z</time>
        <speed>1.301276</speed>
      </trkpt>
      <trkpt lat="29.231397" lon="119.659869">
        <ele>1243.350737</ele>
        <time>2026-01-21T05:09:29Z</time>
        <speed>1.011659</speed>
      </trkpt>
      <trkpt lat="29.231369" lon="119.659828">
        <ele>1243.846713</ele>
        <time>2026-01-21T05:09:34Z</time>
        <speed>1.396518</speed>
      </trkpt>
      <trkpt lat="29.231334" lon="119.659779">
        <ele>1244.441008</ele>
        <time>2026-01-21T05:09:38Z</time>
        <speed>1.640866</speed>
      </trkpt>
      <trkpt lat="29.231296" lon="119.659733">
        <ele>1244.395358</ele>
        <time>2026-01-21T05:09:42Z</time>
        <speed>1.640574</speed>
      </trkpt>
      <trkpt lat="29.231263" lon="119.659685">
        <ele>1244.531656</ele>
        <time>2026-01-21T05:09:46Z</time>
        <speed>1.633989</speed>
      </trkpt>
      <trkpt lat="29.231231" lon="119.659643">
        <ele>1244.591924</ele>
        <time>2026-01-21T05:09:50Z</time>
        <speed>1.636489</speed>
      </trkpt>
      <trkpt lat="29.2312" lon="119.659602">
        <ele>1244.249321</ele>
        <time>2026-01-21T05:09:54Z</time>
        <speed>1.61076</speed>
      </trkpt>
      <trkpt lat="29.23117" lon="119.659562">
        <ele>1243.473352</ele>
        <time>2026-01-21T05:09:58Z</time>
        <speed>1.616242</speed>
      </trkpt>
      <trkpt lat="29.231124" lon="119.659529">
        <ele>1244.638673</ele>
        <time>2026-01-21T05:10:03Z</time>
        <speed>1.565707</speed>
      </trkpt>
      <trkpt lat="29.231072" lon="119.659517">
        <ele>1244.746782</ele>
        <time>2026-01-21T05:10:08Z</time>
        <speed>1.59002</speed>
      </trkpt>
      <trkpt lat="29.231024" lon="119.659496">
        <ele>1244.656609</ele>
        <time>2026-01-21T05:10:13Z</time>
        <speed>1.647625</speed>
      </trkpt>
      <trkpt lat="29.230979" lon="119.659465">
        <ele>1244.385048</ele>
        <time>2026-01-21T05:10:18Z</time>
        <speed>1.626104</speed>
      </trkpt>
      <trkpt lat="29.230941" lon="119.659422">
        <ele>1243.324916</ele>
        <time>2026-01-21T05:10:24Z</time>
        <speed>1.569874</speed>
      </trkpt>
      <trkpt lat="29.230903" lon="119.65939">
        <ele>1241.278936</ele>
        <time>2026-01-21T05:10:31Z</time>
        <speed>0.966238</speed>
      </trkpt>
      <trkpt lat="29.230855" lon="119.659372">
        <ele>1238.56161</ele>
        <time>2026-01-21T05:10:38Z</time>
        <speed>1.074655</speed>
      </trkpt>
      <trkpt lat="29.230808" lon="119.659356">
        <ele>1237.455406</ele>
        <time>2026-01-21T05:10:42Z</time>
        <speed>0.992613</speed>
      </trkpt>
      <trkpt lat="29.23075" lon="119.659344">
        <ele>1236.356146</ele>
        <time>2026-01-21T05:10:48Z</time>
        <speed>1.117202</speed>
      </trkpt>
      <trkpt lat="29.2307" lon="119.659348">
        <ele>1235.264873</ele>
        <time>2026-01-21T05:10:53Z</time>
        <speed>1.06826</speed>
      </trkpt>
      <trkpt lat="29.230652" lon="119.659353">
        <ele>1234.806249</ele>
        <time>2026-01-21T05:10:58Z</time>
        <speed>1.016702</speed>
      </trkpt>
      <trkpt lat="29.230609" lon="119.659366">
        <ele>1234.164301</ele>
        <time>2026-01-21T05:11:02Z</time>
        <speed>1.104825</speed>
      </trkpt>
      <trkpt lat="29.23056" lon="119.659382">
        <ele>1233.199248</ele>
        <time>2026-01-21T05:11:06Z</time>
        <speed>1.108188</speed>
      </trkpt>
      <trkpt lat="29.230502" lon="119.659382">
        <ele>1231.989162</ele>
        <time>2026-01-21T05:11:11Z</time>
        <speed>1.269567</speed>
      </trkpt>
      <trkpt lat="29.230452" lon="119.65938">
        <ele>1231.702081</ele>
        <time>2026-01-21T05:11:16Z</time>
        <speed>0.895253</speed>
      </trkpt>
      <trkpt lat="29.230399" lon="119.659375">
        <ele>1231.363875</ele>
        <time>2026-01-21T05:11:21Z</time>
        <speed>1.221852</speed>
      </trkpt>
      <trkpt lat="29.230351" lon="119.659361">
        <ele>1232.133136</ele>
        <time>2026-01-21T05:11:25Z</time>
        <speed>1.512582</speed>
      </trkpt>
      <trkpt lat="29.2303" lon="119.659333">
        <ele>1232.326434</ele>
        <time>2026-01-21T05:11:30Z</time>
        <speed>1.131493</speed>
      </trkpt>
      <trkpt lat="29.230267" lon="119.659279">
        <ele>1230.307428</ele>
        <time>2026-01-21T05:11:40Z</time>
        <speed>1.092969</speed>
      </trkpt>
      <trkpt lat="29.230266" lon="119.659231">
        <ele>1230.027892</ele>
        <time>2026-01-21T05:11:44Z</time>
        <speed>1.253654</speed>
      </trkpt>
      <trkpt lat="29.230254" lon="119.659165">
        <ele>1228.681309</ele>
        <time>2026-01-21T05:11:51Z</time>
        <speed>1.351476</speed>
      </trkpt>
      <trkpt lat="29.230227" lon="119.659116">
        <ele>1228.53563</ele>
        <time>2026-01-21T05:11:56Z</time>
        <speed>1.343561</speed>
      </trkpt>
      <trkpt lat="29.230207" lon="119.659069">
        <ele>1228.386123</ele>
        <time>2026-01-21T05:12:00Z</time>
        <speed>1.10446</speed>
      </trkpt>
      <trkpt lat="29.230193" lon="119.659015">
        <ele>1228.154514</ele>
        <time>2026-01-21T05:12:04Z</time>
        <speed>1.405233</speed>
      </trkpt>
      <trkpt lat="29.23018" lon="119.658953">
        <ele>1227.029106</ele>
        <time>2026-01-21T05:12:10Z</time>
        <speed>0.885401</speed>
      </trkpt>
      <trkpt lat="29.230162" lon="119.658896">
        <ele>1224.316954</ele>
        <time>2026-01-21T05:12:16Z</time>
        <speed>0.89165</speed>
      </trkpt>
      <trkpt lat="29.230152" lon="119.658849">
        <ele>1223.574084</ele>
        <time>2026-01-21T05:12:20Z</time>
        <speed>1.167886</speed>
      </trkpt>
      <trkpt lat="29.230124" lon="119.658788">
        <ele>1221.784195</ele>
        <time>2026-01-21T05:12:26Z</time>
        <speed>1.191363</speed>
      </trkpt>
      <trkpt lat="29.230103" lon="119.658742">
        <ele>1220.887982</ele>
        <time>2026-01-21T05:12:30Z</time>
        <speed>1.407412</speed>
      </trkpt>
      <trkpt lat="29.230081" lon="119.65869">
        <ele>1219.95868</ele>
        <time>2026-01-21T05:12:35Z</time>
        <speed>1.248191</speed>
      </trkpt>
      <trkpt lat="29.230078" lon="119.658635">
        <ele>1218.976026</ele>
        <time>2026-01-21T05:12:40Z</time>
        <speed>0.968261</speed>
      </trkpt>
      <trkpt lat="29.230068" lon="119.658583">
        <ele>1219.064492</ele>
        <time>2026-01-21T05:12:45Z</time>
        <speed>1.112396</speed>
      </trkpt>
      <trkpt lat="29.230039" lon="119.658531">
        <ele>1220.388506</ele>
        <time>2026-01-21T05:13:21Z</time>
        <speed>0.72711</speed>
      </trkpt>
      <trkpt lat="29.230031" lon="119.658492">
        <ele>1219.297647</ele>
        <time>2026-01-21T05:13:28Z</time>
        <speed>0.860501</speed>
      </trkpt>
      <trkpt lat="29.230038" lon="119.658436">
        <ele>1218.155441</ele>
        <time>2026-01-21T05:13:33Z</time>
        <speed>0.769337</speed>
      </trkpt>
      <trkpt lat="29.230038" lon="119.658379">
        <ele>1216.521224</ele>
        <time>2026-01-21T05:13:38Z</time>
        <speed>0.929412</speed>
      </trkpt>
      <trkpt lat="29.230041" lon="119.658313">
        <ele>1215.161315</ele>
        <time>2026-01-21T05:13:48Z</time>
        <speed>0.872463</speed>
      </trkpt>
      <trkpt lat="29.230047" lon="119.658266">
        <ele>1214.33097</ele>
        <time>2026-01-21T05:13:53Z</time>
        <speed>1.340157</speed>
      </trkpt>
      <trkpt lat="29.230057" lon="119.658203">
        <ele>1212.799079</ele>
        <time>2026-01-21T05:14:02Z</time>
        <speed>0.47672</speed>
      </trkpt>
      <trkpt lat="29.230084" lon="119.65816">
        <ele>1212.312603</ele>
        <time>2026-01-21T05:14:07Z</time>
        <speed>0.84773</speed>
      </trkpt>
      <trkpt lat="29.230104" lon="119.658098">
        <ele>1211.777064</ele>
        <time>2026-01-21T05:14:13Z</time>
        <speed>1.213003</speed>
      </trkpt>
      <trkpt lat="29.230116" lon="119.658046">
        <ele>1211.567338</ele>
        <time>2026-01-21T05:14:18Z</time>
        <speed>0.897904</speed>
      </trkpt>
      <trkpt lat="29.230123" lon="119.657996">
        <ele>1211.107644</ele>
        <time>2026-01-21T05:14:22Z</time>
        <speed>1.113146</speed>
      </trkpt>
      <trkpt lat="29.230136" lon="119.657936">
        <ele>1210.18984</ele>
        <time>2026-01-21T05:14:28Z</time>
        <speed>0.590437</speed>
      </trkpt>
      <trkpt lat="29.230133" lon="119.657878">
        <ele>1210.045772</ele>
        <time>2026-01-21T05:14:34Z</time>
        <speed>1.090837</speed>
      </trkpt>
      <trkpt lat="29.230131" lon="119.657819">
        <ele>1209.43498</ele>
        <time>2026-01-21T05:14:39Z</time>
        <speed>1.266051</speed>
      </trkpt>
      <trkpt lat="29.230133" lon="119.657765">
        <ele>1208.904612</ele>
        <time>2026-01-21T05:14:43Z</time>
        <speed>1.240388</speed>
      </trkpt>
      <trkpt lat="29.230133" lon="119.657699">
        <ele>1207.377672</ele>
        <time>2026-01-21T05:14:48Z</time>
        <speed>1.59858</speed>
      </trkpt>
      <trkpt lat="29.230144" lon="119.65763">
        <ele>1206.691036</ele>
        <time>2026-01-21T05:14:54Z</time>
        <speed>1.289409</speed>
      </trkpt>
      <trkpt lat="29.230138" lon="119.657574">
        <ele>1205.822428</ele>
        <time>2026-01-21T05:15:02Z</time>
        <speed>0.408984</speed>
      </trkpt>
      <trkpt lat="29.230147" lon="119.657525">
        <ele>1205.667575</ele>
        <time>2026-01-21T05:15:08Z</time>
        <speed>1.32553</speed>
      </trkpt>
      <trkpt lat="29.230154" lon="119.657471">
        <ele>1204.437933</ele>
        <time>2026-01-21T05:15:14Z</time>
        <speed>0.922006</speed>
      </trkpt>
      <trkpt lat="29.230161" lon="119.657418">
        <ele>1203.789946</ele>
        <time>2026-01-21T05:15:19Z</time>
        <speed>0.936611</speed>
      </trkpt>
      <trkpt lat="29.230166" lon="119.657362">
        <ele>1202.846235</ele>
        <time>2026-01-21T05:15:25Z</time>
        <speed>0.803354</speed>
      </trkpt>
      <trkpt lat="29.230168" lon="119.657308">
        <ele>1201.581128</ele>
        <time>2026-01-21T05:15:30Z</time>
        <speed>1.218278</speed>
      </trkpt>
      <trkpt lat="29.230171" lon="119.657253">
        <ele>1200.711324</ele>
        <time>2026-01-21T05:15:34Z</time>
        <speed>1.243602</speed>
      </trkpt>
      <trkpt lat="29.230193" lon="119.6572">
        <ele>1199.468534</ele>
        <time>2026-01-21T05:15:41Z</time>
        <speed>0.840073</speed>
      </trkpt>
      <trkpt lat="29.230214" lon="119.657155">
        <ele>1199.108185</ele>
        <time>2026-01-21T05:15:47Z</time>
        <speed>0.841824</speed>
      </trkpt>
      <trkpt lat="29.230219" lon="119.657098">
        <ele>1198.844497</ele>
        <time>2026-01-21T05:15:57Z</time>
        <speed>0.771795</speed>
      </trkpt>
      <trkpt lat="29.230227" lon="119.657039">
        <ele>1198.28607</ele>
        <time>2026-01-21T05:16:03Z</time>
        <speed>1.219806</speed>
      </trkpt>
      <trkpt lat="29.230225" lon="119.656976">
        <ele>1196.956218</ele>
        <time>2026-01-21T05:16:08Z</time>
        <speed>1.154291</speed>
      </trkpt>
      <trkpt lat="29.230219" lon="119.656915">
        <ele>1195.986578</ele>
        <time>2026-01-21T05:16:12Z</time>
        <speed>1.492752</speed>
      </trkpt>
      <trkpt lat="29.230221" lon="119.656857">
        <ele>1195.184003</ele>
        <time>2026-01-21T05:16:16Z</time>
        <speed>1.210579</speed>
      </trkpt>
      <trkpt lat="29.230237" lon="119.656799">
        <ele>1194.487479</ele>
        <time>2026-01-21T05:16:20Z</time>
        <speed>1.503459</speed>
      </trkpt>
      <trkpt lat="29.230261" lon="119.656749">
        <ele>1193.637311</ele>
        <time>2026-01-21T05:16:24Z</time>
        <speed>1.092651</speed>
      </trkpt>
      <trkpt lat="29.230279" lon="119.6567">
        <ele>1192.454356</ele>
        <time>2026-01-21T05:16:28Z</time>
        <speed>1.517786</speed>
      </trkpt>
      <trkpt lat="29.230307" lon="119.656645">
        <ele>1191.464369</ele>
        <time>2026-01-21T05:16:33Z</time>
        <speed>1.258256</speed>
      </trkpt>
      <trkpt lat="29.230335" lon="119.656594">
        <ele>1190.322689</ele>
        <time>2026-01-21T05:16:37Z</time>
        <speed>1.378392</speed>
      </trkpt>
      <trkpt lat="29.230362" lon="119.656537">
        <ele>1189.45428</ele>
        <time>2026-01-21T05:16:41Z</time>
        <speed>1.494088</speed>
      </trkpt>
      <trkpt lat="29.230382" lon="119.65647">
        <ele>1188.843723</ele>
        <time>2026-01-21T05:16:46Z</time>
        <speed>1.088839</speed>
      </trkpt>
      <trkpt lat="29.230393" lon="119.656415">
        <ele>1188.133323</ele>
        <time>2026-01-21T05:16:50Z</time>
        <speed>1.200615</speed>
      </trkpt>
      <trkpt lat="29.230402" lon="119.656362">
        <ele>1187.334804</ele>
        <time>2026-01-21T05:16:54Z</time>
        <speed>1.105143</speed>
      </trkpt>
      <trkpt lat="29.230418" lon="119.656303">
        <ele>1186.413958</ele>
        <time>2026-01-21T05:16:59Z</time>
        <speed>1.124672</speed>
      </trkpt>
      <trkpt lat="29.230443" lon="119.656252">
        <ele>1185.378085</ele>
        <time>2026-01-21T05:17:15Z</time>
        <speed>0.591107</speed>
      </trkpt>
      <trkpt lat="29.230454" lon="119.656218">
        <ele>1185.176103</ele>
        <time>2026-01-21T05:17:20Z</time>
        <speed>0.961319</speed>
      </trkpt>
      <trkpt lat="29.230465" lon="119.65617">
        <ele>1184.35123</ele>
        <time>2026-01-21T05:17:24Z</time>
        <speed>1.093842</speed>
      </trkpt>
      <trkpt lat="29.230501" lon="119.656115">
        <ele>1183.255194</ele>
        <time>2026-01-21T05:17:30Z</time>
        <speed>0.973888</speed>
      </trkpt>
      <trkpt lat="29.23054" lon="119.656067">
        <ele>1182.42262</ele>
        <time>2026-01-21T05:17:35Z</time>
        <speed>1.501741</speed>
      </trkpt>
      <trkpt lat="29.230567" lon="119.656029">
        <ele>1181.603628</ele>
        <time>2026-01-21T05:17:38Z</time>
        <speed>1.661687</speed>
      </trkpt>
      <trkpt lat="29.230596" lon="119.65598">
        <ele>1180.429378</ele>
        <time>2026-01-21T05:17:41Z</time>
        <speed>1.532288</speed>
      </trkpt>
      <trkpt lat="29.230619" lon="119.65592">
        <ele>1179.690798</ele>
        <time>2026-01-21T05:17:44Z</time>
        <speed>1.522757</speed>
      </trkpt>
      <trkpt lat="29.230609" lon="119.655852">
        <ele>1178.198522</ele>
        <time>2026-01-21T05:17:50Z</time>
        <speed>0.93074</speed>
      </trkpt>
      <trkpt lat="29.230572" lon="119.655813">
        <ele>1178.644721</ele>
        <time>2026-01-21T05:17:56Z</time>
        <speed>1.237622</speed>
      </trkpt>
      <trkpt lat="29.230528" lon="119.655778">
        <ele>1177.979182</ele>
        <time>2026-01-21T05:18:00Z</time>
        <speed>1.51823</speed>
      </trkpt>
      <trkpt lat="29.230488" lon="119.655746">
        <ele>1177.508765</ele>
        <time>2026-01-21T05:18:03Z</time>
        <speed>1.565187</speed>
      </trkpt>
      <trkpt lat="29.230451" lon="119.655707">
        <ele>1176.672968</ele>
        <time>2026-01-21T05:18:06Z</time>
        <speed>1.75879</speed>
      </trkpt>
      <trkpt lat="29.230408" lon="119.655639">
        <ele>1175.375412</ele>
        <time>2026-01-21T05:18:15Z</time>
        <speed>1.381788</speed>
      </trkpt>
      <trkpt lat="29.230391" lon="119.655599">
        <ele>1174.565601</ele>
        <time>2026-01-21T05:18:20Z</time>
        <speed>0.775511</speed>
      </trkpt>
      <trkpt lat="29.230375" lon="119.655551">
        <ele>1174.100145</ele>
        <time>2026-01-21T05:18:25Z</time>
        <speed>0.941421</speed>
      </trkpt>
      <trkpt lat="29.230365" lon="119.655503">
        <ele>1173.472632</ele>
        <time>2026-01-21T05:18:29Z</time>
        <speed>1.159445</speed>
      </trkpt>
      <trkpt lat="29.230353" lon="119.655458">
        <ele>1173.117609</ele>
        <time>2026-01-21T05:18:32Z</time>
        <speed>1.854891</speed>
      </trkpt>
      <trkpt lat="29.230328" lon="119.655408">
        <ele>1172.21317</ele>
        <time>2026-01-21T05:18:36Z</time>
        <speed>1.671121</speed>
      </trkpt>
      <trkpt lat="29.230318" lon="119.655362">
        <ele>1171.698832</ele>
        <time>2026-01-21T05:18:39Z</time>
        <speed>1.717327</speed>
      </trkpt>
      <trkpt lat="29.230339" lon="119.655302">
        <ele>1169.116709</ele>
        <time>2026-01-21T05:18:55Z</time>
        <speed>0.495341</speed>
      </trkpt>
      <trkpt lat="29.230363" lon="119.655256">
        <ele>1168.031719</ele>
        <time>2026-01-21T05:19:05Z</time>
        <speed>1.138237</speed>
      </trkpt>
      <trkpt lat="29.230378" lon="119.655201">
        <ele>1167.576893</ele>
        <time>2026-01-21T05:19:19Z</time>
        <speed>0.578907</speed>
      </trkpt>
      <trkpt lat="29.230398" lon="119.655151">
        <ele>1165.701534</ele>
        <time>2026-01-21T05:19:29Z</time>
        <speed>0.727562</speed>
      </trkpt>
      <trkpt lat="29.230415" lon="119.655105">
        <ele>1165.148909</ele>
        <time>2026-01-21T05:19:35Z</time>
        <speed>0.885363</speed>
      </trkpt>
      <trkpt lat="29.230442" lon="119.655052">
        <ele>1164.446458</ele>
        <time>2026-01-21T05:19:44Z</time>
        <speed>0.744932</speed>
      </trkpt>
      <trkpt lat="29.230475" lon="119.655009">
        <ele>1161.803716</ele>
        <time>2026-01-21T05:19:52Z</time>
        <speed>0.746896</speed>
      </trkpt>
      <trkpt lat="29.230503" lon="119.654971">
        <ele>1160.755612</ele>
        <time>2026-01-21T05:19:58Z</time>
        <speed>0.85935</speed>
      </trkpt>
      <trkpt lat="29.230525" lon="119.65492">
        <ele>1159.000853</ele>
        <time>2026-01-21T05:21:18Z</time>
        <speed>0.299053</speed>
      </trkpt>
      <trkpt lat="29.230556" lon="119.654884">
        <ele>1157.867292</ele>
        <time>2026-01-21T05:21:41Z</time>
        <speed>0.583128</speed>
      </trkpt>
      <trkpt lat="29.23059" lon="119.654847">
        <ele>1156.035055</ele>
        <time>2026-01-21T05:21:48Z</time>
        <speed>0.642448</speed>
      </trkpt>
      <trkpt lat="29.230599" lon="119.654794">
        <ele>1154.966071</ele>
        <time>2026-01-21T05:21:55Z</time>
        <speed>0.757891</speed>
      </trkpt>
      <trkpt lat="29.230589" lon="119.654735">
        <ele>1154.179537</ele>
        <time>2026-01-21T05:22:02Z</time>
        <speed>0.812178</speed>
      </trkpt>
      <trkpt lat="29.230568" lon="119.654683">
        <ele>1152.089494</ele>
        <time>2026-01-21T05:22:08Z</time>
        <speed>1.223696</speed>
      </trkpt>
      <trkpt lat="29.230555" lon="119.654623">
        <ele>1151.38941</ele>
        <time>2026-01-21T05:22:15Z</time>
        <speed>0.722002</speed>
      </trkpt>
      <trkpt lat="29.230563" lon="119.654564">
        <ele>1150.487849</ele>
        <time>2026-01-21T05:22:27Z</time>
        <speed>0.841348</speed>
      </trkpt>
      <trkpt lat="29.230557" lon="119.654508">
        <ele>1150.563105</ele>
        <time>2026-01-21T05:22:35Z</time>
        <speed>1.483049</speed>
      </trkpt>
      <trkpt lat="29.230548" lon="119.654449">
        <ele>1151.305923</ele>
        <time>2026-01-21T05:22:45Z</time>
        <speed>0.316707</speed>
      </trkpt>
      <trkpt lat="29.23054" lon="119.654391">
        <ele>1149.271633</ele>
        <time>2026-01-21T05:23:15Z</time>
        <speed>1.579231</speed>
      </trkpt>
      <trkpt lat="29.230541" lon="119.654357">
        <ele>1149.105002</ele>
        <time>2026-01-21T05:23:18Z</time>
        <speed>1.812779</speed>
      </trkpt>
      <trkpt lat="29.230548" lon="119.654289">
        <ele>1148.581605</ele>
        <time>2026-01-21T05:23:22Z</time>
        <speed>2.190043</speed>
      </trkpt>
      <trkpt lat="29.230556" lon="119.654217">
        <ele>1147.734101</ele>
        <time>2026-01-21T05:23:25Z</time>
        <speed>2.341173</speed>
      </trkpt>
      <trkpt lat="29.230575" lon="119.654135">
        <ele>1145.018096</ele>
        <time>2026-01-21T05:23:40Z</time>
        <speed>0.10938</speed>
      </trkpt>
      <trkpt lat="29.230596" lon="119.654105">
        <ele>1144.326782</ele>
        <time>2026-01-21T05:23:44Z</time>
        <speed>0.139896</speed>
      </trkpt>
      <trkpt lat="29.230629" lon="119.654053">
        <ele>1145.19481</ele>
        <time>2026-01-21T05:23:50Z</time>
        <speed>0.053343</speed>
      </trkpt>
      <trkpt lat="29.230665" lon="119.654005">
        <ele>1146.359828</ele>
        <time>2026-01-21T05:23:56Z</time>
        <speed>0.128749</speed>
      </trkpt>
      <trkpt lat="29.230695" lon="119.653954">
        <ele>1147.329802</ele>
        <time>2026-01-21T05:24:02Z</time>
        <speed>0.803819</speed>
      </trkpt>
      <trkpt lat="29.230712" lon="119.653897">
        <ele>1146.087502</ele>
        <time>2026-01-21T05:24:15Z</time>
        <speed>0.707577</speed>
      </trkpt>
      <trkpt lat="29.230729" lon="119.653861">
        <ele>1144.581845</ele>
        <time>2026-01-21T05:24:19Z</time>
        <speed>1.200017</speed>
      </trkpt>
      <trkpt lat="29.23074" lon="119.653792">
        <ele>1143.749306</ele>
        <time>2026-01-21T05:24:24Z</time>
        <speed>1.733691</speed>
      </trkpt>
      <trkpt lat="29.230763" lon="119.653731">
        <ele>1145.115398</ele>
        <time>2026-01-21T05:24:30Z</time>
        <speed>0.92726</speed>
      </trkpt>
      <trkpt lat="29.230784" lon="119.65367">
        <ele>1145.83362</ele>
        <time>2026-01-21T05:24:37Z</time>
        <speed>1.115259</speed>
      </trkpt>
      <trkpt lat="29.230809" lon="119.653626">
        <ele>1146.065562</ele>
        <time>2026-01-21T05:24:43Z</time>
        <speed>1.136181</speed>
      </trkpt>
      <trkpt lat="29.230849" lon="119.65359">
        <ele>1146.530572</ele>
        <time>2026-01-21T05:24:49Z</time>
        <speed>1.17134</speed>
      </trkpt>
      <trkpt lat="29.230895" lon="119.653556">
        <ele>1146.978979</ele>
        <time>2026-01-21T05:24:59Z</time>
        <speed>0.864956</speed>
      </trkpt>
      <trkpt lat="29.230921" lon="119.653518">
        <ele>1146.707545</ele>
        <time>2026-01-21T05:25:05Z</time>
        <speed>0.778884</speed>
      </trkpt>
      <trkpt lat="29.230943" lon="119.653468">
        <ele>1146.567911</ele>
        <time>2026-01-21T05:25:11Z</time>
        <speed>1.024284</speed>
      </trkpt>
      <trkpt lat="29.230971" lon="119.653422">
        <ele>1146.883099</ele>
        <time>2026-01-21T05:25:15Z</time>
        <speed>1.052113</speed>
      </trkpt>
      <trkpt lat="29.230998" lon="119.653377">
        <ele>1146.43561</ele>
        <time>2026-01-21T05:25:20Z</time>
        <speed>0.830561</speed>
      </trkpt>
      <trkpt lat="29.231034" lon="119.653335">
        <ele>1145.964355</ele>
        <time>2026-01-21T05:25:25Z</time>
        <speed>1.057803</speed>
      </trkpt>
      <trkpt lat="29.231077" lon="119.653301">
        <ele>1145.933309</ele>
        <time>2026-01-21T05:25:30Z</time>
        <speed>1.116465</speed>
      </trkpt>
      <trkpt lat="29.231119" lon="119.653284">
        <ele>1145.733236</ele>
        <time>2026-01-21T05:25:34Z</time>
        <speed>1.235993</speed>
      </trkpt>
      <trkpt lat="29.23114" lon="119.653241">
        <ele>1145.454872</ele>
        <time>2026-01-21T05:25:39Z</time>
        <speed>1.140466</speed>
      </trkpt>
      <trkpt lat="29.231119" lon="119.65319">
        <ele>1144.705864</ele>
        <time>2026-01-21T05:25:46Z</time>
        <speed>0.686889</speed>
      </trkpt>
      <trkpt lat="29.23108" lon="119.653146">
        <ele>1144.363047</ele>
        <time>2026-01-21T05:25:53Z</time>
        <speed>0.620055</speed>
      </trkpt>
      <trkpt lat="29.231053" lon="119.653098">
        <ele>1144.96726</ele>
        <time>2026-01-21T05:26:01Z</time>
        <speed>0.509961</speed>
      </trkpt>
      <trkpt lat="29.23102" lon="119.653056">
        <ele>1144.578412</ele>
        <time>2026-01-21T05:26:07Z</time>
        <speed>0.997606</speed>
      </trkpt>
      <trkpt lat="29.230979" lon="119.653024">
        <ele>1144.369276</ele>
        <time>2026-01-21T05:26:13Z</time>
        <speed>0.85977</speed>
      </trkpt>
      <trkpt lat="29.230938" lon="119.652992">
        <ele>1143.980204</ele>
        <time>2026-01-21T05:26:21Z</time>
        <speed>0.587265</speed>
      </trkpt>
      <trkpt lat="29.230899" lon="119.65296">
        <ele>1143.479695</ele>
        <time>2026-01-21T05:26:27Z</time>
        <speed>0.70079</speed>
      </trkpt>
      <trkpt lat="29.230856" lon="119.652928">
        <ele>1142.36116</ele>
        <time>2026-01-21T05:26:33Z</time>
        <speed>0.719863</speed>
      </trkpt>
      <trkpt lat="29.23082" lon="119.652895">
        <ele>1141.485017</ele>
        <time>2026-01-21T05:26:38Z</time>
        <speed>0.746902</speed>
      </trkpt>
      <trkpt lat="29.23078" lon="119.652848">
        <ele>1141.038949</ele>
        <time>2026-01-21T05:26:49Z</time>
        <speed>0.813382</speed>
      </trkpt>
      <trkpt lat="29.230745" lon="119.652826">
        <ele>1140.356204</ele>
        <time>2026-01-21T05:26:54Z</time>
        <speed>1.110479</speed>
      </trkpt>
      <trkpt lat="29.2307" lon="119.652803">
        <ele>1139.852954</ele>
        <time>2026-01-21T05:27:00Z</time>
        <speed>0.611179</speed>
      </trkpt>
      <trkpt lat="29.230659" lon="119.652777">
        <ele>1139.010527</ele>
        <time>2026-01-21T05:27:05Z</time>
        <speed>1.029221</speed>
      </trkpt>
      <trkpt lat="29.230614" lon="119.652739">
        <ele>1138.44986</ele>
        <time>2026-01-21T05:27:10Z</time>
        <speed>1.132341</speed>
      </trkpt>
      <trkpt lat="29.230577" lon="119.652695">
        <ele>1137.6911</ele>
        <time>2026-01-21T05:27:14Z</time>
        <speed>1.311797</speed>
      </trkpt>
      <trkpt lat="29.23054" lon="119.652667">
        <ele>1136.694063</ele>
        <time>2026-01-21T05:27:17Z</time>
        <speed>1.354454</speed>
      </trkpt>
      <trkpt lat="29.230497" lon="119.65263">
        <ele>1134.929072</ele>
        <time>2026-01-21T05:27:21Z</time>
        <speed>1.246786</speed>
      </trkpt>
      <trkpt lat="29.230453" lon="119.652594">
        <ele>1133.717635</ele>
        <time>2026-01-21T05:27:25Z</time>
        <speed>1.519644</speed>
      </trkpt>
      <trkpt lat="29.230412" lon="119.65256">
        <ele>1133.995879</ele>
        <time>2026-01-21T05:27:29Z</time>
        <speed>1.266419</speed>
      </trkpt>
      <trkpt lat="29.230372" lon="119.652518">
        <ele>1134.680432</ele>
        <time>2026-01-21T05:27:34Z</time>
        <speed>1.059528</speed>
      </trkpt>
      <trkpt lat="29.230338" lon="119.652484">
        <ele>1134.248464</ele>
        <time>2026-01-21T05:27:37Z</time>
        <speed>1.279645</speed>
      </trkpt>
      <trkpt lat="29.230298" lon="119.652455">
        <ele>1133.394056</ele>
        <time>2026-01-21T05:27:41Z</time>
        <speed>1.106902</speed>
      </trkpt>
      <trkpt lat="29.230252" lon="119.652414">
        <ele>1131.333324</ele>
        <time>2026-01-21T05:27:46Z</time>
        <speed>1.045279</speed>
      </trkpt>
      <trkpt lat="29.230214" lon="119.65237">
        <ele>1129.726512</ele>
        <time>2026-01-21T05:27:50Z</time>
        <speed>1.65092</speed>
      </trkpt>
      <trkpt lat="29.230169" lon="119.652331">
        <ele>1127.279344</ele>
        <time>2026-01-21T05:27:54Z</time>
        <speed>1.76893</speed>
      </trkpt>
      <trkpt lat="29.230135" lon="119.652283">
        <ele>1124.927717</ele>
        <time>2026-01-21T05:27:58Z</time>
        <speed>1.698117</speed>
      </trkpt>
      <trkpt lat="29.230102" lon="119.652236">
        <ele>1124.294793</ele>
        <time>2026-01-21T05:28:02Z</time>
        <speed>1.699168</speed>
      </trkpt>
      <trkpt lat="29.230071" lon="119.652182">
        <ele>1123.562114</ele>
        <time>2026-01-21T05:28:07Z</time>
        <speed>1.637539</speed>
      </trkpt>
      <trkpt lat="29.230034" lon="119.652138">
        <ele>1122.941768</ele>
        <time>2026-01-21T05:28:13Z</time>
        <speed>1.540628</speed>
      </trkpt>
      <trkpt lat="29.229992" lon="119.652106">
        <ele>1122.907621</ele>
        <time>2026-01-21T05:28:20Z</time>
        <speed>0.793389</speed>
      </trkpt>
      <trkpt lat="29.229953" lon="119.652085">
        <ele>1122.479854</ele>
        <time>2026-01-21T05:28:26Z</time>
        <speed>1.218112</speed>
      </trkpt>
      <trkpt lat="29.229906" lon="119.652068">
        <ele>1121.947226</ele>
        <time>2026-01-21T05:28:31Z</time>
        <speed>1.073733</speed>
      </trkpt>
      <trkpt lat="29.229861" lon="119.652052">
        <ele>1121.838544</ele>
        <time>2026-01-21T05:28:35Z</time>
        <speed>1.21256</speed>
      </trkpt>
      <trkpt lat="29.229813" lon="119.65204">
        <ele>1121.354129</ele>
        <time>2026-01-21T05:28:39Z</time>
        <speed>1.261696</speed>
      </trkpt>
      <trkpt lat="29.229765" lon="119.652027">
        <ele>1120.992491</ele>
        <time>2026-01-21T05:28:43Z</time>
        <speed>1.045495</speed>
      </trkpt>
      <trkpt lat="29.229717" lon="119.652014">
        <ele>1121.33579</ele>
        <time>2026-01-21T05:28:47Z</time>
        <speed>1.206736</speed>
      </trkpt>
      <trkpt lat="29.22966" lon="119.652005">
        <ele>1121.06593</ele>
        <time>2026-01-21T05:28:52Z</time>
        <speed>1.346082</speed>
      </trkpt>
      <trkpt lat="29.229611" lon="119.651985">
        <ele>1120.097531</ele>
        <time>2026-01-21T05:28:57Z</time>
        <speed>1.249498</speed>
      </trkpt>
      <trkpt lat="29.229575" lon="119.651946">
        <ele>1119.536702</ele>
        <time>2026-01-21T05:29:01Z</time>
        <speed>1.487544</speed>
      </trkpt>
      <trkpt lat="29.229551" lon="119.651898">
        <ele>1118.458199</ele>
        <time>2026-01-21T05:29:05Z</time>
        <speed>1.266313</speed>
      </trkpt>
      <trkpt lat="29.229535" lon="119.651838">
        <ele>1116.597757</ele>
        <time>2026-01-21T05:29:11Z</time>
        <speed>1.039174</speed>
      </trkpt>
      <trkpt lat="29.229528" lon="119.651783">
        <ele>1114.051074</ele>
        <time>2026-01-21T05:29:17Z</time>
        <speed>0.695514</speed>
      </trkpt>
      <trkpt lat="29.229527" lon="119.651727">
        <ele>1115.990966</ele>
        <time>2026-01-21T05:29:34Z</time>
        <speed>0.366682</speed>
      </trkpt>
      <trkpt lat="29.229529" lon="119.651677">
        <ele>1116.112798</ele>
        <time>2026-01-21T05:29:44Z</time>
        <speed>0.949018</speed>
      </trkpt>
      <trkpt lat="29.229538" lon="119.651618">
        <ele>1115.338611</ele>
        <time>2026-01-21T05:29:50Z</time>
        <speed>1.229812</speed>
      </trkpt>
      <trkpt lat="29.229539" lon="119.651567">
        <ele>1114.734462</ele>
        <time>2026-01-21T05:29:54Z</time>
        <speed>1.444401</speed>
      </trkpt>
      <trkpt lat="29.229534" lon="119.651503">
        <ele>1113.65001</ele>
        <time>2026-01-21T05:29:59Z</time>
        <speed>1.132199</speed>
      </trkpt>
      <trkpt lat="29.229534" lon="119.651436">
        <ele>1113.288933</ele>
        <time>2026-01-21T05:30:03Z</time>
        <speed>1.300572</speed>
      </trkpt>
      <trkpt lat="29.229538" lon="119.651377">
        <ele>1112.793858</ele>
        <time>2026-01-21T05:30:08Z</time>
        <speed>0.778262</speed>
      </trkpt>
      <trkpt lat="29.229554" lon="119.651322">
        <ele>1111.323119</ele>
        <time>2026-01-21T05:30:13Z</time>
        <speed>0.823558</speed>
      </trkpt>
      <trkpt lat="29.229567" lon="119.651263">
        <ele>1110.391872</ele>
        <time>2026-01-21T05:30:19Z</time>
        <speed>1.018076</speed>
      </trkpt>
      <trkpt lat="29.229579" lon="119.651204">
        <ele>1109.750916</ele>
        <time>2026-01-21T05:30:24Z</time>
        <speed>1.35292</speed>
      </trkpt>
      <trkpt lat="29.229596" lon="119.651151">
        <ele>1109.500718</ele>
        <time>2026-01-21T05:30:29Z</time>
        <speed>0.908478</speed>
      </trkpt>
      <trkpt lat="29.229617" lon="119.651101">
        <ele>1109.233269</ele>
        <time>2026-01-21T05:30:35Z</time>
        <speed>0.801844</speed>
      </trkpt>
      <trkpt lat="29.229605" lon="119.651047">
        <ele>1108.987719</ele>
        <time>2026-01-21T05:30:44Z</time>
        <speed>0.569023</speed>
      </trkpt>
      <trkpt lat="29.229557" lon="119.651032">
        <ele>1108.887477</ele>
        <time>2026-01-21T05:30:52Z</time>
        <speed>0.634225</speed>
      </trkpt>
      <trkpt lat="29.229516" lon="119.650995">
        <ele>1108.49744</ele>
        <time>2026-01-21T05:31:00Z</time>
        <speed>0.707783</speed>
      </trkpt>
      <trkpt lat="29.229472" lon="119.650976">
        <ele>1107.243681</ele>
        <time>2026-01-21T05:31:07Z</time>
        <speed>0.499012</speed>
      </trkpt>
      <trkpt lat="29.229423" lon="119.650962">
        <ele>1105.955936</ele>
        <time>2026-01-21T05:31:13Z</time>
        <speed>0.841675</speed>
      </trkpt>
      <trkpt lat="29.229379" lon="119.650977">
        <ele>1103.906111</ele>
        <time>2026-01-21T05:31:18Z</time>
        <speed>0.791855</speed>
      </trkpt>
      <trkpt lat="29.229333" lon="119.650987">
        <ele>1103.060019</ele>
        <time>2026-01-21T05:31:23Z</time>
        <speed>0.683481</speed>
      </trkpt>
      <trkpt lat="29.229282" lon="119.65099">
        <ele>1101.67666</ele>
        <time>2026-01-21T05:31:29Z</time>
        <speed>0.842258</speed>
      </trkpt>
      <trkpt lat="29.229234" lon="119.650968">
        <ele>1099.514089</ele>
        <time>2026-01-21T05:31:35Z</time>
        <speed>1.639729</speed>
      </trkpt>
      <trkpt lat="29.229189" lon="119.650959">
        <ele>1098.639029</ele>
        <time>2026-01-21T05:31:40Z</time>
        <speed>0.892572</speed>
      </trkpt>
      <trkpt lat="29.229143" lon="119.650938">
        <ele>1097.18347</ele>
        <time>2026-01-21T05:31:45Z</time>
        <speed>1.162208</speed>
      </trkpt>
      <trkpt lat="29.229095" lon="119.650917">
        <ele>1094.775953</ele>
        <time>2026-01-21T05:31:51Z</time>
        <speed>1.056413</speed>
      </trkpt>
      <trkpt lat="29.229055" lon="119.650895">
        <ele>1093.044662</ele>
        <time>2026-01-21T05:31:56Z</time>
        <speed>1.25803</speed>
      </trkpt>
      <trkpt lat="29.229007" lon="119.65088">
        <ele>1090.643875</ele>
        <time>2026-01-21T05:32:02Z</time>
        <speed>0.900853</speed>
      </trkpt>
      <trkpt lat="29.228968" lon="119.650874">
        <ele>1089.635919</ele>
        <time>2026-01-21T05:32:05Z</time>
        <speed>1.734085</speed>
      </trkpt>
      <trkpt lat="29.228924" lon="119.650853">
        <ele>1088.684095</ele>
        <time>2026-01-21T05:32:09Z</time>
        <speed>1.621088</speed>
      </trkpt>
      <trkpt lat="29.228868" lon="119.650843">
        <ele>1090.589863</ele>
        <time>2026-01-21T05:32:15Z</time>
        <speed>1.705623</speed>
      </trkpt>
      <trkpt lat="29.228833" lon="119.650869">
        <ele>1091.164064</ele>
        <time>2026-01-21T05:32:18Z</time>
        <speed>1.617009</speed>
      </trkpt>
      <trkpt lat="29.228781" lon="119.650897">
        <ele>1085.617636</ele>
        <time>2026-01-21T05:32:31Z</time>
        <speed>0.750414</speed>
      </trkpt>
      <trkpt lat="29.228745" lon="119.650904">
        <ele>1084.750369</ele>
        <time>2026-01-21T05:32:38Z</time>
        <speed>0.460921</speed>
      </trkpt>
      <trkpt lat="29.228689" lon="119.650918">
        <ele>1085.497699</ele>
        <time>2026-01-21T05:32:43Z</time>
        <speed>1.343499</speed>
      </trkpt>
      <trkpt lat="29.228633" lon="119.650929">
        <ele>1084.269626</ele>
        <time>2026-01-21T05:32:47Z</time>
        <speed>1.440224</speed>
      </trkpt>
      <trkpt lat="29.228578" lon="119.650935">
        <ele>1082.926477</ele>
        <time>2026-01-21T05:32:51Z</time>
        <speed>1.617641</speed>
      </trkpt>
      <trkpt lat="29.228528" lon="119.650944">
        <ele>1081.012437</ele>
        <time>2026-01-21T05:32:55Z</time>
        <speed>0.897366</speed>
      </trkpt>
      <trkpt lat="29.228472" lon="119.650947">
        <ele>1079.779823</ele>
        <time>2026-01-21T05:33:00Z</time>
        <speed>1.007345</speed>
      </trkpt>
      <trkpt lat="29.228428" lon="119.650954">
        <ele>1078.455256</ele>
        <time>2026-01-21T05:33:04Z</time>
        <speed>0.815299</speed>
      </trkpt>
      <trkpt lat="29.228375" lon="119.650952">
        <ele>1075.563493</ele>
        <time>2026-01-21T05:33:13Z</time>
        <speed>0.503778</speed>
      </trkpt>
      <trkpt lat="29.228334" lon="119.650945">
        <ele>1075.289396</ele>
        <time>2026-01-21T05:33:20Z</time>
        <speed>0.777905</speed>
      </trkpt>
      <trkpt lat="29.228287" lon="119.65094">
        <ele>1073.984729</ele>
        <time>2026-01-21T05:33:27Z</time>
        <speed>0.875592</speed>
      </trkpt>
      <trkpt lat="29.228246" lon="119.650917">
        <ele>1073.586432</ele>
        <time>2026-01-21T05:33:33Z</time>
        <speed>0.664505</speed>
      </trkpt>
      <trkpt lat="29.228211" lon="119.650883">
        <ele>1072.836876</ele>
        <time>2026-01-21T05:33:38Z</time>
        <speed>0.764919</speed>
      </trkpt>
      <trkpt lat="29.228167" lon="119.650891">
        <ele>1071.958391</ele>
        <time>2026-01-21T05:33:45Z</time>
        <speed>0.468448</speed>
      </trkpt>
      <trkpt lat="29.22811" lon="119.650895">
        <ele>1069.95175</ele>
        <time>2026-01-21T05:33:52Z</time>
        <speed>0.986807</speed>
      </trkpt>
      <trkpt lat="29.228057" lon="119.650876">
        <ele>1067.477448</ele>
        <time>2026-01-21T05:33:59Z</time>
        <speed>0.897491</speed>
      </trkpt>
      <trkpt lat="29.228015" lon="119.650866">
        <ele>1066.10414</ele>
        <time>2026-01-21T05:34:04Z</time>
        <speed>0.80444</speed>
      </trkpt>
      <trkpt lat="29.227959" lon="119.650861">
        <ele>1064.97605</ele>
        <time>2026-01-21T05:34:10Z</time>
        <speed>0.820161</speed>
      </trkpt>
      <trkpt lat="29.227912" lon="119.650862">
        <ele>1064.133338</ele>
        <time>2026-01-21T05:34:15Z</time>
        <speed>0.589203</speed>
      </trkpt>
      <trkpt lat="29.22787" lon="119.650895">
        <ele>1062.816567</ele>
        <time>2026-01-21T05:34:26Z</time>
        <speed>0.318311</speed>
      </trkpt>
      <trkpt lat="29.227836" lon="119.650908">
        <ele>1062.383484</ele>
        <time>2026-01-21T05:34:29Z</time>
        <speed>1.806898</speed>
      </trkpt>
      <trkpt lat="29.227782" lon="119.65093">
        <ele>1061.140149</ele>
        <time>2026-01-21T05:34:35Z</time>
        <speed>0.985822</speed>
      </trkpt>
      <trkpt lat="29.227729" lon="119.650921">
        <ele>1059.401088</ele>
        <time>2026-01-21T05:34:39Z</time>
        <speed>1.229852</speed>
      </trkpt>
      <trkpt lat="29.227684" lon="119.650911">
        <ele>1058.354796</ele>
        <time>2026-01-21T05:34:44Z</time>
        <speed>1.241515</speed>
      </trkpt>
      <trkpt lat="29.227632" lon="119.650909">
        <ele>1058.138178</ele>
        <time>2026-01-21T05:34:49Z</time>
        <speed>0.888383</speed>
      </trkpt>
      <trkpt lat="29.227588" lon="119.650899">
        <ele>1056.883155</ele>
        <time>2026-01-21T05:34:53Z</time>
        <speed>1.12811</speed>
      </trkpt>
      <trkpt lat="29.227533" lon="119.650887">
        <ele>1055.246098</ele>
        <time>2026-01-21T05:35:00Z</time>
        <speed>0.717421</speed>
      </trkpt>
      <trkpt lat="29.22748" lon="119.650886">
        <ele>1053.760426</ele>
        <time>2026-01-21T05:35:08Z</time>
        <speed>1.356775</speed>
      </trkpt>
      <trkpt lat="29.227443" lon="119.65088">
        <ele>1051.72251</ele>
        <time>2026-01-21T05:35:11Z</time>
        <speed>1.254395</speed>
      </trkpt>
      <trkpt lat="29.227391" lon="119.650865">
        <ele>1049.575508</ele>
        <time>2026-01-21T05:35:14Z</time>
        <speed>1.574887</speed>
      </trkpt>
      <trkpt lat="29.227346" lon="119.65086">
        <ele>1048.023</ele>
        <time>2026-01-21T05:35:16Z</time>
        <speed>1.339496</speed>
      </trkpt>
      <trkpt lat="29.227291" lon="119.650854">
        <ele>1045.841567</ele>
        <time>2026-01-21T05:35:18Z</time>
        <speed>2.392632</speed>
      </trkpt>
      <trkpt lat="29.227238" lon="119.650842">
        <ele>1044.174495</ele>
        <time>2026-01-21T05:35:20Z</time>
        <speed>2.335597</speed>
      </trkpt>
      <trkpt lat="29.227188" lon="119.650823">
        <ele>1042.941901</ele>
        <time>2026-01-21T05:35:22Z</time>
        <speed>2.411533</speed>
      </trkpt>
      <trkpt lat="29.227138" lon="119.650811">
        <ele>1041.783699</ele>
        <time>2026-01-21T05:35:24Z</time>
        <speed>2.293792</speed>
      </trkpt>
      <trkpt lat="29.227085" lon="119.650806">
        <ele>1041.021237</ele>
        <time>2026-01-21T05:35:26Z</time>
        <speed>2.645718</speed>
      </trkpt>
      <trkpt lat="29.227034" lon="119.650802">
        <ele>1040.281466</ele>
        <time>2026-01-21T05:35:28Z</time>
        <speed>2.564047</speed>
      </trkpt>
      <trkpt lat="29.226981" lon="119.650804">
        <ele>1039.638689</ele>
        <time>2026-01-21T05:35:30Z</time>
        <speed>3.155015</speed>
      </trkpt>
      <trkpt lat="29.226916" lon="119.650818">
        <ele>1038.262173</ele>
        <time>2026-01-21T05:35:33Z</time>
        <speed>2.105902</speed>
      </trkpt>
      <trkpt lat="29.226871" lon="119.650833">
        <ele>1037.20164</ele>
        <time>2026-01-21T05:35:35Z</time>
        <speed>3.005948</speed>
      </trkpt>
      <trkpt lat="29.22682" lon="119.650838">
        <ele>1036.35048</ele>
        <time>2026-01-21T05:35:37Z</time>
        <speed>3.093796</speed>
      </trkpt>
      <trkpt lat="29.226748" lon="119.650853">
        <ele>1035.287715</ele>
        <time>2026-01-21T05:35:41Z</time>
        <speed>1.594796</speed>
      </trkpt>
      <trkpt lat="29.226696" lon="119.650866">
        <ele>1034.045556</ele>
        <time>2026-01-21T05:35:45Z</time>
        <speed>1.547861</speed>
      </trkpt>
      <trkpt lat="29.226656" lon="119.650864">
        <ele>1032.780694</ele>
        <time>2026-01-21T05:35:48Z</time>
        <speed>2.072778</speed>
      </trkpt>
      <trkpt lat="29.226609" lon="119.650866">
        <ele>1031.372597</ele>
        <time>2026-01-21T05:35:52Z</time>
        <speed>1.289571</speed>
      </trkpt>
      <trkpt lat="29.226569" lon="119.650856">
        <ele>1030.47017</ele>
        <time>2026-01-21T05:35:55Z</time>
        <speed>1.991436</speed>
      </trkpt>
      <trkpt lat="29.226522" lon="119.650827">
        <ele>1028.495897</ele>
        <time>2026-01-21T05:35:59Z</time>
        <speed>1.472036</speed>
      </trkpt>
      <trkpt lat="29.226469" lon="119.65079">
        <ele>1027.456879</ele>
        <time>2026-01-21T05:36:04Z</time>
        <speed>1.264472</speed>
      </trkpt>
      <trkpt lat="29.22643" lon="119.650785">
        <ele>1026.721199</ele>
        <time>2026-01-21T05:36:07Z</time>
        <speed>1.608107</speed>
      </trkpt>
      <trkpt lat="29.226381" lon="119.650793">
        <ele>1026.464566</ele>
        <time>2026-01-21T05:36:11Z</time>
        <speed>1.759206</speed>
      </trkpt>
      <trkpt lat="29.226339" lon="119.650797">
        <ele>1025.974528</ele>
        <time>2026-01-21T05:36:14Z</time>
        <speed>1.906531</speed>
      </trkpt>
      <trkpt lat="29.22629" lon="119.650811">
        <ele>1025.513028</ele>
        <time>2026-01-21T05:36:18Z</time>
        <speed>1.653281</speed>
      </trkpt>
      <trkpt lat="29.226244" lon="119.650829">
        <ele>1025.43828</ele>
        <time>2026-01-21T05:36:21Z</time>
        <speed>1.959526</speed>
      </trkpt>
      <trkpt lat="29.226196" lon="119.650846">
        <ele>1025.064787</ele>
        <time>2026-01-21T05:36:24Z</time>
        <speed>1.650564</speed>
      </trkpt>
      <trkpt lat="29.226149" lon="119.650862">
        <ele>1024.336666</ele>
        <time>2026-01-21T05:36:27Z</time>
        <speed>1.574494</speed>
      </trkpt>
      <trkpt lat="29.226093" lon="119.650881">
        <ele>1024.110557</ele>
        <time>2026-01-21T05:36:31Z</time>
        <speed>1.556351</speed>
      </trkpt>
      <trkpt lat="29.226037" lon="119.650897">
        <ele>1023.241726</ele>
        <time>2026-01-21T05:36:35Z</time>
        <speed>1.685689</speed>
      </trkpt>
      <trkpt lat="29.225994" lon="119.650909">
        <ele>1022.930275</ele>
        <time>2026-01-21T05:36:38Z</time>
        <speed>1.809384</speed>
      </trkpt>
      <trkpt lat="29.225937" lon="119.650916">
        <ele>1022.061888</ele>
        <time>2026-01-21T05:36:42Z</time>
        <speed>1.793669</speed>
      </trkpt>
      <trkpt lat="29.22588" lon="119.650928">
        <ele>1022.449846</ele>
        <time>2026-01-21T05:36:46Z</time>
        <speed>1.82534</speed>
      </trkpt>
      <trkpt lat="29.225827" lon="119.650943">
        <ele>1022.722532</ele>
        <time>2026-01-21T05:36:50Z</time>
        <speed>1.684522</speed>
      </trkpt>
      <trkpt lat="29.225768" lon="119.650948">
        <ele>1022.355612</ele>
        <time>2026-01-21T05:36:56Z</time>
        <speed>1.011644</speed>
      </trkpt>
      <trkpt lat="29.22572" lon="119.650946">
        <ele>1020.445422</ele>
        <time>2026-01-21T05:37:02Z</time>
        <speed>0.88682</speed>
      </trkpt>
      <trkpt lat="29.225674" lon="119.650954">
        <ele>1020.572012</ele>
        <time>2026-01-21T05:37:06Z</time>
        <speed>1.487541</speed>
      </trkpt>
      <trkpt lat="29.225616" lon="119.650959">
        <ele>1022.752289</ele>
        <time>2026-01-21T05:37:11Z</time>
        <speed>0.943352</speed>
      </trkpt>
      <trkpt lat="29.225561" lon="119.650951">
        <ele>1024.716511</ele>
        <time>2026-01-21T05:37:22Z</time>
        <speed>1.154374</speed>
      </trkpt>
      <trkpt lat="29.22552" lon="119.650933">
        <ele>1024.307895</ele>
        <time>2026-01-21T05:37:27Z</time>
        <speed>1.243125</speed>
      </trkpt>
      <trkpt lat="29.225468" lon="119.650919">
        <ele>1023.890139</ele>
        <time>2026-01-21T05:37:32Z</time>
        <speed>0.986473</speed>
      </trkpt>
      <trkpt lat="29.225413" lon="119.650914">
        <ele>1023.13422</ele>
        <time>2026-01-21T05:37:37Z</time>
        <speed>1.181849</speed>
      </trkpt>
      <trkpt lat="29.225368" lon="119.650906">
        <ele>1022.534223</ele>
        <time>2026-01-21T05:37:41Z</time>
        <speed>1.29745</speed>
      </trkpt>
      <trkpt lat="29.225315" lon="119.650891">
        <ele>1021.749448</ele>
        <time>2026-01-21T05:37:46Z</time>
        <speed>1.097672</speed>
      </trkpt>
      <trkpt lat="29.225263" lon="119.650873">
        <ele>1019.836617</ele>
        <time>2026-01-21T05:37:51Z</time>
        <speed>1.15404</speed>
      </trkpt>
      <trkpt lat="29.225216" lon="119.650863">
        <ele>1019.105001</ele>
        <time>2026-01-21T05:37:55Z</time>
        <speed>1.092293</speed>
      </trkpt>
      <trkpt lat="29.22517" lon="119.650843">
        <ele>1017.65738</ele>
        <time>2026-01-21T05:37:59Z</time>
        <speed>1.060078</speed>
      </trkpt>
      <trkpt lat="29.225121" lon="119.650837">
        <ele>1017.754426</ele>
        <time>2026-01-21T05:38:03Z</time>
        <speed>0.991363</speed>
      </trkpt>
      <trkpt lat="29.225069" lon="119.650848">
        <ele>1016.329429</ele>
        <time>2026-01-21T05:38:07Z</time>
        <speed>1.103009</speed>
      </trkpt>
      <trkpt lat="29.22502" lon="119.65087">
        <ele>1015.190977</ele>
        <time>2026-01-21T05:38:11Z</time>
        <speed>1.248409</speed>
      </trkpt>
      <trkpt lat="29.224979" lon="119.650886">
        <ele>1014.456909</ele>
        <time>2026-01-21T05:38:14Z</time>
        <speed>1.380215</speed>
      </trkpt>
      <trkpt lat="29.224936" lon="119.65091">
        <ele>1014.064855</ele>
        <time>2026-01-21T05:38:17Z</time>
        <speed>1.763564</speed>
      </trkpt>
      <trkpt lat="29.224896" lon="119.650943">
        <ele>1013.704964</ele>
        <time>2026-01-21T05:38:20Z</time>
        <speed>1.904078</speed>
      </trkpt>
      <trkpt lat="29.224853" lon="119.650972">
        <ele>1012.801346</ele>
        <time>2026-01-21T05:38:23Z</time>
        <speed>1.908435</speed>
      </trkpt>
      <trkpt lat="29.224805" lon="119.650984">
        <ele>1011.344877</ele>
        <time>2026-01-21T05:38:26Z</time>
        <speed>1.781527</speed>
      </trkpt>
      <trkpt lat="29.224757" lon="119.650996">
        <ele>1010.259578</ele>
        <time>2026-01-21T05:38:29Z</time>
        <speed>1.780197</speed>
      </trkpt>
      <trkpt lat="29.224709" lon="119.651025">
        <ele>1009.317166</ele>
        <time>2026-01-21T05:38:33Z</time>
        <speed>1.663452</speed>
      </trkpt>
      <trkpt lat="29.224675" lon="119.65107">
        <ele>1007.110288</ele>
        <time>2026-01-21T05:38:37Z</time>
        <speed>1.554028</speed>
      </trkpt>
      <trkpt lat="29.224636" lon="119.65106">
        <ele>1002.450176</ele>
        <time>2026-01-21T05:40:10Z</time>
        <speed>0.759093</speed>
      </trkpt>
      <trkpt lat="29.224613" lon="119.651035">
        <ele>1002.968444</ele>
        <time>2026-01-21T05:40:15Z</time>
        <speed>1.185385</speed>
      </trkpt>
      <trkpt lat="29.224555" lon="119.651015">
        <ele>1003.832107</ele>
        <time>2026-01-21T05:40:22Z</time>
        <speed>0.871325</speed>
      </trkpt>
      <trkpt lat="29.224584" lon="119.651047">
        <ele>1004.015853</ele>
        <time>2026-01-21T05:40:31Z</time>
        <speed>0.099186</speed>
      </trkpt>
      <trkpt lat="29.224626" lon="119.651079">
        <ele>1003.0266</ele>
        <time>2026-01-21T05:40:35Z</time>
        <speed>0.101386</speed>
      </trkpt>
      <trkpt lat="29.224637" lon="119.651149">
        <ele>1000.402664</ele>
        <time>2026-01-21T05:41:04Z</time>
        <speed>0.093011</speed>
      </trkpt>
      <trkpt lat="29.22459" lon="119.651168">
        <ele>1000.222371</ele>
        <time>2026-01-21T05:41:16Z</time>
        <speed>1.069366</speed>
      </trkpt>
      <trkpt lat="29.224546" lon="119.651176">
        <ele>1001.163355</ele>
        <time>2026-01-21T05:41:21Z</time>
        <speed>0.989734</speed>
      </trkpt>
      <trkpt lat="29.224498" lon="119.651187">
        <ele>1001.470919</ele>
        <time>2026-01-21T05:41:25Z</time>
        <speed>0.999481</speed>
      </trkpt>
      <trkpt lat="29.224438" lon="119.651195">
        <ele>1001.659919</ele>
        <time>2026-01-21T05:41:31Z</time>
        <speed>1.082078</speed>
      </trkpt>
      <trkpt lat="29.224394" lon="119.651197">
        <ele>1000.592895</ele>
        <time>2026-01-21T05:41:35Z</time>
        <speed>1.161707</speed>
      </trkpt>
      <trkpt lat="29.224347" lon="119.65121">
        <ele>998.195308</ele>
        <time>2026-01-21T05:41:40Z</time>
        <speed>1.140329</speed>
      </trkpt>
      <trkpt lat="29.224297" lon="119.651228">
        <ele>995.619005</ele>
        <time>2026-01-21T05:41:46Z</time>
        <speed>0.899696</speed>
      </trkpt>
      <trkpt lat="29.224248" lon="119.651233">
        <ele>993.323423</ele>
        <time>2026-01-21T05:41:51Z</time>
        <speed>1.102728</speed>
      </trkpt>
      <trkpt lat="29.224199" lon="119.651247">
        <ele>991.167245</ele>
        <time>2026-01-21T05:41:57Z</time>
        <speed>1.13553</speed>
      </trkpt>
      <trkpt lat="29.224151" lon="119.651271">
        <ele>990.435177</ele>
        <time>2026-01-21T05:42:02Z</time>
        <speed>1.156991</speed>
      </trkpt>
      <trkpt lat="29.224108" lon="119.651292">
        <ele>989.857123</ele>
        <time>2026-01-21T05:42:06Z</time>
        <speed>1.109198</speed>
      </trkpt>
      <trkpt lat="29.22406" lon="119.651317">
        <ele>989.097137</ele>
        <time>2026-01-21T05:42:11Z</time>
        <speed>0.935905</speed>
      </trkpt>
      <trkpt lat="29.224018" lon="119.651336">
        <ele>988.849015</ele>
        <time>2026-01-21T05:42:15Z</time>
        <speed>1.194182</speed>
      </trkpt>
      <trkpt lat="29.223967" lon="119.651363">
        <ele>987.739146</ele>
        <time>2026-01-21T05:42:20Z</time>
        <speed>1.240791</speed>
      </trkpt>
      <trkpt lat="29.223916" lon="119.651385">
        <ele>986.767043</ele>
        <time>2026-01-21T05:42:37Z</time>
        <speed>0.857656</speed>
      </trkpt>
      <trkpt lat="29.223882" lon="119.651381">
        <ele>986.612384</ele>
        <time>2026-01-21T05:42:42Z</time>
        <speed>0.791866</speed>
      </trkpt>
      <trkpt lat="29.223833" lon="119.651373">
        <ele>985.755564</ele>
        <time>2026-01-21T05:42:46Z</time>
        <speed>1.244717</speed>
      </trkpt>
      <trkpt lat="29.223775" lon="119.651357">
        <ele>985.20385</ele>
        <time>2026-01-21T05:42:51Z</time>
        <speed>1.299847</speed>
      </trkpt>
      <trkpt lat="29.223732" lon="119.651345">
        <ele>985.232631</ele>
        <time>2026-01-21T05:42:54Z</time>
        <speed>1.402339</speed>
      </trkpt>
      <trkpt lat="29.223675" lon="119.651356">
        <ele>984.930919</ele>
        <time>2026-01-21T05:42:58Z</time>
        <speed>1.567032</speed>
      </trkpt>
      <trkpt lat="29.223619" lon="119.651384">
        <ele>984.97403</ele>
        <time>2026-01-21T05:43:02Z</time>
        <speed>1.381683</speed>
      </trkpt>
      <trkpt lat="29.223577" lon="119.651412">
        <ele>985.215873</ele>
        <time>2026-01-21T05:43:05Z</time>
        <speed>1.278825</speed>
      </trkpt>
      <trkpt lat="29.223527" lon="119.651447">
        <ele>985.400385</ele>
        <time>2026-01-21T05:43:10Z</time>
        <speed>1.311013</speed>
      </trkpt>
      <trkpt lat="29.223477" lon="119.651452">
        <ele>985.800307</ele>
        <time>2026-01-21T05:43:14Z</time>
        <speed>1.159334</speed>
      </trkpt>
      <trkpt lat="29.223426" lon="119.651446">
        <ele>985.286409</ele>
        <time>2026-01-21T05:43:18Z</time>
        <speed>1.387821</speed>
      </trkpt>
      <trkpt lat="29.223385" lon="119.651409">
        <ele>984.365227</ele>
        <time>2026-01-21T05:43:22Z</time>
        <speed>1.167592</speed>
      </trkpt>
      <trkpt lat="29.223345" lon="119.651392">
        <ele>983.792851</ele>
        <time>2026-01-21T05:43:25Z</time>
        <speed>1.326694</speed>
      </trkpt>
      <trkpt lat="29.223302" lon="119.651396">
        <ele>983.874938</ele>
        <time>2026-01-21T05:43:28Z</time>
        <speed>1.692127</speed>
      </trkpt>
      <trkpt lat="29.22326" lon="119.651436">
        <ele>984.025138</ele>
        <time>2026-01-21T05:43:32Z</time>
        <speed>1.396244</speed>
      </trkpt>
      <trkpt lat="29.223231" lon="119.651496">
        <ele>984.517395</ele>
        <time>2026-01-21T05:43:36Z</time>
        <speed>1.617893</speed>
      </trkpt>
      <trkpt lat="29.223212" lon="119.651564">
        <ele>983.983568</ele>
        <time>2026-01-21T05:43:41Z</time>
        <speed>0.96636</speed>
      </trkpt>
      <trkpt lat="29.22318" lon="119.65162">
        <ele>983.341605</ele>
        <time>2026-01-21T05:43:47Z</time>
        <speed>1.03196</speed>
      </trkpt>
      <trkpt lat="29.223148" lon="119.651656">
        <ele>983.564916</ele>
        <time>2026-01-21T05:43:51Z</time>
        <speed>1.184626</speed>
      </trkpt>
      <trkpt lat="29.223106" lon="119.651689">
        <ele>982.886574</ele>
        <time>2026-01-21T05:43:56Z</time>
        <speed>1.076475</speed>
      </trkpt>
      <trkpt lat="29.223065" lon="119.651726">
        <ele>982.125465</ele>
        <time>2026-01-21T05:44:01Z</time>
        <speed>1.072284</speed>
      </trkpt>
      <trkpt lat="29.223018" lon="119.651758">
        <ele>980.132521</ele>
        <time>2026-01-21T05:44:07Z</time>
        <speed>0.725392</speed>
      </trkpt>
      <trkpt lat="29.222973" lon="119.651774">
        <ele>979.001561</ele>
        <time>2026-01-21T05:44:15Z</time>
        <speed>0.747745</speed>
      </trkpt>
      <trkpt lat="29.222971" lon="119.651827">
        <ele>978.728999</ele>
        <time>2026-01-21T05:44:41Z</time>
        <speed>1.057205</speed>
      </trkpt>
      <trkpt lat="29.222972" lon="119.651876">
        <ele>978.680082</ele>
        <time>2026-01-21T05:44:46Z</time>
        <speed>1.175729</speed>
      </trkpt>
      <trkpt lat="29.222961" lon="119.651936">
        <ele>978.741706</ele>
        <time>2026-01-21T05:44:51Z</time>
        <speed>0.834894</speed>
      </trkpt>
      <trkpt lat="29.222942" lon="119.651987">
        <ele>979.112979</ele>
        <time>2026-01-21T05:44:55Z</time>
        <speed>1.186801</speed>
      </trkpt>
      <trkpt lat="29.222918" lon="119.652038">
        <ele>979.613314</ele>
        <time>2026-01-21T05:44:59Z</time>
        <speed>1.256201</speed>
      </trkpt>
      <trkpt lat="29.222887" lon="119.652092">
        <ele>980.388364</ele>
        <time>2026-01-21T05:45:03Z</time>
        <speed>1.48116</speed>
      </trkpt>
      <trkpt lat="29.222849" lon="119.652136">
        <ele>980.053721</ele>
        <time>2026-01-21T05:45:07Z</time>
        <speed>1.396051</speed>
      </trkpt>
      <trkpt lat="29.222815" lon="119.652182">
        <ele>979.253574</ele>
        <time>2026-01-21T05:45:11Z</time>
        <speed>1.419852</speed>
      </trkpt>
      <trkpt lat="29.222802" lon="119.652226">
        <ele>978.365258</ele>
        <time>2026-01-21T05:45:15Z</time>
        <speed>1.469927</speed>
      </trkpt>
      <trkpt lat="29.222784" lon="119.652288">
        <ele>977.499454</ele>
        <time>2026-01-21T05:45:19Z</time>
        <speed>1.579062</speed>
      </trkpt>
      <trkpt lat="29.222768" lon="119.652353">
        <ele>977.063226</ele>
        <time>2026-01-21T05:45:23Z</time>
        <speed>1.511127</speed>
      </trkpt>
      <trkpt lat="29.222758" lon="119.65242">
        <ele>977.059335</ele>
        <time>2026-01-21T05:45:27Z</time>
        <speed>1.517833</speed>
      </trkpt>
      <trkpt lat="29.222756" lon="119.652484">
        <ele>977.337093</ele>
        <time>2026-01-21T05:45:31Z</time>
        <speed>1.510499</speed>
      </trkpt>
      <trkpt lat="29.222752" lon="119.652545">
        <ele>977.587278</ele>
        <time>2026-01-21T05:45:35Z</time>
        <speed>1.440208</speed>
      </trkpt>
      <trkpt lat="29.222749" lon="119.652607">
        <ele>977.729116</ele>
        <time>2026-01-21T05:45:39Z</time>
        <speed>1.510431</speed>
      </trkpt>
      <trkpt lat="29.222755" lon="119.652667">
        <ele>978.475808</ele>
        <time>2026-01-21T05:45:43Z</time>
        <speed>1.524007</speed>
      </trkpt>
      <trkpt lat="29.222753" lon="119.652721">
        <ele>979.58622</ele>
        <time>2026-01-21T05:45:47Z</time>
        <speed>0.986615</speed>
      </trkpt>
      <trkpt lat="29.222751" lon="119.652773">
        <ele>980.591309</ele>
        <time>2026-01-21T05:45:51Z</time>
        <speed>1.308829</speed>
      </trkpt>
      <trkpt lat="29.22274" lon="119.652824">
        <ele>981.660827</ele>
        <time>2026-01-21T05:45:55Z</time>
        <speed>1.256309</speed>
      </trkpt>
      <trkpt lat="29.222719" lon="119.652879">
        <ele>981.749259</ele>
        <time>2026-01-21T05:46:00Z</time>
        <speed>0.996946</speed>
      </trkpt>
      <trkpt lat="29.222691" lon="119.652924">
        <ele>981.215706</ele>
        <time>2026-01-21T05:46:04Z</time>
        <speed>1.183619</speed>
      </trkpt>
      <trkpt lat="29.222672" lon="119.652972">
        <ele>980.587263</ele>
        <time>2026-01-21T05:46:08Z</time>
        <speed>1.117706</speed>
      </trkpt>
      <trkpt lat="29.22266" lon="119.653027">
        <ele>980.155276</ele>
        <time>2026-01-21T05:46:12Z</time>
        <speed>1.447616</speed>
      </trkpt>
      <trkpt lat="29.222648" lon="119.653084">
        <ele>979.524081</ele>
        <time>2026-01-21T05:46:16Z</time>
        <speed>1.5444</speed>
      </trkpt>
      <trkpt lat="29.222637" lon="119.653147">
        <ele>979.477161</ele>
        <time>2026-01-21T05:46:20Z</time>
        <speed>1.545133</speed>
      </trkpt>
      <trkpt lat="29.222622" lon="119.653212">
        <ele>980.172953</ele>
        <time>2026-01-21T05:46:24Z</time>
        <speed>1.535737</speed>
      </trkpt>
      <trkpt lat="29.222614" lon="119.653276">
        <ele>980.848499</ele>
        <time>2026-01-21T05:46:28Z</time>
        <speed>1.555246</speed>
      </trkpt>
      <trkpt lat="29.222608" lon="119.653338">
        <ele>980.883565</ele>
        <time>2026-01-21T05:46:31Z</time>
        <speed>1.532121</speed>
      </trkpt>
      <trkpt lat="29.222599" lon="119.653395">
        <ele>980.783337</ele>
        <time>2026-01-21T05:46:35Z</time>
        <speed>1.52873</speed>
      </trkpt>
      <trkpt lat="29.222595" lon="119.653459">
        <ele>979.990128</ele>
        <time>2026-01-21T05:46:40Z</time>
        <speed>1.056257</speed>
      </trkpt>
      <trkpt lat="29.222593" lon="119.653524">
        <ele>979.807692</ele>
        <time>2026-01-21T05:46:46Z</time>
        <speed>1.233814</speed>
      </trkpt>
      <trkpt lat="29.222584" lon="119.653573">
        <ele>980.230722</ele>
        <time>2026-01-21T05:46:50Z</time>
        <speed>1.280254</speed>
      </trkpt>
      <trkpt lat="29.22256" lon="119.653626">
        <ele>980.766004</ele>
        <time>2026-01-21T05:46:55Z</time>
        <speed>0.659839</speed>
      </trkpt>
      <trkpt lat="29.222525" lon="119.653675">
        <ele>980.069703</ele>
        <time>2026-01-21T05:47:01Z</time>
        <speed>1.1172</speed>
      </trkpt>
      <trkpt lat="29.222498" lon="119.653719">
        <ele>979.925524</ele>
        <time>2026-01-21T05:47:05Z</time>
        <speed>1.46068</speed>
      </trkpt>
      <trkpt lat="29.222472" lon="119.653778">
        <ele>978.278977</ele>
        <time>2026-01-21T05:47:11Z</time>
        <speed>0.985567</speed>
      </trkpt>
      <trkpt lat="29.222458" lon="119.653832">
        <ele>976.680846</ele>
        <time>2026-01-21T05:47:16Z</time>
        <speed>0.916594</speed>
      </trkpt>
      <trkpt lat="29.222439" lon="119.653882">
        <ele>975.58495</ele>
        <time>2026-01-21T05:47:22Z</time>
        <speed>0.869652</speed>
      </trkpt>
      <trkpt lat="29.222404" lon="119.653854">
        <ele>974.247595</ele>
        <time>2026-01-21T05:47:34Z</time>
        <speed>0.042284</speed>
      </trkpt>
      <trkpt lat="29.222416" lon="119.653892">
        <ele>974.054632</ele>
        <time>2026-01-21T05:47:42Z</time>
        <speed>0.883703</speed>
      </trkpt>
      <trkpt lat="29.222417" lon="119.653942">
        <ele>973.276337</ele>
        <time>2026-01-21T05:47:46Z</time>
        <speed>0.941863</speed>
      </trkpt>
      <trkpt lat="29.222424" lon="119.654001">
        <ele>973.013031</ele>
        <time>2026-01-21T05:47:50Z</time>
        <speed>1.246148</speed>
      </trkpt>
      <trkpt lat="29.222425" lon="119.654071">
        <ele>974.708117</ele>
        <time>2026-01-21T05:47:57Z</time>
        <speed>0.892268</speed>
      </trkpt>
      <trkpt lat="29.222405" lon="119.654126">
        <ele>976.37041</ele>
        <time>2026-01-21T05:48:01Z</time>
        <speed>1.54131</speed>
      </trkpt>
      <trkpt lat="29.222388" lon="119.654187">
        <ele>977.62908</ele>
        <time>2026-01-21T05:48:05Z</time>
        <speed>1.435452</speed>
      </trkpt>
      <trkpt lat="29.222372" lon="119.654251">
        <ele>978.298643</ele>
        <time>2026-01-21T05:48:09Z</time>
        <speed>1.401517</speed>
      </trkpt>
      <trkpt lat="29.22237" lon="119.654316">
        <ele>976.849813</ele>
        <time>2026-01-21T05:48:14Z</time>
        <speed>0.952408</speed>
      </trkpt>
      <trkpt lat="29.222393" lon="119.654358">
        <ele>975.846805</ele>
        <time>2026-01-21T05:48:18Z</time>
        <speed>1.245531</speed>
      </trkpt>
      <trkpt lat="29.222403" lon="119.654418">
        <ele>975.66231</ele>
        <time>2026-01-21T05:48:23Z</time>
        <speed>1.27312</speed>
      </trkpt>
      <trkpt lat="29.222385" lon="119.654464">
        <ele>975.876432</ele>
        <time>2026-01-21T05:48:27Z</time>
        <speed>1.013085</speed>
      </trkpt>
      <trkpt lat="29.222358" lon="119.654509">
        <ele>975.669184</ele>
        <time>2026-01-21T05:48:31Z</time>
        <speed>1.292085</speed>
      </trkpt>
      <trkpt lat="29.222311" lon="119.654555">
        <ele>973.845891</ele>
        <time>2026-01-21T05:48:36Z</time>
        <speed>1.521469</speed>
      </trkpt>
      <trkpt lat="29.222267" lon="119.654589">
        <ele>973.110195</ele>
        <time>2026-01-21T05:48:40Z</time>
        <speed>1.456444</speed>
      </trkpt>
      <trkpt lat="29.222221" lon="119.654626">
        <ele>972.378324</ele>
        <time>2026-01-21T05:48:44Z</time>
        <speed>1.576834</speed>
      </trkpt>
      <trkpt lat="29.222168" lon="119.654652">
        <ele>971.199587</ele>
        <time>2026-01-21T05:48:48Z</time>
        <speed>1.548703</speed>
      </trkpt>
      <trkpt lat="29.222112" lon="119.654669">
        <ele>970.126416</ele>
        <time>2026-01-21T05:48:52Z</time>
        <speed>1.421481</speed>
      </trkpt>
      <trkpt lat="29.222057" lon="119.654663">
        <ele>969.828721</ele>
        <time>2026-01-21T05:48:56Z</time>
        <speed>1.274212</speed>
      </trkpt>
      <trkpt lat="29.222007" lon="119.654635">
        <ele>969.77982</ele>
        <time>2026-01-21T05:48:59Z</time>
        <speed>1.421359</speed>
      </trkpt>
      <trkpt lat="29.22196" lon="119.654652">
        <ele>966.54612</ele>
        <time>2026-01-21T05:49:20Z</time>
        <speed>0.829403</speed>
      </trkpt>
      <trkpt lat="29.22194" lon="119.65469">
        <ele>965.983468</ele>
        <time>2026-01-21T05:49:26Z</time>
        <speed>1.248468</speed>
      </trkpt>
      <trkpt lat="29.2219" lon="119.654737">
        <ele>965.64697</ele>
        <time>2026-01-21T05:49:31Z</time>
        <speed>1.420915</speed>
      </trkpt>
      <trkpt lat="29.221869" lon="119.654781">
        <ele>965.570461</ele>
        <time>2026-01-21T05:49:35Z</time>
        <speed>1.154595</speed>
      </trkpt>
      <trkpt lat="29.221851" lon="119.654832">
        <ele>965.9675</ele>
        <time>2026-01-21T05:49:39Z</time>
        <speed>1.406017</speed>
      </trkpt>
      <trkpt lat="29.221831" lon="119.654893">
        <ele>965.980402</ele>
        <time>2026-01-21T05:49:44Z</time>
        <speed>1.130794</speed>
      </trkpt>
      <trkpt lat="29.221798" lon="119.654926">
        <ele>966.247775</ele>
        <time>2026-01-21T05:49:48Z</time>
        <speed>0.871803</speed>
      </trkpt>
      <trkpt lat="29.221763" lon="119.654971">
        <ele>965.368503</ele>
        <time>2026-01-21T05:49:53Z</time>
        <speed>0.919967</speed>
      </trkpt>
      <trkpt lat="29.221714" lon="119.654981">
        <ele>967.625354</ele>
        <time>2026-01-21T05:50:12Z</time>
        <speed>0.116731</speed>
      </trkpt>
      <trkpt lat="29.221677" lon="119.654955">
        <ele>967.73525</ele>
        <time>2026-01-21T05:50:18Z</time>
        <speed>0.422079</speed>
      </trkpt>
      <trkpt lat="29.221644" lon="119.654923">
        <ele>966.908696</ele>
        <time>2026-01-21T05:50:22Z</time>
        <speed>1.24737</speed>
      </trkpt>
      <trkpt lat="29.221605" lon="119.654938">
        <ele>963.850936</ele>
        <time>2026-01-21T05:50:28Z</time>
        <speed>0.800832</speed>
      </trkpt>
      <trkpt lat="29.221584" lon="119.654984">
        <ele>961.884559</ele>
        <time>2026-01-21T05:50:32Z</time>
        <speed>1.450785</speed>
      </trkpt>
      <trkpt lat="29.221558" lon="119.655042">
        <ele>960.251161</ele>
        <time>2026-01-21T05:50:37Z</time>
        <speed>0.801936</speed>
      </trkpt>
      <trkpt lat="29.221537" lon="119.655102">
        <ele>959.995498</ele>
        <time>2026-01-21T05:50:41Z</time>
        <speed>1.489908</speed>
      </trkpt>
      <trkpt lat="29.221508" lon="119.655152">
        <ele>960.47872</ele>
        <time>2026-01-21T05:50:44Z</time>
        <speed>1.930947</speed>
      </trkpt>
      <trkpt lat="29.221467" lon="119.655201">
        <ele>960.784634</ele>
        <time>2026-01-21T05:50:48Z</time>
        <speed>1.307213</speed>
      </trkpt>
      <trkpt lat="29.221427" lon="119.655241">
        <ele>960.910226</ele>
        <time>2026-01-21T05:50:52Z</time>
        <speed>1.289358</speed>
      </trkpt>
      <trkpt lat="29.221386" lon="119.655278">
        <ele>961.661735</ele>
        <time>2026-01-21T05:50:56Z</time>
        <speed>1.188924</speed>
      </trkpt>
      <trkpt lat="29.221349" lon="119.655311">
        <ele>962.734689</ele>
        <time>2026-01-21T05:51:00Z</time>
        <speed>0.977838</speed>
      </trkpt>
      <trkpt lat="29.221316" lon="119.655339">
        <ele>963.199166</ele>
        <time>2026-01-21T05:51:03Z</time>
        <speed>1.456287</speed>
      </trkpt>
      <trkpt lat="29.221275" lon="119.655355">
        <ele>962.784384</ele>
        <time>2026-01-21T05:51:06Z</time>
        <speed>1.518843</speed>
      </trkpt>
      <trkpt lat="29.221223" lon="119.655361">
        <ele>962.71372</ele>
        <time>2026-01-21T05:51:10Z</time>
        <speed>1.125302</speed>
      </trkpt>
      <trkpt lat="29.221224" lon="119.655311">
        <ele>961.604087</ele>
        <time>2026-01-21T05:51:18Z</time>
        <speed>0.109618</speed>
      </trkpt>
      <trkpt lat="29.221243" lon="119.655246">
        <ele>961.783585</ele>
        <time>2026-01-21T05:51:22Z</time>
        <speed>0.917576</speed>
      </trkpt>
      <trkpt lat="29.221257" lon="119.655192">
        <ele>962.089793</ele>
        <time>2026-01-21T05:51:25Z</time>
        <speed>1.452301</speed>
      </trkpt>
      <trkpt lat="29.221269" lon="119.655125">
        <ele>962.464451</ele>
        <time>2026-01-21T05:51:29Z</time>
        <speed>1.504862</speed>
      </trkpt>
      <trkpt lat="29.221268" lon="119.655057">
        <ele>963.109897</ele>
        <time>2026-01-21T05:51:33Z</time>
        <speed>1.517616</speed>
      </trkpt>
      <trkpt lat="29.221278" lon="119.654996">
        <ele>963.463303</ele>
        <time>2026-01-21T05:51:37Z</time>
        <speed>1.505403</speed>
      </trkpt>
      <trkpt lat="29.221283" lon="119.654942">
        <ele>963.793844</ele>
        <time>2026-01-21T05:51:41Z</time>
        <speed>1.131488</speed>
      </trkpt>
      <trkpt lat="29.221278" lon="119.654889">
        <ele>965.548619</ele>
        <time>2026-01-21T05:51:45Z</time>
        <speed>1.243771</speed>
      </trkpt>
      <trkpt lat="29.221243" lon="119.654859">
        <ele>966.154513</ele>
        <time>2026-01-21T05:51:49Z</time>
        <speed>1.236867</speed>
      </trkpt>
      <trkpt lat="29.22127" lon="119.654852">
        <ele>968.914593</ele>
        <time>2026-01-21T05:52:01Z</time>
        <speed>0.800176</speed>
      </trkpt>
      <trkpt lat="29.221247" lon="119.654901">
        <ele>966.976003</ele>
        <time>2026-01-21T05:52:12Z</time>
        <speed>0.052895</speed>
      </trkpt>
      <trkpt lat="29.221207" lon="119.654872">
        <ele>966.546012</ele>
        <time>2026-01-21T05:52:24Z</time>
        <speed>0.16375</speed>
      </trkpt>
      <trkpt lat="29.221163" lon="119.654861">
        <ele>967.154194</ele>
        <time>2026-01-21T05:52:29Z</time>
        <speed>0.963211</speed>
      </trkpt>
      <trkpt lat="29.221115" lon="119.654866">
        <ele>966.379718</ele>
        <time>2026-01-21T05:52:33Z</time>
        <speed>1.098989</speed>
      </trkpt>
      <trkpt lat="29.221065" lon="119.654871">
        <ele>965.965563</ele>
        <time>2026-01-21T05:52:37Z</time>
        <speed>1.338386</speed>
      </trkpt>
      <trkpt lat="29.221015" lon="119.654885">
        <ele>966.240006</ele>
        <time>2026-01-21T05:52:41Z</time>
        <speed>1.163946</speed>
      </trkpt>
      <trkpt lat="29.220965" lon="119.654907">
        <ele>966.258498</ele>
        <time>2026-01-21T05:52:45Z</time>
        <speed>1.354219</speed>
      </trkpt>
      <trkpt lat="29.220919" lon="119.654933">
        <ele>966.162178</ele>
        <time>2026-01-21T05:52:49Z</time>
        <speed>1.215479</speed>
      </trkpt>
      <trkpt lat="29.220875" lon="119.654961">
        <ele>965.828505</ele>
        <time>2026-01-21T05:52:53Z</time>
        <speed>1.446406</speed>
      </trkpt>
      <trkpt lat="29.22083" lon="119.654987">
        <ele>965.893935</ele>
        <time>2026-01-21T05:52:57Z</time>
        <speed>1.234616</speed>
      </trkpt>
      <trkpt lat="29.220782" lon="119.655017">
        <ele>966.263703</ele>
        <time>2026-01-21T05:53:02Z</time>
        <speed>1.103752</speed>
      </trkpt>
      <trkpt lat="29.220745" lon="119.655051">
        <ele>966.173522</ele>
        <time>2026-01-21T05:53:06Z</time>
        <speed>0.993224</speed>
      </trkpt>
      <trkpt lat="29.220711" lon="119.655094">
        <ele>966.234633</ele>
        <time>2026-01-21T05:53:10Z</time>
        <speed>1.188722</speed>
      </trkpt>
      <trkpt lat="29.220696" lon="119.655147">
        <ele>966.428517</ele>
        <time>2026-01-21T05:53:14Z</time>
        <speed>1.140662</speed>
      </trkpt>
      <trkpt lat="29.220677" lon="119.655207">
        <ele>967.630125</ele>
        <time>2026-01-21T05:53:19Z</time>
        <speed>1.065142</speed>
      </trkpt>
      <trkpt lat="29.220643" lon="119.655253">
        <ele>968.228201</ele>
        <time>2026-01-21T05:53:24Z</time>
        <speed>0.982188</speed>
      </trkpt>
      <trkpt lat="29.220615" lon="119.655296">
        <ele>968.535741</ele>
        <time>2026-01-21T05:53:29Z</time>
        <speed>0.94532</speed>
      </trkpt>
      <trkpt lat="29.220588" lon="119.655339">
        <ele>968.337851</ele>
        <time>2026-01-21T05:53:34Z</time>
        <speed>0.808904</speed>
      </trkpt>
      <trkpt lat="29.220543" lon="119.655374">
        <ele>969.420623</ele>
        <time>2026-01-21T05:53:43Z</time>
        <speed>1.078111</speed>
      </trkpt>
      <trkpt lat="29.220508" lon="119.655399">
        <ele>970.025225</ele>
        <time>2026-01-21T05:53:48Z</time>
        <speed>1.044088</speed>
      </trkpt>
      <trkpt lat="29.220466" lon="119.655437">
        <ele>970.53371</ele>
        <time>2026-01-21T05:53:53Z</time>
        <speed>1.345508</speed>
      </trkpt>
      <trkpt lat="29.220429" lon="119.655474">
        <ele>970.78535</ele>
        <time>2026-01-21T05:53:57Z</time>
        <speed>1.180655</speed>
      </trkpt>
      <trkpt lat="29.220393" lon="119.655516">
        <ele>971.122615</ele>
        <time>2026-01-21T05:54:01Z</time>
        <speed>1.327289</speed>
      </trkpt>
      <trkpt lat="29.220356" lon="119.655554">
        <ele>971.140321</ele>
        <time>2026-01-21T05:54:05Z</time>
        <speed>1.351376</speed>
      </trkpt>
      <trkpt lat="29.220307" lon="119.655586">
        <ele>970.958719</ele>
        <time>2026-01-21T05:54:10Z</time>
        <speed>1.201857</speed>
      </trkpt>
      <trkpt lat="29.220268" lon="119.655618">
        <ele>971.183863</ele>
        <time>2026-01-21T05:54:14Z</time>
        <speed>1.285612</speed>
      </trkpt>
      <trkpt lat="29.22023" lon="119.655649">
        <ele>971.284837</ele>
        <time>2026-01-21T05:54:18Z</time>
        <speed>1.337065</speed>
      </trkpt>
      <trkpt lat="29.22019" lon="119.655696">
        <ele>971.789397</ele>
        <time>2026-01-21T05:54:24Z</time>
        <speed>1.430905</speed>
      </trkpt>
      <trkpt lat="29.22017" lon="119.655747">
        <ele>973.725159</ele>
        <time>2026-01-21T05:54:29Z</time>
        <speed>1.455543</speed>
      </trkpt>
      <trkpt lat="29.220119" lon="119.655782">
        <ele>971.957957</ele>
        <time>2026-01-21T05:55:47Z</time>
        <speed>1.697846</speed>
      </trkpt>
      <trkpt lat="29.220096" lon="119.655797">
        <ele>972.324104</ele>
        <time>2026-01-21T05:55:51Z</time>
        <speed>1.469518</speed>
      </trkpt>
      <trkpt lat="29.220048" lon="119.655832">
        <ele>973.132068</ele>
        <time>2026-01-21T05:55:55Z</time>
        <speed>1.566062</speed>
      </trkpt>
      <trkpt lat="29.219992" lon="119.655843">
        <ele>974.684724</ele>
        <time>2026-01-21T05:55:59Z</time>
        <speed>1.454913</speed>
      </trkpt>
      <trkpt lat="29.219956" lon="119.655807">
        <ele>975.593435</ele>
        <time>2026-01-21T05:56:03Z</time>
        <speed>1.439302</speed>
      </trkpt>
      <trkpt lat="29.219958" lon="119.65576">
        <ele>975.953323</ele>
        <time>2026-01-21T05:56:05Z</time>
        <speed>1.684226</speed>
      </trkpt>
      <trkpt lat="29.219985" lon="119.655709">
        <ele>975.976118</ele>
        <time>2026-01-21T05:56:09Z</time>
        <speed>1.142518</speed>
      </trkpt>
      <trkpt lat="29.220024" lon="119.655672">
        <ele>975.694023</ele>
        <time>2026-01-21T05:56:12Z</time>
        <speed>1.809027</speed>
      </trkpt>
      <trkpt lat="29.220072" lon="119.655632">
        <ele>975.428491</ele>
        <time>2026-01-21T05:56:16Z</time>
        <speed>1.459153</speed>
      </trkpt>
      <trkpt lat="29.220119" lon="119.65559">
        <ele>975.867057</ele>
        <time>2026-01-21T05:56:31Z</time>
        <speed>0.862802</speed>
      </trkpt>
      <trkpt lat="29.220142" lon="119.655562">
        <ele>975.773639</ele>
        <time>2026-01-21T05:56:36Z</time>
        <speed>1.124941</speed>
      </trkpt>
      <trkpt lat="29.220175" lon="119.65552">
        <ele>976.279802</ele>
        <time>2026-01-21T05:56:41Z</time>
        <speed>1.254983</speed>
      </trkpt>
      <trkpt lat="29.220187" lon="119.655469">
        <ele>976.789988</ele>
        <time>2026-01-21T05:56:45Z</time>
        <speed>1.138817</speed>
      </trkpt>
      <trkpt lat="29.220201" lon="119.655408">
        <ele>977.540294</ele>
        <time>2026-01-21T05:56:50Z</time>
        <speed>1.405564</speed>
      </trkpt>
      <trkpt lat="29.220201" lon="119.655351">
        <ele>978.379402</ele>
        <time>2026-01-21T05:56:54Z</time>
        <speed>1.435468</speed>
      </trkpt>
      <trkpt lat="29.220197" lon="119.655293">
        <ele>978.186823</ele>
        <time>2026-01-21T05:56:58Z</time>
        <speed>1.238156</speed>
      </trkpt>
      <trkpt lat="29.220187" lon="119.655236">
        <ele>978.012948</ele>
        <time>2026-01-21T05:57:02Z</time>
        <speed>1.456709</speed>
      </trkpt>
      <trkpt lat="29.220152" lon="119.655194">
        <ele>978.802841</ele>
        <time>2026-01-21T05:57:07Z</time>
        <speed>0.956693</speed>
      </trkpt>
      <trkpt lat="29.220101" lon="119.655196">
        <ele>981.361229</ele>
        <time>2026-01-21T05:57:12Z</time>
        <speed>0.860495</speed>
      </trkpt>
      <trkpt lat="29.220068" lon="119.655234">
        <ele>982.793247</ele>
        <time>2026-01-21T05:57:16Z</time>
        <speed>1.030124</speed>
      </trkpt>
      <trkpt lat="29.220055" lon="119.655299">
        <ele>982.57311</ele>
        <time>2026-01-21T05:57:20Z</time>
        <speed>1.4894</speed>
      </trkpt>
      <trkpt lat="29.220051" lon="119.655369">
        <ele>981.903076</ele>
        <time>2026-01-21T05:57:24Z</time>
        <speed>1.42731</speed>
      </trkpt>
      <trkpt lat="29.220034" lon="119.655429">
        <ele>982.432168</ele>
        <time>2026-01-21T05:57:28Z</time>
        <speed>1.421931</speed>
      </trkpt>
      <trkpt lat="29.22" lon="119.655467">
        <ele>983.134656</ele>
        <time>2026-01-21T05:57:32Z</time>
        <speed>0.96068</speed>
      </trkpt>
      <trkpt lat="29.219949" lon="119.655488">
        <ele>983.581894</ele>
        <time>2026-01-21T05:57:36Z</time>
        <speed>1.641951</speed>
      </trkpt>
      <trkpt lat="29.219894" lon="119.655494">
        <ele>983.977541</ele>
        <time>2026-01-21T05:57:40Z</time>
        <speed>1.573357</speed>
      </trkpt>
      <trkpt lat="29.219836" lon="119.655504">
        <ele>984.210059</ele>
        <time>2026-01-21T05:57:44Z</time>
        <speed>1.551606</speed>
      </trkpt>
      <trkpt lat="29.219781" lon="119.655495">
        <ele>985.087057</ele>
        <time>2026-01-21T05:57:49Z</time>
        <speed>1.482635</speed>
      </trkpt>
      <trkpt lat="29.219725" lon="119.655473">
        <ele>985.99471</ele>
        <time>2026-01-21T05:57:55Z</time>
        <speed>1.566857</speed>
      </trkpt>
      <trkpt lat="29.219688" lon="119.655422">
        <ele>985.791885</ele>
        <time>2026-01-21T05:58:02Z</time>
        <speed>1.129057</speed>
      </trkpt>
      <trkpt lat="29.219663" lon="119.655383">
        <ele>985.701949</ele>
        <time>2026-01-21T05:58:06Z</time>
        <speed>1.26275</speed>
      </trkpt>
      <trkpt lat="29.219629" lon="119.655337">
        <ele>985.802892</ele>
        <time>2026-01-21T05:58:10Z</time>
        <speed>1.636924</speed>
      </trkpt>
      <trkpt lat="29.21959" lon="119.655292">
        <ele>985.888783</ele>
        <time>2026-01-21T05:58:14Z</time>
        <speed>1.600331</speed>
      </trkpt>
      <trkpt lat="29.219546" lon="119.65526">
        <ele>985.759277</ele>
        <time>2026-01-21T05:58:18Z</time>
        <speed>1.236266</speed>
      </trkpt>
      <trkpt lat="29.219499" lon="119.655241">
        <ele>985.659342</ele>
        <time>2026-01-21T05:58:22Z</time>
        <speed>1.001464</speed>
      </trkpt>
      <trkpt lat="29.219444" lon="119.655219">
        <ele>985.642327</ele>
        <time>2026-01-21T05:58:26Z</time>
        <speed>1.905445</speed>
      </trkpt>
      <trkpt lat="29.219394" lon="119.655197">
        <ele>986.049309</ele>
        <time>2026-01-21T05:58:30Z</time>
        <speed>1.387348</speed>
      </trkpt>
      <trkpt lat="29.219348" lon="119.655168">
        <ele>986.777363</ele>
        <time>2026-01-21T05:58:34Z</time>
        <speed>1.361155</speed>
      </trkpt>
      <trkpt lat="29.219307" lon="119.655126">
        <ele>986.849914</ele>
        <time>2026-01-21T05:58:37Z</time>
        <speed>1.700675</speed>
      </trkpt>
      <trkpt lat="29.219276" lon="119.655079">
        <ele>986.636114</ele>
        <time>2026-01-21T05:58:41Z</time>
        <speed>1.389211</speed>
      </trkpt>
      <trkpt lat="29.219257" lon="119.655027">
        <ele>986.578663</ele>
        <time>2026-01-21T05:58:45Z</time>
        <speed>1.004877</speed>
      </trkpt>
      <trkpt lat="29.219242" lon="119.654972">
        <ele>986.862173</ele>
        <time>2026-01-21T05:58:49Z</time>
        <speed>1.217389</speed>
      </trkpt>
      <trkpt lat="29.21921" lon="119.654917">
        <ele>986.690917</ele>
        <time>2026-01-21T05:58:54Z</time>
        <speed>1.461647</speed>
      </trkpt>
      <trkpt lat="29.219173" lon="119.654876">
        <ele>986.598032</ele>
        <time>2026-01-21T05:58:58Z</time>
        <speed>1.555549</speed>
      </trkpt>
      <trkpt lat="29.219131" lon="119.65484">
        <ele>986.148349</ele>
        <time>2026-01-21T05:59:02Z</time>
        <speed>1.458035</speed>
      </trkpt>
      <trkpt lat="29.219084" lon="119.654805">
        <ele>986.233107</ele>
        <time>2026-01-21T05:59:06Z</time>
        <speed>1.40203</speed>
      </trkpt>
      <trkpt lat="29.219031" lon="119.654777">
        <ele>986.099387</ele>
        <time>2026-01-21T05:59:10Z</time>
        <speed>1.463906</speed>
      </trkpt>
      <trkpt lat="29.218977" lon="119.654756">
        <ele>986.280301</ele>
        <time>2026-01-21T05:59:14Z</time>
        <speed>1.240246</speed>
      </trkpt>
      <trkpt lat="29.218933" lon="119.654748">
        <ele>986.454209</ele>
        <time>2026-01-21T05:59:17Z</time>
        <speed>1.183434</speed>
      </trkpt>
      <trkpt lat="29.218877" lon="119.654741">
        <ele>985.950626</ele>
        <time>2026-01-21T05:59:21Z</time>
        <speed>1.493593</speed>
      </trkpt>
      <trkpt lat="29.218823" lon="119.654744">
        <ele>986.402576</ele>
        <time>2026-01-21T05:59:25Z</time>
        <speed>1.253229</speed>
      </trkpt>
      <trkpt lat="29.218769" lon="119.654749">
        <ele>987.944971</ele>
        <time>2026-01-21T05:59:29Z</time>
        <speed>0.996702</speed>
      </trkpt>
      <trkpt lat="29.218713" lon="119.654753">
        <ele>988.231667</ele>
        <time>2026-01-21T05:59:33Z</time>
        <speed>1.586803</speed>
      </trkpt>
      <trkpt lat="29.21866" lon="119.654755">
        <ele>988.987628</ele>
        <time>2026-01-21T05:59:37Z</time>
        <speed>1.223343</speed>
      </trkpt>
      <trkpt lat="29.218604" lon="119.654755">
        <ele>990.016495</ele>
        <time>2026-01-21T05:59:41Z</time>
        <speed>1.537467</speed>
      </trkpt>
      <trkpt lat="29.218551" lon="119.654753">
        <ele>990.814597</ele>
        <time>2026-01-21T05:59:45Z</time>
        <speed>1.240136</speed>
      </trkpt>
      <trkpt lat="29.218506" lon="119.654752">
        <ele>991.299793</ele>
        <time>2026-01-21T05:59:48Z</time>
        <speed>1.617181</speed>
      </trkpt>
      <trkpt lat="29.218453" lon="119.654754">
        <ele>992.062854</ele>
        <time>2026-01-21T05:59:52Z</time>
        <speed>1.095263</speed>
      </trkpt>
      <trkpt lat="29.2184" lon="119.654758">
        <ele>992.426472</ele>
        <time>2026-01-21T05:59:57Z</time>
        <speed>1.51926</speed>
      </trkpt>
      <trkpt lat="29.218346" lon="119.654765">
        <ele>993.014172</ele>
        <time>2026-01-21T06:00:01Z</time>
        <speed>1.531847</speed>
      </trkpt>
      <trkpt lat="29.218292" lon="119.654777">
        <ele>993.222385</ele>
        <time>2026-01-21T06:00:05Z</time>
        <speed>1.528786</speed>
      </trkpt>
      <trkpt lat="29.218243" lon="119.654801">
        <ele>992.980584</ele>
        <time>2026-01-21T06:00:09Z</time>
        <speed>1.204009</speed>
      </trkpt>
      <trkpt lat="29.218196" lon="119.654827">
        <ele>992.829862</ele>
        <time>2026-01-21T06:00:13Z</time>
        <speed>0.997501</speed>
      </trkpt>
      <trkpt lat="29.218146" lon="119.654862">
        <ele>992.885172</ele>
        <time>2026-01-21T06:00:17Z</time>
        <speed>1.428326</speed>
      </trkpt>
      <trkpt lat="29.218103" lon="119.654908">
        <ele>993.064439</ele>
        <time>2026-01-21T06:00:21Z</time>
        <speed>1.380513</speed>
      </trkpt>
      <trkpt lat="29.218066" lon="119.654952">
        <ele>993.311963</ele>
        <time>2026-01-21T06:00:25Z</time>
        <speed>1.078042</speed>
      </trkpt>
      <trkpt lat="29.218027" lon="119.654995">
        <ele>993.32754</ele>
        <time>2026-01-21T06:00:29Z</time>
        <speed>1.324005</speed>
      </trkpt>
      <trkpt lat="29.217995" lon="119.655039">
        <ele>993.399569</ele>
        <time>2026-01-21T06:00:33Z</time>
        <speed>1.125131</speed>
      </trkpt>
      <trkpt lat="29.217955" lon="119.65508">
        <ele>993.444803</ele>
        <time>2026-01-21T06:00:37Z</time>
        <speed>1.093161</speed>
      </trkpt>
      <trkpt lat="29.21791" lon="119.655117">
        <ele>994.361762</ele>
        <time>2026-01-21T06:00:41Z</time>
        <speed>1.639897</speed>
      </trkpt>
      <trkpt lat="29.217866" lon="119.655143">
        <ele>995.560747</ele>
        <time>2026-01-21T06:00:45Z</time>
        <speed>1.230073</speed>
      </trkpt>
      <trkpt lat="29.21781" lon="119.655153">
        <ele>995.952524</ele>
        <time>2026-01-21T06:00:50Z</time>
        <speed>1.262998</speed>
      </trkpt>
      <trkpt lat="29.217763" lon="119.655137">
        <ele>996.316295</ele>
        <time>2026-01-21T06:00:54Z</time>
        <speed>1.359864</speed>
      </trkpt>
      <trkpt lat="29.217717" lon="119.65514">
        <ele>996.766042</ele>
        <time>2026-01-21T06:00:58Z</time>
        <speed>1.251001</speed>
      </trkpt>
      <trkpt lat="29.217665" lon="119.655163">
        <ele>997.354163</ele>
        <time>2026-01-21T06:01:03Z</time>
        <speed>1.350367</speed>
      </trkpt>
      <trkpt lat="29.217627" lon="119.655211">
        <ele>998.208397</ele>
        <time>2026-01-21T06:01:09Z</time>
        <speed>0.573228</speed>
      </trkpt>
      <trkpt lat="29.21759" lon="119.655248">
        <ele>999.382664</ele>
        <time>2026-01-21T06:01:16Z</time>
        <speed>0.894057</speed>
      </trkpt>
      <trkpt lat="29.217547" lon="119.655271">
        <ele>999.816678</ele>
        <time>2026-01-21T06:01:21Z</time>
        <speed>1.031497</speed>
      </trkpt>
      <trkpt lat="29.217506" lon="119.65529">
        <ele>1000.402408</ele>
        <time>2026-01-21T06:01:25Z</time>
        <speed>1.171043</speed>
      </trkpt>
      <trkpt lat="29.217455" lon="119.65532">
        <ele>1000.995593</ele>
        <time>2026-01-21T06:01:30Z</time>
        <speed>1.166368</speed>
      </trkpt>
      <trkpt lat="29.217412" lon="119.655355">
        <ele>1001.342901</ele>
        <time>2026-01-21T06:01:35Z</time>
        <speed>0.802408</speed>
      </trkpt>
      <trkpt lat="29.217373" lon="119.655378">
        <ele>1001.434216</ele>
        <time>2026-01-21T06:01:39Z</time>
        <speed>0.846475</speed>
      </trkpt>
      <trkpt lat="29.217331" lon="119.655414">
        <ele>1000.382796</ele>
        <time>2026-01-21T06:01:44Z</time>
        <speed>1.075205</speed>
      </trkpt>
      <trkpt lat="29.21729" lon="119.655446">
        <ele>1000.049157</ele>
        <time>2026-01-21T06:01:49Z</time>
        <speed>0.927183</speed>
      </trkpt>
      <trkpt lat="29.217245" lon="119.655483">
        <ele>1000.144791</ele>
        <time>2026-01-21T06:01:54Z</time>
        <speed>1.310046</speed>
      </trkpt>
      <trkpt lat="29.2172" lon="119.655519">
        <ele>1000.115451</ele>
        <time>2026-01-21T06:01:59Z</time>
        <speed>1.21949</speed>
      </trkpt>
      <trkpt lat="29.217156" lon="119.655551">
        <ele>998.577036</ele>
        <time>2026-01-21T06:02:05Z</time>
        <speed>0.933441</speed>
      </trkpt>
      <trkpt lat="29.217125" lon="119.655581">
        <ele>998.423601</ele>
        <time>2026-01-21T06:02:08Z</time>
        <speed>1.480506</speed>
      </trkpt>
      <trkpt lat="29.217076" lon="119.655621">
        <ele>997.388531</ele>
        <time>2026-01-21T06:02:15Z</time>
        <speed>0.747201</speed>
      </trkpt>
      <trkpt lat="29.217044" lon="119.655657">
        <ele>996.64057</ele>
        <time>2026-01-21T06:02:19Z</time>
        <speed>1.3594</speed>
      </trkpt>
      <trkpt lat="29.217002" lon="119.655685">
        <ele>996.22428</ele>
        <time>2026-01-21T06:02:23Z</time>
        <speed>1.24271</speed>
      </trkpt>
      <trkpt lat="29.216948" lon="119.65571">
        <ele>995.174855</ele>
        <time>2026-01-21T06:02:28Z</time>
        <speed>1.066839</speed>
      </trkpt>
      <trkpt lat="29.216896" lon="119.655718">
        <ele>994.946306</ele>
        <time>2026-01-21T06:02:33Z</time>
        <speed>0.909964</speed>
      </trkpt>
      <trkpt lat="29.216853" lon="119.655727">
        <ele>994.747204</ele>
        <time>2026-01-21T06:02:37Z</time>
        <speed>1.102307</speed>
      </trkpt>
      <trkpt lat="29.21682" lon="119.655755">
        <ele>993.899756</ele>
        <time>2026-01-21T06:02:40Z</time>
        <speed>1.793601</speed>
      </trkpt>
      <trkpt lat="29.216777" lon="119.655785">
        <ele>992.54509</ele>
        <time>2026-01-21T06:02:44Z</time>
        <speed>1.158423</speed>
      </trkpt>
      <trkpt lat="29.216725" lon="119.655801">
        <ele>992.44971</ele>
        <time>2026-01-21T06:02:48Z</time>
        <speed>1.530908</speed>
      </trkpt>
      <trkpt lat="29.21668" lon="119.655789">
        <ele>992.669545</ele>
        <time>2026-01-21T06:02:51Z</time>
        <speed>1.971964</speed>
      </trkpt>
      <trkpt lat="29.216623" lon="119.655774">
        <ele>991.831605</ele>
        <time>2026-01-21T06:02:55Z</time>
        <speed>1.787673</speed>
      </trkpt>
      <trkpt lat="29.216567" lon="119.655774">
        <ele>991.405693</ele>
        <time>2026-01-21T06:02:59Z</time>
        <speed>1.703014</speed>
      </trkpt>
      <trkpt lat="29.216529" lon="119.65581">
        <ele>988.77422</ele>
        <time>2026-01-21T06:03:03Z</time>
        <speed>1.606855</speed>
      </trkpt>
      <trkpt lat="29.2165" lon="119.655857">
        <ele>986.139625</ele>
        <time>2026-01-21T06:03:07Z</time>
        <speed>1.412801</speed>
      </trkpt>
      <trkpt lat="29.216468" lon="119.6559">
        <ele>985.504665</ele>
        <time>2026-01-21T06:03:11Z</time>
        <speed>1.199417</speed>
      </trkpt>
      <trkpt lat="29.216421" lon="119.655946">
        <ele>983.76261</ele>
        <time>2026-01-21T06:03:15Z</time>
        <speed>1.913283</speed>
      </trkpt>
      <trkpt lat="29.216371" lon="119.655989">
        <ele>982.307517</ele>
        <time>2026-01-21T06:03:19Z</time>
        <speed>1.333055</speed>
      </trkpt>
      <trkpt lat="29.216326" lon="119.656028">
        <ele>981.022811</ele>
        <time>2026-01-21T06:03:22Z</time>
        <speed>2.301705</speed>
      </trkpt>
      <trkpt lat="29.216275" lon="119.656066">
        <ele>979.981285</ele>
        <time>2026-01-21T06:03:26Z</time>
        <speed>1.370334</speed>
      </trkpt>
      <trkpt lat="29.216226" lon="119.656088">
        <ele>978.382859</ele>
        <time>2026-01-21T06:03:29Z</time>
        <speed>2.087275</speed>
      </trkpt>
      <trkpt lat="29.21616" lon="119.6561">
        <ele>977.251646</ele>
        <time>2026-01-21T06:03:33Z</time>
        <speed>1.612937</speed>
      </trkpt>
      <trkpt lat="29.216107" lon="119.656096">
        <ele>976.485776</ele>
        <time>2026-01-21T06:03:37Z</time>
        <speed>1.870289</speed>
      </trkpt>
      <trkpt lat="29.216059" lon="119.656077">
        <ele>975.387081</ele>
        <time>2026-01-21T06:03:41Z</time>
        <speed>1.645691</speed>
      </trkpt>
      <trkpt lat="29.216019" lon="119.656073">
        <ele>975.802649</ele>
        <time>2026-01-21T06:03:44Z</time>
        <speed>1.811348</speed>
      </trkpt>
      <trkpt lat="29.215965" lon="119.656075">
        <ele>976.006476</ele>
        <time>2026-01-21T06:03:48Z</time>
        <speed>1.752105</speed>
      </trkpt>
      <trkpt lat="29.215908" lon="119.656082">
        <ele>975.468089</ele>
        <time>2026-01-21T06:03:52Z</time>
        <speed>1.656715</speed>
      </trkpt>
      <trkpt lat="29.215851" lon="119.656091">
        <ele>975.085833</ele>
        <time>2026-01-21T06:03:56Z</time>
        <speed>1.669383</speed>
      </trkpt>
      <trkpt lat="29.215798" lon="119.656114">
        <ele>974.710654</ele>
        <time>2026-01-21T06:04:00Z</time>
        <speed>1.581582</speed>
      </trkpt>
      <trkpt lat="29.215781" lon="119.656156">
        <ele>974.030962</ele>
        <time>2026-01-21T06:04:03Z</time>
        <speed>1.645882</speed>
      </trkpt>
      <trkpt lat="29.215769" lon="119.656212">
        <ele>972.275215</ele>
        <time>2026-01-21T06:04:08Z</time>
        <speed>1.733727</speed>
      </trkpt>
      <trkpt lat="29.215789" lon="119.656256">
        <ele>970.75748</ele>
        <time>2026-01-21T06:04:11Z</time>
        <speed>1.767995</speed>
      </trkpt>
      <trkpt lat="29.215813" lon="119.656303">
        <ele>969.197345</ele>
        <time>2026-01-21T06:04:14Z</time>
        <speed>1.739532</speed>
      </trkpt>
      <trkpt lat="29.215803" lon="119.656354">
        <ele>966.06516</ele>
        <time>2026-01-21T06:04:18Z</time>
        <speed>1.879396</speed>
      </trkpt>
      <trkpt lat="29.215765" lon="119.656385">
        <ele>962.84191</ele>
        <time>2026-01-21T06:04:22Z</time>
        <speed>1.722734</speed>
      </trkpt>
      <trkpt lat="29.215724" lon="119.656421">
        <ele>959.775526</ele>
        <time>2026-01-21T06:04:26Z</time>
        <speed>1.477247</speed>
      </trkpt>
      <trkpt lat="29.215682" lon="119.656442">
        <ele>959.083874</ele>
        <time>2026-01-21T06:04:29Z</time>
        <speed>1.71456</speed>
      </trkpt>
      <trkpt lat="29.215628" lon="119.656472">
        <ele>957.585575</ele>
        <time>2026-01-21T06:04:33Z</time>
        <speed>1.799307</speed>
      </trkpt>
      <trkpt lat="29.21558" lon="119.6565">
        <ele>956.776193</ele>
        <time>2026-01-21T06:04:37Z</time>
        <speed>1.431153</speed>
      </trkpt>
      <trkpt lat="29.215539" lon="119.656526">
        <ele>956.135148</ele>
        <time>2026-01-21T06:04:40Z</time>
        <speed>2.025141</speed>
      </trkpt>
      <trkpt lat="29.215496" lon="119.656545">
        <ele>955.877893</ele>
        <time>2026-01-21T06:04:43Z</time>
        <speed>1.574245</speed>
      </trkpt>
      <trkpt lat="29.215454" lon="119.656574">
        <ele>955.655132</ele>
        <time>2026-01-21T06:04:46Z</time>
        <speed>1.488996</speed>
      </trkpt>
      <trkpt lat="29.215418" lon="119.656601">
        <ele>955.583092</ele>
        <time>2026-01-21T06:04:48Z</time>
        <speed>2.647549</speed>
      </trkpt>
      <trkpt lat="29.215374" lon="119.656633">
        <ele>955.440158</ele>
        <time>2026-01-21T06:04:50Z</time>
        <speed>2.712771</speed>
      </trkpt>
      <trkpt lat="29.215301" lon="119.656682">
        <ele>953.348491</ele>
        <time>2026-01-21T06:04:55Z</time>
        <speed>1.539572</speed>
      </trkpt>
      <trkpt lat="29.215254" lon="119.656713">
        <ele>951.203626</ele>
        <time>2026-01-21T06:04:59Z</time>
        <speed>1.763099</speed>
      </trkpt>
      <trkpt lat="29.215214" lon="119.656756">
        <ele>949.66012</ele>
        <time>2026-01-21T06:05:03Z</time>
        <speed>2.038249</speed>
      </trkpt>
      <trkpt lat="29.215168" lon="119.65679">
        <ele>949.531676</ele>
        <time>2026-01-21T06:05:07Z</time>
        <speed>1.839301</speed>
      </trkpt>
      <trkpt lat="29.215141" lon="119.656842">
        <ele>949.418219</ele>
        <time>2026-01-21T06:05:11Z</time>
        <speed>1.897116</speed>
      </trkpt>
      <trkpt lat="29.215135" lon="119.656902">
        <ele>949.479485</ele>
        <time>2026-01-21T06:05:15Z</time>
        <speed>1.698138</speed>
      </trkpt>
      <trkpt lat="29.215109" lon="119.656948">
        <ele>949.586498</ele>
        <time>2026-01-21T06:05:19Z</time>
        <speed>1.280647</speed>
      </trkpt>
      <trkpt lat="29.2151" lon="119.657">
        <ele>949.848757</ele>
        <time>2026-01-21T06:05:23Z</time>
        <speed>1.298963</speed>
      </trkpt>
      <trkpt lat="29.215112" lon="119.657061">
        <ele>949.999788</ele>
        <time>2026-01-21T06:05:28Z</time>
        <speed>1.259192</speed>
      </trkpt>
      <trkpt lat="29.215113" lon="119.657121">
        <ele>948.861667</ele>
        <time>2026-01-21T06:05:37Z</time>
        <speed>0.67014</speed>
      </trkpt>
      <trkpt lat="29.215083" lon="119.657154">
        <ele>947.945785</ele>
        <time>2026-01-21T06:05:44Z</time>
        <speed>0.798982</speed>
      </trkpt>
      <trkpt lat="29.215047" lon="119.657176">
        <ele>947.172429</ele>
        <time>2026-01-21T06:05:48Z</time>
        <speed>1.147901</speed>
      </trkpt>
      <trkpt lat="29.214996" lon="119.657202">
        <ele>945.631897</ele>
        <time>2026-01-21T06:05:53Z</time>
        <speed>0.933829</speed>
      </trkpt>
      <trkpt lat="29.214948" lon="119.657215">
        <ele>945.549973</ele>
        <time>2026-01-21T06:05:58Z</time>
        <speed>1.12376</speed>
      </trkpt>
      <trkpt lat="29.214911" lon="119.65724">
        <ele>945.632395</ele>
        <time>2026-01-21T06:06:02Z</time>
        <speed>1.149545</speed>
      </trkpt>
      <trkpt lat="29.214873" lon="119.657287">
        <ele>944.977204</ele>
        <time>2026-01-21T06:06:07Z</time>
        <speed>1.180045</speed>
      </trkpt>
      <trkpt lat="29.214828" lon="119.657327">
        <ele>944.517925</ele>
        <time>2026-01-21T06:06:14Z</time>
        <speed>0.897942</speed>
      </trkpt>
      <trkpt lat="29.214782" lon="119.657346">
        <ele>944.532067</ele>
        <time>2026-01-21T06:06:19Z</time>
        <speed>0.827838</speed>
      </trkpt>
      <trkpt lat="29.214746" lon="119.657386">
        <ele>945.140441</ele>
        <time>2026-01-21T06:06:25Z</time>
        <speed>0.889186</speed>
      </trkpt>
      <trkpt lat="29.214713" lon="119.65741">
        <ele>945.669508</ele>
        <time>2026-01-21T06:06:28Z</time>
        <speed>1.643475</speed>
      </trkpt>
      <trkpt lat="29.214667" lon="119.657444">
        <ele>945.528679</ele>
        <time>2026-01-21T06:06:32Z</time>
        <speed>1.145432</speed>
      </trkpt>
      <trkpt lat="29.21462" lon="119.657476">
        <ele>944.985962</ele>
        <time>2026-01-21T06:06:36Z</time>
        <speed>1.149846</speed>
      </trkpt>
      <trkpt lat="29.214569" lon="119.657503">
        <ele>944.179143</ele>
        <time>2026-01-21T06:06:40Z</time>
        <speed>1.134158</speed>
      </trkpt>
      <trkpt lat="29.214524" lon="119.657534">
        <ele>943.622936</ele>
        <time>2026-01-21T06:06:44Z</time>
        <speed>1.166603</speed>
      </trkpt>
      <trkpt lat="29.21448" lon="119.657563">
        <ele>943.020838</ele>
        <time>2026-01-21T06:06:48Z</time>
        <speed>1.212969</speed>
      </trkpt>
      <trkpt lat="29.214435" lon="119.657588">
        <ele>942.955477</ele>
        <time>2026-01-21T06:06:52Z</time>
        <speed>1.186448</speed>
      </trkpt>
      <trkpt lat="29.214389" lon="119.657614">
        <ele>943.022743</ele>
        <time>2026-01-21T06:06:56Z</time>
        <speed>1.301869</speed>
      </trkpt>
      <trkpt lat="29.214356" lon="119.657658">
        <ele>943.298509</ele>
        <time>2026-01-21T06:07:00Z</time>
        <speed>1.111413</speed>
      </trkpt>
      <trkpt lat="29.214335" lon="119.657722">
        <ele>943.012606</ele>
        <time>2026-01-21T06:07:05Z</time>
        <speed>1.251267</speed>
      </trkpt>
      <trkpt lat="29.214306" lon="119.657774">
        <ele>940.902994</ele>
        <time>2026-01-21T06:07:10Z</time>
        <speed>1.126414</speed>
      </trkpt>
      <trkpt lat="29.214271" lon="119.657816">
        <ele>939.256836</ele>
        <time>2026-01-21T06:07:15Z</time>
        <speed>1.118544</speed>
      </trkpt>
      <trkpt lat="29.214225" lon="119.657851">
        <ele>937.376603</ele>
        <time>2026-01-21T06:07:21Z</time>
        <speed>0.95049</speed>
      </trkpt>
      <trkpt lat="29.214186" lon="119.65789">
        <ele>936.270246</ele>
        <time>2026-01-21T06:07:28Z</time>
        <speed>0.826593</speed>
      </trkpt>
      <trkpt lat="29.214155" lon="119.657926">
        <ele>935.888587</ele>
        <time>2026-01-21T06:07:33Z</time>
        <speed>0.833629</speed>
      </trkpt>
      <trkpt lat="29.214112" lon="119.657953">
        <ele>934.744516</ele>
        <time>2026-01-21T06:07:40Z</time>
        <speed>0.616819</speed>
      </trkpt>
      <trkpt lat="29.214074" lon="119.657986">
        <ele>932.808068</ele>
        <time>2026-01-21T06:07:47Z</time>
        <speed>0.961265</speed>
      </trkpt>
      <trkpt lat="29.214041" lon="119.658015">
        <ele>933.156905</ele>
        <time>2026-01-21T06:07:51Z</time>
        <speed>1.127367</speed>
      </trkpt>
      <trkpt lat="29.214007" lon="119.658044">
        <ele>933.160734</ele>
        <time>2026-01-21T06:07:54Z</time>
        <speed>1.282736</speed>
      </trkpt>
      <trkpt lat="29.213964" lon="119.658075">
        <ele>933.471423</ele>
        <time>2026-01-21T06:07:58Z</time>
        <speed>0.99601</speed>
      </trkpt>
      <trkpt lat="29.213908" lon="119.658101">
        <ele>933.189563</ele>
        <time>2026-01-21T06:08:06Z</time>
        <speed>0.406202</speed>
      </trkpt>
      <trkpt lat="29.213872" lon="119.658129">
        <ele>930.179991</ele>
        <time>2026-01-21T06:08:12Z</time>
        <speed>0.894376</speed>
      </trkpt>
      <trkpt lat="29.213832" lon="119.658145">
        <ele>928.333364</ele>
        <time>2026-01-21T06:08:16Z</time>
        <speed>1.066276</speed>
      </trkpt>
      <trkpt lat="29.213776" lon="119.658154">
        <ele>925.678195</ele>
        <time>2026-01-21T06:08:21Z</time>
        <speed>1.330499</speed>
      </trkpt>
      <trkpt lat="29.213723" lon="119.658165">
        <ele>924.184547</ele>
        <time>2026-01-21T06:08:27Z</time>
        <speed>0.723306</speed>
      </trkpt>
      <trkpt lat="29.21367" lon="119.658177">
        <ele>922.130833</ele>
        <time>2026-01-21T06:08:32Z</time>
        <speed>1.192972</speed>
      </trkpt>
      <trkpt lat="29.213629" lon="119.658197">
        <ele>920.667514</ele>
        <time>2026-01-21T06:08:36Z</time>
        <speed>1.208618</speed>
      </trkpt>
      <trkpt lat="29.213573" lon="119.658196">
        <ele>919.48682</ele>
        <time>2026-01-21T06:08:42Z</time>
        <speed>1.051257</speed>
      </trkpt>
      <trkpt lat="29.213523" lon="119.658207">
        <ele>917.791295</ele>
        <time>2026-01-21T06:08:48Z</time>
        <speed>1.147841</speed>
      </trkpt>
      <trkpt lat="29.213473" lon="119.658208">
        <ele>916.149448</ele>
        <time>2026-01-21T06:08:53Z</time>
        <speed>0.861451</speed>
      </trkpt>
      <trkpt lat="29.213428" lon="119.658219">
        <ele>914.475628</ele>
        <time>2026-01-21T06:08:58Z</time>
        <speed>0.618902</speed>
      </trkpt>
      <trkpt lat="29.213381" lon="119.65823">
        <ele>914.107564</ele>
        <time>2026-01-21T06:09:03Z</time>
        <speed>0.88705</speed>
      </trkpt>
      <trkpt lat="29.213327" lon="119.658234">
        <ele>912.600028</ele>
        <time>2026-01-21T06:09:09Z</time>
        <speed>1.011812</speed>
      </trkpt>
      <trkpt lat="29.213274" lon="119.658235">
        <ele>911.137312</ele>
        <time>2026-01-21T06:09:15Z</time>
        <speed>0.70147</speed>
      </trkpt>
      <trkpt lat="29.213225" lon="119.65821">
        <ele>910.577794</ele>
        <time>2026-01-21T06:09:22Z</time>
        <speed>1.090037</speed>
      </trkpt>
      <trkpt lat="29.213185" lon="119.658177">
        <ele>910.167954</ele>
        <time>2026-01-21T06:09:28Z</time>
        <speed>0.589355</speed>
      </trkpt>
      <trkpt lat="29.21315" lon="119.658133">
        <ele>909.838596</ele>
        <time>2026-01-21T06:09:37Z</time>
        <speed>0.650829</speed>
      </trkpt>
      <trkpt lat="29.213119" lon="119.65809">
        <ele>909.182896</ele>
        <time>2026-01-21T06:09:45Z</time>
        <speed>0.757948</speed>
      </trkpt>
      <trkpt lat="29.213105" lon="119.658039">
        <ele>906.936644</ele>
        <time>2026-01-21T06:09:51Z</time>
        <speed>0.87557</speed>
      </trkpt>
      <trkpt lat="29.213107" lon="119.657988">
        <ele>905.328871</ele>
        <time>2026-01-21T06:09:55Z</time>
        <speed>1.034508</speed>
      </trkpt>
      <trkpt lat="29.213109" lon="119.657925">
        <ele>904.172575</ele>
        <time>2026-01-21T06:10:00Z</time>
        <speed>0.872732</speed>
      </trkpt>
      <trkpt lat="29.213074" lon="119.657911">
        <ele>904.436365</ele>
        <time>2026-01-21T06:10:06Z</time>
        <speed>1.155187</speed>
      </trkpt>
      <trkpt lat="29.213032" lon="119.657951">
        <ele>904.608669</ele>
        <time>2026-01-21T06:10:11Z</time>
        <speed>1.181857</speed>
      </trkpt>
      <trkpt lat="29.212995" lon="119.658008">
        <ele>902.600346</ele>
        <time>2026-01-21T06:10:17Z</time>
        <speed>0.802064</speed>
      </trkpt>
      <trkpt lat="29.212988" lon="119.658075">
        <ele>898.570391</ele>
        <time>2026-01-21T06:10:23Z</time>
        <speed>0.737291</speed>
      </trkpt>
      <trkpt lat="29.212975" lon="119.658136">
        <ele>895.195548</ele>
        <time>2026-01-21T06:10:29Z</time>
        <speed>1.101807</speed>
      </trkpt>
      <trkpt lat="29.212944" lon="119.65818">
        <ele>894.361533</ele>
        <time>2026-01-21T06:10:36Z</time>
        <speed>0.892102</speed>
      </trkpt>
      <trkpt lat="29.212903" lon="119.658214">
        <ele>894.864451</ele>
        <time>2026-01-21T06:10:45Z</time>
        <speed>0.511461</speed>
      </trkpt>
      <trkpt lat="29.212857" lon="119.65822">
        <ele>893.896651</ele>
        <time>2026-01-21T06:10:54Z</time>
        <speed>0.744317</speed>
      </trkpt>
      <trkpt lat="29.212812" lon="119.658219">
        <ele>892.309597</ele>
        <time>2026-01-21T06:11:02Z</time>
        <speed>0.496178</speed>
      </trkpt>
      <trkpt lat="29.21277" lon="119.658237">
        <ele>890.103792</ele>
        <time>2026-01-21T06:11:08Z</time>
        <speed>0.79186</speed>
      </trkpt>
      <trkpt lat="29.21272" lon="119.658246">
        <ele>886.841276</ele>
        <time>2026-01-21T06:11:16Z</time>
        <speed>0.647894</speed>
      </trkpt>
      <trkpt lat="29.212679" lon="119.658275">
        <ele>885.912957</ele>
        <time>2026-01-21T06:11:24Z</time>
        <speed>0.616359</speed>
      </trkpt>
      <trkpt lat="29.212636" lon="119.658303">
        <ele>883.096722</ele>
        <time>2026-01-21T06:11:32Z</time>
        <speed>0.642747</speed>
      </trkpt>
      <trkpt lat="29.212595" lon="119.658322">
        <ele>881.662404</ele>
        <time>2026-01-21T06:11:37Z</time>
        <speed>1.081397</speed>
      </trkpt>
      <trkpt lat="29.212558" lon="119.658365">
        <ele>880.462666</ele>
        <time>2026-01-21T06:11:43Z</time>
        <speed>0.839698</speed>
      </trkpt>
      <trkpt lat="29.212528" lon="119.658409">
        <ele>878.36126</ele>
        <time>2026-01-21T06:11:48Z</time>
        <speed>0.760548</speed>
      </trkpt>
      <trkpt lat="29.212517" lon="119.65846">
        <ele>875.205105</ele>
        <time>2026-01-21T06:11:53Z</time>
        <speed>0.601311</speed>
      </trkpt>
      <trkpt lat="29.212515" lon="119.658526">
        <ele>872.003203</ele>
        <time>2026-01-21T06:12:01Z</time>
        <speed>0.887057</speed>
      </trkpt>
      <trkpt lat="29.212517" lon="119.658571">
        <ele>871.372649</ele>
        <time>2026-01-21T06:12:05Z</time>
        <speed>0.800097</speed>
      </trkpt>
      <trkpt lat="29.212515" lon="119.65864">
        <ele>871.349964</ele>
        <time>2026-01-21T06:12:15Z</time>
        <speed>0.568846</speed>
      </trkpt>
      <trkpt lat="29.212483" lon="119.658619">
        <ele>870.634966</ele>
        <time>2026-01-21T06:12:21Z</time>
        <speed>0.662344</speed>
      </trkpt>
      <trkpt lat="29.212435" lon="119.65858">
        <ele>869.526798</ele>
        <time>2026-01-21T06:12:29Z</time>
        <speed>0.749166</speed>
      </trkpt>
      <trkpt lat="29.212394" lon="119.658536">
        <ele>869.015657</ele>
        <time>2026-01-21T06:12:36Z</time>
        <speed>0.753114</speed>
      </trkpt>
      <trkpt lat="29.212359" lon="119.658502">
        <ele>868.585907</ele>
        <time>2026-01-21T06:12:41Z</time>
        <speed>0.942719</speed>
      </trkpt>
      <trkpt lat="29.212311" lon="119.658475">
        <ele>864.438309</ele>
        <time>2026-01-21T06:12:49Z</time>
        <speed>0.747382</speed>
      </trkpt>
      <trkpt lat="29.212268" lon="119.65844">
        <ele>862.624068</ele>
        <time>2026-01-21T06:12:57Z</time>
        <speed>0.705488</speed>
      </trkpt>
      <trkpt lat="29.212228" lon="119.65841">
        <ele>861.301639</ele>
        <time>2026-01-21T06:13:04Z</time>
        <speed>0.366821</speed>
      </trkpt>
      <trkpt lat="29.21221" lon="119.658354">
        <ele>856.655173</ele>
        <time>2026-01-21T06:13:16Z</time>
        <speed>0.508681</speed>
      </trkpt>
      <trkpt lat="29.212195" lon="119.658315">
        <ele>855.901039</ele>
        <time>2026-01-21T06:13:20Z</time>
        <speed>0.76253</speed>
      </trkpt>
      <trkpt lat="29.212155" lon="119.658317">
        <ele>856.075974</ele>
        <time>2026-01-21T06:13:26Z</time>
        <speed>0.796976</speed>
      </trkpt>
      <trkpt lat="29.212107" lon="119.658356">
        <ele>855.001762</ele>
        <time>2026-01-21T06:13:36Z</time>
        <speed>0.679804</speed>
      </trkpt>
      <trkpt lat="29.212088" lon="119.658412">
        <ele>852.885021</ele>
        <time>2026-01-21T06:13:45Z</time>
        <speed>0.770434</speed>
      </trkpt>
      <trkpt lat="29.212079" lon="119.658463">
        <ele>850.758243</ele>
        <time>2026-01-21T06:13:52Z</time>
        <speed>0.635453</speed>
      </trkpt>
      <trkpt lat="29.212066" lon="119.658512">
        <ele>848.189451</ele>
        <time>2026-01-21T06:13:58Z</time>
        <speed>0.623296</speed>
      </trkpt>
      <trkpt lat="29.212044" lon="119.658564">
        <ele>844.397069</ele>
        <time>2026-01-21T06:14:06Z</time>
        <speed>0.495254</speed>
      </trkpt>
      <trkpt lat="29.212013" lon="119.658604">
        <ele>842.298035</ele>
        <time>2026-01-21T06:14:14Z</time>
        <speed>0.463001</speed>
      </trkpt>
      <trkpt lat="29.211993" lon="119.658658">
        <ele>838.567103</ele>
        <time>2026-01-21T06:14:19Z</time>
        <speed>1.650299</speed>
      </trkpt>
      <trkpt lat="29.211959" lon="119.658715">
        <ele>835.183233</ele>
        <time>2026-01-21T06:14:27Z</time>
        <speed>1.41661</speed>
      </trkpt>
      <trkpt lat="29.211968" lon="119.658762">
        <ele>834.689783</ele>
        <time>2026-01-21T06:14:32Z</time>
        <speed>1.329494</speed>
      </trkpt>
      <trkpt lat="29.211994" lon="119.658798">
        <ele>834.227122</ele>
        <time>2026-01-21T06:14:36Z</time>
        <speed>1.264603</speed>
      </trkpt>
      <trkpt lat="29.212031" lon="119.658841">
        <ele>833.484027</ele>
        <time>2026-01-21T06:14:40Z</time>
        <speed>0.974412</speed>
      </trkpt>
      <trkpt lat="29.212086" lon="119.658874">
        <ele>830.218696</ele>
        <time>2026-01-21T06:14:46Z</time>
        <speed>0.856961</speed>
      </trkpt>
      <trkpt lat="29.212114" lon="119.658914">
        <ele>828.656544</ele>
        <time>2026-01-21T06:14:52Z</time>
        <speed>0.578324</speed>
      </trkpt>
      <trkpt lat="29.212126" lon="119.658953">
        <ele>827.978902</ele>
        <time>2026-01-21T06:14:55Z</time>
        <speed>1.730998</speed>
      </trkpt>
      <trkpt lat="29.212149" lon="119.659001">
        <ele>827.616602</ele>
        <time>2026-01-21T06:14:59Z</time>
        <speed>0.93699</speed>
      </trkpt>
      <trkpt lat="29.212167" lon="119.659066">
        <ele>827.90719</ele>
        <time>2026-01-21T06:15:03Z</time>
        <speed>1.065578</speed>
      </trkpt>
      <trkpt lat="29.212174" lon="119.659132">
        <ele>827.998553</ele>
        <time>2026-01-21T06:15:09Z</time>
        <speed>0.772717</speed>
      </trkpt>
      <trkpt lat="29.212177" lon="119.65919">
        <ele>828.028028</ele>
        <time>2026-01-21T06:15:16Z</time>
        <speed>0.793331</speed>
      </trkpt>
      <trkpt lat="29.212178" lon="119.659237">
        <ele>828.163316</ele>
        <time>2026-01-21T06:15:21Z</time>
        <speed>0.969543</speed>
      </trkpt>
      <trkpt lat="29.212182" lon="119.65929">
        <ele>826.138387</ele>
        <time>2026-01-21T06:15:26Z</time>
        <speed>1.206037</speed>
      </trkpt>
      <trkpt lat="29.212202" lon="119.659341">
        <ele>823.064757</ele>
        <time>2026-01-21T06:15:32Z</time>
        <speed>0.715193</speed>
      </trkpt>
      <trkpt lat="29.212188" lon="119.659389">
        <ele>820.527233</ele>
        <time>2026-01-21T06:15:40Z</time>
        <speed>0.551756</speed>
      </trkpt>
      <trkpt lat="29.212157" lon="119.659429">
        <ele>820.974078</ele>
        <time>2026-01-21T06:15:46Z</time>
        <speed>0.652034</speed>
      </trkpt>
      <trkpt lat="29.212146" lon="119.659477">
        <ele>820.979163</ele>
        <time>2026-01-21T06:15:51Z</time>
        <speed>0.974314</speed>
      </trkpt>
      <trkpt lat="29.212113" lon="119.659517">
        <ele>817.920351</ele>
        <time>2026-01-21T06:15:59Z</time>
        <speed>1.262512</speed>
      </trkpt>
      <trkpt lat="29.2121" lon="119.659555">
        <ele>816.46479</ele>
        <time>2026-01-21T06:16:02Z</time>
        <speed>1.077746</speed>
      </trkpt>
      <trkpt lat="29.212056" lon="119.659602">
        <ele>815.268804</ele>
        <time>2026-01-21T06:16:17Z</time>
        <speed>0.772367</speed>
      </trkpt>
      <trkpt lat="29.21203" lon="119.659639">
        <ele>814.216291</ele>
        <time>2026-01-21T06:16:26Z</time>
        <speed>0.488849</speed>
      </trkpt>
      <trkpt lat="29.211989" lon="119.659667">
        <ele>812.809064</ele>
        <time>2026-01-21T06:16:32Z</time>
        <speed>0.864524</speed>
      </trkpt>
      <trkpt lat="29.211963" lon="119.659715">
        <ele>810.604676</ele>
        <time>2026-01-21T06:16:37Z</time>
        <speed>0.866019</speed>
      </trkpt>
      <trkpt lat="29.211943" lon="119.659767">
        <ele>808.272947</ele>
        <time>2026-01-21T06:16:42Z</time>
        <speed>1.331916</speed>
      </trkpt>
      <trkpt lat="29.211914" lon="119.659828">
        <ele>806.477769</ele>
        <time>2026-01-21T06:16:47Z</time>
        <speed>1.269552</speed>
      </trkpt>
      <trkpt lat="29.211906" lon="119.659877">
        <ele>805.90455</ele>
        <time>2026-01-21T06:16:50Z</time>
        <speed>1.674689</speed>
      </trkpt>
      <trkpt lat="29.211896" lon="119.659945">
        <ele>805.073792</ele>
        <time>2026-01-21T06:16:54Z</time>
        <speed>1.706913</speed>
      </trkpt>
      <trkpt lat="29.211899" lon="119.660009">
        <ele>804.081266</ele>
        <time>2026-01-21T06:16:58Z</time>
        <speed>1.658592</speed>
      </trkpt>
      <trkpt lat="29.211891" lon="119.660073">
        <ele>803.228198</ele>
        <time>2026-01-21T06:17:08Z</time>
        <speed>0.889098</speed>
      </trkpt>
      <trkpt lat="29.21188" lon="119.660117">
        <ele>803.421175</ele>
        <time>2026-01-21T06:17:15Z</time>
        <speed>0.972684</speed>
      </trkpt>
      <trkpt lat="29.211845" lon="119.660096">
        <ele>802.662278</ele>
        <time>2026-01-21T06:17:24Z</time>
        <speed>0.438677</speed>
      </trkpt>
      <trkpt lat="29.211791" lon="119.660081">
        <ele>801.313261</ele>
        <time>2026-01-21T06:17:31Z</time>
        <speed>0.932004</speed>
      </trkpt>
      <trkpt lat="29.211736" lon="119.660086">
        <ele>799.146489</ele>
        <time>2026-01-21T06:17:35Z</time>
        <speed>1.165675</speed>
      </trkpt>
      <trkpt lat="29.211692" lon="119.660111">
        <ele>798.324442</ele>
        <time>2026-01-21T06:17:39Z</time>
        <speed>1.482523</speed>
      </trkpt>
      <trkpt lat="29.211645" lon="119.660144">
        <ele>796.023127</ele>
        <time>2026-01-21T06:17:43Z</time>
        <speed>1.708451</speed>
      </trkpt>
      <trkpt lat="29.211596" lon="119.660173">
        <ele>794.872362</ele>
        <time>2026-01-21T06:17:47Z</time>
        <speed>1.584321</speed>
      </trkpt>
      <trkpt lat="29.211546" lon="119.660207">
        <ele>791.311985</ele>
        <time>2026-01-21T06:17:52Z</time>
        <speed>1.667175</speed>
      </trkpt>
      <trkpt lat="29.211492" lon="119.660195">
        <ele>783.22114</ele>
        <time>2026-01-21T06:18:00Z</time>
        <speed>1.672099</speed>
      </trkpt>
      <trkpt lat="29.211449" lon="119.660204">
        <ele>779.233974</ele>
        <time>2026-01-21T06:18:05Z</time>
        <speed>1.666963</speed>
      </trkpt>
      <trkpt lat="29.211397" lon="119.660196">
        <ele>777.219042</ele>
        <time>2026-01-21T06:18:18Z</time>
        <speed>0.628291</speed>
      </trkpt>
      <trkpt lat="29.211352" lon="119.660198">
        <ele>777.299271</ele>
        <time>2026-01-21T06:18:27Z</time>
        <speed>0.509189</speed>
      </trkpt>
      <trkpt lat="29.211308" lon="119.660217">
        <ele>777.374795</ele>
        <time>2026-01-21T06:18:34Z</time>
        <speed>0.943082</speed>
      </trkpt>
      <trkpt lat="29.21129" lon="119.660262">
        <ele>776.5336</ele>
        <time>2026-01-21T06:18:38Z</time>
        <speed>1.08319</speed>
      </trkpt>
      <trkpt lat="29.211276" lon="119.660327">
        <ele>771.776507</ele>
        <time>2026-01-21T06:18:51Z</time>
        <speed>0.604591</speed>
      </trkpt>
      <trkpt lat="29.211265" lon="119.660371">
        <ele>770.658079</ele>
        <time>2026-01-21T06:18:56Z</time>
        <speed>0.768325</speed>
      </trkpt>
      <trkpt lat="29.21124" lon="119.660416">
        <ele>768.892795</ele>
        <time>2026-01-21T06:19:01Z</time>
        <speed>0.836229</speed>
      </trkpt>
      <trkpt lat="29.21122" lon="119.660467">
        <ele>767.749372</ele>
        <time>2026-01-21T06:19:06Z</time>
        <speed>0.716821</speed>
      </trkpt>
      <trkpt lat="29.211189" lon="119.660517">
        <ele>765.638779</ele>
        <time>2026-01-21T06:19:12Z</time>
        <speed>1.038772</speed>
      </trkpt>
      <trkpt lat="29.211157" lon="119.660561">
        <ele>763.383643</ele>
        <time>2026-01-21T06:19:18Z</time>
        <speed>0.730097</speed>
      </trkpt>
      <trkpt lat="29.211139" lon="119.660612">
        <ele>761.980249</ele>
        <time>2026-01-21T06:19:23Z</time>
        <speed>1.003024</speed>
      </trkpt>
      <trkpt lat="29.211088" lon="119.660629">
        <ele>754.787332</ele>
        <time>2026-01-21T06:19:36Z</time>
        <speed>1.079345</speed>
      </trkpt>
      <trkpt lat="29.211053" lon="119.660598">
        <ele>752.285509</ele>
        <time>2026-01-21T06:19:41Z</time>
        <speed>0.797447</speed>
      </trkpt>
      <trkpt lat="29.211018" lon="119.660565">
        <ele>751.485637</ele>
        <time>2026-01-21T06:19:45Z</time>
        <speed>1.027567</speed>
      </trkpt>
      <trkpt lat="29.210973" lon="119.660537">
        <ele>751.157317</ele>
        <time>2026-01-21T06:19:50Z</time>
        <speed>0.728329</speed>
      </trkpt>
      <trkpt lat="29.210933" lon="119.660505">
        <ele>749.615571</ele>
        <time>2026-01-21T06:19:56Z</time>
        <speed>0.537015</speed>
      </trkpt>
      <trkpt lat="29.210891" lon="119.660482">
        <ele>748.014951</ele>
        <time>2026-01-21T06:20:00Z</time>
        <speed>1.024306</speed>
      </trkpt>
      <trkpt lat="29.210844" lon="119.660461">
        <ele>747.569813</ele>
        <time>2026-01-21T06:20:05Z</time>
        <speed>1.058118</speed>
      </trkpt>
      <trkpt lat="29.21079" lon="119.660446">
        <ele>746.065511</ele>
        <time>2026-01-21T06:20:11Z</time>
        <speed>1.048468</speed>
      </trkpt>
      <trkpt lat="29.210742" lon="119.66042">
        <ele>746.032204</ele>
        <time>2026-01-21T06:20:16Z</time>
        <speed>0.960277</speed>
      </trkpt>
      <trkpt lat="29.210688" lon="119.660406">
        <ele>744.368883</ele>
        <time>2026-01-21T06:20:21Z</time>
        <speed>1.185815</speed>
      </trkpt>
      <trkpt lat="29.210633" lon="119.6604">
        <ele>742.641366</ele>
        <time>2026-01-21T06:20:27Z</time>
        <speed>0.957954</speed>
      </trkpt>
      <trkpt lat="29.210583" lon="119.660414">
        <ele>739.159882</ele>
        <time>2026-01-21T06:20:38Z</time>
        <speed>0.485735</speed>
      </trkpt>
      <trkpt lat="29.210536" lon="119.660406">
        <ele>735.461731</ele>
        <time>2026-01-21T06:21:02Z</time>
        <speed>0.713881</speed>
      </trkpt>
      <trkpt lat="29.210483" lon="119.660404">
        <ele>733.80161</ele>
        <time>2026-01-21T06:21:11Z</time>
        <speed>0.869091</speed>
      </trkpt>
      <trkpt lat="29.210432" lon="119.66039">
        <ele>733.779213</ele>
        <time>2026-01-21T06:21:16Z</time>
        <speed>1.050171</speed>
      </trkpt>
      <trkpt lat="29.210392" lon="119.660345">
        <ele>733.723158</ele>
        <time>2026-01-21T06:21:22Z</time>
        <speed>1.092582</speed>
      </trkpt>
      <trkpt lat="29.210354" lon="119.660353">
        <ele>733.505622</ele>
        <time>2026-01-21T06:21:27Z</time>
        <speed>0.967048</speed>
      </trkpt>
      <trkpt lat="29.210343" lon="119.660414">
        <ele>732.016682</ele>
        <time>2026-01-21T06:21:33Z</time>
        <speed>0.997605</speed>
      </trkpt>
      <trkpt lat="29.210354" lon="119.660485">
        <ele>730.37674</ele>
        <time>2026-01-21T06:21:39Z</time>
        <speed>1.03532</speed>
      </trkpt>
      <trkpt lat="29.210367" lon="119.660543">
        <ele>727.905657</ele>
        <time>2026-01-21T06:21:45Z</time>
        <speed>0.545437</speed>
      </trkpt>
      <trkpt lat="29.210391" lon="119.660588">
        <ele>726.217687</ele>
        <time>2026-01-21T06:21:50Z</time>
        <speed>0.557546</speed>
      </trkpt>
      <trkpt lat="29.210423" lon="119.660636">
        <ele>724.566545</ele>
        <time>2026-01-21T06:21:59Z</time>
        <speed>0.695849</speed>
      </trkpt>
      <trkpt lat="29.210444" lon="119.660676">
        <ele>723.335866</ele>
        <time>2026-01-21T06:22:04Z</time>
        <speed>1.095859</speed>
      </trkpt>
      <trkpt lat="29.210462" lon="119.660716">
        <ele>722.538003</ele>
        <time>2026-01-21T06:22:07Z</time>
        <speed>1.465593</speed>
      </trkpt>
      <trkpt lat="29.210462" lon="119.660778">
        <ele>722.057547</ele>
        <time>2026-01-21T06:22:12Z</time>
        <speed>0.71822</speed>
      </trkpt>
      <trkpt lat="29.210429" lon="119.66082">
        <ele>721.737191</ele>
        <time>2026-01-21T06:22:16Z</time>
        <speed>1.318437</speed>
      </trkpt>
      <trkpt lat="29.210382" lon="119.660854">
        <ele>720.714926</ele>
        <time>2026-01-21T06:22:20Z</time>
        <speed>1.629111</speed>
      </trkpt>
      <trkpt lat="29.210335" lon="119.66088">
        <ele>720.266735</ele>
        <time>2026-01-21T06:22:22Z</time>
        <speed>1.724249</speed>
      </trkpt>
      <trkpt lat="29.210279" lon="119.660875">
        <ele>720.34929</ele>
        <time>2026-01-21T06:22:26Z</time>
        <speed>0.97194</speed>
      </trkpt>
      <trkpt lat="29.210226" lon="119.660876">
        <ele>719.7983</ele>
        <time>2026-01-21T06:22:30Z</time>
        <speed>1.368076</speed>
      </trkpt>
      <trkpt lat="29.210175" lon="119.660888">
        <ele>718.204892</ele>
        <time>2026-01-21T06:22:35Z</time>
        <speed>0.80298</speed>
      </trkpt>
      <trkpt lat="29.210137" lon="119.660913">
        <ele>717.236884</ele>
        <time>2026-01-21T06:22:39Z</time>
        <speed>1.146939</speed>
      </trkpt>
      <trkpt lat="29.210126" lon="119.660974">
        <ele>714.911464</ele>
        <time>2026-01-21T06:22:44Z</time>
        <speed>1.583869</speed>
      </trkpt>
      <trkpt lat="29.210125" lon="119.661039">
        <ele>712.074955</ele>
        <time>2026-01-21T06:22:48Z</time>
        <speed>1.386847</speed>
      </trkpt>
      <trkpt lat="29.210125" lon="119.661093">
        <ele>709.782965</ele>
        <time>2026-01-21T06:22:51Z</time>
        <speed>1.682626</speed>
      </trkpt>
      <trkpt lat="29.210151" lon="119.661152">
        <ele>705.570766</ele>
        <time>2026-01-21T06:22:55Z</time>
        <speed>1.679295</speed>
      </trkpt>
      <trkpt lat="29.210179" lon="119.661209">
        <ele>701.289343</ele>
        <time>2026-01-21T06:23:00Z</time>
        <speed>1.38632</speed>
      </trkpt>
      <trkpt lat="29.2102" lon="119.66127">
        <ele>696.160231</ele>
        <time>2026-01-21T06:23:05Z</time>
        <speed>1.008142</speed>
      </trkpt>
      <trkpt lat="29.210211" lon="119.661319">
        <ele>693.862254</ele>
        <time>2026-01-21T06:23:09Z</time>
        <speed>0.941519</speed>
      </trkpt>
      <trkpt lat="29.210208" lon="119.661375">
        <ele>692.718214</ele>
        <time>2026-01-21T06:23:14Z</time>
        <speed>0.936945</speed>
      </trkpt>
      <trkpt lat="29.210212" lon="119.661432">
        <ele>693.28963</ele>
        <time>2026-01-21T06:23:20Z</time>
        <speed>0.52283</speed>
      </trkpt>
      <trkpt lat="29.210243" lon="119.661473">
        <ele>691.514549</ele>
        <time>2026-01-21T06:23:25Z</time>
        <speed>0.988144</speed>
      </trkpt>
      <trkpt lat="29.210279" lon="119.661505">
        <ele>690.109912</ele>
        <time>2026-01-21T06:23:29Z</time>
        <speed>1.002151</speed>
      </trkpt>
      <trkpt lat="29.21032" lon="119.66154">
        <ele>689.726104</ele>
        <time>2026-01-21T06:23:33Z</time>
        <speed>0.998374</speed>
      </trkpt>
      <trkpt lat="29.210297" lon="119.661584">
        <ele>688.515748</ele>
        <time>2026-01-21T06:23:45Z</time>
        <speed>0.485166</speed>
      </trkpt>
      <trkpt lat="29.210252" lon="119.661612">
        <ele>686.438268</ele>
        <time>2026-01-21T06:23:51Z</time>
        <speed>0.954308</speed>
      </trkpt>
      <trkpt lat="29.210208" lon="119.661631">
        <ele>683.677112</ele>
        <time>2026-01-21T06:23:56Z</time>
        <speed>0.777777</speed>
      </trkpt>
      <trkpt lat="29.21016" lon="119.661655">
        <ele>680.576273</ele>
        <time>2026-01-21T06:24:01Z</time>
        <speed>0.886685</speed>
      </trkpt>
      <trkpt lat="29.210113" lon="119.661648">
        <ele>677.827739</ele>
        <time>2026-01-21T06:24:06Z</time>
        <speed>0.826308</speed>
      </trkpt>
      <trkpt lat="29.210082" lon="119.661675">
        <ele>675.476373</ele>
        <time>2026-01-21T06:24:12Z</time>
        <speed>0.84809</speed>
      </trkpt>
      <trkpt lat="29.210075" lon="119.661721">
        <ele>675.653453</ele>
        <time>2026-01-21T06:24:16Z</time>
        <speed>0.855559</speed>
      </trkpt>
      <trkpt lat="29.21005" lon="119.661769">
        <ele>675.08513</ele>
        <time>2026-01-21T06:24:21Z</time>
        <speed>1.125889</speed>
      </trkpt>
      <trkpt lat="29.210031" lon="119.661823">
        <ele>671.903085</ele>
        <time>2026-01-21T06:24:28Z</time>
        <speed>0.746133</speed>
      </trkpt>
      <trkpt lat="29.210022" lon="119.661875">
        <ele>668.238093</ele>
        <time>2026-01-21T06:24:34Z</time>
        <speed>0.713959</speed>
      </trkpt>
      <trkpt lat="29.209998" lon="119.661927">
        <ele>665.701986</ele>
        <time>2026-01-21T06:24:40Z</time>
        <speed>0.949494</speed>
      </trkpt>
      <trkpt lat="29.209969" lon="119.661976">
        <ele>661.863993</ele>
        <time>2026-01-21T06:24:46Z</time>
        <speed>0.676303</speed>
      </trkpt>
      <trkpt lat="29.209941" lon="119.66202">
        <ele>658.554021</ele>
        <time>2026-01-21T06:24:50Z</time>
        <speed>0.894107</speed>
      </trkpt>
      <trkpt lat="29.209906" lon="119.662052">
        <ele>655.980164</ele>
        <time>2026-01-21T06:24:54Z</time>
        <speed>1.2081</speed>
      </trkpt>
      <trkpt lat="29.209866" lon="119.662086">
        <ele>656.072559</ele>
        <time>2026-01-21T06:24:58Z</time>
        <speed>0.852469</speed>
      </trkpt>
      <trkpt lat="29.209837" lon="119.662131">
        <ele>657.244439</ele>
        <time>2026-01-21T06:25:02Z</time>
        <speed>0.683092</speed>
      </trkpt>
      <trkpt lat="29.209801" lon="119.662177">
        <ele>655.453324</ele>
        <time>2026-01-21T06:25:20Z</time>
        <speed>0.556725</speed>
      </trkpt>
      <trkpt lat="29.209765" lon="119.662198">
        <ele>653.412375</ele>
        <time>2026-01-21T06:25:28Z</time>
        <speed>0.831068</speed>
      </trkpt>
      <trkpt lat="29.209721" lon="119.662234">
        <ele>652.967923</ele>
        <time>2026-01-21T06:25:35Z</time>
        <speed>0.879631</speed>
      </trkpt>
      <trkpt lat="29.209676" lon="119.662269">
        <ele>649.453122</ele>
        <time>2026-01-21T06:25:42Z</time>
        <speed>0.79506</speed>
      </trkpt>
      <trkpt lat="29.209641" lon="119.662303">
        <ele>648.694369</ele>
        <time>2026-01-21T06:25:47Z</time>
        <speed>0.866666</speed>
      </trkpt>
      <trkpt lat="29.209598" lon="119.662332">
        <ele>647.027072</ele>
        <time>2026-01-21T06:25:52Z</time>
        <speed>0.759025</speed>
      </trkpt>
      <trkpt lat="29.209543" lon="119.662347">
        <ele>645.08558</ele>
        <time>2026-01-21T06:25:57Z</time>
        <speed>0.995365</speed>
      </trkpt>
      <trkpt lat="29.209487" lon="119.662352">
        <ele>642.364868</ele>
        <time>2026-01-21T06:26:02Z</time>
        <speed>0.941073</speed>
      </trkpt>
      <trkpt lat="29.209431" lon="119.662346">
        <ele>640.9698</ele>
        <time>2026-01-21T06:26:07Z</time>
        <speed>1.008489</speed>
      </trkpt>
      <trkpt lat="29.209381" lon="119.662351">
        <ele>640.199407</ele>
        <time>2026-01-21T06:26:12Z</time>
        <speed>1.036813</speed>
      </trkpt>
      <trkpt lat="29.209339" lon="119.662341">
        <ele>640.606893</ele>
        <time>2026-01-21T06:26:16Z</time>
        <speed>1.215383</speed>
      </trkpt>
      <trkpt lat="29.209287" lon="119.662318">
        <ele>640.670751</ele>
        <time>2026-01-21T06:26:22Z</time>
        <speed>0.901826</speed>
      </trkpt>
      <trkpt lat="29.209239" lon="119.662312">
        <ele>639.757083</ele>
        <time>2026-01-21T06:26:28Z</time>
        <speed>0.33816</speed>
      </trkpt>
      <trkpt lat="29.209196" lon="119.662334">
        <ele>637.485395</ele>
        <time>2026-01-21T06:26:35Z</time>
        <speed>0.35807</speed>
      </trkpt>
      <trkpt lat="29.209153" lon="119.662374">
        <ele>636.939384</ele>
        <time>2026-01-21T06:26:44Z</time>
        <speed>0.91165</speed>
      </trkpt>
      <trkpt lat="29.209118" lon="119.662407">
        <ele>635.39324</ele>
        <time>2026-01-21T06:26:52Z</time>
        <speed>0.661845</speed>
      </trkpt>
      <trkpt lat="29.209089" lon="119.662454">
        <ele>633.9453</ele>
        <time>2026-01-21T06:26:59Z</time>
        <speed>0.804723</speed>
      </trkpt>
      <trkpt lat="29.20904" lon="119.662483">
        <ele>631.622839</ele>
        <time>2026-01-21T06:27:09Z</time>
        <speed>0.7084</speed>
      </trkpt>
      <trkpt lat="29.209" lon="119.662505">
        <ele>630.802723</ele>
        <time>2026-01-21T06:27:14Z</time>
        <speed>0.718872</speed>
      </trkpt>
      <trkpt lat="29.208949" lon="119.662521">
        <ele>629.31882</ele>
        <time>2026-01-21T06:27:20Z</time>
        <speed>0.496408</speed>
      </trkpt>
      <trkpt lat="29.208896" lon="119.662525">
        <ele>628.433054</ele>
        <time>2026-01-21T06:27:26Z</time>
        <speed>1.168944</speed>
      </trkpt>
      <trkpt lat="29.208851" lon="119.662542">
        <ele>627.4927</ele>
        <time>2026-01-21T06:27:32Z</time>
        <speed>0.689644</speed>
      </trkpt>
      <trkpt lat="29.208806" lon="119.662549">
        <ele>627.257322</ele>
        <time>2026-01-21T06:27:39Z</time>
        <speed>0.463025</speed>
      </trkpt>
      <trkpt lat="29.208758" lon="119.662566">
        <ele>624.707789</ele>
        <time>2026-01-21T06:27:47Z</time>
        <speed>0.848089</speed>
      </trkpt>
      <trkpt lat="29.208709" lon="119.662574">
        <ele>623.57526</ele>
        <time>2026-01-21T06:27:54Z</time>
        <speed>0.534253</speed>
      </trkpt>
      <trkpt lat="29.208663" lon="119.662604">
        <ele>622.294104</ele>
        <time>2026-01-21T06:28:04Z</time>
        <speed>0.717134</speed>
      </trkpt>
      <trkpt lat="29.208619" lon="119.662633">
        <ele>620.042979</ele>
        <time>2026-01-21T06:28:11Z</time>
        <speed>1.098238</speed>
      </trkpt>
      <trkpt lat="29.208564" lon="119.66265">
        <ele>617.644994</ele>
        <time>2026-01-21T06:28:18Z</time>
        <speed>0.736082</speed>
      </trkpt>
      <trkpt lat="29.208528" lon="119.662684">
        <ele>616.401375</ele>
        <time>2026-01-21T06:28:23Z</time>
        <speed>0.968199</speed>
      </trkpt>
      <trkpt lat="29.208477" lon="119.662699">
        <ele>613.403454</ele>
        <time>2026-01-21T06:28:29Z</time>
        <speed>0.956106</speed>
      </trkpt>
      <trkpt lat="29.208427" lon="119.662699">
        <ele>613.174737</ele>
        <time>2026-01-21T06:28:34Z</time>
        <speed>1.04061</speed>
      </trkpt>
      <trkpt lat="29.208378" lon="119.662704">
        <ele>612.074666</ele>
        <time>2026-01-21T06:28:39Z</time>
        <speed>1.13282</speed>
      </trkpt>
      <trkpt lat="29.208328" lon="119.662705">
        <ele>609.793469</ele>
        <time>2026-01-21T06:28:46Z</time>
        <speed>0.776965</speed>
      </trkpt>
      <trkpt lat="29.208281" lon="119.662716">
        <ele>607.501528</ele>
        <time>2026-01-21T06:28:54Z</time>
        <speed>0.598568</speed>
      </trkpt>
      <trkpt lat="29.208232" lon="119.66272">
        <ele>606.979118</ele>
        <time>2026-01-21T06:29:01Z</time>
        <speed>0.852812</speed>
      </trkpt>
      <trkpt lat="29.208184" lon="119.662729">
        <ele>606.969668</ele>
        <time>2026-01-21T06:29:08Z</time>
        <speed>0.35232</speed>
      </trkpt>
      <trkpt lat="29.208143" lon="119.662751">
        <ele>606.5406</ele>
        <time>2026-01-21T06:29:13Z</time>
        <speed>0.639305</speed>
      </trkpt>
      <trkpt lat="29.208098" lon="119.662768">
        <ele>605.413535</ele>
        <time>2026-01-21T06:29:18Z</time>
        <speed>0.798019</speed>
      </trkpt>
      <trkpt lat="29.208071" lon="119.662824">
        <ele>603.061415</ele>
        <time>2026-01-21T06:29:25Z</time>
        <speed>0.896373</speed>
      </trkpt>
      <trkpt lat="29.208094" lon="119.662878">
        <ele>600.44446</ele>
        <time>2026-01-21T06:29:30Z</time>
        <speed>0.978535</speed>
      </trkpt>
      <trkpt lat="29.208137" lon="119.662923">
        <ele>597.762033</ele>
        <time>2026-01-21T06:29:36Z</time>
        <speed>0.818853</speed>
      </trkpt>
      <trkpt lat="29.208176" lon="119.662964">
        <ele>596.147354</ele>
        <time>2026-01-21T06:29:42Z</time>
        <speed>0.782337</speed>
      </trkpt>
      <trkpt lat="29.208158" lon="119.663012">
        <ele>594.894551</ele>
        <time>2026-01-21T06:29:56Z</time>
        <speed>0.94652</speed>
      </trkpt>
      <trkpt lat="29.208122" lon="119.663042">
        <ele>593.297646</ele>
        <time>2026-01-21T06:30:04Z</time>
        <speed>0.189114</speed>
      </trkpt>
      <trkpt lat="29.208087" lon="119.663078">
        <ele>590.685406</ele>
        <time>2026-01-21T06:30:12Z</time>
        <speed>0.391066</speed>
      </trkpt>
      <trkpt lat="29.20805" lon="119.663114">
        <ele>585.922684</ele>
        <time>2026-01-21T06:30:20Z</time>
        <speed>0.914955</speed>
      </trkpt>
      <trkpt lat="29.208012" lon="119.663147">
        <ele>584.50781</ele>
        <time>2026-01-21T06:30:57Z</time>
        <speed>0.657457</speed>
      </trkpt>
      <trkpt lat="29.207976" lon="119.663149">
        <ele>585.099092</ele>
        <time>2026-01-21T06:31:03Z</time>
        <speed>0.861042</speed>
      </trkpt>
      <trkpt lat="29.207922" lon="119.66317">
        <ele>583.892466</ele>
        <time>2026-01-21T06:31:10Z</time>
        <speed>0.664063</speed>
      </trkpt>
      <trkpt lat="29.207871" lon="119.66319">
        <ele>581.938269</ele>
        <time>2026-01-21T06:31:15Z</time>
        <speed>0.99776</speed>
      </trkpt>
      <trkpt lat="29.207819" lon="119.663223">
        <ele>577.412759</ele>
        <time>2026-01-21T06:31:43Z</time>
        <speed>0.106001</speed>
      </trkpt>
      <trkpt lat="29.207801" lon="119.663253">
        <ele>575.534568</ele>
        <time>2026-01-21T06:31:48Z</time>
        <speed>0.909822</speed>
      </trkpt>
      <trkpt lat="29.207779" lon="119.663301">
        <ele>574.118157</ele>
        <time>2026-01-21T06:31:52Z</time>
        <speed>1.516241</speed>
      </trkpt>
      <trkpt lat="29.207747" lon="119.663361">
        <ele>572.51426</ele>
        <time>2026-01-21T06:31:58Z</time>
        <speed>0.981628</speed>
      </trkpt>
      <trkpt lat="29.207725" lon="119.663415">
        <ele>570.863439</ele>
        <time>2026-01-21T06:32:07Z</time>
        <speed>0.512572</speed>
      </trkpt>
      <trkpt lat="29.207703" lon="119.663458">
        <ele>569.303522</ele>
        <time>2026-01-21T06:32:12Z</time>
        <speed>0.983635</speed>
      </trkpt>
      <trkpt lat="29.207687" lon="119.663513">
        <ele>567.949486</ele>
        <time>2026-01-21T06:32:17Z</time>
        <speed>1.023447</speed>
      </trkpt>
      <trkpt lat="29.207677" lon="119.663571">
        <ele>566.934853</ele>
        <time>2026-01-21T06:32:22Z</time>
        <speed>0.880877</speed>
      </trkpt>
      <trkpt lat="29.207656" lon="119.663634">
        <ele>564.01495</ele>
        <time>2026-01-21T06:32:29Z</time>
        <speed>0.595617</speed>
      </trkpt>
      <trkpt lat="29.207636" lon="119.663679">
        <ele>561.905869</ele>
        <time>2026-01-21T06:32:34Z</time>
        <speed>0.911446</speed>
      </trkpt>
      <trkpt lat="29.20762" lon="119.663734">
        <ele>560.676189</ele>
        <time>2026-01-21T06:32:42Z</time>
        <speed>0.762104</speed>
      </trkpt>
      <trkpt lat="29.207605" lon="119.663785">
        <ele>559.166988</ele>
        <time>2026-01-21T06:32:50Z</time>
        <speed>0.856463</speed>
      </trkpt>
      <trkpt lat="29.20759" lon="119.663834">
        <ele>557.947843</ele>
        <time>2026-01-21T06:32:57Z</time>
        <speed>0.50941</speed>
      </trkpt>
      <trkpt lat="29.207565" lon="119.663885">
        <ele>556.11715</ele>
        <time>2026-01-21T06:33:04Z</time>
        <speed>0.856871</speed>
      </trkpt>
      <trkpt lat="29.207542" lon="119.663932">
        <ele>553.828125</ele>
        <time>2026-01-21T06:33:11Z</time>
        <speed>0.604409</speed>
      </trkpt>
      <trkpt lat="29.207502" lon="119.66396">
        <ele>551.629021</ele>
        <time>2026-01-21T06:33:18Z</time>
        <speed>0.613762</speed>
      </trkpt>
      <trkpt lat="29.207463" lon="119.663987">
        <ele>550.579994</ele>
        <time>2026-01-21T06:33:24Z</time>
        <speed>0.449033</speed>
      </trkpt>
      <trkpt lat="29.207425" lon="119.664025">
        <ele>549.998997</ele>
        <time>2026-01-21T06:33:31Z</time>
        <speed>0.791216</speed>
      </trkpt>
      <trkpt lat="29.207389" lon="119.66406">
        <ele>547.31594</ele>
        <time>2026-01-21T06:33:37Z</time>
        <speed>0.497903</speed>
      </trkpt>
      <trkpt lat="29.207344" lon="119.664098">
        <ele>545.099675</ele>
        <time>2026-01-21T06:33:43Z</time>
        <speed>1.081645</speed>
      </trkpt>
      <trkpt lat="29.207299" lon="119.664126">
        <ele>542.098605</ele>
        <time>2026-01-21T06:33:50Z</time>
        <speed>0.511176</speed>
      </trkpt>
      <trkpt lat="29.207258" lon="119.66415">
        <ele>541.552542</ele>
        <time>2026-01-21T06:34:00Z</time>
        <speed>0.341407</speed>
      </trkpt>
      <trkpt lat="29.207221" lon="119.664178">
        <ele>540.699952</ele>
        <time>2026-01-21T06:34:07Z</time>
        <speed>0.534511</speed>
      </trkpt>
      <trkpt lat="29.207173" lon="119.664211">
        <ele>538.364859</ele>
        <time>2026-01-21T06:34:17Z</time>
        <speed>0.67088</speed>
      </trkpt>
      <trkpt lat="29.207136" lon="119.664238">
        <ele>537.239466</ele>
        <time>2026-01-21T06:34:22Z</time>
        <speed>0.732384</speed>
      </trkpt>
      <trkpt lat="29.207087" lon="119.664252">
        <ele>536.232545</ele>
        <time>2026-01-21T06:34:30Z</time>
        <speed>0.910458</speed>
      </trkpt>
      <trkpt lat="29.207042" lon="119.664266">
        <ele>535.699122</ele>
        <time>2026-01-21T06:34:36Z</time>
        <speed>0.453035</speed>
      </trkpt>
      <trkpt lat="29.206989" lon="119.66429">
        <ele>535.324136</ele>
        <time>2026-01-21T06:34:43Z</time>
        <speed>0.757053</speed>
      </trkpt>
      <trkpt lat="29.20694" lon="119.664303">
        <ele>534.439393</ele>
        <time>2026-01-21T06:34:49Z</time>
        <speed>0.82252</speed>
      </trkpt>
      <trkpt lat="29.206892" lon="119.66432">
        <ele>533.815669</ele>
        <time>2026-01-21T06:34:55Z</time>
        <speed>0.565379</speed>
      </trkpt>
      <trkpt lat="29.206842" lon="119.664341">
        <ele>531.573949</ele>
        <time>2026-01-21T06:35:02Z</time>
        <speed>0.734834</speed>
      </trkpt>
      <trkpt lat="29.206801" lon="119.664371">
        <ele>527.450896</ele>
        <time>2026-01-21T06:35:08Z</time>
        <speed>0.532492</speed>
      </trkpt>
      <trkpt lat="29.206764" lon="119.664411">
        <ele>523.896382</ele>
        <time>2026-01-21T06:35:15Z</time>
        <speed>0.350641</speed>
      </trkpt>
      <trkpt lat="29.206737" lon="119.664452">
        <ele>520.973462</ele>
        <time>2026-01-21T06:35:21Z</time>
        <speed>0.461926</speed>
      </trkpt>
      <trkpt lat="29.206701" lon="119.664491">
        <ele>517.772563</ele>
        <time>2026-01-21T06:35:29Z</time>
        <speed>0.498607</speed>
      </trkpt>
      <trkpt lat="29.206679" lon="119.664532">
        <ele>516.027705</ele>
        <time>2026-01-21T06:35:34Z</time>
        <speed>1.241835</speed>
      </trkpt>
      <trkpt lat="29.206633" lon="119.664566">
        <ele>514.611807</ele>
        <time>2026-01-21T06:35:40Z</time>
        <speed>0.795507</speed>
      </trkpt>
      <trkpt lat="29.206586" lon="119.664596">
        <ele>512.921272</ele>
        <time>2026-01-21T06:35:46Z</time>
        <speed>0.728264</speed>
      </trkpt>
      <trkpt lat="29.206551" lon="119.664638">
        <ele>510.774521</ele>
        <time>2026-01-21T06:35:53Z</time>
        <speed>0.477401</speed>
      </trkpt>
      <trkpt lat="29.206506" lon="119.664673">
        <ele>509.090017</ele>
        <time>2026-01-21T06:36:00Z</time>
        <speed>0.998401</speed>
      </trkpt>
      <trkpt lat="29.206454" lon="119.664698">
        <ele>507.51156</ele>
        <time>2026-01-21T06:36:07Z</time>
        <speed>1.029502</speed>
      </trkpt>
      <trkpt lat="29.206406" lon="119.664725">
        <ele>507.857273</ele>
        <time>2026-01-21T06:36:12Z</time>
        <speed>1.440617</speed>
      </trkpt>
      <trkpt lat="29.206362" lon="119.664765">
        <ele>506.169673</ele>
        <time>2026-01-21T06:36:18Z</time>
        <speed>1.048698</speed>
      </trkpt>
      <trkpt lat="29.206339" lon="119.664821">
        <ele>502.819983</ele>
        <time>2026-01-21T06:36:25Z</time>
        <speed>0.7691</speed>
      </trkpt>
      <trkpt lat="29.206325" lon="119.664882">
        <ele>499.232131</ele>
        <time>2026-01-21T06:36:32Z</time>
        <speed>0.87104</speed>
      </trkpt>
      <trkpt lat="29.206307" lon="119.664944">
        <ele>498.157413</ele>
        <time>2026-01-21T06:36:39Z</time>
        <speed>1.188679</speed>
      </trkpt>
      <trkpt lat="29.206338" lon="119.664979">
        <ele>497.46642</ele>
        <time>2026-01-21T06:36:45Z</time>
        <speed>0.372133</speed>
      </trkpt>
      <trkpt lat="29.206373" lon="119.665011">
        <ele>495.925016</ele>
        <time>2026-01-21T06:36:50Z</time>
        <speed>0.953843</speed>
      </trkpt>
      <trkpt lat="29.206413" lon="119.665051">
        <ele>495.890632</ele>
        <time>2026-01-21T06:36:57Z</time>
        <speed>1.076455</speed>
      </trkpt>
      <trkpt lat="29.206462" lon="119.665067">
        <ele>495.01009</ele>
        <time>2026-01-21T06:37:02Z</time>
        <speed>1.263173</speed>
      </trkpt>
      <trkpt lat="29.206515" lon="119.665082">
        <ele>495.403214</ele>
        <time>2026-01-21T06:37:07Z</time>
        <speed>1.439537</speed>
      </trkpt>
      <trkpt lat="29.206573" lon="119.665088">
        <ele>497.712974</ele>
        <time>2026-01-21T06:37:13Z</time>
        <speed>0.972498</speed>
      </trkpt>
      <trkpt lat="29.206616" lon="119.665099">
        <ele>499.144436</ele>
        <time>2026-01-21T06:37:17Z</time>
        <speed>1.150842</speed>
      </trkpt>
      <trkpt lat="29.206658" lon="119.665123">
        <ele>499.195234</ele>
        <time>2026-01-21T06:37:21Z</time>
        <speed>1.035059</speed>
      </trkpt>
      <trkpt lat="29.206708" lon="119.665153">
        <ele>498.501632</ele>
        <time>2026-01-21T06:37:26Z</time>
        <speed>0.865914</speed>
      </trkpt>
      <trkpt lat="29.206746" lon="119.665195">
        <ele>498.214064</ele>
        <time>2026-01-21T06:37:31Z</time>
        <speed>1.030257</speed>
      </trkpt>
      <trkpt lat="29.206769" lon="119.66524">
        <ele>498.573571</ele>
        <time>2026-01-21T06:37:35Z</time>
        <speed>1.217845</speed>
      </trkpt>
      <trkpt lat="29.2068" lon="119.665276">
        <ele>498.854147</ele>
        <time>2026-01-21T06:37:38Z</time>
        <speed>1.503921</speed>
      </trkpt>
      <trkpt lat="29.206832" lon="119.665322">
        <ele>498.12717</ele>
        <time>2026-01-21T06:37:43Z</time>
        <speed>0.935855</speed>
      </trkpt>
      <trkpt lat="29.206852" lon="119.665357">
        <ele>498.776242</ele>
        <time>2026-01-21T06:37:45Z</time>
        <speed>1.600589</speed>
      </trkpt>
      <trkpt lat="29.206871" lon="119.665435">
        <ele>500.938765</ele>
        <time>2026-01-21T06:37:50Z</time>
        <speed>1.648979</speed>
      </trkpt>
      <trkpt lat="29.206882" lon="119.665501">
        <ele>504.640088</ele>
        <time>2026-01-21T06:37:54Z</time>
        <speed>1.57866</speed>
      </trkpt>
      <trkpt lat="29.20686" lon="119.665573">
        <ele>506.949784</ele>
        <time>2026-01-21T06:37:58Z</time>
        <speed>2.294927</speed>
      </trkpt>
      <trkpt lat="29.206832" lon="119.665619">
        <ele>507.685758</ele>
        <time>2026-01-21T06:38:00Z</time>
        <speed>2.383584</speed>
      </trkpt>
      <trkpt lat="29.206793" lon="119.665667">
        <ele>508.149987</ele>
        <time>2026-01-21T06:38:02Z</time>
        <speed>2.9155</speed>
      </trkpt>
      <trkpt lat="29.206752" lon="119.665717">
        <ele>508.366109</ele>
        <time>2026-01-21T06:38:04Z</time>
        <speed>2.554357</speed>
      </trkpt>
      <trkpt lat="29.206723" lon="119.665773">
        <ele>508.664821</ele>
        <time>2026-01-21T06:38:06Z</time>
        <speed>2.261093</speed>
      </trkpt>
      <trkpt lat="29.206695" lon="119.665865">
        <ele>508.544137</ele>
        <time>2026-01-21T06:38:11Z</time>
        <speed>1.457507</speed>
      </trkpt>
      <trkpt lat="29.206692" lon="119.66592">
        <ele>508.156966</ele>
        <time>2026-01-21T06:38:15Z</time>
        <speed>1.367516</speed>
      </trkpt>
      <trkpt lat="29.206688" lon="119.665968">
        <ele>508.066031</ele>
        <time>2026-01-21T06:38:19Z</time>
        <speed>1.347304</speed>
      </trkpt>
      <trkpt lat="29.206688" lon="119.666014">
        <ele>507.754517</ele>
        <time>2026-01-21T06:38:22Z</time>
        <speed>1.738258</speed>
      </trkpt>
      <trkpt lat="29.206695" lon="119.666067">
        <ele>505.79966</ele>
        <time>2026-01-21T06:38:25Z</time>
        <speed>1.457879</speed>
      </trkpt>
      <trkpt lat="29.206703" lon="119.666116">
        <ele>504.652281</ele>
        <time>2026-01-21T06:38:27Z</time>
        <speed>2.609671</speed>
      </trkpt>
      <trkpt lat="29.206715" lon="119.666179">
        <ele>501.942966</ele>
        <time>2026-01-21T06:38:30Z</time>
        <speed>1.781231</speed>
      </trkpt>
      <trkpt lat="29.206732" lon="119.666261">
        <ele>501.405641</ele>
        <time>2026-01-21T06:38:35Z</time>
        <speed>1.252787</speed>
      </trkpt>
      <extensions>
        <PauseTimes></PauseTimes>
      </extensions>
    </trkseg>
  </trk>
</gpx>