<?xml version='1.0' encoding='UTF-8' standalone='yes' ?>
<gpx version="1.1" creator="GPSBabel - http://www.gpsbabel.org" xmlns:xsi="http://www.w3.org/2001/XMLSchema-instance" xmlns="http://www.topografix.com/GPX/1/1" xsi:schemaLocation="http://www.topografix.com/GPX/1/1 http://www.topografix.com/GPX/1/1/gpx.xsd">
  <metadata>
    <link href="http://www.garmin.com">
      <text>Garmin International</text>
    </link>
    <time>2026-01-21T01:41:28Z</time>
    <bounds minlat="29.2062519" minlon="119.6507824" maxlat="29.23378" maxlon="119.6667745" />
  </metadata>
  <extensions>
    <name><![CDATA[灶头大盘尖260121]]>
    </name>
    <description><![CDATA[开始较陡，盘前水泥路，大盘尖新手路，下山较难。]]>
    </description>
    <TrackId>78185877</TrackId>
    <TrackTypeId>8</TrackTypeId>
    <TrackTags>徒步</TrackTags>
    <BeginTime>1768959688000</BeginTime>
    <EndTime>1768986992000</EndTime>
    <TimeUsed>27304000</TimeUsed>
    <PauseTime>45612</PauseTime>
    <PosStartName>灶头</PosStartName>
    <PosEndName>灶头</PosEndName>
    <ProductVersion>and_8.1.1</ProductVersion>
    <StartDistrictId>9655</StartDistrictId>
    <EndDistrictId>9655</EndDistrictId>
    <CreaterId>64771087</CreaterId>
    <CreaterName><![CDATA[步履赴山野]]>
    </CreaterName>
    <CreaterIcon>1523534626</CreaterIcon>
    <OriginCreaterId>64771087</OriginCreaterId>
    <OriginCreaterNickname><![CDATA[步履赴山野]]>
    </OriginCreaterNickname>
    <OriginCreaterName><![CDATA[null]]>
    </OriginCreaterName>
    <OriginCreaterIcon>1523534626</OriginCreaterIcon>
    <ThumbnailId>1547086694</ThumbnailId>
    <Distance>13245.0</Distance>
    <ElevationGain>901.7700000000001</ElevationGain>
    <ElevationLoss>900.0000000000001</ElevationLoss>
    <SportAvgSpeed>0.485905476141876</SportAvgSpeed>
  </extensions>
  <trk>
    <trkseg>
      <trkpt lat="29.2067117" lon="119.6652117">
        <ele>505.1</ele>
        <time>2026-01-21T01:41:29Z</time>
        <speed>0.35309944</speed>
      </trkpt>
      <trkpt lat="29.206615" lon="119.66517">
        <ele>505.1</ele>
        <time>2026-01-21T01:42:45Z</time>
        <speed>0.62178445</speed>
      </trkpt>
      <trkpt lat="29.20652" lon="119.6651217">
        <ele>502.91</ele>
        <time>2026-01-21T01:42:59Z</time>
        <speed>0.8142906</speed>
      </trkpt>
      <trkpt lat="29.2064194" lon="119.6651015">
        <ele>500.75</ele>
        <time>2026-01-21T01:43:11Z</time>
        <speed>0.64752054</speed>
      </trkpt>
      <trkpt lat="29.2063242" lon="119.6650349">
        <ele>499.35</ele>
        <time>2026-01-21T01:43:31Z</time>
        <speed>0.6356819</speed>
      </trkpt>
      <trkpt lat="29.2062519" lon="119.6649427">
        <ele>497.52</ele>
        <time>2026-01-21T01:43:43Z</time>
        <speed>0.935765</speed>
      </trkpt>
      <trkpt lat="29.2062629" lon="119.6648359">
        <ele>497.69</ele>
        <time>2026-01-21T01:43:55Z</time>
        <speed>0.9476036</speed>
      </trkpt>
      <trkpt lat="29.2063208" lon="119.6647361">
        <ele>499.07</ele>
        <time>2026-01-21T01:44:09Z</time>
        <speed>0.5538411</speed>
      </trkpt>
      <trkpt lat="29.2064105" lon="119.6646721">
        <ele>501.28</ele>
        <time>2026-01-21T01:44:17Z</time>
        <speed>0.9151761</speed>
      </trkpt>
      <trkpt lat="29.2065065" lon="119.664627">
        <ele>502.79</ele>
        <time>2026-01-21T01:44:27Z</time>
        <speed>0.9445153</speed>
      </trkpt>
      <trkpt lat="29.2066027" lon="119.6645722">
        <ele>505.03</ele>
        <time>2026-01-21T01:44:39Z</time>
        <speed>0.7715686</speed>
      </trkpt>
      <trkpt lat="29.2066648" lon="119.6644869">
        <ele>508.33</ele>
        <time>2026-01-21T01:44:53Z</time>
        <speed>0.63825554</speed>
      </trkpt>
      <trkpt lat="29.2067318" lon="119.6644151">
        <ele>511.03</ele>
        <time>2026-01-21T01:45:05Z</time>
        <speed>0.0</speed>
      </trkpt>
      <trkpt lat="29.2068192" lon="119.6643609">
        <ele>513.73</ele>
        <time>2026-01-21T01:45:22Z</time>
        <speed>0.5636208</speed>
      </trkpt>
      <trkpt lat="29.2069018" lon="119.6643094">
        <ele>516.12</ele>
        <time>2026-01-21T01:45:36Z</time>
        <speed>0.5975925</speed>
      </trkpt>
      <trkpt lat="29.2069943" lon="119.6642704">
        <ele>518.52</ele>
        <time>2026-01-21T01:46:02Z</time>
        <speed>0.50391304</speed>
      </trkpt>
      <trkpt lat="29.2070851" lon="119.6642454">
        <ele>521.57</ele>
        <time>2026-01-21T01:46:22Z</time>
        <speed>0.3515553</speed>
      </trkpt>
      <trkpt lat="29.2071721" lon="119.6642044">
        <ele>525.02</ele>
        <time>2026-01-21T01:46:50Z</time>
        <speed>0.37317362</speed>
      </trkpt>
      <trkpt lat="29.2072499" lon="119.6641488">
        <ele>528.88</ele>
        <time>2026-01-21T01:47:14Z</time>
        <speed>0.5378847</speed>
      </trkpt>
      <trkpt lat="29.2073332" lon="119.6640879">
        <ele>532.85</ele>
        <time>2026-01-21T01:47:38Z</time>
        <speed>0.5512675</speed>
      </trkpt>
      <trkpt lat="29.2074103" lon="119.6640223">
        <ele>536.53</ele>
        <time>2026-01-21T01:47:52Z</time>
        <speed>0.6732567</speed>
      </trkpt>
      <trkpt lat="29.2074852" lon="119.663962">
        <ele>540.04</ele>
        <time>2026-01-21T01:48:10Z</time>
        <speed>0.45552915</speed>
      </trkpt>
      <trkpt lat="29.2075332" lon="119.6638768">
        <ele>543.42</ele>
        <time>2026-01-21T01:48:28Z</time>
        <speed>0.56928277</speed>
      </trkpt>
      <trkpt lat="29.207583" lon="119.6637875">
        <ele>546.73</ele>
        <time>2026-01-21T01:48:46Z</time>
        <speed>0.6274464</speed>
      </trkpt>
      <trkpt lat="29.2076112" lon="119.6636818">
        <ele>550.67</ele>
        <time>2026-01-21T01:49:02Z</time>
        <speed>0.60273975</speed>
      </trkpt>
      <trkpt lat="29.207635" lon="119.663575">
        <ele>553.95</ele>
        <time>2026-01-21T01:51:18Z</time>
        <speed>0.19610916</speed>
      </trkpt>
      <trkpt lat="29.207675" lon="119.6634783">
        <ele>558.45</ele>
        <time>2026-01-21T01:52:00Z</time>
        <speed>0.51060444</speed>
      </trkpt>
      <trkpt lat="29.2077108" lon="119.6633817">
        <ele>562.56</ele>
        <time>2026-01-21T01:52:20Z</time>
        <speed>0.36957055</speed>
      </trkpt>
      <trkpt lat="29.2077509" lon="119.6632811">
        <ele>565.54</ele>
        <time>2026-01-21T01:52:32Z</time>
        <speed>0.7890692</speed>
      </trkpt>
      <trkpt lat="29.20781" lon="119.6631995">
        <ele>568.02</ele>
        <time>2026-01-21T01:52:44Z</time>
        <speed>0.79473114</speed>
      </trkpt>
      <trkpt lat="29.2079021" lon="119.6631622">
        <ele>571.15</ele>
        <time>2026-01-21T01:52:56Z</time>
        <speed>0.90745527</speed>
      </trkpt>
      <trkpt lat="29.2079927" lon="119.6631242">
        <ele>574.48</ele>
        <time>2026-01-21T01:53:18Z</time>
        <speed>0.0</speed>
      </trkpt>
      <trkpt lat="29.2080842" lon="119.6630754">
        <ele>577.72</ele>
        <time>2026-01-21T01:53:34Z</time>
        <speed>0.5394289</speed>
      </trkpt>
      <trkpt lat="29.208166" lon="119.6630161">
        <ele>581.71</ele>
        <time>2026-01-21T01:53:52Z</time>
        <speed>0.33096638</speed>
      </trkpt>
      <trkpt lat="29.208115" lon="119.6629183">
        <ele>586.39</ele>
        <time>2026-01-21T01:55:04Z</time>
        <speed>0.43391085</speed>
      </trkpt>
      <trkpt lat="29.2080483" lon="119.6628467">
        <ele>589.62</ele>
        <time>2026-01-21T01:55:18Z</time>
        <speed>0.6547267</speed>
      </trkpt>
      <trkpt lat="29.2081171" lon="119.6627806">
        <ele>592.02</ele>
        <time>2026-01-21T01:55:44Z</time>
        <speed>0.68200696</speed>
      </trkpt>
      <trkpt lat="29.2082046" lon="119.6627413">
        <ele>594.98</ele>
        <time>2026-01-21T01:55:56Z</time>
        <speed>0.7082578</speed>
      </trkpt>
      <trkpt lat="29.2083113" lon="119.6627167">
        <ele>597.4</ele>
        <time>2026-01-21T01:56:08Z</time>
        <speed>0.73090553</speed>
      </trkpt>
      <trkpt lat="29.2084274" lon="119.6627027">
        <ele>599.76</ele>
        <time>2026-01-21T01:56:20Z</time>
        <speed>0.8426003</speed>
      </trkpt>
      <trkpt lat="29.2085252" lon="119.6626748">
        <ele>601.63</ele>
        <time>2026-01-21T01:57:06Z</time>
        <speed>0.88944</speed>
      </trkpt>
      <trkpt lat="29.2086152" lon="119.6626417">
        <ele>606.48</ele>
        <time>2026-01-21T01:57:18Z</time>
        <speed>0.75458276</speed>
      </trkpt>
      <trkpt lat="29.2087007" lon="119.6625965">
        <ele>609.33</ele>
        <time>2026-01-21T01:57:32Z</time>
        <speed>0.6423733</speed>
      </trkpt>
      <trkpt lat="29.2087926" lon="119.6625836">
        <ele>612.5</ele>
        <time>2026-01-21T01:57:48Z</time>
        <speed>0.51575166</speed>
      </trkpt>
      <trkpt lat="29.2088795" lon="119.6625544">
        <ele>616.37</ele>
        <time>2026-01-21T01:58:00Z</time>
        <speed>0.7777453</speed>
      </trkpt>
      <trkpt lat="29.2089709" lon="119.6625242">
        <ele>620.38</ele>
        <time>2026-01-21T01:58:14Z</time>
        <speed>0.63774085</speed>
      </trkpt>
      <trkpt lat="29.2090515" lon="119.6624601">
        <ele>624.39</ele>
        <time>2026-01-21T01:58:28Z</time>
        <speed>0.5981072</speed>
      </trkpt>
      <trkpt lat="29.2091267" lon="119.6623936">
        <ele>627.92</ele>
        <time>2026-01-21T01:58:52Z</time>
        <speed>0.36390862</speed>
      </trkpt>
      <trkpt lat="29.2092119" lon="119.6623321">
        <ele>630.84</ele>
        <time>2026-01-21T01:59:16Z</time>
        <speed>0.472515</speed>
      </trkpt>
      <trkpt lat="29.2092999" lon="119.6623398">
        <ele>633.36</ele>
        <time>2026-01-21T01:59:34Z</time>
        <speed>0.59347475</speed>
      </trkpt>
      <trkpt lat="29.2093913" lon="119.6623595">
        <ele>636.04</ele>
        <time>2026-01-21T01:59:50Z</time>
        <speed>0.58935696</speed>
      </trkpt>
      <trkpt lat="29.2094874" lon="119.6623686">
        <ele>638.05</ele>
        <time>2026-01-21T02:00:00Z</time>
        <speed>0.7942164</speed>
      </trkpt>
      <trkpt lat="29.2095786" lon="119.662355">
        <ele>638.46</ele>
        <time>2026-01-21T02:00:14Z</time>
        <speed>0.71031666</speed>
      </trkpt>
      <trkpt lat="29.2096713" lon="119.6623085">
        <ele>639.34</ele>
        <time>2026-01-21T02:00:32Z</time>
        <speed>0.5559</speed>
      </trkpt>
      <trkpt lat="29.2097395" lon="119.6622271">
        <ele>640.95</ele>
        <time>2026-01-21T02:01:24Z</time>
        <speed>0.6397997</speed>
      </trkpt>
      <trkpt lat="29.2098088" lon="119.6621389">
        <ele>645.32</ele>
        <time>2026-01-21T02:01:58Z</time>
        <speed>0.68869835</speed>
      </trkpt>
      <trkpt lat="29.2098786" lon="119.662065">
        <ele>648.88</ele>
        <time>2026-01-21T02:02:10Z</time>
        <speed>0.73347914</speed>
      </trkpt>
      <trkpt lat="29.2099353" lon="119.6619822">
        <ele>652.16</ele>
        <time>2026-01-21T02:02:36Z</time>
        <speed>0.41743973</speed>
      </trkpt>
      <trkpt lat="29.2099864" lon="119.6618964">
        <ele>656.18</ele>
        <time>2026-01-21T02:02:52Z</time>
        <speed>0.5214136</speed>
      </trkpt>
      <trkpt lat="29.2100224" lon="119.6617901">
        <ele>659.03</ele>
        <time>2026-01-21T02:03:24Z</time>
        <speed>0.43854332</speed>
      </trkpt>
      <trkpt lat="29.2100401" lon="119.6616818">
        <ele>662.59</ele>
        <time>2026-01-21T02:03:42Z</time>
        <speed>0.52964914</speed>
      </trkpt>
      <trkpt lat="29.2100517" lon="119.6615617">
        <ele>665.6</ele>
        <time>2026-01-21T02:05:22Z</time>
        <speed>0.28103834</speed>
      </trkpt>
      <trkpt lat="29.2100683" lon="119.6614483">
        <ele>671.41</ele>
        <time>2026-01-21T02:05:40Z</time>
        <speed>0.5404583</speed>
      </trkpt>
      <trkpt lat="29.2100681" lon="119.6613392">
        <ele>675.49</ele>
        <time>2026-01-21T02:06:00Z</time>
        <speed>0.31758362</speed>
      </trkpt>
      <trkpt lat="29.2100378" lon="119.6612399">
        <ele>679.11</ele>
        <time>2026-01-21T02:06:18Z</time>
        <speed>0.5610472</speed>
      </trkpt>
      <trkpt lat="29.2100232" lon="119.6611361">
        <ele>681.99</ele>
        <time>2026-01-21T02:06:30Z</time>
        <speed>0.7350233</speed>
      </trkpt>
      <trkpt lat="29.2100503" lon="119.6610416">
        <ele>684.57</ele>
        <time>2026-01-21T02:07:02Z</time>
        <speed>0.5121486</speed>
      </trkpt>
      <trkpt lat="29.2101167" lon="119.6609467">
        <ele>687.64</ele>
        <time>2026-01-21T02:07:36Z</time>
        <speed>0.41280723</speed>
      </trkpt>
      <trkpt lat="29.2102066" lon="119.6608836">
        <ele>693.13</ele>
        <time>2026-01-21T02:07:50Z</time>
        <speed>0.6047986</speed>
      </trkpt>
      <trkpt lat="29.2103043" lon="119.6608757">
        <ele>697.63</ele>
        <time>2026-01-21T02:08:02Z</time>
        <speed>0.6228139</speed>
      </trkpt>
      <trkpt lat="29.2103969" lon="119.6608547">
        <ele>701.88</ele>
        <time>2026-01-21T02:08:12Z</time>
        <speed>0.7633331</speed>
      </trkpt>
      <trkpt lat="29.2104729" lon="119.6607975">
        <ele>705.29</ele>
        <time>2026-01-21T02:08:32Z</time>
        <speed>0.42258695</speed>
      </trkpt>
      <trkpt lat="29.2104317" lon="119.6606883">
        <ele>709.68</ele>
        <time>2026-01-21T02:10:38Z</time>
        <speed>0.39736557</speed>
      </trkpt>
      <trkpt lat="29.210375" lon="119.6605883">
        <ele>712.7</ele>
        <time>2026-01-21T02:10:52Z</time>
        <speed>0.6907572</speed>
      </trkpt>
      <trkpt lat="29.2103338" lon="119.6604771">
        <ele>715.45</ele>
        <time>2026-01-21T02:11:00Z</time>
        <speed>1.1128294</speed>
      </trkpt>
      <trkpt lat="29.2103302" lon="119.6603715">
        <ele>718.18</ele>
        <time>2026-01-21T02:11:10Z</time>
        <speed>0.81532</speed>
      </trkpt>
      <trkpt lat="29.2103935" lon="119.6603981">
        <ele>721.03</ele>
        <time>2026-01-21T02:11:20Z</time>
        <speed>0.8621597</speed>
      </trkpt>
      <trkpt lat="29.2104921" lon="119.6604197">
        <ele>723.73</ele>
        <time>2026-01-21T02:11:30Z</time>
        <speed>0.79679</speed>
      </trkpt>
      <trkpt lat="29.2105991" lon="119.6604203">
        <ele>727.11</ele>
        <time>2026-01-21T02:11:42Z</time>
        <speed>0.7406853</speed>
      </trkpt>
      <trkpt lat="29.2107033" lon="119.6604321">
        <ele>731.24</ele>
        <time>2026-01-21T02:11:56Z</time>
        <speed>0.64443225</speed>
      </trkpt>
      <trkpt lat="29.210791" lon="119.6604761">
        <ele>735.35</ele>
        <time>2026-01-21T02:12:10Z</time>
        <speed>0.4025128</speed>
      </trkpt>
      <trkpt lat="29.2108788" lon="119.660522">
        <ele>739.03</ele>
        <time>2026-01-21T02:12:24Z</time>
        <speed>0.63156414</speed>
      </trkpt>
      <trkpt lat="29.2109568" lon="119.6605838">
        <ele>742.16</ele>
        <time>2026-01-21T02:12:44Z</time>
        <speed>0.5121486</speed>
      </trkpt>
      <trkpt lat="29.2110389" lon="119.6606338">
        <ele>744.41</ele>
        <time>2026-01-21T02:12:56Z</time>
        <speed>0.8142906</speed>
      </trkpt>
      <trkpt lat="29.2111142" lon="119.6606993">
        <ele>745.4</ele>
        <time>2026-01-21T02:13:16Z</time>
        <speed>0.47302973</speed>
      </trkpt>
      <trkpt lat="29.2111258" lon="119.6606362">
        <ele>747.16</ele>
        <time>2026-01-21T02:13:34Z</time>
        <speed>0.57751834</speed>
      </trkpt>
      <trkpt lat="29.2111733" lon="119.6605427">
        <ele>749.76</ele>
        <time>2026-01-21T02:13:52Z</time>
        <speed>0.6758303</speed>
      </trkpt>
      <trkpt lat="29.2112202" lon="119.6604334">
        <ele>752.92</ele>
        <time>2026-01-21T02:14:10Z</time>
        <speed>0.74892086</speed>
      </trkpt>
      <trkpt lat="29.2112581" lon="119.6603196">
        <ele>758.2</ele>
        <time>2026-01-21T02:14:34Z</time>
        <speed>0.51884</speed>
      </trkpt>
      <trkpt lat="29.211319" lon="119.6602317">
        <ele>763.88</ele>
        <time>2026-01-21T02:15:26Z</time>
        <speed>0.43905807</speed>
      </trkpt>
      <trkpt lat="29.2114001" lon="119.6601854">
        <ele>768.19</ele>
        <time>2026-01-21T02:15:42Z</time>
        <speed>0.50391304</speed>
      </trkpt>
      <trkpt lat="29.2115052" lon="119.6601928">
        <ele>771.55</ele>
        <time>2026-01-21T02:16:40Z</time>
        <speed>0.48332417</speed>
      </trkpt>
      <trkpt lat="29.2116136" lon="119.6601761">
        <ele>777.34</ele>
        <time>2026-01-21T02:16:54Z</time>
        <speed>0.74222946</speed>
      </trkpt>
      <trkpt lat="29.2117135" lon="119.6601438">
        <ele>781.32</ele>
        <time>2026-01-21T02:17:08Z</time>
        <speed>0.7365675</speed>
      </trkpt>
      <trkpt lat="29.211809" lon="119.6601238">
        <ele>785.61</ele>
        <time>2026-01-21T02:17:28Z</time>
        <speed>0.49928054</speed>
      </trkpt>
      <trkpt lat="29.2118751" lon="119.6600534">
        <ele>789.95</ele>
        <time>2026-01-21T02:17:56Z</time>
        <speed>0.8194378</speed>
      </trkpt>
      <trkpt lat="29.211898" lon="119.6599505">
        <ele>794.53</ele>
        <time>2026-01-21T02:18:12Z</time>
        <speed>0.64082915</speed>
      </trkpt>
      <trkpt lat="29.211923" lon="119.6598444">
        <ele>797.7</ele>
        <time>2026-01-21T02:18:42Z</time>
        <speed>0.49619222</speed>
      </trkpt>
      <trkpt lat="29.2119421" lon="119.6597339">
        <ele>799.34</ele>
        <time>2026-01-21T02:18:58Z</time>
        <speed>0.6871542</speed>
      </trkpt>
      <trkpt lat="29.2119982" lon="119.6596501">
        <ele>801.43</ele>
        <time>2026-01-21T02:19:26Z</time>
        <speed>0.41538084</speed>
      </trkpt>
      <trkpt lat="29.2120702" lon="119.6595834">
        <ele>805.07</ele>
        <time>2026-01-21T02:19:56Z</time>
        <speed>0.3917036</speed>
      </trkpt>
      <trkpt lat="29.2121417" lon="119.6595071">
        <ele>809.13</ele>
        <time>2026-01-21T02:20:28Z</time>
        <speed>0.49670693</speed>
      </trkpt>
      <trkpt lat="29.2121887" lon="119.6594159">
        <ele>812.43</ele>
        <time>2026-01-21T02:21:06Z</time>
        <speed>0.2851561</speed>
      </trkpt>
      <trkpt lat="29.212196" lon="119.6593129">
        <ele>815.51</ele>
        <time>2026-01-21T02:21:24Z</time>
        <speed>0.69693387</speed>
      </trkpt>
      <trkpt lat="29.2121859" lon="119.6592049">
        <ele>818.43</ele>
        <time>2026-01-21T02:21:40Z</time>
        <speed>0.69796336</speed>
      </trkpt>
      <trkpt lat="29.2121684" lon="119.6590912">
        <ele>821.04</ele>
        <time>2026-01-21T02:22:00Z</time>
        <speed>0.45295554</speed>
      </trkpt>
      <trkpt lat="29.2121342" lon="119.6589774">
        <ele>823.26</ele>
        <time>2026-01-21T02:22:16Z</time>
        <speed>0.59913665</speed>
      </trkpt>
      <trkpt lat="29.212088" lon="119.6588769">
        <ele>825.43</ele>
        <time>2026-01-21T02:22:42Z</time>
        <speed>0.49413332</speed>
      </trkpt>
      <trkpt lat="29.2120193" lon="119.6588054">
        <ele>827.4</ele>
        <time>2026-01-21T02:23:02Z</time>
        <speed>0.57803303</speed>
      </trkpt>
      <trkpt lat="29.2119502" lon="119.6587302">
        <ele>828.69</ele>
        <time>2026-01-21T02:23:36Z</time>
        <speed>0.5404583</speed>
      </trkpt>
      <trkpt lat="29.2119619" lon="119.6586419">
        <ele>831.02</ele>
        <time>2026-01-21T02:23:56Z</time>
        <speed>0.54766446</speed>
      </trkpt>
      <trkpt lat="29.2120068" lon="119.6585478">
        <ele>834.02</ele>
        <time>2026-01-21T02:24:30Z</time>
        <speed>0.5404583</speed>
      </trkpt>
      <trkpt lat="29.2120524" lon="119.6584508">
        <ele>836.38</ele>
        <time>2026-01-21T02:25:10Z</time>
        <speed>0.56825334</speed>
      </trkpt>
      <trkpt lat="29.2121058" lon="119.6583507">
        <ele>840.22</ele>
        <time>2026-01-21T02:25:40Z</time>
        <speed>0.5595031</speed>
      </trkpt>
      <trkpt lat="29.2121749" lon="119.6583738">
        <ele>842.49</ele>
        <time>2026-01-21T02:26:06Z</time>
        <speed>0.4977364</speed>
      </trkpt>
      <trkpt lat="29.2122595" lon="119.6584185">
        <ele>846.71</ele>
        <time>2026-01-21T02:26:26Z</time>
        <speed>0.5378847</speed>
      </trkpt>
      <trkpt lat="29.2123418" lon="119.6584834">
        <ele>850.58</ele>
        <time>2026-01-21T02:26:46Z</time>
        <speed>0.0</speed>
      </trkpt>
      <trkpt lat="29.2124166" lon="119.6585572">
        <ele>854.2</ele>
        <time>2026-01-21T02:27:04Z</time>
        <speed>0.60994583</speed>
      </trkpt>
      <trkpt lat="29.2124953" lon="119.6586295">
        <ele>857.43</ele>
        <time>2026-01-21T02:27:30Z</time>
        <speed>0.6073722</speed>
      </trkpt>
      <trkpt lat="29.2125154" lon="119.6585661">
        <ele>860.86</ele>
        <time>2026-01-21T02:28:06Z</time>
        <speed>0.34692279</speed>
      </trkpt>
      <trkpt lat="29.212525" lon="119.6584532">
        <ele>864.66</ele>
        <time>2026-01-21T02:28:34Z</time>
        <speed>0.46376473</speed>
      </trkpt>
      <trkpt lat="29.2125728" lon="119.6583578">
        <ele>867.99</ele>
        <time>2026-01-21T02:28:48Z</time>
        <speed>0.5955336</speed>
      </trkpt>
      <trkpt lat="29.2126693" lon="119.6582939">
        <ele>870.96</ele>
        <time>2026-01-21T02:29:26Z</time>
        <speed>0.40199804</speed>
      </trkpt>
      <trkpt lat="29.2127739" lon="119.658259">
        <ele>874.51</ele>
        <time>2026-01-21T02:29:40Z</time>
        <speed>0.59090114</speed>
      </trkpt>
      <trkpt lat="29.2128708" lon="119.6582279">
        <ele>876.96</ele>
        <time>2026-01-21T02:30:02Z</time>
        <speed>0.0</speed>
      </trkpt>
      <trkpt lat="29.2129427" lon="119.6581563">
        <ele>880.54</ele>
        <time>2026-01-21T02:30:57Z</time>
        <speed>0.6516383</speed>
      </trkpt>
      <trkpt lat="29.2129697" lon="119.6580549">
        <ele>885.3</ele>
        <time>2026-01-21T02:31:19Z</time>
        <speed>0.6156078</speed>
      </trkpt>
      <trkpt lat="29.2130139" lon="119.6579631">
        <ele>890.25</ele>
        <time>2026-01-21T02:31:33Z</time>
        <speed>0.6073722</speed>
      </trkpt>
      <trkpt lat="29.2130661" lon="119.6580062">
        <ele>893.97</ele>
        <time>2026-01-21T02:32:17Z</time>
        <speed>0.7715686</speed>
      </trkpt>
      <trkpt lat="29.2131294" lon="119.6581107">
        <ele>898.11</ele>
        <time>2026-01-21T02:32:49Z</time>
        <speed>0.27280277</speed>
      </trkpt>
      <trkpt lat="29.2132154" lon="119.6581868">
        <ele>900.64</ele>
        <time>2026-01-21T02:33:03Z</time>
        <speed>0.63825554</speed>
      </trkpt>
      <trkpt lat="29.2133078" lon="119.6582291">
        <ele>902.52</ele>
        <time>2026-01-21T02:33:21Z</time>
        <speed>0.58060664</speed>
      </trkpt>
      <trkpt lat="29.2134009" lon="119.6582595">
        <ele>903.97</ele>
        <time>2026-01-21T02:33:53Z</time>
        <speed>0.21103612</speed>
      </trkpt>
      <trkpt lat="29.2134906" lon="119.6582436">
        <ele>907.0</ele>
        <time>2026-01-21T02:34:19Z</time>
        <speed>0.23831639</speed>
      </trkpt>
      <trkpt lat="29.2135872" lon="119.658218">
        <ele>909.62</ele>
        <time>2026-01-21T02:34:53Z</time>
        <speed>0.3433197</speed>
      </trkpt>
      <trkpt lat="29.2136861" lon="119.6581883">
        <ele>913.18</ele>
        <time>2026-01-21T02:35:23Z</time>
        <speed>0.37626195</speed>
      </trkpt>
      <trkpt lat="29.2137791" lon="119.6581542">
        <ele>916.98</ele>
        <time>2026-01-21T02:35:41Z</time>
        <speed>0.39479193</speed>
      </trkpt>
      <trkpt lat="29.2138646" lon="119.6581073">
        <ele>920.17</ele>
        <time>2026-01-21T02:35:55Z</time>
        <speed>0.59913665</speed>
      </trkpt>
      <trkpt lat="29.2139512" lon="119.658068">
        <ele>922.03</ele>
        <time>2026-01-21T02:36:15Z</time>
        <speed>0.61509305</speed>
      </trkpt>
      <trkpt lat="29.2140399" lon="119.6580453">
        <ele>924.04</ele>
        <time>2026-01-21T02:36:43Z</time>
        <speed>0.31603944</speed>
      </trkpt>
      <trkpt lat="29.2141096" lon="119.6579824">
        <ele>926.3</ele>
        <time>2026-01-21T02:37:05Z</time>
        <speed>0.47148556</speed>
      </trkpt>
      <trkpt lat="29.2141823" lon="119.6579079">
        <ele>928.67</ele>
        <time>2026-01-21T02:37:23Z</time>
        <speed>0.54251724</speed>
      </trkpt>
      <trkpt lat="29.2142484" lon="119.6578322">
        <ele>931.22</ele>
        <time>2026-01-21T02:37:41Z</time>
        <speed>0.47766224</speed>
      </trkpt>
      <trkpt lat="29.2143225" lon="119.6577588">
        <ele>933.88</ele>
        <time>2026-01-21T02:37:53Z</time>
        <speed>0.74377364</speed>
      </trkpt>
      <trkpt lat="29.2143638" lon="119.6576571">
        <ele>936.51</ele>
        <time>2026-01-21T02:38:07Z</time>
        <speed>0.7664214</speed>
      </trkpt>
      <trkpt lat="29.2144467" lon="119.6576056">
        <ele>939.0</ele>
        <time>2026-01-21T02:38:21Z</time>
        <speed>0.6748008</speed>
      </trkpt>
      <trkpt lat="29.2145304" lon="119.6575491">
        <ele>941.07</ele>
        <time>2026-01-21T02:38:33Z</time>
        <speed>0.79730475</speed>
      </trkpt>
      <trkpt lat="29.2146117" lon="119.6574977">
        <ele>943.19</ele>
        <time>2026-01-21T02:38:49Z</time>
        <speed>0.5178106</speed>
      </trkpt>
      <trkpt lat="29.2146963" lon="119.6574488">
        <ele>945.0</ele>
        <time>2026-01-21T02:38:59Z</time>
        <speed>0.88326335</speed>
      </trkpt>
      <trkpt lat="29.2147682" lon="119.6573813">
        <ele>946.08</ele>
        <time>2026-01-21T02:39:15Z</time>
        <speed>0.42104277</speed>
      </trkpt>
      <trkpt lat="29.2148488" lon="119.6573316">
        <ele>946.26</ele>
        <time>2026-01-21T02:39:31Z</time>
        <speed>0.54509085</speed>
      </trkpt>
      <trkpt lat="29.2149281" lon="119.6572641">
        <ele>945.67</ele>
        <time>2026-01-21T02:39:49Z</time>
        <speed>0.5208989</speed>
      </trkpt>
      <trkpt lat="29.2150193" lon="119.657212">
        <ele>945.04</ele>
        <time>2026-01-21T02:40:09Z</time>
        <speed>0.7267878</speed>
      </trkpt>
      <trkpt lat="29.215081" lon="119.6571338">
        <ele>945.19</ele>
        <time>2026-01-21T02:40:23Z</time>
        <speed>0.5610472</speed>
      </trkpt>
      <trkpt lat="29.2150999" lon="119.6570229">
        <ele>946.27</ele>
        <time>2026-01-21T02:40:49Z</time>
        <speed>0.47766224</speed>
      </trkpt>
      <trkpt lat="29.215142" lon="119.6569288">
        <ele>948.87</ele>
        <time>2026-01-21T02:41:21Z</time>
        <speed>0.50339836</speed>
      </trkpt>
      <trkpt lat="29.2151417" lon="119.65682">
        <ele>950.26</ele>
        <time>2026-01-21T02:45:39Z</time>
        <speed>0.9146614</speed>
      </trkpt>
      <trkpt lat="29.2152217" lon="119.6567717">
        <ele>950.96</ele>
        <time>2026-01-21T02:47:55Z</time>
        <speed>0.6073722</speed>
      </trkpt>
      <trkpt lat="29.2153083" lon="119.6567117">
        <ele>952.53</ele>
        <time>2026-01-21T02:48:19Z</time>
        <speed>0.40920416</speed>
      </trkpt>
      <trkpt lat="29.2153894" lon="119.6566573">
        <ele>954.37</ele>
        <time>2026-01-21T02:48:29Z</time>
        <speed>0.90797</speed>
      </trkpt>
      <trkpt lat="29.2154668" lon="119.6565924">
        <ele>956.06</ele>
        <time>2026-01-21T02:48:41Z</time>
        <speed>0.8250997</speed>
      </trkpt>
      <trkpt lat="29.2155532" lon="119.656543">
        <ele>957.58</ele>
        <time>2026-01-21T02:48:51Z</time>
        <speed>1.2023911</speed>
      </trkpt>
      <trkpt lat="29.2156354" lon="119.6564906">
        <ele>959.18</ele>
        <time>2026-01-21T02:49:05Z</time>
        <speed>0.83282053</speed>
      </trkpt>
      <trkpt lat="29.2157133" lon="119.6564241">
        <ele>961.47</ele>
        <time>2026-01-21T02:49:19Z</time>
        <speed>0.8343647</speed>
      </trkpt>
      <trkpt lat="29.2157909" lon="119.6563636">
        <ele>964.28</ele>
        <time>2026-01-21T02:49:31Z</time>
        <speed>0.72267</speed>
      </trkpt>
      <trkpt lat="29.2158099" lon="119.6562645">
        <ele>966.78</ele>
        <time>2026-01-21T02:50:07Z</time>
        <speed>0.41177776</speed>
      </trkpt>
      <trkpt lat="29.2158114" lon="119.6561552">
        <ele>968.21</ele>
        <time>2026-01-21T02:50:23Z</time>
        <speed>0.78186303</speed>
      </trkpt>
      <trkpt lat="29.2158698" lon="119.6560844">
        <ele>968.81</ele>
        <time>2026-01-21T02:50:45Z</time>
        <speed>0.5584736</speed>
      </trkpt>
      <trkpt lat="29.2159631" lon="119.6560668">
        <ele>969.62</ele>
        <time>2026-01-21T02:50:57Z</time>
        <speed>0.73862636</speed>
      </trkpt>
      <trkpt lat="29.2160749" lon="119.6560738">
        <ele>970.77</ele>
        <time>2026-01-21T02:51:11Z</time>
        <speed>0.91311723</speed>
      </trkpt>
      <trkpt lat="29.2161756" lon="119.6561037">
        <ele>971.82</ele>
        <time>2026-01-21T02:51:31Z</time>
        <speed>0.36442333</speed>
      </trkpt>
      <trkpt lat="29.2162774" lon="119.6560987">
        <ele>973.83</ele>
        <time>2026-01-21T02:52:27Z</time>
        <speed>0.6279611</speed>
      </trkpt>
      <trkpt lat="29.2163599" lon="119.6560491">
        <ele>976.57</ele>
        <time>2026-01-21T02:52:51Z</time>
        <speed>0.6186961</speed>
      </trkpt>
      <trkpt lat="29.2164426" lon="119.6559912">
        <ele>978.82</ele>
        <time>2026-01-21T02:53:07Z</time>
        <speed>0.5718564</speed>
      </trkpt>
      <trkpt lat="29.2165111" lon="119.655914">
        <ele>981.31</ele>
        <time>2026-01-21T02:53:23Z</time>
        <speed>0.6120047</speed>
      </trkpt>
      <trkpt lat="29.2165811" lon="119.6558416">
        <ele>983.63</ele>
        <time>2026-01-21T02:53:37Z</time>
        <speed>1.0551805</speed>
      </trkpt>
      <trkpt lat="29.2166601" lon="119.6558131">
        <ele>985.08</ele>
        <time>2026-01-21T02:54:07Z</time>
        <speed>0.0</speed>
      </trkpt>
      <trkpt lat="29.2167429" lon="119.655859">
        <ele>988.06</ele>
        <time>2026-01-21T02:54:41Z</time>
        <speed>1.5168864</speed>
      </trkpt>
      <trkpt lat="29.2167705" lon="119.6558388">
        <ele>991.0</ele>
        <time>2026-01-21T02:55:05Z</time>
        <speed>0.0</speed>
      </trkpt>
      <trkpt lat="29.216825" lon="119.6557667">
        <ele>992.12</ele>
        <time>2026-01-21T02:56:23Z</time>
        <speed>0.0</speed>
      </trkpt>
      <trkpt lat="29.2169183" lon="119.6557267">
        <ele>991.94</ele>
        <time>2026-01-21T02:57:21Z</time>
        <speed>0.8652481</speed>
      </trkpt>
      <trkpt lat="29.2170103" lon="119.6556867">
        <ele>993.38</ele>
        <time>2026-01-21T02:57:35Z</time>
        <speed>0.67788917</speed>
      </trkpt>
      <trkpt lat="29.2170904" lon="119.6556287">
        <ele>994.29</ele>
        <time>2026-01-21T02:57:51Z</time>
        <speed>0.66605055</speed>
      </trkpt>
      <trkpt lat="29.2171718" lon="119.6555638">
        <ele>997.39</ele>
        <time>2026-01-21T02:58:03Z</time>
        <speed>1.0351064</speed>
      </trkpt>
      <trkpt lat="29.217254" lon="119.6555032">
        <ele>999.72</ele>
        <time>2026-01-21T02:58:15Z</time>
        <speed>1.3109975</speed>
      </trkpt>
      <trkpt lat="29.2173268" lon="119.6554237">
        <ele>1002.08</ele>
        <time>2026-01-21T02:58:27Z</time>
        <speed>0.93730915</speed>
      </trkpt>
      <trkpt lat="29.2174025" lon="119.6553564">
        <ele>1003.94</ele>
        <time>2026-01-21T02:58:39Z</time>
        <speed>0.861645</speed>
      </trkpt>
      <trkpt lat="29.2174924" lon="119.6553059">
        <ele>1005.3</ele>
        <time>2026-01-21T02:58:53Z</time>
        <speed>0.7550975</speed>
      </trkpt>
      <trkpt lat="29.2175864" lon="119.6552641">
        <ele>1004.91</ele>
        <time>2026-01-21T02:59:07Z</time>
        <speed>0.8518653</speed>
      </trkpt>
      <trkpt lat="29.2176737" lon="119.6552057">
        <ele>1004.22</ele>
        <time>2026-01-21T02:59:33Z</time>
        <speed>0.69127196</speed>
      </trkpt>
      <trkpt lat="29.2177679" lon="119.6551816">
        <ele>1003.22</ele>
        <time>2026-01-21T02:59:49Z</time>
        <speed>0.6871542</speed>
      </trkpt>
      <trkpt lat="29.2178547" lon="119.6552217">
        <ele>1002.52</ele>
        <time>2026-01-21T03:00:19Z</time>
        <speed>0.47869167</speed>
      </trkpt>
      <trkpt lat="29.2179233" lon="119.65517">
        <ele>1002.21</ele>
        <time>2026-01-21T03:01:35Z</time>
        <speed>0.28103834</speed>
      </trkpt>
      <trkpt lat="29.2179883" lon="119.6550833">
        <ele>1000.66</ele>
        <time>2026-01-21T03:02:01Z</time>
        <speed>0.5553853</speed>
      </trkpt>
      <trkpt lat="29.2180547" lon="119.6550079">
        <ele>998.91</ele>
        <time>2026-01-21T03:02:09Z</time>
        <speed>1.3418808</speed>
      </trkpt>
      <trkpt lat="29.2181278" lon="119.6549397">
        <ele>997.32</ele>
        <time>2026-01-21T03:02:21Z</time>
        <speed>1.0479745</speed>
      </trkpt>
      <trkpt lat="29.2181742" lon="119.6549051">
        <ele>996.62</ele>
        <time>2026-01-21T03:02:37Z</time>
        <speed>0.0</speed>
      </trkpt>
      <trkpt lat="29.2182482" lon="119.6548622">
        <ele>996.35</ele>
        <time>2026-01-21T03:02:49Z</time>
        <speed>0.8601008</speed>
      </trkpt>
      <trkpt lat="29.2183435" lon="119.6548281">
        <ele>996.16</ele>
        <time>2026-01-21T03:03:17Z</time>
        <speed>0.811717</speed>
      </trkpt>
      <trkpt lat="29.2184496" lon="119.6548127">
        <ele>995.75</ele>
        <time>2026-01-21T03:03:31Z</time>
        <speed>0.88377804</speed>
      </trkpt>
      <trkpt lat="29.2185467" lon="119.6548058">
        <ele>995.51</ele>
        <time>2026-01-21T03:03:41Z</time>
        <speed>0.9723103</speed>
      </trkpt>
      <trkpt lat="29.2186415" lon="119.6547879">
        <ele>994.9</ele>
        <time>2026-01-21T03:03:51Z</time>
        <speed>1.4170303</speed>
      </trkpt>
      <trkpt lat="29.2187478" lon="119.6547661">
        <ele>993.7</ele>
        <time>2026-01-21T03:04:31Z</time>
        <speed>0.58009195</speed>
      </trkpt>
      <trkpt lat="29.2188507" lon="119.6547553">
        <ele>992.28</ele>
        <time>2026-01-21T03:04:41Z</time>
        <speed>1.0603278</speed>
      </trkpt>
      <trkpt lat="29.218943" lon="119.6547837">
        <ele>991.21</ele>
        <time>2026-01-21T03:04:49Z</time>
        <speed>1.2111413</speed>
      </trkpt>
      <trkpt lat="29.2190288" lon="119.654826">
        <ele>990.61</ele>
        <time>2026-01-21T03:04:57Z</time>
        <speed>1.3547488</speed>
      </trkpt>
      <trkpt lat="29.2190438" lon="119.6548459">
        <ele>989.74</ele>
        <time>2026-01-21T03:05:09Z</time>
        <speed>0.0</speed>
      </trkpt>
      <trkpt lat="29.2190999" lon="119.6548843">
        <ele>989.64</ele>
        <time>2026-01-21T03:05:19Z</time>
        <speed>1.0031936</speed>
      </trkpt>
      <trkpt lat="29.2191702" lon="119.654956">
        <ele>989.36</ele>
        <time>2026-01-21T03:05:29Z</time>
        <speed>1.0742253</speed>
      </trkpt>
      <trkpt lat="29.2191944" lon="119.6549825">
        <ele>989.21</ele>
        <time>2026-01-21T03:05:41Z</time>
        <speed>0.0</speed>
      </trkpt>
      <trkpt lat="29.219241" lon="119.6550653">
        <ele>989.38</ele>
        <time>2026-01-21T03:06:37Z</time>
        <speed>1.1668752</speed>
      </trkpt>
      <trkpt lat="29.2192992" lon="119.6551537">
        <ele>989.3</ele>
        <time>2026-01-21T03:06:45Z</time>
        <speed>1.3820292</speed>
      </trkpt>
      <trkpt lat="29.2193627" lon="119.6552367">
        <ele>989.47</ele>
        <time>2026-01-21T03:06:53Z</time>
        <speed>1.2971</speed>
      </trkpt>
      <trkpt lat="29.2194525" lon="119.6553023">
        <ele>989.57</ele>
        <time>2026-01-21T03:07:03Z</time>
        <speed>1.1977586</speed>
      </trkpt>
      <trkpt lat="29.219545" lon="119.6553573">
        <ele>989.5</ele>
        <time>2026-01-21T03:07:13Z</time>
        <speed>1.1200355</speed>
      </trkpt>
      <trkpt lat="29.2195829" lon="119.6553928">
        <ele>989.07</ele>
        <time>2026-01-21T03:07:25Z</time>
        <speed>0.0</speed>
      </trkpt>
      <trkpt lat="29.2196435" lon="119.6554671">
        <ele>988.82</ele>
        <time>2026-01-21T03:07:57Z</time>
        <speed>1.2312156</speed>
      </trkpt>
      <trkpt lat="29.2197124" lon="119.6555385">
        <ele>988.0</ele>
        <time>2026-01-21T03:08:05Z</time>
        <speed>1.3084239</speed>
      </trkpt>
      <trkpt lat="29.2198056" lon="119.6555686">
        <ele>987.31</ele>
        <time>2026-01-21T03:08:15Z</time>
        <speed>1.1040791</speed>
      </trkpt>
      <trkpt lat="29.2199084" lon="119.6555656">
        <ele>987.0</ele>
        <time>2026-01-21T03:08:25Z</time>
        <speed>1.1524631</speed>
      </trkpt>
      <trkpt lat="29.2200096" lon="119.6555312">
        <ele>986.92</ele>
        <time>2026-01-21T03:08:35Z</time>
        <speed>1.1653311</speed>
      </trkpt>
      <trkpt lat="29.2200648" lon="119.6554895">
        <ele>986.74</ele>
        <time>2026-01-21T03:08:49Z</time>
        <speed>0.0</speed>
      </trkpt>
      <trkpt lat="29.2200902" lon="119.6553969">
        <ele>986.76</ele>
        <time>2026-01-21T03:09:11Z</time>
        <speed>0.95326555</speed>
      </trkpt>
      <trkpt lat="29.2201181" lon="119.6552742">
        <ele>986.78</ele>
        <time>2026-01-21T03:09:21Z</time>
        <speed>1.2301861</speed>
      </trkpt>
      <trkpt lat="29.2201735" lon="119.6552933">
        <ele>986.4</ele>
        <time>2026-01-21T03:09:35Z</time>
        <speed>1.0922406</speed>
      </trkpt>
      <trkpt lat="29.2201915" lon="119.6553906">
        <ele>984.72</ele>
        <time>2026-01-21T03:09:43Z</time>
        <speed>1.5652703</speed>
      </trkpt>
      <trkpt lat="29.2201662" lon="119.6555193">
        <ele>982.65</ele>
        <time>2026-01-21T03:10:01Z</time>
        <speed>0.68200696</speed>
      </trkpt>
      <trkpt lat="29.2201017" lon="119.6556234">
        <ele>982.11</ele>
        <time>2026-01-21T03:10:11Z</time>
        <speed>1.1900377</speed>
      </trkpt>
      <trkpt lat="29.220016" lon="119.6557029">
        <ele>981.72</ele>
        <time>2026-01-21T03:10:23Z</time>
        <speed>1.0170912</speed>
      </trkpt>
      <trkpt lat="29.2199416" lon="119.655798">
        <ele>981.58</ele>
        <time>2026-01-21T03:10:33Z</time>
        <speed>1.26004</speed>
      </trkpt>
      <trkpt lat="29.2199508" lon="119.6558943">
        <ele>981.46</ele>
        <time>2026-01-21T03:10:43Z</time>
        <speed>1.2250389</speed>
      </trkpt>
      <trkpt lat="29.2200318" lon="119.6559066">
        <ele>981.13</ele>
        <time>2026-01-21T03:10:51Z</time>
        <speed>1.2672461</speed>
      </trkpt>
      <trkpt lat="29.2201324" lon="119.6558514">
        <ele>979.74</ele>
        <time>2026-01-21T03:11:03Z</time>
        <speed>0.88068974</speed>
      </trkpt>
      <trkpt lat="29.22023" lon="119.6557267">
        <ele>979.17</ele>
        <time>2026-01-21T03:12:17Z</time>
        <speed>0.5502381</speed>
      </trkpt>
      <trkpt lat="29.2203067" lon="119.655635">
        <ele>978.06</ele>
        <time>2026-01-21T03:12:27Z</time>
        <speed>1.2631283</speed>
      </trkpt>
      <trkpt lat="29.2203932" lon="119.6555532">
        <ele>977.22</ele>
        <time>2026-01-21T03:12:37Z</time>
        <speed>1.2482014</speed>
      </trkpt>
      <trkpt lat="29.2204622" lon="119.6554654">
        <ele>976.35</ele>
        <time>2026-01-21T03:12:45Z</time>
        <speed>1.3979856</speed>
      </trkpt>
      <trkpt lat="29.2205395" lon="119.6553909">
        <ele>975.43</ele>
        <time>2026-01-21T03:12:55Z</time>
        <speed>1.1926113</speed>
      </trkpt>
      <trkpt lat="29.220619" lon="119.6553287">
        <ele>974.51</ele>
        <time>2026-01-21T03:13:03Z</time>
        <speed>1.2729081</speed>
      </trkpt>
      <trkpt lat="29.2206742" lon="119.6552478">
        <ele>973.86</ele>
        <time>2026-01-21T03:13:11Z</time>
        <speed>1.282173</speed>
      </trkpt>
      <trkpt lat="29.2207266" lon="119.6551591">
        <ele>972.59</ele>
        <time>2026-01-21T03:13:19Z</time>
        <speed>1.35269</speed>
      </trkpt>
      <trkpt lat="29.2207792" lon="119.6550717">
        <ele>971.26</ele>
        <time>2026-01-21T03:13:27Z</time>
        <speed>1.5251219</speed>
      </trkpt>
      <trkpt lat="29.2208177" lon="119.6550231">
        <ele>970.46</ele>
        <time>2026-01-21T03:13:39Z</time>
        <speed>0.0</speed>
      </trkpt>
      <trkpt lat="29.2208865" lon="119.6549639">
        <ele>969.96</ele>
        <time>2026-01-21T03:13:51Z</time>
        <speed>1.1689342</speed>
      </trkpt>
      <trkpt lat="29.2209699" lon="119.6549151">
        <ele>969.42</ele>
        <time>2026-01-21T03:13:59Z</time>
        <speed>1.7850567</speed>
      </trkpt>
      <trkpt lat="29.2210675" lon="119.6549022">
        <ele>968.72</ele>
        <time>2026-01-21T03:14:11Z</time>
        <speed>1.3948972</speed>
      </trkpt>
      <trkpt lat="29.2211739" lon="119.6549116">
        <ele>966.95</ele>
        <time>2026-01-21T03:14:25Z</time>
        <speed>1.0670192</speed>
      </trkpt>
      <trkpt lat="29.2212469" lon="119.6549919">
        <ele>967.83</ele>
        <time>2026-01-21T03:14:39Z</time>
        <speed>1.300703</speed>
      </trkpt>
      <trkpt lat="29.2212614" lon="119.6551206">
        <ele>967.26</ele>
        <time>2026-01-21T03:14:47Z</time>
        <speed>1.5292398</speed>
      </trkpt>
      <trkpt lat="29.2212706" lon="119.6552418">
        <ele>965.68</ele>
        <time>2026-01-21T03:14:55Z</time>
        <speed>1.443281</speed>
      </trkpt>
      <trkpt lat="29.2212304" lon="119.6553511">
        <ele>964.06</ele>
        <time>2026-01-21T03:15:11Z</time>
        <speed>0.8112022</speed>
      </trkpt>
      <trkpt lat="29.2211757" lon="119.655446">
        <ele>961.75</ele>
        <time>2026-01-21T03:15:19Z</time>
        <speed>1.1169472</speed>
      </trkpt>
      <trkpt lat="29.2211197" lon="119.6555538">
        <ele>960.87</ele>
        <time>2026-01-21T03:15:29Z</time>
        <speed>1.1931261</speed>
      </trkpt>
      <trkpt lat="29.221046" lon="119.655653">
        <ele>960.67</ele>
        <time>2026-01-21T03:15:37Z</time>
        <speed>1.6224045</speed>
      </trkpt>
      <trkpt lat="29.2210213" lon="119.6557649">
        <ele>960.29</ele>
        <time>2026-01-21T03:15:47Z</time>
        <speed>1.2646725</speed>
      </trkpt>
      <trkpt lat="29.2210263" lon="119.6558765">
        <ele>959.87</ele>
        <time>2026-01-21T03:15:55Z</time>
        <speed>1.3835733</speed>
      </trkpt>
      <trkpt lat="29.2210392" lon="119.6559913">
        <ele>959.45</ele>
        <time>2026-01-21T03:16:03Z</time>
        <speed>1.3912941</speed>
      </trkpt>
      <trkpt lat="29.22105" lon="119.6560995">
        <ele>959.39</ele>
        <time>2026-01-21T03:16:11Z</time>
        <speed>1.3197478</speed>
      </trkpt>
      <trkpt lat="29.2210582" lon="119.6562074">
        <ele>958.96</ele>
        <time>2026-01-21T03:16:21Z</time>
        <speed>1.0829755</speed>
      </trkpt>
      <trkpt lat="29.2210646" lon="119.6563266">
        <ele>959.19</ele>
        <time>2026-01-21T03:16:31Z</time>
        <speed>1.1993028</speed>
      </trkpt>
      <trkpt lat="29.2210939" lon="119.6564401">
        <ele>959.88</ele>
        <time>2026-01-21T03:16:47Z</time>
        <speed>0.78803974</speed>
      </trkpt>
      <trkpt lat="29.2211177" lon="119.6565509">
        <ele>960.67</ele>
        <time>2026-01-21T03:16:57Z</time>
        <speed>0.99701697</speed>
      </trkpt>
      <trkpt lat="29.2211407" lon="119.6566633">
        <ele>961.97</ele>
        <time>2026-01-21T03:17:07Z</time>
        <speed>1.1504042</speed>
      </trkpt>
      <trkpt lat="29.2211518" lon="119.6567576">
        <ele>963.49</ele>
        <time>2026-01-21T03:17:29Z</time>
        <speed>0.0</speed>
      </trkpt>
      <trkpt lat="29.2211871" lon="119.6568516">
        <ele>965.39</ele>
        <time>2026-01-21T03:17:41Z</time>
        <speed>1.1071675</speed>
      </trkpt>
      <trkpt lat="29.2212382" lon="119.6569364">
        <ele>966.73</ele>
        <time>2026-01-21T03:17:49Z</time>
        <speed>1.1854053</speed>
      </trkpt>
      <trkpt lat="29.2213127" lon="119.6570034">
        <ele>967.88</ele>
        <time>2026-01-21T03:17:59Z</time>
        <speed>1.0629014</speed>
      </trkpt>
      <trkpt lat="29.2213769" lon="119.657086">
        <ele>968.92</ele>
        <time>2026-01-21T03:18:09Z</time>
        <speed>1.0876081</speed>
      </trkpt>
      <trkpt lat="29.2214178" lon="119.6571819">
        <ele>970.12</ele>
        <time>2026-01-21T03:18:25Z</time>
        <speed>0.41280723</speed>
      </trkpt>
      <trkpt lat="29.2214771" lon="119.6572588">
        <ele>971.61</ele>
        <time>2026-01-21T03:18:35Z</time>
        <speed>1.0315033</speed>
      </trkpt>
      <trkpt lat="29.221568" lon="119.6572515">
        <ele>973.24</ele>
        <time>2026-01-21T03:18:45Z</time>
        <speed>1.1792287</speed>
      </trkpt>
      <trkpt lat="29.2215961" lon="119.6572404">
        <ele>975.07</ele>
        <time>2026-01-21T03:18:55Z</time>
        <speed>0.0</speed>
      </trkpt>
      <trkpt lat="29.2216431" lon="119.657174">
        <ele>976.46</ele>
        <time>2026-01-21T03:19:11Z</time>
        <speed>1.043342</speed>
      </trkpt>
      <trkpt lat="29.2216981" lon="119.657074">
        <ele>977.17</ele>
        <time>2026-01-21T03:19:23Z</time>
        <speed>1.7407906</speed>
      </trkpt>
      <trkpt lat="29.2217362" lon="119.6569624">
        <ele>978.13</ele>
        <time>2026-01-21T03:19:35Z</time>
        <speed>0.93988276</speed>
      </trkpt>
      <trkpt lat="29.2216965" lon="119.6568572">
        <ele>979.54</ele>
        <time>2026-01-21T03:20:13Z</time>
        <speed>1.046945</speed>
      </trkpt>
      <trkpt lat="29.2216128" lon="119.6567659">
        <ele>980.12</ele>
        <time>2026-01-21T03:20:29Z</time>
        <speed>0.96922195</speed>
      </trkpt>
      <trkpt lat="29.221524" lon="119.6566796">
        <ele>980.46</ele>
        <time>2026-01-21T03:20:39Z</time>
        <speed>1.1828316</speed>
      </trkpt>
      <trkpt lat="29.2215109" lon="119.6565612">
        <ele>981.21</ele>
        <time>2026-01-21T03:20:51Z</time>
        <speed>1.3408514</speed>
      </trkpt>
      <trkpt lat="29.2215319" lon="119.6564457">
        <ele>982.06</ele>
        <time>2026-01-21T03:21:01Z</time>
        <speed>1.3037914</speed>
      </trkpt>
      <trkpt lat="29.221598" lon="119.6563655">
        <ele>982.85</ele>
        <time>2026-01-21T03:21:11Z</time>
        <speed>1.0989319</speed>
      </trkpt>
      <trkpt lat="29.2216697" lon="119.6562838">
        <ele>983.39</ele>
        <time>2026-01-21T03:21:27Z</time>
        <speed>0.5697975</speed>
      </trkpt>
      <trkpt lat="29.2217705" lon="119.6562513">
        <ele>983.65</ele>
        <time>2026-01-21T03:21:39Z</time>
        <speed>0.967163</speed>
      </trkpt>
      <trkpt lat="29.221882" lon="119.6562223">
        <ele>983.41</ele>
        <time>2026-01-21T03:21:57Z</time>
        <speed>1.0212089</speed>
      </trkpt>
      <trkpt lat="29.2219795" lon="119.6562452">
        <ele>983.02</ele>
        <time>2026-01-21T03:22:05Z</time>
        <speed>1.3017325</speed>
      </trkpt>
      <trkpt lat="29.2220683" lon="119.6562929">
        <ele>982.88</ele>
        <time>2026-01-21T03:22:13Z</time>
        <speed>1.3125417</speed>
      </trkpt>
      <trkpt lat="29.2221499" lon="119.6563483">
        <ele>983.54</ele>
        <time>2026-01-21T03:22:21Z</time>
        <speed>1.2240094</speed>
      </trkpt>
      <trkpt lat="29.2222192" lon="119.6564256">
        <ele>984.51</ele>
        <time>2026-01-21T03:22:35Z</time>
        <speed>0.85083586</speed>
      </trkpt>
      <trkpt lat="29.2222706" lon="119.6565175">
        <ele>986.1</ele>
        <time>2026-01-21T03:22:57Z</time>
        <speed>0.7525239</speed>
      </trkpt>
      <trkpt lat="29.2223191" lon="119.6566099">
        <ele>988.12</ele>
        <time>2026-01-21T03:23:21Z</time>
        <speed>0.9959875</speed>
      </trkpt>
      <trkpt lat="29.222398" lon="119.656654">
        <ele>989.57</ele>
        <time>2026-01-21T03:23:29Z</time>
        <speed>0.9362797</speed>
      </trkpt>
      <trkpt lat="29.2224952" lon="119.6566832">
        <ele>990.32</ele>
        <time>2026-01-21T03:23:37Z</time>
        <speed>1.2543781</speed>
      </trkpt>
      <trkpt lat="29.2225917" lon="119.6566726">
        <ele>991.51</ele>
        <time>2026-01-21T03:23:47Z</time>
        <speed>1.1874641</speed>
      </trkpt>
      <trkpt lat="29.22265" lon="119.6566519">
        <ele>993.53</ele>
        <time>2026-01-21T03:24:03Z</time>
        <speed>0.0</speed>
      </trkpt>
      <trkpt lat="29.2227086" lon="119.6567058">
        <ele>994.72</ele>
        <time>2026-01-21T03:24:25Z</time>
        <speed>0.2897886</speed>
      </trkpt>
      <trkpt lat="29.2227751" lon="119.656788">
        <ele>995.06</ele>
        <time>2026-01-21T03:24:39Z</time>
        <speed>1.0850345</speed>
      </trkpt>
      <trkpt lat="29.2228618" lon="119.6568639">
        <ele>995.08</ele>
        <time>2026-01-21T03:24:53Z</time>
        <speed>0.80039304</speed>
      </trkpt>
      <trkpt lat="29.2229332" lon="119.6569531">
        <ele>994.7</ele>
        <time>2026-01-21T03:25:05Z</time>
        <speed>1.0690781</speed>
      </trkpt>
      <trkpt lat="29.2230193" lon="119.6570309">
        <ele>993.67</ele>
        <time>2026-01-21T03:25:15Z</time>
        <speed>1.1390803</speed>
      </trkpt>
      <trkpt lat="29.223086" lon="119.6571307">
        <ele>994.41</ele>
        <time>2026-01-21T03:25:25Z</time>
        <speed>1.2296714</speed>
      </trkpt>
      <trkpt lat="29.2231474" lon="119.6572283">
        <ele>995.74</ele>
        <time>2026-01-21T03:25:43Z</time>
        <speed>0.6248728</speed>
      </trkpt>
      <trkpt lat="29.2231888" lon="119.6573251">
        <ele>997.49</ele>
        <time>2026-01-21T03:25:55Z</time>
        <speed>0.76127416</speed>
      </trkpt>
      <trkpt lat="29.223231" lon="119.6574161">
        <ele>998.65</ele>
        <time>2026-01-21T03:26:07Z</time>
        <speed>0.9985611</speed>
      </trkpt>
      <trkpt lat="29.2232876" lon="119.6575085">
        <ele>999.06</ele>
        <time>2026-01-21T03:26:37Z</time>
        <speed>0.78443664</speed>
      </trkpt>
      <trkpt lat="29.2233413" lon="119.6576115">
        <ele>1000.02</ele>
        <time>2026-01-21T03:26:47Z</time>
        <speed>1.1349626</speed>
      </trkpt>
      <trkpt lat="29.2233986" lon="119.657711">
        <ele>1000.53</ele>
        <time>2026-01-21T03:26:57Z</time>
        <speed>1.1184914</speed>
      </trkpt>
      <trkpt lat="29.2234497" lon="119.6578086">
        <ele>1000.73</ele>
        <time>2026-01-21T03:27:07Z</time>
        <speed>1.1138589</speed>
      </trkpt>
      <trkpt lat="29.223502" lon="119.6579054">
        <ele>1000.89</ele>
        <time>2026-01-21T03:27:17Z</time>
        <speed>1.1215798</speed>
      </trkpt>
      <trkpt lat="29.2235336" lon="119.6580182">
        <ele>1000.55</ele>
        <time>2026-01-21T03:27:27Z</time>
        <speed>1.0953289</speed>
      </trkpt>
      <trkpt lat="29.2235416" lon="119.6581307">
        <ele>1000.49</ele>
        <time>2026-01-21T03:27:37Z</time>
        <speed>1.1643016</speed>
      </trkpt>
      <trkpt lat="29.2234956" lon="119.6582423">
        <ele>1000.71</ele>
        <time>2026-01-21T03:27:51Z</time>
        <speed>0.8065697</speed>
      </trkpt>
      <trkpt lat="29.2234445" lon="119.6583468">
        <ele>1001.69</ele>
        <time>2026-01-21T03:28:01Z</time>
        <speed>0.9738544</speed>
      </trkpt>
      <trkpt lat="29.2233891" lon="119.6584435">
        <ele>1003.2</ele>
        <time>2026-01-21T03:28:17Z</time>
        <speed>0.5178106</speed>
      </trkpt>
      <trkpt lat="29.223322" lon="119.6585202">
        <ele>1006.13</ele>
        <time>2026-01-21T03:28:25Z</time>
        <speed>1.1076822</speed>
      </trkpt>
      <trkpt lat="29.2232559" lon="119.6586139">
        <ele>1007.79</ele>
        <time>2026-01-21T03:28:35Z</time>
        <speed>1.228642</speed>
      </trkpt>
      <trkpt lat="29.223208" lon="119.6587177">
        <ele>1009.17</ele>
        <time>2026-01-21T03:28:45Z</time>
        <speed>1.2723933</speed>
      </trkpt>
      <trkpt lat="29.2231948" lon="119.6588263">
        <ele>1010.82</ele>
        <time>2026-01-21T03:28:57Z</time>
        <speed>0.9100289</speed>
      </trkpt>
      <trkpt lat="29.2232088" lon="119.6589323">
        <ele>1012.02</ele>
        <time>2026-01-21T03:29:13Z</time>
        <speed>0.5656797</speed>
      </trkpt>
      <trkpt lat="29.2231805" lon="119.6590341">
        <ele>1013.47</ele>
        <time>2026-01-21T03:29:35Z</time>
        <speed>0.8075992</speed>
      </trkpt>
      <trkpt lat="29.2231176" lon="119.6591105">
        <ele>1013.23</ele>
        <time>2026-01-21T03:29:45Z</time>
        <speed>1.0634161</speed>
      </trkpt>
      <trkpt lat="29.2230344" lon="119.6591702">
        <ele>1012.83</ele>
        <time>2026-01-21T03:29:53Z</time>
        <speed>1.2991589</speed>
      </trkpt>
      <trkpt lat="29.2229635" lon="119.6592478">
        <ele>1013.63</ele>
        <time>2026-01-21T03:30:05Z</time>
        <speed>1.028415</speed>
      </trkpt>
      <trkpt lat="29.2229371" lon="119.6593149">
        <ele>1013.92</ele>
        <time>2026-01-21T03:30:17Z</time>
        <speed>0.0</speed>
      </trkpt>
      <trkpt lat="29.2229276" lon="119.6594093">
        <ele>1014.04</ele>
        <time>2026-01-21T03:30:55Z</time>
        <speed>0.32118666</speed>
      </trkpt>
      <trkpt lat="29.2229609" lon="119.6595105">
        <ele>1014.5</ele>
        <time>2026-01-21T03:31:05Z</time>
        <speed>1.0603278</speed>
      </trkpt>
      <trkpt lat="29.2230266" lon="119.6596105">
        <ele>1014.88</ele>
        <time>2026-01-21T03:31:15Z</time>
        <speed>1.1143736</speed>
      </trkpt>
      <trkpt lat="29.223117" lon="119.6596677">
        <ele>1015.41</ele>
        <time>2026-01-21T03:31:25Z</time>
        <speed>1.0536364</speed>
      </trkpt>
      <trkpt lat="29.2231652" lon="119.6596974">
        <ele>1016.18</ele>
        <time>2026-01-21T03:31:35Z</time>
        <speed>0.0</speed>
      </trkpt>
      <trkpt lat="29.2232523" lon="119.6596968">
        <ele>1016.79</ele>
        <time>2026-01-21T03:31:51Z</time>
        <speed>1.1040791</speed>
      </trkpt>
      <trkpt lat="29.2233492" lon="119.6597076">
        <ele>1017.53</ele>
        <time>2026-01-21T03:32:01Z</time>
        <speed>1.1298152</speed>
      </trkpt>
      <trkpt lat="29.2234517" lon="119.659697">
        <ele>1018.98</ele>
        <time>2026-01-21T03:32:13Z</time>
        <speed>0.88841057</speed>
      </trkpt>
      <trkpt lat="29.2235359" lon="119.6596368">
        <ele>1020.28</ele>
        <time>2026-01-21T03:32:23Z</time>
        <speed>1.0994467</speed>
      </trkpt>
      <trkpt lat="29.2236135" lon="119.6595603">
        <ele>1021.58</ele>
        <time>2026-01-21T03:32:33Z</time>
        <speed>1.1123147</speed>
      </trkpt>
      <trkpt lat="29.2236942" lon="119.6594877">
        <ele>1022.88</ele>
        <time>2026-01-21T03:32:47Z</time>
        <speed>0.731935</speed>
      </trkpt>
      <trkpt lat="29.2237803" lon="119.6594331">
        <ele>1023.7</ele>
        <time>2026-01-21T03:32:59Z</time>
        <speed>0.89304304</speed>
      </trkpt>
      <trkpt lat="29.2238636" lon="119.6593701">
        <ele>1024.18</ele>
        <time>2026-01-21T03:33:09Z</time>
        <speed>1.0762842</speed>
      </trkpt>
      <trkpt lat="29.2239405" lon="119.6593037">
        <ele>1024.36</ele>
        <time>2026-01-21T03:33:19Z</time>
        <speed>1.0279002</speed>
      </trkpt>
      <trkpt lat="29.2239739" lon="119.6592577">
        <ele>1024.38</ele>
        <time>2026-01-21T03:33:33Z</time>
        <speed>0.0</speed>
      </trkpt>
      <trkpt lat="29.2240206" lon="119.6591844">
        <ele>1024.26</ele>
        <time>2026-01-21T03:33:45Z</time>
        <speed>0.94142693</speed>
      </trkpt>
      <trkpt lat="29.2240596" lon="119.6590939">
        <ele>1024.06</ele>
        <time>2026-01-21T03:34:05Z</time>
        <speed>0.8637039</speed>
      </trkpt>
      <trkpt lat="29.224105" lon="119.6589883">
        <ele>1024.81</ele>
        <time>2026-01-21T03:35:21Z</time>
        <speed>0.87657195</speed>
      </trkpt>
      <trkpt lat="29.2241583" lon="119.6588967">
        <ele>1025.54</ele>
        <time>2026-01-21T03:35:35Z</time>
        <speed>0.6974486</speed>
      </trkpt>
      <trkpt lat="29.2242004" lon="119.6588022">
        <ele>1026.38</ele>
        <time>2026-01-21T03:35:49Z</time>
        <speed>0.9126025</speed>
      </trkpt>
      <trkpt lat="29.224234" lon="119.6586905">
        <ele>1026.39</ele>
        <time>2026-01-21T03:36:01Z</time>
        <speed>1.013488</speed>
      </trkpt>
      <trkpt lat="29.2241897" lon="119.6586762">
        <ele>1026.14</ele>
        <time>2026-01-21T03:36:27Z</time>
        <speed>0.0</speed>
      </trkpt>
      <trkpt lat="29.2241227" lon="119.6587426">
        <ele>1026.21</ele>
        <time>2026-01-21T03:36:43Z</time>
        <speed>0.7741422</speed>
      </trkpt>
      <trkpt lat="29.2240467" lon="119.6588266">
        <ele>1027.06</ele>
        <time>2026-01-21T03:36:57Z</time>
        <speed>0.74789137</speed>
      </trkpt>
      <trkpt lat="29.2240663" lon="119.6587899">
        <ele>1028.28</ele>
        <time>2026-01-21T03:37:19Z</time>
        <speed>0.74634725</speed>
      </trkpt>
      <trkpt lat="29.2241084" lon="119.6586956">
        <ele>1028.63</ele>
        <time>2026-01-21T03:37:35Z</time>
        <speed>0.64185864</speed>
      </trkpt>
      <trkpt lat="29.2241797" lon="119.6585994">
        <ele>1028.28</ele>
        <time>2026-01-21T03:37:51Z</time>
        <speed>0.9033375</speed>
      </trkpt>
      <trkpt lat="29.2242259" lon="119.6584954">
        <ele>1027.12</ele>
        <time>2026-01-21T03:38:07Z</time>
        <speed>0.78649557</speed>
      </trkpt>
      <trkpt lat="29.2242019" lon="119.6583989">
        <ele>1026.38</ele>
        <time>2026-01-21T03:38:23Z</time>
        <speed>0.880175</speed>
      </trkpt>
      <trkpt lat="29.2242145" lon="119.6584449">
        <ele>1025.49</ele>
        <time>2026-01-21T03:38:51Z</time>
        <speed>0.8549536</speed>
      </trkpt>
      <trkpt lat="29.22413" lon="119.6585283">
        <ele>1025.32</ele>
        <time>2026-01-21T03:40:15Z</time>
        <speed>0.37214416</speed>
      </trkpt>
      <trkpt lat="29.2240383" lon="119.6585183">
        <ele>1026.73</ele>
        <time>2026-01-21T03:40:41Z</time>
        <speed>0.7581858</speed>
      </trkpt>
      <trkpt lat="29.2239467" lon="119.6585605">
        <ele>1027.45</ele>
        <time>2026-01-21T03:41:13Z</time>
        <speed>0.6140636</speed>
      </trkpt>
      <trkpt lat="29.2238601" lon="119.6586196">
        <ele>1028.12</ele>
        <time>2026-01-21T03:41:45Z</time>
        <speed>0.6397997</speed>
      </trkpt>
      <trkpt lat="29.2239044" lon="119.6586129">
        <ele>1028.75</ele>
        <time>2026-01-21T03:41:59Z</time>
        <speed>0.69590443</speed>
      </trkpt>
      <trkpt lat="29.2240267" lon="119.6585267">
        <ele>1029.76</ele>
        <time>2026-01-21T03:44:33Z</time>
        <speed>0.62693167</speed>
      </trkpt>
      <trkpt lat="29.2239733" lon="119.6586133">
        <ele>1029.13</ele>
        <time>2026-01-21T03:44:55Z</time>
        <speed>0.98826665</speed>
      </trkpt>
      <trkpt lat="29.22406" lon="119.6585533">
        <ele>1029.03</ele>
        <time>2026-01-21T04:05:31Z</time>
        <speed>0.66090333</speed>
      </trkpt>
      <trkpt lat="29.2239733" lon="119.6586">
        <ele>1027.86</ele>
        <time>2026-01-21T04:06:35Z</time>
        <speed>0.73090553</speed>
      </trkpt>
      <trkpt lat="29.2240567" lon="119.658555">
        <ele>1027.45</ele>
        <time>2026-01-21T04:10:35Z</time>
        <speed>0.70053697</speed>
      </trkpt>
      <trkpt lat="29.22415" lon="119.6585317">
        <ele>1027.77</ele>
        <time>2026-01-21T04:10:51Z</time>
        <speed>0.54560554</speed>
      </trkpt>
      <trkpt lat="29.2240769" lon="119.6585577">
        <ele>1028.3</ele>
        <time>2026-01-21T04:11:07Z</time>
        <speed>0.84826225</speed>
      </trkpt>
      <trkpt lat="29.2239782" lon="119.6585847">
        <ele>1028.73</ele>
        <time>2026-01-21T04:11:31Z</time>
        <speed>0.30728915</speed>
      </trkpt>
      <trkpt lat="29.2239317" lon="119.6584833">
        <ele>1028.67</ele>
        <time>2026-01-21T04:13:03Z</time>
        <speed>0.73605275</speed>
      </trkpt>
      <trkpt lat="29.2238417" lon="119.6585267">
        <ele>1027.57</ele>
        <time>2026-01-21T04:13:57Z</time>
        <speed>0.8776014</speed>
      </trkpt>
      <trkpt lat="29.2237587" lon="119.6585742">
        <ele>1027.75</ele>
        <time>2026-01-21T04:14:29Z</time>
        <speed>0.3196425</speed>
      </trkpt>
      <trkpt lat="29.22374" lon="119.6586767">
        <ele>1027.56</ele>
        <time>2026-01-21T04:18:27Z</time>
        <speed>0.71855223</speed>
      </trkpt>
      <trkpt lat="29.2238317" lon="119.6586417">
        <ele>1026.89</ele>
        <time>2026-01-21T04:21:23Z</time>
        <speed>0.9187792</speed>
      </trkpt>
      <trkpt lat="29.2239117" lon="119.6585783">
        <ele>1026.76</ele>
        <time>2026-01-21T04:21:33Z</time>
        <speed>1.139595</speed>
      </trkpt>
      <trkpt lat="29.2239733" lon="119.6585827">
        <ele>1027.04</ele>
        <time>2026-01-21T04:22:09Z</time>
        <speed>0.0</speed>
      </trkpt>
      <trkpt lat="29.22405" lon="119.658535">
        <ele>1026.51</ele>
        <time>2026-01-21T04:31:05Z</time>
        <speed>0.58420974</speed>
      </trkpt>
      <trkpt lat="29.2241433" lon="119.658495">
        <ele>1026.98</ele>
        <time>2026-01-21T04:32:25Z</time>
        <speed>0.5394289</speed>
      </trkpt>
      <trkpt lat="29.2242317" lon="119.6584333">
        <ele>1027.46</ele>
        <time>2026-01-21T04:32:41Z</time>
        <speed>0.7442883</speed>
      </trkpt>
      <trkpt lat="29.2243045" lon="119.6584929">
        <ele>1027.82</ele>
        <time>2026-01-21T04:33:07Z</time>
        <speed>0.58678335</speed>
      </trkpt>
      <trkpt lat="29.22439" lon="119.6585419">
        <ele>1027.81</ele>
        <time>2026-01-21T04:33:17Z</time>
        <speed>1.0474597</speed>
      </trkpt>
      <trkpt lat="29.2244405" lon="119.6585743">
        <ele>1027.42</ele>
        <time>2026-01-21T04:33:27Z</time>
        <speed>0.0</speed>
      </trkpt>
      <trkpt lat="29.2243283" lon="119.6585217">
        <ele>1028.62</ele>
        <time>2026-01-21T04:34:55Z</time>
        <speed>1.1596692</speed>
      </trkpt>
      <trkpt lat="29.22425" lon="119.6584317">
        <ele>1029.47</ele>
        <time>2026-01-21T04:35:05Z</time>
        <speed>1.2718786</speed>
      </trkpt>
      <trkpt lat="29.2242069" lon="119.6583177">
        <ele>1029.44</ele>
        <time>2026-01-21T04:35:15Z</time>
        <speed>1.1576103</speed>
      </trkpt>
      <trkpt lat="29.2241675" lon="119.6582059">
        <ele>1028.43</ele>
        <time>2026-01-21T04:35:25Z</time>
        <speed>1.1457716</speed>
      </trkpt>
      <trkpt lat="29.2241294" lon="119.6580922">
        <ele>1026.61</ele>
        <time>2026-01-21T04:35:35Z</time>
        <speed>1.1133442</speed>
      </trkpt>
      <trkpt lat="29.2240737" lon="119.6580068">
        <ele>1025.1</ele>
        <time>2026-01-21T04:35:47Z</time>
        <speed>0.82561445</speed>
      </trkpt>
      <trkpt lat="29.2240198" lon="119.6579108">
        <ele>1024.28</ele>
        <time>2026-01-21T04:35:57Z</time>
        <speed>1.269305</speed>
      </trkpt>
      <trkpt lat="29.2239895" lon="119.6578058">
        <ele>1023.6</ele>
        <time>2026-01-21T04:36:07Z</time>
        <speed>1.1534925</speed>
      </trkpt>
      <trkpt lat="29.2239758" lon="119.6577012">
        <ele>1022.27</ele>
        <time>2026-01-21T04:36:15Z</time>
        <speed>1.2893791</speed>
      </trkpt>
      <trkpt lat="29.2239493" lon="119.6575996">
        <ele>1021.12</ele>
        <time>2026-01-21T04:36:25Z</time>
        <speed>1.4844589</speed>
      </trkpt>
      <trkpt lat="29.2239079" lon="119.6574956">
        <ele>1019.95</ele>
        <time>2026-01-21T04:36:35Z</time>
        <speed>1.1900377</speed>
      </trkpt>
      <trkpt lat="29.2238309" lon="119.6574069">
        <ele>1019.28</ele>
        <time>2026-01-21T04:36:45Z</time>
        <speed>1.287835</speed>
      </trkpt>
      <trkpt lat="29.2237529" lon="119.6573227">
        <ele>1018.52</ele>
        <time>2026-01-21T04:36:59Z</time>
        <speed>0.6387703</speed>
      </trkpt>
      <trkpt lat="29.2236931" lon="119.657233">
        <ele>1017.73</ele>
        <time>2026-01-21T04:37:07Z</time>
        <speed>1.3475428</speed>
      </trkpt>
      <trkpt lat="29.2236915" lon="119.6571307">
        <ele>1016.73</ele>
        <time>2026-01-21T04:37:15Z</time>
        <speed>1.3058503</speed>
      </trkpt>
      <trkpt lat="29.2237144" lon="119.6570738">
        <ele>1015.86</ele>
        <time>2026-01-21T04:37:27Z</time>
        <speed>0.0</speed>
      </trkpt>
      <trkpt lat="29.2237481" lon="119.6569803">
        <ele>1015.32</ele>
        <time>2026-01-21T04:37:37Z</time>
        <speed>1.1308447</speed>
      </trkpt>
      <trkpt lat="29.2237788" lon="119.6568725">
        <ele>1015.14</ele>
        <time>2026-01-21T04:37:49Z</time>
        <speed>0.99444336</speed>
      </trkpt>
      <trkpt lat="29.2238174" lon="119.6567542">
        <ele>1014.56</ele>
        <time>2026-01-21T04:38:01Z</time>
        <speed>1.1004761</speed>
      </trkpt>
      <trkpt lat="29.2238529" lon="119.6566419">
        <ele>1013.03</ele>
        <time>2026-01-21T04:38:13Z</time>
        <speed>0.9388533</speed>
      </trkpt>
      <trkpt lat="29.2238888" lon="119.6565244">
        <ele>1012.37</ele>
        <time>2026-01-21T04:38:25Z</time>
        <speed>1.0088556</speed>
      </trkpt>
      <trkpt lat="29.2239106" lon="119.6564053">
        <ele>1012.0</ele>
        <time>2026-01-21T04:38:37Z</time>
        <speed>1.0016495</speed>
      </trkpt>
      <trkpt lat="29.2239222" lon="119.6562849">
        <ele>1011.91</ele>
        <time>2026-01-21T04:38:49Z</time>
        <speed>0.9681925</speed>
      </trkpt>
      <trkpt lat="29.2239269" lon="119.656168">
        <ele>1012.42</ele>
        <time>2026-01-21T04:39:05Z</time>
        <speed>0.76796556</speed>
      </trkpt>
      <trkpt lat="29.2239212" lon="119.6560489">
        <ele>1013.14</ele>
        <time>2026-01-21T04:39:17Z</time>
        <speed>0.991355</speed>
      </trkpt>
      <trkpt lat="29.2239214" lon="119.6559339">
        <ele>1013.73</ele>
        <time>2026-01-21T04:39:29Z</time>
        <speed>0.9326767</speed>
      </trkpt>
      <trkpt lat="29.2239422" lon="119.6558181">
        <ele>1013.72</ele>
        <time>2026-01-21T04:39:41Z</time>
        <speed>0.97848696</speed>
      </trkpt>
      <trkpt lat="29.2239683" lon="119.655713">
        <ele>1013.58</ele>
        <time>2026-01-21T04:39:51Z</time>
        <speed>1.046945</speed>
      </trkpt>
      <trkpt lat="29.2239929" lon="119.655613">
        <ele>1013.59</ele>
        <time>2026-01-21T04:40:01Z</time>
        <speed>0.99186975</speed>
      </trkpt>
      <trkpt lat="29.2239997" lon="119.6554968">
        <ele>1013.38</ele>
        <time>2026-01-21T04:40:11Z</time>
        <speed>1.2646725</speed>
      </trkpt>
      <trkpt lat="29.223991" lon="119.655389">
        <ele>1013.3</ele>
        <time>2026-01-21T04:40:17Z</time>
        <speed>1.6224045</speed>
      </trkpt>
      <trkpt lat="29.2239686" lon="119.6552724">
        <ele>1012.87</ele>
        <time>2026-01-21T04:40:25Z</time>
        <speed>1.7593205</speed>
      </trkpt>
      <trkpt lat="29.2239475" lon="119.6551574">
        <ele>1011.46</ele>
        <time>2026-01-21T04:40:37Z</time>
        <speed>0.8621597</speed>
      </trkpt>
      <trkpt lat="29.2239295" lon="119.6550472">
        <ele>1010.62</ele>
        <time>2026-01-21T04:40:47Z</time>
        <speed>1.1092263</speed>
      </trkpt>
      <trkpt lat="29.2239271" lon="119.6549338">
        <ele>1010.01</ele>
        <time>2026-01-21T04:40:57Z</time>
        <speed>0.97333974</speed>
      </trkpt>
      <trkpt lat="29.2239582" lon="119.6548253">
        <ele>1009.88</ele>
        <time>2026-01-21T04:41:09Z</time>
        <speed>1.1462864</speed>
      </trkpt>
      <trkpt lat="29.2239894" lon="119.6547174">
        <ele>1010.06</ele>
        <time>2026-01-21T04:41:19Z</time>
        <speed>0.8178936</speed>
      </trkpt>
      <trkpt lat="29.2240185" lon="119.6546133">
        <ele>1010.76</ele>
        <time>2026-01-21T04:41:29Z</time>
        <speed>1.2986442</speed>
      </trkpt>
      <trkpt lat="29.2240206" lon="119.6545003">
        <ele>1011.34</ele>
        <time>2026-01-21T04:41:37Z</time>
        <speed>1.324895</speed>
      </trkpt>
      <trkpt lat="29.2240186" lon="119.6543914">
        <ele>1011.54</ele>
        <time>2026-01-21T04:41:45Z</time>
        <speed>1.3079091</speed>
      </trkpt>
      <trkpt lat="29.2240112" lon="119.6542742">
        <ele>1011.95</ele>
        <time>2026-01-21T04:41:55Z</time>
        <speed>1.1102558</speed>
      </trkpt>
      <trkpt lat="29.223989" lon="119.6541578">
        <ele>1011.24</ele>
        <time>2026-01-21T04:42:05Z</time>
        <speed>1.139595</speed>
      </trkpt>
      <trkpt lat="29.2239659" lon="119.6540508">
        <ele>1010.49</ele>
        <time>2026-01-21T04:42:15Z</time>
        <speed>0.97900164</speed>
      </trkpt>
      <trkpt lat="29.2239348" lon="119.6539349">
        <ele>1010.41</ele>
        <time>2026-01-21T04:42:25Z</time>
        <speed>1.2368774</speed>
      </trkpt>
      <trkpt lat="29.2239004" lon="119.6538116">
        <ele>1011.31</ele>
        <time>2026-01-21T04:42:35Z</time>
        <speed>1.3501164</speed>
      </trkpt>
      <trkpt lat="29.223873" lon="119.6536947">
        <ele>1010.92</ele>
        <time>2026-01-21T04:42:43Z</time>
        <speed>1.2940117</speed>
      </trkpt>
      <trkpt lat="29.2238513" lon="119.6535743">
        <ele>1008.8</ele>
        <time>2026-01-21T04:42:51Z</time>
        <speed>1.6440228</speed>
      </trkpt>
      <trkpt lat="29.2238303" lon="119.6534551">
        <ele>1007.47</ele>
        <time>2026-01-21T04:43:01Z</time>
        <speed>1.361955</speed>
      </trkpt>
      <trkpt lat="29.2238055" lon="119.653339">
        <ele>1007.35</ele>
        <time>2026-01-21T04:43:09Z</time>
        <speed>1.4793117</speed>
      </trkpt>
      <trkpt lat="29.2237741" lon="119.6532304">
        <ele>1008.1</ele>
        <time>2026-01-21T04:43:19Z</time>
        <speed>1.3135711</speed>
      </trkpt>
      <trkpt lat="29.223778" lon="119.653123">
        <ele>1008.32</ele>
        <time>2026-01-21T04:43:29Z</time>
        <speed>1.1982733</speed>
      </trkpt>
      <trkpt lat="29.2238039" lon="119.6530181">
        <ele>1008.09</ele>
        <time>2026-01-21T04:43:39Z</time>
        <speed>1.071137</speed>
      </trkpt>
      <trkpt lat="29.2238536" lon="119.6529176">
        <ele>1007.54</ele>
        <time>2026-01-21T04:43:49Z</time>
        <speed>1.1061381</speed>
      </trkpt>
      <trkpt lat="29.2239351" lon="119.6528421">
        <ele>1006.96</ele>
        <time>2026-01-21T04:43:59Z</time>
        <speed>1.0592983</speed>
      </trkpt>
      <trkpt lat="29.2240219" lon="119.6527753">
        <ele>1006.68</ele>
        <time>2026-01-21T04:44:09Z</time>
        <speed>1.1998175</speed>
      </trkpt>
      <trkpt lat="29.2241063" lon="119.6527177">
        <ele>1007.46</ele>
        <time>2026-01-21T04:44:17Z</time>
        <speed>1.2950411</speed>
      </trkpt>
      <trkpt lat="29.2241931" lon="119.6526521">
        <ele>1008.34</ele>
        <time>2026-01-21T04:44:27Z</time>
        <speed>1.1797433</speed>
      </trkpt>
      <trkpt lat="29.2242735" lon="119.6525887">
        <ele>1009.61</ele>
        <time>2026-01-21T04:44:37Z</time>
        <speed>1.1313595</speed>
      </trkpt>
      <trkpt lat="29.2243486" lon="119.652527">
        <ele>1010.47</ele>
        <time>2026-01-21T04:44:49Z</time>
        <speed>0.9028228</speed>
      </trkpt>
      <trkpt lat="29.2244091" lon="119.652442">
        <ele>1010.48</ele>
        <time>2026-01-21T04:44:59Z</time>
        <speed>1.0500333</speed>
      </trkpt>
      <trkpt lat="29.2244284" lon="119.6523245">
        <ele>1010.19</ele>
        <time>2026-01-21T04:45:09Z</time>
        <speed>1.2008469</speed>
      </trkpt>
      <trkpt lat="29.224416" lon="119.6521962">
        <ele>1009.33</ele>
        <time>2026-01-21T04:45:19Z</time>
        <speed>1.2240094</speed>
      </trkpt>
      <trkpt lat="29.2243974" lon="119.6520815">
        <ele>1008.29</ele>
        <time>2026-01-21T04:45:27Z</time>
        <speed>1.2929822</speed>
      </trkpt>
      <trkpt lat="29.2243758" lon="119.6519635">
        <ele>1007.73</ele>
        <time>2026-01-21T04:45:37Z</time>
        <speed>1.2497456</speed>
      </trkpt>
      <trkpt lat="29.2243703" lon="119.6518396">
        <ele>1007.29</ele>
        <time>2026-01-21T04:45:47Z</time>
        <speed>1.1812875</speed>
      </trkpt>
      <trkpt lat="29.2244008" lon="119.6517289">
        <ele>1006.39</ele>
        <time>2026-01-21T04:45:59Z</time>
        <speed>0.9162056</speed>
      </trkpt>
      <trkpt lat="29.2244678" lon="119.6516485">
        <ele>1005.28</ele>
        <time>2026-01-21T04:46:11Z</time>
        <speed>0.8827486</speed>
      </trkpt>
      <trkpt lat="29.2245475" lon="119.6515587">
        <ele>1004.56</ele>
        <time>2026-01-21T04:46:21Z</time>
        <speed>1.4520314</speed>
      </trkpt>
      <trkpt lat="29.2246412" lon="119.651481">
        <ele>1004.32</ele>
        <time>2026-01-21T04:46:33Z</time>
        <speed>1.1962144</speed>
      </trkpt>
      <trkpt lat="29.2247063" lon="119.6513936">
        <ele>1004.22</ele>
        <time>2026-01-21T04:46:43Z</time>
        <speed>0.9985611</speed>
      </trkpt>
      <trkpt lat="29.2247453" lon="119.6512803">
        <ele>1004.21</ele>
        <time>2026-01-21T04:46:53Z</time>
        <speed>1.2219505</speed>
      </trkpt>
      <trkpt lat="29.2247426" lon="119.6511665">
        <ele>1003.91</ele>
        <time>2026-01-21T04:47:03Z</time>
        <speed>1.1071675</speed>
      </trkpt>
      <trkpt lat="29.2247314" lon="119.651134">
        <ele>1003.86</ele>
        <time>2026-01-21T04:47:11Z</time>
        <speed>0.0</speed>
      </trkpt>
      <trkpt lat="29.2246977" lon="119.6510618">
        <ele>1003.36</ele>
        <time>2026-01-21T04:48:11Z</time>
        <speed>0.0</speed>
      </trkpt>
      <trkpt lat="29.2247268" lon="119.6509787">
        <ele>1003.42</ele>
        <time>2026-01-21T04:48:29Z</time>
        <speed>0.68509525</speed>
      </trkpt>
      <trkpt lat="29.2248088" lon="119.650933">
        <ele>1003.97</ele>
        <time>2026-01-21T04:48:43Z</time>
        <speed>0.94503</speed>
      </trkpt>
      <trkpt lat="29.224913" lon="119.6508914">
        <ele>1005.27</ele>
        <time>2026-01-21T04:48:55Z</time>
        <speed>1.0160617</speed>
      </trkpt>
      <trkpt lat="29.2250074" lon="119.6508472">
        <ele>1007.13</ele>
        <time>2026-01-21T04:49:03Z</time>
        <speed>1.2548928</speed>
      </trkpt>
      <trkpt lat="29.22511" lon="119.6508097">
        <ele>1008.88</ele>
        <time>2026-01-21T04:49:19Z</time>
        <speed>0.58729804</speed>
      </trkpt>
      <trkpt lat="29.225213" lon="119.6508116">
        <ele>1010.44</ele>
        <time>2026-01-21T04:49:33Z</time>
        <speed>0.9244411</speed>
      </trkpt>
      <trkpt lat="29.2253113" lon="119.6508475">
        <ele>1013.26</ele>
        <time>2026-01-21T04:49:45Z</time>
        <speed>0.9244411</speed>
      </trkpt>
      <trkpt lat="29.2254085" lon="119.6508807">
        <ele>1014.83</ele>
        <time>2026-01-21T04:49:55Z</time>
        <speed>1.1390803</speed>
      </trkpt>
      <trkpt lat="29.2255015" lon="119.6509048">
        <ele>1015.98</ele>
        <time>2026-01-21T04:50:07Z</time>
        <speed>0.7293614</speed>
      </trkpt>
      <trkpt lat="29.2256005" lon="119.6509415">
        <ele>1017.41</ele>
        <time>2026-01-21T04:50:23Z</time>
        <speed>0.74789137</speed>
      </trkpt>
      <trkpt lat="29.2256944" lon="119.6509512">
        <ele>1018.87</ele>
        <time>2026-01-21T04:50:31Z</time>
        <speed>1.0958436</speed>
      </trkpt>
      <trkpt lat="29.22579" lon="119.6509702">
        <ele>1019.61</ele>
        <time>2026-01-21T04:50:41Z</time>
        <speed>1.1550367</speed>
      </trkpt>
      <trkpt lat="29.2258877" lon="119.6509473">
        <ele>1020.73</ele>
        <time>2026-01-21T04:50:55Z</time>
        <speed>1.0515774</speed>
      </trkpt>
      <trkpt lat="29.2259785" lon="119.6509179">
        <ele>1022.95</ele>
        <time>2026-01-21T04:51:03Z</time>
        <speed>1.3938677</speed>
      </trkpt>
      <trkpt lat="29.2260781" lon="119.6508859">
        <ele>1024.43</ele>
        <time>2026-01-21T04:51:13Z</time>
        <speed>1.1848905</speed>
      </trkpt>
      <trkpt lat="29.2261787" lon="119.6508596">
        <ele>1025.84</ele>
        <time>2026-01-21T04:51:25Z</time>
        <speed>1.0804019</speed>
      </trkpt>
      <trkpt lat="29.2262768" lon="119.6508201">
        <ele>1027.37</ele>
        <time>2026-01-21T04:51:35Z</time>
        <speed>1.2456278</speed>
      </trkpt>
      <trkpt lat="29.226375" lon="119.650816">
        <ele>1028.07</ele>
        <time>2026-01-21T04:51:47Z</time>
        <speed>1.2018764</speed>
      </trkpt>
      <trkpt lat="29.2264833" lon="119.6508181">
        <ele>1029.2</ele>
        <time>2026-01-21T04:52:13Z</time>
        <speed>0.935765</speed>
      </trkpt>
      <trkpt lat="29.2265728" lon="119.6508587">
        <ele>1031.05</ele>
        <time>2026-01-21T04:52:25Z</time>
        <speed>0.93061775</speed>
      </trkpt>
      <trkpt lat="29.2266623" lon="119.6508757">
        <ele>1032.84</ele>
        <time>2026-01-21T04:52:35Z</time>
        <speed>1.0176058</speed>
      </trkpt>
      <trkpt lat="29.2267589" lon="119.6508778">
        <ele>1034.41</ele>
        <time>2026-01-21T04:52:47Z</time>
        <speed>0.8940725</speed>
      </trkpt>
      <trkpt lat="29.2268559" lon="119.6508542">
        <ele>1035.78</ele>
        <time>2026-01-21T04:53:01Z</time>
        <speed>0.8209819</speed>
      </trkpt>
      <trkpt lat="29.2269504" lon="119.6508433">
        <ele>1038.03</ele>
        <time>2026-01-21T04:53:13Z</time>
        <speed>0.7767158</speed>
      </trkpt>
      <trkpt lat="29.2270417" lon="119.650825">
        <ele>1039.65</ele>
        <time>2026-01-21T04:58:13Z</time>
        <speed>0.0</speed>
      </trkpt>
      <trkpt lat="29.2271317" lon="119.65081">
        <ele>1039.59</ele>
        <time>2026-01-21T04:58:27Z</time>
        <speed>0.7412</speed>
      </trkpt>
      <trkpt lat="29.2272174" lon="119.6508585">
        <ele>1040.71</ele>
        <time>2026-01-21T04:58:48Z</time>
        <speed>0.9192939</speed>
      </trkpt>
      <trkpt lat="29.2273153" lon="119.6508667">
        <ele>1041.74</ele>
        <time>2026-01-21T04:59:03Z</time>
        <speed>0.90436697</speed>
      </trkpt>
      <trkpt lat="29.2274082" lon="119.6508765">
        <ele>1040.47</ele>
        <time>2026-01-21T04:59:15Z</time>
        <speed>0.76539195</speed>
      </trkpt>
      <trkpt lat="29.2275017" lon="119.6508733">
        <ele>1041.65</ele>
        <time>2026-01-21T05:01:05Z</time>
        <speed>0.40817472</speed>
      </trkpt>
      <trkpt lat="29.2276033" lon="119.650905">
        <ele>1047.39</ele>
        <time>2026-01-21T05:01:21Z</time>
        <speed>0.78443664</speed>
      </trkpt>
      <trkpt lat="29.2276965" lon="119.6509099">
        <ele>1051.05</ele>
        <time>2026-01-21T05:01:37Z</time>
        <speed>0.62899053</speed>
      </trkpt>
      <trkpt lat="29.227787" lon="119.6509293">
        <ele>1053.7</ele>
        <time>2026-01-21T05:01:49Z</time>
        <speed>0.7432589</speed>
      </trkpt>
      <trkpt lat="29.2278727" lon="119.650908">
        <ele>1056.79</ele>
        <time>2026-01-21T05:02:23Z</time>
        <speed>0.47560334</speed>
      </trkpt>
      <trkpt lat="29.2279583" lon="119.650855">
        <ele>1059.55</ele>
        <time>2026-01-21T05:08:07Z</time>
        <speed>0.3453786</speed>
      </trkpt>
      <trkpt lat="29.2280467" lon="119.6509017">
        <ele>1065.55</ele>
        <time>2026-01-21T05:08:21Z</time>
        <speed>0.59398943</speed>
      </trkpt>
      <trkpt lat="29.2281364" lon="119.6509131">
        <ele>1069.14</ele>
        <time>2026-01-21T05:08:31Z</time>
        <speed>0.92495584</speed>
      </trkpt>
      <trkpt lat="29.2282277" lon="119.6509247">
        <ele>1070.46</ele>
        <time>2026-01-21T05:08:53Z</time>
        <speed>1.0273856</speed>
      </trkpt>
      <trkpt lat="29.2283232" lon="119.6509462">
        <ele>1072.33</ele>
        <time>2026-01-21T05:09:23Z</time>
        <speed>0.86576277</speed>
      </trkpt>
      <trkpt lat="29.2284152" lon="119.650948">
        <ele>1075.33</ele>
        <time>2026-01-21T05:09:44Z</time>
        <speed>0.86473334</speed>
      </trkpt>
      <trkpt lat="29.2285069" lon="119.6509462">
        <ele>1078.15</ele>
        <time>2026-01-21T05:09:57Z</time>
        <speed>0.7530386</speed>
      </trkpt>
      <trkpt lat="29.2285997" lon="119.6509391">
        <ele>1081.87</ele>
        <time>2026-01-21T05:10:35Z</time>
        <speed>0.3103775</speed>
      </trkpt>
      <trkpt lat="29.2286955" lon="119.6509259">
        <ele>1083.35</ele>
        <time>2026-01-21T05:10:53Z</time>
        <speed>0.75458276</speed>
      </trkpt>
      <trkpt lat="29.2287924" lon="119.6509086">
        <ele>1084.4</ele>
        <time>2026-01-21T05:11:07Z</time>
        <speed>0.8127464</speed>
      </trkpt>
      <trkpt lat="29.2288907" lon="119.650873">
        <ele>1085.3</ele>
        <time>2026-01-21T05:11:27Z</time>
        <speed>0.8266439</speed>
      </trkpt>
      <trkpt lat="29.2289906" lon="119.6508838">
        <ele>1087.84</ele>
        <time>2026-01-21T05:11:39Z</time>
        <speed>0.8178936</speed>
      </trkpt>
      <trkpt lat="29.2290822" lon="119.6509093">
        <ele>1089.84</ele>
        <time>2026-01-21T05:11:53Z</time>
        <speed>0.6995075</speed>
      </trkpt>
      <trkpt lat="29.2291667" lon="119.650965">
        <ele>1092.15</ele>
        <time>2026-01-21T05:12:55Z</time>
        <speed>0.0</speed>
      </trkpt>
      <trkpt lat="29.2292483" lon="119.6510367">
        <ele>1095.14</ele>
        <time>2026-01-21T05:13:09Z</time>
        <speed>1.6270369</speed>
      </trkpt>
      <trkpt lat="29.2293413" lon="119.6510054">
        <ele>1097.88</ele>
        <time>2026-01-21T05:13:23Z</time>
        <speed>0.9213528</speed>
      </trkpt>
      <trkpt lat="29.2294349" lon="119.6509726">
        <ele>1102.1</ele>
        <time>2026-01-21T05:13:39Z</time>
        <speed>0.676345</speed>
      </trkpt>
      <trkpt lat="29.2295201" lon="119.6510078">
        <ele>1106.88</ele>
        <time>2026-01-21T05:13:59Z</time>
        <speed>0.5610472</speed>
      </trkpt>
      <trkpt lat="29.229607" lon="119.6510476">
        <ele>1108.86</ele>
        <time>2026-01-21T05:14:09Z</time>
        <speed>1.0165764</speed>
      </trkpt>
      <trkpt lat="29.2296198" lon="119.6511483">
        <ele>1108.92</ele>
        <time>2026-01-21T05:14:27Z</time>
        <speed>0.824585</speed>
      </trkpt>
      <trkpt lat="29.2295904" lon="119.6512674">
        <ele>1109.6</ele>
        <time>2026-01-21T05:14:41Z</time>
        <speed>1.0577542</speed>
      </trkpt>
      <trkpt lat="29.229556" lon="119.6513789">
        <ele>1110.55</ele>
        <time>2026-01-21T05:14:51Z</time>
        <speed>0.9779722</speed>
      </trkpt>
      <trkpt lat="29.2295443" lon="119.6514945">
        <ele>1111.39</ele>
        <time>2026-01-21T05:15:01Z</time>
        <speed>1.3624697</speed>
      </trkpt>
      <trkpt lat="29.2295411" lon="119.6516066">
        <ele>1112.47</ele>
        <time>2026-01-21T05:15:11Z</time>
        <speed>1.2950411</speed>
      </trkpt>
      <trkpt lat="29.229526" lon="119.6517202">
        <ele>1113.17</ele>
        <time>2026-01-21T05:15:23Z</time>
        <speed>1.0263561</speed>
      </trkpt>
      <trkpt lat="29.2295163" lon="119.6517928">
        <ele>1113.83</ele>
        <time>2026-01-21T05:15:38Z</time>
        <speed>0.0</speed>
      </trkpt>
      <trkpt lat="29.2295253" lon="119.651884">
        <ele>1114.59</ele>
        <time>2026-01-21T05:15:46Z</time>
        <speed>1.3758525</speed>
      </trkpt>
      <trkpt lat="29.2295611" lon="119.6519878">
        <ele>1115.5</ele>
        <time>2026-01-21T05:15:56Z</time>
        <speed>1.4216628</speed>
      </trkpt>
      <trkpt lat="29.2296457" lon="119.6520526">
        <ele>1115.41</ele>
        <time>2026-01-21T05:16:08Z</time>
        <speed>1.2198917</speed>
      </trkpt>
      <trkpt lat="29.2297473" lon="119.6520523">
        <ele>1117.0</ele>
        <time>2026-01-21T05:16:20Z</time>
        <speed>0.8734836</speed>
      </trkpt>
      <trkpt lat="29.2298515" lon="119.6520551">
        <ele>1120.01</ele>
        <time>2026-01-21T05:16:32Z</time>
        <speed>0.972825</speed>
      </trkpt>
      <trkpt lat="29.2299674" lon="119.6520974">
        <ele>1122.07</ele>
        <time>2026-01-21T05:16:48Z</time>
        <speed>1.7768211</speed>
      </trkpt>
      <trkpt lat="29.2300583" lon="119.6521526">
        <ele>1122.3</ele>
        <time>2026-01-21T05:17:10Z</time>
        <speed>0.39067417</speed>
      </trkpt>
      <trkpt lat="29.2301173" lon="119.6522466">
        <ele>1123.42</ele>
        <time>2026-01-21T05:17:38Z</time>
        <speed>0.79987836</speed>
      </trkpt>
      <trkpt lat="29.2301577" lon="119.652346">
        <ele>1123.97</ele>
        <time>2026-01-21T05:17:52Z</time>
        <speed>0.89252836</speed>
      </trkpt>
      <trkpt lat="29.2302271" lon="119.6524408">
        <ele>1124.11</ele>
        <time>2026-01-21T05:17:58Z</time>
        <speed>1.7052747</speed>
      </trkpt>
      <trkpt lat="29.2303018" lon="119.6525147">
        <ele>1124.62</ele>
        <time>2026-01-21T05:18:06Z</time>
        <speed>1.5462255</speed>
      </trkpt>
      <trkpt lat="29.2303816" lon="119.6525728">
        <ele>1126.25</ele>
        <time>2026-01-21T05:18:18Z</time>
        <speed>1.013488</speed>
      </trkpt>
      <trkpt lat="29.2304565" lon="119.6526533">
        <ele>1129.32</ele>
        <time>2026-01-21T05:18:30Z</time>
        <speed>1.2075384</speed>
      </trkpt>
      <trkpt lat="29.2305365" lon="119.6527259">
        <ele>1131.12</ele>
        <time>2026-01-21T05:18:40Z</time>
        <speed>1.2116561</speed>
      </trkpt>
      <trkpt lat="29.2306197" lon="119.6528012">
        <ele>1131.93</ele>
        <time>2026-01-21T05:18:50Z</time>
        <speed>1.2162886</speed>
      </trkpt>
      <trkpt lat="29.2307074" lon="119.6528614">
        <ele>1132.35</ele>
        <time>2026-01-21T05:19:02Z</time>
        <speed>0.9038522</speed>
      </trkpt>
      <trkpt lat="29.2307853" lon="119.6529198">
        <ele>1134.26</ele>
        <time>2026-01-21T05:19:14Z</time>
        <speed>0.85238</speed>
      </trkpt>
      <trkpt lat="29.2308628" lon="119.6529833">
        <ele>1136.26</ele>
        <time>2026-01-21T05:19:26Z</time>
        <speed>0.74634725</speed>
      </trkpt>
      <trkpt lat="29.2309455" lon="119.6530429">
        <ele>1138.08</ele>
        <time>2026-01-21T05:19:40Z</time>
        <speed>0.7056842</speed>
      </trkpt>
      <trkpt lat="29.2310216" lon="119.6531087">
        <ele>1139.47</ele>
        <time>2026-01-21T05:19:50Z</time>
        <speed>1.0345917</speed>
      </trkpt>
      <trkpt lat="29.2311063" lon="119.6531756">
        <ele>1140.69</ele>
        <time>2026-01-21T05:20:02Z</time>
        <speed>0.9707661</speed>
      </trkpt>
      <trkpt lat="29.2311444" lon="119.6532828">
        <ele>1142.58</ele>
        <time>2026-01-21T05:20:14Z</time>
        <speed>1.1776844</speed>
      </trkpt>
      <trkpt lat="29.2310874" lon="119.6533606">
        <ele>1144.96</ele>
        <time>2026-01-21T05:20:26Z</time>
        <speed>1.0618719</speed>
      </trkpt>
      <trkpt lat="29.2310444" lon="119.653393">
        <ele>1146.48</ele>
        <time>2026-01-21T05:20:36Z</time>
        <speed>0.0</speed>
      </trkpt>
      <trkpt lat="29.2309805" lon="119.6534629">
        <ele>1147.74</ele>
        <time>2026-01-21T05:20:46Z</time>
        <speed>1.2476866</speed>
      </trkpt>
      <trkpt lat="29.2309203" lon="119.6535542">
        <ele>1149.1</ele>
        <time>2026-01-21T05:20:58Z</time>
        <speed>1.2790847</speed>
      </trkpt>
      <trkpt lat="29.2308478" lon="119.6536252">
        <ele>1147.85</ele>
        <time>2026-01-21T05:21:22Z</time>
        <speed>0.79679</speed>
      </trkpt>
      <trkpt lat="29.2307857" lon="119.6537073">
        <ele>1148.26</ele>
        <time>2026-01-21T05:21:50Z</time>
        <speed>0.9995906</speed>
      </trkpt>
      <trkpt lat="29.2307857" lon="119.6537073">
        <ele>1148.26</ele>
        <time>2026-01-21T05:21:50Z</time>
        <speed>0.9995906</speed>
      </trkpt>
      <trkpt lat="29.23075" lon="119.6538067">
        <ele>1147.1</ele>
        <time>2026-01-21T05:22:30Z</time>
        <speed>0.4380286</speed>
      </trkpt>
      <trkpt lat="29.230715" lon="119.6539017">
        <ele>1143.1</ele>
        <time>2026-01-21T05:22:48Z</time>
        <speed>0.9259853</speed>
      </trkpt>
      <trkpt lat="29.23067" lon="119.6539967">
        <ele>1147.4</ele>
        <time>2026-01-21T05:23:08Z</time>
        <speed>0.8086286</speed>
      </trkpt>
      <trkpt lat="29.2306233" lon="119.6540933">
        <ele>1149.1</ele>
        <time>2026-01-21T05:28:08Z</time>
        <speed>0.6274464</speed>
      </trkpt>
      <trkpt lat="29.230565" lon="119.6541783">
        <ele>1148.6</ele>
        <time>2026-01-21T05:28:44Z</time>
        <speed>0.58163613</speed>
      </trkpt>
      <trkpt lat="29.2305533" lon="119.654295">
        <ele>1143.7</ele>
        <time>2026-01-21T05:29:44Z</time>
        <speed>1.0392241</speed>
      </trkpt>
      <trkpt lat="29.230545" lon="119.654415">
        <ele>1144.5</ele>
        <time>2026-01-21T05:29:56Z</time>
        <speed>0.97436917</speed>
      </trkpt>
      <trkpt lat="29.23054" lon="119.6545217">
        <ele>1145.3</ele>
        <time>2026-01-21T05:30:04Z</time>
        <speed>1.4237217</speed>
      </trkpt>
      <trkpt lat="29.23055" lon="119.6546317">
        <ele>1149.7</ele>
        <time>2026-01-21T05:30:20Z</time>
        <speed>0.8302469</speed>
      </trkpt>
      <trkpt lat="29.230635" lon="119.6546883">
        <ele>1155.1</ele>
        <time>2026-01-21T05:31:06Z</time>
        <speed>1.0948142</speed>
      </trkpt>
      <trkpt lat="29.2306083" lon="119.654705">
        <ele>1154.7</ele>
        <time>2026-01-21T05:31:14Z</time>
        <speed>0.0</speed>
      </trkpt>
      <trkpt lat="29.2306067" lon="119.6548133">
        <ele>1159.8</ele>
        <time>2026-01-21T05:31:28Z</time>
        <speed>0.88738114</speed>
      </trkpt>
      <trkpt lat="29.2305533" lon="119.6549083">
        <ele>1162.4</ele>
        <time>2026-01-21T05:31:46Z</time>
        <speed>0.5435467</speed>
      </trkpt>
      <trkpt lat="29.23049" lon="119.6549983">
        <ele>1164.1</ele>
        <time>2026-01-21T05:32:38Z</time>
        <speed>0.8034814</speed>
      </trkpt>
      <trkpt lat="29.2304433" lon="119.655095">
        <ele>1169.3</ele>
        <time>2026-01-21T05:32:48Z</time>
        <speed>1.2085677</speed>
      </trkpt>
      <trkpt lat="29.2303917" lon="119.65519">
        <ele>1173.0</ele>
        <time>2026-01-21T05:33:00Z</time>
        <speed>0.9831194</speed>
      </trkpt>
      <trkpt lat="29.2303667" lon="119.6553033">
        <ele>1173.0</ele>
        <time>2026-01-21T05:33:14Z</time>
        <speed>1.0083408</speed>
      </trkpt>
      <trkpt lat="29.2303367" lon="119.6554033">
        <ele>1171.2</ele>
        <time>2026-01-21T05:33:26Z</time>
        <speed>0.9053964</speed>
      </trkpt>
      <trkpt lat="29.2303817" lon="119.6555083">
        <ele>1171.8</ele>
        <time>2026-01-21T05:33:40Z</time>
        <speed>0.88326335</speed>
      </trkpt>
      <trkpt lat="29.23039" lon="119.65562">
        <ele>1173.4</ele>
        <time>2026-01-21T05:33:56Z</time>
        <speed>0.6320789</speed>
      </trkpt>
      <trkpt lat="29.230435" lon="119.6557167">
        <ele>1175.8</ele>
        <time>2026-01-21T05:34:12Z</time>
        <speed>0.51060444</speed>
      </trkpt>
      <trkpt lat="29.23052" lon="119.6557867">
        <ele>1178.5</ele>
        <time>2026-01-21T05:34:22Z</time>
        <speed>0.77517164</speed>
      </trkpt>
      <trkpt lat="29.2306033" lon="119.65585">
        <ele>1179.6</ele>
        <time>2026-01-21T05:34:34Z</time>
        <speed>0.82149667</speed>
      </trkpt>
      <trkpt lat="29.2306167" lon="119.6559633">
        <ele>1181.9</ele>
        <time>2026-01-21T05:34:46Z</time>
        <speed>0.7664214</speed>
      </trkpt>
      <trkpt lat="29.2305633" lon="119.6560567">
        <ele>1183.4</ele>
        <time>2026-01-21T05:34:58Z</time>
        <speed>0.9311325</speed>
      </trkpt>
      <trkpt lat="29.2305" lon="119.65613">
        <ele>1184.8</ele>
        <time>2026-01-21T05:35:12Z</time>
        <speed>0.676345</speed>
      </trkpt>
      <trkpt lat="29.2305167" lon="119.6562517">
        <ele>1180.1</ele>
        <time>2026-01-21T05:35:26Z</time>
        <speed>1.6702737</speed>
      </trkpt>
      <trkpt lat="29.2304883" lon="119.6562567">
        <ele>1185.0</ele>
        <time>2026-01-21T05:35:36Z</time>
        <speed>0.0</speed>
      </trkpt>
      <trkpt lat="29.2304333" lon="119.6563483">
        <ele>1188.5</ele>
        <time>2026-01-21T05:35:54Z</time>
        <speed>0.8971608</speed>
      </trkpt>
      <trkpt lat="29.2304233" lon="119.6564517">
        <ele>1191.2</ele>
        <time>2026-01-21T05:36:06Z</time>
        <speed>0.93164724</speed>
      </trkpt>
      <trkpt lat="29.2303983" lon="119.6565533">
        <ele>1190.0</ele>
        <time>2026-01-21T05:36:22Z</time>
        <speed>0.58987164</speed>
      </trkpt>
      <trkpt lat="29.2303367" lon="119.6566283">
        <ele>1192.7</ele>
        <time>2026-01-21T05:36:38Z</time>
        <speed>0.5728858</speed>
      </trkpt>
      <trkpt lat="29.2302767" lon="119.6567217">
        <ele>1195.6</ele>
        <time>2026-01-21T05:36:50Z</time>
        <speed>0.8621597</speed>
      </trkpt>
      <trkpt lat="29.230225" lon="119.6568117">
        <ele>1198.8</ele>
        <time>2026-01-21T05:37:02Z</time>
        <speed>0.69178665</speed>
      </trkpt>
      <trkpt lat="29.2301983" lon="119.65691">
        <ele>1199.8</ele>
        <time>2026-01-21T05:37:12Z</time>
        <speed>1.0629014</speed>
      </trkpt>
      <trkpt lat="29.2302317" lon="119.656945">
        <ele>1198.8</ele>
        <time>2026-01-21T05:37:24Z</time>
        <speed>0.0</speed>
      </trkpt>
      <trkpt lat="29.2302667" lon="119.657045">
        <ele>1193.9</ele>
        <time>2026-01-21T05:37:54Z</time>
        <speed>0.56928277</speed>
      </trkpt>
      <trkpt lat="29.2302217" lon="119.6571433">
        <ele>1199.6</ele>
        <time>2026-01-21T05:38:20Z</time>
        <speed>0.87091</speed>
      </trkpt>
      <trkpt lat="29.2301733" lon="119.6572367">
        <ele>1202.7</ele>
        <time>2026-01-21T05:38:40Z</time>
        <speed>1.0479745</speed>
      </trkpt>
      <trkpt lat="29.230195" lon="119.6573383">
        <ele>1204.8</ele>
        <time>2026-01-21T05:38:52Z</time>
        <speed>0.7643625</speed>
      </trkpt>
      <trkpt lat="29.2301883" lon="119.65745">
        <ele>1205.1</ele>
        <time>2026-01-21T05:39:08Z</time>
        <speed>0.7576711</speed>
      </trkpt>
      <trkpt lat="29.2301583" lon="119.657555">
        <ele>1205.7</ele>
        <time>2026-01-21T05:39:20Z</time>
        <speed>0.972825</speed>
      </trkpt>
      <trkpt lat="29.2301683" lon="119.65766">
        <ele>1207.4</ele>
        <time>2026-01-21T05:39:34Z</time>
        <speed>0.55332637</speed>
      </trkpt>
      <trkpt lat="29.2301328" lon="119.6578697">
        <ele>1205.2</ele>
        <time>2026-01-21T05:39:58Z</time>
        <speed>0.8343647</speed>
      </trkpt>
      <trkpt lat="29.2301227" lon="119.6579737">
        <ele>1205.2</ele>
        <time>2026-01-21T05:40:14Z</time>
        <speed>0.71855223</speed>
      </trkpt>
      <trkpt lat="29.2301079" lon="119.6580784">
        <ele>1205.24</ele>
        <time>2026-01-21T05:40:28Z</time>
        <speed>0.9954728</speed>
      </trkpt>
      <trkpt lat="29.2300963" lon="119.6581895">
        <ele>1205.91</ele>
        <time>2026-01-21T05:40:40Z</time>
        <speed>1.0037084</speed>
      </trkpt>
      <trkpt lat="29.2300835" lon="119.6583018">
        <ele>1207.2</ele>
        <time>2026-01-21T05:40:54Z</time>
        <speed>0.87399834</speed>
      </trkpt>
      <trkpt lat="29.2300402" lon="119.6584229">
        <ele>1209.82</ele>
        <time>2026-01-21T05:41:08Z</time>
        <speed>1.4031328</speed>
      </trkpt>
      <trkpt lat="29.2300384" lon="119.6584957">
        <ele>1212.52</ele>
        <time>2026-01-21T05:41:24Z</time>
        <speed>0.0</speed>
      </trkpt>
      <trkpt lat="29.2300621" lon="119.6585952">
        <ele>1213.46</ele>
        <time>2026-01-21T05:41:50Z</time>
        <speed>0.7509797</speed>
      </trkpt>
      <trkpt lat="29.2300901" lon="119.6587031">
        <ele>1214.85</ele>
        <time>2026-01-21T05:42:02Z</time>
        <speed>0.74531776</speed>
      </trkpt>
      <trkpt lat="29.23013" lon="119.6588076">
        <ele>1215.82</ele>
        <time>2026-01-21T05:42:20Z</time>
        <speed>0.6320789</speed>
      </trkpt>
      <trkpt lat="29.230188" lon="119.658909">
        <ele>1218.18</ele>
        <time>2026-01-21T05:42:34Z</time>
        <speed>0.85392416</speed>
      </trkpt>
      <trkpt lat="29.2302173" lon="119.6590103">
        <ele>1220.85</ele>
        <time>2026-01-21T05:42:42Z</time>
        <speed>0.93473554</speed>
      </trkpt>
      <trkpt lat="29.2302307" lon="119.6591218">
        <ele>1223.02</ele>
        <time>2026-01-21T05:42:50Z</time>
        <speed>1.2234948</speed>
      </trkpt>
      <trkpt lat="29.230274" lon="119.6592158">
        <ele>1224.69</ele>
        <time>2026-01-21T05:43:00Z</time>
        <speed>0.9748839</speed>
      </trkpt>
      <trkpt lat="29.2302907" lon="119.6593191">
        <ele>1227.02</ele>
        <time>2026-01-21T05:43:14Z</time>
        <speed>0.53067863</speed>
      </trkpt>
      <trkpt lat="29.2303554" lon="119.6593889">
        <ele>1228.04</ele>
        <time>2026-01-21T05:43:28Z</time>
        <speed>1.1107706</speed>
      </trkpt>
      <trkpt lat="29.2304437" lon="119.6594163">
        <ele>1228.41</ele>
        <time>2026-01-21T05:43:38Z</time>
        <speed>0.99186975</speed>
      </trkpt>
      <trkpt lat="29.2305422" lon="119.6594212">
        <ele>1229.35</ele>
        <time>2026-01-21T05:43:46Z</time>
        <speed>1.3367336</speed>
      </trkpt>
      <trkpt lat="29.2306445" lon="119.6593961">
        <ele>1229.8</ele>
        <time>2026-01-21T05:43:58Z</time>
        <speed>0.98569304</speed>
      </trkpt>
      <trkpt lat="29.2307463" lon="119.6593855">
        <ele>1230.32</ele>
        <time>2026-01-21T05:44:08Z</time>
        <speed>1.2672461</speed>
      </trkpt>
      <trkpt lat="29.2308468" lon="119.6593909">
        <ele>1231.56</ele>
        <time>2026-01-21T05:44:18Z</time>
        <speed>1.4865178</speed>
      </trkpt>
      <trkpt lat="29.2309425" lon="119.6594207">
        <ele>1232.65</ele>
        <time>2026-01-21T05:44:28Z</time>
        <speed>1.4530609</speed>
      </trkpt>
      <trkpt lat="29.2310211" lon="119.6594902">
        <ele>1233.58</ele>
        <time>2026-01-21T05:44:40Z</time>
        <speed>1.1591544</speed>
      </trkpt>
      <trkpt lat="29.2310936" lon="119.6595652">
        <ele>1235.13</ele>
        <time>2026-01-21T05:44:50Z</time>
        <speed>1.42681</speed>
      </trkpt>
      <trkpt lat="29.2311786" lon="119.6595954">
        <ele>1237.31</ele>
        <time>2026-01-21T05:45:02Z</time>
        <speed>0.9872372</speed>
      </trkpt>
      <trkpt lat="29.2312503" lon="119.65967">
        <ele>1239.2</ele>
        <time>2026-01-21T05:45:24Z</time>
        <speed>1.0119439</speed>
      </trkpt>
      <trkpt lat="29.2313045" lon="119.6597597">
        <ele>1240.28</ele>
        <time>2026-01-21T05:45:36Z</time>
        <speed>1.0912111</speed>
      </trkpt>
      <trkpt lat="29.2313615" lon="119.659847">
        <ele>1239.86</ele>
        <time>2026-01-21T05:45:52Z</time>
        <speed>1.0608425</speed>
      </trkpt>
      <trkpt lat="29.2314297" lon="119.6599267">
        <ele>1240.39</ele>
        <time>2026-01-21T05:46:08Z</time>
        <speed>0.6552414</speed>
      </trkpt>
      <trkpt lat="29.2314548" lon="119.6600254">
        <ele>1240.39</ele>
        <time>2026-01-21T05:46:34Z</time>
        <speed>0.8091433</speed>
      </trkpt>
      <trkpt lat="29.231505" lon="119.6601183">
        <ele>1240.87</ele>
        <time>2026-01-21T05:50:50Z</time>
        <speed>0.7792894</speed>
      </trkpt>
      <trkpt lat="29.23154" lon="119.660245">
        <ele>1241.01</ele>
        <time>2026-01-21T05:51:10Z</time>
        <speed>0.71289027</speed>
      </trkpt>
      <trkpt lat="29.2315383" lon="119.6603547">
        <ele>1240.96</ele>
        <time>2026-01-21T05:51:20Z</time>
        <speed>1.3485723</speed>
      </trkpt>
      <trkpt lat="29.2315726" lon="119.6604576">
        <ele>1240.42</ele>
        <time>2026-01-21T05:51:32Z</time>
        <speed>0.9779722</speed>
      </trkpt>
      <trkpt lat="29.2316117" lon="119.660557">
        <ele>1240.33</ele>
        <time>2026-01-21T05:51:40Z</time>
        <speed>1.5477697</speed>
      </trkpt>
      <trkpt lat="29.2316594" lon="119.6606531">
        <ele>1238.89</ele>
        <time>2026-01-21T05:51:54Z</time>
        <speed>0.98414886</speed>
      </trkpt>
      <trkpt lat="29.2317246" lon="119.660741">
        <ele>1237.69</ele>
        <time>2026-01-21T05:52:18Z</time>
        <speed>0.5270755</speed>
      </trkpt>
      <trkpt lat="29.231809" lon="119.6608177">
        <ele>1236.96</ele>
        <time>2026-01-21T05:52:36Z</time>
        <speed>0.6624475</speed>
      </trkpt>
      <trkpt lat="29.2318702" lon="119.660906">
        <ele>1235.82</ele>
        <time>2026-01-21T05:52:54Z</time>
        <speed>0.5579589</speed>
      </trkpt>
      <trkpt lat="29.2319449" lon="119.6609795">
        <ele>1233.83</ele>
        <time>2026-01-21T05:53:04Z</time>
        <speed>1.1359919</speed>
      </trkpt>
      <trkpt lat="29.2319922" lon="119.6610188">
        <ele>1233.3</ele>
        <time>2026-01-21T05:53:16Z</time>
        <speed>0.0</speed>
      </trkpt>
      <trkpt lat="29.232075" lon="119.6610417">
        <ele>1234.16</ele>
        <time>2026-01-21T05:57:10Z</time>
        <speed>0.0</speed>
      </trkpt>
      <trkpt lat="29.2321517" lon="119.6611017">
        <ele>1236.59</ele>
        <time>2026-01-21T05:58:12Z</time>
        <speed>0.64700586</speed>
      </trkpt>
      <trkpt lat="29.2322467" lon="119.6611117">
        <ele>1238.7</ele>
        <time>2026-01-21T05:59:32Z</time>
        <speed>0.59296</speed>
      </trkpt>
      <trkpt lat="29.23234" lon="119.6611683">
        <ele>1243.39</ele>
        <time>2026-01-21T05:59:46Z</time>
        <speed>0.8184083</speed>
      </trkpt>
      <trkpt lat="29.2324418" lon="119.6611827">
        <ele>1246.53</ele>
        <time>2026-01-21T06:00:02Z</time>
        <speed>0.6902425</speed>
      </trkpt>
      <trkpt lat="29.2325309" lon="119.6612217">
        <ele>1250.26</ele>
        <time>2026-01-21T06:00:18Z</time>
        <speed>0.54509085</speed>
      </trkpt>
      <trkpt lat="29.2326187" lon="119.661282">
        <ele>1253.81</ele>
        <time>2026-01-21T06:00:32Z</time>
        <speed>0.6089164</speed>
      </trkpt>
      <trkpt lat="29.2327024" lon="119.6613474">
        <ele>1256.77</ele>
        <time>2026-01-21T06:00:42Z</time>
        <speed>0.89561665</speed>
      </trkpt>
      <trkpt lat="29.2327775" lon="119.6614183">
        <ele>1259.11</ele>
        <time>2026-01-21T06:00:54Z</time>
        <speed>0.64031446</speed>
      </trkpt>
      <trkpt lat="29.2328586" lon="119.6614703">
        <ele>1261.17</ele>
        <time>2026-01-21T06:01:10Z</time>
        <speed>0.93833864</speed>
      </trkpt>
      <trkpt lat="29.2329137" lon="119.6615495">
        <ele>1263.55</ele>
        <time>2026-01-21T06:02:10Z</time>
        <speed>0.5255314</speed>
      </trkpt>
      <trkpt lat="29.2329895" lon="119.6616219">
        <ele>1266.15</ele>
        <time>2026-01-21T06:02:32Z</time>
        <speed>0.5852392</speed>
      </trkpt>
      <trkpt lat="29.2330316" lon="119.661718">
        <ele>1269.53</ele>
        <time>2026-01-21T06:02:56Z</time>
        <speed>0.57494473</speed>
      </trkpt>
      <trkpt lat="29.2330824" lon="119.6618113">
        <ele>1274.2</ele>
        <time>2026-01-21T06:03:32Z</time>
        <speed>0.41126305</speed>
      </trkpt>
      <trkpt lat="29.2331733" lon="119.6618333">
        <ele>1278.2</ele>
        <time>2026-01-21T06:04:34Z</time>
        <speed>0.46839723</speed>
      </trkpt>
      <trkpt lat="29.2332583" lon="119.661885">
        <ele>1283.15</ele>
        <time>2026-01-21T06:04:46Z</time>
        <speed>0.99084026</speed>
      </trkpt>
      <trkpt lat="29.2333588" lon="119.6619226">
        <ele>1287.77</ele>
        <time>2026-01-21T06:05:16Z</time>
        <speed>0.65266776</speed>
      </trkpt>
      <trkpt lat="29.233457" lon="119.6619666">
        <ele>1292.26</ele>
        <time>2026-01-21T06:05:42Z</time>
        <speed>1.0603278</speed>
      </trkpt>
      <trkpt lat="29.2335444" lon="119.6620265">
        <ele>1295.98</ele>
        <time>2026-01-21T06:05:50Z</time>
        <speed>1.4005592</speed>
      </trkpt>
      <trkpt lat="29.2336278" lon="119.6620732">
        <ele>1298.61</ele>
        <time>2026-01-21T06:06:06Z</time>
        <speed>0.5945042</speed>
      </trkpt>
      <trkpt lat="29.2336776" lon="119.6621544">
        <ele>1303.72</ele>
        <time>2026-01-21T06:06:32Z</time>
        <speed>0.6233286</speed>
      </trkpt>
      <trkpt lat="29.2337517" lon="119.6622033">
        <ele>1307.67</ele>
        <time>2026-01-21T06:11:10Z</time>
        <speed>0.7777453</speed>
      </trkpt>
      <trkpt lat="29.2336817" lon="119.662135">
        <ele>1306.69</ele>
        <time>2026-01-21T06:11:22Z</time>
        <speed>0.8009078</speed>
      </trkpt>
      <trkpt lat="29.2336723" lon="119.6620356">
        <ele>1306.35</ele>
        <time>2026-01-21T06:11:58Z</time>
        <speed>0.967163</speed>
      </trkpt>
      <trkpt lat="29.2336608" lon="119.6621096">
        <ele>1305.43</ele>
        <time>2026-01-21T06:12:44Z</time>
        <speed>1.0417978</speed>
      </trkpt>
      <trkpt lat="29.2336791" lon="119.6621774">
        <ele>1304.21</ele>
        <time>2026-01-21T06:12:56Z</time>
        <speed>0.0</speed>
      </trkpt>
      <trkpt lat="29.23366" lon="119.6621033">
        <ele>1303.52</ele>
        <time>2026-01-21T06:24:30Z</time>
        <speed>0.6737714</speed>
      </trkpt>
      <trkpt lat="29.2336833" lon="119.6622083">
        <ele>1306.39</ele>
        <time>2026-01-21T06:25:34Z</time>
        <speed>0.7257583</speed>
      </trkpt>
      <trkpt lat="29.23378" lon="119.66216">
        <ele>1306.44</ele>
        <time>2026-01-21T06:32:44Z</time>
        <speed>0.28155306</speed>
      </trkpt>
      <trkpt lat="29.233695" lon="119.6622">
        <ele>1308.4</ele>
        <time>2026-01-21T06:33:22Z</time>
        <speed>0.709802</speed>
      </trkpt>
      <trkpt lat="29.23364" lon="119.6620983">
        <ele>1309.35</ele>
        <time>2026-01-21T06:38:10Z</time>
        <speed>0.8426003</speed>
      </trkpt>
      <trkpt lat="29.233575" lon="119.662025">
        <ele>1308.08</ele>
        <time>2026-01-21T06:38:24Z</time>
        <speed>0.76281834</speed>
      </trkpt>
      <trkpt lat="29.23362" lon="119.6620913">
        <ele>1307.61</ele>
        <time>2026-01-21T06:38:54Z</time>
        <speed>1.2775406</speed>
      </trkpt>
      <trkpt lat="29.2336806" lon="119.6621939">
        <ele>1307.44</ele>
        <time>2026-01-21T06:39:02Z</time>
        <speed>1.3727641</speed>
      </trkpt>
      <trkpt lat="29.2336727" lon="119.6621543">
        <ele>1307.68</ele>
        <time>2026-01-21T06:39:30Z</time>
        <speed>1.0443714</speed>
      </trkpt>
      <trkpt lat="29.2336206" lon="119.662063">
        <ele>1307.39</ele>
        <time>2026-01-21T06:39:38Z</time>
        <speed>1.1843759</speed>
      </trkpt>
      <trkpt lat="29.2335303" lon="119.6620099">
        <ele>1307.18</ele>
        <time>2026-01-21T06:39:46Z</time>
        <speed>1.2826878</speed>
      </trkpt>
      <trkpt lat="29.2334669" lon="119.66199">
        <ele>1305.9</ele>
        <time>2026-01-21T06:40:00Z</time>
        <speed>0.0</speed>
      </trkpt>
      <trkpt lat="29.2333933" lon="119.66193">
        <ele>1303.7</ele>
        <time>2026-01-21T06:41:10Z</time>
        <speed>0.0</speed>
      </trkpt>
      <trkpt lat="29.2333017" lon="119.66189">
        <ele>1300.82</ele>
        <time>2026-01-21T06:41:30Z</time>
        <speed>0.7473767</speed>
      </trkpt>
      <trkpt lat="29.2332142" lon="119.6618387">
        <ele>1298.49</ele>
        <time>2026-01-21T06:41:50Z</time>
        <speed>0.50648665</speed>
      </trkpt>
      <trkpt lat="29.2331263" lon="119.6618009">
        <ele>1295.1</ele>
        <time>2026-01-21T06:42:08Z</time>
        <speed>0.6186961</speed>
      </trkpt>
      <trkpt lat="29.2330494" lon="119.6617333">
        <ele>1292.52</ele>
        <time>2026-01-21T06:42:32Z</time>
        <speed>0.23883112</speed>
      </trkpt>
      <trkpt lat="29.2329791" lon="119.6616648">
        <ele>1289.63</ele>
        <time>2026-01-21T06:42:54Z</time>
        <speed>0.47920638</speed>
      </trkpt>
      <trkpt lat="29.2328833" lon="119.6615633">
        <ele>1286.09</ele>
        <time>2026-01-21T06:44:18Z</time>
        <speed>0.15184306</speed>
      </trkpt>
      <trkpt lat="29.2328433" lon="119.6614467">
        <ele>1280.42</ele>
        <time>2026-01-21T06:45:36Z</time>
        <speed>0.35361418</speed>
      </trkpt>
      <trkpt lat="29.232765" lon="119.6613883">
        <ele>1275.03</ele>
        <time>2026-01-21T06:46:02Z</time>
        <speed>0.6995075</speed>
      </trkpt>
      <trkpt lat="29.2326824" lon="119.6613244">
        <ele>1271.32</ele>
        <time>2026-01-21T06:46:18Z</time>
        <speed>0.68921304</speed>
      </trkpt>
      <trkpt lat="29.2325965" lon="119.6612697">
        <ele>1267.61</ele>
        <time>2026-01-21T06:46:26Z</time>
        <speed>1.213715</speed>
      </trkpt>
      <trkpt lat="29.2325221" lon="119.6612003">
        <ele>1264.64</ele>
        <time>2026-01-21T06:46:32Z</time>
        <speed>1.8288081</speed>
      </trkpt>
      <trkpt lat="29.232442" lon="119.6611517">
        <ele>1262.34</ele>
        <time>2026-01-21T06:46:42Z</time>
        <speed>1.2126856</speed>
      </trkpt>
      <trkpt lat="29.2323544" lon="119.6611326">
        <ele>1260.35</ele>
        <time>2026-01-21T06:47:02Z</time>
        <speed>0.48178</speed>
      </trkpt>
      <trkpt lat="29.2322702" lon="119.6610909">
        <ele>1257.66</ele>
        <time>2026-01-21T06:47:18Z</time>
        <speed>0.70362526</speed>
      </trkpt>
      <trkpt lat="29.2321804" lon="119.661079">
        <ele>1254.54</ele>
        <time>2026-01-21T06:47:34Z</time>
        <speed>0.3355989</speed>
      </trkpt>
      <trkpt lat="29.2320884" lon="119.6610305">
        <ele>1251.64</ele>
        <time>2026-01-21T06:48:08Z</time>
        <speed>0.7756864</speed>
      </trkpt>
      <trkpt lat="29.2319861" lon="119.6609721">
        <ele>1248.01</ele>
        <time>2026-01-21T06:48:14Z</time>
        <speed>1.6373314</speed>
      </trkpt>
      <trkpt lat="29.2318989" lon="119.6608887">
        <ele>1245.17</ele>
        <time>2026-01-21T06:48:28Z</time>
        <speed>0.7808336</speed>
      </trkpt>
      <trkpt lat="29.2318181" lon="119.6608224">
        <ele>1242.56</ele>
        <time>2026-01-21T06:48:32Z</time>
        <speed>1.6749061</speed>
      </trkpt>
      <trkpt lat="29.2317893" lon="119.6607618">
        <ele>1241.41</ele>
        <time>2026-01-21T06:48:46Z</time>
        <speed>0.0</speed>
      </trkpt>
      <trkpt lat="29.2317287" lon="119.6606859">
        <ele>1241.36</ele>
        <time>2026-01-21T06:49:02Z</time>
        <speed>1.0536364</speed>
      </trkpt>
      <trkpt lat="29.2316609" lon="119.660608">
        <ele>1242.71</ele>
        <time>2026-01-21T06:49:14Z</time>
        <speed>0.8812044</speed>
      </trkpt>
      <trkpt lat="29.2315818" lon="119.6605086">
        <ele>1243.52</ele>
        <time>2026-01-21T06:49:22Z</time>
        <speed>1.5889475</speed>
      </trkpt>
      <trkpt lat="29.2315215" lon="119.6604007">
        <ele>1243.86</ele>
        <time>2026-01-21T06:49:32Z</time>
        <speed>1.1519483</speed>
      </trkpt>
      <trkpt lat="29.2315165" lon="119.6602924">
        <ele>1245.3</ele>
        <time>2026-01-21T06:49:40Z</time>
        <speed>1.2034205</speed>
      </trkpt>
      <trkpt lat="29.2315149" lon="119.6601764">
        <ele>1247.32</ele>
        <time>2026-01-21T06:49:50Z</time>
        <speed>1.1864347</speed>
      </trkpt>
      <trkpt lat="29.2314911" lon="119.6600595">
        <ele>1249.55</ele>
        <time>2026-01-21T06:50:00Z</time>
        <speed>1.2132003</speed>
      </trkpt>
      <trkpt lat="29.231456" lon="119.6599455">
        <ele>1250.17</ele>
        <time>2026-01-21T06:50:10Z</time>
        <speed>1.274967</speed>
      </trkpt>
      <trkpt lat="29.2314031" lon="119.6598306">
        <ele>1250.27</ele>
        <time>2026-01-21T06:50:22Z</time>
        <speed>1.2224653</speed>
      </trkpt>
      <trkpt lat="29.2313408" lon="119.6597442">
        <ele>1250.33</ele>
        <time>2026-01-21T06:50:30Z</time>
        <speed>1.473135</speed>
      </trkpt>
      <trkpt lat="29.2312801" lon="119.6596558">
        <ele>1251.22</ele>
        <time>2026-01-21T06:50:40Z</time>
        <speed>1.3331306</speed>
      </trkpt>
      <trkpt lat="29.2312062" lon="119.6595752">
        <ele>1251.34</ele>
        <time>2026-01-21T06:50:46Z</time>
        <speed>1.7207164</speed>
      </trkpt>
      <trkpt lat="29.2311168" lon="119.6595243">
        <ele>1251.75</ele>
        <time>2026-01-21T06:50:52Z</time>
        <speed>2.0604331</speed>
      </trkpt>
      <trkpt lat="29.2310164" lon="119.6594722">
        <ele>1251.9</ele>
        <time>2026-01-21T06:51:00Z</time>
        <speed>1.5899769</speed>
      </trkpt>
      <trkpt lat="29.2309197" lon="119.6594176">
        <ele>1251.56</ele>
        <time>2026-01-21T06:51:08Z</time>
        <speed>1.5704175</speed>
      </trkpt>
      <trkpt lat="29.230832" lon="119.6593635">
        <ele>1250.84</ele>
        <time>2026-01-21T06:51:14Z</time>
        <speed>2.0491092</speed>
      </trkpt>
      <trkpt lat="29.2307217" lon="119.6593318">
        <ele>1249.84</ele>
        <time>2026-01-21T06:51:20Z</time>
        <speed>2.4598575</speed>
      </trkpt>
      <trkpt lat="29.2306206" lon="119.6593256">
        <ele>1248.7</ele>
        <time>2026-01-21T06:51:24Z</time>
        <speed>2.7522197</speed>
      </trkpt>
      <trkpt lat="29.2305" lon="119.6593561">
        <ele>1247.45</ele>
        <time>2026-01-21T06:51:28Z</time>
        <speed>3.26128</speed>
      </trkpt>
      <trkpt lat="29.2303826" lon="119.6593879">
        <ele>1245.32</ele>
        <time>2026-01-21T06:51:32Z</time>
        <speed>3.4120936</speed>
      </trkpt>
      <trkpt lat="29.2302773" lon="119.6593919">
        <ele>1242.56</ele>
        <time>2026-01-21T06:51:36Z</time>
        <speed>3.229882</speed>
      </trkpt>
      <trkpt lat="29.2301932" lon="119.6593291">
        <ele>1239.91</ele>
        <time>2026-01-21T06:51:40Z</time>
        <speed>2.9699473</speed>
      </trkpt>
      <trkpt lat="29.230169" lon="119.6591772">
        <ele>1238.01</ele>
        <time>2026-01-21T06:51:44Z</time>
        <speed>3.202087</speed>
      </trkpt>
      <trkpt lat="29.2301503" lon="119.6590206">
        <ele>1236.33</ele>
        <time>2026-01-21T06:51:48Z</time>
        <speed>3.5026848</speed>
      </trkpt>
      <trkpt lat="29.2301433" lon="119.6588781">
        <ele>1235.33</ele>
        <time>2026-01-21T06:51:52Z</time>
        <speed>3.563422</speed>
      </trkpt>
      <trkpt lat="29.2301319" lon="119.6587609">
        <ele>1235.53</ele>
        <time>2026-01-21T06:51:56Z</time>
        <speed>3.1989987</speed>
      </trkpt>
      <trkpt lat="29.2301045" lon="119.6586268">
        <ele>1234.49</ele>
        <time>2026-01-21T06:52:02Z</time>
        <speed>2.9689178</speed>
      </trkpt>
      <trkpt lat="29.2300428" lon="119.6585233">
        <ele>1232.3</ele>
        <time>2026-01-21T06:52:08Z</time>
        <speed>3.1104665</speed>
      </trkpt>
      <trkpt lat="29.2300192" lon="119.6584204">
        <ele>1229.07</ele>
        <time>2026-01-21T06:52:26Z</time>
        <speed>0.98826665</speed>
      </trkpt>
      <trkpt lat="29.2300342" lon="119.6583188">
        <ele>1225.86</ele>
        <time>2026-01-21T06:52:36Z</time>
        <speed>0.8817192</speed>
      </trkpt>
      <trkpt lat="29.2300597" lon="119.6582094">
        <ele>1223.25</ele>
        <time>2026-01-21T06:52:44Z</time>
        <speed>1.2826878</speed>
      </trkpt>
      <trkpt lat="29.2300866" lon="119.6580904">
        <ele>1220.43</ele>
        <time>2026-01-21T06:52:52Z</time>
        <speed>1.6965245</speed>
      </trkpt>
      <trkpt lat="29.2301307" lon="119.6579819">
        <ele>1219.13</ele>
        <time>2026-01-21T06:53:00Z</time>
        <speed>1.7536587</speed>
      </trkpt>
      <trkpt lat="29.2301437" lon="119.6578627">
        <ele>1218.3</ele>
        <time>2026-01-21T06:53:12Z</time>
        <speed>1.0685633</speed>
      </trkpt>
      <trkpt lat="29.2301388" lon="119.6577332">
        <ele>1217.35</ele>
        <time>2026-01-21T06:53:20Z</time>
        <speed>1.4319572</speed>
      </trkpt>
      <trkpt lat="29.2301482" lon="119.6576179">
        <ele>1215.31</ele>
        <time>2026-01-21T06:53:26Z</time>
        <speed>1.5637261</speed>
      </trkpt>
      <trkpt lat="29.2301381" lon="119.6575048">
        <ele>1212.85</ele>
        <time>2026-01-21T06:53:34Z</time>
        <speed>1.5838003</speed>
      </trkpt>
      <trkpt lat="29.2301483" lon="119.6573897">
        <ele>1210.29</ele>
        <time>2026-01-21T06:53:40Z</time>
        <speed>1.4329866</speed>
      </trkpt>
      <trkpt lat="29.2301608" lon="119.6572685">
        <ele>1208.02</ele>
        <time>2026-01-21T06:53:50Z</time>
        <speed>1.2404805</speed>
      </trkpt>
      <trkpt lat="29.2301961" lon="119.6571513">
        <ele>1206.33</ele>
        <time>2026-01-21T06:54:02Z</time>
        <speed>0.9187792</speed>
      </trkpt>
      <trkpt lat="29.2302231" lon="119.6570447">
        <ele>1205.67</ele>
        <time>2026-01-21T06:54:10Z</time>
        <speed>1.5791677</speed>
      </trkpt>
      <trkpt lat="29.2302242" lon="119.6569305">
        <ele>1205.0</ele>
        <time>2026-01-21T06:54:20Z</time>
        <speed>1.4618111</speed>
      </trkpt>
      <trkpt lat="29.2302293" lon="119.6568206">
        <ele>1204.01</ele>
        <time>2026-01-21T06:54:32Z</time>
        <speed>1.0201794</speed>
      </trkpt>
      <trkpt lat="29.2302622" lon="119.656716">
        <ele>1202.37</ele>
        <time>2026-01-21T06:54:44Z</time>
        <speed>1.043342</speed>
      </trkpt>
      <trkpt lat="29.230317" lon="119.6566056">
        <ele>1200.06</ele>
        <time>2026-01-21T06:54:52Z</time>
        <speed>1.3866616</speed>
      </trkpt>
      <trkpt lat="29.2303596" lon="119.6565028">
        <ele>1197.93</ele>
        <time>2026-01-21T06:54:58Z</time>
        <speed>1.6625528</speed>
      </trkpt>
      <trkpt lat="29.230396" lon="119.6563841">
        <ele>1196.11</ele>
        <time>2026-01-21T06:55:06Z</time>
        <speed>1.8813097</speed>
      </trkpt>
      <trkpt lat="29.230431" lon="119.6562743">
        <ele>1194.3</ele>
        <time>2026-01-21T06:55:14Z</time>
        <speed>1.7263783</speed>
      </trkpt>
      <trkpt lat="29.2304719" lon="119.6561758">
        <ele>1192.88</ele>
        <time>2026-01-21T06:55:30Z</time>
        <speed>0.79730475</speed>
      </trkpt>
      <trkpt lat="29.2305239" lon="119.6560639">
        <ele>1191.51</ele>
        <time>2026-01-21T06:55:40Z</time>
        <speed>1.2832025</speed>
      </trkpt>
      <trkpt lat="29.230596" lon="119.6559577">
        <ele>1190.22</ele>
        <time>2026-01-21T06:55:50Z</time>
        <speed>1.4911503</speed>
      </trkpt>
      <trkpt lat="29.2306108" lon="119.6558238">
        <ele>1189.13</ele>
        <time>2026-01-21T06:55:56Z</time>
        <speed>1.8339553</speed>
      </trkpt>
      <trkpt lat="29.2305432" lon="119.6557436">
        <ele>1187.4</ele>
        <time>2026-01-21T06:56:02Z</time>
        <speed>2.3733842</speed>
      </trkpt>
      <trkpt lat="29.2304427" lon="119.6556932">
        <ele>1185.21</ele>
        <time>2026-01-21T06:56:12Z</time>
        <speed>1.9137372</speed>
      </trkpt>
      <trkpt lat="29.2303886" lon="119.6556064">
        <ele>1182.15</ele>
        <time>2026-01-21T06:56:24Z</time>
        <speed>1.0649602</speed>
      </trkpt>
      <trkpt lat="29.2303375" lon="119.6555086">
        <ele>1179.98</ele>
        <time>2026-01-21T06:56:36Z</time>
        <speed>1.0762842</speed>
      </trkpt>
      <trkpt lat="29.2303125" lon="119.6553935">
        <ele>1178.95</ele>
        <time>2026-01-21T06:56:44Z</time>
        <speed>1.4659289</speed>
      </trkpt>
      <trkpt lat="29.2303346" lon="119.655288">
        <ele>1177.86</ele>
        <time>2026-01-21T06:57:00Z</time>
        <speed>1.245113</speed>
      </trkpt>
      <trkpt lat="29.2303586" lon="119.6551787">
        <ele>1176.97</ele>
        <time>2026-01-21T06:57:12Z</time>
        <speed>1.4376192</speed>
      </trkpt>
      <trkpt lat="29.2304149" lon="119.6550756">
        <ele>1175.26</ele>
        <time>2026-01-21T06:57:22Z</time>
        <speed>1.5143127</speed>
      </trkpt>
      <trkpt lat="29.2304799" lon="119.6549903">
        <ele>1173.86</ele>
        <time>2026-01-21T06:57:32Z</time>
        <speed>1.5832856</speed>
      </trkpt>
      <trkpt lat="29.230549" lon="119.6549162">
        <ele>1172.63</ele>
        <time>2026-01-21T06:57:48Z</time>
        <speed>0.6933308</speed>
      </trkpt>
      <trkpt lat="29.230614" lon="119.6548352">
        <ele>1170.81</ele>
        <time>2026-01-21T06:58:06Z</time>
        <speed>0.6253875</speed>
      </trkpt>
      <trkpt lat="29.2306411" lon="119.6547279">
        <ele>1169.13</ele>
        <time>2026-01-21T06:58:16Z</time>
        <speed>0.7700244</speed>
      </trkpt>
      <trkpt lat="29.2306176" lon="119.6546246">
        <ele>1167.48</ele>
        <time>2026-01-21T06:58:34Z</time>
        <speed>0.5795772</speed>
      </trkpt>
      <trkpt lat="29.2305725" lon="119.6545102">
        <ele>1166.37</ele>
        <time>2026-01-21T06:58:58Z</time>
        <speed>0.45964694</speed>
      </trkpt>
      <trkpt lat="29.2305595" lon="119.6543948">
        <ele>1164.53</ele>
        <time>2026-01-21T06:59:06Z</time>
        <speed>0.8822339</speed>
      </trkpt>
      <trkpt lat="29.2305778" lon="119.6542761">
        <ele>1162.93</ele>
        <time>2026-01-21T06:59:14Z</time>
        <speed>1.0170912</speed>
      </trkpt>
      <trkpt lat="29.2306098" lon="119.6541579">
        <ele>1161.45</ele>
        <time>2026-01-21T06:59:20Z</time>
        <speed>1.5786531</speed>
      </trkpt>
      <trkpt lat="29.2306477" lon="119.6540542">
        <ele>1160.4</ele>
        <time>2026-01-21T06:59:32Z</time>
        <speed>0.74531776</speed>
      </trkpt>
      <trkpt lat="29.2307048" lon="119.653971">
        <ele>1159.62</ele>
        <time>2026-01-21T06:59:50Z</time>
        <speed>0.5672239</speed>
      </trkpt>
      <trkpt lat="29.2307489" lon="119.6538621">
        <ele>1159.31</ele>
        <time>2026-01-21T07:00:14Z</time>
        <speed>0.65678555</speed>
      </trkpt>
      <trkpt lat="29.230784" lon="119.6537585">
        <ele>1156.98</ele>
        <time>2026-01-21T07:00:34Z</time>
        <speed>0.6789186</speed>
      </trkpt>
      <trkpt lat="29.230832" lon="119.6536626">
        <ele>1155.7</ele>
        <time>2026-01-21T07:00:44Z</time>
        <speed>1.0217236</speed>
      </trkpt>
      <trkpt lat="29.2309089" lon="119.6535757">
        <ele>1155.44</ele>
        <time>2026-01-21T07:00:50Z</time>
        <speed>1.37122</speed>
      </trkpt>
      <trkpt lat="29.2309832" lon="119.653463">
        <ele>1155.6</ele>
        <time>2026-01-21T07:00:56Z</time>
        <speed>1.7907186</speed>
      </trkpt>
      <trkpt lat="29.2310611" lon="119.6533676">
        <ele>1155.73</ele>
        <time>2026-01-21T07:01:02Z</time>
        <speed>1.736158</speed>
      </trkpt>
      <trkpt lat="29.2311457" lon="119.6532996">
        <ele>1156.19</ele>
        <time>2026-01-21T07:01:10Z</time>
        <speed>1.4772527</speed>
      </trkpt>
      <trkpt lat="29.2311495" lon="119.6531875">
        <ele>1155.76</ele>
        <time>2026-01-21T07:01:58Z</time>
        <speed>0.87657195</speed>
      </trkpt>
      <trkpt lat="29.2310892" lon="119.6531013">
        <ele>1154.57</ele>
        <time>2026-01-21T07:02:06Z</time>
        <speed>0.92752945</speed>
      </trkpt>
      <trkpt lat="29.2309908" lon="119.6530361">
        <ele>1153.3</ele>
        <time>2026-01-21T07:02:12Z</time>
        <speed>1.2368774</speed>
      </trkpt>
      <trkpt lat="29.2308828" lon="119.6529692">
        <ele>1151.75</ele>
        <time>2026-01-21T07:02:18Z</time>
        <speed>1.6090217</speed>
      </trkpt>
      <trkpt lat="29.230789" lon="119.6529127">
        <ele>1149.45</ele>
        <time>2026-01-21T07:02:22Z</time>
        <speed>1.714025</speed>
      </trkpt>
      <trkpt lat="29.2306986" lon="119.6528317">
        <ele>1147.15</ele>
        <time>2026-01-21T07:02:28Z</time>
        <speed>1.921458</speed>
      </trkpt>
      <trkpt lat="29.230619" lon="119.6527635">
        <ele>1144.93</ele>
        <time>2026-01-21T07:02:34Z</time>
        <speed>1.5899769</speed>
      </trkpt>
      <trkpt lat="29.2305376" lon="119.6526832">
        <ele>1142.85</ele>
        <time>2026-01-21T07:02:40Z</time>
        <speed>1.7243195</speed>
      </trkpt>
      <trkpt lat="29.2304425" lon="119.652612">
        <ele>1140.98</ele>
        <time>2026-01-21T07:02:46Z</time>
        <speed>1.9183698</speed>
      </trkpt>
      <trkpt lat="29.230346" lon="119.6525447">
        <ele>1139.44</ele>
        <time>2026-01-21T07:02:52Z</time>
        <speed>1.98271</speed>
      </trkpt>
      <trkpt lat="29.2302547" lon="119.6524811">
        <ele>1138.52</ele>
        <time>2026-01-21T07:02:58Z</time>
        <speed>1.821602</speed>
      </trkpt>
      <trkpt lat="29.2302008" lon="119.6523972">
        <ele>1137.22</ele>
        <time>2026-01-21T07:03:08Z</time>
        <speed>1.1087117</speed>
      </trkpt>
      <trkpt lat="29.2301417" lon="119.652303">
        <ele>1134.89</ele>
        <time>2026-01-21T07:03:18Z</time>
        <speed>1.1251827</speed>
      </trkpt>
      <trkpt lat="29.2300812" lon="119.652216">
        <ele>1132.96</ele>
        <time>2026-01-21T07:03:28Z</time>
        <speed>0.8014225</speed>
      </trkpt>
      <trkpt lat="29.2300206" lon="119.6521364">
        <ele>1131.51</ele>
        <time>2026-01-21T07:03:38Z</time>
        <speed>0.9687072</speed>
      </trkpt>
      <trkpt lat="29.229937" lon="119.652086">
        <ele>1129.79</ele>
        <time>2026-01-21T07:03:48Z</time>
        <speed>0.9218675</speed>
      </trkpt>
      <trkpt lat="29.2298361" lon="119.6520522">
        <ele>1127.68</ele>
        <time>2026-01-21T07:03:58Z</time>
        <speed>1.0793725</speed>
      </trkpt>
      <trkpt lat="29.2297438" lon="119.6520189">
        <ele>1125.71</ele>
        <time>2026-01-21T07:04:06Z</time>
        <speed>1.0937847</speed>
      </trkpt>
      <trkpt lat="29.2296462" lon="119.651999">
        <ele>1124.33</ele>
        <time>2026-01-21T07:04:14Z</time>
        <speed>1.1009909</speed>
      </trkpt>
      <trkpt lat="29.2295671" lon="119.6519479">
        <ele>1123.33</ele>
        <time>2026-01-21T07:04:22Z</time>
        <speed>1.1756256</speed>
      </trkpt>
      <trkpt lat="29.229524" lon="119.6518504">
        <ele>1122.15</ele>
        <time>2026-01-21T07:04:32Z</time>
        <speed>0.9481183</speed>
      </trkpt>
      <trkpt lat="29.2295121" lon="119.6517319">
        <ele>1121.61</ele>
        <time>2026-01-21T07:04:42Z</time>
        <speed>1.0551805</speed>
      </trkpt>
      <trkpt lat="29.2295305" lon="119.6516025">
        <ele>1121.14</ele>
        <time>2026-01-21T07:04:52Z</time>
        <speed>1.1365067</speed>
      </trkpt>
      <trkpt lat="29.2295256" lon="119.6514733">
        <ele>1119.96</ele>
        <time>2026-01-21T07:05:00Z</time>
        <speed>1.180258</speed>
      </trkpt>
      <trkpt lat="29.2295379" lon="119.6513499">
        <ele>1118.17</ele>
        <time>2026-01-21T07:05:10Z</time>
        <speed>1.0016495</speed>
      </trkpt>
      <trkpt lat="29.2295673" lon="119.6512373">
        <ele>1117.11</ele>
        <time>2026-01-21T07:05:18Z</time>
        <speed>1.1864347</speed>
      </trkpt>
      <trkpt lat="29.2296029" lon="119.6511251">
        <ele>1115.68</ele>
        <time>2026-01-21T07:05:26Z</time>
        <speed>1.282173</speed>
      </trkpt>
      <trkpt lat="29.2295842" lon="119.6510251">
        <ele>1114.57</ele>
        <time>2026-01-21T07:05:40Z</time>
        <speed>0.7314203</speed>
      </trkpt>
      <trkpt lat="29.229495" lon="119.6509417">
        <ele>1113.47</ele>
        <time>2026-01-21T07:06:48Z</time>
        <speed>0.9779722</speed>
      </trkpt>
      <trkpt lat="29.2293867" lon="119.6509717">
        <ele>1115.98</ele>
        <time>2026-01-21T07:07:04Z</time>
        <speed>0.8158347</speed>
      </trkpt>
      <trkpt lat="29.2292924" lon="119.6509833">
        <ele>1118.31</ele>
        <time>2026-01-21T07:07:16Z</time>
        <speed>1.1313595</speed>
      </trkpt>
      <trkpt lat="29.229202" lon="119.6509686">
        <ele>1118.69</ele>
        <time>2026-01-21T07:07:34Z</time>
        <speed>1.0345917</speed>
      </trkpt>
      <trkpt lat="29.2291454" lon="119.6509342">
        <ele>1116.54</ele>
        <time>2026-01-21T07:07:54Z</time>
        <speed>0.0</speed>
      </trkpt>
      <trkpt lat="29.2290619" lon="119.6508976">
        <ele>1113.34</ele>
        <time>2026-01-21T07:08:12Z</time>
        <speed>0.7314203</speed>
      </trkpt>
      <trkpt lat="29.2289428" lon="119.650862">
        <ele>1111.35</ele>
        <time>2026-01-21T07:08:20Z</time>
        <speed>1.9950633</speed>
      </trkpt>
      <trkpt lat="29.2288436" lon="119.6508756">
        <ele>1109.65</ele>
        <time>2026-01-21T07:08:42Z</time>
        <speed>0.4406022</speed>
      </trkpt>
      <trkpt lat="29.2287487" lon="119.6508979">
        <ele>1106.4</ele>
        <time>2026-01-21T07:08:52Z</time>
        <speed>1.0572394</speed>
      </trkpt>
      <trkpt lat="29.2286479" lon="119.6509196">
        <ele>1103.05</ele>
        <time>2026-01-21T07:09:02Z</time>
        <speed>1.2873203</speed>
      </trkpt>
      <trkpt lat="29.228546" lon="119.6509407">
        <ele>1099.46</ele>
        <time>2026-01-21T07:09:14Z</time>
        <speed>1.0757694</speed>
      </trkpt>
      <trkpt lat="29.2284502" lon="119.6509381">
        <ele>1097.11</ele>
        <time>2026-01-21T07:09:30Z</time>
        <speed>0.61663723</speed>
      </trkpt>
      <trkpt lat="29.228363" lon="119.6509615">
        <ele>1094.01</ele>
        <time>2026-01-21T07:09:42Z</time>
        <speed>0.7432589</speed>
      </trkpt>
      <trkpt lat="29.2282738" lon="119.6509453">
        <ele>1090.52</ele>
        <time>2026-01-21T07:09:56Z</time>
        <speed>0.83539414</speed>
      </trkpt>
      <trkpt lat="29.2281731" lon="119.6509139">
        <ele>1086.77</ele>
        <time>2026-01-21T07:10:12Z</time>
        <speed>0.7633331</speed>
      </trkpt>
      <trkpt lat="29.2280756" lon="119.6508798">
        <ele>1083.0</ele>
        <time>2026-01-21T07:10:22Z</time>
        <speed>0.85649776</speed>
      </trkpt>
      <trkpt lat="29.2279748" lon="119.6508603">
        <ele>1080.25</ele>
        <time>2026-01-21T07:10:32Z</time>
        <speed>1.0016495</speed>
      </trkpt>
      <trkpt lat="29.2278853" lon="119.6508922">
        <ele>1077.86</ele>
        <time>2026-01-21T07:10:42Z</time>
        <speed>0.8703953</speed>
      </trkpt>
      <trkpt lat="29.2277903" lon="119.6509127">
        <ele>1075.3</ele>
        <time>2026-01-21T07:10:54Z</time>
        <speed>0.95069194</speed>
      </trkpt>
      <trkpt lat="29.2276939" lon="119.6509123">
        <ele>1073.19</ele>
        <time>2026-01-21T07:11:06Z</time>
        <speed>0.8276733</speed>
      </trkpt>
      <trkpt lat="29.2275971" lon="119.650892">
        <ele>1070.44</ele>
        <time>2026-01-21T07:11:18Z</time>
        <speed>0.8853222</speed>
      </trkpt>
      <trkpt lat="29.227504" lon="119.6508864">
        <ele>1067.5</ele>
        <time>2026-01-21T07:11:28Z</time>
        <speed>1.013488</speed>
      </trkpt>
      <trkpt lat="29.2274086" lon="119.6508676">
        <ele>1065.56</ele>
        <time>2026-01-21T07:11:42Z</time>
        <speed>0.79061335</speed>
      </trkpt>
      <trkpt lat="29.2273059" lon="119.6508401">
        <ele>1064.29</ele>
        <time>2026-01-21T07:11:54Z</time>
        <speed>1.0876081</speed>
      </trkpt>
      <trkpt lat="29.2272093" lon="119.6508127">
        <ele>1062.96</ele>
        <time>2026-01-21T07:12:06Z</time>
        <speed>0.91569084</speed>
      </trkpt>
      <trkpt lat="29.2271179" lon="119.6507824">
        <ele>1060.1</ele>
        <time>2026-01-21T07:12:16Z</time>
        <speed>1.0670192</speed>
      </trkpt>
      <trkpt lat="29.2270158" lon="119.6508016">
        <ele>1056.83</ele>
        <time>2026-01-21T07:12:30Z</time>
        <speed>0.81892306</speed>
      </trkpt>
      <trkpt lat="29.2269219" lon="119.6508117">
        <ele>1054.49</ele>
        <time>2026-01-21T07:12:40Z</time>
        <speed>0.9265</speed>
      </trkpt>
      <trkpt lat="29.2268227" lon="119.6508372">
        <ele>1052.09</ele>
        <time>2026-01-21T07:12:52Z</time>
        <speed>0.99341387</speed>
      </trkpt>
      <trkpt lat="29.2267263" lon="119.6508513">
        <ele>1049.6</ele>
        <time>2026-01-21T07:13:04Z</time>
        <speed>0.8621597</speed>
      </trkpt>
      <trkpt lat="29.2266348" lon="119.6508487">
        <ele>1047.32</ele>
        <time>2026-01-21T07:13:14Z</time>
        <speed>0.94914776</speed>
      </trkpt>
      <trkpt lat="29.2265426" lon="119.6508274">
        <ele>1045.42</ele>
        <time>2026-01-21T07:13:24Z</time>
        <speed>1.1272416</speed>
      </trkpt>
      <trkpt lat="29.2264285" lon="119.6508114">
        <ele>1043.26</ele>
        <time>2026-01-21T07:13:32Z</time>
        <speed>1.5776236</speed>
      </trkpt>
      <trkpt lat="29.2263276" lon="119.6508101">
        <ele>1041.47</ele>
        <time>2026-01-21T07:13:40Z</time>
        <speed>1.3346747</speed>
      </trkpt>
      <trkpt lat="29.2262239" lon="119.6508359">
        <ele>1040.32</ele>
        <time>2026-01-21T07:13:50Z</time>
        <speed>1.2394512</speed>
      </trkpt>
      <trkpt lat="29.2261165" lon="119.6508737">
        <ele>1038.98</ele>
        <time>2026-01-21T07:13:58Z</time>
        <speed>1.4968122</speed>
      </trkpt>
      <trkpt lat="29.2260066" lon="119.650904">
        <ele>1038.39</ele>
        <time>2026-01-21T07:14:06Z</time>
        <speed>1.510195</speed>
      </trkpt>
      <trkpt lat="29.2259048" lon="119.65094">
        <ele>1038.0</ele>
        <time>2026-01-21T07:14:16Z</time>
        <speed>1.2142297</speed>
      </trkpt>
      <trkpt lat="29.2258113" lon="119.6509777">
        <ele>1038.05</ele>
        <time>2026-01-21T07:14:24Z</time>
        <speed>1.4062212</speed>
      </trkpt>
      <trkpt lat="29.2257217" lon="119.6509729">
        <ele>1037.81</ele>
        <time>2026-01-21T07:14:30Z</time>
        <speed>1.8329258</speed>
      </trkpt>
      <trkpt lat="29.2256079" lon="119.6509496">
        <ele>1037.55</ele>
        <time>2026-01-21T07:14:38Z</time>
        <speed>2.0707276</speed>
      </trkpt>
      <trkpt lat="29.2255048" lon="119.6509605">
        <ele>1038.95</ele>
        <time>2026-01-21T07:14:44Z</time>
        <speed>2.4526515</speed>
      </trkpt>
      <trkpt lat="29.2254079" lon="119.650921">
        <ele>1038.63</ele>
        <time>2026-01-21T07:14:54Z</time>
        <speed>1.3578372</speed>
      </trkpt>
      <trkpt lat="29.2253169" lon="119.6508773">
        <ele>1034.1</ele>
        <time>2026-01-21T07:15:04Z</time>
        <speed>1.2373922</speed>
      </trkpt>
      <trkpt lat="29.225229" lon="119.650842">
        <ele>1030.14</ele>
        <time>2026-01-21T07:15:12Z</time>
        <speed>1.2945263</speed>
      </trkpt>
      <trkpt lat="29.2251304" lon="119.6508275">
        <ele>1026.55</ele>
        <time>2026-01-21T07:15:20Z</time>
        <speed>1.5395342</speed>
      </trkpt>
      <trkpt lat="29.2250363" lon="119.6508585">
        <ele>1022.66</ele>
        <time>2026-01-21T07:15:36Z</time>
        <speed>0.9326767</speed>
      </trkpt>
      <trkpt lat="29.2249404" lon="119.650914">
        <ele>1018.37</ele>
        <time>2026-01-21T07:15:44Z</time>
        <speed>1.2904086</speed>
      </trkpt>
      <trkpt lat="29.224845" lon="119.650964">
        <ele>1016.06</ele>
        <time>2026-01-21T07:15:52Z</time>
        <speed>1.5282103</speed>
      </trkpt>
      <trkpt lat="29.2247625" lon="119.6510255">
        <ele>1014.57</ele>
        <time>2026-01-21T07:16:06Z</time>
        <speed>0.6367114</speed>
      </trkpt>
      <trkpt lat="29.2247071" lon="119.6511174">
        <ele>1013.12</ele>
        <time>2026-01-21T07:16:14Z</time>
        <speed>1.3187183</speed>
      </trkpt>
      <trkpt lat="29.2246735" lon="119.6511441">
        <ele>1011.31</ele>
        <time>2026-01-21T07:16:26Z</time>
        <speed>0.0</speed>
      </trkpt>
      <trkpt lat="29.2246961" lon="119.6512259">
        <ele>1007.47</ele>
        <time>2026-01-21T07:16:52Z</time>
        <speed>1.078343</speed>
      </trkpt>
      <trkpt lat="29.2247057" lon="119.6513414">
        <ele>1004.3</ele>
        <time>2026-01-21T07:17:02Z</time>
        <speed>1.0592983</speed>
      </trkpt>
      <trkpt lat="29.2246788" lon="119.6514575">
        <ele>1004.9</ele>
        <time>2026-01-21T07:17:14Z</time>
        <speed>0.81223166</speed>
      </trkpt>
      <trkpt lat="29.2246007" lon="119.6515435">
        <ele>1008.86</ele>
        <time>2026-01-21T07:17:22Z</time>
        <speed>1.3454839</speed>
      </trkpt>
      <trkpt lat="29.2245339" lon="119.6516256">
        <ele>1013.39</ele>
        <time>2026-01-21T07:17:28Z</time>
        <speed>1.2615842</speed>
      </trkpt>
      <trkpt lat="29.2244421" lon="119.6516985">
        <ele>1016.79</ele>
        <time>2026-01-21T07:17:36Z</time>
        <speed>1.1606987</speed>
      </trkpt>
      <trkpt lat="29.2243712" lon="119.6517824">
        <ele>1019.51</ele>
        <time>2026-01-21T07:17:46Z</time>
        <speed>1.1946703</speed>
      </trkpt>
      <trkpt lat="29.224345" lon="119.6518963">
        <ele>1020.88</ele>
        <time>2026-01-21T07:17:54Z</time>
        <speed>1.5611525</speed>
      </trkpt>
      <trkpt lat="29.2243663" lon="119.6520071">
        <ele>1021.58</ele>
        <time>2026-01-21T07:18:02Z</time>
        <speed>1.4201186</speed>
      </trkpt>
      <trkpt lat="29.2244075" lon="119.6521164">
        <ele>1021.54</ele>
        <time>2026-01-21T07:18:10Z</time>
        <speed>1.3511459</speed>
      </trkpt>
      <trkpt lat="29.2244245" lon="119.6522257">
        <ele>1020.84</ele>
        <time>2026-01-21T07:18:20Z</time>
        <speed>1.1895231</speed>
      </trkpt>
      <trkpt lat="29.2244145" lon="119.6523308">
        <ele>1021.77</ele>
        <time>2026-01-21T07:18:28Z</time>
        <speed>1.2842319</speed>
      </trkpt>
      <trkpt lat="29.2243792" lon="119.6524368">
        <ele>1024.19</ele>
        <time>2026-01-21T07:18:36Z</time>
        <speed>1.4015886</speed>
      </trkpt>
      <trkpt lat="29.2243522" lon="119.6524769">
        <ele>1025.74</ele>
        <time>2026-01-21T07:19:00Z</time>
        <speed>0.0</speed>
      </trkpt>
      <trkpt lat="29.224279" lon="119.652523">
        <ele>1024.65</ele>
        <time>2026-01-21T07:19:14Z</time>
        <speed>0.63362306</speed>
      </trkpt>
      <trkpt lat="29.2242898" lon="119.6525974">
        <ele>1023.68</ele>
        <time>2026-01-21T07:20:04Z</time>
        <speed>0.824585</speed>
      </trkpt>
      <trkpt lat="29.2242238" lon="119.6526512">
        <ele>1025.11</ele>
        <time>2026-01-21T07:20:44Z</time>
        <speed>0.77208334</speed>
      </trkpt>
      <trkpt lat="29.2241331" lon="119.6527006">
        <ele>1024.63</ele>
        <time>2026-01-21T07:20:54Z</time>
        <speed>1.0464302</speed>
      </trkpt>
      <trkpt lat="29.2240434" lon="119.6527653">
        <ele>1023.97</ele>
        <time>2026-01-21T07:21:02Z</time>
        <speed>1.1596692</speed>
      </trkpt>
      <trkpt lat="29.2239467" lon="119.6528388">
        <ele>1023.55</ele>
        <time>2026-01-21T07:21:10Z</time>
        <speed>1.2775406</speed>
      </trkpt>
      <trkpt lat="29.223859" lon="119.6529263">
        <ele>1022.15</ele>
        <time>2026-01-21T07:21:18Z</time>
        <speed>1.4288689</speed>
      </trkpt>
      <trkpt lat="29.2237994" lon="119.6530307">
        <ele>1021.01</ele>
        <time>2026-01-21T07:21:26Z</time>
        <speed>1.5328428</speed>
      </trkpt>
      <trkpt lat="29.2237151" lon="119.6530912">
        <ele>1020.32</ele>
        <time>2026-01-21T07:21:38Z</time>
        <speed>1.1725372</speed>
      </trkpt>
      <trkpt lat="29.2236478" lon="119.6531605">
        <ele>1020.74</ele>
        <time>2026-01-21T07:21:56Z</time>
        <speed>0.4004539</speed>
      </trkpt>
      <trkpt lat="29.2236876" lon="119.6532383">
        <ele>1021.54</ele>
        <time>2026-01-21T07:22:52Z</time>
        <speed>1.324895</speed>
      </trkpt>
      <trkpt lat="29.2237495" lon="119.6533347">
        <ele>1019.16</ele>
        <time>2026-01-21T07:23:00Z</time>
        <speed>1.4036475</speed>
      </trkpt>
      <trkpt lat="29.2238058" lon="119.6534312">
        <ele>1015.78</ele>
        <time>2026-01-21T07:23:14Z</time>
        <speed>0.9753986</speed>
      </trkpt>
      <trkpt lat="29.223843" lon="119.653548">
        <ele>1013.64</ele>
        <time>2026-01-21T07:23:22Z</time>
        <speed>1.8741037</speed>
      </trkpt>
      <trkpt lat="29.2238611" lon="119.653664">
        <ele>1012.93</ele>
        <time>2026-01-21T07:23:30Z</time>
        <speed>1.2873203</speed>
      </trkpt>
      <trkpt lat="29.223881" lon="119.6537883">
        <ele>1014.34</ele>
        <time>2026-01-21T07:23:38Z</time>
        <speed>1.5415931</speed>
      </trkpt>
      <trkpt lat="29.2238925" lon="119.6539011">
        <ele>1015.83</ele>
        <time>2026-01-21T07:23:44Z</time>
        <speed>1.6018156</speed>
      </trkpt>
      <trkpt lat="29.2239315" lon="119.6540189">
        <ele>1016.29</ele>
        <time>2026-01-21T07:23:52Z</time>
        <speed>1.5951241</speed>
      </trkpt>
      <trkpt lat="29.2239674" lon="119.6541313">
        <ele>1016.51</ele>
        <time>2026-01-21T07:24:00Z</time>
        <speed>1.4335014</speed>
      </trkpt>
      <trkpt lat="29.224001" lon="119.6542401">
        <ele>1016.59</ele>
        <time>2026-01-21T07:24:06Z</time>
        <speed>1.5771089</speed>
      </trkpt>
      <trkpt lat="29.2240259" lon="119.654363">
        <ele>1016.08</ele>
        <time>2026-01-21T07:24:14Z</time>
        <speed>1.639905</speed>
      </trkpt>
      <trkpt lat="29.2240224" lon="119.6544963">
        <ele>1015.06</ele>
        <time>2026-01-21T07:24:22Z</time>
        <speed>1.7088778</speed>
      </trkpt>
      <trkpt lat="29.224004" lon="119.6546265">
        <ele>1014.47</ele>
        <time>2026-01-21T07:24:30Z</time>
        <speed>1.6115953</speed>
      </trkpt>
      <trkpt lat="29.2239819" lon="119.6547522">
        <ele>1014.18</ele>
        <time>2026-01-21T07:24:38Z</time>
        <speed>1.5606378</speed>
      </trkpt>
      <trkpt lat="29.2239502" lon="119.6548709">
        <ele>1014.58</ele>
        <time>2026-01-21T07:24:46Z</time>
        <speed>1.5276955</speed>
      </trkpt>
      <trkpt lat="29.2239123" lon="119.6549834">
        <ele>1014.85</ele>
        <time>2026-01-21T07:24:54Z</time>
        <speed>1.4504873</speed>
      </trkpt>
      <trkpt lat="29.2239235" lon="119.6551016">
        <ele>1014.91</ele>
        <time>2026-01-21T07:25:02Z</time>
        <speed>1.4741645</speed>
      </trkpt>
      <trkpt lat="29.223867" lon="119.6551961">
        <ele>1015.47</ele>
        <time>2026-01-21T07:25:24Z</time>
        <speed>1.0011348</speed>
      </trkpt>
      <trkpt lat="29.2237787" lon="119.6552419">
        <ele>1015.57</ele>
        <time>2026-01-21T07:25:36Z</time>
        <speed>1.1550367</speed>
      </trkpt>
      <trkpt lat="29.2237401" lon="119.6552274">
        <ele>1014.59</ele>
        <time>2026-01-21T07:25:54Z</time>
        <speed>0.0</speed>
      </trkpt>
      <trkpt lat="29.2236652" lon="119.6552342">
        <ele>1014.94</ele>
        <time>2026-01-21T07:26:12Z</time>
        <speed>0.9753986</speed>
      </trkpt>
      <trkpt lat="29.2235697" lon="119.6552239">
        <ele>1015.18</ele>
        <time>2026-01-21T07:26:26Z</time>
        <speed>0.8132611</speed>
      </trkpt>
      <trkpt lat="29.2234655" lon="119.6552063">
        <ele>1013.94</ele>
        <time>2026-01-21T07:26:46Z</time>
        <speed>0.6665653</speed>
      </trkpt>
      <trkpt lat="29.2233739" lon="119.6551591">
        <ele>1012.38</ele>
        <time>2026-01-21T07:27:00Z</time>
        <speed>0.95275086</speed>
      </trkpt>
      <trkpt lat="29.2232921" lon="119.6550948">
        <ele>1010.88</ele>
        <time>2026-01-21T07:27:12Z</time>
        <speed>0.9084847</speed>
      </trkpt>
      <trkpt lat="29.2231976" lon="119.6550529">
        <ele>1008.52</ele>
        <time>2026-01-21T07:27:24Z</time>
        <speed>0.9831194</speed>
      </trkpt>
      <trkpt lat="29.2230993" lon="119.6550314">
        <ele>1005.24</ele>
        <time>2026-01-21T07:27:36Z</time>
        <speed>0.8822339</speed>
      </trkpt>
      <trkpt lat="29.2230013" lon="119.6549946">
        <ele>1002.08</ele>
        <time>2026-01-21T07:27:48Z</time>
        <speed>0.94657415</speed>
      </trkpt>
      <trkpt lat="29.2229101" lon="119.6549563">
        <ele>999.3</ele>
        <time>2026-01-21T07:27:58Z</time>
        <speed>1.1030498</speed>
      </trkpt>
      <trkpt lat="29.2228692" lon="119.65496">
        <ele>996.59</ele>
        <time>2026-01-21T07:28:18Z</time>
        <speed>0.0</speed>
      </trkpt>
      <trkpt lat="29.2228101" lon="119.6549181">
        <ele>993.19</ele>
        <time>2026-01-21T07:28:40Z</time>
        <speed>0.37574723</speed>
      </trkpt>
      <trkpt lat="29.22269" lon="119.6548717">
        <ele>991.82</ele>
        <time>2026-01-21T07:30:10Z</time>
        <speed>0.4560439</speed>
      </trkpt>
      <trkpt lat="29.2227483" lon="119.6549567">
        <ele>992.76</ele>
        <time>2026-01-21T07:30:30Z</time>
        <speed>0.8683364</speed>
      </trkpt>
      <trkpt lat="29.2227136" lon="119.6550628">
        <ele>992.86</ele>
        <time>2026-01-21T07:30:52Z</time>
        <speed>1.2996736</speed>
      </trkpt>
      <trkpt lat="29.2226482" lon="119.6551599">
        <ele>992.45</ele>
        <time>2026-01-21T07:31:02Z</time>
        <speed>1.2162886</speed>
      </trkpt>
      <trkpt lat="29.2225477" lon="119.6551664">
        <ele>990.15</ele>
        <time>2026-01-21T07:31:14Z</time>
        <speed>1.0721664</speed>
      </trkpt>
      <trkpt lat="29.2224555" lon="119.655119">
        <ele>987.07</ele>
        <time>2026-01-21T07:32:08Z</time>
        <speed>0.77723056</speed>
      </trkpt>
      <trkpt lat="29.22239" lon="119.6551603">
        <ele>984.46</ele>
        <time>2026-01-21T07:32:18Z</time>
        <speed>1.139595</speed>
      </trkpt>
      <trkpt lat="29.2223373" lon="119.655241">
        <ele>984.18</ele>
        <time>2026-01-21T07:32:30Z</time>
        <speed>1.0088556</speed>
      </trkpt>
      <trkpt lat="29.2222775" lon="119.6552126">
        <ele>983.63</ele>
        <time>2026-01-21T07:32:42Z</time>
        <speed>0.93679446</speed>
      </trkpt>
      <trkpt lat="29.2222041" lon="119.6551576">
        <ele>981.46</ele>
        <time>2026-01-21T07:32:50Z</time>
        <speed>1.7387316</speed>
      </trkpt>
      <trkpt lat="29.2221343" lon="119.6550796">
        <ele>979.85</ele>
        <time>2026-01-21T07:33:04Z</time>
        <speed>0.7365675</speed>
      </trkpt>
      <trkpt lat="29.2220991" lon="119.6549706">
        <ele>978.45</ele>
        <time>2026-01-21T07:33:26Z</time>
        <speed>1.3480575</speed>
      </trkpt>
      <trkpt lat="29.2220278" lon="119.6548899">
        <ele>975.72</ele>
        <time>2026-01-21T07:33:40Z</time>
        <speed>1.263643</speed>
      </trkpt>
      <trkpt lat="29.2219741" lon="119.6548029">
        <ele>975.67</ele>
        <time>2026-01-21T07:34:00Z</time>
        <speed>0.0</speed>
      </trkpt>
      <trkpt lat="29.2218883" lon="119.65478">
        <ele>974.91</ele>
        <time>2026-01-21T07:35:16Z</time>
        <speed>1.139595</speed>
      </trkpt>
      <trkpt lat="29.22184" lon="119.6548417">
        <ele>973.7</ele>
        <time>2026-01-21T07:35:50Z</time>
        <speed>0.0</speed>
      </trkpt>
      <trkpt lat="29.2217762" lon="119.6547821">
        <ele>973.36</ele>
        <time>2026-01-21T07:36:04Z</time>
        <speed>1.2250389</speed>
      </trkpt>
      <trkpt lat="29.2216851" lon="119.6547421">
        <ele>972.34</ele>
        <time>2026-01-21T07:36:16Z</time>
        <speed>1.0536364</speed>
      </trkpt>
      <trkpt lat="29.2215918" lon="119.6547692">
        <ele>972.54</ele>
        <time>2026-01-21T07:36:30Z</time>
        <speed>0.66193277</speed>
      </trkpt>
      <trkpt lat="29.2214874" lon="119.6547626">
        <ele>971.4</ele>
        <time>2026-01-21T07:36:40Z</time>
        <speed>1.1200355</speed>
      </trkpt>
      <trkpt lat="29.2214387" lon="119.6547313">
        <ele>970.93</ele>
        <time>2026-01-21T07:36:52Z</time>
        <speed>0.0</speed>
      </trkpt>
      <trkpt lat="29.221403" lon="119.6547965">
        <ele>970.31</ele>
        <time>2026-01-21T07:37:12Z</time>
        <speed>1.1004761</speed>
      </trkpt>
      <trkpt lat="29.2213432" lon="119.654876">
        <ele>969.83</ele>
        <time>2026-01-21T07:37:28Z</time>
        <speed>0.5378847</speed>
      </trkpt>
      <trkpt lat="29.2212602" lon="119.6549">
        <ele>970.72</ele>
        <time>2026-01-21T07:37:36Z</time>
        <speed>1.1349626</speed>
      </trkpt>
      <trkpt lat="29.2212353" lon="119.6549043">
        <ele>970.41</ele>
        <time>2026-01-21T07:37:44Z</time>
        <speed>0.0</speed>
      </trkpt>
      <trkpt lat="29.221238" lon="119.6549854">
        <ele>970.19</ele>
        <time>2026-01-21T07:38:16Z</time>
        <speed>0.991355</speed>
      </trkpt>
      <trkpt lat="29.2212472" lon="119.6550939">
        <ele>970.5</ele>
        <time>2026-01-21T07:38:28Z</time>
        <speed>0.9959875</speed>
      </trkpt>
      <trkpt lat="29.2212597" lon="119.6552254">
        <ele>970.63</ele>
        <time>2026-01-21T07:38:42Z</time>
        <speed>0.96664834</speed>
      </trkpt>
      <trkpt lat="29.2212239" lon="119.6553333">
        <ele>969.84</ele>
        <time>2026-01-21T07:38:52Z</time>
        <speed>0.9100289</speed>
      </trkpt>
      <trkpt lat="29.2211819" lon="119.6554396">
        <ele>968.62</ele>
        <time>2026-01-21T07:39:02Z</time>
        <speed>0.9939286</speed>
      </trkpt>
      <trkpt lat="29.2211284" lon="119.6555438">
        <ele>966.63</ele>
        <time>2026-01-21T07:39:12Z</time>
        <speed>1.1359919</speed>
      </trkpt>
      <trkpt lat="29.221072" lon="119.655646">
        <ele>964.85</ele>
        <time>2026-01-21T07:39:20Z</time>
        <speed>1.2373922</speed>
      </trkpt>
      <trkpt lat="29.2210261" lon="119.6557299">
        <ele>964.4</ele>
        <time>2026-01-21T07:39:36Z</time>
        <speed>0.0</speed>
      </trkpt>
      <trkpt lat="29.220961" lon="119.6557973">
        <ele>963.84</ele>
        <time>2026-01-21T07:39:56Z</time>
        <speed>1.0881227</speed>
      </trkpt>
      <trkpt lat="29.2208901" lon="119.6558647">
        <ele>963.01</ele>
        <time>2026-01-21T07:40:04Z</time>
        <speed>1.263643</speed>
      </trkpt>
      <trkpt lat="29.2208168" lon="119.6559449">
        <ele>962.32</ele>
        <time>2026-01-21T07:40:12Z</time>
        <speed>1.4520314</speed>
      </trkpt>
      <trkpt lat="29.2207611" lon="119.6560469">
        <ele>961.32</ele>
        <time>2026-01-21T07:40:20Z</time>
        <speed>1.4751939</speed>
      </trkpt>
      <trkpt lat="29.2207561" lon="119.6561578">
        <ele>960.79</ele>
        <time>2026-01-21T07:40:34Z</time>
        <speed>1.0423125</speed>
      </trkpt>
      <trkpt lat="29.2207365" lon="119.6562668">
        <ele>959.98</ele>
        <time>2026-01-21T07:40:42Z</time>
        <speed>1.3609256</speed>
      </trkpt>
      <trkpt lat="29.2206646" lon="119.6563551">
        <ele>959.34</ele>
        <time>2026-01-21T07:40:50Z</time>
        <speed>1.5369606</speed>
      </trkpt>
      <trkpt lat="29.2205689" lon="119.6564229">
        <ele>958.77</ele>
        <time>2026-01-21T07:40:58Z</time>
        <speed>1.5246072</speed>
      </trkpt>
      <trkpt lat="29.2204946" lon="119.6564965">
        <ele>958.39</ele>
        <time>2026-01-21T07:41:04Z</time>
        <speed>1.55652</speed>
      </trkpt>
      <trkpt lat="29.2204606" lon="119.6566063">
        <ele>957.97</ele>
        <time>2026-01-21T07:41:12Z</time>
        <speed>1.5338722</speed>
      </trkpt>
      <trkpt lat="29.220379" lon="119.6566749">
        <ele>956.82</ele>
        <time>2026-01-21T07:41:20Z</time>
        <speed>1.4942386</speed>
      </trkpt>
      <trkpt lat="29.2202904" lon="119.6567166">
        <ele>956.17</ele>
        <time>2026-01-21T07:41:30Z</time>
        <speed>0.98209</speed>
      </trkpt>
      <trkpt lat="29.2202333" lon="119.6567911">
        <ele>955.79</ele>
        <time>2026-01-21T07:41:40Z</time>
        <speed>1.0788578</speed>
      </trkpt>
      <trkpt lat="29.2201626" lon="119.6568624">
        <ele>954.63</ele>
        <time>2026-01-21T07:41:50Z</time>
        <speed>1.121065</speed>
      </trkpt>
      <trkpt lat="29.2200783" lon="119.6569243">
        <ele>952.77</ele>
        <time>2026-01-21T07:41:58Z</time>
        <speed>1.4643847</speed>
      </trkpt>
      <trkpt lat="29.2200281" lon="119.6569938">
        <ele>951.41</ele>
        <time>2026-01-21T07:42:14Z</time>
        <speed>0.0</speed>
      </trkpt>
      <trkpt lat="29.2200217" lon="119.6571017">
        <ele>951.19</ele>
        <time>2026-01-21T07:43:16Z</time>
        <speed>0.9548097</speed>
      </trkpt>
      <trkpt lat="29.219965" lon="119.657185">
        <ele>952.87</ele>
        <time>2026-01-21T07:43:28Z</time>
        <speed>1.2389364</speed>
      </trkpt>
      <trkpt lat="29.219914" lon="119.6572853">
        <ele>954.04</ele>
        <time>2026-01-21T07:43:38Z</time>
        <speed>1.2960706</speed>
      </trkpt>
      <trkpt lat="29.2199064" lon="119.6572907">
        <ele>953.6</ele>
        <time>2026-01-21T07:43:48Z</time>
        <speed>0.0</speed>
      </trkpt>
      <trkpt lat="29.2198811" lon="119.6573683">
        <ele>952.09</ele>
        <time>2026-01-21T07:44:18Z</time>
        <speed>1.0989319</speed>
      </trkpt>
      <trkpt lat="29.219843" lon="119.6574618">
        <ele>951.15</ele>
        <time>2026-01-21T07:44:26Z</time>
        <speed>1.3171742</speed>
      </trkpt>
      <trkpt lat="29.2198012" lon="119.6575624">
        <ele>949.75</ele>
        <time>2026-01-21T07:44:34Z</time>
        <speed>1.3629844</speed>
      </trkpt>
      <trkpt lat="29.219761" lon="119.6576765">
        <ele>947.88</ele>
        <time>2026-01-21T07:44:46Z</time>
        <speed>1.0973878</speed>
      </trkpt>
      <trkpt lat="29.2197707" lon="119.6577943">
        <ele>945.35</ele>
        <time>2026-01-21T07:45:04Z</time>
        <speed>0.55692947</speed>
      </trkpt>
      <trkpt lat="29.2197567" lon="119.6579">
        <ele>941.72</ele>
        <time>2026-01-21T07:46:44Z</time>
        <speed>0.71186084</speed>
      </trkpt>
      <trkpt lat="29.21974" lon="119.6580083">
        <ele>944.16</ele>
        <time>2026-01-21T07:47:50Z</time>
        <speed>0.509575</speed>
      </trkpt>
      <trkpt lat="29.2197333" lon="119.6581117">
        <ele>943.23</ele>
        <time>2026-01-21T07:48:28Z</time>
        <speed>0.6624475</speed>
      </trkpt>
      <trkpt lat="29.2197154" lon="119.6582263">
        <ele>941.41</ele>
        <time>2026-01-21T07:48:46Z</time>
        <speed>0.92341167</speed>
      </trkpt>
      <trkpt lat="29.2197237" lon="119.6583403">
        <ele>938.65</ele>
        <time>2026-01-21T07:49:04Z</time>
        <speed>0.5486939</speed>
      </trkpt>
      <trkpt lat="29.2197515" lon="119.6584467">
        <ele>937.6</ele>
        <time>2026-01-21T07:49:20Z</time>
        <speed>0.66090333</speed>
      </trkpt>
      <trkpt lat="29.2197845" lon="119.6585502">
        <ele>937.6</ele>
        <time>2026-01-21T07:49:58Z</time>
        <speed>0.45913222</speed>
      </trkpt>
      <trkpt lat="29.2197789" lon="119.6586604">
        <ele>935.66</ele>
        <time>2026-01-21T07:50:12Z</time>
        <speed>0.76281834</speed>
      </trkpt>
      <trkpt lat="29.2197506" lon="119.6587722">
        <ele>933.18</ele>
        <time>2026-01-21T07:50:26Z</time>
        <speed>0.8611303</speed>
      </trkpt>
      <trkpt lat="29.2196754" lon="119.6588379">
        <ele>930.52</ele>
        <time>2026-01-21T07:50:52Z</time>
        <speed>0.99032557</speed>
      </trkpt>
      <trkpt lat="29.2196251" lon="119.6589218">
        <ele>929.18</ele>
        <time>2026-01-21T07:51:40Z</time>
        <speed>0.5625914</speed>
      </trkpt>
      <trkpt lat="29.2195801" lon="119.6590134">
        <ele>926.74</ele>
        <time>2026-01-21T07:52:18Z</time>
        <speed>0.42773417</speed>
      </trkpt>
      <trkpt lat="29.2195513" lon="119.6591119">
        <ele>925.56</ele>
        <time>2026-01-21T07:52:44Z</time>
        <speed>0.36545277</speed>
      </trkpt>
      <trkpt lat="29.219516" lon="119.6592076">
        <ele>925.62</ele>
        <time>2026-01-21T07:53:18Z</time>
        <speed>0.84826225</speed>
      </trkpt>
      <trkpt lat="29.2194524" lon="119.6592918">
        <ele>925.53</ele>
        <time>2026-01-21T07:54:08Z</time>
        <speed>0.6773744</speed>
      </trkpt>
      <trkpt lat="29.2193733" lon="119.6593533">
        <ele>923.45</ele>
        <time>2026-01-21T07:55:10Z</time>
        <speed>1.0572394</speed>
      </trkpt>
      <trkpt lat="29.21935" lon="119.6593583">
        <ele>922.18</ele>
        <time>2026-01-21T07:55:18Z</time>
        <speed>0.0</speed>
      </trkpt>
      <trkpt lat="29.2193067" lon="119.6594567">
        <ele>921.59</ele>
        <time>2026-01-21T07:56:20Z</time>
        <speed>0.25633165</speed>
      </trkpt>
      <trkpt lat="29.2192333" lon="119.65952">
        <ele>919.27</ele>
        <time>2026-01-21T07:58:04Z</time>
        <speed>0.4400875</speed>
      </trkpt>
      <trkpt lat="29.2191617" lon="119.6596">
        <ele>918.12</ele>
        <time>2026-01-21T07:58:36Z</time>
        <speed>0.44369057</speed>
      </trkpt>
      <trkpt lat="29.2190759" lon="119.6596518">
        <ele>918.5</ele>
        <time>2026-01-21T07:58:54Z</time>
        <speed>0.46119112</speed>
      </trkpt>
      <trkpt lat="29.2190442" lon="119.6597449">
        <ele>919.75</ele>
        <time>2026-01-21T07:59:14Z</time>
        <speed>0.46427944</speed>
      </trkpt>
      <trkpt lat="29.2190244" lon="119.6598533">
        <ele>920.72</ele>
        <time>2026-01-21T07:59:26Z</time>
        <speed>0.7900986</speed>
      </trkpt>
      <trkpt lat="29.2190086" lon="119.6599663">
        <ele>921.53</ele>
        <time>2026-01-21T07:59:38Z</time>
        <speed>0.7664214</speed>
      </trkpt>
      <trkpt lat="29.2189988" lon="119.6600871">
        <ele>922.16</ele>
        <time>2026-01-21T07:59:52Z</time>
        <speed>0.8570125</speed>
      </trkpt>
      <trkpt lat="29.218986" lon="119.6601957">
        <ele>922.69</ele>
        <time>2026-01-21T08:00:04Z</time>
        <speed>0.8359089</speed>
      </trkpt>
      <trkpt lat="29.2189461" lon="119.6602938">
        <ele>923.04</ele>
        <time>2026-01-21T08:00:26Z</time>
        <speed>0.60788697</speed>
      </trkpt>
      <trkpt lat="29.2188959" lon="119.6603883">
        <ele>922.72</ele>
        <time>2026-01-21T08:00:48Z</time>
        <speed>0.2568464</speed>
      </trkpt>
      <trkpt lat="29.2188219" lon="119.6604619">
        <ele>922.58</ele>
        <time>2026-01-21T08:01:02Z</time>
        <speed>0.7139197</speed>
      </trkpt>
      <trkpt lat="29.218788" lon="119.6605636">
        <ele>922.33</ele>
        <time>2026-01-21T08:01:16Z</time>
        <speed>0.9100289</speed>
      </trkpt>
      <trkpt lat="29.2187545" lon="119.6606619">
        <ele>921.2</ele>
        <time>2026-01-21T08:01:26Z</time>
        <speed>1.0011348</speed>
      </trkpt>
      <trkpt lat="29.2187137" lon="119.6607107">
        <ele>919.35</ele>
        <time>2026-01-21T08:01:42Z</time>
        <speed>0.0</speed>
      </trkpt>
      <trkpt lat="29.2186533" lon="119.6607711">
        <ele>916.96</ele>
        <time>2026-01-21T08:02:12Z</time>
        <speed>0.54560554</speed>
      </trkpt>
      <trkpt lat="29.2185709" lon="119.6608071">
        <ele>914.35</ele>
        <time>2026-01-21T08:02:42Z</time>
        <speed>1.0031936</speed>
      </trkpt>
      <trkpt lat="29.2185177" lon="119.6607848">
        <ele>911.97</ele>
        <time>2026-01-21T08:03:04Z</time>
        <speed>0.0</speed>
      </trkpt>
      <trkpt lat="29.2184658" lon="119.6608432">
        <ele>910.6</ele>
        <time>2026-01-21T08:03:40Z</time>
        <speed>0.6490647</speed>
      </trkpt>
      <trkpt lat="29.218405" lon="119.6609175">
        <ele>905.48</ele>
        <time>2026-01-21T08:03:54Z</time>
        <speed>0.6624475</speed>
      </trkpt>
      <trkpt lat="29.2183191" lon="119.6609329">
        <ele>900.03</ele>
        <time>2026-01-21T08:04:20Z</time>
        <speed>0.42258695</speed>
      </trkpt>
      <trkpt lat="29.2182194" lon="119.6609522">
        <ele>897.13</ele>
        <time>2026-01-21T08:04:42Z</time>
        <speed>0.94400054</speed>
      </trkpt>
      <trkpt lat="29.218145" lon="119.6610164">
        <ele>893.33</ele>
        <time>2026-01-21T08:04:58Z</time>
        <speed>0.6320789</speed>
      </trkpt>
      <trkpt lat="29.2180851" lon="119.6611055">
        <ele>889.36</ele>
        <time>2026-01-21T08:05:08Z</time>
        <speed>0.87966025</speed>
      </trkpt>
      <trkpt lat="29.2180399" lon="119.6612091">
        <ele>886.15</ele>
        <time>2026-01-21T08:05:30Z</time>
        <speed>0.46582362</speed>
      </trkpt>
      <trkpt lat="29.2180217" lon="119.6613182">
        <ele>882.26</ele>
        <time>2026-01-21T08:05:46Z</time>
        <speed>0.5435467</speed>
      </trkpt>
      <trkpt lat="29.2179617" lon="119.661307">
        <ele>878.62</ele>
        <time>2026-01-21T08:06:28Z</time>
        <speed>0.35773194</speed>
      </trkpt>
      <trkpt lat="29.2179106" lon="119.6612241">
        <ele>875.17</ele>
        <time>2026-01-21T08:06:46Z</time>
        <speed>0.7092872</speed>
      </trkpt>
      <trkpt lat="29.2178827" lon="119.6611109">
        <ele>873.76</ele>
        <time>2026-01-21T08:07:32Z</time>
        <speed>0.35979083</speed>
      </trkpt>
      <trkpt lat="29.2178996" lon="119.6609949">
        <ele>869.0</ele>
        <time>2026-01-21T08:07:44Z</time>
        <speed>0.6814922</speed>
      </trkpt>
      <trkpt lat="29.217845" lon="119.6610417">
        <ele>865.56</ele>
        <time>2026-01-21T08:08:46Z</time>
        <speed>0.74686193</speed>
      </trkpt>
      <trkpt lat="29.2178767" lon="119.6609317">
        <ele>865.45</ele>
        <time>2026-01-21T08:10:24Z</time>
        <speed>0.43030778</speed>
      </trkpt>
      <trkpt lat="29.217785" lon="119.6608817">
        <ele>865.13</ele>
        <time>2026-01-21T08:11:14Z</time>
        <speed>0.73347914</speed>
      </trkpt>
      <trkpt lat="29.2177385" lon="119.660795">
        <ele>866.79</ele>
        <time>2026-01-21T08:11:26Z</time>
        <speed>0.8086286</speed>
      </trkpt>
      <trkpt lat="29.2176613" lon="119.660797">
        <ele>867.18</ele>
        <time>2026-01-21T08:11:58Z</time>
        <speed>0.31655416</speed>
      </trkpt>
      <trkpt lat="29.2175886" lon="119.6608642">
        <ele>864.39</ele>
        <time>2026-01-21T08:12:56Z</time>
        <speed>0.23265444</speed>
      </trkpt>
      <trkpt lat="29.2175179" lon="119.6609502">
        <ele>856.22</ele>
        <time>2026-01-21T08:13:40Z</time>
        <speed>0.16728473</speed>
      </trkpt>
      <trkpt lat="29.2174203" lon="119.6609841">
        <ele>848.47</ele>
        <time>2026-01-21T08:13:48Z</time>
        <speed>1.0201794</speed>
      </trkpt>
      <trkpt lat="29.2173141" lon="119.6609748">
        <ele>843.75</ele>
        <time>2026-01-21T08:13:58Z</time>
        <speed>1.1498895</speed>
      </trkpt>
      <trkpt lat="29.2172187" lon="119.6609442">
        <ele>841.23</ele>
        <time>2026-01-21T08:14:06Z</time>
        <speed>1.31563</speed>
      </trkpt>
      <trkpt lat="29.2171222" lon="119.6609209">
        <ele>840.19</ele>
        <time>2026-01-21T08:14:14Z</time>
        <speed>1.3357042</speed>
      </trkpt>
      <trkpt lat="29.2170304" lon="119.6609193">
        <ele>839.81</ele>
        <time>2026-01-21T08:14:22Z</time>
        <speed>1.0829755</speed>
      </trkpt>
      <trkpt lat="29.2169404" lon="119.6609253">
        <ele>840.36</ele>
        <time>2026-01-21T08:14:28Z</time>
        <speed>1.3573225</speed>
      </trkpt>
      <trkpt lat="29.2168446" lon="119.660946">
        <ele>840.08</ele>
        <time>2026-01-21T08:14:38Z</time>
        <speed>1.2008469</speed>
      </trkpt>
      <trkpt lat="29.216789" lon="119.6610276">
        <ele>838.8</ele>
        <time>2026-01-21T08:14:46Z</time>
        <speed>1.5163716</speed>
      </trkpt>
      <trkpt lat="29.2167308" lon="119.6611115">
        <ele>837.29</ele>
        <time>2026-01-21T08:14:54Z</time>
        <speed>1.2708491</speed>
      </trkpt>
      <trkpt lat="29.2166495" lon="119.6611371">
        <ele>837.08</ele>
        <time>2026-01-21T08:15:02Z</time>
        <speed>1.2255536</speed>
      </trkpt>
      <trkpt lat="29.2165801" lon="119.6611279">
        <ele>837.65</ele>
        <time>2026-01-21T08:15:31Z</time>
        <speed>0.0</speed>
      </trkpt>
      <trkpt lat="29.2164795" lon="119.6611118">
        <ele>835.0</ele>
        <time>2026-01-21T08:15:43Z</time>
        <speed>1.0495186</speed>
      </trkpt>
      <trkpt lat="29.2164274" lon="119.6611838">
        <ele>833.41</ele>
        <time>2026-01-21T08:15:53Z</time>
        <speed>1.5230631</speed>
      </trkpt>
      <trkpt lat="29.2163531" lon="119.6612636">
        <ele>832.03</ele>
        <time>2026-01-21T08:16:01Z</time>
        <speed>1.2337892</speed>
      </trkpt>
      <trkpt lat="29.216269" lon="119.6613212">
        <ele>832.4</ele>
        <time>2026-01-21T08:16:11Z</time>
        <speed>0.85392416</speed>
      </trkpt>
      <trkpt lat="29.2161854" lon="119.6613808">
        <ele>832.88</ele>
        <time>2026-01-21T08:16:19Z</time>
        <speed>0.99084026</speed>
      </trkpt>
      <trkpt lat="29.2161213" lon="119.6614735">
        <ele>833.4</ele>
        <time>2026-01-21T08:16:27Z</time>
        <speed>1.2924675</speed>
      </trkpt>
      <trkpt lat="29.216106" lon="119.6615219">
        <ele>834.3</ele>
        <time>2026-01-21T08:16:37Z</time>
        <speed>0.0</speed>
      </trkpt>
      <trkpt lat="29.2160651" lon="119.6615935">
        <ele>836.02</ele>
        <time>2026-01-21T08:17:05Z</time>
        <speed>0.88635164</speed>
      </trkpt>
      <trkpt lat="29.2160317" lon="119.6616876">
        <ele>837.52</ele>
        <time>2026-01-21T08:17:15Z</time>
        <speed>1.0922406</speed>
      </trkpt>
      <trkpt lat="29.2160333" lon="119.6617943">
        <ele>838.03</ele>
        <time>2026-01-21T08:17:27Z</time>
        <speed>0.98157525</speed>
      </trkpt>
      <trkpt lat="29.2159871" lon="119.6618841">
        <ele>837.37</ele>
        <time>2026-01-21T08:17:37Z</time>
        <speed>1.2379069</speed>
      </trkpt>
      <trkpt lat="29.2158986" lon="119.66193">
        <ele>836.74</ele>
        <time>2026-01-21T08:17:47Z</time>
        <speed>1.0726811</speed>
      </trkpt>
      <trkpt lat="29.2157874" lon="119.6619712">
        <ele>836.64</ele>
        <time>2026-01-21T08:17:57Z</time>
        <speed>1.2502602</speed>
      </trkpt>
      <trkpt lat="29.2157135" lon="119.6619818">
        <ele>836.75</ele>
        <time>2026-01-21T08:18:11Z</time>
        <speed>0.0</speed>
      </trkpt>
      <trkpt lat="29.2156174" lon="119.6619929">
        <ele>836.08</ele>
        <time>2026-01-21T08:18:51Z</time>
        <speed>0.96922195</speed>
      </trkpt>
      <trkpt lat="29.2155201" lon="119.6620417">
        <ele>835.19</ele>
        <time>2026-01-21T08:19:01Z</time>
        <speed>1.2502602</speed>
      </trkpt>
      <trkpt lat="29.2154646" lon="119.6621332">
        <ele>835.28</ele>
        <time>2026-01-21T08:19:09Z</time>
        <speed>1.26004</speed>
      </trkpt>
      <trkpt lat="29.21541" lon="119.6622325">
        <ele>836.02</ele>
        <time>2026-01-21T08:19:17Z</time>
        <speed>1.2023911</speed>
      </trkpt>
      <trkpt lat="29.2153324" lon="119.6623117">
        <ele>836.83</ele>
        <time>2026-01-21T08:19:29Z</time>
        <speed>1.102535</speed>
      </trkpt>
      <trkpt lat="29.2152478" lon="119.6622976">
        <ele>837.07</ele>
        <time>2026-01-21T08:19:35Z</time>
        <speed>1.419604</speed>
      </trkpt>
      <trkpt lat="29.2151551" lon="119.6622531">
        <ele>836.05</ele>
        <time>2026-01-21T08:19:43Z</time>
        <speed>1.504533</speed>
      </trkpt>
      <trkpt lat="29.2150651" lon="119.6621952">
        <ele>835.13</ele>
        <time>2026-01-21T08:19:53Z</time>
        <speed>1.1092263</speed>
      </trkpt>
      <trkpt lat="29.2149757" lon="119.6621379">
        <ele>835.33</ele>
        <time>2026-01-21T08:20:01Z</time>
        <speed>1.7227752</speed>
      </trkpt>
      <trkpt lat="29.2148831" lon="119.6621291">
        <ele>834.89</ele>
        <time>2026-01-21T08:20:07Z</time>
        <speed>2.0413883</speed>
      </trkpt>
      <trkpt lat="29.214792" lon="119.6620969">
        <ele>834.29</ele>
        <time>2026-01-21T08:20:17Z</time>
        <speed>1.2327597</speed>
      </trkpt>
      <trkpt lat="29.214689" lon="119.6620857">
        <ele>833.91</ele>
        <time>2026-01-21T08:20:27Z</time>
        <speed>1.3202626</speed>
      </trkpt>
      <trkpt lat="29.2146157" lon="119.662169">
        <ele>832.53</ele>
        <time>2026-01-21T08:20:37Z</time>
        <speed>0.82715863</speed>
      </trkpt>
      <trkpt lat="29.2145501" lon="119.6622631">
        <ele>831.61</ele>
        <time>2026-01-21T08:20:45Z</time>
        <speed>0.7710539</speed>
      </trkpt>
      <trkpt lat="29.2144883" lon="119.6623717">
        <ele>831.65</ele>
        <time>2026-01-21T08:22:11Z</time>
        <speed>0.42258695</speed>
      </trkpt>
      <trkpt lat="29.2144" lon="119.662405">
        <ele>834.55</ele>
        <time>2026-01-21T08:22:21Z</time>
        <speed>0.9069406</speed>
      </trkpt>
      <trkpt lat="29.2142933" lon="119.6624327">
        <ele>835.95</ele>
        <time>2026-01-21T08:22:31Z</time>
        <speed>1.1462864</speed>
      </trkpt>
      <trkpt lat="29.2141989" lon="119.6624465">
        <ele>836.23</ele>
        <time>2026-01-21T08:22:39Z</time>
        <speed>1.2142297</speed>
      </trkpt>
      <trkpt lat="29.2140893" lon="119.6624748">
        <ele>835.92</ele>
        <time>2026-01-21T08:22:49Z</time>
        <speed>1.3948972</speed>
      </trkpt>
      <trkpt lat="29.2139979" lon="119.6625225">
        <ele>835.48</ele>
        <time>2026-01-21T08:22:59Z</time>
        <speed>1.1215798</speed>
      </trkpt>
      <trkpt lat="29.2139239" lon="119.6625884">
        <ele>834.8</ele>
        <time>2026-01-21T08:23:07Z</time>
        <speed>1.0407684</speed>
      </trkpt>
      <trkpt lat="29.213897" lon="119.6626846">
        <ele>834.15</ele>
        <time>2026-01-21T08:23:15Z</time>
        <speed>1.0634161</speed>
      </trkpt>
      <trkpt lat="29.2138572" lon="119.6627841">
        <ele>833.83</ele>
        <time>2026-01-21T08:23:23Z</time>
        <speed>1.300703</speed>
      </trkpt>
      <trkpt lat="29.2137868" lon="119.6627745">
        <ele>833.77</ele>
        <time>2026-01-21T08:23:37Z</time>
        <speed>0.8317911</speed>
      </trkpt>
      <trkpt lat="29.2136855" lon="119.6627286">
        <ele>833.83</ele>
        <time>2026-01-21T08:23:49Z</time>
        <speed>1.0629014</speed>
      </trkpt>
      <trkpt lat="29.2135979" lon="119.6626507">
        <ele>832.87</ele>
        <time>2026-01-21T08:23:59Z</time>
        <speed>1.1524631</speed>
      </trkpt>
      <trkpt lat="29.2135149" lon="119.6625822">
        <ele>831.03</ele>
        <time>2026-01-21T08:24:17Z</time>
        <speed>0.0</speed>
      </trkpt>
      <trkpt lat="29.2134142" lon="119.662599">
        <ele>829.13</ele>
        <time>2026-01-21T08:24:27Z</time>
        <speed>1.4154861</speed>
      </trkpt>
      <trkpt lat="29.2133445" lon="119.6627101">
        <ele>828.25</ele>
        <time>2026-01-21T08:24:33Z</time>
        <speed>2.1170526</speed>
      </trkpt>
      <trkpt lat="29.2133022" lon="119.6628331">
        <ele>828.7</ele>
        <time>2026-01-21T08:24:39Z</time>
        <speed>2.0110197</speed>
      </trkpt>
      <trkpt lat="29.2132285" lon="119.662907">
        <ele>829.56</ele>
        <time>2026-01-21T08:24:49Z</time>
        <speed>1.2554075</speed>
      </trkpt>
      <trkpt lat="29.2131363" lon="119.6629359">
        <ele>830.7</ele>
        <time>2026-01-21T08:24:57Z</time>
        <speed>1.0417978</speed>
      </trkpt>
      <trkpt lat="29.2130417" lon="119.6629325">
        <ele>832.2</ele>
        <time>2026-01-21T08:25:05Z</time>
        <speed>0.8570125</speed>
      </trkpt>
      <trkpt lat="29.2129475" lon="119.6629124">
        <ele>834.22</ele>
        <time>2026-01-21T08:25:13Z</time>
        <speed>1.0778283</speed>
      </trkpt>
      <trkpt lat="29.2128556" lon="119.6628943">
        <ele>835.33</ele>
        <time>2026-01-21T08:25:21Z</time>
        <speed>1.0876081</speed>
      </trkpt>
      <trkpt lat="29.2127624" lon="119.6629297">
        <ele>835.92</ele>
        <time>2026-01-21T08:25:31Z</time>
        <speed>0.9203233</speed>
      </trkpt>
      <trkpt lat="29.2126951" lon="119.6630022">
        <ele>836.56</ele>
        <time>2026-01-21T08:25:41Z</time>
        <speed>0.9053964</speed>
      </trkpt>
      <trkpt lat="29.2126287" lon="119.6629644">
        <ele>836.66</ele>
        <time>2026-01-21T08:25:53Z</time>
        <speed>0.9105436</speed>
      </trkpt>
      <trkpt lat="29.2125863" lon="119.6628745">
        <ele>835.39</ele>
        <time>2026-01-21T08:26:21Z</time>
        <speed>0.42721945</speed>
      </trkpt>
      <trkpt lat="29.2126044" lon="119.662925">
        <ele>833.93</ele>
        <time>2026-01-21T08:27:03Z</time>
        <speed>0.54303193</speed>
      </trkpt>
      <trkpt lat="29.2126543" lon="119.6630183">
        <ele>830.86</ele>
        <time>2026-01-21T08:27:29Z</time>
        <speed>0.0</speed>
      </trkpt>
      <trkpt lat="29.2126814" lon="119.663136">
        <ele>828.26</ele>
        <time>2026-01-21T08:27:59Z</time>
        <speed>0.3340547</speed>
      </trkpt>
      <trkpt lat="29.21262" lon="119.6632317">
        <ele>824.62</ele>
        <time>2026-01-21T08:32:25Z</time>
        <speed>0.69127196</speed>
      </trkpt>
      <trkpt lat="29.2125467" lon="119.6631567">
        <ele>821.94</ele>
        <time>2026-01-21T08:32:41Z</time>
        <speed>0.6490647</speed>
      </trkpt>
      <trkpt lat="29.2125537" lon="119.6632438">
        <ele>818.7</ele>
        <time>2026-01-21T08:33:15Z</time>
        <speed>0.620755</speed>
      </trkpt>
      <trkpt lat="29.2126175" lon="119.6633147">
        <ele>814.23</ele>
        <time>2026-01-21T08:33:29Z</time>
        <speed>0.54817915</speed>
      </trkpt>
      <trkpt lat="29.2125827" lon="119.6633826">
        <ele>810.99</ele>
        <time>2026-01-21T08:34:05Z</time>
        <speed>0.3958214</speed>
      </trkpt>
      <trkpt lat="29.2125685" lon="119.6634839">
        <ele>806.61</ele>
        <time>2026-01-21T08:34:53Z</time>
        <speed>0.39324778</speed>
      </trkpt>
      <trkpt lat="29.2126157" lon="119.6635686">
        <ele>801.18</ele>
        <time>2026-01-21T08:35:17Z</time>
        <speed>0.5852392</speed>
      </trkpt>
      <trkpt lat="29.2126805" lon="119.6636484">
        <ele>796.33</ele>
        <time>2026-01-21T08:35:51Z</time>
        <speed>0.0</speed>
      </trkpt>
      <trkpt lat="29.212641" lon="119.663707">
        <ele>791.93</ele>
        <time>2026-01-21T08:36:09Z</time>
        <speed>0.40148333</speed>
      </trkpt>
      <trkpt lat="29.2126871" lon="119.6637404">
        <ele>788.22</ele>
        <time>2026-01-21T08:36:51Z</time>
        <speed>0.56825334</speed>
      </trkpt>
      <trkpt lat="29.21273" lon="119.6638158">
        <ele>782.49</ele>
        <time>2026-01-21T08:37:25Z</time>
        <speed>0.57443</speed>
      </trkpt>
      <trkpt lat="29.2127217" lon="119.6639136">
        <ele>777.63</ele>
        <time>2026-01-21T08:37:55Z</time>
        <speed>0.4009686</speed>
      </trkpt>
      <trkpt lat="29.2126536" lon="119.663977">
        <ele>772.8</ele>
        <time>2026-01-21T08:38:03Z</time>
        <speed>1.0103997</speed>
      </trkpt>
      <trkpt lat="29.2125608" lon="119.6640109">
        <ele>769.23</ele>
        <time>2026-01-21T08:38:25Z</time>
        <speed>0.509575</speed>
      </trkpt>
      <trkpt lat="29.2124722" lon="119.6640575">
        <ele>765.35</ele>
        <time>2026-01-21T08:39:05Z</time>
        <speed>0.33302528</speed>
      </trkpt>
      <trkpt lat="29.2123801" lon="119.6640995">
        <ele>761.45</ele>
        <time>2026-01-21T08:39:37Z</time>
        <speed>0.37420306</speed>
      </trkpt>
      <trkpt lat="29.2123097" lon="119.6641728">
        <ele>756.83</ele>
        <time>2026-01-21T08:39:55Z</time>
        <speed>0.7566417</speed>
      </trkpt>
      <trkpt lat="29.2122359" lon="119.664243">
        <ele>753.68</ele>
        <time>2026-01-21T08:40:17Z</time>
        <speed>0.48178</speed>
      </trkpt>
      <trkpt lat="29.2122028" lon="119.6643431">
        <ele>749.21</ele>
        <time>2026-01-21T08:40:59Z</time>
        <speed>0.5945042</speed>
      </trkpt>
      <trkpt lat="29.2121731" lon="119.6644436">
        <ele>744.91</ele>
        <time>2026-01-21T08:41:21Z</time>
        <speed>0.0</speed>
      </trkpt>
      <trkpt lat="29.2121037" lon="119.6644971">
        <ele>741.07</ele>
        <time>2026-01-21T08:41:31Z</time>
        <speed>0.89973444</speed>
      </trkpt>
      <trkpt lat="29.2120395" lon="119.6644473">
        <ele>738.46</ele>
        <time>2026-01-21T08:41:41Z</time>
        <speed>1.0242972</speed>
      </trkpt>
      <trkpt lat="29.2119675" lon="119.6643642">
        <ele>735.94</ele>
        <time>2026-01-21T08:42:03Z</time>
        <speed>0.5497233</speed>
      </trkpt>
      <trkpt lat="29.2118867" lon="119.6642945">
        <ele>734.07</ele>
        <time>2026-01-21T08:42:47Z</time>
        <speed>0.5646503</speed>
      </trkpt>
      <trkpt lat="29.2118048" lon="119.6643278">
        <ele>731.03</ele>
        <time>2026-01-21T08:43:41Z</time>
        <speed>0.50648665</speed>
      </trkpt>
      <trkpt lat="29.2117244" lon="119.664392">
        <ele>728.26</ele>
        <time>2026-01-21T08:43:57Z</time>
        <speed>0.35927612</speed>
      </trkpt>
      <trkpt lat="29.2116602" lon="119.6644793">
        <ele>726.82</ele>
        <time>2026-01-21T08:44:15Z</time>
        <speed>0.47663277</speed>
      </trkpt>
      <trkpt lat="29.2115946" lon="119.6645696">
        <ele>724.06</ele>
        <time>2026-01-21T08:44:39Z</time>
        <speed>0.5116339</speed>
      </trkpt>
      <trkpt lat="29.2115252" lon="119.6646577">
        <ele>719.39</ele>
        <time>2026-01-21T08:44:53Z</time>
        <speed>0.7715686</speed>
      </trkpt>
      <trkpt lat="29.2114427" lon="119.6647204">
        <ele>714.66</ele>
        <time>2026-01-21T08:45:09Z</time>
        <speed>0.7957606</speed>
      </trkpt>
      <trkpt lat="29.2114132" lon="119.6646527">
        <ele>709.69</ele>
        <time>2026-01-21T08:45:29Z</time>
        <speed>0.81480527</speed>
      </trkpt>
      <trkpt lat="29.2113648" lon="119.6645583">
        <ele>704.49</ele>
        <time>2026-01-21T08:46:19Z</time>
        <speed>0.6037692</speed>
      </trkpt>
      <trkpt lat="29.2112758" lon="119.6645469">
        <ele>700.19</ele>
        <time>2026-01-21T08:47:07Z</time>
        <speed>0.2290514</speed>
      </trkpt>
      <trkpt lat="29.2111904" lon="119.6646113">
        <ele>697.18</ele>
        <time>2026-01-21T08:47:25Z</time>
        <speed>0.59862196</speed>
      </trkpt>
      <trkpt lat="29.2111623" lon="119.6647282">
        <ele>696.12</ele>
        <time>2026-01-21T08:47:35Z</time>
        <speed>0.72267</speed>
      </trkpt>
      <trkpt lat="29.2111409" lon="119.6646752">
        <ele>695.76</ele>
        <time>2026-01-21T08:47:49Z</time>
        <speed>1.3542342</speed>
      </trkpt>
      <trkpt lat="29.2111569" lon="119.6645607">
        <ele>690.14</ele>
        <time>2026-01-21T08:47:57Z</time>
        <speed>1.4036475</speed>
      </trkpt>
      <trkpt lat="29.2111773" lon="119.6644278">
        <ele>685.44</ele>
        <time>2026-01-21T08:48:05Z</time>
        <speed>1.4098241</speed>
      </trkpt>
      <trkpt lat="29.2111775" lon="119.6642935">
        <ele>681.89</ele>
        <time>2026-01-21T08:48:17Z</time>
        <speed>1.0865786</speed>
      </trkpt>
      <trkpt lat="29.211201" lon="119.6641809">
        <ele>679.83</ele>
        <time>2026-01-21T08:48:25Z</time>
        <speed>1.2888645</speed>
      </trkpt>
      <trkpt lat="29.2112671" lon="119.6640875">
        <ele>678.91</ele>
        <time>2026-01-21T08:48:33Z</time>
        <speed>1.5132834</speed>
      </trkpt>
      <trkpt lat="29.2112172" lon="119.6640851">
        <ele>678.74</ele>
        <time>2026-01-21T08:48:57Z</time>
        <speed>1.2456278</speed>
      </trkpt>
      <trkpt lat="29.211147" lon="119.6641576">
        <ele>677.04</ele>
        <time>2026-01-21T08:49:03Z</time>
        <speed>1.7963805</speed>
      </trkpt>
      <trkpt lat="29.2110955" lon="119.6642619">
        <ele>675.17</ele>
        <time>2026-01-21T08:49:13Z</time>
        <speed>1.3336452</speed>
      </trkpt>
      <trkpt lat="29.2110595" lon="119.6643208">
        <ele>673.59</ele>
        <time>2026-01-21T08:49:45Z</time>
        <speed>0.0</speed>
      </trkpt>
      <trkpt lat="29.21102" lon="119.6642675">
        <ele>672.05</ele>
        <time>2026-01-21T08:50:37Z</time>
        <speed>0.6989928</speed>
      </trkpt>
      <trkpt lat="29.211034" lon="119.6641665">
        <ele>671.43</ele>
        <time>2026-01-21T08:50:47Z</time>
        <speed>0.7669361</speed>
      </trkpt>
      <trkpt lat="29.2110712" lon="119.6640439">
        <ele>671.07</ele>
        <time>2026-01-21T08:50:57Z</time>
        <speed>1.2862909</speed>
      </trkpt>
      <trkpt lat="29.2110865" lon="119.6639894">
        <ele>670.52</ele>
        <time>2026-01-21T08:51:07Z</time>
        <speed>0.0</speed>
      </trkpt>
      <trkpt lat="29.2110133" lon="119.6640617">
        <ele>669.83</ele>
        <time>2026-01-21T08:52:17Z</time>
        <speed>0.82304084</speed>
      </trkpt>
      <trkpt lat="29.2109217" lon="119.6641033">
        <ele>666.12</ele>
        <time>2026-01-21T08:52:33Z</time>
        <speed>0.7391411</speed>
      </trkpt>
      <trkpt lat="29.2108145" lon="119.6640632">
        <ele>662.75</ele>
        <time>2026-01-21T08:52:55Z</time>
        <speed>1.3851175</speed>
      </trkpt>
      <trkpt lat="29.2107354" lon="119.6640009">
        <ele>660.79</ele>
        <time>2026-01-21T08:53:07Z</time>
        <speed>0.9645894</speed>
      </trkpt>
      <trkpt lat="29.2106964" lon="119.6640779">
        <ele>658.3</ele>
        <time>2026-01-21T08:53:33Z</time>
        <speed>0.84980637</speed>
      </trkpt>
      <trkpt lat="29.2106688" lon="119.6641881">
        <ele>653.7</ele>
        <time>2026-01-21T08:53:53Z</time>
        <speed>0.6830364</speed>
      </trkpt>
      <trkpt lat="29.2106526" lon="119.6643176">
        <ele>650.26</ele>
        <time>2026-01-21T08:54:03Z</time>
        <speed>1.1560661</speed>
      </trkpt>
      <trkpt lat="29.2106374" lon="119.6644366">
        <ele>646.88</ele>
        <time>2026-01-21T08:54:13Z</time>
        <speed>0.9769428</speed>
      </trkpt>
      <trkpt lat="29.2106182" lon="119.6645593">
        <ele>644.99</ele>
        <time>2026-01-21T08:54:23Z</time>
        <speed>1.009885</speed>
      </trkpt>
      <trkpt lat="29.2106065" lon="119.6646807">
        <ele>643.66</ele>
        <time>2026-01-21T08:54:47Z</time>
        <speed>1.1241534</speed>
      </trkpt>
      <trkpt lat="29.2105923" lon="119.6648045">
        <ele>641.87</ele>
        <time>2026-01-21T08:54:59Z</time>
        <speed>0.99444336</speed>
      </trkpt>
      <trkpt lat="29.2106029" lon="119.6649149">
        <ele>640.21</ele>
        <time>2026-01-21T08:55:07Z</time>
        <speed>1.365558</speed>
      </trkpt>
      <trkpt lat="29.2106174" lon="119.6650189">
        <ele>638.66</ele>
        <time>2026-01-21T08:55:15Z</time>
        <speed>1.1653311</speed>
      </trkpt>
      <trkpt lat="29.2106056" lon="119.6651185">
        <ele>637.9</ele>
        <time>2026-01-21T08:55:25Z</time>
        <speed>0.9748839</speed>
      </trkpt>
      <trkpt lat="29.2106307" lon="119.6652347">
        <ele>637.3</ele>
        <time>2026-01-21T08:55:35Z</time>
        <speed>1.3146006</speed>
      </trkpt>
      <trkpt lat="29.2106528" lon="119.6653475">
        <ele>636.35</ele>
        <time>2026-01-21T08:55:45Z</time>
        <speed>1.5107098</speed>
      </trkpt>
      <trkpt lat="29.2106746" lon="119.665461">
        <ele>634.18</ele>
        <time>2026-01-21T08:55:57Z</time>
        <speed>0.99032557</speed>
      </trkpt>
      <trkpt lat="29.2106583" lon="119.6655659">
        <ele>632.08</ele>
        <time>2026-01-21T08:56:35Z</time>
        <speed>0.5718564</speed>
      </trkpt>
      <trkpt lat="29.2105787" lon="119.6656111">
        <ele>631.74</ele>
        <time>2026-01-21T08:56:43Z</time>
        <speed>1.4252658</speed>
      </trkpt>
      <trkpt lat="29.210468" lon="119.6656161">
        <ele>630.56</ele>
        <time>2026-01-21T08:57:05Z</time>
        <speed>0.7942164</speed>
      </trkpt>
      <trkpt lat="29.2103654" lon="119.6656275">
        <ele>631.4</ele>
        <time>2026-01-21T08:57:15Z</time>
        <speed>1.1776844</speed>
      </trkpt>
      <trkpt lat="29.2102836" lon="119.6656754">
        <ele>629.38</ele>
        <time>2026-01-21T08:57:27Z</time>
        <speed>0.8719394</speed>
      </trkpt>
      <trkpt lat="29.2102037" lon="119.6657421">
        <ele>627.15</ele>
        <time>2026-01-21T08:57:37Z</time>
        <speed>1.1694489</speed>
      </trkpt>
      <trkpt lat="29.2101367" lon="119.6658247">
        <ele>624.81</ele>
        <time>2026-01-21T08:57:47Z</time>
        <speed>1.0716517</speed>
      </trkpt>
      <trkpt lat="29.2100692" lon="119.665909">
        <ele>623.25</ele>
        <time>2026-01-21T08:57:59Z</time>
        <speed>1.1643016</speed>
      </trkpt>
      <trkpt lat="29.210012" lon="119.6659934">
        <ele>622.93</ele>
        <time>2026-01-21T08:58:07Z</time>
        <speed>1.2837173</speed>
      </trkpt>
      <trkpt lat="29.2099731" lon="119.6660995">
        <ele>622.7</ele>
        <time>2026-01-21T08:58:17Z</time>
        <speed>1.3104827</speed>
      </trkpt>
      <trkpt lat="29.2099502" lon="119.6662041">
        <ele>621.71</ele>
        <time>2026-01-21T08:58:31Z</time>
        <speed>0.92341167</speed>
      </trkpt>
      <trkpt lat="29.2098816" lon="119.6662541">
        <ele>621.1</ele>
        <time>2026-01-21T08:58:41Z</time>
        <speed>1.451002</speed>
      </trkpt>
      <trkpt lat="29.2098685" lon="119.6661784">
        <ele>619.3</ele>
        <time>2026-01-21T08:58:51Z</time>
        <speed>1.5714469</speed>
      </trkpt>
      <trkpt lat="29.2098824" lon="119.6660655">
        <ele>616.85</ele>
        <time>2026-01-21T08:58:59Z</time>
        <speed>1.4890914</speed>
      </trkpt>
      <trkpt lat="29.2099366" lon="119.6659486">
        <ele>615.49</ele>
        <time>2026-01-21T08:59:11Z</time>
        <speed>1.0381948</speed>
      </trkpt>
      <trkpt lat="29.209989" lon="119.6658267">
        <ele>614.33</ele>
        <time>2026-01-21T08:59:21Z</time>
        <speed>1.1478306</speed>
      </trkpt>
      <trkpt lat="29.2099984" lon="119.665704">
        <ele>613.24</ele>
        <time>2026-01-21T08:59:29Z</time>
        <speed>1.3506311</speed>
      </trkpt>
      <trkpt lat="29.2100391" lon="119.6656095">
        <ele>613.48</ele>
        <time>2026-01-21T08:59:39Z</time>
        <speed>0.94914776</speed>
      </trkpt>
      <trkpt lat="29.2100914" lon="119.6655116">
        <ele>612.37</ele>
        <time>2026-01-21T08:59:49Z</time>
        <speed>1.2255536</speed>
      </trkpt>
      <trkpt lat="29.2101331" lon="119.6654127">
        <ele>610.49</ele>
        <time>2026-01-21T08:59:57Z</time>
        <speed>1.2754817</speed>
      </trkpt>
      <trkpt lat="29.2101386" lon="119.6652982">
        <ele>608.13</ele>
        <time>2026-01-21T09:00:09Z</time>
        <speed>1.0242972</speed>
      </trkpt>
      <trkpt lat="29.2101257" lon="119.6651753">
        <ele>607.39</ele>
        <time>2026-01-21T09:00:19Z</time>
        <speed>1.2543781</speed>
      </trkpt>
      <trkpt lat="29.2100831" lon="119.6650603">
        <ele>605.89</ele>
        <time>2026-01-21T09:00:37Z</time>
        <speed>1.1066527</speed>
      </trkpt>
      <trkpt lat="29.2099953" lon="119.6650015">
        <ele>605.25</ele>
        <time>2026-01-21T09:00:51Z</time>
        <speed>0.84054136</speed>
      </trkpt>
      <trkpt lat="29.2099317" lon="119.6651267">
        <ele>604.5</ele>
        <time>2026-01-21T09:02:41Z</time>
        <speed>0.42413113</speed>
      </trkpt>
      <trkpt lat="29.2098667" lon="119.665205">
        <ele>603.03</ele>
        <time>2026-01-21T09:03:07Z</time>
        <speed>0.44420528</speed>
      </trkpt>
      <trkpt lat="29.209796" lon="119.6652706">
        <ele>602.55</ele>
        <time>2026-01-21T09:03:55Z</time>
        <speed>0.31089222</speed>
      </trkpt>
      <trkpt lat="29.2097064" lon="119.6653598">
        <ele>600.29</ele>
        <time>2026-01-21T09:04:27Z</time>
        <speed>0.0</speed>
      </trkpt>
      <trkpt lat="29.2096133" lon="119.6654085">
        <ele>597.8</ele>
        <time>2026-01-21T09:04:55Z</time>
        <speed>0.43854332</speed>
      </trkpt>
      <trkpt lat="29.2095208" lon="119.6654034">
        <ele>597.07</ele>
        <time>2026-01-21T09:05:29Z</time>
        <speed>0.4004539</speed>
      </trkpt>
      <trkpt lat="29.2094293" lon="119.6653939">
        <ele>595.1</ele>
        <time>2026-01-21T09:06:11Z</time>
        <speed>0.3978803</speed>
      </trkpt>
      <trkpt lat="29.2093424" lon="119.6654204">
        <ele>593.34</ele>
        <time>2026-01-21T09:06:17Z</time>
        <speed>0.880175</speed>
      </trkpt>
      <trkpt lat="29.2092497" lon="119.6654587">
        <ele>592.46</ele>
        <time>2026-01-21T09:06:25Z</time>
        <speed>0.9517214</speed>
      </trkpt>
      <trkpt lat="29.2091561" lon="119.6655118">
        <ele>591.83</ele>
        <time>2026-01-21T09:06:35Z</time>
        <speed>0.98775196</speed>
      </trkpt>
      <trkpt lat="29.2090748" lon="119.6655805">
        <ele>590.1</ele>
        <time>2026-01-21T09:06:49Z</time>
        <speed>0.7576711</speed>
      </trkpt>
      <trkpt lat="29.2089857" lon="119.6656022">
        <ele>586.57</ele>
        <time>2026-01-21T09:07:01Z</time>
        <speed>0.83282053</speed>
      </trkpt>
      <trkpt lat="29.2088994" lon="119.6655776">
        <ele>582.33</ele>
        <time>2026-01-21T09:07:11Z</time>
        <speed>0.87142473</speed>
      </trkpt>
      <trkpt lat="29.2088043" lon="119.6655691">
        <ele>577.45</ele>
        <time>2026-01-21T09:07:25Z</time>
        <speed>0.82046723</speed>
      </trkpt>
      <trkpt lat="29.2087108" lon="119.6656">
        <ele>571.15</ele>
        <time>2026-01-21T09:07:35Z</time>
        <speed>0.8920136</speed>
      </trkpt>
      <trkpt lat="29.2086335" lon="119.6656713">
        <ele>566.18</ele>
        <time>2026-01-21T09:07:47Z</time>
        <speed>0.8410561</speed>
      </trkpt>
      <trkpt lat="29.2085571" lon="119.6657457">
        <ele>561.41</ele>
        <time>2026-01-21T09:07:59Z</time>
        <speed>0.843115</speed>
      </trkpt>
      <trkpt lat="29.2085016" lon="119.6658382">
        <ele>557.75</ele>
        <time>2026-01-21T09:08:11Z</time>
        <speed>0.79627526</speed>
      </trkpt>
      <trkpt lat="29.2084369" lon="119.6659255">
        <ele>555.19</ele>
        <time>2026-01-21T09:08:21Z</time>
        <speed>1.0454009</speed>
      </trkpt>
      <trkpt lat="29.2083462" lon="119.6659838">
        <ele>553.86</ele>
        <time>2026-01-21T09:08:33Z</time>
        <speed>1.0279002</speed>
      </trkpt>
      <trkpt lat="29.208252" lon="119.6660271">
        <ele>553.1</ele>
        <time>2026-01-21T09:08:41Z</time>
        <speed>1.043342</speed>
      </trkpt>
      <trkpt lat="29.2081766" lon="119.6660949">
        <ele>553.19</ele>
        <time>2026-01-21T09:08:49Z</time>
        <speed>1.0526069</speed>
      </trkpt>
      <trkpt lat="29.2081215" lon="119.6661706">
        <ele>552.68</ele>
        <time>2026-01-21T09:09:07Z</time>
        <speed>0.0</speed>
      </trkpt>
      <trkpt lat="29.208072" lon="119.6662623">
        <ele>551.14</ele>
        <time>2026-01-21T09:09:21Z</time>
        <speed>0.75612694</speed>
      </trkpt>
      <trkpt lat="29.2080293" lon="119.6663617">
        <ele>549.49</ele>
        <time>2026-01-21T09:09:31Z</time>
        <speed>0.99495804</speed>
      </trkpt>
      <trkpt lat="29.2079794" lon="119.6664514">
        <ele>547.43</ele>
        <time>2026-01-21T09:09:41Z</time>
        <speed>0.8194378</speed>
      </trkpt>
      <trkpt lat="29.2079522" lon="119.6665552">
        <ele>545.87</ele>
        <time>2026-01-21T09:09:51Z</time>
        <speed>1.1293006</speed>
      </trkpt>
      <trkpt lat="29.2079419" lon="119.6666666">
        <ele>544.63</ele>
        <time>2026-01-21T09:10:01Z</time>
        <speed>1.1133442</speed>
      </trkpt>
      <trkpt lat="29.2079152" lon="119.6667737">
        <ele>542.94</ele>
        <time>2026-01-21T09:10:13Z</time>
        <speed>0.6135489</speed>
      </trkpt>
      <trkpt lat="29.2078271" lon="119.6667745">
        <ele>541.55</ele>
        <time>2026-01-21T09:10:21Z</time>
        <speed>1.4057064</speed>
      </trkpt>
      <trkpt lat="29.2077379" lon="119.6667162">
        <ele>540.28</ele>
        <time>2026-01-21T09:10:31Z</time>
        <speed>1.44534</speed>
      </trkpt>
      <trkpt lat="29.2076567" lon="119.666637">
        <ele>537.75</ele>
        <time>2026-01-21T09:10:41Z</time>
        <speed>1.0798873</speed>
      </trkpt>
      <trkpt lat="29.2075727" lon="119.666559">
        <ele>535.45</ele>
        <time>2026-01-21T09:10:51Z</time>
        <speed>1.1061381</speed>
      </trkpt>
      <trkpt lat="29.2074907" lon="119.666487">
        <ele>533.58</ele>
        <time>2026-01-21T09:11:01Z</time>
        <speed>0.9146614</speed>
      </trkpt>
      <trkpt lat="29.20741" lon="119.6664047">
        <ele>531.65</ele>
        <time>2026-01-21T09:11:11Z</time>
        <speed>1.2919527</speed>
      </trkpt>
      <trkpt lat="29.2073411" lon="119.6663156">
        <ele>529.78</ele>
        <time>2026-01-21T09:11:21Z</time>
        <speed>1.0309886</speed>
      </trkpt>
      <trkpt lat="29.2072853" lon="119.6662088">
        <ele>529.32</ele>
        <time>2026-01-21T09:11:29Z</time>
        <speed>2.0094755</speed>
      </trkpt>
      <trkpt lat="29.207216" lon="119.6661303">
        <ele>529.44</ele>
        <time>2026-01-21T09:11:39Z</time>
        <speed>1.5312986</speed>
      </trkpt>
      <trkpt lat="29.2071283" lon="119.6661049">
        <ele>529.94</ele>
        <time>2026-01-21T09:11:51Z</time>
        <speed>0.87811613</speed>
      </trkpt>
      <trkpt lat="29.2070366" lon="119.6661032">
        <ele>530.48</ele>
        <time>2026-01-21T09:12:03Z</time>
        <speed>0.8935578</speed>
      </trkpt>
      <trkpt lat="29.2069769" lon="119.6660366">
        <ele>529.71</ele>
        <time>2026-01-21T09:12:37Z</time>
        <speed>0.5116339</speed>
      </trkpt>
      <trkpt lat="29.2069049" lon="119.6660623">
        <ele>527.69</ele>
        <time>2026-01-21T09:13:03Z</time>
        <speed>0.42927834</speed>
      </trkpt>
      <trkpt lat="29.2068482" lon="119.6661412">
        <ele>525.8</ele>
        <time>2026-01-21T09:13:21Z</time>
        <speed>0.5116339</speed>
      </trkpt>
      <trkpt lat="29.2068058" lon="119.6662429">
        <ele>524.08</ele>
        <time>2026-01-21T09:13:35Z</time>
        <speed>0.0</speed>
      </trkpt>
      <trkpt lat="29.2067792" lon="119.666358">
        <ele>521.98</ele>
        <time>2026-01-21T09:13:55Z</time>
        <speed>0.4472936</speed>
      </trkpt>
      <trkpt lat="29.2067207" lon="119.6663287">
        <ele>519.84</ele>
        <time>2026-01-21T09:14:09Z</time>
        <speed>0.5677386</speed>
      </trkpt>
      <trkpt lat="29.2066603" lon="119.6662352">
        <ele>516.38</ele>
        <time>2026-01-21T09:14:25Z</time>
        <speed>0.73965585</speed>
      </trkpt>
      <trkpt lat="29.2066691" lon="119.6661132">
        <ele>511.87</ele>
        <time>2026-01-21T09:15:23Z</time>
        <speed>1.0526069</speed>
      </trkpt>
      <trkpt lat="29.2066511" lon="119.6659779">
        <ele>509.05</ele>
        <time>2026-01-21T09:15:33Z</time>
        <speed>1.478797</speed>
      </trkpt>
      <trkpt lat="29.2066474" lon="119.6658428">
        <ele>506.87</ele>
        <time>2026-01-21T09:15:43Z</time>
        <speed>1.1570956</speed>
      </trkpt>
      <trkpt lat="29.2066699" lon="119.6657202">
        <ele>505.17</ele>
        <time>2026-01-21T09:15:53Z</time>
        <speed>1.0737106</speed>
      </trkpt>
      <trkpt lat="29.2067347" lon="119.6656277">
        <ele>504.06</ele>
        <time>2026-01-21T09:16:05Z</time>
        <speed>1.0186353</speed>
      </trkpt>
      <trkpt lat="29.2067347" lon="119.6656277">
        <ele>504.06</ele>
        <time>2026-01-21T09:16:08Z</time>
        <speed>1.0186353</speed>
      </trkpt>
      <extensions>
        <PauseTimes>1768972910000:pause;1768972910000:resume;1768972950000:resume;1768986968000:pause</PauseTimes>
      </extensions>
    </trkseg>
  </trk>
  <trk>
    <trkseg>
      <trkpt lat="29.2068131" lon="119.665549">
        <ele>503.17</ele>
        <time>2026-01-21T09:16:10Z</time>
        <speed>0.93164724</speed>
      </trkpt>
      <trkpt lat="29.2068131" lon="119.665549">
        <ele>503.17</ele>
        <time>2026-01-21T09:16:17Z</time>
        <speed>0.93164724</speed>
      </trkpt>
      <trkpt lat="29.2068131" lon="119.665549">
        <ele>503.17</ele>
        <time>2026-01-21T09:16:30Z</time>
        <speed>0.93164724</speed>
      </trkpt>
      <extensions>
        <PauseTimes>1768986990000:pause</PauseTimes>
      </extensions>
    </trkseg>
  </trk>
  <wpt lat="29.22374" lon="119.6586767">
    <ele>1026.0</ele>
    <time>2026-01-21T04:18:27Z</time>
    <name><![CDATA[
        ]]>
    </name>
    <cmt>
        </cmt>
    <desc><![CDATA[]]>
    </desc>
    <sym>Flag, Blue</sym>
    <type>user</type>
    <extensions>
      <PosType>0</PosType>
      <Speed>0.71855223</Speed>
      <Accuracy>1.2</Accuracy>
      <Time>1768969107745</Time>
      <description><![CDATA[]]>
      </description>
      <FileId>1547086689</FileId>
      <FileSize>2516840</FileSize>
      <FileType>0</FileType>
    </extensions>
  </wpt>
  <wpt lat="29.2244405" lon="119.6585743">
    <ele>1030.2</ele>
    <time>2026-01-21T04:33:27Z</time>
    <name><![CDATA[
        ]]>
    </name>
    <cmt>
        </cmt>
    <desc><![CDATA[]]>
    </desc>
    <sym>Flag, Blue</sym>
    <type>user</type>
    <extensions>
      <PosType>0</PosType>
      <Speed>0.0</Speed>
      <Accuracy>1.0</Accuracy>
      <Time>1768970007797</Time>
      <description><![CDATA[]]>
      </description>
      <FileId>1547086688</FileId>
      <FileSize>4564847</FileSize>
      <FileType>0</FileType>
    </extensions>
  </wpt>
  <wpt lat="29.2200281" lon="119.6569938">
    <ele>950.9</ele>
    <time>2026-01-21T07:42:14Z</time>
    <name><![CDATA[
        ]]>
    </name>
    <cmt>
        </cmt>
    <desc><![CDATA[]]>
    </desc>
    <sym>Flag, Blue</sym>
    <type>user</type>
    <extensions>
      <PosType>0</PosType>
      <Speed>0.0</Speed>
      <Accuracy>1.1</Accuracy>
      <Time>1768981334758</Time>
      <description><![CDATA[]]>
      </description>
      <FileId>1547086685</FileId>
      <FileSize>3314632</FileSize>
      <FileType>0</FileType>
    </extensions>
  </wpt>
  <wpt lat="29.2199064" lon="119.6572907">
    <ele>950.1</ele>
    <time>2026-01-21T07:43:48Z</time>
    <name><![CDATA[左边
        ]]>
    </name>
    <cmt>左边
        </cmt>
    <desc><![CDATA[]]>
    </desc>
    <sym>Flag, Blue</sym>
    <type>user</type>
    <extensions>
      <PosType>0</PosType>
      <Speed>0.0</Speed>
      <Accuracy>1.1</Accuracy>
      <Time>1768981428770</Time>
      <description><![CDATA[]]>
      </description>
      <FileId>1547086684</FileId>
      <FileSize>3616056</FileSize>
      <FileType>0</FileType>
    </extensions>
  </wpt>
  <wpt lat="29.2197707" lon="119.6577943">
    <ele>936.9</ele>
    <time>2026-01-21T07:45:04Z</time>
    <name><![CDATA[
        ]]>
    </name>
    <cmt>
        </cmt>
    <desc><![CDATA[]]>
    </desc>
    <sym>Flag, Blue</sym>
    <type>user</type>
    <extensions>
      <PosType>0</PosType>
      <Speed>0.55692947</Speed>
      <Accuracy>1.4</Accuracy>
      <Time>1768981504744</Time>
      <description><![CDATA[]]>
      </description>
      <FileId>1547086683</FileId>
      <FileSize>4123110</FileSize>
      <FileType>0</FileType>
    </extensions>
  </wpt>
  <wpt lat="29.21974" lon="119.6580083">
    <ele>942.0</ele>
    <time>2026-01-21T07:47:50Z</time>
    <name><![CDATA[
        ]]>
    </name>
    <cmt>
        </cmt>
    <desc><![CDATA[]]>
    </desc>
    <sym>Flag, Blue</sym>
    <type>user</type>
    <extensions>
      <PosType>0</PosType>
      <Speed>0.509575</Speed>
      <Accuracy>1.4</Accuracy>
      <Time>1768981670734</Time>
      <description><![CDATA[]]>
      </description>
      <FileId>1547086681</FileId>
      <FileSize>4279367</FileSize>
      <FileType>0</FileType>
    </extensions>
  </wpt>
  <wpt lat="29.2197506" lon="119.6587722">
    <ele>927.0</ele>
    <time>2026-01-21T07:50:26Z</time>
    <name><![CDATA[
        ]]>
    </name>
    <cmt>
        </cmt>
    <desc><![CDATA[]]>
    </desc>
    <sym>Flag, Blue</sym>
    <type>user</type>
    <extensions>
      <PosType>0</PosType>
      <Speed>0.8611303</Speed>
      <Accuracy>1.5</Accuracy>
      <Time>1768981826744</Time>
      <description><![CDATA[]]>
      </description>
      <FileId>1547086680</FileId>
      <FileSize>2809888</FileSize>
      <FileType>0</FileType>
    </extensions>
  </wpt>
  <wpt lat="29.2196251" lon="119.6589218">
    <ele>923.5</ele>
    <time>2026-01-21T07:51:40Z</time>
    <name><![CDATA[
        ]]>
    </name>
    <cmt>
        </cmt>
    <desc><![CDATA[]]>
    </desc>
    <sym>Flag, Blue</sym>
    <type>user</type>
    <extensions>
      <PosType>0</PosType>
      <Speed>0.5625914</Speed>
      <Accuracy>1.4</Accuracy>
      <Time>1768981900759</Time>
      <description><![CDATA[]]>
      </description>
      <FileId>1547086677</FileId>
      <FileSize>3123424</FileSize>
      <FileType>0</FileType>
    </extensions>
  </wpt>
  <wpt lat="29.2195513" lon="119.6591119">
    <ele>925.7</ele>
    <time>2026-01-21T07:52:44Z</time>
    <name><![CDATA[
        ]]>
    </name>
    <cmt>
        </cmt>
    <desc><![CDATA[]]>
    </desc>
    <sym>Flag, Blue</sym>
    <type>user</type>
    <extensions>
      <PosType>0</PosType>
      <Speed>0.36545277</Speed>
      <Accuracy>1.5</Accuracy>
      <Time>1768981964760</Time>
      <description><![CDATA[]]>
      </description>
      <FileId>1547086675</FileId>
      <FileSize>3998165</FileSize>
      <FileType>0</FileType>
    </extensions>
  </wpt>
  <wpt lat="29.219516" lon="119.6592076">
    <ele>925.4</ele>
    <time>2026-01-21T07:53:18Z</time>
    <name><![CDATA[
        ]]>
    </name>
    <cmt>
        </cmt>
    <desc><![CDATA[]]>
    </desc>
    <sym>Flag, Blue</sym>
    <type>user</type>
    <extensions>
      <PosType>0</PosType>
      <Speed>0.84826225</Speed>
      <Accuracy>1.6</Accuracy>
      <Time>1768981998749</Time>
      <description><![CDATA[]]>
      </description>
      <FileId>1547086572</FileId>
      <FileSize>4345748</FileSize>
      <FileType>0</FileType>
    </extensions>
  </wpt>
  <wpt lat="29.2193733" lon="119.6593533">
    <ele>920.5</ele>
    <time>2026-01-21T07:55:10Z</time>
    <name><![CDATA[
        ]]>
    </name>
    <cmt>
        </cmt>
    <desc><![CDATA[]]>
    </desc>
    <sym>Flag, Blue</sym>
    <type>user</type>
    <extensions>
      <PosType>0</PosType>
      <Speed>1.0572394</Speed>
      <Accuracy>1.4</Accuracy>
      <Time>1768982110758</Time>
      <description><![CDATA[]]>
      </description>
      <FileId>1547086570</FileId>
      <FileSize>3896733</FileSize>
      <FileType>0</FileType>
    </extensions>
  </wpt>
  <wpt lat="29.2178996" lon="119.6609949">
    <ele>861.0</ele>
    <time>2026-01-21T08:07:44Z</time>
    <name><![CDATA[
        ]]>
    </name>
    <cmt>
        </cmt>
    <desc><![CDATA[]]>
    </desc>
    <sym>Flag, Blue</sym>
    <type>user</type>
    <extensions>
      <PosType>0</PosType>
      <Speed>0.6814922</Speed>
      <Accuracy>1.5</Accuracy>
      <Time>1768982864802</Time>
      <description><![CDATA[]]>
      </description>
      <FileId>1547086568</FileId>
      <FileSize>3617961</FileSize>
      <FileType>0</FileType>
    </extensions>
  </wpt>
  <wpt lat="29.2178767" lon="119.6609317">
    <ele>864.7</ele>
    <time>2026-01-21T08:10:24Z</time>
    <name><![CDATA[
        ]]>
    </name>
    <cmt>
        </cmt>
    <desc><![CDATA[]]>
    </desc>
    <sym>Flag, Blue</sym>
    <type>user</type>
    <extensions>
      <PosType>0</PosType>
      <Speed>0.43030778</Speed>
      <Accuracy>1.4</Accuracy>
      <Time>1768983024765</Time>
      <description><![CDATA[]]>
      </description>
      <FileId>1547086567</FileId>
      <FileSize>3013084</FileSize>
      <FileType>0</FileType>
    </extensions>
  </wpt>
  <wpt lat="29.2151551" lon="119.6622531">
    <ele>833.9</ele>
    <time>2026-01-21T08:19:43Z</time>
    <name><![CDATA[
        ]]>
    </name>
    <cmt>
        </cmt>
    <desc><![CDATA[]]>
    </desc>
    <sym>Flag, Blue</sym>
    <type>user</type>
    <extensions>
      <PosType>0</PosType>
      <Speed>1.504533</Speed>
      <Accuracy>1.3</Accuracy>
      <Time>1768983583737</Time>
      <description><![CDATA[]]>
      </description>
      <FileId>1547086566</FileId>
      <FileSize>3616855</FileSize>
      <FileType>0</FileType>
    </extensions>
  </wpt>
  <wpt lat="29.2125827" lon="119.6633826">
    <ele>800.8</ele>
    <time>2026-01-21T08:34:05Z</time>
    <name><![CDATA[
        ]]>
    </name>
    <cmt>
        </cmt>
    <desc><![CDATA[]]>
    </desc>
    <sym>Flag, Blue</sym>
    <type>user</type>
    <extensions>
      <PosType>0</PosType>
      <Speed>0.3958214</Speed>
      <Accuracy>1.3</Accuracy>
      <Time>1768984445782</Time>
      <description><![CDATA[]]>
      </description>
      <FileId>1547086565</FileId>
      <FileSize>3750816</FileSize>
      <FileType>0</FileType>
    </extensions>
  </wpt>
  <wpt lat="29.2123097" lon="119.6641728">
    <ele>749.5</ele>
    <time>2026-01-21T08:39:55Z</time>
    <name><![CDATA[
        ]]>
    </name>
    <cmt>
        </cmt>
    <desc><![CDATA[]]>
    </desc>
    <sym>Flag, Blue</sym>
    <type>user</type>
    <extensions>
      <PosType>0</PosType>
      <Speed>0.7566417</Speed>
      <Accuracy>1.4</Accuracy>
      <Time>1768984795796</Time>
      <description><![CDATA[]]>
      </description>
      <FileId>1547086564</FileId>
      <FileSize>3079792</FileSize>
      <FileType>0</FileType>
    </extensions>
  </wpt>
  <wpt lat="29.2111623" lon="119.6647282">
    <ele>695.3</ele>
    <time>2026-01-21T08:47:35Z</time>
    <name><![CDATA[
        ]]>
    </name>
    <cmt>
        </cmt>
    <desc><![CDATA[]]>
    </desc>
    <sym>Flag, Blue</sym>
    <type>user</type>
    <extensions>
      <PosType>0</PosType>
      <Speed>0.72267</Speed>
      <Accuracy>1.4</Accuracy>
      <Time>1768985255797</Time>
      <description><![CDATA[]]>
      </description>
      <FileId>1547086562</FileId>
      <FileSize>3698942</FileSize>
      <FileType>0</FileType>
    </extensions>
  </wpt>
  <wpt lat="29.2106964" lon="119.6640779">
    <ele>647.6</ele>
    <time>2026-01-21T08:53:33Z</time>
    <name><![CDATA[
        ]]>
    </name>
    <cmt>
        </cmt>
    <desc><![CDATA[]]>
    </desc>
    <sym>Flag, Blue</sym>
    <type>user</type>
    <extensions>
      <PosType>0</PosType>
      <Speed>0.84980637</Speed>
      <Accuracy>1.3</Accuracy>
      <Time>1768985613793</Time>
      <description><![CDATA[]]>
      </description>
      <FileId>1547086561</FileId>
      <FileSize>4359769</FileSize>
      <FileType>0</FileType>
    </extensions>
  </wpt>
  <wpt lat="29.2106746" lon="119.665461">
    <ele>629.3</ele>
    <time>2026-01-21T08:55:57Z</time>
    <name><![CDATA[
        ]]>
    </name>
    <cmt>
        </cmt>
    <desc><![CDATA[]]>
    </desc>
    <sym>Flag, Blue</sym>
    <type>user</type>
    <extensions>
      <PosType>0</PosType>
      <Speed>0.99032557</Speed>
      <Accuracy>1.1</Accuracy>
      <Time>1768985757811</Time>
      <description><![CDATA[]]>
      </description>
      <FileId>1547086559</FileId>
      <FileSize>3339988</FileSize>
      <FileType>0</FileType>
    </extensions>
  </wpt>
  <wpt lat="29.2098824" lon="119.6660655">
    <ele>613.7</ele>
    <time>2026-01-21T08:58:59Z</time>
    <name><![CDATA[
        ]]>
    </name>
    <cmt>
        </cmt>
    <desc><![CDATA[]]>
    </desc>
    <sym>Flag, Blue</sym>
    <type>user</type>
    <extensions>
      <PosType>0</PosType>
      <Speed>1.4890914</Speed>
      <Accuracy>1.3</Accuracy>
      <Time>1768985939830</Time>
      <description><![CDATA[]]>
      </description>
      <FileId>1547086558</FileId>
      <FileSize>2644443</FileSize>
      <FileType>0</FileType>
    </extensions>
  </wpt>
  <wpt lat="29.2099953" lon="119.6650015">
    <ele>603.5</ele>
    <time>2026-01-21T09:00:51Z</time>
    <name><![CDATA[
        ]]>
    </name>
    <cmt>
        </cmt>
    <desc><![CDATA[]]>
    </desc>
    <sym>Flag, Blue</sym>
    <type>user</type>
    <extensions>
      <PosType>0</PosType>
      <Speed>0.84054136</Speed>
      <Accuracy>1.3</Accuracy>
      <Time>1768986051789</Time>
      <description><![CDATA[]]>
      </description>
      <FileId>1547086556</FileId>
      <FileSize>3378062</FileSize>
      <FileType>0</FileType>
    </extensions>
  </wpt>
  <wpt lat="29.2066603" lon="119.6662352">
    <ele>505.9</ele>
    <time>2026-01-21T09:14:25Z</time>
    <name><![CDATA[
        ]]>
    </name>
    <cmt>
        </cmt>
    <desc><![CDATA[]]>
    </desc>
    <sym>Flag, Blue</sym>
    <type>user</type>
    <extensions>
      <PosType>0</PosType>
      <Speed>0.73965585</Speed>
      <Accuracy>1.2</Accuracy>
      <Time>1768986865784</Time>
      <description><![CDATA[]]>
      </description>
      <FileId>1547086555</FileId>
      <FileSize>2071744</FileSize>
      <FileType>0</FileType>
    </extensions>
  </wpt>
</gpx>