<?xml version='1.0' encoding='UTF-8' standalone='yes' ?>
<gpx version="1.1" creator="GPSBabel - http://www.gpsbabel.org" xmlns:xsi="http://www.w3.org/2001/XMLSchema-instance" xmlns="http://www.topografix.com/GPX/1/1" xsi:schemaLocation="http://www.topografix.com/GPX/1/1 http://www.topografix.com/GPX/1/1/gpx.xsd">
  <metadata>
    <link href="http://www.garmin.com">
      <text>Garmin International</text>
    </link>
    <time>2026-09-21T01:18:58Z</time>
    <bounds minlat="29.206269" minlon="119.654448" maxlat="29.224288" maxlon="119.667261" />
  </metadata>
  <extensions>
    <name><![CDATA[兆头盘前赏花线路]]>
    </name>
    <description><![CDATA[]]>
    </description>
    <TrackId>90146383</TrackId>
    <TrackTypeId>8</TrackTypeId>
    <TrackTags>爬山</TrackTags>
    <BeginTime>1789953538581</BeginTime>
    <EndTime>1789973013348</EndTime>
    <TimeUsed>19474000</TimeUsed>
    <PauseTime>7304102</PauseTime>
    <PosStartName>金华市金东区赤松镇钟头梁山矿自然村矿山路矿山机械材料房</PosStartName>
    <PosEndName>金华市金东区赤松镇钟头梁山矿自然村矿山路</PosEndName>
    <ProductVersion>9.2.6</ProductVersion>
    <StartDistrictId>0</StartDistrictId>
    <EndDistrictId>9655</EndDistrictId>
    <CreaterId>60629478</CreaterId>
    <CreaterName><![CDATA[zs_6999115]]>
    </CreaterName>
    <CreaterIcon>0</CreaterIcon>
    <OriginCreaterId>60629478</OriginCreaterId>
    <OriginCreaterNickname><![CDATA[zs_6999115]]>
    </OriginCreaterNickname>
    <OriginCreaterName><![CDATA[null]]>
    </OriginCreaterName>
    <OriginCreaterIcon>0</OriginCreaterIcon>
    <ThumbnailId>1682325190</ThumbnailId>
    <Distance>8959.0</Distance>
    <ElevationGain>585.3221199999999</ElevationGain>
    <ElevationLoss>587.8482349999999</ElevationLoss>
    <SportAvgSpeed>0.7361606481829183</SportAvgSpeed>
  </extensions>
  <trk>
    <trkseg>
      <trkpt lat="29.206652" lon="119.665956">
        <ele>506.827454</ele>
        <time>2026-09-21T01:18:59Z</time>
        <speed>0.089448</speed>
      </trkpt>
      <trkpt lat="29.206621" lon="119.666021">
        <ele>507.158295</ele>
        <time>2026-09-21T01:19:08Z</time>
        <speed>0.752481</speed>
      </trkpt>
      <trkpt lat="29.206648" lon="119.666058">
        <ele>506.135607</ele>
        <time>2026-09-21T01:19:14Z</time>
        <speed>0.895188</speed>
      </trkpt>
      <trkpt lat="29.206654" lon="119.666114">
        <ele>508.029383</ele>
        <time>2026-09-21T01:19:22Z</time>
        <speed>0.852157</speed>
      </trkpt>
      <trkpt lat="29.206661" lon="119.666172">
        <ele>509.888845</ele>
        <time>2026-09-21T01:19:30Z</time>
        <speed>1.158777</speed>
      </trkpt>
      <trkpt lat="29.206671" lon="119.666216">
        <ele>510.544325</ele>
        <time>2026-09-21T01:19:32Z</time>
        <speed>1.007412</speed>
      </trkpt>
      <trkpt lat="29.206682" lon="119.666267">
        <ele>510.367638</ele>
        <time>2026-09-21T01:19:34Z</time>
        <speed>0.826916</speed>
      </trkpt>
      <trkpt lat="29.206693" lon="119.666301">
        <ele>510.446504</ele>
        <time>2026-09-21T01:19:42Z</time>
        <speed>1.343884</speed>
      </trkpt>
      <trkpt lat="29.206705" lon="119.666364">
        <ele>511.682077</ele>
        <time>2026-09-21T01:19:46Z</time>
        <speed>1.058664</speed>
      </trkpt>
      <trkpt lat="29.206724" lon="119.666411">
        <ele>512.147915</ele>
        <time>2026-09-21T01:19:57Z</time>
        <speed>0.804012</speed>
      </trkpt>
      <trkpt lat="29.206731" lon="119.666447">
        <ele>512.652015</ele>
        <time>2026-09-21T01:20:03Z</time>
        <speed>0.746628</speed>
      </trkpt>
      <trkpt lat="29.206742" lon="119.666489">
        <ele>514.225951</ele>
        <time>2026-09-21T01:20:09Z</time>
        <speed>1.065932</speed>
      </trkpt>
      <trkpt lat="29.206759" lon="119.666542">
        <ele>514.852936</ele>
        <time>2026-09-21T01:20:14Z</time>
        <speed>1.040948</speed>
      </trkpt>
      <trkpt lat="29.206778" lon="119.666585">
        <ele>515.399973</ele>
        <time>2026-09-21T01:20:18Z</time>
        <speed>1.045798</speed>
      </trkpt>
      <trkpt lat="29.206799" lon="119.666632">
        <ele>514.433828</ele>
        <time>2026-09-21T01:20:22Z</time>
        <speed>1.057322</speed>
      </trkpt>
      <trkpt lat="29.206816" lon="119.666684">
        <ele>514.51699</ele>
        <time>2026-09-21T01:20:26Z</time>
        <speed>0.987196</speed>
      </trkpt>
      <trkpt lat="29.206838" lon="119.666725">
        <ele>514.384086</ele>
        <time>2026-09-21T01:20:34Z</time>
        <speed>0.871639</speed>
      </trkpt>
      <trkpt lat="29.206854" lon="119.666755">
        <ele>514.425658</ele>
        <time>2026-09-21T01:20:36Z</time>
        <speed>1.213982</speed>
      </trkpt>
      <trkpt lat="29.206863" lon="119.666784">
        <ele>514.418099</ele>
        <time>2026-09-21T01:20:38Z</time>
        <speed>0.960539</speed>
      </trkpt>
      <trkpt lat="29.206875" lon="119.666821">
        <ele>514.741091</ele>
        <time>2026-09-21T01:20:40Z</time>
        <speed>0.87741</speed>
      </trkpt>
      <trkpt lat="29.206893" lon="119.666873">
        <ele>516.515831</ele>
        <time>2026-09-21T01:20:48Z</time>
        <speed>1.142663</speed>
      </trkpt>
      <trkpt lat="29.206907" lon="119.666912">
        <ele>516.200109</ele>
        <time>2026-09-21T01:20:50Z</time>
        <speed>1.035096</speed>
      </trkpt>
      <trkpt lat="29.206922" lon="119.666949">
        <ele>517.00277</ele>
        <time>2026-09-21T01:20:52Z</time>
        <speed>1.133021</speed>
      </trkpt>
      <trkpt lat="29.20694" lon="119.666992">
        <ele>517.954317</ele>
        <time>2026-09-21T01:20:55Z</time>
        <speed>1.175696</speed>
      </trkpt>
      <trkpt lat="29.206964" lon="119.667042">
        <ele>518.359168</ele>
        <time>2026-09-21T01:20:59Z</time>
        <speed>1.209806</speed>
      </trkpt>
      <trkpt lat="29.206998" lon="119.667104">
        <ele>518.231992</ele>
        <time>2026-09-21T01:21:06Z</time>
        <speed>1.056354</speed>
      </trkpt>
      <trkpt lat="29.207024" lon="119.667139">
        <ele>519.264134</ele>
        <time>2026-09-21T01:21:10Z</time>
        <speed>1.203271</speed>
      </trkpt>
      <trkpt lat="29.207051" lon="119.66717">
        <ele>519.985313</ele>
        <time>2026-09-21T01:21:14Z</time>
        <speed>1.033978</speed>
      </trkpt>
      <trkpt lat="29.207085" lon="119.667196">
        <ele>518.607149</ele>
        <time>2026-09-21T01:21:18Z</time>
        <speed>1.175948</speed>
      </trkpt>
      <trkpt lat="29.207112" lon="119.667215">
        <ele>520.028001</ele>
        <time>2026-09-21T01:21:21Z</time>
        <speed>1.51909</speed>
      </trkpt>
      <trkpt lat="29.207153" lon="119.667235">
        <ele>519.459529</ele>
        <time>2026-09-21T01:21:25Z</time>
        <speed>1.100582</speed>
      </trkpt>
      <trkpt lat="29.207198" lon="119.667254">
        <ele>519.512286</ele>
        <time>2026-09-21T01:21:30Z</time>
        <speed>1.015998</speed>
      </trkpt>
      <trkpt lat="29.207245" lon="119.667259">
        <ele>519.091352</ele>
        <time>2026-09-21T01:21:34Z</time>
        <speed>0.835982</speed>
      </trkpt>
      <trkpt lat="29.207294" lon="119.667261">
        <ele>517.703424</ele>
        <time>2026-09-21T01:21:42Z</time>
        <speed>0.871681</speed>
      </trkpt>
      <trkpt lat="29.207325" lon="119.66726">
        <ele>517.728638</ele>
        <time>2026-09-21T01:21:44Z</time>
        <speed>0.485094</speed>
      </trkpt>
      <trkpt lat="29.207354" lon="119.667256">
        <ele>517.295285</ele>
        <time>2026-09-21T01:21:46Z</time>
        <speed>0.91617</speed>
      </trkpt>
      <trkpt lat="29.207385" lon="119.667252">
        <ele>517.408367</ele>
        <time>2026-09-21T01:21:48Z</time>
        <speed>0.751489</speed>
      </trkpt>
      <trkpt lat="29.207431" lon="119.66725">
        <ele>519.294929</ele>
        <time>2026-09-21T01:21:56Z</time>
        <speed>0.745352</speed>
      </trkpt>
      <trkpt lat="29.207485" lon="119.667246">
        <ele>519.625786</ele>
        <time>2026-09-21T01:21:58Z</time>
        <speed>0.731374</speed>
      </trkpt>
      <trkpt lat="29.207489" lon="119.667175">
        <ele>519.782677</ele>
        <time>2026-09-21T01:22:08Z</time>
        <speed>0.772201</speed>
      </trkpt>
      <trkpt lat="29.20745" lon="119.667166">
        <ele>521.026779</ele>
        <time>2026-09-21T01:22:16Z</time>
        <speed>0.830105</speed>
      </trkpt>
      <trkpt lat="29.207398" lon="119.667162">
        <ele>522.041329</ele>
        <time>2026-09-21T01:22:18Z</time>
        <speed>0.861301</speed>
      </trkpt>
      <trkpt lat="29.207353" lon="119.667157">
        <ele>523.16552</ele>
        <time>2026-09-21T01:22:26Z</time>
        <speed>1.222954</speed>
      </trkpt>
      <trkpt lat="29.207298" lon="119.667151">
        <ele>523.258947</ele>
        <time>2026-09-21T01:22:28Z</time>
        <speed>0.843247</speed>
      </trkpt>
      <trkpt lat="29.207259" lon="119.667135">
        <ele>524.117325</ele>
        <time>2026-09-21T01:22:36Z</time>
        <speed>0.699769</speed>
      </trkpt>
      <trkpt lat="29.207216" lon="119.667116">
        <ele>523.786299</ele>
        <time>2026-09-21T01:22:38Z</time>
        <speed>0.784352</speed>
      </trkpt>
      <trkpt lat="29.207192" lon="119.667085">
        <ele>524.969407</ele>
        <time>2026-09-21T01:22:46Z</time>
        <speed>0.866387</speed>
      </trkpt>
      <trkpt lat="29.207165" lon="119.667042">
        <ele>525.13928</ele>
        <time>2026-09-21T01:22:48Z</time>
        <speed>0.814775</speed>
      </trkpt>
      <trkpt lat="29.207148" lon="119.667002">
        <ele>525.074545</ele>
        <time>2026-09-21T01:22:56Z</time>
        <speed>0.891026</speed>
      </trkpt>
      <trkpt lat="29.207128" lon="119.666952">
        <ele>525.574404</ele>
        <time>2026-09-21T01:22:58Z</time>
        <speed>0.85215</speed>
      </trkpt>
      <trkpt lat="29.207117" lon="119.666909">
        <ele>527.516169</ele>
        <time>2026-09-21T01:23:06Z</time>
        <speed>0.832934</speed>
      </trkpt>
      <trkpt lat="29.207105" lon="119.666853">
        <ele>527.843612</ele>
        <time>2026-09-21T01:23:08Z</time>
        <speed>0.915568</speed>
      </trkpt>
      <trkpt lat="29.207097" lon="119.666804">
        <ele>528.678192</ele>
        <time>2026-09-21T01:23:16Z</time>
        <speed>0.941774</speed>
      </trkpt>
      <trkpt lat="29.207093" lon="119.666768">
        <ele>528.577239</ele>
        <time>2026-09-21T01:23:18Z</time>
        <speed>1.083747</speed>
      </trkpt>
      <trkpt lat="29.207088" lon="119.666725">
        <ele>529.487238</ele>
        <time>2026-09-21T01:23:20Z</time>
        <speed>0.474654</speed>
      </trkpt>
      <trkpt lat="29.207087" lon="119.666694">
        <ele>529.573822</ele>
        <time>2026-09-21T01:23:26Z</time>
        <speed>1.065318</speed>
      </trkpt>
      <trkpt lat="29.207086" lon="119.666663">
        <ele>529.402731</ele>
        <time>2026-09-21T01:23:28Z</time>
        <speed>0.950644</speed>
      </trkpt>
      <trkpt lat="29.207086" lon="119.666629">
        <ele>529.695653</ele>
        <time>2026-09-21T01:23:30Z</time>
        <speed>0.835912</speed>
      </trkpt>
      <trkpt lat="29.207088" lon="119.666565">
        <ele>530.407953</ele>
        <time>2026-09-21T01:23:34Z</time>
        <speed>0.829691</speed>
      </trkpt>
      <trkpt lat="29.207075" lon="119.666523">
        <ele>531.520223</ele>
        <time>2026-09-21T01:23:42Z</time>
        <speed>0.87976</speed>
      </trkpt>
      <trkpt lat="29.207056" lon="119.666467">
        <ele>531.643932</ele>
        <time>2026-09-21T01:23:44Z</time>
        <speed>0.837638</speed>
      </trkpt>
      <trkpt lat="29.207051" lon="119.666418">
        <ele>532.457813</ele>
        <time>2026-09-21T01:23:52Z</time>
        <speed>0.76663</speed>
      </trkpt>
      <trkpt lat="29.207048" lon="119.666363">
        <ele>532.069768</ele>
        <time>2026-09-21T01:23:54Z</time>
        <speed>0.748816</speed>
      </trkpt>
      <trkpt lat="29.207055" lon="119.666316">
        <ele>532.166935</ele>
        <time>2026-09-21T01:24:02Z</time>
        <speed>0.742744</speed>
      </trkpt>
      <trkpt lat="29.207065" lon="119.666261">
        <ele>533.333375</ele>
        <time>2026-09-21T01:24:04Z</time>
        <speed>0.847067</speed>
      </trkpt>
      <trkpt lat="29.207076" lon="119.666219">
        <ele>533.550686</ele>
        <time>2026-09-21T01:24:12Z</time>
        <speed>0.708934</speed>
      </trkpt>
      <trkpt lat="29.20709" lon="119.666178">
        <ele>533.104001</ele>
        <time>2026-09-21T01:24:14Z</time>
        <speed>0.594116</speed>
      </trkpt>
      <trkpt lat="29.207117" lon="119.666161">
        <ele>534.19577</ele>
        <time>2026-09-21T01:24:22Z</time>
        <speed>0.752626</speed>
      </trkpt>
      <trkpt lat="29.20715" lon="119.666147">
        <ele>534.019014</ele>
        <time>2026-09-21T01:24:24Z</time>
        <speed>0.64356</speed>
      </trkpt>
      <trkpt lat="29.207184" lon="119.666155">
        <ele>534.577036</ele>
        <time>2026-09-21T01:24:32Z</time>
        <speed>0.531373</speed>
      </trkpt>
      <trkpt lat="29.20721" lon="119.666167">
        <ele>534.739519</ele>
        <time>2026-09-21T01:24:34Z</time>
        <speed>1.228984</speed>
      </trkpt>
      <trkpt lat="29.207254" lon="119.66621">
        <ele>535.641276</ele>
        <time>2026-09-21T01:24:38Z</time>
        <speed>0.683855</speed>
      </trkpt>
      <trkpt lat="29.207267" lon="119.666238">
        <ele>536.757426</ele>
        <time>2026-09-21T01:24:44Z</time>
        <speed>0.99273</speed>
      </trkpt>
      <trkpt lat="29.207278" lon="119.666266">
        <ele>536.905151</ele>
        <time>2026-09-21T01:24:46Z</time>
        <speed>0.811474</speed>
      </trkpt>
      <trkpt lat="29.207291" lon="119.666297">
        <ele>537.024093</ele>
        <time>2026-09-21T01:24:48Z</time>
        <speed>0.827746</speed>
      </trkpt>
      <trkpt lat="29.207305" lon="119.666327">
        <ele>537.869221</ele>
        <time>2026-09-21T01:24:50Z</time>
        <speed>1.006092</speed>
      </trkpt>
      <trkpt lat="29.207322" lon="119.666361">
        <ele>538.257562</ele>
        <time>2026-09-21T01:24:52Z</time>
        <speed>0.985752</speed>
      </trkpt>
      <trkpt lat="29.207352" lon="119.666402">
        <ele>537.204272</ele>
        <time>2026-09-21T01:25:00Z</time>
        <speed>0.88751</speed>
      </trkpt>
      <trkpt lat="29.207377" lon="119.666433">
        <ele>537.137353</ele>
        <time>2026-09-21T01:25:02Z</time>
        <speed>1.233722</speed>
      </trkpt>
      <trkpt lat="29.207412" lon="119.666473">
        <ele>538.32156</ele>
        <time>2026-09-21T01:25:04Z</time>
        <speed>0.918159</speed>
      </trkpt>
      <trkpt lat="29.207445" lon="119.666501">
        <ele>538.12143</ele>
        <time>2026-09-21T01:25:11Z</time>
        <speed>1.052899</speed>
      </trkpt>
      <trkpt lat="29.207471" lon="119.666521">
        <ele>538.747326</ele>
        <time>2026-09-21T01:25:13Z</time>
        <speed>0.843649</speed>
      </trkpt>
      <trkpt lat="29.207499" lon="119.666541">
        <ele>537.941752</ele>
        <time>2026-09-21T01:25:15Z</time>
        <speed>1.009136</speed>
      </trkpt>
      <trkpt lat="29.207526" lon="119.66656">
        <ele>539.37629</ele>
        <time>2026-09-21T01:25:17Z</time>
        <speed>1.050758</speed>
      </trkpt>
      <trkpt lat="29.207552" lon="119.666579">
        <ele>539.256045</ele>
        <time>2026-09-21T01:25:19Z</time>
        <speed>0.89093</speed>
      </trkpt>
      <trkpt lat="29.207577" lon="119.666595">
        <ele>539.095106</ele>
        <time>2026-09-21T01:25:27Z</time>
        <speed>0.8205</speed>
      </trkpt>
      <trkpt lat="29.207614" lon="119.666617">
        <ele>538.180974</ele>
        <time>2026-09-21T01:25:29Z</time>
        <speed>0.719929</speed>
      </trkpt>
      <trkpt lat="29.207649" lon="119.666643">
        <ele>539.637164</ele>
        <time>2026-09-21T01:25:37Z</time>
        <speed>0.87304</speed>
      </trkpt>
      <trkpt lat="29.207693" lon="119.666678">
        <ele>539.818168</ele>
        <time>2026-09-21T01:25:39Z</time>
        <speed>0.917621</speed>
      </trkpt>
      <trkpt lat="29.207734" lon="119.666711">
        <ele>540.767245</ele>
        <time>2026-09-21T01:25:47Z</time>
        <speed>0.932437</speed>
      </trkpt>
      <trkpt lat="29.207776" lon="119.666747">
        <ele>540.323875</ele>
        <time>2026-09-21T01:25:49Z</time>
        <speed>0.974549</speed>
      </trkpt>
      <trkpt lat="29.207821" lon="119.666779">
        <ele>540.029282</ele>
        <time>2026-09-21T01:25:57Z</time>
        <speed>1.080208</speed>
      </trkpt>
      <trkpt lat="29.207852" lon="119.666788">
        <ele>539.987459</ele>
        <time>2026-09-21T01:25:59Z</time>
        <speed>1.048953</speed>
      </trkpt>
      <trkpt lat="29.207894" lon="119.666789">
        <ele>538.373225</ele>
        <time>2026-09-21T01:26:02Z</time>
        <speed>1.104094</speed>
      </trkpt>
      <trkpt lat="29.207922" lon="119.666779">
        <ele>539.814322</ele>
        <time>2026-09-21T01:26:04Z</time>
        <speed>1.001369</speed>
      </trkpt>
      <trkpt lat="29.207954" lon="119.666721">
        <ele>538.636731</ele>
        <time>2026-09-21T01:26:08Z</time>
        <speed>0.996146</speed>
      </trkpt>
      <trkpt lat="29.20796" lon="119.666689">
        <ele>540.213069</ele>
        <time>2026-09-21T01:26:14Z</time>
        <speed>1.068376</speed>
      </trkpt>
      <trkpt lat="29.207964" lon="119.666659">
        <ele>540.446367</ele>
        <time>2026-09-21T01:26:16Z</time>
        <speed>0.753396</speed>
      </trkpt>
      <trkpt lat="29.207967" lon="119.666627">
        <ele>540.898499</ele>
        <time>2026-09-21T01:26:18Z</time>
        <speed>0.933097</speed>
      </trkpt>
      <trkpt lat="29.207975" lon="119.666573">
        <ele>541.847765</ele>
        <time>2026-09-21T01:26:22Z</time>
        <speed>0.913761</speed>
      </trkpt>
      <trkpt lat="29.207988" lon="119.666527">
        <ele>543.626767</ele>
        <time>2026-09-21T01:26:30Z</time>
        <speed>0.944405</speed>
      </trkpt>
      <trkpt lat="29.208006" lon="119.666465">
        <ele>543.383515</ele>
        <time>2026-09-21T01:26:32Z</time>
        <speed>0.968135</speed>
      </trkpt>
      <trkpt lat="29.208026" lon="119.666426">
        <ele>545.030525</ele>
        <time>2026-09-21T01:26:40Z</time>
        <speed>0.743002</speed>
      </trkpt>
      <trkpt lat="29.208052" lon="119.666381">
        <ele>545.901144</ele>
        <time>2026-09-21T01:26:42Z</time>
        <speed>0.804773</speed>
      </trkpt>
      <trkpt lat="29.208075" lon="119.666341">
        <ele>546.674339</ele>
        <time>2026-09-21T01:26:50Z</time>
        <speed>0.752769</speed>
      </trkpt>
      <trkpt lat="29.208101" lon="119.666292">
        <ele>546.931285</ele>
        <time>2026-09-21T01:26:52Z</time>
        <speed>0.683051</speed>
      </trkpt>
      <trkpt lat="29.208124" lon="119.666245">
        <ele>546.39874</ele>
        <time>2026-09-21T01:27:00Z</time>
        <speed>0.918217</speed>
      </trkpt>
      <trkpt lat="29.208152" lon="119.666188">
        <ele>546.35387</ele>
        <time>2026-09-21T01:27:02Z</time>
        <speed>0.610983</speed>
      </trkpt>
      <trkpt lat="29.20818" lon="119.666161">
        <ele>551.867575</ele>
        <time>2026-09-21T01:27:22Z</time>
        <speed>1.087443</speed>
      </trkpt>
      <trkpt lat="29.20821" lon="119.66613">
        <ele>550.975877</ele>
        <time>2026-09-21T01:27:27Z</time>
        <speed>1.100688</speed>
      </trkpt>
      <trkpt lat="29.208256" lon="119.666084">
        <ele>550.520494</ele>
        <time>2026-09-21T01:27:32Z</time>
        <speed>1.068233</speed>
      </trkpt>
      <trkpt lat="29.208284" lon="119.666059">
        <ele>549.635848</ele>
        <time>2026-09-21T01:27:35Z</time>
        <speed>1.009029</speed>
      </trkpt>
      <trkpt lat="29.208324" lon="119.666032">
        <ele>550.064957</ele>
        <time>2026-09-21T01:27:39Z</time>
        <speed>1.203524</speed>
      </trkpt>
      <trkpt lat="29.208362" lon="119.666007">
        <ele>549.471227</ele>
        <time>2026-09-21T01:27:43Z</time>
        <speed>1.124863</speed>
      </trkpt>
      <trkpt lat="29.208398" lon="119.665983">
        <ele>549.459254</ele>
        <time>2026-09-21T01:27:47Z</time>
        <speed>1.03802</speed>
      </trkpt>
      <trkpt lat="29.208426" lon="119.665956">
        <ele>551.197728</ele>
        <time>2026-09-21T01:27:51Z</time>
        <speed>1.091549</speed>
      </trkpt>
      <trkpt lat="29.20846" lon="119.665917">
        <ele>551.437972</ele>
        <time>2026-09-21T01:27:56Z</time>
        <speed>1.039158</speed>
      </trkpt>
      <trkpt lat="29.208487" lon="119.665872">
        <ele>552.103581</ele>
        <time>2026-09-21T01:28:00Z</time>
        <speed>0.917724</speed>
      </trkpt>
      <trkpt lat="29.208521" lon="119.665849">
        <ele>554.85105</ele>
        <time>2026-09-21T01:28:08Z</time>
        <speed>0.28499</speed>
      </trkpt>
      <trkpt lat="29.20855" lon="119.665828">
        <ele>554.255283</ele>
        <time>2026-09-21T01:28:12Z</time>
        <speed>0.928779</speed>
      </trkpt>
      <trkpt lat="29.208582" lon="119.665796">
        <ele>554.850477</ele>
        <time>2026-09-21T01:28:16Z</time>
        <speed>1.177237</speed>
      </trkpt>
      <trkpt lat="29.208606" lon="119.665769">
        <ele>555.278071</ele>
        <time>2026-09-21T01:28:19Z</time>
        <speed>1.058601</speed>
      </trkpt>
      <trkpt lat="29.208631" lon="119.665744">
        <ele>556.04269</ele>
        <time>2026-09-21T01:28:22Z</time>
        <speed>1.006438</speed>
      </trkpt>
      <trkpt lat="29.208661" lon="119.665716">
        <ele>556.783761</ele>
        <time>2026-09-21T01:28:26Z</time>
        <speed>1.059774</speed>
      </trkpt>
      <trkpt lat="29.208693" lon="119.66569">
        <ele>559.796788</ele>
        <time>2026-09-21T01:28:34Z</time>
        <speed>1.000071</speed>
      </trkpt>
      <trkpt lat="29.208738" lon="119.665659">
        <ele>560.860202</ele>
        <time>2026-09-21T01:28:38Z</time>
        <speed>0.871021</speed>
      </trkpt>
      <trkpt lat="29.208791" lon="119.665636">
        <ele>562.069354</ele>
        <time>2026-09-21T01:28:42Z</time>
        <speed>0.828979</speed>
      </trkpt>
      <trkpt lat="29.208834" lon="119.665627">
        <ele>563.658204</ele>
        <time>2026-09-21T01:28:50Z</time>
        <speed>0.946977</speed>
      </trkpt>
      <trkpt lat="29.208889" lon="119.665617">
        <ele>564.007733</ele>
        <time>2026-09-21T01:28:52Z</time>
        <speed>0.920905</speed>
      </trkpt>
      <trkpt lat="29.208936" lon="119.665621">
        <ele>564.471556</ele>
        <time>2026-09-21T01:29:00Z</time>
        <speed>0.841904</speed>
      </trkpt>
      <trkpt lat="29.208989" lon="119.665629">
        <ele>565.006084</ele>
        <time>2026-09-21T01:29:02Z</time>
        <speed>0.761374</speed>
      </trkpt>
      <trkpt lat="29.209026" lon="119.665632">
        <ele>567.084629</ele>
        <time>2026-09-21T01:29:10Z</time>
        <speed>0.609636</speed>
      </trkpt>
      <trkpt lat="29.209074" lon="119.665633">
        <ele>568.400279</ele>
        <time>2026-09-21T01:29:12Z</time>
        <speed>0.781877</speed>
      </trkpt>
      <trkpt lat="29.209123" lon="119.665613">
        <ele>570.086373</ele>
        <time>2026-09-21T01:29:20Z</time>
        <speed>0.920423</speed>
      </trkpt>
      <trkpt lat="29.209169" lon="119.665586">
        <ele>569.838002</ele>
        <time>2026-09-21T01:29:22Z</time>
        <speed>0.759483</speed>
      </trkpt>
      <trkpt lat="29.209198" lon="119.665561">
        <ele>571.186666</ele>
        <time>2026-09-21T01:29:30Z</time>
        <speed>0.697285</speed>
      </trkpt>
      <trkpt lat="29.209229" lon="119.665533">
        <ele>571.003385</ele>
        <time>2026-09-21T01:29:32Z</time>
        <speed>0.67847</speed>
      </trkpt>
      <trkpt lat="29.209285" lon="119.665496">
        <ele>570.221092</ele>
        <time>2026-09-21T01:29:42Z</time>
        <speed>0.688136</speed>
      </trkpt>
      <trkpt lat="29.209313" lon="119.66547">
        <ele>571.932282</ele>
        <time>2026-09-21T01:29:50Z</time>
        <speed>1.025111</speed>
      </trkpt>
      <trkpt lat="29.209349" lon="119.665438">
        <ele>572.067954</ele>
        <time>2026-09-21T01:29:52Z</time>
        <speed>0.870126</speed>
      </trkpt>
      <trkpt lat="29.20939" lon="119.665412">
        <ele>573.564154</ele>
        <time>2026-09-21T01:30:00Z</time>
        <speed>1.102788</speed>
      </trkpt>
      <trkpt lat="29.20944" lon="119.665382">
        <ele>574.956475</ele>
        <time>2026-09-21T01:30:02Z</time>
        <speed>0.744803</speed>
      </trkpt>
      <trkpt lat="29.209478" lon="119.665391">
        <ele>578.713892</ele>
        <time>2026-09-21T01:30:12Z</time>
        <speed>0.082002</speed>
      </trkpt>
      <trkpt lat="29.209515" lon="119.665409">
        <ele>581.450163</ele>
        <time>2026-09-21T01:30:22Z</time>
        <speed>0.351908</speed>
      </trkpt>
      <trkpt lat="29.209562" lon="119.665413">
        <ele>584.141882</ele>
        <time>2026-09-21T01:30:34Z</time>
        <speed>0.584225</speed>
      </trkpt>
      <trkpt lat="29.209604" lon="119.6654">
        <ele>586.347089</ele>
        <time>2026-09-21T01:30:44Z</time>
        <speed>0.442587</speed>
      </trkpt>
      <trkpt lat="29.209636" lon="119.665403">
        <ele>587.947671</ele>
        <time>2026-09-21T01:30:54Z</time>
        <speed>0.518761</speed>
      </trkpt>
      <trkpt lat="29.209684" lon="119.665404">
        <ele>592.112022</ele>
        <time>2026-09-21T01:31:05Z</time>
        <speed>0.659516</speed>
      </trkpt>
      <trkpt lat="29.209711" lon="119.665381">
        <ele>589.276437</ele>
        <time>2026-09-21T01:31:13Z</time>
        <speed>0.277455</speed>
      </trkpt>
      <trkpt lat="29.209735" lon="119.665362">
        <ele>589.283751</ele>
        <time>2026-09-21T01:31:17Z</time>
        <speed>0.087872</speed>
      </trkpt>
      <trkpt lat="29.209743" lon="119.665289">
        <ele>594.409403</ele>
        <time>2026-09-21T01:32:04Z</time>
        <speed>1.102113</speed>
      </trkpt>
      <trkpt lat="29.209766" lon="119.665332">
        <ele>591.402711</ele>
        <time>2026-09-21T01:32:35Z</time>
        <speed>0.86506</speed>
      </trkpt>
      <trkpt lat="29.209775" lon="119.665297">
        <ele>596.134398</ele>
        <time>2026-09-21T01:32:45Z</time>
        <speed>0.334313</speed>
      </trkpt>
      <trkpt lat="29.209804" lon="119.665285">
        <ele>595.529046</ele>
        <time>2026-09-21T01:32:51Z</time>
        <speed>0.537794</speed>
      </trkpt>
      <trkpt lat="29.209833" lon="119.665276">
        <ele>597.836009</ele>
        <time>2026-09-21T01:33:01Z</time>
        <speed>0.485893</speed>
      </trkpt>
      <trkpt lat="29.209856" lon="119.665242">
        <ele>597.925804</ele>
        <time>2026-09-21T01:33:09Z</time>
        <speed>0.721547</speed>
      </trkpt>
      <trkpt lat="29.20988" lon="119.665201">
        <ele>599.022025</ele>
        <time>2026-09-21T01:33:11Z</time>
        <speed>0.414048</speed>
      </trkpt>
      <trkpt lat="29.209884" lon="119.665169">
        <ele>602.045236</ele>
        <time>2026-09-21T01:33:27Z</time>
        <speed>0.019718</speed>
      </trkpt>
      <trkpt lat="29.209914" lon="119.665153">
        <ele>603.943845</ele>
        <time>2026-09-21T01:33:52Z</time>
        <speed>1.025486</speed>
      </trkpt>
      <trkpt lat="29.209916" lon="119.665118">
        <ele>609.042342</ele>
        <time>2026-09-21T01:34:03Z</time>
        <speed>0.278315</speed>
      </trkpt>
      <trkpt lat="29.209919" lon="119.665076">
        <ele>609.224604</ele>
        <time>2026-09-21T01:34:07Z</time>
        <speed>0.295599</speed>
      </trkpt>
      <trkpt lat="29.209934" lon="119.665045">
        <ele>608.311286</ele>
        <time>2026-09-21T01:34:13Z</time>
        <speed>0.132505</speed>
      </trkpt>
      <trkpt lat="29.209994" lon="119.665047">
        <ele>607.050557</ele>
        <time>2026-09-21T01:34:23Z</time>
        <speed>0.852908</speed>
      </trkpt>
      <trkpt lat="29.21002" lon="119.665072">
        <ele>609.491036</ele>
        <time>2026-09-21T01:34:31Z</time>
        <speed>0.441028</speed>
      </trkpt>
      <trkpt lat="29.210047" lon="119.665104">
        <ele>610.387541</ele>
        <time>2026-09-21T01:34:33Z</time>
        <speed>0.54613</speed>
      </trkpt>
      <trkpt lat="29.210068" lon="119.665146">
        <ele>611.326027</ele>
        <time>2026-09-21T01:34:41Z</time>
        <speed>1.050033</speed>
      </trkpt>
      <trkpt lat="29.210083" lon="119.66518">
        <ele>611.742188</ele>
        <time>2026-09-21T01:34:43Z</time>
        <speed>1.029096</speed>
      </trkpt>
      <trkpt lat="29.210095" lon="119.665212">
        <ele>612.345413</ele>
        <time>2026-09-21T01:34:45Z</time>
        <speed>1.013073</speed>
      </trkpt>
      <trkpt lat="29.210106" lon="119.665245">
        <ele>612.809312</ele>
        <time>2026-09-21T01:34:47Z</time>
        <speed>1.360805</speed>
      </trkpt>
      <trkpt lat="29.210116" lon="119.665303">
        <ele>614.152471</ele>
        <time>2026-09-21T01:34:51Z</time>
        <speed>0.80303</speed>
      </trkpt>
      <trkpt lat="29.210107" lon="119.665346">
        <ele>615.694582</ele>
        <time>2026-09-21T01:34:59Z</time>
        <speed>1.493838</speed>
      </trkpt>
      <trkpt lat="29.210103" lon="119.665391">
        <ele>613.900167</ele>
        <time>2026-09-21T01:35:03Z</time>
        <speed>0.596348</speed>
      </trkpt>
      <trkpt lat="29.210099" lon="119.665422">
        <ele>615.311938</ele>
        <time>2026-09-21T01:35:07Z</time>
        <speed>0.91284</speed>
      </trkpt>
      <trkpt lat="29.21008" lon="119.665464">
        <ele>616.197619</ele>
        <time>2026-09-21T01:35:13Z</time>
        <speed>0.941421</speed>
      </trkpt>
      <trkpt lat="29.210061" lon="119.665513">
        <ele>616.735105</ele>
        <time>2026-09-21T01:35:15Z</time>
        <speed>0.451946</speed>
      </trkpt>
      <trkpt lat="29.210041" lon="119.665569">
        <ele>618.696674</ele>
        <time>2026-09-21T01:35:23Z</time>
        <speed>1.193097</speed>
      </trkpt>
      <trkpt lat="29.210019" lon="119.665626">
        <ele>619.780286</ele>
        <time>2026-09-21T01:35:25Z</time>
        <speed>0.758807</speed>
      </trkpt>
      <trkpt lat="29.210004" lon="119.665675">
        <ele>619.890092</ele>
        <time>2026-09-21T01:35:33Z</time>
        <speed>0.686439</speed>
      </trkpt>
      <trkpt lat="29.209989" lon="119.665733">
        <ele>619.959164</ele>
        <time>2026-09-21T01:35:35Z</time>
        <speed>0.748277</speed>
      </trkpt>
      <trkpt lat="29.20998" lon="119.665776">
        <ele>619.988315</ele>
        <time>2026-09-21T01:35:43Z</time>
        <speed>0.421943</speed>
      </trkpt>
      <trkpt lat="29.209971" lon="119.665806">
        <ele>619.113262</ele>
        <time>2026-09-21T01:35:45Z</time>
        <speed>1.147547</speed>
      </trkpt>
      <trkpt lat="29.209955" lon="119.665854">
        <ele>620.222259</ele>
        <time>2026-09-21T01:35:47Z</time>
        <speed>0.812513</speed>
      </trkpt>
      <trkpt lat="29.209936" lon="119.665894">
        <ele>621.296745</ele>
        <time>2026-09-21T01:35:54Z</time>
        <speed>0.92123</speed>
      </trkpt>
      <trkpt lat="29.209922" lon="119.665925">
        <ele>621.228824</ele>
        <time>2026-09-21T01:35:56Z</time>
        <speed>0.713213</speed>
      </trkpt>
      <trkpt lat="29.20991" lon="119.665955">
        <ele>621.279122</ele>
        <time>2026-09-21T01:35:58Z</time>
        <speed>0.663258</speed>
      </trkpt>
      <trkpt lat="29.209899" lon="119.665984">
        <ele>621.264305</ele>
        <time>2026-09-21T01:36:00Z</time>
        <speed>0.87117</speed>
      </trkpt>
      <trkpt lat="29.209888" lon="119.666015">
        <ele>620.829885</ele>
        <time>2026-09-21T01:36:04Z</time>
        <speed>0.802153</speed>
      </trkpt>
      <trkpt lat="29.209877" lon="119.66606">
        <ele>620.84441</ele>
        <time>2026-09-21T01:36:10Z</time>
        <speed>0.976917</speed>
      </trkpt>
      <trkpt lat="29.209868" lon="119.666097">
        <ele>622.19784</ele>
        <time>2026-09-21T01:36:12Z</time>
        <speed>1.097637</speed>
      </trkpt>
      <trkpt lat="29.209861" lon="119.666139">
        <ele>622.527171</ele>
        <time>2026-09-21T01:36:14Z</time>
        <speed>1.165581</speed>
      </trkpt>
      <trkpt lat="29.209861" lon="119.666177">
        <ele>622.2028</ele>
        <time>2026-09-21T01:36:16Z</time>
        <speed>1.067766</speed>
      </trkpt>
      <trkpt lat="29.20987" lon="119.666222">
        <ele>622.795081</ele>
        <time>2026-09-21T01:36:19Z</time>
        <speed>1.004042</speed>
      </trkpt>
      <trkpt lat="29.209907" lon="119.666268">
        <ele>622.862329</ele>
        <time>2026-09-21T01:36:24Z</time>
        <speed>1.016688</speed>
      </trkpt>
      <trkpt lat="29.20995" lon="119.66624">
        <ele>622.903524</ele>
        <time>2026-09-21T01:36:26Z</time>
        <speed>0.966632</speed>
      </trkpt>
      <trkpt lat="29.209965" lon="119.666199">
        <ele>622.847156</ele>
        <time>2026-09-21T01:36:33Z</time>
        <speed>0.788354</speed>
      </trkpt>
      <trkpt lat="29.209972" lon="119.666164">
        <ele>622.317223</ele>
        <time>2026-09-21T01:36:35Z</time>
        <speed>1.005563</speed>
      </trkpt>
      <trkpt lat="29.209981" lon="119.666128">
        <ele>622.685779</ele>
        <time>2026-09-21T01:36:37Z</time>
        <speed>0.84986</speed>
      </trkpt>
      <trkpt lat="29.209989" lon="119.666098">
        <ele>621.796631</ele>
        <time>2026-09-21T01:36:39Z</time>
        <speed>0.3714</speed>
      </trkpt>
      <trkpt lat="29.209998" lon="119.666066">
        <ele>622.533719</ele>
        <time>2026-09-21T01:36:45Z</time>
        <speed>0.753926</speed>
      </trkpt>
      <trkpt lat="29.210017" lon="119.666039">
        <ele>622.998076</ele>
        <time>2026-09-21T01:36:49Z</time>
        <speed>0.574392</speed>
      </trkpt>
      <trkpt lat="29.210043" lon="119.666003">
        <ele>622.975296</ele>
        <time>2026-09-21T01:36:51Z</time>
        <speed>0.73685</speed>
      </trkpt>
      <trkpt lat="29.210061" lon="119.66597">
        <ele>624.126473</ele>
        <time>2026-09-21T01:36:59Z</time>
        <speed>0.611784</speed>
      </trkpt>
      <trkpt lat="29.210084" lon="119.665929">
        <ele>624.828389</ele>
        <time>2026-09-21T01:37:01Z</time>
        <speed>0.743838</speed>
      </trkpt>
      <trkpt lat="29.210109" lon="119.665902">
        <ele>624.399708</ele>
        <time>2026-09-21T01:37:09Z</time>
        <speed>0.670533</speed>
      </trkpt>
      <trkpt lat="29.210141" lon="119.665869">
        <ele>624.72668</ele>
        <time>2026-09-21T01:37:11Z</time>
        <speed>0.860496</speed>
      </trkpt>
      <trkpt lat="29.210165" lon="119.665834">
        <ele>625.840562</ele>
        <time>2026-09-21T01:37:19Z</time>
        <speed>0.939848</speed>
      </trkpt>
      <trkpt lat="29.210194" lon="119.665787">
        <ele>625.756192</ele>
        <time>2026-09-21T01:37:21Z</time>
        <speed>0.980191</speed>
      </trkpt>
      <trkpt lat="29.210225" lon="119.665758">
        <ele>626.871197</ele>
        <time>2026-09-21T01:37:29Z</time>
        <speed>0.550051</speed>
      </trkpt>
      <trkpt lat="29.210262" lon="119.665729">
        <ele>626.690841</ele>
        <time>2026-09-21T01:37:31Z</time>
        <speed>0.762743</speed>
      </trkpt>
      <trkpt lat="29.210295" lon="119.665704">
        <ele>627.685087</ele>
        <time>2026-09-21T01:37:39Z</time>
        <speed>0.732997</speed>
      </trkpt>
      <trkpt lat="29.210331" lon="119.665676">
        <ele>627.788961</ele>
        <time>2026-09-21T01:37:41Z</time>
        <speed>0.731508</speed>
      </trkpt>
      <trkpt lat="29.21036" lon="119.665658">
        <ele>628.655177</ele>
        <time>2026-09-21T01:37:49Z</time>
        <speed>1.024023</speed>
      </trkpt>
      <trkpt lat="29.210395" lon="119.665638">
        <ele>629.132276</ele>
        <time>2026-09-21T01:37:51Z</time>
        <speed>0.576485</speed>
      </trkpt>
      <trkpt lat="29.210432" lon="119.665622">
        <ele>630.841428</ele>
        <time>2026-09-21T01:37:59Z</time>
        <speed>0.798124</speed>
      </trkpt>
      <trkpt lat="29.210461" lon="119.665613">
        <ele>629.914882</ele>
        <time>2026-09-21T01:38:01Z</time>
        <speed>1.064505</speed>
      </trkpt>
      <trkpt lat="29.210501" lon="119.665601">
        <ele>630.581205</ele>
        <time>2026-09-21T01:38:03Z</time>
        <speed>0.959912</speed>
      </trkpt>
      <trkpt lat="29.210538" lon="119.665591">
        <ele>631.171499</ele>
        <time>2026-09-21T01:38:10Z</time>
        <speed>0.819606</speed>
      </trkpt>
      <trkpt lat="29.210565" lon="119.665585">
        <ele>632.912022</ele>
        <time>2026-09-21T01:38:12Z</time>
        <speed>1.130326</speed>
      </trkpt>
      <trkpt lat="29.210594" lon="119.66558">
        <ele>632.523577</ele>
        <time>2026-09-21T01:38:14Z</time>
        <speed>1.270419</speed>
      </trkpt>
      <trkpt lat="29.210621" lon="119.665573">
        <ele>633.166241</ele>
        <time>2026-09-21T01:38:16Z</time>
        <speed>0.89211</speed>
      </trkpt>
      <trkpt lat="29.210663" lon="119.665546">
        <ele>634.20601</ele>
        <time>2026-09-21T01:38:20Z</time>
        <speed>1.349586</speed>
      </trkpt>
      <trkpt lat="29.210672" lon="119.665491">
        <ele>633.768719</ele>
        <time>2026-09-21T01:38:25Z</time>
        <speed>1.253383</speed>
      </trkpt>
      <trkpt lat="29.210667" lon="119.66546">
        <ele>635.273878</ele>
        <time>2026-09-21T01:38:27Z</time>
        <speed>1.282474</speed>
      </trkpt>
      <trkpt lat="29.210656" lon="119.66543">
        <ele>635.658347</ele>
        <time>2026-09-21T01:38:29Z</time>
        <speed>1.110604</speed>
      </trkpt>
      <trkpt lat="29.210643" lon="119.665398">
        <ele>636.1226</ele>
        <time>2026-09-21T01:38:31Z</time>
        <speed>1.563826</speed>
      </trkpt>
      <trkpt lat="29.210632" lon="119.665364">
        <ele>636.455034</ele>
        <time>2026-09-21T01:38:33Z</time>
        <speed>1.568577</speed>
      </trkpt>
      <trkpt lat="29.210623" lon="119.665331">
        <ele>636.732933</ele>
        <time>2026-09-21T01:38:35Z</time>
        <speed>1.607095</speed>
      </trkpt>
      <trkpt lat="29.210616" lon="119.6653">
        <ele>636.053579</ele>
        <time>2026-09-21T01:38:37Z</time>
        <speed>1.560252</speed>
      </trkpt>
      <trkpt lat="29.210617" lon="119.665247">
        <ele>635.251964</ele>
        <time>2026-09-21T01:38:41Z</time>
        <speed>0.943964</speed>
      </trkpt>
      <trkpt lat="29.210614" lon="119.665213">
        <ele>636.917489</ele>
        <time>2026-09-21T01:38:48Z</time>
        <speed>1.243904</speed>
      </trkpt>
      <trkpt lat="29.210607" lon="119.665158">
        <ele>639.302133</ele>
        <time>2026-09-21T01:38:52Z</time>
        <speed>0.976996</speed>
      </trkpt>
      <trkpt lat="29.210605" lon="119.665102">
        <ele>640.446164</ele>
        <time>2026-09-21T01:38:56Z</time>
        <speed>1.034293</speed>
      </trkpt>
      <trkpt lat="29.210603" lon="119.665052">
        <ele>639.927697</ele>
        <time>2026-09-21T01:38:59Z</time>
        <speed>1.168986</speed>
      </trkpt>
      <trkpt lat="29.210602" lon="119.665021">
        <ele>640.163597</ele>
        <time>2026-09-21T01:39:01Z</time>
        <speed>1.029016</speed>
      </trkpt>
      <trkpt lat="29.210603" lon="119.664983">
        <ele>640.370421</ele>
        <time>2026-09-21T01:39:04Z</time>
        <speed>1.079792</speed>
      </trkpt>
      <trkpt lat="29.210595" lon="119.664903">
        <ele>640.9153</ele>
        <time>2026-09-21T01:39:10Z</time>
        <speed>1.22774</speed>
      </trkpt>
      <trkpt lat="29.210589" lon="119.664854">
        <ele>640.508775</ele>
        <time>2026-09-21T01:39:14Z</time>
        <speed>1.108241</speed>
      </trkpt>
      <trkpt lat="29.210587" lon="119.66482">
        <ele>640.40902</ele>
        <time>2026-09-21T01:39:19Z</time>
        <speed>0.701973</speed>
      </trkpt>
      <trkpt lat="29.210592" lon="119.664757">
        <ele>643.148402</ele>
        <time>2026-09-21T01:39:25Z</time>
        <speed>1.215066</speed>
      </trkpt>
      <trkpt lat="29.210595" lon="119.664725">
        <ele>644.220357</ele>
        <time>2026-09-21T01:39:27Z</time>
        <speed>0.71995</speed>
      </trkpt>
      <trkpt lat="29.210593" lon="119.664677">
        <ele>644.376689</ele>
        <time>2026-09-21T01:39:31Z</time>
        <speed>0.533864</speed>
      </trkpt>
      <trkpt lat="29.210598" lon="119.664631">
        <ele>645.37014</ele>
        <time>2026-09-21T01:39:40Z</time>
        <speed>0.584554</speed>
      </trkpt>
      <trkpt lat="29.210602" lon="119.664576">
        <ele>645.430187</ele>
        <time>2026-09-21T01:39:42Z</time>
        <speed>0.356578</speed>
      </trkpt>
      <trkpt lat="29.210613" lon="119.664537">
        <ele>647.032453</ele>
        <time>2026-09-21T01:39:50Z</time>
        <speed>0.244379</speed>
      </trkpt>
      <trkpt lat="29.210625" lon="119.664503">
        <ele>647.937037</ele>
        <time>2026-09-21T01:39:52Z</time>
        <speed>0.473678</speed>
      </trkpt>
      <trkpt lat="29.210633" lon="119.664464">
        <ele>647.810729</ele>
        <time>2026-09-21T01:40:00Z</time>
        <speed>1.203015</speed>
      </trkpt>
      <trkpt lat="29.210647" lon="119.664398">
        <ele>647.819336</ele>
        <time>2026-09-21T01:40:02Z</time>
        <speed>0.954789</speed>
      </trkpt>
      <trkpt lat="29.210663" lon="119.664341">
        <ele>648.571933</ele>
        <time>2026-09-21T01:40:10Z</time>
        <speed>0.918928</speed>
      </trkpt>
      <trkpt lat="29.210677" lon="119.664288">
        <ele>648.783357</ele>
        <time>2026-09-21T01:40:12Z</time>
        <speed>0.675058</speed>
      </trkpt>
      <trkpt lat="29.210672" lon="119.664246">
        <ele>650.269174</ele>
        <time>2026-09-21T01:40:22Z</time>
        <speed>0.147388</speed>
      </trkpt>
      <trkpt lat="29.210674" lon="119.664184">
        <ele>646.909699</ele>
        <time>2026-09-21T01:40:32Z</time>
        <speed>0.609062</speed>
      </trkpt>
      <trkpt lat="29.210683" lon="119.664145">
        <ele>649.01009</ele>
        <time>2026-09-21T01:40:40Z</time>
        <speed>0.679821</speed>
      </trkpt>
      <trkpt lat="29.210693" lon="119.664102">
        <ele>649.223988</ele>
        <time>2026-09-21T01:40:42Z</time>
        <speed>0.675903</speed>
      </trkpt>
      <trkpt lat="29.210698" lon="119.664066">
        <ele>651.26303</ele>
        <time>2026-09-21T01:40:50Z</time>
        <speed>0.689829</speed>
      </trkpt>
      <trkpt lat="29.210704" lon="119.664025">
        <ele>652.871936</ele>
        <time>2026-09-21T01:40:52Z</time>
        <speed>0.43706</speed>
      </trkpt>
      <trkpt lat="29.210709" lon="119.663962">
        <ele>653.220704</ele>
        <time>2026-09-21T01:41:00Z</time>
        <speed>1.240614</speed>
      </trkpt>
      <trkpt lat="29.210711" lon="119.663919">
        <ele>652.605726</ele>
        <time>2026-09-21T01:41:02Z</time>
        <speed>1.263046</speed>
      </trkpt>
      <trkpt lat="29.210714" lon="119.663852">
        <ele>652.962455</ele>
        <time>2026-09-21T01:41:06Z</time>
        <speed>1.032743</speed>
      </trkpt>
      <trkpt lat="29.210713" lon="119.663812">
        <ele>654.226835</ele>
        <time>2026-09-21T01:41:08Z</time>
        <speed>1.20945</speed>
      </trkpt>
      <trkpt lat="29.210708" lon="119.663768">
        <ele>653.500996</ele>
        <time>2026-09-21T01:41:11Z</time>
        <speed>1.222886</speed>
      </trkpt>
      <trkpt lat="29.210703" lon="119.663735">
        <ele>653.086559</ele>
        <time>2026-09-21T01:41:18Z</time>
        <speed>0.430879</speed>
      </trkpt>
      <trkpt lat="29.21069" lon="119.663698">
        <ele>652.297353</ele>
        <time>2026-09-21T01:41:22Z</time>
        <speed>0.9958</speed>
      </trkpt>
      <trkpt lat="29.210662" lon="119.663652">
        <ele>653.61462</ele>
        <time>2026-09-21T01:41:26Z</time>
        <speed>1.222279</speed>
      </trkpt>
      <trkpt lat="29.210632" lon="119.663605">
        <ele>656.330641</ele>
        <time>2026-09-21T01:41:30Z</time>
        <speed>1.64148</speed>
      </trkpt>
      <trkpt lat="29.210615" lon="119.663581">
        <ele>656.432316</ele>
        <time>2026-09-21T01:41:32Z</time>
        <speed>1.610158</speed>
      </trkpt>
      <trkpt lat="29.210599" lon="119.663556">
        <ele>656.575304</ele>
        <time>2026-09-21T01:41:34Z</time>
        <speed>1.625584</speed>
      </trkpt>
      <trkpt lat="29.210584" lon="119.663529">
        <ele>656.819591</ele>
        <time>2026-09-21T01:41:36Z</time>
        <speed>1.594862</speed>
      </trkpt>
      <trkpt lat="29.210571" lon="119.663502">
        <ele>656.784055</ele>
        <time>2026-09-21T01:41:38Z</time>
        <speed>1.644728</speed>
      </trkpt>
      <trkpt lat="29.210558" lon="119.663474">
        <ele>655.318311</ele>
        <time>2026-09-21T01:41:40Z</time>
        <speed>1.627062</speed>
      </trkpt>
      <trkpt lat="29.210545" lon="119.663447">
        <ele>656.490886</ele>
        <time>2026-09-21T01:41:42Z</time>
        <speed>1.614837</speed>
      </trkpt>
      <trkpt lat="29.210518" lon="119.663402">
        <ele>656.088418</ele>
        <time>2026-09-21T01:41:46Z</time>
        <speed>1.575119</speed>
      </trkpt>
      <trkpt lat="29.210479" lon="119.663345">
        <ele>656.740774</ele>
        <time>2026-09-21T01:41:53Z</time>
        <speed>1.000911</speed>
      </trkpt>
      <trkpt lat="29.210466" lon="119.66331">
        <ele>659.001337</ele>
        <time>2026-09-21T01:42:01Z</time>
        <speed>0.887877</speed>
      </trkpt>
      <trkpt lat="29.210453" lon="119.663247">
        <ele>659.734531</ele>
        <time>2026-09-21T01:42:05Z</time>
        <speed>0.992364</speed>
      </trkpt>
      <trkpt lat="29.210449" lon="119.663216">
        <ele>659.236121</ele>
        <time>2026-09-21T01:42:07Z</time>
        <speed>0.822041</speed>
      </trkpt>
      <trkpt lat="29.210445" lon="119.66318">
        <ele>659.013861</ele>
        <time>2026-09-21T01:42:09Z</time>
        <speed>0.790634</speed>
      </trkpt>
      <trkpt lat="29.210488" lon="119.663165">
        <ele>659.909207</ele>
        <time>2026-09-21T01:42:19Z</time>
        <speed>1.587452</speed>
      </trkpt>
      <trkpt lat="29.210504" lon="119.663212">
        <ele>664.235943</ele>
        <time>2026-09-21T01:42:27Z</time>
        <speed>0.849134</speed>
      </trkpt>
      <trkpt lat="29.210511" lon="119.66327">
        <ele>664.699351</ele>
        <time>2026-09-21T01:42:31Z</time>
        <speed>0.897768</speed>
      </trkpt>
      <trkpt lat="29.210542" lon="119.663302">
        <ele>663.069172</ele>
        <time>2026-09-21T01:42:35Z</time>
        <speed>0.803738</speed>
      </trkpt>
      <trkpt lat="29.21057" lon="119.663325">
        <ele>663.989182</ele>
        <time>2026-09-21T01:42:43Z</time>
        <speed>0.753451</speed>
      </trkpt>
      <trkpt lat="29.210607" lon="119.663355">
        <ele>664.882368</ele>
        <time>2026-09-21T01:42:45Z</time>
        <speed>0.816513</speed>
      </trkpt>
      <trkpt lat="29.210638" lon="119.663389">
        <ele>665.907727</ele>
        <time>2026-09-21T01:42:53Z</time>
        <speed>0.787084</speed>
      </trkpt>
      <trkpt lat="29.210662" lon="119.663413">
        <ele>666.654324</ele>
        <time>2026-09-21T01:42:55Z</time>
        <speed>1.032186</speed>
      </trkpt>
      <trkpt lat="29.21072" lon="119.663465">
        <ele>666.295906</ele>
        <time>2026-09-21T01:43:01Z</time>
        <speed>1.488281</speed>
      </trkpt>
      <trkpt lat="29.210741" lon="119.663484">
        <ele>666.791804</ele>
        <time>2026-09-21T01:43:03Z</time>
        <speed>0.651335</speed>
      </trkpt>
      <trkpt lat="29.210773" lon="119.663502">
        <ele>667.880755</ele>
        <time>2026-09-21T01:43:10Z</time>
        <speed>1.000406</speed>
      </trkpt>
      <trkpt lat="29.210815" lon="119.66353">
        <ele>667.765048</ele>
        <time>2026-09-21T01:43:14Z</time>
        <speed>0.96483</speed>
      </trkpt>
      <trkpt lat="29.210837" lon="119.663562">
        <ele>667.845179</ele>
        <time>2026-09-21T01:43:18Z</time>
        <speed>0.35672</speed>
      </trkpt>
      <trkpt lat="29.210886" lon="119.663611">
        <ele>668.795577</ele>
        <time>2026-09-21T01:43:28Z</time>
        <speed>0.768179</speed>
      </trkpt>
      <trkpt lat="29.21091" lon="119.66365">
        <ele>669.632453</ele>
        <time>2026-09-21T01:43:38Z</time>
        <speed>0.406313</speed>
      </trkpt>
      <trkpt lat="29.210913" lon="119.663682">
        <ele>670.146215</ele>
        <time>2026-09-21T01:43:48Z</time>
        <speed>0.0</speed>
      </trkpt>
      <trkpt lat="29.210931" lon="119.663708">
        <ele>670.236163</ele>
        <time>2026-09-21T01:43:57Z</time>
        <speed>0.77928</speed>
      </trkpt>
      <trkpt lat="29.210976" lon="119.663753">
        <ele>670.475625</ele>
        <time>2026-09-21T01:44:01Z</time>
        <speed>0.974269</speed>
      </trkpt>
      <trkpt lat="29.211" lon="119.663803">
        <ele>670.642446</ele>
        <time>2026-09-21T01:44:09Z</time>
        <speed>0.962247</speed>
      </trkpt>
      <trkpt lat="29.21102" lon="119.663857">
        <ele>671.496637</ele>
        <time>2026-09-21T01:44:13Z</time>
        <speed>1.050674</speed>
      </trkpt>
      <trkpt lat="29.211029" lon="119.663886">
        <ele>672.250842</ele>
        <time>2026-09-21T01:44:15Z</time>
        <speed>0.920731</speed>
      </trkpt>
      <trkpt lat="29.211044" lon="119.663925">
        <ele>672.017144</ele>
        <time>2026-09-21T01:44:23Z</time>
        <speed>0.853035</speed>
      </trkpt>
      <trkpt lat="29.211062" lon="119.663973">
        <ele>671.772266</ele>
        <time>2026-09-21T01:44:25Z</time>
        <speed>0.858799</speed>
      </trkpt>
      <trkpt lat="29.211055" lon="119.664016">
        <ele>673.959538</ele>
        <time>2026-09-21T01:44:33Z</time>
        <speed>0.870491</speed>
      </trkpt>
      <trkpt lat="29.211049" lon="119.664047">
        <ele>673.345931</ele>
        <time>2026-09-21T01:44:35Z</time>
        <speed>1.110334</speed>
      </trkpt>
      <trkpt lat="29.211047" lon="119.66411">
        <ele>672.611173</ele>
        <time>2026-09-21T01:44:39Z</time>
        <speed>0.593265</speed>
      </trkpt>
      <trkpt lat="29.211032" lon="119.664157">
        <ele>672.18387</ele>
        <time>2026-09-21T01:44:47Z</time>
        <speed>0.572936</speed>
      </trkpt>
      <trkpt lat="29.211019" lon="119.664205">
        <ele>672.325927</ele>
        <time>2026-09-21T01:44:51Z</time>
        <speed>0.417371</speed>
      </trkpt>
      <trkpt lat="29.211014" lon="119.664237">
        <ele>672.696035</ele>
        <time>2026-09-21T01:44:55Z</time>
        <speed>1.14569</speed>
      </trkpt>
      <trkpt lat="29.211026" lon="119.664277">
        <ele>674.855809</ele>
        <time>2026-09-21T01:45:01Z</time>
        <speed>0.712865</speed>
      </trkpt>
      <trkpt lat="29.211047" lon="119.664316">
        <ele>675.63494</ele>
        <time>2026-09-21T01:45:03Z</time>
        <speed>0.749427</speed>
      </trkpt>
      <trkpt lat="29.211071" lon="119.664282">
        <ele>677.117844</ele>
        <time>2026-09-21T01:45:11Z</time>
        <speed>1.054418</speed>
      </trkpt>
      <trkpt lat="29.211101" lon="119.664225">
        <ele>676.41905</ele>
        <time>2026-09-21T01:45:13Z</time>
        <speed>0.707081</speed>
      </trkpt>
      <trkpt lat="29.211122" lon="119.664195">
        <ele>676.398917</ele>
        <time>2026-09-21T01:45:21Z</time>
        <speed>0.38655</speed>
      </trkpt>
      <trkpt lat="29.211142" lon="119.66417">
        <ele>676.744329</ele>
        <time>2026-09-21T01:45:25Z</time>
        <speed>0.92246</speed>
      </trkpt>
      <trkpt lat="29.211169" lon="119.66414">
        <ele>677.41456</ele>
        <time>2026-09-21T01:45:31Z</time>
        <speed>1.279932</speed>
      </trkpt>
      <trkpt lat="29.211191" lon="119.664115">
        <ele>676.245087</ele>
        <time>2026-09-21T01:45:33Z</time>
        <speed>1.006259</speed>
      </trkpt>
      <trkpt lat="29.211225" lon="119.664075">
        <ele>677.549405</ele>
        <time>2026-09-21T01:45:37Z</time>
        <speed>1.030736</speed>
      </trkpt>
      <trkpt lat="29.211248" lon="119.664052">
        <ele>677.298365</ele>
        <time>2026-09-21T01:45:39Z</time>
        <speed>1.240696</speed>
      </trkpt>
      <trkpt lat="29.211285" lon="119.664025">
        <ele>678.201285</ele>
        <time>2026-09-21T01:45:44Z</time>
        <speed>0.594855</speed>
      </trkpt>
      <trkpt lat="29.211277" lon="119.664066">
        <ele>683.385436</ele>
        <time>2026-09-21T01:45:53Z</time>
        <speed>1.296555</speed>
      </trkpt>
      <trkpt lat="29.21125" lon="119.664109">
        <ele>684.365887</ele>
        <time>2026-09-21T01:45:57Z</time>
        <speed>1.045385</speed>
      </trkpt>
      <trkpt lat="29.211214" lon="119.664147">
        <ele>684.100271</ele>
        <time>2026-09-21T01:46:01Z</time>
        <speed>1.416617</speed>
      </trkpt>
      <trkpt lat="29.211177" lon="119.664186">
        <ele>684.429503</ele>
        <time>2026-09-21T01:46:05Z</time>
        <speed>1.29344</speed>
      </trkpt>
      <trkpt lat="29.211149" lon="119.664235">
        <ele>683.618224</ele>
        <time>2026-09-21T01:46:09Z</time>
        <speed>0.974012</speed>
      </trkpt>
      <trkpt lat="29.211146" lon="119.664272">
        <ele>684.101674</ele>
        <time>2026-09-21T01:46:16Z</time>
        <speed>0.919939</speed>
      </trkpt>
      <trkpt lat="29.211144" lon="119.664331">
        <ele>685.382144</ele>
        <time>2026-09-21T01:46:20Z</time>
        <speed>0.753854</speed>
      </trkpt>
      <trkpt lat="29.211146" lon="119.664387">
        <ele>684.812199</ele>
        <time>2026-09-21T01:46:24Z</time>
        <speed>1.037699</speed>
      </trkpt>
      <trkpt lat="29.211148" lon="119.664421">
        <ele>684.893125</ele>
        <time>2026-09-21T01:46:26Z</time>
        <speed>0.946461</speed>
      </trkpt>
      <trkpt lat="29.211142" lon="119.664454">
        <ele>686.687018</ele>
        <time>2026-09-21T01:46:33Z</time>
        <speed>0.563676</speed>
      </trkpt>
      <trkpt lat="29.211136" lon="119.664489">
        <ele>686.397114</ele>
        <time>2026-09-21T01:46:37Z</time>
        <speed>0.0</speed>
      </trkpt>
      <trkpt lat="29.211131" lon="119.664528">
        <ele>685.94706</ele>
        <time>2026-09-21T01:46:47Z</time>
        <speed>1.070338</speed>
      </trkpt>
      <trkpt lat="29.21112" lon="119.664596">
        <ele>687.178174</ele>
        <time>2026-09-21T01:46:51Z</time>
        <speed>1.076103</speed>
      </trkpt>
      <trkpt lat="29.211118" lon="119.664634">
        <ele>686.61231</ele>
        <time>2026-09-21T01:46:53Z</time>
        <speed>1.01854</speed>
      </trkpt>
      <trkpt lat="29.211121" lon="119.664669">
        <ele>685.621543</ele>
        <time>2026-09-21T01:46:55Z</time>
        <speed>1.140855</speed>
      </trkpt>
      <trkpt lat="29.21115" lon="119.664751">
        <ele>686.08828</ele>
        <time>2026-09-21T01:47:02Z</time>
        <speed>1.126988</speed>
      </trkpt>
      <trkpt lat="29.211178" lon="119.664742">
        <ele>685.757377</ele>
        <time>2026-09-21T01:47:05Z</time>
        <speed>1.166989</speed>
      </trkpt>
      <trkpt lat="29.211204" lon="119.6647">
        <ele>685.40225</ele>
        <time>2026-09-21T01:47:10Z</time>
        <speed>1.334237</speed>
      </trkpt>
      <trkpt lat="29.211213" lon="119.664662">
        <ele>685.752443</ele>
        <time>2026-09-21T01:47:13Z</time>
        <speed>1.115807</speed>
      </trkpt>
      <trkpt lat="29.211219" lon="119.664631">
        <ele>685.501461</ele>
        <time>2026-09-21T01:47:15Z</time>
        <speed>1.073397</speed>
      </trkpt>
      <trkpt lat="29.211234" lon="119.664579">
        <ele>685.866718</ele>
        <time>2026-09-21T01:47:19Z</time>
        <speed>1.211834</speed>
      </trkpt>
      <trkpt lat="29.211255" lon="119.664529">
        <ele>687.245951</ele>
        <time>2026-09-21T01:47:24Z</time>
        <speed>1.219721</speed>
      </trkpt>
      <trkpt lat="29.211284" lon="119.664462">
        <ele>688.098733</ele>
        <time>2026-09-21T01:47:30Z</time>
        <speed>1.069208</speed>
      </trkpt>
      <trkpt lat="29.211297" lon="119.66443">
        <ele>688.747016</ele>
        <time>2026-09-21T01:47:32Z</time>
        <speed>0.966287</speed>
      </trkpt>
      <trkpt lat="29.211309" lon="119.664394">
        <ele>690.549727</ele>
        <time>2026-09-21T01:47:39Z</time>
        <speed>1.157094</speed>
      </trkpt>
      <trkpt lat="29.211327" lon="119.664346">
        <ele>689.993163</ele>
        <time>2026-09-21T01:47:43Z</time>
        <speed>0.418593</speed>
      </trkpt>
      <trkpt lat="29.211351" lon="119.664318">
        <ele>690.704536</ele>
        <time>2026-09-21T01:47:47Z</time>
        <speed>0.406379</speed>
      </trkpt>
      <trkpt lat="29.211372" lon="119.664289">
        <ele>692.922834</ele>
        <time>2026-09-21T01:47:55Z</time>
        <speed>0.641362</speed>
      </trkpt>
      <trkpt lat="29.211392" lon="119.664261">
        <ele>693.888102</ele>
        <time>2026-09-21T01:47:57Z</time>
        <speed>0.055703</speed>
      </trkpt>
      <trkpt lat="29.211397" lon="119.66423">
        <ele>699.507286</ele>
        <time>2026-09-21T01:50:32Z</time>
        <speed>1.007517</speed>
      </trkpt>
      <trkpt lat="29.211435" lon="119.664192">
        <ele>696.236687</ele>
        <time>2026-09-21T01:52:07Z</time>
        <speed>0.581181</speed>
      </trkpt>
      <trkpt lat="29.21146" lon="119.664171">
        <ele>696.240286</ele>
        <time>2026-09-21T01:52:11Z</time>
        <speed>0.533784</speed>
      </trkpt>
      <trkpt lat="29.21148" lon="119.664146">
        <ele>696.496151</ele>
        <time>2026-09-21T01:52:19Z</time>
        <speed>0.829906</speed>
      </trkpt>
      <trkpt lat="29.211509" lon="119.664108">
        <ele>695.358644</ele>
        <time>2026-09-21T01:52:21Z</time>
        <speed>0.932833</speed>
      </trkpt>
      <trkpt lat="29.211534" lon="119.664071">
        <ele>698.277999</ele>
        <time>2026-09-21T01:52:29Z</time>
        <speed>0.642705</speed>
      </trkpt>
      <trkpt lat="29.21156" lon="119.664028">
        <ele>699.899347</ele>
        <time>2026-09-21T01:52:31Z</time>
        <speed>0.658735</speed>
      </trkpt>
      <trkpt lat="29.211563" lon="119.663981">
        <ele>700.682862</ele>
        <time>2026-09-21T01:52:39Z</time>
        <speed>0.65493</speed>
      </trkpt>
      <trkpt lat="29.211563" lon="119.663927">
        <ele>700.756729</ele>
        <time>2026-09-21T01:52:41Z</time>
        <speed>0.536005</speed>
      </trkpt>
      <trkpt lat="29.211558" lon="119.663887">
        <ele>703.07753</ele>
        <time>2026-09-21T01:52:49Z</time>
        <speed>0.668778</speed>
      </trkpt>
      <trkpt lat="29.211551" lon="119.663836">
        <ele>703.105214</ele>
        <time>2026-09-21T01:52:51Z</time>
        <speed>0.683994</speed>
      </trkpt>
      <trkpt lat="29.211535" lon="119.663799">
        <ele>705.369947</ele>
        <time>2026-09-21T01:52:59Z</time>
        <speed>0.855688</speed>
      </trkpt>
      <trkpt lat="29.211514" lon="119.663759">
        <ele>705.758377</ele>
        <time>2026-09-21T01:53:01Z</time>
        <speed>0.657579</speed>
      </trkpt>
      <trkpt lat="29.211506" lon="119.663725">
        <ele>703.864323</ele>
        <time>2026-09-21T01:53:09Z</time>
        <speed>0.587204</speed>
      </trkpt>
      <trkpt lat="29.2115" lon="119.663685">
        <ele>704.590967</ele>
        <time>2026-09-21T01:53:11Z</time>
        <speed>0.469631</speed>
      </trkpt>
      <trkpt lat="29.211479" lon="119.663653">
        <ele>705.85389</ele>
        <time>2026-09-21T01:53:19Z</time>
        <speed>0.888642</speed>
      </trkpt>
      <trkpt lat="29.211451" lon="119.663616">
        <ele>706.102785</ele>
        <time>2026-09-21T01:53:21Z</time>
        <speed>0.514027</speed>
      </trkpt>
      <trkpt lat="29.21143" lon="119.663586">
        <ele>707.2415</ele>
        <time>2026-09-21T01:53:29Z</time>
        <speed>0.630154</speed>
      </trkpt>
      <trkpt lat="29.211384" lon="119.663533">
        <ele>707.253412</ele>
        <time>2026-09-21T01:53:33Z</time>
        <speed>0.679606</speed>
      </trkpt>
      <trkpt lat="29.211354" lon="119.663488">
        <ele>705.74318</ele>
        <time>2026-09-21T01:53:41Z</time>
        <speed>0.484458</speed>
      </trkpt>
      <trkpt lat="29.211336" lon="119.663461">
        <ele>705.551312</ele>
        <time>2026-09-21T01:53:43Z</time>
        <speed>0.964733</speed>
      </trkpt>
      <trkpt lat="29.211319" lon="119.663435">
        <ele>706.971244</ele>
        <time>2026-09-21T01:53:45Z</time>
        <speed>0.677811</speed>
      </trkpt>
      <trkpt lat="29.211302" lon="119.663409">
        <ele>707.26475</ele>
        <time>2026-09-21T01:53:47Z</time>
        <speed>0.675518</speed>
      </trkpt>
      <trkpt lat="29.21129" lon="119.663372">
        <ele>708.762985</ele>
        <time>2026-09-21T01:53:55Z</time>
        <speed>0.628876</speed>
      </trkpt>
      <trkpt lat="29.211273" lon="119.663319">
        <ele>709.807554</ele>
        <time>2026-09-21T01:53:57Z</time>
        <speed>0.884162</speed>
      </trkpt>
      <trkpt lat="29.211256" lon="119.663283">
        <ele>711.819917</ele>
        <time>2026-09-21T01:54:05Z</time>
        <speed>0.896517</speed>
      </trkpt>
      <trkpt lat="29.211234" lon="119.663238">
        <ele>712.016802</ele>
        <time>2026-09-21T01:54:07Z</time>
        <speed>0.755438</speed>
      </trkpt>
      <trkpt lat="29.21123" lon="119.663187">
        <ele>711.97923</ele>
        <time>2026-09-21T01:54:16Z</time>
        <speed>0.64185</speed>
      </trkpt>
      <trkpt lat="29.211229" lon="119.663136">
        <ele>711.493506</ele>
        <time>2026-09-21T01:54:18Z</time>
        <speed>0.603608</speed>
      </trkpt>
      <trkpt lat="29.211215" lon="119.663083">
        <ele>710.807725</ele>
        <time>2026-09-21T01:54:26Z</time>
        <speed>0.978695</speed>
      </trkpt>
      <trkpt lat="29.211205" lon="119.663044">
        <ele>712.022854</ele>
        <time>2026-09-21T01:54:28Z</time>
        <speed>1.05316</speed>
      </trkpt>
      <trkpt lat="29.21119" lon="119.662996">
        <ele>712.485968</ele>
        <time>2026-09-21T01:54:31Z</time>
        <speed>1.101179</speed>
      </trkpt>
      <trkpt lat="29.211175" lon="119.662965">
        <ele>712.689321</ele>
        <time>2026-09-21T01:54:33Z</time>
        <speed>1.00326</speed>
      </trkpt>
      <trkpt lat="29.211161" lon="119.662936">
        <ele>713.542201</ele>
        <time>2026-09-21T01:54:38Z</time>
        <speed>0.979345</speed>
      </trkpt>
      <trkpt lat="29.211142" lon="119.66289">
        <ele>713.275253</ele>
        <time>2026-09-21T01:54:43Z</time>
        <speed>0.799672</speed>
      </trkpt>
      <trkpt lat="29.211128" lon="119.662861">
        <ele>713.691428</ele>
        <time>2026-09-21T01:54:45Z</time>
        <speed>0.66481</speed>
      </trkpt>
      <trkpt lat="29.211113" lon="119.662832">
        <ele>714.49128</ele>
        <time>2026-09-21T01:54:47Z</time>
        <speed>1.052702</speed>
      </trkpt>
      <trkpt lat="29.211097" lon="119.662802">
        <ele>714.426993</ele>
        <time>2026-09-21T01:54:49Z</time>
        <speed>0.994937</speed>
      </trkpt>
      <trkpt lat="29.211082" lon="119.662769">
        <ele>716.521864</ele>
        <time>2026-09-21T01:54:57Z</time>
        <speed>0.376601</speed>
      </trkpt>
      <trkpt lat="29.211072" lon="119.66274">
        <ele>717.157316</ele>
        <time>2026-09-21T01:54:59Z</time>
        <speed>1.033046</speed>
      </trkpt>
      <trkpt lat="29.211066" lon="119.662709">
        <ele>717.167103</ele>
        <time>2026-09-21T01:55:01Z</time>
        <speed>1.043899</speed>
      </trkpt>
      <trkpt lat="29.211059" lon="119.662668">
        <ele>715.879903</ele>
        <time>2026-09-21T01:55:03Z</time>
        <speed>0.896932</speed>
      </trkpt>
      <trkpt lat="29.211047" lon="119.662611">
        <ele>715.065579</ele>
        <time>2026-09-21T01:55:11Z</time>
        <speed>0.842671</speed>
      </trkpt>
      <trkpt lat="29.211041" lon="119.662558">
        <ele>715.572446</ele>
        <time>2026-09-21T01:55:15Z</time>
        <speed>0.887019</speed>
      </trkpt>
      <trkpt lat="29.211037" lon="119.662516">
        <ele>714.382236</ele>
        <time>2026-09-21T01:55:23Z</time>
        <speed>0.724231</speed>
      </trkpt>
      <trkpt lat="29.211034" lon="119.662442">
        <ele>715.175126</ele>
        <time>2026-09-21T01:55:27Z</time>
        <speed>0.662813</speed>
      </trkpt>
      <trkpt lat="29.211038" lon="119.662398">
        <ele>714.811744</ele>
        <time>2026-09-21T01:55:35Z</time>
        <speed>0.642387</speed>
      </trkpt>
      <trkpt lat="29.211044" lon="119.662345">
        <ele>714.678876</ele>
        <time>2026-09-21T01:55:37Z</time>
        <speed>0.761783</speed>
      </trkpt>
      <trkpt lat="29.211066" lon="119.662321">
        <ele>715.56404</ele>
        <time>2026-09-21T01:55:45Z</time>
        <speed>0.772298</speed>
      </trkpt>
      <trkpt lat="29.211087" lon="119.662347">
        <ele>718.891296</ele>
        <time>2026-09-21T01:55:55Z</time>
        <speed>0.863384</speed>
      </trkpt>
      <trkpt lat="29.211084" lon="119.662383">
        <ele>718.767446</ele>
        <time>2026-09-21T01:55:57Z</time>
        <speed>1.084581</speed>
      </trkpt>
      <trkpt lat="29.211078" lon="119.662438">
        <ele>718.86789</ele>
        <time>2026-09-21T01:56:01Z</time>
        <speed>1.223115</speed>
      </trkpt>
      <trkpt lat="29.211077" lon="119.662471">
        <ele>720.015366</ele>
        <time>2026-09-21T01:56:03Z</time>
        <speed>1.010447</speed>
      </trkpt>
      <trkpt lat="29.211077" lon="119.662531">
        <ele>721.743678</ele>
        <time>2026-09-21T01:56:08Z</time>
        <speed>1.073812</speed>
      </trkpt>
      <trkpt lat="29.211086" lon="119.662588">
        <ele>723.067238</ele>
        <time>2026-09-21T01:56:12Z</time>
        <speed>1.174133</speed>
      </trkpt>
      <trkpt lat="29.211095" lon="119.662621">
        <ele>723.604117</ele>
        <time>2026-09-21T01:56:17Z</time>
        <speed>0.827016</speed>
      </trkpt>
      <trkpt lat="29.211111" lon="119.662665">
        <ele>721.478188</ele>
        <time>2026-09-21T01:56:22Z</time>
        <speed>0.901739</speed>
      </trkpt>
      <trkpt lat="29.211136" lon="119.662718">
        <ele>722.65999</ele>
        <time>2026-09-21T01:56:26Z</time>
        <speed>0.977969</speed>
      </trkpt>
      <trkpt lat="29.211152" lon="119.662747">
        <ele>722.506476</ele>
        <time>2026-09-21T01:56:30Z</time>
        <speed>0.701105</speed>
      </trkpt>
      <trkpt lat="29.211177" lon="119.66278">
        <ele>723.516373</ele>
        <time>2026-09-21T01:56:36Z</time>
        <speed>0.814081</speed>
      </trkpt>
      <trkpt lat="29.211213" lon="119.662826">
        <ele>723.508302</ele>
        <time>2026-09-21T01:56:38Z</time>
        <speed>0.89539</speed>
      </trkpt>
      <trkpt lat="29.211242" lon="119.662865">
        <ele>725.878794</ele>
        <time>2026-09-21T01:56:46Z</time>
        <speed>0.780382</speed>
      </trkpt>
      <trkpt lat="29.211273" lon="119.662909">
        <ele>727.467858</ele>
        <time>2026-09-21T01:56:48Z</time>
        <speed>0.829058</speed>
      </trkpt>
      <trkpt lat="29.211307" lon="119.662925">
        <ele>727.538969</ele>
        <time>2026-09-21T01:56:56Z</time>
        <speed>0.757447</speed>
      </trkpt>
      <trkpt lat="29.211346" lon="119.662932">
        <ele>726.482567</ele>
        <time>2026-09-21T01:56:58Z</time>
        <speed>0.735722</speed>
      </trkpt>
      <trkpt lat="29.211334" lon="119.662894">
        <ele>727.740746</ele>
        <time>2026-09-21T01:57:06Z</time>
        <speed>1.093399</speed>
      </trkpt>
      <trkpt lat="29.211308" lon="119.662836">
        <ele>728.03293</ele>
        <time>2026-09-21T01:57:08Z</time>
        <speed>0.970543</speed>
      </trkpt>
      <trkpt lat="29.211286" lon="119.66279">
        <ele>726.536351</ele>
        <time>2026-09-21T01:57:16Z</time>
        <speed>0.662016</speed>
      </trkpt>
      <trkpt lat="29.211261" lon="119.662739">
        <ele>726.181776</ele>
        <time>2026-09-21T01:57:18Z</time>
        <speed>0.914776</speed>
      </trkpt>
      <trkpt lat="29.211243" lon="119.662691">
        <ele>728.474492</ele>
        <time>2026-09-21T01:57:26Z</time>
        <speed>0.877087</speed>
      </trkpt>
      <trkpt lat="29.211223" lon="119.662634">
        <ele>729.224227</ele>
        <time>2026-09-21T01:57:28Z</time>
        <speed>0.960606</speed>
      </trkpt>
      <trkpt lat="29.211213" lon="119.662577">
        <ele>729.37191</ele>
        <time>2026-09-21T01:57:36Z</time>
        <speed>1.024171</speed>
      </trkpt>
      <trkpt lat="29.211212" lon="119.662544">
        <ele>729.190581</ele>
        <time>2026-09-21T01:57:38Z</time>
        <speed>1.064344</speed>
      </trkpt>
      <trkpt lat="29.211213" lon="119.662509">
        <ele>729.152161</ele>
        <time>2026-09-21T01:57:40Z</time>
        <speed>1.108509</speed>
      </trkpt>
      <trkpt lat="29.211214" lon="119.662476">
        <ele>729.992183</ele>
        <time>2026-09-21T01:57:42Z</time>
        <speed>1.007199</speed>
      </trkpt>
      <trkpt lat="29.211216" lon="119.662443">
        <ele>729.914299</ele>
        <time>2026-09-21T01:57:44Z</time>
        <speed>0.869628</speed>
      </trkpt>
      <trkpt lat="29.211221" lon="119.662398">
        <ele>730.003186</ele>
        <time>2026-09-21T01:57:52Z</time>
        <speed>0.798743</speed>
      </trkpt>
      <trkpt lat="29.211228" lon="119.662348">
        <ele>730.600718</ele>
        <time>2026-09-21T01:57:56Z</time>
        <speed>0.611244</speed>
      </trkpt>
      <trkpt lat="29.211232" lon="119.662316">
        <ele>731.171557</ele>
        <time>2026-09-21T01:57:58Z</time>
        <speed>0.769476</speed>
      </trkpt>
      <trkpt lat="29.211243" lon="119.662281">
        <ele>733.077778</ele>
        <time>2026-09-21T01:58:06Z</time>
        <speed>0.702054</speed>
      </trkpt>
      <trkpt lat="29.21126" lon="119.662227">
        <ele>733.325555</ele>
        <time>2026-09-21T01:58:08Z</time>
        <speed>0.727412</speed>
      </trkpt>
      <trkpt lat="29.21127" lon="119.662177">
        <ele>734.75005</ele>
        <time>2026-09-21T01:58:16Z</time>
        <speed>0.790997</speed>
      </trkpt>
      <trkpt lat="29.211283" lon="119.66212">
        <ele>735.077373</ele>
        <time>2026-09-21T01:58:18Z</time>
        <speed>0.529856</speed>
      </trkpt>
      <trkpt lat="29.211289" lon="119.662089">
        <ele>734.524914</ele>
        <time>2026-09-21T01:58:26Z</time>
        <speed>0.447532</speed>
      </trkpt>
      <trkpt lat="29.211293" lon="119.662055">
        <ele>734.749639</ele>
        <time>2026-09-21T01:58:28Z</time>
        <speed>0.367069</speed>
      </trkpt>
      <trkpt lat="29.211309" lon="119.66199">
        <ele>736.700606</ele>
        <time>2026-09-21T01:58:38Z</time>
        <speed>0.564371</speed>
      </trkpt>
      <trkpt lat="29.211311" lon="119.662033">
        <ele>741.400551</ele>
        <time>2026-09-21T01:58:48Z</time>
        <speed>0.585374</speed>
      </trkpt>
      <trkpt lat="29.211307" lon="119.662071">
        <ele>740.944281</ele>
        <time>2026-09-21T01:58:56Z</time>
        <speed>0.81936</speed>
      </trkpt>
      <trkpt lat="29.2113" lon="119.662117">
        <ele>740.668174</ele>
        <time>2026-09-21T01:58:58Z</time>
        <speed>0.944717</speed>
      </trkpt>
      <trkpt lat="29.211297" lon="119.662172">
        <ele>741.246498</ele>
        <time>2026-09-21T01:59:06Z</time>
        <speed>0.905996</speed>
      </trkpt>
      <trkpt lat="29.211293" lon="119.662242">
        <ele>741.638496</ele>
        <time>2026-09-21T01:59:08Z</time>
        <speed>0.956609</speed>
      </trkpt>
      <trkpt lat="29.21129" lon="119.662292">
        <ele>740.992476</ele>
        <time>2026-09-21T01:59:16Z</time>
        <speed>0.966702</speed>
      </trkpt>
      <trkpt lat="29.211284" lon="119.662354">
        <ele>741.39475</ele>
        <time>2026-09-21T01:59:18Z</time>
        <speed>0.941456</speed>
      </trkpt>
      <trkpt lat="29.211285" lon="119.662418">
        <ele>742.982577</ele>
        <time>2026-09-21T01:59:26Z</time>
        <speed>1.507013</speed>
      </trkpt>
      <trkpt lat="29.21129" lon="119.662494">
        <ele>743.32869</ele>
        <time>2026-09-21T01:59:28Z</time>
        <speed>0.8935</speed>
      </trkpt>
      <trkpt lat="29.211314" lon="119.662549">
        <ele>741.723641</ele>
        <time>2026-09-21T01:59:36Z</time>
        <speed>0.991184</speed>
      </trkpt>
      <trkpt lat="29.211343" lon="119.662609">
        <ele>742.227301</ele>
        <time>2026-09-21T01:59:38Z</time>
        <speed>0.892124</speed>
      </trkpt>
      <trkpt lat="29.211367" lon="119.662654">
        <ele>744.523375</ele>
        <time>2026-09-21T01:59:46Z</time>
        <speed>0.607239</speed>
      </trkpt>
      <trkpt lat="29.21139" lon="119.662697">
        <ele>744.598853</ele>
        <time>2026-09-21T01:59:48Z</time>
        <speed>0.240735</speed>
      </trkpt>
      <trkpt lat="29.211413" lon="119.662719">
        <ele>745.308475</ele>
        <time>2026-09-21T01:59:56Z</time>
        <speed>0.254937</speed>
      </trkpt>
      <trkpt lat="29.211438" lon="119.662738">
        <ele>745.423743</ele>
        <time>2026-09-21T01:59:58Z</time>
        <speed>0.312384</speed>
      </trkpt>
      <trkpt lat="29.21146" lon="119.662757">
        <ele>745.537703</ele>
        <time>2026-09-21T02:00:06Z</time>
        <speed>0.654407</speed>
      </trkpt>
      <trkpt lat="29.211489" lon="119.662782">
        <ele>746.104229</ele>
        <time>2026-09-21T02:00:08Z</time>
        <speed>0.710606</speed>
      </trkpt>
      <trkpt lat="29.211512" lon="119.662808">
        <ele>747.711016</ele>
        <time>2026-09-21T02:00:16Z</time>
        <speed>0.799716</speed>
      </trkpt>
      <trkpt lat="29.211553" lon="119.662854">
        <ele>749.237579</ele>
        <time>2026-09-21T02:00:20Z</time>
        <speed>0.575003</speed>
      </trkpt>
      <trkpt lat="29.211567" lon="119.662894">
        <ele>750.917611</ele>
        <time>2026-09-21T02:00:28Z</time>
        <speed>0.830088</speed>
      </trkpt>
      <trkpt lat="29.211577" lon="119.662943">
        <ele>750.655262</ele>
        <time>2026-09-21T02:00:32Z</time>
        <speed>0.940577</speed>
      </trkpt>
      <trkpt lat="29.211583" lon="119.662975">
        <ele>750.296255</ele>
        <time>2026-09-21T02:00:36Z</time>
        <speed>0.88201</speed>
      </trkpt>
      <trkpt lat="29.211592" lon="119.663006">
        <ele>750.340648</ele>
        <time>2026-09-21T02:00:42Z</time>
        <speed>0.625496</speed>
      </trkpt>
      <trkpt lat="29.211607" lon="119.663052">
        <ele>750.492545</ele>
        <time>2026-09-21T02:00:44Z</time>
        <speed>0.874105</speed>
      </trkpt>
      <trkpt lat="29.21163" lon="119.663085">
        <ele>748.945257</ele>
        <time>2026-09-21T02:00:52Z</time>
        <speed>0.635247</speed>
      </trkpt>
      <trkpt lat="29.211665" lon="119.663127">
        <ele>750.381048</ele>
        <time>2026-09-21T02:00:54Z</time>
        <speed>0.898312</speed>
      </trkpt>
      <trkpt lat="29.211691" lon="119.663169">
        <ele>750.989749</ele>
        <time>2026-09-21T02:01:02Z</time>
        <speed>0.829588</speed>
      </trkpt>
      <trkpt lat="29.21172" lon="119.663218">
        <ele>751.614361</ele>
        <time>2026-09-21T02:01:04Z</time>
        <speed>0.891538</speed>
      </trkpt>
      <trkpt lat="29.211748" lon="119.66325">
        <ele>752.263101</ele>
        <time>2026-09-21T02:01:12Z</time>
        <speed>0.568205</speed>
      </trkpt>
      <trkpt lat="29.211778" lon="119.66328">
        <ele>751.729636</ele>
        <time>2026-09-21T02:01:14Z</time>
        <speed>0.601679</speed>
      </trkpt>
      <trkpt lat="29.211802" lon="119.663307">
        <ele>753.434434</ele>
        <time>2026-09-21T02:01:22Z</time>
        <speed>0.812229</speed>
      </trkpt>
      <trkpt lat="29.211833" lon="119.663342">
        <ele>753.921097</ele>
        <time>2026-09-21T02:01:24Z</time>
        <speed>0.986556</speed>
      </trkpt>
      <trkpt lat="29.211853" lon="119.66337">
        <ele>755.101789</ele>
        <time>2026-09-21T02:01:32Z</time>
        <speed>0.861486</speed>
      </trkpt>
      <trkpt lat="29.211875" lon="119.663402">
        <ele>755.521867</ele>
        <time>2026-09-21T02:01:34Z</time>
        <speed>0.627915</speed>
      </trkpt>
      <trkpt lat="29.211899" lon="119.663426">
        <ele>754.149264</ele>
        <time>2026-09-21T02:01:42Z</time>
        <speed>0.806401</speed>
      </trkpt>
      <trkpt lat="29.211927" lon="119.663453">
        <ele>754.508184</ele>
        <time>2026-09-21T02:01:44Z</time>
        <speed>0.382061</speed>
      </trkpt>
      <trkpt lat="29.21196" lon="119.663489">
        <ele>755.641081</ele>
        <time>2026-09-21T02:01:52Z</time>
        <speed>0.836977</speed>
      </trkpt>
      <trkpt lat="29.211992" lon="119.663525">
        <ele>755.033296</ele>
        <time>2026-09-21T02:01:54Z</time>
        <speed>0.227822</speed>
      </trkpt>
      <trkpt lat="29.21203" lon="119.663527">
        <ele>755.344137</ele>
        <time>2026-09-21T02:02:02Z</time>
        <speed>1.148276</speed>
      </trkpt>
      <trkpt lat="29.212056" lon="119.663486">
        <ele>755.007219</ele>
        <time>2026-09-21T02:02:04Z</time>
        <speed>0.935824</speed>
      </trkpt>
      <trkpt lat="29.212038" lon="119.663447">
        <ele>757.68036</ele>
        <time>2026-09-21T02:02:12Z</time>
        <speed>0.980926</speed>
      </trkpt>
      <trkpt lat="29.212003" lon="119.663396">
        <ele>757.338347</ele>
        <time>2026-09-21T02:02:14Z</time>
        <speed>0.79196</speed>
      </trkpt>
      <trkpt lat="29.211968" lon="119.663348">
        <ele>759.111967</ele>
        <time>2026-09-21T02:02:22Z</time>
        <speed>1.052817</speed>
      </trkpt>
      <trkpt lat="29.211947" lon="119.663319">
        <ele>759.089474</ele>
        <time>2026-09-21T02:02:24Z</time>
        <speed>1.000994</speed>
      </trkpt>
      <trkpt lat="29.211919" lon="119.663282">
        <ele>759.310106</ele>
        <time>2026-09-21T02:02:26Z</time>
        <speed>0.880555</speed>
      </trkpt>
      <trkpt lat="29.2119" lon="119.663246">
        <ele>759.165574</ele>
        <time>2026-09-21T02:02:34Z</time>
        <speed>0.86688</speed>
      </trkpt>
      <trkpt lat="29.211877" lon="119.663207">
        <ele>759.916112</ele>
        <time>2026-09-21T02:02:38Z</time>
        <speed>0.910863</speed>
      </trkpt>
      <trkpt lat="29.211852" lon="119.66316">
        <ele>759.139273</ele>
        <time>2026-09-21T02:02:42Z</time>
        <speed>1.066399</speed>
      </trkpt>
      <trkpt lat="29.211823" lon="119.663107">
        <ele>759.992239</ele>
        <time>2026-09-21T02:02:47Z</time>
        <speed>1.011376</speed>
      </trkpt>
      <trkpt lat="29.211808" lon="119.663077">
        <ele>761.040749</ele>
        <time>2026-09-21T02:02:49Z</time>
        <speed>0.8031</speed>
      </trkpt>
      <trkpt lat="29.211789" lon="119.663039">
        <ele>759.170363</ele>
        <time>2026-09-21T02:02:56Z</time>
        <speed>0.910097</speed>
      </trkpt>
      <trkpt lat="29.21177" lon="119.662983">
        <ele>759.281218</ele>
        <time>2026-09-21T02:03:00Z</time>
        <speed>0.970181</speed>
      </trkpt>
      <trkpt lat="29.211765" lon="119.662925">
        <ele>757.218929</ele>
        <time>2026-09-21T02:03:04Z</time>
        <speed>0.967519</speed>
      </trkpt>
      <trkpt lat="29.211751" lon="119.66289">
        <ele>758.831146</ele>
        <time>2026-09-21T02:03:12Z</time>
        <speed>0.497891</speed>
      </trkpt>
      <trkpt lat="29.211734" lon="119.662848">
        <ele>760.402346</ele>
        <time>2026-09-21T02:03:14Z</time>
        <speed>0.589847</speed>
      </trkpt>
      <trkpt lat="29.211723" lon="119.662801">
        <ele>761.509077</ele>
        <time>2026-09-21T02:03:22Z</time>
        <speed>1.097186</speed>
      </trkpt>
      <trkpt lat="29.211714" lon="119.662764">
        <ele>761.085009</ele>
        <time>2026-09-21T02:03:24Z</time>
        <speed>1.106026</speed>
      </trkpt>
      <trkpt lat="29.211704" lon="119.662729">
        <ele>761.882252</ele>
        <time>2026-09-21T02:03:26Z</time>
        <speed>1.097931</speed>
      </trkpt>
      <trkpt lat="29.211693" lon="119.662696">
        <ele>761.258657</ele>
        <time>2026-09-21T02:03:28Z</time>
        <speed>1.062676</speed>
      </trkpt>
      <trkpt lat="29.211681" lon="119.662667">
        <ele>760.899519</ele>
        <time>2026-09-21T02:03:30Z</time>
        <speed>1.094039</speed>
      </trkpt>
      <trkpt lat="29.211656" lon="119.662617">
        <ele>761.35726</ele>
        <time>2026-09-21T02:03:34Z</time>
        <speed>1.144204</speed>
      </trkpt>
      <trkpt lat="29.21164" lon="119.662584">
        <ele>762.407786</ele>
        <time>2026-09-21T02:03:41Z</time>
        <speed>1.033565</speed>
      </trkpt>
      <trkpt lat="29.21162" lon="119.662531">
        <ele>762.687</ele>
        <time>2026-09-21T02:03:45Z</time>
        <speed>0.949378</speed>
      </trkpt>
      <trkpt lat="29.211604" lon="119.66248">
        <ele>762.196189</ele>
        <time>2026-09-21T02:03:49Z</time>
        <speed>0.804264</speed>
      </trkpt>
      <trkpt lat="29.211605" lon="119.662417">
        <ele>762.387424</ele>
        <time>2026-09-21T02:03:55Z</time>
        <speed>1.127381</speed>
      </trkpt>
      <trkpt lat="29.211617" lon="119.662375">
        <ele>761.879579</ele>
        <time>2026-09-21T02:03:59Z</time>
        <speed>0.62906</speed>
      </trkpt>
      <trkpt lat="29.21162" lon="119.662341">
        <ele>762.560107</ele>
        <time>2026-09-21T02:04:06Z</time>
        <speed>1.146106</speed>
      </trkpt>
      <trkpt lat="29.211622" lon="119.66229">
        <ele>763.632378</ele>
        <time>2026-09-21T02:04:10Z</time>
        <speed>0.569897</speed>
      </trkpt>
      <trkpt lat="29.211634" lon="119.662248">
        <ele>765.259441</ele>
        <time>2026-09-21T02:04:14Z</time>
        <speed>0.890653</speed>
      </trkpt>
      <trkpt lat="29.211642" lon="119.662215">
        <ele>764.277548</ele>
        <time>2026-09-21T02:04:22Z</time>
        <speed>0.796744</speed>
      </trkpt>
      <trkpt lat="29.211652" lon="119.662173">
        <ele>764.918224</ele>
        <time>2026-09-21T02:04:24Z</time>
        <speed>0.691243</speed>
      </trkpt>
      <trkpt lat="29.211665" lon="119.662116">
        <ele>766.33248</ele>
        <time>2026-09-21T02:04:34Z</time>
        <speed>0.55833</speed>
      </trkpt>
      <trkpt lat="29.211674" lon="119.662083">
        <ele>767.811366</ele>
        <time>2026-09-21T02:04:42Z</time>
        <speed>1.094015</speed>
      </trkpt>
      <trkpt lat="29.211687" lon="119.662036">
        <ele>768.461043</ele>
        <time>2026-09-21T02:04:44Z</time>
        <speed>0.74309</speed>
      </trkpt>
      <trkpt lat="29.211704" lon="119.662005">
        <ele>772.09261</ele>
        <time>2026-09-21T02:04:52Z</time>
        <speed>0.666517</speed>
      </trkpt>
      <trkpt lat="29.211724" lon="119.66197">
        <ele>772.394982</ele>
        <time>2026-09-21T02:04:54Z</time>
        <speed>0.51963</speed>
      </trkpt>
      <trkpt lat="29.211743" lon="119.661926">
        <ele>771.259236</ele>
        <time>2026-09-21T02:05:02Z</time>
        <speed>0.67208</speed>
      </trkpt>
      <trkpt lat="29.211765" lon="119.661875">
        <ele>770.928864</ele>
        <time>2026-09-21T02:05:04Z</time>
        <speed>0.532324</speed>
      </trkpt>
      <trkpt lat="29.211781" lon="119.661833">
        <ele>772.297812</ele>
        <time>2026-09-21T02:05:12Z</time>
        <speed>0.667532</speed>
      </trkpt>
      <trkpt lat="29.211796" lon="119.661788">
        <ele>771.772724</ele>
        <time>2026-09-21T02:05:14Z</time>
        <speed>0.705573</speed>
      </trkpt>
      <trkpt lat="29.211811" lon="119.661747">
        <ele>773.921141</ele>
        <time>2026-09-21T02:05:22Z</time>
        <speed>0.733724</speed>
      </trkpt>
      <trkpt lat="29.211828" lon="119.661699">
        <ele>773.400628</ele>
        <time>2026-09-21T02:05:24Z</time>
        <speed>0.64912</speed>
      </trkpt>
      <trkpt lat="29.211879" lon="119.661718">
        <ele>776.461603</ele>
        <time>2026-09-21T02:05:34Z</time>
        <speed>0.88415</speed>
      </trkpt>
      <trkpt lat="29.211867" lon="119.661758">
        <ele>779.111127</ele>
        <time>2026-09-21T02:05:43Z</time>
        <speed>1.144594</speed>
      </trkpt>
      <trkpt lat="29.211847" lon="119.661808">
        <ele>780.130288</ele>
        <time>2026-09-21T02:05:45Z</time>
        <speed>0.954652</speed>
      </trkpt>
      <trkpt lat="29.211838" lon="119.661851">
        <ele>779.578847</ele>
        <time>2026-09-21T02:05:53Z</time>
        <speed>1.112914</speed>
      </trkpt>
      <trkpt lat="29.211828" lon="119.661897">
        <ele>779.071101</ele>
        <time>2026-09-21T02:05:55Z</time>
        <speed>0.756929</speed>
      </trkpt>
      <trkpt lat="29.211807" lon="119.661937">
        <ele>780.917224</ele>
        <time>2026-09-21T02:06:03Z</time>
        <speed>0.889274</speed>
      </trkpt>
      <trkpt lat="29.21179" lon="119.66197">
        <ele>781.572577</ele>
        <time>2026-09-21T02:06:05Z</time>
        <speed>1.115115</speed>
      </trkpt>
      <trkpt lat="29.21177" lon="119.662016">
        <ele>780.564138</ele>
        <time>2026-09-21T02:06:08Z</time>
        <speed>1.151511</speed>
      </trkpt>
      <trkpt lat="29.211758" lon="119.662052">
        <ele>780.330148</ele>
        <time>2026-09-21T02:06:10Z</time>
        <speed>1.048935</speed>
      </trkpt>
      <trkpt lat="29.211747" lon="119.662084">
        <ele>781.0428</ele>
        <time>2026-09-21T02:06:12Z</time>
        <speed>1.17583</speed>
      </trkpt>
      <trkpt lat="29.211738" lon="119.66215">
        <ele>781.750509</ele>
        <time>2026-09-21T02:06:17Z</time>
        <speed>1.136263</speed>
      </trkpt>
      <trkpt lat="29.211736" lon="119.662182">
        <ele>781.913537</ele>
        <time>2026-09-21T02:06:19Z</time>
        <speed>1.508081</speed>
      </trkpt>
      <trkpt lat="29.211739" lon="119.662239">
        <ele>783.063072</ele>
        <time>2026-09-21T02:06:23Z</time>
        <speed>1.08097</speed>
      </trkpt>
      <trkpt lat="29.211746" lon="119.662297">
        <ele>783.445876</ele>
        <time>2026-09-21T02:06:27Z</time>
        <speed>1.124038</speed>
      </trkpt>
      <trkpt lat="29.211755" lon="119.662357">
        <ele>783.484011</ele>
        <time>2026-09-21T02:06:31Z</time>
        <speed>1.317727</speed>
      </trkpt>
      <trkpt lat="29.211764" lon="119.662397">
        <ele>783.490346</ele>
        <time>2026-09-21T02:06:34Z</time>
        <speed>1.208858</speed>
      </trkpt>
      <trkpt lat="29.211784" lon="119.662455">
        <ele>784.538624</ele>
        <time>2026-09-21T02:06:38Z</time>
        <speed>1.416478</speed>
      </trkpt>
      <trkpt lat="29.211798" lon="119.662482">
        <ele>784.589498</ele>
        <time>2026-09-21T02:06:40Z</time>
        <speed>1.235408</speed>
      </trkpt>
      <trkpt lat="29.211827" lon="119.662531">
        <ele>786.201297</ele>
        <time>2026-09-21T02:06:45Z</time>
        <speed>1.101612</speed>
      </trkpt>
      <trkpt lat="29.21186" lon="119.662573">
        <ele>787.960828</ele>
        <time>2026-09-21T02:06:49Z</time>
        <speed>1.286611</speed>
      </trkpt>
      <trkpt lat="29.211889" lon="119.662606">
        <ele>789.389573</ele>
        <time>2026-09-21T02:06:53Z</time>
        <speed>0.607215</speed>
      </trkpt>
      <trkpt lat="29.211924" lon="119.662641">
        <ele>789.2703</ele>
        <time>2026-09-21T02:07:01Z</time>
        <speed>1.069053</speed>
      </trkpt>
      <trkpt lat="29.211944" lon="119.662665">
        <ele>788.92548</ele>
        <time>2026-09-21T02:07:03Z</time>
        <speed>1.14071</speed>
      </trkpt>
      <trkpt lat="29.211963" lon="119.662689">
        <ele>790.137919</ele>
        <time>2026-09-21T02:07:05Z</time>
        <speed>1.028603</speed>
      </trkpt>
      <trkpt lat="29.211981" lon="119.662716">
        <ele>789.747812</ele>
        <time>2026-09-21T02:07:07Z</time>
        <speed>1.409327</speed>
      </trkpt>
      <trkpt lat="29.212011" lon="119.662792">
        <ele>790.144232</ele>
        <time>2026-09-21T02:07:14Z</time>
        <speed>1.167449</speed>
      </trkpt>
      <trkpt lat="29.212021" lon="119.662842">
        <ele>791.204128</ele>
        <time>2026-09-21T02:07:18Z</time>
        <speed>1.060196</speed>
      </trkpt>
      <trkpt lat="29.212034" lon="119.662897">
        <ele>790.444942</ele>
        <time>2026-09-21T02:07:24Z</time>
        <speed>1.25615</speed>
      </trkpt>
      <trkpt lat="29.21206" lon="119.66294">
        <ele>791.071486</ele>
        <time>2026-09-21T02:07:28Z</time>
        <speed>0.881794</speed>
      </trkpt>
      <trkpt lat="29.212096" lon="119.662898">
        <ele>789.716941</ele>
        <time>2026-09-21T02:07:37Z</time>
        <speed>0.945895</speed>
      </trkpt>
      <trkpt lat="29.212109" lon="119.662869">
        <ele>790.250117</ele>
        <time>2026-09-21T02:07:39Z</time>
        <speed>0.981711</speed>
      </trkpt>
      <trkpt lat="29.212119" lon="119.662806">
        <ele>789.778926</ele>
        <time>2026-09-21T02:07:43Z</time>
        <speed>0.976244</speed>
      </trkpt>
      <trkpt lat="29.212119" lon="119.662769">
        <ele>791.108056</ele>
        <time>2026-09-21T02:07:51Z</time>
        <speed>0.845411</speed>
      </trkpt>
      <trkpt lat="29.212118" lon="119.662723">
        <ele>791.564348</ele>
        <time>2026-09-21T02:07:53Z</time>
        <speed>0.5927</speed>
      </trkpt>
      <trkpt lat="29.212102" lon="119.662679">
        <ele>793.390838</ele>
        <time>2026-09-21T02:08:01Z</time>
        <speed>0.544181</speed>
      </trkpt>
      <trkpt lat="29.212089" lon="119.662647">
        <ele>795.140562</ele>
        <time>2026-09-21T02:08:03Z</time>
        <speed>1.236503</speed>
      </trkpt>
      <trkpt lat="29.212072" lon="119.662605">
        <ele>795.23774</ele>
        <time>2026-09-21T02:08:05Z</time>
        <speed>0.826086</speed>
      </trkpt>
      <trkpt lat="29.212053" lon="119.662579">
        <ele>796.447959</ele>
        <time>2026-09-21T02:08:12Z</time>
        <speed>0.743078</speed>
      </trkpt>
      <trkpt lat="29.212026" lon="119.662536">
        <ele>797.422186</ele>
        <time>2026-09-21T02:08:16Z</time>
        <speed>0.875705</speed>
      </trkpt>
      <trkpt lat="29.212009" lon="119.66249">
        <ele>797.141951</ele>
        <time>2026-09-21T02:08:20Z</time>
        <speed>0.822163</speed>
      </trkpt>
      <trkpt lat="29.211998" lon="119.662448">
        <ele>798.609796</ele>
        <time>2026-09-21T02:08:28Z</time>
        <speed>1.237429</speed>
      </trkpt>
      <trkpt lat="29.211984" lon="119.662392">
        <ele>798.531385</ele>
        <time>2026-09-21T02:08:30Z</time>
        <speed>0.969279</speed>
      </trkpt>
      <trkpt lat="29.211986" lon="119.662352">
        <ele>796.182015</ele>
        <time>2026-09-21T02:08:38Z</time>
        <speed>0.921681</speed>
      </trkpt>
      <trkpt lat="29.212001" lon="119.662282">
        <ele>797.613104</ele>
        <time>2026-09-21T02:08:42Z</time>
        <speed>0.73973</speed>
      </trkpt>
      <trkpt lat="29.212012" lon="119.662247">
        <ele>797.777318</ele>
        <time>2026-09-21T02:08:49Z</time>
        <speed>1.204667</speed>
      </trkpt>
      <trkpt lat="29.212036" lon="119.662194">
        <ele>798.724034</ele>
        <time>2026-09-21T02:08:53Z</time>
        <speed>0.953083</speed>
      </trkpt>
      <trkpt lat="29.212065" lon="119.662159">
        <ele>798.75353</ele>
        <time>2026-09-21T02:08:57Z</time>
        <speed>1.056176</speed>
      </trkpt>
      <trkpt lat="29.212085" lon="119.662139">
        <ele>799.501608</ele>
        <time>2026-09-21T02:09:05Z</time>
        <speed>0.850748</speed>
      </trkpt>
      <trkpt lat="29.212109" lon="119.662104">
        <ele>800.098156</ele>
        <time>2026-09-21T02:09:09Z</time>
        <speed>1.159328</speed>
      </trkpt>
      <trkpt lat="29.21214" lon="119.662062">
        <ele>801.155178</ele>
        <time>2026-09-21T02:09:13Z</time>
        <speed>0.868879</speed>
      </trkpt>
      <trkpt lat="29.212185" lon="119.662022">
        <ele>803.210166</ele>
        <time>2026-09-21T02:09:23Z</time>
        <speed>0.557201</speed>
      </trkpt>
      <trkpt lat="29.212212" lon="119.661975">
        <ele>803.545784</ele>
        <time>2026-09-21T02:09:33Z</time>
        <speed>0.591153</speed>
      </trkpt>
      <trkpt lat="29.21223" lon="119.661943">
        <ele>806.140492</ele>
        <time>2026-09-21T02:09:41Z</time>
        <speed>0.283038</speed>
      </trkpt>
      <trkpt lat="29.212249" lon="119.661904">
        <ele>806.344291</ele>
        <time>2026-09-21T02:09:43Z</time>
        <speed>0.741446</speed>
      </trkpt>
      <trkpt lat="29.212262" lon="119.66187">
        <ele>805.795318</ele>
        <time>2026-09-21T02:09:55Z</time>
        <speed>0.852819</speed>
      </trkpt>
      <trkpt lat="29.212278" lon="119.661842">
        <ele>808.185945</ele>
        <time>2026-09-21T02:10:09Z</time>
        <speed>0.622922</speed>
      </trkpt>
      <trkpt lat="29.212296" lon="119.661793">
        <ele>809.549616</ele>
        <time>2026-09-21T02:10:17Z</time>
        <speed>0.84825</speed>
      </trkpt>
      <trkpt lat="29.212317" lon="119.661746">
        <ele>810.747897</ele>
        <time>2026-09-21T02:10:27Z</time>
        <speed>0.319908</speed>
      </trkpt>
      <trkpt lat="29.212321" lon="119.661699">
        <ele>810.341746</ele>
        <time>2026-09-21T02:10:35Z</time>
        <speed>0.964557</speed>
      </trkpt>
      <trkpt lat="29.212323" lon="119.661649">
        <ele>809.363364</ele>
        <time>2026-09-21T02:10:37Z</time>
        <speed>0.430935</speed>
      </trkpt>
      <trkpt lat="29.212341" lon="119.661623">
        <ele>812.471392</ele>
        <time>2026-09-21T02:10:45Z</time>
        <speed>0.86446</speed>
      </trkpt>
      <trkpt lat="29.212366" lon="119.661604">
        <ele>813.607604</ele>
        <time>2026-09-21T02:10:48Z</time>
        <speed>0.825329</speed>
      </trkpt>
      <trkpt lat="29.212369" lon="119.661642">
        <ele>816.524447</ele>
        <time>2026-09-21T02:10:58Z</time>
        <speed>0.037649</speed>
      </trkpt>
      <trkpt lat="29.21237" lon="119.661687">
        <ele>818.316835</ele>
        <time>2026-09-21T02:11:07Z</time>
        <speed>1.137318</speed>
      </trkpt>
      <trkpt lat="29.212369" lon="119.661732">
        <ele>818.820409</ele>
        <time>2026-09-21T02:11:09Z</time>
        <speed>0.676794</speed>
      </trkpt>
      <trkpt lat="29.21237" lon="119.661772">
        <ele>817.719076</ele>
        <time>2026-09-21T02:11:17Z</time>
        <speed>0.709026</speed>
      </trkpt>
      <trkpt lat="29.212371" lon="119.661804">
        <ele>817.100844</ele>
        <time>2026-09-21T02:11:19Z</time>
        <speed>0.357017</speed>
      </trkpt>
      <trkpt lat="29.212364" lon="119.661839">
        <ele>817.794538</ele>
        <time>2026-09-21T02:11:27Z</time>
        <speed>0.695753</speed>
      </trkpt>
      <trkpt lat="29.212354" lon="119.661885">
        <ele>819.764491</ele>
        <time>2026-09-21T02:11:29Z</time>
        <speed>0.878289</speed>
      </trkpt>
      <trkpt lat="29.212345" lon="119.661917">
        <ele>820.229171</ele>
        <time>2026-09-21T02:11:37Z</time>
        <speed>0.96311</speed>
      </trkpt>
      <trkpt lat="29.212332" lon="119.661966">
        <ele>820.288575</ele>
        <time>2026-09-21T02:11:39Z</time>
        <speed>0.88674</speed>
      </trkpt>
      <trkpt lat="29.212321" lon="119.662006">
        <ele>820.593632</ele>
        <time>2026-09-21T02:11:47Z</time>
        <speed>0.930895</speed>
      </trkpt>
      <trkpt lat="29.212308" lon="119.662054">
        <ele>821.324092</ele>
        <time>2026-09-21T02:11:49Z</time>
        <speed>0.748065</speed>
      </trkpt>
      <trkpt lat="29.212299" lon="119.662104">
        <ele>821.823515</ele>
        <time>2026-09-21T02:11:57Z</time>
        <speed>1.017658</speed>
      </trkpt>
      <trkpt lat="29.212291" lon="119.662163">
        <ele>821.696612</ele>
        <time>2026-09-21T02:11:59Z</time>
        <speed>0.87303</speed>
      </trkpt>
      <trkpt lat="29.212274" lon="119.662212">
        <ele>822.602027</ele>
        <time>2026-09-21T02:12:07Z</time>
        <speed>1.406521</speed>
      </trkpt>
      <trkpt lat="29.212255" lon="119.662267">
        <ele>824.155033</ele>
        <time>2026-09-21T02:12:09Z</time>
        <speed>0.7781</speed>
      </trkpt>
      <trkpt lat="29.212262" lon="119.662303">
        <ele>822.621062</ele>
        <time>2026-09-21T02:12:17Z</time>
        <speed>0.02407</speed>
      </trkpt>
      <trkpt lat="29.212273" lon="119.662333">
        <ele>822.73545</ele>
        <time>2026-09-21T02:12:21Z</time>
        <speed>0.0</speed>
      </trkpt>
      <trkpt lat="29.212303" lon="119.662326">
        <ele>822.20594</ele>
        <time>2026-09-21T02:14:16Z</time>
        <speed>0.336813</speed>
      </trkpt>
      <trkpt lat="29.212322" lon="119.662302">
        <ele>822.384577</ele>
        <time>2026-09-21T02:14:25Z</time>
        <speed>0.440806</speed>
      </trkpt>
      <trkpt lat="29.212341" lon="119.662276">
        <ele>823.338486</ele>
        <time>2026-09-21T02:14:31Z</time>
        <speed>0.265821</speed>
      </trkpt>
      <trkpt lat="29.212361" lon="119.662249">
        <ele>824.827231</ele>
        <time>2026-09-21T02:14:42Z</time>
        <speed>0.872677</speed>
      </trkpt>
      <trkpt lat="29.212383" lon="119.662216">
        <ele>827.433116</ele>
        <time>2026-09-21T02:14:51Z</time>
        <speed>0.737381</speed>
      </trkpt>
      <trkpt lat="29.212402" lon="119.662184">
        <ele>828.005335</ele>
        <time>2026-09-21T02:14:53Z</time>
        <speed>0.315762</speed>
      </trkpt>
      <trkpt lat="29.212421" lon="119.662144">
        <ele>830.112893</ele>
        <time>2026-09-21T02:15:03Z</time>
        <speed>0.066817</speed>
      </trkpt>
      <trkpt lat="29.212417" lon="119.662175">
        <ele>832.945002</ele>
        <time>2026-09-21T02:15:15Z</time>
        <speed>1.01481</speed>
      </trkpt>
      <trkpt lat="29.212405" lon="119.662236">
        <ele>833.688152</ele>
        <time>2026-09-21T02:15:21Z</time>
        <speed>1.16341</speed>
      </trkpt>
      <trkpt lat="29.212398" lon="119.662275">
        <ele>833.183523</ele>
        <time>2026-09-21T02:15:23Z</time>
        <speed>0.883337</speed>
      </trkpt>
      <trkpt lat="29.212395" lon="119.66232">
        <ele>833.816732</ele>
        <time>2026-09-21T02:15:30Z</time>
        <speed>1.025669</speed>
      </trkpt>
      <trkpt lat="29.212398" lon="119.662354">
        <ele>834.756768</ele>
        <time>2026-09-21T02:15:32Z</time>
        <speed>0.970404</speed>
      </trkpt>
      <trkpt lat="29.212403" lon="119.662387">
        <ele>834.896159</ele>
        <time>2026-09-21T02:15:34Z</time>
        <speed>0.793227</speed>
      </trkpt>
      <trkpt lat="29.212424" lon="119.662447">
        <ele>835.333304</ele>
        <time>2026-09-21T02:15:38Z</time>
        <speed>0.857499</speed>
      </trkpt>
      <trkpt lat="29.212448" lon="119.66247">
        <ele>835.645078</ele>
        <time>2026-09-21T02:15:46Z</time>
        <speed>0.905592</speed>
      </trkpt>
      <trkpt lat="29.212476" lon="119.662494">
        <ele>835.695932</ele>
        <time>2026-09-21T02:15:48Z</time>
        <speed>0.445865</speed>
      </trkpt>
      <trkpt lat="29.212495" lon="119.662527">
        <ele>837.534343</ele>
        <time>2026-09-21T02:15:56Z</time>
        <speed>0.694122</speed>
      </trkpt>
      <trkpt lat="29.212519" lon="119.662569">
        <ele>837.635943</ele>
        <time>2026-09-21T02:15:58Z</time>
        <speed>0.729846</speed>
      </trkpt>
      <trkpt lat="29.212529" lon="119.662606">
        <ele>838.101344</ele>
        <time>2026-09-21T02:16:06Z</time>
        <speed>0.868724</speed>
      </trkpt>
      <trkpt lat="29.212542" lon="119.66266">
        <ele>838.309777</ele>
        <time>2026-09-21T02:16:08Z</time>
        <speed>0.973173</speed>
      </trkpt>
      <trkpt lat="29.212552" lon="119.662704">
        <ele>837.155701</ele>
        <time>2026-09-21T02:16:16Z</time>
        <speed>1.185606</speed>
      </trkpt>
      <trkpt lat="29.212561" lon="119.662736">
        <ele>837.664338</ele>
        <time>2026-09-21T02:16:18Z</time>
        <speed>1.097033</speed>
      </trkpt>
      <trkpt lat="29.21258" lon="119.662793">
        <ele>836.769053</ele>
        <time>2026-09-21T02:16:23Z</time>
        <speed>1.009171</speed>
      </trkpt>
      <trkpt lat="29.212604" lon="119.66285">
        <ele>837.202802</ele>
        <time>2026-09-21T02:16:28Z</time>
        <speed>1.000743</speed>
      </trkpt>
      <trkpt lat="29.212619" lon="119.662884">
        <ele>838.380551</ele>
        <time>2026-09-21T02:16:34Z</time>
        <speed>0.52555</speed>
      </trkpt>
      <trkpt lat="29.212635" lon="119.662924">
        <ele>839.116875</ele>
        <time>2026-09-21T02:16:38Z</time>
        <speed>1.26093</speed>
      </trkpt>
      <trkpt lat="29.212668" lon="119.662965">
        <ele>839.761343</ele>
        <time>2026-09-21T02:16:42Z</time>
        <speed>1.027941</speed>
      </trkpt>
      <trkpt lat="29.212707" lon="119.662975">
        <ele>838.35889</ele>
        <time>2026-09-21T02:16:46Z</time>
        <speed>1.002245</speed>
      </trkpt>
      <trkpt lat="29.212747" lon="119.662927">
        <ele>837.163546</ele>
        <time>2026-09-21T02:16:50Z</time>
        <speed>0.873572</speed>
      </trkpt>
      <trkpt lat="29.21277" lon="119.6629">
        <ele>836.504667</ele>
        <time>2026-09-21T02:16:57Z</time>
        <speed>0.687605</speed>
      </trkpt>
      <trkpt lat="29.212807" lon="119.662873">
        <ele>838.33883</ele>
        <time>2026-09-21T02:17:01Z</time>
        <speed>0.767844</speed>
      </trkpt>
      <trkpt lat="29.212848" lon="119.662864">
        <ele>837.649905</ele>
        <time>2026-09-21T02:17:05Z</time>
        <speed>1.123308</speed>
      </trkpt>
      <trkpt lat="29.21288" lon="119.662866">
        <ele>837.833777</ele>
        <time>2026-09-21T02:17:11Z</time>
        <speed>0.841694</speed>
      </trkpt>
      <trkpt lat="29.212924" lon="119.662879">
        <ele>838.27123</ele>
        <time>2026-09-21T02:17:16Z</time>
        <speed>0.374576</speed>
      </trkpt>
      <trkpt lat="29.212956" lon="119.662894">
        <ele>838.23806</ele>
        <time>2026-09-21T02:17:20Z</time>
        <speed>0.732111</speed>
      </trkpt>
      <trkpt lat="29.212981" lon="119.662909">
        <ele>839.361314</ele>
        <time>2026-09-21T02:17:27Z</time>
        <speed>0.982422</speed>
      </trkpt>
      <trkpt lat="29.213013" lon="119.662914">
        <ele>839.119158</ele>
        <time>2026-09-21T02:17:31Z</time>
        <speed>1.105175</speed>
      </trkpt>
      <trkpt lat="29.213064" lon="119.662919">
        <ele>839.633184</ele>
        <time>2026-09-21T02:17:33Z</time>
        <speed>0.918525</speed>
      </trkpt>
      <trkpt lat="29.213107" lon="119.662918">
        <ele>838.837401</ele>
        <time>2026-09-21T02:17:41Z</time>
        <speed>0.709739</speed>
      </trkpt>
      <trkpt lat="29.213157" lon="119.662916">
        <ele>840.180584</ele>
        <time>2026-09-21T02:17:43Z</time>
        <speed>0.841812</speed>
      </trkpt>
      <trkpt lat="29.213202" lon="119.662908">
        <ele>837.809608</ele>
        <time>2026-09-21T02:17:51Z</time>
        <speed>0.609997</speed>
      </trkpt>
      <trkpt lat="29.213248" lon="119.662899">
        <ele>837.812833</ele>
        <time>2026-09-21T02:17:53Z</time>
        <speed>0.756238</speed>
      </trkpt>
      <trkpt lat="29.213285" lon="119.662873">
        <ele>836.440728</ele>
        <time>2026-09-21T02:18:01Z</time>
        <speed>1.000362</speed>
      </trkpt>
      <trkpt lat="29.213326" lon="119.662838">
        <ele>836.520367</ele>
        <time>2026-09-21T02:18:03Z</time>
        <speed>0.902977</speed>
      </trkpt>
      <trkpt lat="29.21336" lon="119.662829">
        <ele>836.191509</ele>
        <time>2026-09-21T02:18:13Z</time>
        <speed>0.032999</speed>
      </trkpt>
      <trkpt lat="29.213386" lon="119.66282">
        <ele>837.839377</ele>
        <time>2026-09-21T02:18:30Z</time>
        <speed>0.858379</speed>
      </trkpt>
      <trkpt lat="29.213402" lon="119.662777">
        <ele>837.149155</ele>
        <time>2026-09-21T02:18:36Z</time>
        <speed>1.463636</speed>
      </trkpt>
      <trkpt lat="29.213418" lon="119.662742">
        <ele>837.242129</ele>
        <time>2026-09-21T02:18:38Z</time>
        <speed>1.279722</speed>
      </trkpt>
      <trkpt lat="29.21344" lon="119.662693">
        <ele>836.958343</ele>
        <time>2026-09-21T02:18:40Z</time>
        <speed>0.90631</speed>
      </trkpt>
      <trkpt lat="29.213456" lon="119.662668">
        <ele>836.831914</ele>
        <time>2026-09-21T02:18:46Z</time>
        <speed>0.801131</speed>
      </trkpt>
      <trkpt lat="29.213475" lon="119.662642">
        <ele>836.251368</ele>
        <time>2026-09-21T02:18:48Z</time>
        <speed>0.998573</speed>
      </trkpt>
      <trkpt lat="29.213501" lon="119.66262">
        <ele>836.347245</ele>
        <time>2026-09-21T02:18:50Z</time>
        <speed>1.237812</speed>
      </trkpt>
      <trkpt lat="29.213531" lon="119.66261">
        <ele>836.284306</ele>
        <time>2026-09-21T02:18:53Z</time>
        <speed>1.011494</speed>
      </trkpt>
      <trkpt lat="29.213572" lon="119.66262">
        <ele>837.652154</ele>
        <time>2026-09-21T02:18:57Z</time>
        <speed>1.209853</speed>
      </trkpt>
      <trkpt lat="29.213616" lon="119.662653">
        <ele>839.354627</ele>
        <time>2026-09-21T02:19:01Z</time>
        <speed>1.31364</speed>
      </trkpt>
      <trkpt lat="29.213658" lon="119.662689">
        <ele>840.63922</ele>
        <time>2026-09-21T02:19:05Z</time>
        <speed>1.173808</speed>
      </trkpt>
      <trkpt lat="29.213682" lon="119.662704">
        <ele>841.014001</ele>
        <time>2026-09-21T02:19:07Z</time>
        <speed>1.468878</speed>
      </trkpt>
      <trkpt lat="29.213707" lon="119.662718">
        <ele>841.200531</ele>
        <time>2026-09-21T02:19:09Z</time>
        <speed>1.583342</speed>
      </trkpt>
      <trkpt lat="29.213733" lon="119.662731">
        <ele>842.369239</ele>
        <time>2026-09-21T02:19:11Z</time>
        <speed>1.486564</speed>
      </trkpt>
      <trkpt lat="29.213783" lon="119.662753">
        <ele>841.661214</ele>
        <time>2026-09-21T02:19:15Z</time>
        <speed>1.434391</speed>
      </trkpt>
      <trkpt lat="29.213816" lon="119.662762">
        <ele>839.548321</ele>
        <time>2026-09-21T02:19:29Z</time>
        <speed>0.934658</speed>
      </trkpt>
      <trkpt lat="29.213859" lon="119.66274">
        <ele>838.844395</ele>
        <time>2026-09-21T02:19:33Z</time>
        <speed>0.925302</speed>
      </trkpt>
      <trkpt lat="29.213891" lon="119.662693">
        <ele>838.046103</ele>
        <time>2026-09-21T02:19:37Z</time>
        <speed>1.40832</speed>
      </trkpt>
      <trkpt lat="29.213902" lon="119.662662">
        <ele>834.861668</ele>
        <time>2026-09-21T02:19:39Z</time>
        <speed>1.422193</speed>
      </trkpt>
      <trkpt lat="29.21391" lon="119.662628">
        <ele>833.947115</ele>
        <time>2026-09-21T02:19:41Z</time>
        <speed>1.561512</speed>
      </trkpt>
      <trkpt lat="29.213917" lon="119.662592">
        <ele>833.259925</ele>
        <time>2026-09-21T02:19:43Z</time>
        <speed>1.604498</speed>
      </trkpt>
      <trkpt lat="29.213925" lon="119.662556">
        <ele>832.467987</ele>
        <time>2026-09-21T02:19:45Z</time>
        <speed>1.608213</speed>
      </trkpt>
      <trkpt lat="29.213937" lon="119.662523">
        <ele>832.440525</ele>
        <time>2026-09-21T02:19:47Z</time>
        <speed>1.631325</speed>
      </trkpt>
      <trkpt lat="29.213972" lon="119.662479">
        <ele>831.372952</ele>
        <time>2026-09-21T02:19:51Z</time>
        <speed>1.697451</speed>
      </trkpt>
      <trkpt lat="29.214015" lon="119.662444">
        <ele>832.793037</ele>
        <time>2026-09-21T02:19:55Z</time>
        <speed>1.627509</speed>
      </trkpt>
      <trkpt lat="29.214065" lon="119.662421">
        <ele>835.405442</ele>
        <time>2026-09-21T02:19:59Z</time>
        <speed>1.583331</speed>
      </trkpt>
      <trkpt lat="29.214092" lon="119.662413">
        <ele>834.119213</ele>
        <time>2026-09-21T02:20:01Z</time>
        <speed>1.597501</speed>
      </trkpt>
      <trkpt lat="29.214118" lon="119.662406">
        <ele>833.984143</ele>
        <time>2026-09-21T02:20:03Z</time>
        <speed>1.643818</speed>
      </trkpt>
      <trkpt lat="29.214171" lon="119.662402">
        <ele>837.517876</ele>
        <time>2026-09-21T02:20:07Z</time>
        <speed>1.568574</speed>
      </trkpt>
      <trkpt lat="29.214224" lon="119.662401">
        <ele>838.462265</ele>
        <time>2026-09-21T02:20:11Z</time>
        <speed>1.671671</speed>
      </trkpt>
      <trkpt lat="29.214278" lon="119.662396">
        <ele>838.160136</ele>
        <time>2026-09-21T02:20:15Z</time>
        <speed>1.660075</speed>
      </trkpt>
      <trkpt lat="29.214305" lon="119.662392">
        <ele>839.601117</ele>
        <time>2026-09-21T02:20:17Z</time>
        <speed>1.6401</speed>
      </trkpt>
      <trkpt lat="29.214333" lon="119.662387">
        <ele>839.793869</ele>
        <time>2026-09-21T02:20:19Z</time>
        <speed>1.693182</speed>
      </trkpt>
      <trkpt lat="29.214362" lon="119.662378">
        <ele>838.82957</ele>
        <time>2026-09-21T02:20:21Z</time>
        <speed>1.747738</speed>
      </trkpt>
      <trkpt lat="29.214389" lon="119.662364">
        <ele>838.369654</ele>
        <time>2026-09-21T02:20:23Z</time>
        <speed>1.728311</speed>
      </trkpt>
      <trkpt lat="29.214416" lon="119.662346">
        <ele>838.154454</ele>
        <time>2026-09-21T02:20:25Z</time>
        <speed>1.704291</speed>
      </trkpt>
      <trkpt lat="29.214442" lon="119.662328">
        <ele>838.661234</ele>
        <time>2026-09-21T02:20:27Z</time>
        <speed>1.695918</speed>
      </trkpt>
      <trkpt lat="29.214469" lon="119.66231">
        <ele>839.40565</ele>
        <time>2026-09-21T02:20:29Z</time>
        <speed>1.700761</speed>
      </trkpt>
      <trkpt lat="29.214495" lon="119.662294">
        <ele>838.222463</ele>
        <time>2026-09-21T02:20:31Z</time>
        <speed>1.652858</speed>
      </trkpt>
      <trkpt lat="29.214522" lon="119.662281">
        <ele>838.277868</ele>
        <time>2026-09-21T02:20:33Z</time>
        <speed>1.638451</speed>
      </trkpt>
      <trkpt lat="29.214548" lon="119.662269">
        <ele>839.583212</ele>
        <time>2026-09-21T02:20:35Z</time>
        <speed>1.68855</speed>
      </trkpt>
      <trkpt lat="29.214594" lon="119.662247">
        <ele>839.167506</ele>
        <time>2026-09-21T02:20:39Z</time>
        <speed>1.666127</speed>
      </trkpt>
      <trkpt lat="29.214633" lon="119.662208">
        <ele>837.783495</ele>
        <time>2026-09-21T02:20:45Z</time>
        <speed>1.008044</speed>
      </trkpt>
      <trkpt lat="29.214652" lon="119.662176">
        <ele>838.081549</ele>
        <time>2026-09-21T02:20:49Z</time>
        <speed>0.782017</speed>
      </trkpt>
      <trkpt lat="29.214676" lon="119.662143">
        <ele>835.401656</ele>
        <time>2026-09-21T02:20:56Z</time>
        <speed>0.904556</speed>
      </trkpt>
      <trkpt lat="29.214709" lon="119.662109">
        <ele>836.776431</ele>
        <time>2026-09-21T02:21:00Z</time>
        <speed>0.509395</speed>
      </trkpt>
      <trkpt lat="29.214746" lon="119.662093">
        <ele>837.988944</ele>
        <time>2026-09-21T02:21:07Z</time>
        <speed>1.39783</speed>
      </trkpt>
      <trkpt lat="29.214773" lon="119.662092">
        <ele>839.080634</ele>
        <time>2026-09-21T02:21:14Z</time>
        <speed>1.147267</speed>
      </trkpt>
      <trkpt lat="29.214821" lon="119.662097">
        <ele>839.473447</ele>
        <time>2026-09-21T02:21:18Z</time>
        <speed>1.096751</speed>
      </trkpt>
      <trkpt lat="29.214849" lon="119.662103">
        <ele>839.538112</ele>
        <time>2026-09-21T02:21:20Z</time>
        <speed>1.187757</speed>
      </trkpt>
      <trkpt lat="29.214899" lon="119.662119">
        <ele>839.970859</ele>
        <time>2026-09-21T02:21:24Z</time>
        <speed>1.255606</speed>
      </trkpt>
      <trkpt lat="29.214949" lon="119.662136">
        <ele>840.613134</ele>
        <time>2026-09-21T02:21:28Z</time>
        <speed>1.227765</speed>
      </trkpt>
      <trkpt lat="29.214976" lon="119.662147">
        <ele>841.667871</ele>
        <time>2026-09-21T02:21:30Z</time>
        <speed>1.631062</speed>
      </trkpt>
      <trkpt lat="29.21502" lon="119.66217">
        <ele>842.18358</ele>
        <time>2026-09-21T02:21:34Z</time>
        <speed>1.198747</speed>
      </trkpt>
      <trkpt lat="29.215059" lon="119.662196">
        <ele>842.421296</ele>
        <time>2026-09-21T02:21:38Z</time>
        <speed>1.255196</speed>
      </trkpt>
      <trkpt lat="29.215102" lon="119.662232">
        <ele>843.853303</ele>
        <time>2026-09-21T02:21:42Z</time>
        <speed>1.342294</speed>
      </trkpt>
      <trkpt lat="29.215126" lon="119.662249">
        <ele>843.619104</ele>
        <time>2026-09-21T02:21:44Z</time>
        <speed>1.226006</speed>
      </trkpt>
      <trkpt lat="29.215172" lon="119.662277">
        <ele>843.543275</ele>
        <time>2026-09-21T02:21:48Z</time>
        <speed>0.873209</speed>
      </trkpt>
      <trkpt lat="29.215225" lon="119.662285">
        <ele>842.973978</ele>
        <time>2026-09-21T02:21:56Z</time>
        <speed>1.153207</speed>
      </trkpt>
      <trkpt lat="29.215258" lon="119.662289">
        <ele>841.848599</ele>
        <time>2026-09-21T02:21:58Z</time>
        <speed>0.893212</speed>
      </trkpt>
      <trkpt lat="29.215285" lon="119.662289">
        <ele>842.095861</ele>
        <time>2026-09-21T02:22:00Z</time>
        <speed>0.672712</speed>
      </trkpt>
      <trkpt lat="29.215316" lon="119.662277">
        <ele>840.484651</ele>
        <time>2026-09-21T02:22:10Z</time>
        <speed>0.887055</speed>
      </trkpt>
      <trkpt lat="29.215365" lon="119.662247">
        <ele>839.320765</ele>
        <time>2026-09-21T02:22:14Z</time>
        <speed>1.260965</speed>
      </trkpt>
      <trkpt lat="29.215392" lon="119.662229">
        <ele>839.235619</ele>
        <time>2026-09-21T02:22:16Z</time>
        <speed>1.07713</speed>
      </trkpt>
      <trkpt lat="29.215417" lon="119.66221">
        <ele>838.412545</ele>
        <time>2026-09-21T02:22:18Z</time>
        <speed>1.032024</speed>
      </trkpt>
      <trkpt lat="29.215439" lon="119.662187">
        <ele>838.306884</ele>
        <time>2026-09-21T02:22:20Z</time>
        <speed>1.138293</speed>
      </trkpt>
      <trkpt lat="29.215463" lon="119.662161">
        <ele>838.675158</ele>
        <time>2026-09-21T02:22:27Z</time>
        <speed>0.932182</speed>
      </trkpt>
      <trkpt lat="29.215487" lon="119.662131">
        <ele>838.19633</ele>
        <time>2026-09-21T02:22:31Z</time>
        <speed>0.905847</speed>
      </trkpt>
      <trkpt lat="29.215524" lon="119.662089">
        <ele>837.856382</ele>
        <time>2026-09-21T02:22:35Z</time>
        <speed>1.047293</speed>
      </trkpt>
      <trkpt lat="29.21558" lon="119.662015">
        <ele>839.090228</ele>
        <time>2026-09-21T02:22:43Z</time>
        <speed>1.089894</speed>
      </trkpt>
      <trkpt lat="29.215629" lon="119.661971">
        <ele>839.649695</ele>
        <time>2026-09-21T02:22:49Z</time>
        <speed>1.008473</speed>
      </trkpt>
      <trkpt lat="29.215668" lon="119.661949">
        <ele>838.193474</ele>
        <time>2026-09-21T02:22:54Z</time>
        <speed>1.09206</speed>
      </trkpt>
      <trkpt lat="29.215704" lon="119.661933">
        <ele>838.101025</ele>
        <time>2026-09-21T02:22:58Z</time>
        <speed>1.066814</speed>
      </trkpt>
      <trkpt lat="29.215733" lon="119.66192">
        <ele>837.394095</ele>
        <time>2026-09-21T02:23:04Z</time>
        <speed>0.889875</speed>
      </trkpt>
      <trkpt lat="29.215761" lon="119.661907">
        <ele>838.477608</ele>
        <time>2026-09-21T02:23:07Z</time>
        <speed>0.89333</speed>
      </trkpt>
      <trkpt lat="29.215787" lon="119.661896">
        <ele>837.76361</ele>
        <time>2026-09-21T02:23:09Z</time>
        <speed>0.997106</speed>
      </trkpt>
      <trkpt lat="29.215815" lon="119.661885">
        <ele>837.339818</ele>
        <time>2026-09-21T02:23:11Z</time>
        <speed>1.107626</speed>
      </trkpt>
      <trkpt lat="29.215866" lon="119.661878">
        <ele>838.94304</ele>
        <time>2026-09-21T02:23:15Z</time>
        <speed>1.283627</speed>
      </trkpt>
      <trkpt lat="29.21592" lon="119.661866">
        <ele>839.219066</ele>
        <time>2026-09-21T02:23:20Z</time>
        <speed>1.117518</speed>
      </trkpt>
      <trkpt lat="29.215968" lon="119.661847">
        <ele>838.898117</ele>
        <time>2026-09-21T02:23:24Z</time>
        <speed>1.072709</speed>
      </trkpt>
      <trkpt lat="29.215998" lon="119.661831">
        <ele>838.356347</ele>
        <time>2026-09-21T02:23:27Z</time>
        <speed>1.104295</speed>
      </trkpt>
      <trkpt lat="29.21604" lon="119.661785">
        <ele>837.40407</ele>
        <time>2026-09-21T02:23:32Z</time>
        <speed>1.219811</speed>
      </trkpt>
      <trkpt lat="29.216051" lon="119.6617">
        <ele>836.898486</ele>
        <time>2026-09-21T02:23:40Z</time>
        <speed>1.003055</speed>
      </trkpt>
      <trkpt lat="29.216048" lon="119.661611">
        <ele>836.252554</ele>
        <time>2026-09-21T02:23:47Z</time>
        <speed>1.065932</speed>
      </trkpt>
      <trkpt lat="29.216048" lon="119.661578">
        <ele>834.878663</ele>
        <time>2026-09-21T02:23:49Z</time>
        <speed>1.065642</speed>
      </trkpt>
      <trkpt lat="29.216052" lon="119.661548">
        <ele>834.977902</ele>
        <time>2026-09-21T02:23:51Z</time>
        <speed>1.316457</speed>
      </trkpt>
      <trkpt lat="29.216058" lon="119.661518">
        <ele>834.608971</ele>
        <time>2026-09-21T02:23:53Z</time>
        <speed>0.925765</speed>
      </trkpt>
      <trkpt lat="29.216069" lon="119.661489">
        <ele>835.015271</ele>
        <time>2026-09-21T02:24:00Z</time>
        <speed>0.658037</speed>
      </trkpt>
      <trkpt lat="29.216091" lon="119.661457">
        <ele>835.251656</ele>
        <time>2026-09-21T02:24:04Z</time>
        <speed>0.917116</speed>
      </trkpt>
      <trkpt lat="29.216126" lon="119.66142">
        <ele>836.334244</ele>
        <time>2026-09-21T02:24:08Z</time>
        <speed>0.909612</speed>
      </trkpt>
      <trkpt lat="29.216153" lon="119.661384">
        <ele>837.009554</ele>
        <time>2026-09-21T02:24:16Z</time>
        <speed>1.024963</speed>
      </trkpt>
      <trkpt lat="29.216189" lon="119.661339">
        <ele>836.884571</ele>
        <time>2026-09-21T02:24:18Z</time>
        <speed>0.892134</speed>
      </trkpt>
      <trkpt lat="29.216227" lon="119.661318">
        <ele>839.113821</ele>
        <time>2026-09-21T02:24:26Z</time>
        <speed>0.896678</speed>
      </trkpt>
      <trkpt lat="29.216258" lon="119.661304">
        <ele>839.441644</ele>
        <time>2026-09-21T02:24:28Z</time>
        <speed>1.191412</speed>
      </trkpt>
      <trkpt lat="29.216289" lon="119.661288">
        <ele>839.94463</ele>
        <time>2026-09-21T02:24:30Z</time>
        <speed>1.015894</speed>
      </trkpt>
      <trkpt lat="29.216321" lon="119.661272">
        <ele>838.601086</ele>
        <time>2026-09-21T02:24:32Z</time>
        <speed>0.844016</speed>
      </trkpt>
      <trkpt lat="29.216354" lon="119.661253">
        <ele>839.288335</ele>
        <time>2026-09-21T02:24:39Z</time>
        <speed>0.983834</speed>
      </trkpt>
      <trkpt lat="29.2164" lon="119.661218">
        <ele>839.924401</ele>
        <time>2026-09-21T02:24:43Z</time>
        <speed>1.077571</speed>
      </trkpt>
      <trkpt lat="29.21642" lon="119.661194">
        <ele>839.141895</ele>
        <time>2026-09-21T02:24:45Z</time>
        <speed>1.203195</speed>
      </trkpt>
      <trkpt lat="29.216438" lon="119.661169">
        <ele>838.720885</ele>
        <time>2026-09-21T02:24:47Z</time>
        <speed>1.145911</speed>
      </trkpt>
      <trkpt lat="29.216464" lon="119.661138">
        <ele>839.088249</ele>
        <time>2026-09-21T02:24:51Z</time>
        <speed>1.038416</speed>
      </trkpt>
      <trkpt lat="29.2165" lon="119.661105">
        <ele>840.716884</ele>
        <time>2026-09-21T02:24:56Z</time>
        <speed>1.197954</speed>
      </trkpt>
      <trkpt lat="29.216546" lon="119.661093">
        <ele>840.798773</ele>
        <time>2026-09-21T02:25:03Z</time>
        <speed>1.088067</speed>
      </trkpt>
      <trkpt lat="29.216608" lon="119.661091">
        <ele>840.706578</ele>
        <time>2026-09-21T02:25:11Z</time>
        <speed>1.175927</speed>
      </trkpt>
      <trkpt lat="29.216652" lon="119.661093">
        <ele>842.102491</ele>
        <time>2026-09-21T02:25:15Z</time>
        <speed>1.166319</speed>
      </trkpt>
      <trkpt lat="29.216684" lon="119.661094">
        <ele>841.207859</ele>
        <time>2026-09-21T02:25:22Z</time>
        <speed>0.976727</speed>
      </trkpt>
      <trkpt lat="29.216715" lon="119.661101">
        <ele>842.733913</ele>
        <time>2026-09-21T02:25:26Z</time>
        <speed>0.0</speed>
      </trkpt>
      <trkpt lat="29.21674" lon="119.661116">
        <ele>844.622089</ele>
        <time>2026-09-21T02:25:39Z</time>
        <speed>0.630678</speed>
      </trkpt>
      <trkpt lat="29.216789" lon="119.661102">
        <ele>843.876839</ele>
        <time>2026-09-21T02:25:43Z</time>
        <speed>0.883966</speed>
      </trkpt>
      <trkpt lat="29.216828" lon="119.661048">
        <ele>840.703297</ele>
        <time>2026-09-21T02:25:52Z</time>
        <speed>1.255369</speed>
      </trkpt>
      <trkpt lat="29.216853" lon="119.66101">
        <ele>839.98351</ele>
        <time>2026-09-21T02:25:54Z</time>
        <speed>1.107077</speed>
      </trkpt>
      <trkpt lat="29.216889" lon="119.660958">
        <ele>839.988894</ele>
        <time>2026-09-21T02:25:56Z</time>
        <speed>0.966492</speed>
      </trkpt>
      <trkpt lat="29.216924" lon="119.660945">
        <ele>843.530768</ele>
        <time>2026-09-21T02:26:03Z</time>
        <speed>1.147624</speed>
      </trkpt>
      <trkpt lat="29.216975" lon="119.660942">
        <ele>843.382596</ele>
        <time>2026-09-21T02:26:07Z</time>
        <speed>1.165506</speed>
      </trkpt>
      <trkpt lat="29.217024" lon="119.660938">
        <ele>843.38613</ele>
        <time>2026-09-21T02:26:11Z</time>
        <speed>1.266681</speed>
      </trkpt>
      <trkpt lat="29.217069" lon="119.660942">
        <ele>844.013495</ele>
        <time>2026-09-21T02:26:15Z</time>
        <speed>1.267729</speed>
      </trkpt>
      <trkpt lat="29.217098" lon="119.660948">
        <ele>844.274401</ele>
        <time>2026-09-21T02:26:18Z</time>
        <speed>1.057421</speed>
      </trkpt>
      <trkpt lat="29.217174" lon="119.660949">
        <ele>843.90813</ele>
        <time>2026-09-21T02:26:25Z</time>
        <speed>1.368901</speed>
      </trkpt>
      <trkpt lat="29.217225" lon="119.660947">
        <ele>842.660698</ele>
        <time>2026-09-21T02:26:29Z</time>
        <speed>1.213186</speed>
      </trkpt>
      <trkpt lat="29.217271" lon="119.660953">
        <ele>843.01249</ele>
        <time>2026-09-21T02:26:33Z</time>
        <speed>1.296278</speed>
      </trkpt>
      <trkpt lat="29.217301" lon="119.660961">
        <ele>843.765708</ele>
        <time>2026-09-21T02:26:36Z</time>
        <speed>1.00987</speed>
      </trkpt>
      <trkpt lat="29.217345" lon="119.660975">
        <ele>843.966013</ele>
        <time>2026-09-21T02:26:41Z</time>
        <speed>1.192617</speed>
      </trkpt>
      <trkpt lat="29.217392" lon="119.660983">
        <ele>843.489801</ele>
        <time>2026-09-21T02:26:45Z</time>
        <speed>1.233692</speed>
      </trkpt>
      <trkpt lat="29.217428" lon="119.660982">
        <ele>843.021203</ele>
        <time>2026-09-21T02:26:49Z</time>
        <speed>1.180738</speed>
      </trkpt>
      <trkpt lat="29.217472" lon="119.660979">
        <ele>843.052786</ele>
        <time>2026-09-21T02:26:53Z</time>
        <speed>1.197042</speed>
      </trkpt>
      <trkpt lat="29.217505" lon="119.660984">
        <ele>843.954889</ele>
        <time>2026-09-21T02:27:00Z</time>
        <speed>1.024975</speed>
      </trkpt>
      <trkpt lat="29.217547" lon="119.66102">
        <ele>843.695666</ele>
        <time>2026-09-21T02:27:04Z</time>
        <speed>1.101985</speed>
      </trkpt>
      <trkpt lat="29.217568" lon="119.661043">
        <ele>844.007777</ele>
        <time>2026-09-21T02:27:06Z</time>
        <speed>0.881139</speed>
      </trkpt>
      <trkpt lat="29.217599" lon="119.66109">
        <ele>844.074443</ele>
        <time>2026-09-21T02:27:10Z</time>
        <speed>1.137116</speed>
      </trkpt>
      <trkpt lat="29.217611" lon="119.661125">
        <ele>844.516539</ele>
        <time>2026-09-21T02:27:19Z</time>
        <speed>0.121474</speed>
      </trkpt>
      <trkpt lat="29.217633" lon="119.661145">
        <ele>846.719848</ele>
        <time>2026-09-21T02:27:53Z</time>
        <speed>0.459525</speed>
      </trkpt>
      <trkpt lat="29.217667" lon="119.661121">
        <ele>845.666536</ele>
        <time>2026-09-21T02:27:59Z</time>
        <speed>0.26242</speed>
      </trkpt>
      <trkpt lat="29.21769" lon="119.661103">
        <ele>844.887633</ele>
        <time>2026-09-21T02:28:03Z</time>
        <speed>0.491329</speed>
      </trkpt>
      <trkpt lat="29.21769" lon="119.661066">
        <ele>843.106481</ele>
        <time>2026-09-21T02:28:09Z</time>
        <speed>0.371317</speed>
      </trkpt>
      <trkpt lat="29.217687" lon="119.661015">
        <ele>844.253287</ele>
        <time>2026-09-21T02:28:11Z</time>
        <speed>0.594364</speed>
      </trkpt>
      <trkpt lat="29.217712" lon="119.660998">
        <ele>846.57636</ele>
        <time>2026-09-21T02:29:21Z</time>
        <speed>0.163318</speed>
      </trkpt>
      <trkpt lat="29.21771" lon="119.66103">
        <ele>851.41885</ele>
        <time>2026-09-21T02:29:40Z</time>
        <speed>0.258841</speed>
      </trkpt>
      <trkpt lat="29.217679" lon="119.660967">
        <ele>851.086294</ele>
        <time>2026-09-21T02:30:39Z</time>
        <speed>0.024138</speed>
      </trkpt>
      <trkpt lat="29.217673" lon="119.660998">
        <ele>850.909447</ele>
        <time>2026-09-21T02:30:51Z</time>
        <speed>0.072101</speed>
      </trkpt>
      <trkpt lat="29.217715" lon="119.661089">
        <ele>847.344353</ele>
        <time>2026-09-21T02:31:57Z</time>
        <speed>0.205469</speed>
      </trkpt>
      <trkpt lat="29.21774" lon="119.661077">
        <ele>845.108365</ele>
        <time>2026-09-21T02:32:11Z</time>
        <speed>0.14468</speed>
      </trkpt>
      <trkpt lat="29.217735" lon="119.661127">
        <ele>850.36244</ele>
        <time>2026-09-21T02:44:49Z</time>
        <speed>0.14468</speed>
      </trkpt>
      <trkpt lat="29.21772" lon="119.661163">
        <ele>849.594962</ele>
        <time>2026-09-21T02:45:01Z</time>
        <speed>0.369576</speed>
      </trkpt>
      <trkpt lat="29.217682" lon="119.661157">
        <ele>850.179971</ele>
        <time>2026-09-21T02:45:46Z</time>
        <speed>0.114617</speed>
      </trkpt>
      <trkpt lat="29.217653" lon="119.661147">
        <ele>849.495481</ele>
        <time>2026-09-21T02:46:04Z</time>
        <speed>0.277225</speed>
      </trkpt>
      <trkpt lat="29.217671" lon="119.661123">
        <ele>848.474007</ele>
        <time>2026-09-21T02:46:24Z</time>
        <speed>0.091726</speed>
      </trkpt>
      <trkpt lat="29.217685" lon="119.661089">
        <ele>845.590351</ele>
        <time>2026-09-21T02:46:40Z</time>
        <speed>0.472888</speed>
      </trkpt>
      <trkpt lat="29.217701" lon="119.661058">
        <ele>845.137459</ele>
        <time>2026-09-21T02:46:48Z</time>
        <speed>0.590778</speed>
      </trkpt>
      <trkpt lat="29.217719" lon="119.661021">
        <ele>844.65446</ele>
        <time>2026-09-21T02:46:52Z</time>
        <speed>0.610038</speed>
      </trkpt>
      <trkpt lat="29.217717" lon="119.660986">
        <ele>847.474608</ele>
        <time>2026-09-21T02:47:06Z</time>
        <speed>1.050418</speed>
      </trkpt>
      <trkpt lat="29.217691" lon="119.660943">
        <ele>853.267119</ele>
        <time>2026-09-21T02:47:10Z</time>
        <speed>1.388613</speed>
      </trkpt>
      <trkpt lat="29.217668" lon="119.66091">
        <ele>856.258402</ele>
        <time>2026-09-21T02:47:16Z</time>
        <speed>0.459012</speed>
      </trkpt>
      <trkpt lat="29.217649" lon="119.660872">
        <ele>858.20632</ele>
        <time>2026-09-21T02:47:25Z</time>
        <speed>0.593681</speed>
      </trkpt>
      <trkpt lat="29.217633" lon="119.660844">
        <ele>858.203382</ele>
        <time>2026-09-21T02:47:29Z</time>
        <speed>0.709143</speed>
      </trkpt>
      <trkpt lat="29.217661" lon="119.660844">
        <ele>859.304902</ele>
        <time>2026-09-21T02:47:47Z</time>
        <speed>0.757578</speed>
      </trkpt>
      <trkpt lat="29.217691" lon="119.660844">
        <ele>860.651213</ele>
        <time>2026-09-21T02:47:55Z</time>
        <speed>0.348025</speed>
      </trkpt>
      <trkpt lat="29.217728" lon="119.660839">
        <ele>861.296999</ele>
        <time>2026-09-21T02:47:59Z</time>
        <speed>0.615973</speed>
      </trkpt>
      <trkpt lat="29.217754" lon="119.660849">
        <ele>867.137372</ele>
        <time>2026-09-21T02:48:11Z</time>
        <speed>0.547372</speed>
      </trkpt>
      <trkpt lat="29.217778" lon="119.660882">
        <ele>868.878988</ele>
        <time>2026-09-21T02:48:21Z</time>
        <speed>0.262929</speed>
      </trkpt>
      <trkpt lat="29.217824" lon="119.660894">
        <ele>865.732781</ele>
        <time>2026-09-21T02:48:48Z</time>
        <speed>0.131176</speed>
      </trkpt>
      <trkpt lat="29.217852" lon="119.660914">
        <ele>866.683511</ele>
        <time>2026-09-21T02:48:56Z</time>
        <speed>0.141299</speed>
      </trkpt>
      <trkpt lat="29.217855" lon="119.660945">
        <ele>866.910789</ele>
        <time>2026-09-21T02:49:09Z</time>
        <speed>0.031498</speed>
      </trkpt>
      <trkpt lat="29.217892" lon="119.66097">
        <ele>867.838165</ele>
        <time>2026-09-21T02:49:19Z</time>
        <speed>0.367833</speed>
      </trkpt>
      <trkpt lat="29.217906" lon="119.660935">
        <ele>865.884928</ele>
        <time>2026-09-21T02:49:28Z</time>
        <speed>0.046982</speed>
      </trkpt>
      <trkpt lat="29.21789" lon="119.660963">
        <ele>864.284321</ele>
        <time>2026-09-21T02:49:34Z</time>
        <speed>0.508472</speed>
      </trkpt>
      <trkpt lat="29.21787" lon="119.661018">
        <ele>864.826084</ele>
        <time>2026-09-21T02:49:44Z</time>
        <speed>0.506184</speed>
      </trkpt>
      <trkpt lat="29.217866" lon="119.661063">
        <ele>867.947542</ele>
        <time>2026-09-21T02:49:52Z</time>
        <speed>0.804914</speed>
      </trkpt>
      <trkpt lat="29.217867" lon="119.661104">
        <ele>868.221796</ele>
        <time>2026-09-21T02:49:54Z</time>
        <speed>0.583608</speed>
      </trkpt>
      <trkpt lat="29.217883" lon="119.661165">
        <ele>870.997484</ele>
        <time>2026-09-21T02:50:04Z</time>
        <speed>0.770978</speed>
      </trkpt>
      <trkpt lat="29.217896" lon="119.661197">
        <ele>873.360373</ele>
        <time>2026-09-21T02:50:12Z</time>
        <speed>0.693082</speed>
      </trkpt>
      <trkpt lat="29.217914" lon="119.661232">
        <ele>874.170724</ele>
        <time>2026-09-21T02:50:14Z</time>
        <speed>0.61669</speed>
      </trkpt>
      <trkpt lat="29.217947" lon="119.661288">
        <ele>876.145892</ele>
        <time>2026-09-21T02:50:24Z</time>
        <speed>0.435447</speed>
      </trkpt>
      <trkpt lat="29.21798" lon="119.661329">
        <ele>876.569853</ele>
        <time>2026-09-21T02:50:34Z</time>
        <speed>0.320146</speed>
      </trkpt>
      <trkpt lat="29.21802" lon="119.661331">
        <ele>875.135576</ele>
        <time>2026-09-21T02:50:44Z</time>
        <speed>0.143372</speed>
      </trkpt>
      <trkpt lat="29.218058" lon="119.661301">
        <ele>876.975146</ele>
        <time>2026-09-21T02:50:54Z</time>
        <speed>0.48693</speed>
      </trkpt>
      <trkpt lat="29.218068" lon="119.661244">
        <ele>878.767065</ele>
        <time>2026-09-21T02:51:05Z</time>
        <speed>0.601183</speed>
      </trkpt>
      <trkpt lat="29.218077" lon="119.661201">
        <ele>881.000491</ele>
        <time>2026-09-21T02:51:15Z</time>
        <speed>0.359345</speed>
      </trkpt>
      <trkpt lat="29.218088" lon="119.661156">
        <ele>882.080754</ele>
        <time>2026-09-21T02:51:25Z</time>
        <speed>0.445796</speed>
      </trkpt>
      <trkpt lat="29.21813" lon="119.661099">
        <ele>880.635345</ele>
        <time>2026-09-21T02:51:35Z</time>
        <speed>0.609273</speed>
      </trkpt>
      <trkpt lat="29.218147" lon="119.661065">
        <ele>881.262218</ele>
        <time>2026-09-21T02:51:43Z</time>
        <speed>0.363405</speed>
      </trkpt>
      <trkpt lat="29.218167" lon="119.661024">
        <ele>881.166287</ele>
        <time>2026-09-21T02:51:45Z</time>
        <speed>0.665246</speed>
      </trkpt>
      <trkpt lat="29.218189" lon="119.661003">
        <ele>882.134904</ele>
        <time>2026-09-21T02:51:53Z</time>
        <speed>0.391833</speed>
      </trkpt>
      <trkpt lat="29.218212" lon="119.660981">
        <ele>883.947166</ele>
        <time>2026-09-21T02:51:55Z</time>
        <speed>0.643784</speed>
      </trkpt>
      <trkpt lat="29.218268" lon="119.66094">
        <ele>886.798955</ele>
        <time>2026-09-21T02:52:05Z</time>
        <speed>0.582539</speed>
      </trkpt>
      <trkpt lat="29.218294" lon="119.660926">
        <ele>891.499506</ele>
        <time>2026-09-21T02:52:13Z</time>
        <speed>0.544708</speed>
      </trkpt>
      <trkpt lat="29.218322" lon="119.660913">
        <ele>890.331552</ele>
        <time>2026-09-21T02:52:17Z</time>
        <speed>0.217217</speed>
      </trkpt>
      <trkpt lat="29.218372" lon="119.660925">
        <ele>889.784726</ele>
        <time>2026-09-21T02:52:25Z</time>
        <speed>0.369822</speed>
      </trkpt>
      <trkpt lat="29.218403" lon="119.660905">
        <ele>890.814627</ele>
        <time>2026-09-21T02:52:33Z</time>
        <speed>0.544044</speed>
      </trkpt>
      <trkpt lat="29.218436" lon="119.660877">
        <ele>889.316318</ele>
        <time>2026-09-21T02:52:35Z</time>
        <speed>0.443557</speed>
      </trkpt>
      <trkpt lat="29.218468" lon="119.660856">
        <ele>893.26817</ele>
        <time>2026-09-21T02:52:43Z</time>
        <speed>0.60915</speed>
      </trkpt>
      <trkpt lat="29.218503" lon="119.660835">
        <ele>893.415976</ele>
        <time>2026-09-21T02:52:45Z</time>
        <speed>0.828727</speed>
      </trkpt>
      <trkpt lat="29.218528" lon="119.660823">
        <ele>894.383576</ele>
        <time>2026-09-21T02:52:53Z</time>
        <speed>0.736905</speed>
      </trkpt>
      <trkpt lat="29.218556" lon="119.660812">
        <ele>896.185362</ele>
        <time>2026-09-21T02:52:57Z</time>
        <speed>0.442303</speed>
      </trkpt>
      <trkpt lat="29.218596" lon="119.66079">
        <ele>899.732</ele>
        <time>2026-09-21T02:53:05Z</time>
        <speed>0.299132</speed>
      </trkpt>
      <trkpt lat="29.218637" lon="119.660753">
        <ele>903.55828</ele>
        <time>2026-09-21T02:53:15Z</time>
        <speed>0.430371</speed>
      </trkpt>
      <trkpt lat="29.218727" lon="119.660695">
        <ele>905.954778</ele>
        <time>2026-09-21T02:53:57Z</time>
        <speed>0.322283</speed>
      </trkpt>
      <trkpt lat="29.21876" lon="119.660678">
        <ele>908.574359</ele>
        <time>2026-09-21T02:54:09Z</time>
        <speed>0.314699</speed>
      </trkpt>
      <trkpt lat="29.21878" lon="119.660651">
        <ele>911.530783</ele>
        <time>2026-09-21T02:54:15Z</time>
        <speed>0.451734</speed>
      </trkpt>
      <trkpt lat="29.218797" lon="119.660595">
        <ele>912.632294</ele>
        <time>2026-09-21T02:54:27Z</time>
        <speed>0.830742</speed>
      </trkpt>
      <trkpt lat="29.218803" lon="119.660557">
        <ele>914.637199</ele>
        <time>2026-09-21T02:54:35Z</time>
        <speed>0.726752</speed>
      </trkpt>
      <trkpt lat="29.218808" lon="119.660508">
        <ele>915.249379</ele>
        <time>2026-09-21T02:54:37Z</time>
        <speed>0.552873</speed>
      </trkpt>
      <trkpt lat="29.218829" lon="119.660464">
        <ele>915.398295</ele>
        <time>2026-09-21T02:54:47Z</time>
        <speed>0.240096</speed>
      </trkpt>
      <trkpt lat="29.218865" lon="119.660428">
        <ele>915.864456</ele>
        <time>2026-09-21T02:54:57Z</time>
        <speed>0.578915</speed>
      </trkpt>
      <trkpt lat="29.218892" lon="119.660394">
        <ele>918.285358</ele>
        <time>2026-09-21T02:55:07Z</time>
        <speed>0.488256</speed>
      </trkpt>
      <trkpt lat="29.21891" lon="119.660366">
        <ele>918.155448</ele>
        <time>2026-09-21T02:55:15Z</time>
        <speed>0.159749</speed>
      </trkpt>
      <trkpt lat="29.218931" lon="119.660335">
        <ele>918.514414</ele>
        <time>2026-09-21T02:55:17Z</time>
        <speed>0.438007</speed>
      </trkpt>
      <trkpt lat="29.218955" lon="119.660298">
        <ele>921.431969</ele>
        <time>2026-09-21T02:55:27Z</time>
        <speed>0.352995</speed>
      </trkpt>
      <trkpt lat="29.218972" lon="119.660241">
        <ele>924.405908</ele>
        <time>2026-09-21T02:55:37Z</time>
        <speed>0.088601</speed>
      </trkpt>
      <trkpt lat="29.218977" lon="119.660199">
        <ele>924.525987</ele>
        <time>2026-09-21T02:55:45Z</time>
        <speed>0.871595</speed>
      </trkpt>
      <trkpt lat="29.218982" lon="119.660145">
        <ele>923.918619</ele>
        <time>2026-09-21T02:55:47Z</time>
        <speed>0.50953</speed>
      </trkpt>
      <trkpt lat="29.21899" lon="119.660109">
        <ele>923.723967</ele>
        <time>2026-09-21T02:55:55Z</time>
        <speed>0.401443</speed>
      </trkpt>
      <trkpt lat="29.219" lon="119.660066">
        <ele>924.238992</ele>
        <time>2026-09-21T02:55:57Z</time>
        <speed>0.56853</speed>
      </trkpt>
      <trkpt lat="29.219003" lon="119.660027">
        <ele>925.496933</ele>
        <time>2026-09-21T02:56:05Z</time>
        <speed>0.252495</speed>
      </trkpt>
      <trkpt lat="29.219004" lon="119.659991">
        <ele>926.955786</ele>
        <time>2026-09-21T02:56:07Z</time>
        <speed>0.323441</speed>
      </trkpt>
      <trkpt lat="29.219008" lon="119.659925">
        <ele>928.890578</ele>
        <time>2026-09-21T02:56:17Z</time>
        <speed>0.513257</speed>
      </trkpt>
      <trkpt lat="29.219021" lon="119.659868">
        <ele>927.009692</ele>
        <time>2026-09-21T02:56:25Z</time>
        <speed>0.55762</speed>
      </trkpt>
      <trkpt lat="29.219035" lon="119.659813">
        <ele>926.180705</ele>
        <time>2026-09-21T02:56:27Z</time>
        <speed>0.376436</speed>
      </trkpt>
      <trkpt lat="29.219044" lon="119.659782">
        <ele>926.073055</ele>
        <time>2026-09-21T02:56:35Z</time>
        <speed>0.267582</speed>
      </trkpt>
      <trkpt lat="29.219055" lon="119.659744">
        <ele>925.75246</ele>
        <time>2026-09-21T02:56:37Z</time>
        <speed>0.813255</speed>
      </trkpt>
      <trkpt lat="29.219064" lon="119.659703">
        <ele>926.28719</ele>
        <time>2026-09-21T02:56:45Z</time>
        <speed>0.949107</speed>
      </trkpt>
      <trkpt lat="29.219077" lon="119.659643">
        <ele>925.387889</ele>
        <time>2026-09-21T02:56:47Z</time>
        <speed>0.618414</speed>
      </trkpt>
      <trkpt lat="29.219113" lon="119.65961">
        <ele>923.076967</ele>
        <time>2026-09-21T02:56:57Z</time>
        <speed>0.193908</speed>
      </trkpt>
      <trkpt lat="29.219136" lon="119.659578">
        <ele>923.083558</ele>
        <time>2026-09-21T02:57:07Z</time>
        <speed>0.247041</speed>
      </trkpt>
      <trkpt lat="29.219169" lon="119.659573">
        <ele>920.984634</ele>
        <time>2026-09-21T02:57:17Z</time>
        <speed>0.133189</speed>
      </trkpt>
      <trkpt lat="29.219207" lon="119.65953">
        <ele>922.417582</ele>
        <time>2026-09-21T02:57:27Z</time>
        <speed>0.671253</speed>
      </trkpt>
      <trkpt lat="29.219249" lon="119.659487">
        <ele>923.258758</ele>
        <time>2026-09-21T02:57:37Z</time>
        <speed>0.641891</speed>
      </trkpt>
      <trkpt lat="29.21927" lon="119.659449">
        <ele>922.388121</ele>
        <time>2026-09-21T02:57:47Z</time>
        <speed>0.388986</speed>
      </trkpt>
      <trkpt lat="29.219281" lon="119.659406">
        <ele>924.78182</ele>
        <time>2026-09-21T02:57:57Z</time>
        <speed>0.124198</speed>
      </trkpt>
      <trkpt lat="29.219273" lon="119.659374">
        <ele>927.483582</ele>
        <time>2026-09-21T02:58:25Z</time>
        <speed>1.089824</speed>
      </trkpt>
      <trkpt lat="29.219307" lon="119.659331">
        <ele>923.728388</ele>
        <time>2026-09-21T02:58:57Z</time>
        <speed>1.077517</speed>
      </trkpt>
      <trkpt lat="29.219336" lon="119.659297">
        <ele>923.288023</ele>
        <time>2026-09-21T02:59:11Z</time>
        <speed>1.026573</speed>
      </trkpt>
      <trkpt lat="29.21937" lon="119.659333">
        <ele>926.497504</ele>
        <time>2026-09-21T02:59:24Z</time>
        <speed>1.384199</speed>
      </trkpt>
      <trkpt lat="29.219418" lon="119.659283">
        <ele>926.750604</ele>
        <time>2026-09-21T02:59:29Z</time>
        <speed>0.839029</speed>
      </trkpt>
      <trkpt lat="29.219437" lon="119.659258">
        <ele>932.497948</ele>
        <time>2026-09-21T02:59:36Z</time>
        <speed>0.318245</speed>
      </trkpt>
      <trkpt lat="29.219453" lon="119.659226">
        <ele>936.063295</ele>
        <time>2026-09-21T02:59:42Z</time>
        <speed>0.843486</speed>
      </trkpt>
      <trkpt lat="29.219475" lon="119.659201">
        <ele>939.066036</ele>
        <time>2026-09-21T02:59:58Z</time>
        <speed>0.400086</speed>
      </trkpt>
      <trkpt lat="29.2195" lon="119.659178">
        <ele>937.652512</ele>
        <time>2026-09-21T03:00:02Z</time>
        <speed>0.687433</speed>
      </trkpt>
      <trkpt lat="29.219502" lon="119.659144">
        <ele>938.800321</ele>
        <time>2026-09-21T03:00:08Z</time>
        <speed>0.652874</speed>
      </trkpt>
      <trkpt lat="29.219535" lon="119.659099">
        <ele>942.148337</ele>
        <time>2026-09-21T03:00:30Z</time>
        <speed>0.654659</speed>
      </trkpt>
      <trkpt lat="29.219545" lon="119.659066">
        <ele>942.807441</ele>
        <time>2026-09-21T03:00:40Z</time>
        <speed>0.609452</speed>
      </trkpt>
      <trkpt lat="29.219541" lon="119.659021">
        <ele>940.89944</ele>
        <time>2026-09-21T03:00:49Z</time>
        <speed>0.330771</speed>
      </trkpt>
      <trkpt lat="29.219536" lon="119.658981">
        <ele>940.135037</ele>
        <time>2026-09-21T03:00:51Z</time>
        <speed>0.213249</speed>
      </trkpt>
      <trkpt lat="29.219543" lon="119.658933">
        <ele>936.664044</ele>
        <time>2026-09-21T03:01:19Z</time>
        <speed>0.511498</speed>
      </trkpt>
      <trkpt lat="29.219565" lon="119.658899">
        <ele>935.297782</ele>
        <time>2026-09-21T03:01:28Z</time>
        <speed>0.39433</speed>
      </trkpt>
      <trkpt lat="29.219606" lon="119.65889">
        <ele>937.455048</ele>
        <time>2026-09-21T03:01:39Z</time>
        <speed>0.870454</speed>
      </trkpt>
      <trkpt lat="29.219626" lon="119.658868">
        <ele>940.16227</ele>
        <time>2026-09-21T03:01:47Z</time>
        <speed>0.523287</speed>
      </trkpt>
      <trkpt lat="29.219655" lon="119.658836">
        <ele>940.67687</ele>
        <time>2026-09-21T03:01:53Z</time>
        <speed>0.577045</speed>
      </trkpt>
      <trkpt lat="29.219681" lon="119.658793">
        <ele>940.321518</ele>
        <time>2026-09-21T03:02:03Z</time>
        <speed>0.600033</speed>
      </trkpt>
      <trkpt lat="29.219709" lon="119.658761">
        <ele>939.900404</ele>
        <time>2026-09-21T03:02:13Z</time>
        <speed>0.672362</speed>
      </trkpt>
      <trkpt lat="29.219734" lon="119.658711">
        <ele>939.972887</ele>
        <time>2026-09-21T03:02:23Z</time>
        <speed>0.713728</speed>
      </trkpt>
      <trkpt lat="29.219751" lon="119.65868">
        <ele>940.734487</ele>
        <time>2026-09-21T03:02:31Z</time>
        <speed>0.112091</speed>
      </trkpt>
      <trkpt lat="29.219766" lon="119.658651">
        <ele>941.538163</ele>
        <time>2026-09-21T03:02:35Z</time>
        <speed>0.487366</speed>
      </trkpt>
      <trkpt lat="29.219786" lon="119.658598">
        <ele>944.336878</ele>
        <time>2026-09-21T03:02:43Z</time>
        <speed>0.618761</speed>
      </trkpt>
      <trkpt lat="29.219787" lon="119.658566">
        <ele>945.165072</ele>
        <time>2026-09-21T03:02:58Z</time>
        <speed>0.188369</speed>
      </trkpt>
      <trkpt lat="29.219768" lon="119.658522">
        <ele>943.996625</ele>
        <time>2026-09-21T03:03:06Z</time>
        <speed>0.820185</speed>
      </trkpt>
      <trkpt lat="29.219758" lon="119.658474">
        <ele>944.48407</ele>
        <time>2026-09-21T03:03:16Z</time>
        <speed>0.388994</speed>
      </trkpt>
      <trkpt lat="29.219746" lon="119.658443">
        <ele>946.555973</ele>
        <time>2026-09-21T03:03:24Z</time>
        <speed>0.770985</speed>
      </trkpt>
      <trkpt lat="29.21973" lon="119.658407">
        <ele>947.134878</ele>
        <time>2026-09-21T03:03:26Z</time>
        <speed>0.477668</speed>
      </trkpt>
      <trkpt lat="29.219723" lon="119.65837">
        <ele>946.498612</ele>
        <time>2026-09-21T03:03:35Z</time>
        <speed>0.56555</speed>
      </trkpt>
      <trkpt lat="29.219719" lon="119.658338">
        <ele>946.628725</ele>
        <time>2026-09-21T03:03:37Z</time>
        <speed>0.142517</speed>
      </trkpt>
      <trkpt lat="29.219736" lon="119.658265">
        <ele>943.379301</ele>
        <time>2026-09-21T03:03:47Z</time>
        <speed>0.839276</speed>
      </trkpt>
      <trkpt lat="29.219734" lon="119.658234">
        <ele>943.198797</ele>
        <time>2026-09-21T03:03:55Z</time>
        <speed>0.551731</speed>
      </trkpt>
      <trkpt lat="29.219727" lon="119.658185">
        <ele>942.008375</ele>
        <time>2026-09-21T03:03:57Z</time>
        <speed>0.786288</speed>
      </trkpt>
      <trkpt lat="29.219733" lon="119.65815">
        <ele>942.244861</ele>
        <time>2026-09-21T03:04:05Z</time>
        <speed>0.674101</speed>
      </trkpt>
      <trkpt lat="29.219742" lon="119.658102">
        <ele>941.401427</ele>
        <time>2026-09-21T03:04:07Z</time>
        <speed>0.733413</speed>
      </trkpt>
      <trkpt lat="29.219748" lon="119.658059">
        <ele>940.521251</ele>
        <time>2026-09-21T03:04:15Z</time>
        <speed>0.08623</speed>
      </trkpt>
      <trkpt lat="29.219754" lon="119.658019">
        <ele>940.64133</ele>
        <time>2026-09-21T03:04:17Z</time>
        <speed>0.224262</speed>
      </trkpt>
      <trkpt lat="29.219761" lon="119.657984">
        <ele>939.921445</ele>
        <time>2026-09-21T03:04:25Z</time>
        <speed>0.395758</speed>
      </trkpt>
      <trkpt lat="29.219768" lon="119.657952">
        <ele>939.903102</ele>
        <time>2026-09-21T03:04:29Z</time>
        <speed>0.115566</speed>
      </trkpt>
      <trkpt lat="29.21977" lon="119.65791">
        <ele>941.844974</ele>
        <time>2026-09-21T03:05:07Z</time>
        <speed>0.949043</speed>
      </trkpt>
      <trkpt lat="29.219776" lon="119.657878">
        <ele>941.392278</ele>
        <time>2026-09-21T03:05:11Z</time>
        <speed>0.388593</speed>
      </trkpt>
      <trkpt lat="29.219792" lon="119.657835">
        <ele>941.896595</ele>
        <time>2026-09-21T03:05:17Z</time>
        <speed>0.618206</speed>
      </trkpt>
      <trkpt lat="29.219797" lon="119.657792">
        <ele>944.823128</ele>
        <time>2026-09-21T03:05:27Z</time>
        <speed>0.638011</speed>
      </trkpt>
      <trkpt lat="29.21979" lon="119.65776">
        <ele>945.327262</ele>
        <time>2026-09-21T03:05:35Z</time>
        <speed>0.599546</speed>
      </trkpt>
      <trkpt lat="29.219784" lon="119.657729">
        <ele>945.865826</ele>
        <time>2026-09-21T03:05:37Z</time>
        <speed>0.523921</speed>
      </trkpt>
      <trkpt lat="29.219791" lon="119.657682">
        <ele>948.061158</ele>
        <time>2026-09-21T03:05:47Z</time>
        <speed>0.247202</speed>
      </trkpt>
      <trkpt lat="29.219795" lon="119.657647">
        <ele>949.73468</ele>
        <time>2026-09-21T03:05:55Z</time>
        <speed>0.373877</speed>
      </trkpt>
      <trkpt lat="29.219797" lon="119.657613">
        <ele>949.607611</ele>
        <time>2026-09-21T03:05:57Z</time>
        <speed>0.217323</speed>
      </trkpt>
      <trkpt lat="29.219811" lon="119.657576">
        <ele>950.673351</ele>
        <time>2026-09-21T03:06:05Z</time>
        <speed>0.89287</speed>
      </trkpt>
      <trkpt lat="29.21983" lon="119.657527">
        <ele>951.701666</ele>
        <time>2026-09-21T03:06:07Z</time>
        <speed>0.576329</speed>
      </trkpt>
      <trkpt lat="29.219845" lon="119.657487">
        <ele>952.435433</ele>
        <time>2026-09-21T03:06:15Z</time>
        <speed>0.611625</speed>
      </trkpt>
      <trkpt lat="29.219862" lon="119.657437">
        <ele>953.630584</ele>
        <time>2026-09-21T03:06:17Z</time>
        <speed>0.672948</speed>
      </trkpt>
      <trkpt lat="29.219874" lon="119.657397">
        <ele>954.890003</ele>
        <time>2026-09-21T03:06:25Z</time>
        <speed>0.574247</speed>
      </trkpt>
      <trkpt lat="29.219889" lon="119.657344">
        <ele>955.949267</ele>
        <time>2026-09-21T03:06:27Z</time>
        <speed>0.748702</speed>
      </trkpt>
      <trkpt lat="29.219901" lon="119.657302">
        <ele>956.173333</ele>
        <time>2026-09-21T03:06:35Z</time>
        <speed>0.479</speed>
      </trkpt>
      <trkpt lat="29.219915" lon="119.657261">
        <ele>956.230388</ele>
        <time>2026-09-21T03:06:37Z</time>
        <speed>0.41961</speed>
      </trkpt>
      <trkpt lat="29.219929" lon="119.657229">
        <ele>955.807558</ele>
        <time>2026-09-21T03:06:45Z</time>
        <speed>0.523996</speed>
      </trkpt>
      <trkpt lat="29.219945" lon="119.65719">
        <ele>955.129548</ele>
        <time>2026-09-21T03:06:47Z</time>
        <speed>0.700308</speed>
      </trkpt>
      <trkpt lat="29.219962" lon="119.657154">
        <ele>954.687745</ele>
        <time>2026-09-21T03:06:55Z</time>
        <speed>0.488281</speed>
      </trkpt>
      <trkpt lat="29.219982" lon="119.657113">
        <ele>955.621045</ele>
        <time>2026-09-21T03:06:57Z</time>
        <speed>0.554422</speed>
      </trkpt>
      <trkpt lat="29.220019" lon="119.657073">
        <ele>958.49607</ele>
        <time>2026-09-21T03:07:07Z</time>
        <speed>0.351519</speed>
      </trkpt>
      <trkpt lat="29.220028" lon="119.657043">
        <ele>958.440903</ele>
        <time>2026-09-21T03:07:15Z</time>
        <speed>0.62861</speed>
      </trkpt>
      <trkpt lat="29.220036" lon="119.657007">
        <ele>958.186791</ele>
        <time>2026-09-21T03:07:17Z</time>
        <speed>0.724918</speed>
      </trkpt>
      <trkpt lat="29.220024" lon="119.65694">
        <ele>958.722018</ele>
        <time>2026-09-21T03:07:27Z</time>
        <speed>0.514001</speed>
      </trkpt>
      <trkpt lat="29.220052" lon="119.656919">
        <ele>959.877697</ele>
        <time>2026-09-21T03:07:35Z</time>
        <speed>1.156439</speed>
      </trkpt>
      <trkpt lat="29.220081" lon="119.65691">
        <ele>959.640859</ele>
        <time>2026-09-21T03:07:37Z</time>
        <speed>1.066785</speed>
      </trkpt>
      <trkpt lat="29.220125" lon="119.656895">
        <ele>958.355168</ele>
        <time>2026-09-21T03:07:39Z</time>
        <speed>0.996241</speed>
      </trkpt>
      <trkpt lat="29.220169" lon="119.656866">
        <ele>959.61075</ele>
        <time>2026-09-21T03:07:47Z</time>
        <speed>1.108743</speed>
      </trkpt>
      <trkpt lat="29.220193" lon="119.656843">
        <ele>959.784379</ele>
        <time>2026-09-21T03:07:49Z</time>
        <speed>1.228354</speed>
      </trkpt>
      <trkpt lat="29.220213" lon="119.656819">
        <ele>959.712242</ele>
        <time>2026-09-21T03:07:51Z</time>
        <speed>0.744295</speed>
      </trkpt>
      <trkpt lat="29.220238" lon="119.656791">
        <ele>958.991654</ele>
        <time>2026-09-21T03:07:53Z</time>
        <speed>0.878861</speed>
      </trkpt>
      <trkpt lat="29.220258" lon="119.656758">
        <ele>958.212347</ele>
        <time>2026-09-21T03:08:01Z</time>
        <speed>0.914982</speed>
      </trkpt>
      <trkpt lat="29.220281" lon="119.656718">
        <ele>959.068993</ele>
        <time>2026-09-21T03:08:03Z</time>
        <speed>0.527338</speed>
      </trkpt>
      <trkpt lat="29.220309" lon="119.656697">
        <ele>960.217124</ele>
        <time>2026-09-21T03:08:11Z</time>
        <speed>0.913638</speed>
      </trkpt>
      <trkpt lat="29.220366" lon="119.656666">
        <ele>960.482861</ele>
        <time>2026-09-21T03:08:15Z</time>
        <speed>0.646914</speed>
      </trkpt>
      <trkpt lat="29.220394" lon="119.656653">
        <ele>961.705549</ele>
        <time>2026-09-21T03:08:22Z</time>
        <speed>1.091879</speed>
      </trkpt>
      <trkpt lat="29.220436" lon="119.656635">
        <ele>961.010246</ele>
        <time>2026-09-21T03:08:26Z</time>
        <speed>0.837112</speed>
      </trkpt>
      <trkpt lat="29.220462" lon="119.656606">
        <ele>961.168176</ele>
        <time>2026-09-21T03:08:30Z</time>
        <speed>1.176195</speed>
      </trkpt>
      <trkpt lat="29.220491" lon="119.656553">
        <ele>960.27992</ele>
        <time>2026-09-21T03:08:36Z</time>
        <speed>1.04425</speed>
      </trkpt>
      <trkpt lat="29.220488" lon="119.656488">
        <ele>960.952832</ele>
        <time>2026-09-21T03:08:41Z</time>
        <speed>1.084717</speed>
      </trkpt>
      <trkpt lat="29.220498" lon="119.656441">
        <ele>961.418841</ele>
        <time>2026-09-21T03:08:51Z</time>
        <speed>0.583555</speed>
      </trkpt>
      <trkpt lat="29.220516" lon="119.656416">
        <ele>961.35617</ele>
        <time>2026-09-21T03:08:55Z</time>
        <speed>0.794834</speed>
      </trkpt>
      <trkpt lat="29.220539" lon="119.6564">
        <ele>960.447388</ele>
        <time>2026-09-21T03:08:59Z</time>
        <speed>0.465312</speed>
      </trkpt>
      <trkpt lat="29.220571" lon="119.656387">
        <ele>961.239548</ele>
        <time>2026-09-21T03:09:03Z</time>
        <speed>1.209809</speed>
      </trkpt>
      <trkpt lat="29.220597" lon="119.656377">
        <ele>960.963806</ele>
        <time>2026-09-21T03:09:08Z</time>
        <speed>0.78672</speed>
      </trkpt>
      <trkpt lat="29.220617" lon="119.656355">
        <ele>961.34574</ele>
        <time>2026-09-21T03:09:12Z</time>
        <speed>0.864791</speed>
      </trkpt>
      <trkpt lat="29.220661" lon="119.656316">
        <ele>961.678486</ele>
        <time>2026-09-21T03:09:16Z</time>
        <speed>1.201799</speed>
      </trkpt>
      <trkpt lat="29.220704" lon="119.656278">
        <ele>962.193951</ele>
        <time>2026-09-21T03:09:20Z</time>
        <speed>0.940697</speed>
      </trkpt>
      <trkpt lat="29.220725" lon="119.656231">
        <ele>964.619735</ele>
        <time>2026-09-21T03:09:28Z</time>
        <speed>1.106248</speed>
      </trkpt>
      <trkpt lat="29.220749" lon="119.656172">
        <ele>965.268187</ele>
        <time>2026-09-21T03:09:30Z</time>
        <speed>0.947944</speed>
      </trkpt>
      <trkpt lat="29.22075" lon="119.656123">
        <ele>966.139385</ele>
        <time>2026-09-21T03:09:38Z</time>
        <speed>1.12065</speed>
      </trkpt>
      <trkpt lat="29.220747" lon="119.656087">
        <ele>966.496154</ele>
        <time>2026-09-21T03:09:40Z</time>
        <speed>1.159409</speed>
      </trkpt>
      <trkpt lat="29.220746" lon="119.656052">
        <ele>966.620949</ele>
        <time>2026-09-21T03:09:42Z</time>
        <speed>1.1146</speed>
      </trkpt>
      <trkpt lat="29.220747" lon="119.656011">
        <ele>966.524297</ele>
        <time>2026-09-21T03:09:45Z</time>
        <speed>1.012616</speed>
      </trkpt>
      <trkpt lat="29.220759" lon="119.655962">
        <ele>966.4176</ele>
        <time>2026-09-21T03:09:49Z</time>
        <speed>1.097245</speed>
      </trkpt>
      <trkpt lat="29.220781" lon="119.655934">
        <ele>967.066947</ele>
        <time>2026-09-21T03:09:53Z</time>
        <speed>1.051289</speed>
      </trkpt>
      <trkpt lat="29.220833" lon="119.655887">
        <ele>967.02362</ele>
        <time>2026-09-21T03:10:00Z</time>
        <speed>1.163627</speed>
      </trkpt>
      <trkpt lat="29.220861" lon="119.655861">
        <ele>966.69521</ele>
        <time>2026-09-21T03:10:04Z</time>
        <speed>1.069171</speed>
      </trkpt>
      <trkpt lat="29.220883" lon="119.655839">
        <ele>966.171349</ele>
        <time>2026-09-21T03:10:07Z</time>
        <speed>1.198602</speed>
      </trkpt>
      <trkpt lat="29.220922" lon="119.655802">
        <ele>966.048152</ele>
        <time>2026-09-21T03:10:13Z</time>
        <speed>1.13534</speed>
      </trkpt>
      <trkpt lat="29.220955" lon="119.655768">
        <ele>966.777544</ele>
        <time>2026-09-21T03:10:17Z</time>
        <speed>0.76898</speed>
      </trkpt>
      <trkpt lat="29.220983" lon="119.655746">
        <ele>968.118187</ele>
        <time>2026-09-21T03:10:24Z</time>
        <speed>0.619126</speed>
      </trkpt>
      <trkpt lat="29.221017" lon="119.65572">
        <ele>967.536782</ele>
        <time>2026-09-21T03:10:28Z</time>
        <speed>0.399749</speed>
      </trkpt>
      <trkpt lat="29.22105" lon="119.655697">
        <ele>968.542533</ele>
        <time>2026-09-21T03:10:32Z</time>
        <speed>0.781781</speed>
      </trkpt>
      <trkpt lat="29.221076" lon="119.655652">
        <ele>968.159109</ele>
        <time>2026-09-21T03:10:42Z</time>
        <speed>0.63091</speed>
      </trkpt>
      <trkpt lat="29.221043" lon="119.655634">
        <ele>972.973108</ele>
        <time>2026-09-21T03:12:45Z</time>
        <speed>0.0</speed>
      </trkpt>
      <trkpt lat="29.221039" lon="119.655672">
        <ele>972.310274</ele>
        <time>2026-09-21T03:12:54Z</time>
        <speed>0.66065</speed>
      </trkpt>
      <trkpt lat="29.221042" lon="119.655711">
        <ele>970.911616</ele>
        <time>2026-09-21T03:12:58Z</time>
        <speed>0.332656</speed>
      </trkpt>
      <trkpt lat="29.221042" lon="119.655743">
        <ele>971.514044</ele>
        <time>2026-09-21T03:13:08Z</time>
        <speed>0.563208</speed>
      </trkpt>
      <trkpt lat="29.221042" lon="119.655785">
        <ele>972.214414</ele>
        <time>2026-09-21T03:13:32Z</time>
        <speed>0.734243</speed>
      </trkpt>
      <trkpt lat="29.221044" lon="119.655831">
        <ele>972.409899</ele>
        <time>2026-09-21T03:13:38Z</time>
        <speed>0.825882</speed>
      </trkpt>
      <trkpt lat="29.221045" lon="119.655875">
        <ele>972.695663</ele>
        <time>2026-09-21T03:13:42Z</time>
        <speed>0.805641</speed>
      </trkpt>
      <trkpt lat="29.221046" lon="119.655913">
        <ele>972.442951</ele>
        <time>2026-09-21T03:13:50Z</time>
        <speed>1.05626</speed>
      </trkpt>
      <trkpt lat="29.221046" lon="119.655963">
        <ele>972.477477</ele>
        <time>2026-09-21T03:13:52Z</time>
        <speed>0.761463</speed>
      </trkpt>
      <trkpt lat="29.221045" lon="119.656">
        <ele>973.088113</ele>
        <time>2026-09-21T03:14:01Z</time>
        <speed>0.925706</speed>
      </trkpt>
      <trkpt lat="29.221047" lon="119.656042">
        <ele>973.285679</ele>
        <time>2026-09-21T03:14:03Z</time>
        <speed>0.650652</speed>
      </trkpt>
      <trkpt lat="29.22105" lon="119.656076">
        <ele>973.707508</ele>
        <time>2026-09-21T03:14:11Z</time>
        <speed>0.59584</speed>
      </trkpt>
      <trkpt lat="29.221054" lon="119.656112">
        <ele>973.269458</ele>
        <time>2026-09-21T03:14:19Z</time>
        <speed>0.882022</speed>
      </trkpt>
      <trkpt lat="29.22106" lon="119.656167">
        <ele>973.240142</ele>
        <time>2026-09-21T03:14:23Z</time>
        <speed>0.732414</speed>
      </trkpt>
      <trkpt lat="29.221064" lon="119.656205">
        <ele>975.243625</ele>
        <time>2026-09-21T03:14:31Z</time>
        <speed>0.815826</speed>
      </trkpt>
      <trkpt lat="29.221067" lon="119.65625">
        <ele>975.117746</ele>
        <time>2026-09-21T03:14:33Z</time>
        <speed>0.794067</speed>
      </trkpt>
      <trkpt lat="29.221069" lon="119.656285">
        <ele>975.126402</ele>
        <time>2026-09-21T03:14:41Z</time>
        <speed>0.760449</speed>
      </trkpt>
      <trkpt lat="29.221072" lon="119.656321">
        <ele>975.135098</ele>
        <time>2026-09-21T03:14:43Z</time>
        <speed>0.447481</speed>
      </trkpt>
      <trkpt lat="29.221079" lon="119.656355">
        <ele>976.396759</ele>
        <time>2026-09-21T03:14:51Z</time>
        <speed>0.554682</speed>
      </trkpt>
      <trkpt lat="29.221087" lon="119.656389">
        <ele>976.907137</ele>
        <time>2026-09-21T03:14:53Z</time>
        <speed>0.42803</speed>
      </trkpt>
      <trkpt lat="29.221094" lon="119.65644">
        <ele>976.462069</ele>
        <time>2026-09-21T03:15:03Z</time>
        <speed>0.530553</speed>
      </trkpt>
      <trkpt lat="29.2211" lon="119.656471">
        <ele>976.628028</ele>
        <time>2026-09-21T03:15:11Z</time>
        <speed>0.704536</speed>
      </trkpt>
      <trkpt lat="29.221108" lon="119.656511">
        <ele>976.614149</ele>
        <time>2026-09-21T03:15:13Z</time>
        <speed>0.917893</speed>
      </trkpt>
      <trkpt lat="29.221114" lon="119.656544">
        <ele>976.966686</ele>
        <time>2026-09-21T03:15:21Z</time>
        <speed>0.736201</speed>
      </trkpt>
      <trkpt lat="29.221123" lon="119.656588">
        <ele>976.804353</ele>
        <time>2026-09-21T03:15:23Z</time>
        <speed>0.862085</speed>
      </trkpt>
      <trkpt lat="29.221121" lon="119.656622">
        <ele>978.137606</ele>
        <time>2026-09-21T03:15:31Z</time>
        <speed>1.02128</speed>
      </trkpt>
      <trkpt lat="29.221128" lon="119.656673">
        <ele>978.807131</ele>
        <time>2026-09-21T03:15:35Z</time>
        <speed>1.081191</speed>
      </trkpt>
      <trkpt lat="29.221139" lon="119.65671">
        <ele>978.447137</ele>
        <time>2026-09-21T03:15:42Z</time>
        <speed>0.058788</speed>
      </trkpt>
      <trkpt lat="29.221151" lon="119.65674">
        <ele>978.943984</ele>
        <time>2026-09-21T03:15:48Z</time>
        <speed>0.418594</speed>
      </trkpt>
      <trkpt lat="29.221164" lon="119.656768">
        <ele>979.26418</ele>
        <time>2026-09-21T03:15:54Z</time>
        <speed>0.713442</speed>
      </trkpt>
      <trkpt lat="29.221182" lon="119.656823">
        <ele>980.169416</ele>
        <time>2026-09-21T03:16:02Z</time>
        <speed>0.706808</speed>
      </trkpt>
      <trkpt lat="29.221199" lon="119.656856">
        <ele>981.767254</ele>
        <time>2026-09-21T03:16:10Z</time>
        <speed>0.869108</speed>
      </trkpt>
      <trkpt lat="29.221221" lon="119.656895">
        <ele>982.201209</ele>
        <time>2026-09-21T03:16:12Z</time>
        <speed>0.635775</speed>
      </trkpt>
      <trkpt lat="29.221242" lon="119.656918">
        <ele>982.944591</ele>
        <time>2026-09-21T03:16:20Z</time>
        <speed>0.738019</speed>
      </trkpt>
      <trkpt lat="29.221267" lon="119.656943">
        <ele>982.522784</ele>
        <time>2026-09-21T03:16:22Z</time>
        <speed>0.654182</speed>
      </trkpt>
      <trkpt lat="29.22129" lon="119.656966">
        <ele>982.744504</ele>
        <time>2026-09-21T03:16:30Z</time>
        <speed>0.900242</speed>
      </trkpt>
      <trkpt lat="29.221318" lon="119.656994">
        <ele>983.666005</ele>
        <time>2026-09-21T03:16:32Z</time>
        <speed>0.754203</speed>
      </trkpt>
      <trkpt lat="29.221335" lon="119.657019">
        <ele>985.250191</ele>
        <time>2026-09-21T03:16:40Z</time>
        <speed>0.524642</speed>
      </trkpt>
      <trkpt lat="29.221353" lon="119.657048">
        <ele>985.317001</ele>
        <time>2026-09-21T03:16:42Z</time>
        <speed>0.600781</speed>
      </trkpt>
      <trkpt lat="29.221365" lon="119.657084">
        <ele>984.227302</ele>
        <time>2026-09-21T03:16:52Z</time>
        <speed>0.672678</speed>
      </trkpt>
      <trkpt lat="29.221373" lon="119.657115">
        <ele>985.944069</ele>
        <time>2026-09-21T03:17:00Z</time>
        <speed>0.764635</speed>
      </trkpt>
      <trkpt lat="29.221383" lon="119.657155">
        <ele>985.962242</ele>
        <time>2026-09-21T03:17:02Z</time>
        <speed>0.870309</speed>
      </trkpt>
      <trkpt lat="29.221403" lon="119.657182">
        <ele>985.723778</ele>
        <time>2026-09-21T03:17:10Z</time>
        <speed>1.072017</speed>
      </trkpt>
      <trkpt lat="29.221435" lon="119.657217">
        <ele>985.581693</ele>
        <time>2026-09-21T03:17:12Z</time>
        <speed>0.902281</speed>
      </trkpt>
      <trkpt lat="29.221475" lon="119.657229">
        <ele>987.040334</ele>
        <time>2026-09-21T03:17:20Z</time>
        <speed>0.820517</speed>
      </trkpt>
      <trkpt lat="29.22152" lon="119.657237">
        <ele>986.254798</ele>
        <time>2026-09-21T03:17:22Z</time>
        <speed>0.840585</speed>
      </trkpt>
      <trkpt lat="29.221549" lon="119.657227">
        <ele>986.212861</ele>
        <time>2026-09-21T03:17:30Z</time>
        <speed>0.090556</speed>
      </trkpt>
      <trkpt lat="29.221579" lon="119.657204">
        <ele>986.14108</ele>
        <time>2026-09-21T03:17:42Z</time>
        <speed>0.389007</speed>
      </trkpt>
      <trkpt lat="29.2216" lon="119.657179">
        <ele>986.638591</ele>
        <time>2026-09-21T03:17:50Z</time>
        <speed>0.911021</speed>
      </trkpt>
      <trkpt lat="29.221631" lon="119.657127">
        <ele>987.056677</ele>
        <time>2026-09-21T03:17:54Z</time>
        <speed>0.541903</speed>
      </trkpt>
      <trkpt lat="29.221645" lon="119.6571">
        <ele>987.549402</ele>
        <time>2026-09-21T03:18:02Z</time>
        <speed>0.580451</speed>
      </trkpt>
      <trkpt lat="29.221664" lon="119.657037">
        <ele>988.323063</ele>
        <time>2026-09-21T03:18:08Z</time>
        <speed>1.182027</speed>
      </trkpt>
      <trkpt lat="29.221673" lon="119.657006">
        <ele>987.898567</ele>
        <time>2026-09-21T03:18:10Z</time>
        <speed>0.795</speed>
      </trkpt>
      <trkpt lat="29.221695" lon="119.656963">
        <ele>988.51124</ele>
        <time>2026-09-21T03:18:18Z</time>
        <speed>0.813597</speed>
      </trkpt>
      <trkpt lat="29.221717" lon="119.656917">
        <ele>989.537453</ele>
        <time>2026-09-21T03:18:22Z</time>
        <speed>0.944113</speed>
      </trkpt>
      <trkpt lat="29.221729" lon="119.656886">
        <ele>988.994444</ele>
        <time>2026-09-21T03:18:24Z</time>
        <speed>0.991868</speed>
      </trkpt>
      <trkpt lat="29.221719" lon="119.656851">
        <ele>989.104267</ele>
        <time>2026-09-21T03:18:32Z</time>
        <speed>0.674564</speed>
      </trkpt>
      <trkpt lat="29.2217" lon="119.6568">
        <ele>991.311378</ele>
        <time>2026-09-21T03:18:34Z</time>
        <speed>0.726493</speed>
      </trkpt>
      <trkpt lat="29.221678" lon="119.656772">
        <ele>994.239221</ele>
        <time>2026-09-21T03:18:42Z</time>
        <speed>0.55438</speed>
      </trkpt>
      <trkpt lat="29.221655" lon="119.656746">
        <ele>994.044826</ele>
        <time>2026-09-21T03:18:44Z</time>
        <speed>0.481417</speed>
      </trkpt>
      <trkpt lat="29.221605" lon="119.656733">
        <ele>994.738229</ele>
        <time>2026-09-21T03:18:54Z</time>
        <speed>0.176362</speed>
      </trkpt>
      <trkpt lat="29.22156" lon="119.656682">
        <ele>992.176703</ele>
        <time>2026-09-21T03:19:04Z</time>
        <speed>0.919264</speed>
      </trkpt>
      <trkpt lat="29.221538" lon="119.656651">
        <ele>994.04882</ele>
        <time>2026-09-21T03:19:12Z</time>
        <speed>0.816866</speed>
      </trkpt>
      <trkpt lat="29.221515" lon="119.656614">
        <ele>993.293508</ele>
        <time>2026-09-21T03:19:14Z</time>
        <speed>0.988492</speed>
      </trkpt>
      <trkpt lat="29.221506" lon="119.656576">
        <ele>993.296259</ele>
        <time>2026-09-21T03:19:22Z</time>
        <speed>0.760562</speed>
      </trkpt>
      <trkpt lat="29.2215" lon="119.656532">
        <ele>993.029404</ele>
        <time>2026-09-21T03:19:24Z</time>
        <speed>0.793058</speed>
      </trkpt>
      <trkpt lat="29.22151" lon="119.6565">
        <ele>993.055024</ele>
        <time>2026-09-21T03:19:32Z</time>
        <speed>0.794402</speed>
      </trkpt>
      <trkpt lat="29.221528" lon="119.656458">
        <ele>993.75601</ele>
        <time>2026-09-21T03:19:34Z</time>
        <speed>0.873101</speed>
      </trkpt>
      <trkpt lat="29.221551" lon="119.656435">
        <ele>995.222454</ele>
        <time>2026-09-21T03:19:42Z</time>
        <speed>0.674491</speed>
      </trkpt>
      <trkpt lat="29.221578" lon="119.656409">
        <ele>995.196749</ele>
        <time>2026-09-21T03:19:44Z</time>
        <speed>0.864048</speed>
      </trkpt>
      <trkpt lat="29.221604" lon="119.656387">
        <ele>996.038972</ele>
        <time>2026-09-21T03:19:52Z</time>
        <speed>0.842836</speed>
      </trkpt>
      <trkpt lat="29.221633" lon="119.656361">
        <ele>995.625686</ele>
        <time>2026-09-21T03:19:54Z</time>
        <speed>0.718945</speed>
      </trkpt>
      <trkpt lat="29.221659" lon="119.656336">
        <ele>994.49694</ele>
        <time>2026-09-21T03:20:02Z</time>
        <speed>1.033763</speed>
      </trkpt>
      <trkpt lat="29.221693" lon="119.656303">
        <ele>993.89773</ele>
        <time>2026-09-21T03:20:04Z</time>
        <speed>0.88939</speed>
      </trkpt>
      <trkpt lat="29.221726" lon="119.656282">
        <ele>995.001587</ele>
        <time>2026-09-21T03:20:12Z</time>
        <speed>0.72053</speed>
      </trkpt>
      <trkpt lat="29.221752" lon="119.656272">
        <ele>994.519026</ele>
        <time>2026-09-21T03:20:14Z</time>
        <speed>1.097316</speed>
      </trkpt>
      <trkpt lat="29.221804" lon="119.656259">
        <ele>995.596067</ele>
        <time>2026-09-21T03:20:19Z</time>
        <speed>1.038889</speed>
      </trkpt>
      <trkpt lat="29.221834" lon="119.656257">
        <ele>995.268049</ele>
        <time>2026-09-21T03:20:21Z</time>
        <speed>1.175279</speed>
      </trkpt>
      <trkpt lat="29.221878" lon="119.656257">
        <ele>996.96918</ele>
        <time>2026-09-21T03:20:25Z</time>
        <speed>1.013999</speed>
      </trkpt>
      <trkpt lat="29.221923" lon="119.656269">
        <ele>995.258219</ele>
        <time>2026-09-21T03:20:30Z</time>
        <speed>1.037819</speed>
      </trkpt>
      <trkpt lat="29.221969" lon="119.656292">
        <ele>996.4906</ele>
        <time>2026-09-21T03:20:36Z</time>
        <speed>1.324197</speed>
      </trkpt>
      <trkpt lat="29.221997" lon="119.656307">
        <ele>998.246231</ele>
        <time>2026-09-21T03:20:42Z</time>
        <speed>0.923626</speed>
      </trkpt>
      <trkpt lat="29.222024" lon="119.65632">
        <ele>999.218343</ele>
        <time>2026-09-21T03:20:45Z</time>
        <speed>1.180405</speed>
      </trkpt>
      <trkpt lat="29.222073" lon="119.656339">
        <ele>999.577354</ele>
        <time>2026-09-21T03:20:49Z</time>
        <speed>0.938056</speed>
      </trkpt>
      <trkpt lat="29.222112" lon="119.656349">
        <ele>1000.921069</ele>
        <time>2026-09-21T03:20:53Z</time>
        <speed>0.726809</speed>
      </trkpt>
      <trkpt lat="29.222151" lon="119.65636">
        <ele>1001.396979</ele>
        <time>2026-09-21T03:21:03Z</time>
        <speed>0.364446</speed>
      </trkpt>
      <trkpt lat="29.222174" lon="119.656396">
        <ele>999.591811</ele>
        <time>2026-09-21T03:21:13Z</time>
        <speed>0.424457</speed>
      </trkpt>
      <trkpt lat="29.222187" lon="119.656428">
        <ele>998.710293</ele>
        <time>2026-09-21T03:21:21Z</time>
        <speed>0.458542</speed>
      </trkpt>
      <trkpt lat="29.222213" lon="119.656494">
        <ele>997.749536</ele>
        <time>2026-09-21T03:21:25Z</time>
        <speed>0.700705</speed>
      </trkpt>
      <trkpt lat="29.222228" lon="119.656525">
        <ele>997.9059</ele>
        <time>2026-09-21T03:21:32Z</time>
        <speed>0.522557</speed>
      </trkpt>
      <trkpt lat="29.222248" lon="119.656562">
        <ele>998.668501</ele>
        <time>2026-09-21T03:21:36Z</time>
        <speed>0.648918</speed>
      </trkpt>
      <trkpt lat="29.222271" lon="119.65659">
        <ele>999.080945</ele>
        <time>2026-09-21T03:21:40Z</time>
        <speed>0.85579</speed>
      </trkpt>
      <trkpt lat="29.222296" lon="119.656605">
        <ele>1002.987402</ele>
        <time>2026-09-21T03:21:48Z</time>
        <speed>0.815347</speed>
      </trkpt>
      <trkpt lat="29.222334" lon="119.656627">
        <ele>1003.664949</ele>
        <time>2026-09-21T03:21:50Z</time>
        <speed>0.78741</speed>
      </trkpt>
      <trkpt lat="29.222365" lon="119.656634">
        <ele>1003.010356</ele>
        <time>2026-09-21T03:21:58Z</time>
        <speed>0.741655</speed>
      </trkpt>
      <trkpt lat="29.222402" lon="119.656641">
        <ele>1003.533292</ele>
        <time>2026-09-21T03:22:00Z</time>
        <speed>0.77016</speed>
      </trkpt>
      <trkpt lat="29.222435" lon="119.656648">
        <ele>1002.985204</ele>
        <time>2026-09-21T03:22:08Z</time>
        <speed>0.8619</speed>
      </trkpt>
      <trkpt lat="29.222475" lon="119.656657">
        <ele>1003.342171</ele>
        <time>2026-09-21T03:22:10Z</time>
        <speed>0.808646</speed>
      </trkpt>
      <trkpt lat="29.222507" lon="119.656664">
        <ele>1005.624858</ele>
        <time>2026-09-21T03:22:18Z</time>
        <speed>0.883691</speed>
      </trkpt>
      <trkpt lat="29.22255" lon="119.656673">
        <ele>1005.12318</ele>
        <time>2026-09-21T03:22:20Z</time>
        <speed>0.722125</speed>
      </trkpt>
      <trkpt lat="29.222582" lon="119.65669">
        <ele>1003.516116</ele>
        <time>2026-09-21T03:22:28Z</time>
        <speed>1.060025</speed>
      </trkpt>
      <trkpt lat="29.222621" lon="119.656714">
        <ele>1004.43196</ele>
        <time>2026-09-21T03:22:30Z</time>
        <speed>0.865951</speed>
      </trkpt>
      <trkpt lat="29.222647" lon="119.656732">
        <ele>1006.451386</ele>
        <time>2026-09-21T03:22:38Z</time>
        <speed>0.661839</speed>
      </trkpt>
      <trkpt lat="29.222675" lon="119.65675">
        <ele>1006.479911</ele>
        <time>2026-09-21T03:22:40Z</time>
        <speed>0.590556</speed>
      </trkpt>
      <trkpt lat="29.222724" lon="119.656778">
        <ele>1006.258384</ele>
        <time>2026-09-21T03:22:50Z</time>
        <speed>0.865662</speed>
      </trkpt>
      <trkpt lat="29.222752" lon="119.6568">
        <ele>1006.947014</ele>
        <time>2026-09-21T03:22:58Z</time>
        <speed>0.667568</speed>
      </trkpt>
      <trkpt lat="29.222797" lon="119.656837">
        <ele>1007.573389</ele>
        <time>2026-09-21T03:23:03Z</time>
        <speed>1.057402</speed>
      </trkpt>
      <trkpt lat="29.222819" lon="119.656856">
        <ele>1007.610306</ele>
        <time>2026-09-21T03:23:05Z</time>
        <speed>0.751287</speed>
      </trkpt>
      <trkpt lat="29.222845" lon="119.656882">
        <ele>1008.225134</ele>
        <time>2026-09-21T03:23:12Z</time>
        <speed>1.005675</speed>
      </trkpt>
      <trkpt lat="29.222882" lon="119.656918">
        <ele>1009.753089</ele>
        <time>2026-09-21T03:23:16Z</time>
        <speed>0.8721</speed>
      </trkpt>
      <trkpt lat="29.222917" lon="119.656949">
        <ele>1010.682541</ele>
        <time>2026-09-21T03:23:20Z</time>
        <speed>1.016801</speed>
      </trkpt>
      <trkpt lat="29.222954" lon="119.656976">
        <ele>1008.193962</ele>
        <time>2026-09-21T03:23:24Z</time>
        <speed>0.807505</speed>
      </trkpt>
      <trkpt lat="29.222979" lon="119.657004">
        <ele>1007.582421</ele>
        <time>2026-09-21T03:23:31Z</time>
        <speed>1.121071</speed>
      </trkpt>
      <trkpt lat="29.223004" lon="119.657051">
        <ele>1008.569506</ele>
        <time>2026-09-21T03:23:35Z</time>
        <speed>0.82672</speed>
      </trkpt>
      <trkpt lat="29.223031" lon="119.657097">
        <ele>1009.363456</ele>
        <time>2026-09-21T03:23:39Z</time>
        <speed>0.716336</speed>
      </trkpt>
      <trkpt lat="29.223049" lon="119.657129">
        <ele>1008.916623</ele>
        <time>2026-09-21T03:23:47Z</time>
        <speed>0.798955</speed>
      </trkpt>
      <trkpt lat="29.223063" lon="119.657156">
        <ele>1009.14005</ele>
        <time>2026-09-21T03:23:48Z</time>
        <speed>1.194646</speed>
      </trkpt>
      <trkpt lat="29.223089" lon="119.657209">
        <ele>1008.562115</ele>
        <time>2026-09-21T03:23:53Z</time>
        <speed>1.030316</speed>
      </trkpt>
      <trkpt lat="29.223105" lon="119.657239">
        <ele>1008.919447</ele>
        <time>2026-09-21T03:23:55Z</time>
        <speed>1.167884</speed>
      </trkpt>
      <trkpt lat="29.223135" lon="119.657301">
        <ele>1007.395981</ele>
        <time>2026-09-21T03:24:01Z</time>
        <speed>1.184961</speed>
      </trkpt>
      <trkpt lat="29.223157" lon="119.657341">
        <ele>1008.468539</ele>
        <time>2026-09-21T03:24:05Z</time>
        <speed>1.112084</speed>
      </trkpt>
      <trkpt lat="29.223175" lon="119.65737">
        <ele>1009.285698</ele>
        <time>2026-09-21T03:24:12Z</time>
        <speed>1.082236</speed>
      </trkpt>
      <trkpt lat="29.223205" lon="119.657414">
        <ele>1010.293078</ele>
        <time>2026-09-21T03:24:16Z</time>
        <speed>0.809567</speed>
      </trkpt>
      <trkpt lat="29.223231" lon="119.657438">
        <ele>1011.265394</ele>
        <time>2026-09-21T03:24:20Z</time>
        <speed>0.444052</speed>
      </trkpt>
      <trkpt lat="29.223253" lon="119.657459">
        <ele>1010.720878</ele>
        <time>2026-09-21T03:24:28Z</time>
        <speed>0.684555</speed>
      </trkpt>
      <trkpt lat="29.223281" lon="119.65751">
        <ele>1010.137557</ele>
        <time>2026-09-21T03:24:33Z</time>
        <speed>0.722046</speed>
      </trkpt>
      <trkpt lat="29.223304" lon="119.657538">
        <ele>1009.407281</ele>
        <time>2026-09-21T03:24:41Z</time>
        <speed>0.950211</speed>
      </trkpt>
      <trkpt lat="29.223336" lon="119.657574">
        <ele>1009.469246</ele>
        <time>2026-09-21T03:24:43Z</time>
        <speed>0.939878</speed>
      </trkpt>
      <trkpt lat="29.223355" lon="119.657612">
        <ele>1010.396781</ele>
        <time>2026-09-21T03:24:51Z</time>
        <speed>0.887909</speed>
      </trkpt>
      <trkpt lat="29.223376" lon="119.657659">
        <ele>1010.578839</ele>
        <time>2026-09-21T03:24:53Z</time>
        <speed>0.928871</speed>
      </trkpt>
      <trkpt lat="29.223398" lon="119.657698">
        <ele>1011.9136</ele>
        <time>2026-09-21T03:25:01Z</time>
        <speed>0.979233</speed>
      </trkpt>
      <trkpt lat="29.223415" lon="119.657722">
        <ele>1012.695322</ele>
        <time>2026-09-21T03:25:03Z</time>
        <speed>1.043773</speed>
      </trkpt>
      <trkpt lat="29.223436" lon="119.657752">
        <ele>1013.20327</ele>
        <time>2026-09-21T03:25:05Z</time>
        <speed>0.803024</speed>
      </trkpt>
      <trkpt lat="29.223447" lon="119.657789">
        <ele>1012.532206</ele>
        <time>2026-09-21T03:25:12Z</time>
        <speed>0.712136</speed>
      </trkpt>
      <trkpt lat="29.22346" lon="119.657839">
        <ele>1013.319801</ele>
        <time>2026-09-21T03:25:16Z</time>
        <speed>0.805393</speed>
      </trkpt>
      <trkpt lat="29.223476" lon="119.657887">
        <ele>1014.281339</ele>
        <time>2026-09-21T03:25:20Z</time>
        <speed>0.817911</speed>
      </trkpt>
      <trkpt lat="29.223482" lon="119.657929">
        <ele>1016.140133</ele>
        <time>2026-09-21T03:25:27Z</time>
        <speed>1.035334</speed>
      </trkpt>
      <trkpt lat="29.22349" lon="119.657984">
        <ele>1016.42768</ele>
        <time>2026-09-21T03:25:29Z</time>
        <speed>0.915746</speed>
      </trkpt>
      <trkpt lat="29.223495" lon="119.658036">
        <ele>1017.622639</ele>
        <time>2026-09-21T03:25:37Z</time>
        <speed>1.116721</speed>
      </trkpt>
      <trkpt lat="29.223498" lon="119.658098">
        <ele>1018.110036</ele>
        <time>2026-09-21T03:25:39Z</time>
        <speed>0.966008</speed>
      </trkpt>
      <trkpt lat="29.223485" lon="119.658147">
        <ele>1018.721572</ele>
        <time>2026-09-21T03:25:47Z</time>
        <speed>1.12367</speed>
      </trkpt>
      <trkpt lat="29.22347" lon="119.658181">
        <ele>1018.445131</ele>
        <time>2026-09-21T03:25:49Z</time>
        <speed>1.119285</speed>
      </trkpt>
      <trkpt lat="29.223439" lon="119.658239">
        <ele>1020.015726</ele>
        <time>2026-09-21T03:25:54Z</time>
        <speed>1.057791</speed>
      </trkpt>
      <trkpt lat="29.223416" lon="119.658275">
        <ele>1019.518264</ele>
        <time>2026-09-21T03:25:57Z</time>
        <speed>1.137801</speed>
      </trkpt>
      <trkpt lat="29.223398" lon="119.658301">
        <ele>1019.759319</ele>
        <time>2026-09-21T03:26:03Z</time>
        <speed>0.821933</speed>
      </trkpt>
      <trkpt lat="29.223379" lon="119.658327">
        <ele>1019.866806</ele>
        <time>2026-09-21T03:26:06Z</time>
        <speed>1.038362</speed>
      </trkpt>
      <trkpt lat="29.223347" lon="119.658373">
        <ele>1020.539828</ele>
        <time>2026-09-21T03:26:10Z</time>
        <speed>0.810193</speed>
      </trkpt>
      <trkpt lat="29.223316" lon="119.658407">
        <ele>1021.759916</ele>
        <time>2026-09-21T03:26:14Z</time>
        <speed>0.577943</speed>
      </trkpt>
      <trkpt lat="29.223299" lon="119.658432">
        <ele>1023.908328</ele>
        <time>2026-09-21T03:26:22Z</time>
        <speed>0.67874</speed>
      </trkpt>
      <trkpt lat="29.223273" lon="119.658469">
        <ele>1024.041637</ele>
        <time>2026-09-21T03:26:24Z</time>
        <speed>0.834007</speed>
      </trkpt>
      <trkpt lat="29.223254" lon="119.658504">
        <ele>1024.459335</ele>
        <time>2026-09-21T03:26:32Z</time>
        <speed>0.709408</speed>
      </trkpt>
      <trkpt lat="29.223234" lon="119.658547">
        <ele>1023.99273</ele>
        <time>2026-09-21T03:26:34Z</time>
        <speed>0.590314</speed>
      </trkpt>
      <trkpt lat="29.22322" lon="119.658592">
        <ele>1024.032313</ele>
        <time>2026-09-21T03:26:42Z</time>
        <speed>0.779118</speed>
      </trkpt>
      <trkpt lat="29.223207" lon="119.65864">
        <ele>1024.090588</ele>
        <time>2026-09-21T03:26:44Z</time>
        <speed>0.534538</speed>
      </trkpt>
      <trkpt lat="29.223205" lon="119.658683">
        <ele>1023.859741</ele>
        <time>2026-09-21T03:26:53Z</time>
        <speed>0.792176</speed>
      </trkpt>
      <trkpt lat="29.223204" lon="119.658729">
        <ele>1024.47712</ele>
        <time>2026-09-21T03:26:55Z</time>
        <speed>0.541099</speed>
      </trkpt>
      <trkpt lat="29.223207" lon="119.658777">
        <ele>1023.786529</ele>
        <time>2026-09-21T03:27:03Z</time>
        <speed>1.019849</speed>
      </trkpt>
      <trkpt lat="29.223213" lon="119.658838">
        <ele>1024.236934</ele>
        <time>2026-09-21T03:27:05Z</time>
        <speed>0.762301</speed>
      </trkpt>
      <trkpt lat="29.223201" lon="119.658893">
        <ele>1024.180567</ele>
        <time>2026-09-21T03:27:13Z</time>
        <speed>0.780203</speed>
      </trkpt>
      <trkpt lat="29.223188" lon="119.658927">
        <ele>1025.147848</ele>
        <time>2026-09-21T03:27:15Z</time>
        <speed>1.056868</speed>
      </trkpt>
      <trkpt lat="29.223172" lon="119.658957">
        <ele>1024.826442</ele>
        <time>2026-09-21T03:27:17Z</time>
        <speed>1.075585</speed>
      </trkpt>
      <trkpt lat="29.223152" lon="119.658981">
        <ele>1025.36433</ele>
        <time>2026-09-21T03:27:19Z</time>
        <speed>1.272651</speed>
      </trkpt>
      <trkpt lat="29.223129" lon="119.659004">
        <ele>1026.080501</ele>
        <time>2026-09-21T03:27:25Z</time>
        <speed>0.921407</speed>
      </trkpt>
      <trkpt lat="29.223082" lon="119.659031">
        <ele>1026.924448</ele>
        <time>2026-09-21T03:27:29Z</time>
        <speed>1.048435</speed>
      </trkpt>
      <trkpt lat="29.223039" lon="119.659062">
        <ele>1026.851013</ele>
        <time>2026-09-21T03:27:33Z</time>
        <speed>1.374889</speed>
      </trkpt>
      <trkpt lat="29.223015" lon="119.659082">
        <ele>1026.883776</ele>
        <time>2026-09-21T03:27:35Z</time>
        <speed>0.938442</speed>
      </trkpt>
      <trkpt lat="29.222992" lon="119.659124">
        <ele>1026.452509</ele>
        <time>2026-09-21T03:27:43Z</time>
        <speed>1.098627</speed>
      </trkpt>
      <trkpt lat="29.222975" lon="119.65916">
        <ele>1026.13974</ele>
        <time>2026-09-21T03:27:45Z</time>
        <speed>1.418145</speed>
      </trkpt>
      <trkpt lat="29.22296" lon="119.659193">
        <ele>1025.992909</ele>
        <time>2026-09-21T03:27:47Z</time>
        <speed>1.06551</speed>
      </trkpt>
      <trkpt lat="29.222947" lon="119.659224">
        <ele>1025.710635</ele>
        <time>2026-09-21T03:27:49Z</time>
        <speed>1.31547</speed>
      </trkpt>
      <trkpt lat="29.222937" lon="119.659254">
        <ele>1025.549145</ele>
        <time>2026-09-21T03:27:51Z</time>
        <speed>1.254899</speed>
      </trkpt>
      <trkpt lat="29.222923" lon="119.659299">
        <ele>1025.315019</ele>
        <time>2026-09-21T03:27:55Z</time>
        <speed>1.076667</speed>
      </trkpt>
      <trkpt lat="29.222916" lon="119.659348">
        <ele>1025.949</ele>
        <time>2026-09-21T03:27:59Z</time>
        <speed>1.00467</speed>
      </trkpt>
      <trkpt lat="29.222917" lon="119.659381">
        <ele>1026.205485</ele>
        <time>2026-09-21T03:28:02Z</time>
        <speed>1.031692</speed>
      </trkpt>
      <trkpt lat="29.222924" lon="119.659427">
        <ele>1026.073872</ele>
        <time>2026-09-21T03:28:06Z</time>
        <speed>1.073721</speed>
      </trkpt>
      <trkpt lat="29.222939" lon="119.659477">
        <ele>1026.784467</ele>
        <time>2026-09-21T03:28:11Z</time>
        <speed>1.125692</speed>
      </trkpt>
      <trkpt lat="29.22296" lon="119.659526">
        <ele>1027.128789</ele>
        <time>2026-09-21T03:28:15Z</time>
        <speed>1.01897</speed>
      </trkpt>
      <trkpt lat="29.222984" lon="119.659559">
        <ele>1027.144996</ele>
        <time>2026-09-21T03:28:19Z</time>
        <speed>1.288965</speed>
      </trkpt>
      <trkpt lat="29.223007" lon="119.659586">
        <ele>1027.429031</ele>
        <time>2026-09-21T03:28:26Z</time>
        <speed>0.312658</speed>
      </trkpt>
      <trkpt lat="29.223039" lon="119.65961">
        <ele>1027.766375</ele>
        <time>2026-09-21T03:28:30Z</time>
        <speed>0.877478</speed>
      </trkpt>
      <trkpt lat="29.223082" lon="119.65964">
        <ele>1029.427892</ele>
        <time>2026-09-21T03:28:34Z</time>
        <speed>1.103491</speed>
      </trkpt>
      <trkpt lat="29.223126" lon="119.659663">
        <ele>1028.723857</ele>
        <time>2026-09-21T03:28:38Z</time>
        <speed>0.887684</speed>
      </trkpt>
      <trkpt lat="29.223168" lon="119.659674">
        <ele>1028.610254</ele>
        <time>2026-09-21T03:28:47Z</time>
        <speed>1.076713</speed>
      </trkpt>
      <trkpt lat="29.223196" lon="119.659681">
        <ele>1028.422177</ele>
        <time>2026-09-21T03:28:49Z</time>
        <speed>0.894832</speed>
      </trkpt>
      <trkpt lat="29.223245" lon="119.65969">
        <ele>1028.720092</ele>
        <time>2026-09-21T03:28:53Z</time>
        <speed>1.029464</speed>
      </trkpt>
      <trkpt lat="29.22329" lon="119.659695">
        <ele>1029.269029</ele>
        <time>2026-09-21T03:28:57Z</time>
        <speed>0.889865</speed>
      </trkpt>
      <trkpt lat="29.223318" lon="119.659695">
        <ele>1028.864146</ele>
        <time>2026-09-21T03:29:04Z</time>
        <speed>1.105952</speed>
      </trkpt>
      <trkpt lat="29.223369" lon="119.659691">
        <ele>1029.471764</ele>
        <time>2026-09-21T03:29:08Z</time>
        <speed>0.882019</speed>
      </trkpt>
      <trkpt lat="29.223399" lon="119.659685">
        <ele>1029.635194</ele>
        <time>2026-09-21T03:29:12Z</time>
        <speed>0.116295</speed>
      </trkpt>
      <trkpt lat="29.223432" lon="119.659665">
        <ele>1030.356154</ele>
        <time>2026-09-21T03:29:20Z</time>
        <speed>0.988598</speed>
      </trkpt>
      <trkpt lat="29.223459" lon="119.65965">
        <ele>1030.089344</ele>
        <time>2026-09-21T03:29:22Z</time>
        <speed>1.034557</speed>
      </trkpt>
      <trkpt lat="29.22351" lon="119.659634">
        <ele>1031.416083</ele>
        <time>2026-09-21T03:29:27Z</time>
        <speed>1.110395</speed>
      </trkpt>
      <trkpt lat="29.223551" lon="119.659608">
        <ele>1030.26571</ele>
        <time>2026-09-21T03:29:32Z</time>
        <speed>1.103501</speed>
      </trkpt>
      <trkpt lat="29.223574" lon="119.659589">
        <ele>1031.21537</ele>
        <time>2026-09-21T03:29:39Z</time>
        <speed>0.807767</speed>
      </trkpt>
      <trkpt lat="29.223606" lon="119.659564">
        <ele>1031.549401</ele>
        <time>2026-09-21T03:29:43Z</time>
        <speed>0.57676</speed>
      </trkpt>
      <trkpt lat="29.223635" lon="119.659543">
        <ele>1030.773613</ele>
        <time>2026-09-21T03:29:47Z</time>
        <speed>0.25485</speed>
      </trkpt>
      <trkpt lat="29.223662" lon="119.659521">
        <ele>1031.05884</ele>
        <time>2026-09-21T03:29:55Z</time>
        <speed>0.744867</speed>
      </trkpt>
      <trkpt lat="29.223696" lon="119.659492">
        <ele>1030.4414</ele>
        <time>2026-09-21T03:29:59Z</time>
        <speed>1.029818</speed>
      </trkpt>
      <trkpt lat="29.223724" lon="119.659469">
        <ele>1031.420548</ele>
        <time>2026-09-21T03:30:02Z</time>
        <speed>1.085682</speed>
      </trkpt>
      <trkpt lat="29.223768" lon="119.659429">
        <ele>1030.319874</ele>
        <time>2026-09-21T03:30:08Z</time>
        <speed>1.148797</speed>
      </trkpt>
      <trkpt lat="29.223797" lon="119.659402">
        <ele>1030.473985</ele>
        <time>2026-09-21T03:30:15Z</time>
        <speed>0.764632</speed>
      </trkpt>
      <trkpt lat="29.223833" lon="119.659371">
        <ele>1030.972599</ele>
        <time>2026-09-21T03:30:19Z</time>
        <speed>0.843885</speed>
      </trkpt>
      <trkpt lat="29.223874" lon="119.659338">
        <ele>1030.960824</ele>
        <time>2026-09-21T03:30:23Z</time>
        <speed>1.118726</speed>
      </trkpt>
      <trkpt lat="29.223911" lon="119.659304">
        <ele>1031.607124</ele>
        <time>2026-09-21T03:30:27Z</time>
        <speed>1.432228</speed>
      </trkpt>
      <trkpt lat="29.223941" lon="119.659269">
        <ele>1029.66223</ele>
        <time>2026-09-21T03:30:31Z</time>
        <speed>1.077065</speed>
      </trkpt>
      <trkpt lat="29.223961" lon="119.659242">
        <ele>1030.757094</ele>
        <time>2026-09-21T03:30:38Z</time>
        <speed>0.958467</speed>
      </trkpt>
      <trkpt lat="29.223984" lon="119.659198">
        <ele>1032.323382</ele>
        <time>2026-09-21T03:30:42Z</time>
        <speed>0.847711</speed>
      </trkpt>
      <trkpt lat="29.22401" lon="119.659148">
        <ele>1033.179827</ele>
        <time>2026-09-21T03:30:46Z</time>
        <speed>0.9674</speed>
      </trkpt>
      <trkpt lat="29.224038" lon="119.659085">
        <ele>1033.723221</ele>
        <time>2026-09-21T03:30:52Z</time>
        <speed>1.175164</speed>
      </trkpt>
      <trkpt lat="29.224053" lon="119.659042">
        <ele>1034.832299</ele>
        <time>2026-09-21T03:31:00Z</time>
        <speed>0.742245</speed>
      </trkpt>
      <trkpt lat="29.224069" lon="119.658992">
        <ele>1035.758495</ele>
        <time>2026-09-21T03:31:04Z</time>
        <speed>0.856095</speed>
      </trkpt>
      <trkpt lat="29.224083" lon="119.658945">
        <ele>1035.264645</ele>
        <time>2026-09-21T03:31:08Z</time>
        <speed>0.799497</speed>
      </trkpt>
      <trkpt lat="29.224098" lon="119.658912">
        <ele>1035.09599</ele>
        <time>2026-09-21T03:31:16Z</time>
        <speed>0.6706</speed>
      </trkpt>
      <trkpt lat="29.224119" lon="119.658864">
        <ele>1035.878134</ele>
        <time>2026-09-21T03:31:18Z</time>
        <speed>0.934466</speed>
      </trkpt>
      <trkpt lat="29.224138" lon="119.658833">
        <ele>1033.953299</ele>
        <time>2026-09-21T03:31:26Z</time>
        <speed>0.845886</speed>
      </trkpt>
      <trkpt lat="29.224181" lon="119.658766">
        <ele>1034.609587</ele>
        <time>2026-09-21T03:31:32Z</time>
        <speed>1.057442</speed>
      </trkpt>
      <trkpt lat="29.2242" lon="119.658736">
        <ele>1034.616619</ele>
        <time>2026-09-21T03:31:34Z</time>
        <speed>1.252433</speed>
      </trkpt>
      <trkpt lat="29.224218" lon="119.658701">
        <ele>1033.701845</ele>
        <time>2026-09-21T03:31:37Z</time>
        <speed>1.04028</speed>
      </trkpt>
      <trkpt lat="29.224234" lon="119.658659">
        <ele>1035.311619</ele>
        <time>2026-09-21T03:31:42Z</time>
        <speed>1.035455</speed>
      </trkpt>
      <trkpt lat="29.224244" lon="119.658627">
        <ele>1036.64664</ele>
        <time>2026-09-21T03:31:49Z</time>
        <speed>0.54522</speed>
      </trkpt>
      <trkpt lat="29.224255" lon="119.658584">
        <ele>1035.894358</ele>
        <time>2026-09-21T03:31:53Z</time>
        <speed>0.813424</speed>
      </trkpt>
      <trkpt lat="29.224255" lon="119.658552">
        <ele>1036.513126</ele>
        <time>2026-09-21T03:31:57Z</time>
        <speed>0.116809</speed>
      </trkpt>
      <trkpt lat="29.224288" lon="119.658563">
        <ele>1037.980394</ele>
        <time>2026-09-21T03:32:30Z</time>
        <speed>0.058951</speed>
      </trkpt>
      <trkpt lat="29.224207" lon="119.658536">
        <ele>1035.868391</ele>
        <time>2026-09-21T05:35:09Z</time>
        <speed>0.054923</speed>
      </trkpt>
      <trkpt lat="29.224184" lon="119.658554">
        <ele>1035.071692</ele>
        <time>2026-09-21T05:35:32Z</time>
        <speed>0.875859</speed>
      </trkpt>
      <trkpt lat="29.224208" lon="119.65862">
        <ele>1035.553593</ele>
        <time>2026-09-21T05:35:38Z</time>
        <speed>0.959169</speed>
      </trkpt>
      <trkpt lat="29.22421" lon="119.65857">
        <ele>1032.657341</ele>
        <time>2026-09-21T05:35:46Z</time>
        <speed>1.204344</speed>
      </trkpt>
      <trkpt lat="29.224208" lon="119.65848">
        <ele>1033.533195</ele>
        <time>2026-09-21T05:35:54Z</time>
        <speed>0.837355</speed>
      </trkpt>
      <trkpt lat="29.224209" lon="119.658449">
        <ele>1033.02125</ele>
        <time>2026-09-21T05:36:01Z</time>
        <speed>1.327843</speed>
      </trkpt>
      <trkpt lat="29.224204" lon="119.658384">
        <ele>1034.078697</ele>
        <time>2026-09-21T05:36:05Z</time>
        <speed>1.397782</speed>
      </trkpt>
      <trkpt lat="29.224196" lon="119.658348">
        <ele>1034.360032</ele>
        <time>2026-09-21T05:36:07Z</time>
        <speed>1.35248</speed>
      </trkpt>
      <trkpt lat="29.224187" lon="119.658317">
        <ele>1034.176321</ele>
        <time>2026-09-21T05:36:09Z</time>
        <speed>1.127853</speed>
      </trkpt>
      <trkpt lat="29.22417" lon="119.658261">
        <ele>1035.038848</ele>
        <time>2026-09-21T05:36:13Z</time>
        <speed>1.311634</speed>
      </trkpt>
      <trkpt lat="29.224154" lon="119.65821">
        <ele>1035.005709</ele>
        <time>2026-09-21T05:36:17Z</time>
        <speed>1.471252</speed>
      </trkpt>
      <trkpt lat="29.224134" lon="119.658174">
        <ele>1035.883179</ele>
        <time>2026-09-21T05:36:21Z</time>
        <speed>0.541547</speed>
      </trkpt>
      <trkpt lat="29.224107" lon="119.658135">
        <ele>1035.856635</ele>
        <time>2026-09-21T05:36:29Z</time>
        <speed>0.859371</speed>
      </trkpt>
      <trkpt lat="29.22408" lon="119.658087">
        <ele>1036.115322</ele>
        <time>2026-09-21T05:36:33Z</time>
        <speed>1.255037</speed>
      </trkpt>
      <trkpt lat="29.224068" lon="119.658059">
        <ele>1036.379158</ele>
        <time>2026-09-21T05:36:35Z</time>
        <speed>1.407946</speed>
      </trkpt>
      <trkpt lat="29.224054" lon="119.658026">
        <ele>1035.473257</ele>
        <time>2026-09-21T05:36:37Z</time>
        <speed>0.899265</speed>
      </trkpt>
      <trkpt lat="29.224022" lon="119.657979">
        <ele>1036.934891</ele>
        <time>2026-09-21T05:36:45Z</time>
        <speed>1.771564</speed>
      </trkpt>
      <trkpt lat="29.224002" lon="119.657949">
        <ele>1036.873169</ele>
        <time>2026-09-21T05:36:47Z</time>
        <speed>1.001795</speed>
      </trkpt>
      <trkpt lat="29.223985" lon="119.657918">
        <ele>1036.365748</ele>
        <time>2026-09-21T05:36:49Z</time>
        <speed>1.093671</speed>
      </trkpt>
      <trkpt lat="29.223972" lon="119.657888">
        <ele>1037.002134</ele>
        <time>2026-09-21T05:36:51Z</time>
        <speed>1.077076</speed>
      </trkpt>
      <trkpt lat="29.223962" lon="119.657859">
        <ele>1037.034506</ele>
        <time>2026-09-21T05:36:53Z</time>
        <speed>1.217743</speed>
      </trkpt>
      <trkpt lat="29.22395" lon="119.657803">
        <ele>1036.644025</ele>
        <time>2026-09-21T05:36:57Z</time>
        <speed>1.181982</speed>
      </trkpt>
      <trkpt lat="29.223943" lon="119.65775">
        <ele>1036.6432</ele>
        <time>2026-09-21T05:37:01Z</time>
        <speed>1.114566</speed>
      </trkpt>
      <trkpt lat="29.223938" lon="119.6577">
        <ele>1036.704103</ele>
        <time>2026-09-21T05:37:05Z</time>
        <speed>1.176591</speed>
      </trkpt>
      <trkpt lat="29.223931" lon="119.65765">
        <ele>1035.353332</ele>
        <time>2026-09-21T05:37:09Z</time>
        <speed>1.089551</speed>
      </trkpt>
      <trkpt lat="29.223921" lon="119.657604">
        <ele>1034.727714</ele>
        <time>2026-09-21T05:37:13Z</time>
        <speed>1.004783</speed>
      </trkpt>
      <trkpt lat="29.223903" lon="119.65756">
        <ele>1034.792116</ele>
        <time>2026-09-21T05:37:16Z</time>
        <speed>1.014458</speed>
      </trkpt>
      <trkpt lat="29.223894" lon="119.65753">
        <ele>1033.013974</ele>
        <time>2026-09-21T05:37:19Z</time>
        <speed>1.029313</speed>
      </trkpt>
      <trkpt lat="29.22387" lon="119.657484">
        <ele>1032.42487</ele>
        <time>2026-09-21T05:37:24Z</time>
        <speed>1.769936</speed>
      </trkpt>
      <trkpt lat="29.223845" lon="119.65745">
        <ele>1032.148373</ele>
        <time>2026-09-21T05:37:28Z</time>
        <speed>1.04826</speed>
      </trkpt>
      <trkpt lat="29.22382" lon="119.657421">
        <ele>1031.614513</ele>
        <time>2026-09-21T05:37:31Z</time>
        <speed>1.001513</speed>
      </trkpt>
      <trkpt lat="29.22378" lon="119.657384">
        <ele>1031.805238</ele>
        <time>2026-09-21T05:37:35Z</time>
        <speed>1.097624</speed>
      </trkpt>
      <trkpt lat="29.223745" lon="119.657355">
        <ele>1031.833215</ele>
        <time>2026-09-21T05:37:39Z</time>
        <speed>1.072488</speed>
      </trkpt>
      <trkpt lat="29.223701" lon="119.657312">
        <ele>1031.252964</ele>
        <time>2026-09-21T05:37:44Z</time>
        <speed>1.036173</speed>
      </trkpt>
      <trkpt lat="29.223676" lon="119.657276">
        <ele>1031.115251</ele>
        <time>2026-09-21T05:37:48Z</time>
        <speed>1.157758</speed>
      </trkpt>
      <trkpt lat="29.223665" lon="119.657237">
        <ele>1029.476005</ele>
        <time>2026-09-21T05:37:52Z</time>
        <speed>1.184632</speed>
      </trkpt>
      <trkpt lat="29.223665" lon="119.657197">
        <ele>1028.445109</ele>
        <time>2026-09-21T05:37:56Z</time>
        <speed>1.174294</speed>
      </trkpt>
      <trkpt lat="29.223671" lon="119.657146">
        <ele>1027.545853</ele>
        <time>2026-09-21T05:38:01Z</time>
        <speed>1.111199</speed>
      </trkpt>
      <trkpt lat="29.223686" lon="119.6571">
        <ele>1026.429812</ele>
        <time>2026-09-21T05:38:05Z</time>
        <speed>1.190706</speed>
      </trkpt>
      <trkpt lat="29.223704" lon="119.657059">
        <ele>1025.220924</ele>
        <time>2026-09-21T05:38:09Z</time>
        <speed>1.077075</speed>
      </trkpt>
      <trkpt lat="29.22372" lon="119.657011">
        <ele>1024.347218</ele>
        <time>2026-09-21T05:38:14Z</time>
        <speed>1.032487</speed>
      </trkpt>
      <trkpt lat="29.223735" lon="119.65694">
        <ele>1024.16107</ele>
        <time>2026-09-21T05:38:21Z</time>
        <speed>1.088722</speed>
      </trkpt>
      <trkpt lat="29.223748" lon="119.656887">
        <ele>1024.935097</ele>
        <time>2026-09-21T05:38:25Z</time>
        <speed>1.041718</speed>
      </trkpt>
      <trkpt lat="29.22376" lon="119.65684">
        <ele>1025.290374</ele>
        <time>2026-09-21T05:38:29Z</time>
        <speed>1.071943</speed>
      </trkpt>
      <trkpt lat="29.223775" lon="119.656794">
        <ele>1025.855096</ele>
        <time>2026-09-21T05:38:33Z</time>
        <speed>1.120929</speed>
      </trkpt>
      <trkpt lat="29.223791" lon="119.656746">
        <ele>1025.583844</ele>
        <time>2026-09-21T05:38:37Z</time>
        <speed>1.141361</speed>
      </trkpt>
      <trkpt lat="29.223807" lon="119.656694">
        <ele>1025.979203</ele>
        <time>2026-09-21T05:38:42Z</time>
        <speed>1.136902</speed>
      </trkpt>
      <trkpt lat="29.223818" lon="119.656659">
        <ele>1025.762285</ele>
        <time>2026-09-21T05:38:45Z</time>
        <speed>1.0941</speed>
      </trkpt>
      <trkpt lat="29.223832" lon="119.656614">
        <ele>1026.133453</ele>
        <time>2026-09-21T05:38:49Z</time>
        <speed>1.061823</speed>
      </trkpt>
      <trkpt lat="29.223846" lon="119.656562">
        <ele>1025.602878</ele>
        <time>2026-09-21T05:38:54Z</time>
        <speed>1.168383</speed>
      </trkpt>
      <trkpt lat="29.223863" lon="119.656499">
        <ele>1025.199488</ele>
        <time>2026-09-21T05:38:59Z</time>
        <speed>1.30533</speed>
      </trkpt>
      <trkpt lat="29.22387" lon="119.656469">
        <ele>1026.155165</ele>
        <time>2026-09-21T05:39:02Z</time>
        <speed>1.042848</speed>
      </trkpt>
      <trkpt lat="29.22388" lon="119.65642">
        <ele>1025.938225</ele>
        <time>2026-09-21T05:39:06Z</time>
        <speed>1.314417</speed>
      </trkpt>
      <trkpt lat="29.223888" lon="119.656372">
        <ele>1025.789074</ele>
        <time>2026-09-21T05:39:10Z</time>
        <speed>1.146598</speed>
      </trkpt>
      <trkpt lat="29.223895" lon="119.656321">
        <ele>1026.211659</ele>
        <time>2026-09-21T05:39:14Z</time>
        <speed>1.007775</speed>
      </trkpt>
      <trkpt lat="29.223895" lon="119.656268">
        <ele>1026.764445</ele>
        <time>2026-09-21T05:39:18Z</time>
        <speed>1.184596</speed>
      </trkpt>
      <trkpt lat="29.223895" lon="119.656225">
        <ele>1026.687063</ele>
        <time>2026-09-21T05:39:21Z</time>
        <speed>1.215542</speed>
      </trkpt>
      <trkpt lat="29.223893" lon="119.656175">
        <ele>1026.649323</ele>
        <time>2026-09-21T05:39:25Z</time>
        <speed>1.065952</speed>
      </trkpt>
      <trkpt lat="29.223887" lon="119.656127">
        <ele>1025.507605</ele>
        <time>2026-09-21T05:39:29Z</time>
        <speed>1.009286</speed>
      </trkpt>
      <trkpt lat="29.223883" lon="119.656072">
        <ele>1024.960317</ele>
        <time>2026-09-21T05:39:33Z</time>
        <speed>1.144354</speed>
      </trkpt>
      <trkpt lat="29.223889" lon="119.656016">
        <ele>1025.512095</ele>
        <time>2026-09-21T05:39:38Z</time>
        <speed>1.402689</speed>
      </trkpt>
      <trkpt lat="29.223899" lon="119.655957">
        <ele>1025.757555</ele>
        <time>2026-09-21T05:39:42Z</time>
        <speed>1.390608</speed>
      </trkpt>
      <trkpt lat="29.223904" lon="119.655921">
        <ele>1027.348743</ele>
        <time>2026-09-21T05:39:45Z</time>
        <speed>1.083169</speed>
      </trkpt>
      <trkpt lat="29.223914" lon="119.655861">
        <ele>1027.73916</ele>
        <time>2026-09-21T05:39:50Z</time>
        <speed>1.075104</speed>
      </trkpt>
      <trkpt lat="29.223921" lon="119.65583">
        <ele>1027.051481</ele>
        <time>2026-09-21T05:39:53Z</time>
        <speed>1.086653</speed>
      </trkpt>
      <trkpt lat="29.223929" lon="119.655799">
        <ele>1025.993203</ele>
        <time>2026-09-21T05:39:56Z</time>
        <speed>1.066266</speed>
      </trkpt>
      <trkpt lat="29.223944" lon="119.655754">
        <ele>1026.068295</ele>
        <time>2026-09-21T05:40:00Z</time>
        <speed>1.313556</speed>
      </trkpt>
      <trkpt lat="29.223956" lon="119.655709">
        <ele>1025.254592</ele>
        <time>2026-09-21T05:40:04Z</time>
        <speed>1.039186</speed>
      </trkpt>
      <trkpt lat="29.223966" lon="119.655659">
        <ele>1024.729053</ele>
        <time>2026-09-21T05:40:08Z</time>
        <speed>1.154623</speed>
      </trkpt>
      <trkpt lat="29.22397" lon="119.655628">
        <ele>1024.806757</ele>
        <time>2026-09-21T05:40:11Z</time>
        <speed>1.018642</speed>
      </trkpt>
      <trkpt lat="29.223975" lon="119.655577">
        <ele>1026.358059</ele>
        <time>2026-09-21T05:40:15Z</time>
        <speed>1.183547</speed>
      </trkpt>
      <trkpt lat="29.223977" lon="119.655526">
        <ele>1026.255259</ele>
        <time>2026-09-21T05:40:19Z</time>
        <speed>1.239383</speed>
      </trkpt>
      <trkpt lat="29.223978" lon="119.655474">
        <ele>1026.946953</ele>
        <time>2026-09-21T05:40:23Z</time>
        <speed>1.323508</speed>
      </trkpt>
      <trkpt lat="29.223972" lon="119.655421">
        <ele>1026.571006</ele>
        <time>2026-09-21T05:40:27Z</time>
        <speed>1.514332</speed>
      </trkpt>
      <trkpt lat="29.223962" lon="119.655367">
        <ele>1026.964785</ele>
        <time>2026-09-21T05:40:31Z</time>
        <speed>1.614551</speed>
      </trkpt>
      <trkpt lat="29.223949" lon="119.655315">
        <ele>1026.646493</ele>
        <time>2026-09-21T05:40:35Z</time>
        <speed>1.140558</speed>
      </trkpt>
      <trkpt lat="29.223939" lon="119.655263">
        <ele>1024.83788</ele>
        <time>2026-09-21T05:40:39Z</time>
        <speed>1.304789</speed>
      </trkpt>
      <trkpt lat="29.223912" lon="119.655189">
        <ele>1024.287402</ele>
        <time>2026-09-21T05:40:46Z</time>
        <speed>1.027031</speed>
      </trkpt>
      <trkpt lat="29.223897" lon="119.655163">
        <ele>1023.922706</ele>
        <time>2026-09-21T05:40:52Z</time>
        <speed>0.63126</speed>
      </trkpt>
      <trkpt lat="29.223866" lon="119.655171">
        <ele>1022.587709</ele>
        <time>2026-09-21T05:40:56Z</time>
        <speed>0.830309</speed>
      </trkpt>
      <trkpt lat="29.223825" lon="119.655189">
        <ele>1022.146536</ele>
        <time>2026-09-21T05:41:00Z</time>
        <speed>0.832816</speed>
      </trkpt>
      <trkpt lat="29.223798" lon="119.6552">
        <ele>1022.192761</ele>
        <time>2026-09-21T05:41:08Z</time>
        <speed>0.729193</speed>
      </trkpt>
      <trkpt lat="29.223743" lon="119.655209">
        <ele>1021.488034</ele>
        <time>2026-09-21T05:41:12Z</time>
        <speed>0.871083</speed>
      </trkpt>
      <trkpt lat="29.22371" lon="119.655208">
        <ele>1019.53142</ele>
        <time>2026-09-21T05:41:20Z</time>
        <speed>0.809295</speed>
      </trkpt>
      <trkpt lat="29.223669" lon="119.655206">
        <ele>1019.377988</ele>
        <time>2026-09-21T05:41:22Z</time>
        <speed>0.881674</speed>
      </trkpt>
      <trkpt lat="29.223629" lon="119.6552">
        <ele>1016.544516</ele>
        <time>2026-09-21T05:41:30Z</time>
        <speed>0.528985</speed>
      </trkpt>
      <trkpt lat="29.223588" lon="119.655193">
        <ele>1016.508952</ele>
        <time>2026-09-21T05:41:32Z</time>
        <speed>0.503221</speed>
      </trkpt>
      <trkpt lat="29.223556" lon="119.655197">
        <ele>1014.840729</ele>
        <time>2026-09-21T05:41:40Z</time>
        <speed>0.629753</speed>
      </trkpt>
      <trkpt lat="29.223509" lon="119.655208">
        <ele>1015.785787</ele>
        <time>2026-09-21T05:41:42Z</time>
        <speed>0.926231</speed>
      </trkpt>
      <trkpt lat="29.223471" lon="119.655212">
        <ele>1016.720172</ele>
        <time>2026-09-21T05:41:50Z</time>
        <speed>0.715479</speed>
      </trkpt>
      <trkpt lat="29.223428" lon="119.655215">
        <ele>1016.607496</ele>
        <time>2026-09-21T05:41:52Z</time>
        <speed>0.887542</speed>
      </trkpt>
      <trkpt lat="29.223398" lon="119.655181">
        <ele>1010.960685</ele>
        <time>2026-09-21T05:42:00Z</time>
        <speed>0.82669</speed>
      </trkpt>
      <trkpt lat="29.223379" lon="119.655152">
        <ele>1010.529137</ele>
        <time>2026-09-21T05:42:02Z</time>
        <speed>1.14666</speed>
      </trkpt>
      <trkpt lat="29.223354" lon="119.655116">
        <ele>1009.977247</ele>
        <time>2026-09-21T05:42:04Z</time>
        <speed>0.626122</speed>
      </trkpt>
      <trkpt lat="29.223326" lon="119.655092">
        <ele>1009.147852</ele>
        <time>2026-09-21T05:42:12Z</time>
        <speed>0.0</speed>
      </trkpt>
      <trkpt lat="29.223297" lon="119.655081">
        <ele>1007.974439</ele>
        <time>2026-09-21T05:42:49Z</time>
        <speed>0.603728</speed>
      </trkpt>
      <trkpt lat="29.223271" lon="119.655067">
        <ele>1005.08013</ele>
        <time>2026-09-21T05:42:57Z</time>
        <speed>0.924592</speed>
      </trkpt>
      <trkpt lat="29.223245" lon="119.655055">
        <ele>1004.187357</ele>
        <time>2026-09-21T05:42:59Z</time>
        <speed>0.863061</speed>
      </trkpt>
      <trkpt lat="29.223206" lon="119.655037">
        <ele>1004.698327</ele>
        <time>2026-09-21T05:43:01Z</time>
        <speed>0.853435</speed>
      </trkpt>
      <trkpt lat="29.223172" lon="119.655048">
        <ele>1003.19217</ele>
        <time>2026-09-21T05:43:11Z</time>
        <speed>0.693901</speed>
      </trkpt>
      <trkpt lat="29.223142" lon="119.655048">
        <ele>1002.637335</ele>
        <time>2026-09-21T05:43:19Z</time>
        <speed>0.605003</speed>
      </trkpt>
      <trkpt lat="29.223078" lon="119.655046">
        <ele>1002.202621</ele>
        <time>2026-09-21T05:43:23Z</time>
        <speed>0.666082</speed>
      </trkpt>
      <trkpt lat="29.223044" lon="119.655031">
        <ele>999.284915</ele>
        <time>2026-09-21T05:43:31Z</time>
        <speed>0.080296</speed>
      </trkpt>
      <trkpt lat="29.223015" lon="119.655017">
        <ele>997.238844</ele>
        <time>2026-09-21T05:43:37Z</time>
        <speed>0.514274</speed>
      </trkpt>
      <trkpt lat="29.222988" lon="119.655011">
        <ele>1000.058331</ele>
        <time>2026-09-21T05:43:45Z</time>
        <speed>0.832625</speed>
      </trkpt>
      <trkpt lat="29.222952" lon="119.655003">
        <ele>999.149207</ele>
        <time>2026-09-21T05:43:47Z</time>
        <speed>0.465708</speed>
      </trkpt>
      <trkpt lat="29.222923" lon="119.654993">
        <ele>998.239788</ele>
        <time>2026-09-21T05:43:55Z</time>
        <speed>0.937154</speed>
      </trkpt>
      <trkpt lat="29.222882" lon="119.654979">
        <ele>998.241081</ele>
        <time>2026-09-21T05:43:57Z</time>
        <speed>0.834276</speed>
      </trkpt>
      <trkpt lat="29.222848" lon="119.654958">
        <ele>995.947716</ele>
        <time>2026-09-21T05:44:05Z</time>
        <speed>0.306727</speed>
      </trkpt>
      <trkpt lat="29.222814" lon="119.654938">
        <ele>994.251678</ele>
        <time>2026-09-21T05:44:07Z</time>
        <speed>0.637161</speed>
      </trkpt>
      <trkpt lat="29.222776" lon="119.654928">
        <ele>994.027198</ele>
        <time>2026-09-21T05:44:15Z</time>
        <speed>0.637372</speed>
      </trkpt>
      <trkpt lat="29.22273" lon="119.654918">
        <ele>993.400899</ele>
        <time>2026-09-21T05:44:17Z</time>
        <speed>0.469949</speed>
      </trkpt>
      <trkpt lat="29.222708" lon="119.654956">
        <ele>992.551983</ele>
        <time>2026-09-21T05:44:27Z</time>
        <speed>1.198813</speed>
      </trkpt>
      <trkpt lat="29.222692" lon="119.654994">
        <ele>992.004663</ele>
        <time>2026-09-21T05:44:30Z</time>
        <speed>1.026277</speed>
      </trkpt>
      <trkpt lat="29.222673" lon="119.655041">
        <ele>991.524889</ele>
        <time>2026-09-21T05:44:34Z</time>
        <speed>1.089451</speed>
      </trkpt>
      <trkpt lat="29.222658" lon="119.655075">
        <ele>989.762359</ele>
        <time>2026-09-21T05:44:40Z</time>
        <speed>0.770867</speed>
      </trkpt>
      <trkpt lat="29.222638" lon="119.655106">
        <ele>988.492765</ele>
        <time>2026-09-21T05:44:44Z</time>
        <speed>0.673502</speed>
      </trkpt>
      <trkpt lat="29.222609" lon="119.655141">
        <ele>988.34265</ele>
        <time>2026-09-21T05:44:48Z</time>
        <speed>1.128229</speed>
      </trkpt>
      <trkpt lat="29.222578" lon="119.65517">
        <ele>988.475824</ele>
        <time>2026-09-21T05:44:52Z</time>
        <speed>0.575448</speed>
      </trkpt>
      <trkpt lat="29.222544" lon="119.655175">
        <ele>990.983183</ele>
        <time>2026-09-21T05:45:01Z</time>
        <speed>0.399975</speed>
      </trkpt>
      <trkpt lat="29.222529" lon="119.655201">
        <ele>991.666189</ele>
        <time>2026-09-21T05:45:08Z</time>
        <speed>0.275179</speed>
      </trkpt>
      <trkpt lat="29.222509" lon="119.655244">
        <ele>986.861905</ele>
        <time>2026-09-21T05:45:17Z</time>
        <speed>0.9375</speed>
      </trkpt>
      <trkpt lat="29.222501" lon="119.655277">
        <ele>988.37476</ele>
        <time>2026-09-21T05:45:19Z</time>
        <speed>1.062422</speed>
      </trkpt>
      <trkpt lat="29.222492" lon="119.655318">
        <ele>987.508031</ele>
        <time>2026-09-21T05:45:21Z</time>
        <speed>0.968498</speed>
      </trkpt>
      <trkpt lat="29.222486" lon="119.655358">
        <ele>987.172918</ele>
        <time>2026-09-21T05:45:29Z</time>
        <speed>0.091693</speed>
      </trkpt>
      <trkpt lat="29.222442" lon="119.655366">
        <ele>985.671069</ele>
        <time>2026-09-21T05:45:37Z</time>
        <speed>1.360576</speed>
      </trkpt>
      <trkpt lat="29.222408" lon="119.655362">
        <ele>986.222967</ele>
        <time>2026-09-21T05:45:39Z</time>
        <speed>0.737622</speed>
      </trkpt>
      <trkpt lat="29.222373" lon="119.65535">
        <ele>988.074172</ele>
        <time>2026-09-21T05:45:47Z</time>
        <speed>1.126803</speed>
      </trkpt>
      <trkpt lat="29.222344" lon="119.655323">
        <ele>987.369505</ele>
        <time>2026-09-21T05:45:51Z</time>
        <speed>0.411838</speed>
      </trkpt>
      <trkpt lat="29.222331" lon="119.655296">
        <ele>987.985249</ele>
        <time>2026-09-21T05:45:55Z</time>
        <speed>0.57074</speed>
      </trkpt>
      <trkpt lat="29.222308" lon="119.655276">
        <ele>988.606883</ele>
        <time>2026-09-21T05:46:01Z</time>
        <speed>0.445442</speed>
      </trkpt>
      <trkpt lat="29.222279" lon="119.655255">
        <ele>988.509854</ele>
        <time>2026-09-21T05:46:03Z</time>
        <speed>0.388665</speed>
      </trkpt>
      <trkpt lat="29.22225" lon="119.655226">
        <ele>987.729293</ele>
        <time>2026-09-21T05:46:11Z</time>
        <speed>1.209789</speed>
      </trkpt>
      <trkpt lat="29.222224" lon="119.655199">
        <ele>987.690475</ele>
        <time>2026-09-21T05:46:13Z</time>
        <speed>1.106555</speed>
      </trkpt>
      <trkpt lat="29.222199" lon="119.655169">
        <ele>986.785231</ele>
        <time>2026-09-21T05:46:15Z</time>
        <speed>1.063398</speed>
      </trkpt>
      <trkpt lat="29.222165" lon="119.655124">
        <ele>987.720617</ele>
        <time>2026-09-21T05:46:19Z</time>
        <speed>1.119601</speed>
      </trkpt>
      <trkpt lat="29.222147" lon="119.655099">
        <ele>987.355949</ele>
        <time>2026-09-21T05:46:21Z</time>
        <speed>0.859548</speed>
      </trkpt>
      <trkpt lat="29.222128" lon="119.655066">
        <ele>985.199886</ele>
        <time>2026-09-21T05:46:28Z</time>
        <speed>0.889525</speed>
      </trkpt>
      <trkpt lat="29.222099" lon="119.655025">
        <ele>984.131022</ele>
        <time>2026-09-21T05:46:32Z</time>
        <speed>0.576564</speed>
      </trkpt>
      <trkpt lat="29.222072" lon="119.654989">
        <ele>983.423447</ele>
        <time>2026-09-21T05:46:36Z</time>
        <speed>1.053781</speed>
      </trkpt>
      <trkpt lat="29.222044" lon="119.654952">
        <ele>983.434816</ele>
        <time>2026-09-21T05:46:40Z</time>
        <speed>1.086541</speed>
      </trkpt>
      <trkpt lat="29.222013" lon="119.654925">
        <ele>983.141527</ele>
        <time>2026-09-21T05:46:48Z</time>
        <speed>0.87752</speed>
      </trkpt>
      <trkpt lat="29.221984" lon="119.654892">
        <ele>982.241504</ele>
        <time>2026-09-21T05:46:52Z</time>
        <speed>0.751015</speed>
      </trkpt>
      <trkpt lat="29.221966" lon="119.65483">
        <ele>980.597497</ele>
        <time>2026-09-21T05:46:56Z</time>
        <speed>0.558708</speed>
      </trkpt>
      <trkpt lat="29.22194" lon="119.654794">
        <ele>977.314443</ele>
        <time>2026-09-21T05:47:11Z</time>
        <speed>1.046202</speed>
      </trkpt>
      <trkpt lat="29.221922" lon="119.654768">
        <ele>977.800781</ele>
        <time>2026-09-21T05:47:17Z</time>
        <speed>0.288851</speed>
      </trkpt>
      <trkpt lat="29.221926" lon="119.654718">
        <ele>974.647953</ele>
        <time>2026-09-21T05:47:23Z</time>
        <speed>0.91157</speed>
      </trkpt>
      <trkpt lat="29.221942" lon="119.654668">
        <ele>973.75437</ele>
        <time>2026-09-21T05:47:27Z</time>
        <speed>1.122952</speed>
      </trkpt>
      <trkpt lat="29.221961" lon="119.654597">
        <ele>974.044581</ele>
        <time>2026-09-21T05:47:34Z</time>
        <speed>1.105064</speed>
      </trkpt>
      <trkpt lat="29.221931" lon="119.654568">
        <ele>974.698231</ele>
        <time>2026-09-21T05:47:43Z</time>
        <speed>1.424866</speed>
      </trkpt>
      <trkpt lat="29.221892" lon="119.654539">
        <ele>975.243288</ele>
        <time>2026-09-21T05:47:47Z</time>
        <speed>0.603185</speed>
      </trkpt>
      <trkpt lat="29.221856" lon="119.654515">
        <ele>974.465036</ele>
        <time>2026-09-21T05:47:51Z</time>
        <speed>1.073672</speed>
      </trkpt>
      <trkpt lat="29.221816" lon="119.654498">
        <ele>974.011685</ele>
        <time>2026-09-21T05:47:55Z</time>
        <speed>1.049341</speed>
      </trkpt>
      <trkpt lat="29.221775" lon="119.654486">
        <ele>972.521843</ele>
        <time>2026-09-21T05:48:00Z</time>
        <speed>1.131228</speed>
      </trkpt>
      <trkpt lat="29.221734" lon="119.654477">
        <ele>973.359255</ele>
        <time>2026-09-21T05:48:05Z</time>
        <speed>1.125409</speed>
      </trkpt>
      <trkpt lat="29.221686" lon="119.654448">
        <ele>973.214147</ele>
        <time>2026-09-21T05:48:10Z</time>
        <speed>0.863288</speed>
      </trkpt>
      <trkpt lat="29.221713" lon="119.65447">
        <ele>974.312377</ele>
        <time>2026-09-21T05:48:18Z</time>
        <speed>0.107679</speed>
      </trkpt>
      <trkpt lat="29.221733" lon="119.654493">
        <ele>973.74354</ele>
        <time>2026-09-21T05:48:20Z</time>
        <speed>0.996883</speed>
      </trkpt>
      <trkpt lat="29.221754" lon="119.654534">
        <ele>972.950311</ele>
        <time>2026-09-21T05:48:24Z</time>
        <speed>1.004866</speed>
      </trkpt>
      <trkpt lat="29.22173" lon="119.654554">
        <ele>972.899295</ele>
        <time>2026-09-21T05:48:26Z</time>
        <speed>0.935899</speed>
      </trkpt>
      <trkpt lat="29.221692" lon="119.654587">
        <ele>971.789726</ele>
        <time>2026-09-21T05:48:34Z</time>
        <speed>1.125148</speed>
      </trkpt>
      <trkpt lat="29.221648" lon="119.654628">
        <ele>971.918284</ele>
        <time>2026-09-21T05:48:36Z</time>
        <speed>0.755979</speed>
      </trkpt>
      <trkpt lat="29.221623" lon="119.654667">
        <ele>972.508765</ele>
        <time>2026-09-21T05:48:44Z</time>
        <speed>0.595383</speed>
      </trkpt>
      <trkpt lat="29.221608" lon="119.654694">
        <ele>972.357334</ele>
        <time>2026-09-21T05:48:46Z</time>
        <speed>1.369391</speed>
      </trkpt>
      <trkpt lat="29.221587" lon="119.654731">
        <ele>972.031351</ele>
        <time>2026-09-21T05:48:49Z</time>
        <speed>1.089438</speed>
      </trkpt>
      <trkpt lat="29.221571" lon="119.654757">
        <ele>973.498714</ele>
        <time>2026-09-21T05:48:51Z</time>
        <speed>1.030842</speed>
      </trkpt>
      <trkpt lat="29.221535" lon="119.654794">
        <ele>973.174608</ele>
        <time>2026-09-21T05:48:56Z</time>
        <speed>1.127712</speed>
      </trkpt>
      <trkpt lat="29.221503" lon="119.65481">
        <ele>974.068344</ele>
        <time>2026-09-21T05:49:00Z</time>
        <speed>1.303208</speed>
      </trkpt>
      <trkpt lat="29.221477" lon="119.654822">
        <ele>972.713259</ele>
        <time>2026-09-21T05:49:02Z</time>
        <speed>0.82637</speed>
      </trkpt>
      <trkpt lat="29.221437" lon="119.654843">
        <ele>974.279511</ele>
        <time>2026-09-21T05:49:10Z</time>
        <speed>0.669072</speed>
      </trkpt>
      <trkpt lat="29.22141" lon="119.654857">
        <ele>975.126322</ele>
        <time>2026-09-21T05:49:12Z</time>
        <speed>0.909166</speed>
      </trkpt>
      <trkpt lat="29.221361" lon="119.654879">
        <ele>974.710638</ele>
        <time>2026-09-21T05:49:16Z</time>
        <speed>1.070611</speed>
      </trkpt>
      <trkpt lat="29.221332" lon="119.654889">
        <ele>974.891642</ele>
        <time>2026-09-21T05:49:18Z</time>
        <speed>0.971034</speed>
      </trkpt>
      <trkpt lat="29.221284" lon="119.654884">
        <ele>977.134343</ele>
        <time>2026-09-21T05:49:26Z</time>
        <speed>1.031606</speed>
      </trkpt>
      <trkpt lat="29.221251" lon="119.65488">
        <ele>977.208152</ele>
        <time>2026-09-21T05:49:28Z</time>
        <speed>1.080199</speed>
      </trkpt>
      <trkpt lat="29.221221" lon="119.654877">
        <ele>977.25376</ele>
        <time>2026-09-21T05:49:30Z</time>
        <speed>1.189408</speed>
      </trkpt>
      <trkpt lat="29.221193" lon="119.654876">
        <ele>976.968125</ele>
        <time>2026-09-21T05:49:32Z</time>
        <speed>1.216445</speed>
      </trkpt>
      <trkpt lat="29.221144" lon="119.65488">
        <ele>977.069213</ele>
        <time>2026-09-21T05:49:36Z</time>
        <speed>1.262542</speed>
      </trkpt>
      <trkpt lat="29.22109" lon="119.654889">
        <ele>976.941148</ele>
        <time>2026-09-21T05:49:41Z</time>
        <speed>1.331385</speed>
      </trkpt>
      <trkpt lat="29.221048" lon="119.654899">
        <ele>976.214852</ele>
        <time>2026-09-21T05:49:45Z</time>
        <speed>1.187165</speed>
      </trkpt>
      <trkpt lat="29.220995" lon="119.654908">
        <ele>976.507424</ele>
        <time>2026-09-21T05:49:50Z</time>
        <speed>1.099671</speed>
      </trkpt>
      <trkpt lat="29.220949" lon="119.654925">
        <ele>978.210963</ele>
        <time>2026-09-21T05:49:55Z</time>
        <speed>1.111192</speed>
      </trkpt>
      <trkpt lat="29.220922" lon="119.654939">
        <ele>978.655749</ele>
        <time>2026-09-21T05:49:58Z</time>
        <speed>1.101639</speed>
      </trkpt>
      <trkpt lat="29.220872" lon="119.654971">
        <ele>979.415937</ele>
        <time>2026-09-21T05:50:05Z</time>
        <speed>1.051371</speed>
      </trkpt>
      <trkpt lat="29.220839" lon="119.654992">
        <ele>980.181285</ele>
        <time>2026-09-21T05:50:09Z</time>
        <speed>1.076187</speed>
      </trkpt>
      <trkpt lat="29.220811" lon="119.655009">
        <ele>979.043029</ele>
        <time>2026-09-21T05:50:15Z</time>
        <speed>0.3523</speed>
      </trkpt>
      <trkpt lat="29.220775" lon="119.655023">
        <ele>976.532234</ele>
        <time>2026-09-21T05:50:19Z</time>
        <speed>0.698955</speed>
      </trkpt>
      <trkpt lat="29.220734" lon="119.655055">
        <ele>974.413358</ele>
        <time>2026-09-21T05:50:23Z</time>
        <speed>1.118856</speed>
      </trkpt>
      <trkpt lat="29.220703" lon="119.655101">
        <ele>974.38242</ele>
        <time>2026-09-21T05:50:27Z</time>
        <speed>1.211494</speed>
      </trkpt>
      <trkpt lat="29.220676" lon="119.655152">
        <ele>975.162839</ele>
        <time>2026-09-21T05:50:32Z</time>
        <speed>1.024945</speed>
      </trkpt>
      <trkpt lat="29.220658" lon="119.655188">
        <ele>976.641197</ele>
        <time>2026-09-21T05:50:36Z</time>
        <speed>1.072327</speed>
      </trkpt>
      <trkpt lat="29.220639" lon="119.655222">
        <ele>977.49648</ele>
        <time>2026-09-21T05:50:40Z</time>
        <speed>1.058568</speed>
      </trkpt>
      <trkpt lat="29.220618" lon="119.65526">
        <ele>977.167791</ele>
        <time>2026-09-21T05:50:44Z</time>
        <speed>0.930667</speed>
      </trkpt>
      <trkpt lat="29.220598" lon="119.655286">
        <ele>979.354347</ele>
        <time>2026-09-21T05:50:52Z</time>
        <speed>1.309144</speed>
      </trkpt>
      <trkpt lat="29.220574" lon="119.655322">
        <ele>980.61316</ele>
        <time>2026-09-21T05:50:56Z</time>
        <speed>0.707074</speed>
      </trkpt>
      <trkpt lat="29.220556" lon="119.655346">
        <ele>982.043615</ele>
        <time>2026-09-21T05:51:02Z</time>
        <speed>1.129064</speed>
      </trkpt>
      <trkpt lat="29.220529" lon="119.655376">
        <ele>981.910886</ele>
        <time>2026-09-21T05:51:06Z</time>
        <speed>1.095675</speed>
      </trkpt>
      <trkpt lat="29.220505" lon="119.655401">
        <ele>982.416353</ele>
        <time>2026-09-21T05:51:08Z</time>
        <speed>1.116693</speed>
      </trkpt>
      <trkpt lat="29.22048" lon="119.655425">
        <ele>981.749142</ele>
        <time>2026-09-21T05:51:10Z</time>
        <speed>1.107952</speed>
      </trkpt>
      <trkpt lat="29.220459" lon="119.655448">
        <ele>981.780081</ele>
        <time>2026-09-21T05:51:12Z</time>
        <speed>1.167231</speed>
      </trkpt>
      <trkpt lat="29.220436" lon="119.655472">
        <ele>982.402834</ele>
        <time>2026-09-21T05:51:18Z</time>
        <speed>0.777427</speed>
      </trkpt>
      <trkpt lat="29.220407" lon="119.655502">
        <ele>983.228489</ele>
        <time>2026-09-21T05:51:22Z</time>
        <speed>0.954969</speed>
      </trkpt>
      <trkpt lat="29.220385" lon="119.655521">
        <ele>983.232036</ele>
        <time>2026-09-21T05:51:24Z</time>
        <speed>1.106067</speed>
      </trkpt>
      <trkpt lat="29.220343" lon="119.655558">
        <ele>983.741915</ele>
        <time>2026-09-21T05:51:28Z</time>
        <speed>1.104674</speed>
      </trkpt>
      <trkpt lat="29.220318" lon="119.655581">
        <ele>984.814098</ele>
        <time>2026-09-21T05:51:31Z</time>
        <speed>1.042732</speed>
      </trkpt>
      <trkpt lat="29.220283" lon="119.655615">
        <ele>984.742284</ele>
        <time>2026-09-21T05:51:35Z</time>
        <speed>1.002366</speed>
      </trkpt>
      <trkpt lat="29.220255" lon="119.655644">
        <ele>984.610362</ele>
        <time>2026-09-21T05:51:39Z</time>
        <speed>1.0844</speed>
      </trkpt>
      <trkpt lat="29.220225" lon="119.655677">
        <ele>985.303646</ele>
        <time>2026-09-21T05:51:43Z</time>
        <speed>1.010796</speed>
      </trkpt>
      <trkpt lat="29.220201" lon="119.655704">
        <ele>986.072693</ele>
        <time>2026-09-21T05:51:47Z</time>
        <speed>1.15074</speed>
      </trkpt>
      <trkpt lat="29.220168" lon="119.655747">
        <ele>985.524163</ele>
        <time>2026-09-21T05:51:52Z</time>
        <speed>1.023661</speed>
      </trkpt>
      <trkpt lat="29.220151" lon="119.655774">
        <ele>982.877607</ele>
        <time>2026-09-21T05:51:54Z</time>
        <speed>1.127404</speed>
      </trkpt>
      <trkpt lat="29.220123" lon="119.655807">
        <ele>984.855996</ele>
        <time>2026-09-21T05:51:58Z</time>
        <speed>1.025427</speed>
      </trkpt>
      <trkpt lat="29.220083" lon="119.65584">
        <ele>985.09096</ele>
        <time>2026-09-21T05:52:02Z</time>
        <speed>1.947805</speed>
      </trkpt>
      <trkpt lat="29.220032" lon="119.655872">
        <ele>985.993401</ele>
        <time>2026-09-21T05:52:07Z</time>
        <speed>1.14335</speed>
      </trkpt>
      <trkpt lat="29.21998" lon="119.655876">
        <ele>986.155184</ele>
        <time>2026-09-21T05:52:12Z</time>
        <speed>1.019844</speed>
      </trkpt>
      <trkpt lat="29.219953" lon="119.65586">
        <ele>985.352568</ele>
        <time>2026-09-21T05:52:16Z</time>
        <speed>1.101449</speed>
      </trkpt>
      <trkpt lat="29.21994" lon="119.655822">
        <ele>986.009941</ele>
        <time>2026-09-21T05:52:20Z</time>
        <speed>1.121593</speed>
      </trkpt>
      <trkpt lat="29.21995" lon="119.655762">
        <ele>987.488622</ele>
        <time>2026-09-21T05:52:24Z</time>
        <speed>0.967328</speed>
      </trkpt>
      <trkpt lat="29.219981" lon="119.65572">
        <ele>986.844616</ele>
        <time>2026-09-21T05:52:32Z</time>
        <speed>1.105142</speed>
      </trkpt>
      <trkpt lat="29.220023" lon="119.655679">
        <ele>987.014029</ele>
        <time>2026-09-21T05:52:36Z</time>
        <speed>1.44587</speed>
      </trkpt>
      <trkpt lat="29.220048" lon="119.655656">
        <ele>987.087373</ele>
        <time>2026-09-21T05:52:38Z</time>
        <speed>0.98625</speed>
      </trkpt>
      <trkpt lat="29.220081" lon="119.655617">
        <ele>987.775857</ele>
        <time>2026-09-21T05:52:46Z</time>
        <speed>1.011744</speed>
      </trkpt>
      <trkpt lat="29.220114" lon="119.655576">
        <ele>988.444305</ele>
        <time>2026-09-21T05:52:48Z</time>
        <speed>0.338322</speed>
      </trkpt>
      <trkpt lat="29.220131" lon="119.655552">
        <ele>988.816234</ele>
        <time>2026-09-21T05:53:01Z</time>
        <speed>0.267493</speed>
      </trkpt>
      <trkpt lat="29.220152" lon="119.655524">
        <ele>989.639388</ele>
        <time>2026-09-21T05:53:16Z</time>
        <speed>0.580576</speed>
      </trkpt>
      <trkpt lat="29.220172" lon="119.655479">
        <ele>989.495818</ele>
        <time>2026-09-21T05:53:22Z</time>
        <speed>1.286019</speed>
      </trkpt>
      <trkpt lat="29.22019" lon="119.655422">
        <ele>989.54742</ele>
        <time>2026-09-21T05:53:31Z</time>
        <speed>1.082072</speed>
      </trkpt>
      <trkpt lat="29.220197" lon="119.655373">
        <ele>989.854623</ele>
        <time>2026-09-21T05:53:36Z</time>
        <speed>1.07888</speed>
      </trkpt>
      <trkpt lat="29.220197" lon="119.655297">
        <ele>989.156828</ele>
        <time>2026-09-21T05:53:43Z</time>
        <speed>1.053938</speed>
      </trkpt>
      <trkpt lat="29.220196" lon="119.655266">
        <ele>989.714381</ele>
        <time>2026-09-21T05:53:45Z</time>
        <speed>0.605161</speed>
      </trkpt>
      <trkpt lat="29.220172" lon="119.65522">
        <ele>991.54604</ele>
        <time>2026-09-21T05:53:53Z</time>
        <speed>0.996567</speed>
      </trkpt>
      <trkpt lat="29.22015" lon="119.655198">
        <ele>991.718172</ele>
        <time>2026-09-21T05:53:55Z</time>
        <speed>0.934884</speed>
      </trkpt>
      <trkpt lat="29.220125" lon="119.655183">
        <ele>990.936728</ele>
        <time>2026-09-21T05:53:57Z</time>
        <speed>1.302414</speed>
      </trkpt>
      <trkpt lat="29.220075" lon="119.655187">
        <ele>992.351199</ele>
        <time>2026-09-21T05:54:01Z</time>
        <speed>1.069965</speed>
      </trkpt>
      <trkpt lat="29.220043" lon="119.655223">
        <ele>993.585495</ele>
        <time>2026-09-21T05:54:05Z</time>
        <speed>1.147961</speed>
      </trkpt>
      <trkpt lat="29.220026" lon="119.655281">
        <ele>993.305839</ele>
        <time>2026-09-21T05:54:09Z</time>
        <speed>1.484721</speed>
      </trkpt>
      <trkpt lat="29.22002" lon="119.655321">
        <ele>992.715918</ele>
        <time>2026-09-21T05:54:12Z</time>
        <speed>0.98783</speed>
      </trkpt>
      <trkpt lat="29.220018" lon="119.655352">
        <ele>993.545764</ele>
        <time>2026-09-21T05:54:14Z</time>
        <speed>1.163962</speed>
      </trkpt>
      <trkpt lat="29.220017" lon="119.655384">
        <ele>993.285029</ele>
        <time>2026-09-21T05:54:16Z</time>
        <speed>1.484796</speed>
      </trkpt>
      <trkpt lat="29.220007" lon="119.655436">
        <ele>992.980149</ele>
        <time>2026-09-21T05:54:20Z</time>
        <speed>1.242347</speed>
      </trkpt>
      <trkpt lat="29.219982" lon="119.655471">
        <ele>993.15774</ele>
        <time>2026-09-21T05:54:24Z</time>
        <speed>1.136687</speed>
      </trkpt>
      <trkpt lat="29.21995" lon="119.655488">
        <ele>993.733639</ele>
        <time>2026-09-21T05:54:29Z</time>
        <speed>1.065745</speed>
      </trkpt>
      <trkpt lat="29.219901" lon="119.655499">
        <ele>993.272894</ele>
        <time>2026-09-21T05:54:33Z</time>
        <speed>1.172711</speed>
      </trkpt>
      <trkpt lat="29.219854" lon="119.655505">
        <ele>994.420828</ele>
        <time>2026-09-21T05:54:37Z</time>
        <speed>1.342063</speed>
      </trkpt>
      <trkpt lat="29.219823" lon="119.655508">
        <ele>995.253695</ele>
        <time>2026-09-21T05:54:40Z</time>
        <speed>1.157869</speed>
      </trkpt>
      <trkpt lat="29.21978" lon="119.65551">
        <ele>995.518866</ele>
        <time>2026-09-21T05:54:44Z</time>
        <speed>1.145707</speed>
      </trkpt>
      <trkpt lat="29.219739" lon="119.655502">
        <ele>996.29871</ele>
        <time>2026-09-21T05:54:48Z</time>
        <speed>1.089811</speed>
      </trkpt>
      <trkpt lat="29.219713" lon="119.655492">
        <ele>995.397411</ele>
        <time>2026-09-21T05:54:51Z</time>
        <speed>1.021778</speed>
      </trkpt>
      <trkpt lat="29.219677" lon="119.655462">
        <ele>996.189808</ele>
        <time>2026-09-21T05:54:55Z</time>
        <speed>0.971739</speed>
      </trkpt>
      <trkpt lat="29.219639" lon="119.655419">
        <ele>996.34798</ele>
        <time>2026-09-21T05:55:03Z</time>
        <speed>1.347657</speed>
      </trkpt>
      <trkpt lat="29.219618" lon="119.655395">
        <ele>996.398082</ele>
        <time>2026-09-21T05:55:05Z</time>
        <speed>0.741293</speed>
      </trkpt>
      <trkpt lat="29.219598" lon="119.655371">
        <ele>997.60408</ele>
        <time>2026-09-21T05:55:07Z</time>
        <speed>1.062356</speed>
      </trkpt>
      <trkpt lat="29.219579" lon="119.655348">
        <ele>996.726721</ele>
        <time>2026-09-21T05:55:09Z</time>
        <speed>1.242101</speed>
      </trkpt>
      <trkpt lat="29.219541" lon="119.655309">
        <ele>998.459486</ele>
        <time>2026-09-21T05:55:13Z</time>
        <speed>1.315782</speed>
      </trkpt>
      <trkpt lat="29.219505" lon="119.655281">
        <ele>998.153166</ele>
        <time>2026-09-21T05:55:17Z</time>
        <speed>1.134435</speed>
      </trkpt>
      <trkpt lat="29.219469" lon="119.655259">
        <ele>1000.248422</ele>
        <time>2026-09-21T05:55:21Z</time>
        <speed>1.084698</speed>
      </trkpt>
      <trkpt lat="29.219434" lon="119.655237">
        <ele>999.743548</ele>
        <time>2026-09-21T05:55:25Z</time>
        <speed>1.078105</speed>
      </trkpt>
      <trkpt lat="29.219389" lon="119.65521">
        <ele>998.950829</ele>
        <time>2026-09-21T05:55:29Z</time>
        <speed>1.244694</speed>
      </trkpt>
      <trkpt lat="29.219346" lon="119.655189">
        <ele>999.697242</ele>
        <time>2026-09-21T05:55:33Z</time>
        <speed>1.164677</speed>
      </trkpt>
      <trkpt lat="29.219319" lon="119.655167">
        <ele>999.740726</ele>
        <time>2026-09-21T05:55:44Z</time>
        <speed>0.835331</speed>
      </trkpt>
      <trkpt lat="29.219297" lon="119.65513">
        <ele>998.567919</ele>
        <time>2026-09-21T05:55:48Z</time>
        <speed>0.276586</speed>
      </trkpt>
      <trkpt lat="29.219277" lon="119.655096">
        <ele>999.422346</ele>
        <time>2026-09-21T05:55:52Z</time>
        <speed>1.032338</speed>
      </trkpt>
      <trkpt lat="29.219253" lon="119.655052">
        <ele>999.419469</ele>
        <time>2026-09-21T05:55:56Z</time>
        <speed>1.490948</speed>
      </trkpt>
      <trkpt lat="29.219227" lon="119.655001">
        <ele>1000.169444</ele>
        <time>2026-09-21T05:56:00Z</time>
        <speed>1.171537</speed>
      </trkpt>
      <trkpt lat="29.219197" lon="119.65495">
        <ele>1000.093321</ele>
        <time>2026-09-21T05:56:04Z</time>
        <speed>1.178998</speed>
      </trkpt>
      <trkpt lat="29.219179" lon="119.654923">
        <ele>999.491971</ele>
        <time>2026-09-21T05:56:06Z</time>
        <speed>1.49614</speed>
      </trkpt>
      <trkpt lat="29.219162" lon="119.654898">
        <ele>999.731921</ele>
        <time>2026-09-21T05:56:08Z</time>
        <speed>1.338447</speed>
      </trkpt>
      <trkpt lat="29.219146" lon="119.654873">
        <ele>999.264721</ele>
        <time>2026-09-21T05:56:10Z</time>
        <speed>1.475743</speed>
      </trkpt>
      <trkpt lat="29.219108" lon="119.654833">
        <ele>999.687609</ele>
        <time>2026-09-21T05:56:14Z</time>
        <speed>1.366372</speed>
      </trkpt>
      <trkpt lat="29.219044" lon="119.654795">
        <ele>1000.623065</ele>
        <time>2026-09-21T05:56:20Z</time>
        <speed>1.638832</speed>
      </trkpt>
      <trkpt lat="29.219019" lon="119.654783">
        <ele>1001.00963</ele>
        <time>2026-09-21T05:56:22Z</time>
        <speed>1.207305</speed>
      </trkpt>
      <trkpt lat="29.218963" lon="119.654759">
        <ele>1002.222501</ele>
        <time>2026-09-21T05:56:32Z</time>
        <speed>0.937822</speed>
      </trkpt>
      <trkpt lat="29.218933" lon="119.65475">
        <ele>1001.44858</ele>
        <time>2026-09-21T05:56:38Z</time>
        <speed>0.887342</speed>
      </trkpt>
      <trkpt lat="29.218899" lon="119.654746">
        <ele>1001.543143</ele>
        <time>2026-09-21T05:56:40Z</time>
        <speed>1.145405</speed>
      </trkpt>
      <trkpt lat="29.218869" lon="119.654743">
        <ele>1002.514108</ele>
        <time>2026-09-21T05:56:42Z</time>
        <speed>0.963914</speed>
      </trkpt>
      <trkpt lat="29.218817" lon="119.654742">
        <ele>1002.045992</ele>
        <time>2026-09-21T05:56:46Z</time>
        <speed>1.272742</speed>
      </trkpt>
      <trkpt lat="29.218767" lon="119.654748">
        <ele>1002.773849</ele>
        <time>2026-09-21T05:56:50Z</time>
        <speed>1.135972</speed>
      </trkpt>
      <trkpt lat="29.218725" lon="119.654757">
        <ele>1002.699588</ele>
        <time>2026-09-21T05:56:54Z</time>
        <speed>0.984472</speed>
      </trkpt>
      <trkpt lat="29.218689" lon="119.65476">
        <ele>1003.342606</ele>
        <time>2026-09-21T05:57:02Z</time>
        <speed>1.049371</speed>
      </trkpt>
      <trkpt lat="29.218642" lon="119.654766">
        <ele>1002.643763</ele>
        <time>2026-09-21T05:57:06Z</time>
        <speed>0.591751</speed>
      </trkpt>
      <trkpt lat="29.218601" lon="119.654775">
        <ele>1003.152971</ele>
        <time>2026-09-21T05:57:10Z</time>
        <speed>0.884559</speed>
      </trkpt>
      <trkpt lat="29.218556" lon="119.654779">
        <ele>1004.842937</ele>
        <time>2026-09-21T05:57:18Z</time>
        <speed>0.726327</speed>
      </trkpt>
      <trkpt lat="29.218512" lon="119.654785">
        <ele>1004.801141</ele>
        <time>2026-09-21T05:57:22Z</time>
        <speed>0.68349</speed>
      </trkpt>
      <trkpt lat="29.218474" lon="119.654785">
        <ele>1005.46735</ele>
        <time>2026-09-21T05:57:30Z</time>
        <speed>0.985103</speed>
      </trkpt>
      <trkpt lat="29.218405" lon="119.654777">
        <ele>1006.42761</ele>
        <time>2026-09-21T05:57:34Z</time>
        <speed>0.512166</speed>
      </trkpt>
      <trkpt lat="29.21836" lon="119.654778">
        <ele>1005.646896</ele>
        <time>2026-09-21T05:57:42Z</time>
        <speed>1.044984</speed>
      </trkpt>
      <trkpt lat="29.218326" lon="119.654782">
        <ele>1005.311809</ele>
        <time>2026-09-21T05:57:44Z</time>
        <speed>1.279245</speed>
      </trkpt>
      <trkpt lat="29.218283" lon="119.654789">
        <ele>1005.289142</ele>
        <time>2026-09-21T05:57:47Z</time>
        <speed>1.170614</speed>
      </trkpt>
      <trkpt lat="29.21825" lon="119.654796">
        <ele>1005.352613</ele>
        <time>2026-09-21T05:57:49Z</time>
        <speed>1.319953</speed>
      </trkpt>
      <trkpt lat="29.218223" lon="119.654804">
        <ele>1006.214516</ele>
        <time>2026-09-21T05:57:51Z</time>
        <speed>1.17092</speed>
      </trkpt>
      <trkpt lat="29.218178" lon="119.654822">
        <ele>1007.109448</ele>
        <time>2026-09-21T05:57:55Z</time>
        <speed>0.986448</speed>
      </trkpt>
      <trkpt lat="29.218146" lon="119.654861">
        <ele>1009.264389</ele>
        <time>2026-09-21T05:58:03Z</time>
        <speed>0.878741</speed>
      </trkpt>
      <trkpt lat="29.218126" lon="119.654886">
        <ele>1008.917092</ele>
        <time>2026-09-21T05:58:05Z</time>
        <speed>1.168725</speed>
      </trkpt>
      <trkpt lat="29.218106" lon="119.65491">
        <ele>1008.892729</ele>
        <time>2026-09-21T05:58:07Z</time>
        <speed>1.205654</speed>
      </trkpt>
      <trkpt lat="29.218086" lon="119.654931">
        <ele>1008.847927</ele>
        <time>2026-09-21T05:58:09Z</time>
        <speed>1.072877</speed>
      </trkpt>
      <trkpt lat="29.218048" lon="119.654965">
        <ele>1007.345342</ele>
        <time>2026-09-21T05:58:13Z</time>
        <speed>1.139551</speed>
      </trkpt>
      <trkpt lat="29.218009" lon="119.655002">
        <ele>1007.064862</ele>
        <time>2026-09-21T05:58:18Z</time>
        <speed>1.186399</speed>
      </trkpt>
      <trkpt lat="29.217977" lon="119.655033">
        <ele>1006.886518</ele>
        <time>2026-09-21T05:58:22Z</time>
        <speed>1.041164</speed>
      </trkpt>
      <trkpt lat="29.217944" lon="119.655065">
        <ele>1006.665349</ele>
        <time>2026-09-21T05:58:26Z</time>
        <speed>1.193992</speed>
      </trkpt>
      <trkpt lat="29.21791" lon="119.655098">
        <ele>1007.007109</ele>
        <time>2026-09-21T05:58:30Z</time>
        <speed>1.261986</speed>
      </trkpt>
      <trkpt lat="29.217889" lon="119.655121">
        <ele>1007.993339</ele>
        <time>2026-09-21T05:58:36Z</time>
        <speed>0.58389</speed>
      </trkpt>
      <trkpt lat="29.217847" lon="119.65515">
        <ele>1007.852742</ele>
        <time>2026-09-21T05:58:41Z</time>
        <speed>0.898095</speed>
      </trkpt>
      <trkpt lat="29.217821" lon="119.655159">
        <ele>1008.474759</ele>
        <time>2026-09-21T05:58:43Z</time>
        <speed>1.415296</speed>
      </trkpt>
      <trkpt lat="29.21777" lon="119.655145">
        <ele>1008.137224</ele>
        <time>2026-09-21T05:58:47Z</time>
        <speed>0.863924</speed>
      </trkpt>
      <trkpt lat="29.217721" lon="119.655153">
        <ele>1009.616552</ele>
        <time>2026-09-21T05:58:55Z</time>
        <speed>1.160549</speed>
      </trkpt>
      <trkpt lat="29.217687" lon="119.655167">
        <ele>1010.311204</ele>
        <time>2026-09-21T05:58:57Z</time>
        <speed>1.074538</speed>
      </trkpt>
      <trkpt lat="29.21764" lon="119.655194">
        <ele>1010.409087</ele>
        <time>2026-09-21T05:59:01Z</time>
        <speed>1.089523</speed>
      </trkpt>
      <trkpt lat="29.217598" lon="119.655222">
        <ele>1010.817598</ele>
        <time>2026-09-21T05:59:05Z</time>
        <speed>1.00323</speed>
      </trkpt>
      <trkpt lat="29.217572" lon="119.655239">
        <ele>1012.248389</ele>
        <time>2026-09-21T05:59:10Z</time>
        <speed>0.850327</speed>
      </trkpt>
      <trkpt lat="29.217529" lon="119.65526">
        <ele>1013.620054</ele>
        <time>2026-09-21T05:59:15Z</time>
        <speed>0.922526</speed>
      </trkpt>
      <trkpt lat="29.217502" lon="119.655276">
        <ele>1013.945125</ele>
        <time>2026-09-21T05:59:17Z</time>
        <speed>1.094684</speed>
      </trkpt>
      <trkpt lat="29.217474" lon="119.655293">
        <ele>1014.253994</ele>
        <time>2026-09-21T05:59:19Z</time>
        <speed>1.461963</speed>
      </trkpt>
      <trkpt lat="29.217447" lon="119.655307">
        <ele>1014.950256</ele>
        <time>2026-09-21T05:59:21Z</time>
        <speed>1.186834</speed>
      </trkpt>
      <trkpt lat="29.217398" lon="119.655337">
        <ele>1016.069691</ele>
        <time>2026-09-21T05:59:26Z</time>
        <speed>1.313012</speed>
      </trkpt>
      <trkpt lat="29.217359" lon="119.655366">
        <ele>1016.175758</ele>
        <time>2026-09-21T05:59:30Z</time>
        <speed>1.080036</speed>
      </trkpt>
      <trkpt lat="29.217326" lon="119.655396">
        <ele>1016.119817</ele>
        <time>2026-09-21T05:59:34Z</time>
        <speed>1.143118</speed>
      </trkpt>
      <trkpt lat="29.217291" lon="119.655427">
        <ele>1015.205416</ele>
        <time>2026-09-21T05:59:38Z</time>
        <speed>1.009546</speed>
      </trkpt>
      <trkpt lat="29.217255" lon="119.655453">
        <ele>1014.75246</ele>
        <time>2026-09-21T05:59:42Z</time>
        <speed>1.003796</speed>
      </trkpt>
      <trkpt lat="29.217212" lon="119.655487">
        <ele>1013.40088</ele>
        <time>2026-09-21T05:59:47Z</time>
        <speed>1.182652</speed>
      </trkpt>
      <trkpt lat="29.217188" lon="119.655507">
        <ele>1013.230827</ele>
        <time>2026-09-21T05:59:49Z</time>
        <speed>0.912322</speed>
      </trkpt>
      <trkpt lat="29.217148" lon="119.655543">
        <ele>1012.302805</ele>
        <time>2026-09-21T05:59:57Z</time>
        <speed>1.011753</speed>
      </trkpt>
      <trkpt lat="29.217124" lon="119.655567">
        <ele>1013.065599</ele>
        <time>2026-09-21T05:59:59Z</time>
        <speed>1.135668</speed>
      </trkpt>
      <trkpt lat="29.217098" lon="119.655585">
        <ele>1013.11355</ele>
        <time>2026-09-21T06:00:01Z</time>
        <speed>0.974969</speed>
      </trkpt>
      <trkpt lat="29.21707" lon="119.655605">
        <ele>1013.177858</ele>
        <time>2026-09-21T06:00:03Z</time>
        <speed>0.799242</speed>
      </trkpt>
      <trkpt lat="29.217033" lon="119.655631">
        <ele>1011.950331</ele>
        <time>2026-09-21T06:00:11Z</time>
        <speed>1.015529</speed>
      </trkpt>
      <trkpt lat="29.217004" lon="119.65565">
        <ele>1011.154154</ele>
        <time>2026-09-21T06:00:13Z</time>
        <speed>1.406669</speed>
      </trkpt>
      <trkpt lat="29.216973" lon="119.655667">
        <ele>1010.293494</ele>
        <time>2026-09-21T06:00:15Z</time>
        <speed>1.323718</speed>
      </trkpt>
      <trkpt lat="29.216945" lon="119.655681">
        <ele>1010.483697</ele>
        <time>2026-09-21T06:00:17Z</time>
        <speed>1.355883</speed>
      </trkpt>
      <trkpt lat="29.216919" lon="119.655692">
        <ele>1010.261785</ele>
        <time>2026-09-21T06:00:19Z</time>
        <speed>1.088803</speed>
      </trkpt>
      <trkpt lat="29.216873" lon="119.655709">
        <ele>1009.931009</ele>
        <time>2026-09-21T06:00:23Z</time>
        <speed>1.144238</speed>
      </trkpt>
      <trkpt lat="29.216835" lon="119.655729">
        <ele>1009.113035</ele>
        <time>2026-09-21T06:00:27Z</time>
        <speed>1.552733</speed>
      </trkpt>
      <trkpt lat="29.216802" lon="119.655762">
        <ele>1006.47649</ele>
        <time>2026-09-21T06:00:31Z</time>
        <speed>1.644092</speed>
      </trkpt>
      <trkpt lat="29.216762" lon="119.655798">
        <ele>1005.096</ele>
        <time>2026-09-21T06:00:35Z</time>
        <speed>1.675116</speed>
      </trkpt>
      <trkpt lat="29.216719" lon="119.655824">
        <ele>1003.882761</ele>
        <time>2026-09-21T06:00:39Z</time>
        <speed>1.667032</speed>
      </trkpt>
      <trkpt lat="29.216672" lon="119.655824">
        <ele>1003.416889</ele>
        <time>2026-09-21T06:00:43Z</time>
        <speed>1.771203</speed>
      </trkpt>
      <trkpt lat="29.216623" lon="119.655807">
        <ele>1004.519969</ele>
        <time>2026-09-21T06:00:47Z</time>
        <speed>1.607179</speed>
      </trkpt>
      <trkpt lat="29.216596" lon="119.655799">
        <ele>1004.072097</ele>
        <time>2026-09-21T06:00:49Z</time>
        <speed>1.749822</speed>
      </trkpt>
      <trkpt lat="29.216547" lon="119.655803">
        <ele>1002.187539</ele>
        <time>2026-09-21T06:00:53Z</time>
        <speed>1.740854</speed>
      </trkpt>
      <trkpt lat="29.216512" lon="119.655832">
        <ele>999.216012</ele>
        <time>2026-09-21T06:00:57Z</time>
        <speed>1.437548</speed>
      </trkpt>
      <trkpt lat="29.216484" lon="119.655879">
        <ele>997.753514</ele>
        <time>2026-09-21T06:01:01Z</time>
        <speed>1.613918</speed>
      </trkpt>
      <trkpt lat="29.21647" lon="119.655906">
        <ele>997.163681</ele>
        <time>2026-09-21T06:01:03Z</time>
        <speed>1.702762</speed>
      </trkpt>
      <trkpt lat="29.216439" lon="119.655954">
        <ele>996.586418</ele>
        <time>2026-09-21T06:01:07Z</time>
        <speed>1.625078</speed>
      </trkpt>
      <trkpt lat="29.216409" lon="119.65599">
        <ele>996.727871</ele>
        <time>2026-09-21T06:01:11Z</time>
        <speed>1.600625</speed>
      </trkpt>
      <trkpt lat="29.216379" lon="119.656013">
        <ele>996.417039</ele>
        <time>2026-09-21T06:01:15Z</time>
        <speed>1.63042</speed>
      </trkpt>
      <trkpt lat="29.216349" lon="119.656038">
        <ele>995.564069</ele>
        <time>2026-09-21T06:01:19Z</time>
        <speed>1.725672</speed>
      </trkpt>
      <trkpt lat="29.216313" lon="119.656067">
        <ele>993.820409</ele>
        <time>2026-09-21T06:01:23Z</time>
        <speed>1.60302</speed>
      </trkpt>
      <trkpt lat="29.216274" lon="119.656101">
        <ele>993.316994</ele>
        <time>2026-09-21T06:01:27Z</time>
        <speed>1.742928</speed>
      </trkpt>
      <trkpt lat="29.216231" lon="119.656128">
        <ele>991.29103</ele>
        <time>2026-09-21T06:01:31Z</time>
        <speed>1.595505</speed>
      </trkpt>
      <trkpt lat="29.216186" lon="119.656138">
        <ele>991.342816</ele>
        <time>2026-09-21T06:01:35Z</time>
        <speed>1.624776</speed>
      </trkpt>
      <trkpt lat="29.216141" lon="119.656134">
        <ele>990.972687</ele>
        <time>2026-09-21T06:01:39Z</time>
        <speed>1.691269</speed>
      </trkpt>
      <trkpt lat="29.216094" lon="119.656118">
        <ele>989.571844</ele>
        <time>2026-09-21T06:01:46Z</time>
        <speed>1.122872</speed>
      </trkpt>
      <trkpt lat="29.216058" lon="119.656101">
        <ele>988.851696</ele>
        <time>2026-09-21T06:01:50Z</time>
        <speed>1.796974</speed>
      </trkpt>
      <trkpt lat="29.216013" lon="119.656087">
        <ele>987.182271</ele>
        <time>2026-09-21T06:01:54Z</time>
        <speed>1.227909</speed>
      </trkpt>
      <trkpt lat="29.215958" lon="119.656082">
        <ele>987.428498</ele>
        <time>2026-09-21T06:01:58Z</time>
        <speed>1.911782</speed>
      </trkpt>
      <trkpt lat="29.215929" lon="119.656084">
        <ele>988.135874</ele>
        <time>2026-09-21T06:02:00Z</time>
        <speed>1.863175</speed>
      </trkpt>
      <trkpt lat="29.215899" lon="119.656088">
        <ele>988.009255</ele>
        <time>2026-09-21T06:02:02Z</time>
        <speed>1.823191</speed>
      </trkpt>
      <trkpt lat="29.21587" lon="119.656093">
        <ele>986.310589</ele>
        <time>2026-09-21T06:02:04Z</time>
        <speed>1.668533</speed>
      </trkpt>
      <trkpt lat="29.215842" lon="119.656099">
        <ele>986.540356</ele>
        <time>2026-09-21T06:02:06Z</time>
        <speed>1.662424</speed>
      </trkpt>
      <trkpt lat="29.215815" lon="119.656107">
        <ele>987.181639</ele>
        <time>2026-09-21T06:02:08Z</time>
        <speed>1.722902</speed>
      </trkpt>
      <trkpt lat="29.215778" lon="119.656137">
        <ele>987.448175</ele>
        <time>2026-09-21T06:02:12Z</time>
        <speed>1.715194</speed>
      </trkpt>
      <trkpt lat="29.215756" lon="119.656177">
        <ele>986.042442</ele>
        <time>2026-09-21T06:02:16Z</time>
        <speed>1.646707</speed>
      </trkpt>
      <trkpt lat="29.215752" lon="119.656224">
        <ele>983.11081</ele>
        <time>2026-09-21T06:02:20Z</time>
        <speed>1.590552</speed>
      </trkpt>
      <trkpt lat="29.215768" lon="119.656277">
        <ele>982.526677</ele>
        <time>2026-09-21T06:02:24Z</time>
        <speed>1.694443</speed>
      </trkpt>
      <trkpt lat="29.215793" lon="119.65633">
        <ele>979.527429</ele>
        <time>2026-09-21T06:02:28Z</time>
        <speed>1.54217</speed>
      </trkpt>
      <trkpt lat="29.215794" lon="119.656367">
        <ele>977.725914</ele>
        <time>2026-09-21T06:02:32Z</time>
        <speed>1.481234</speed>
      </trkpt>
      <trkpt lat="29.215771" lon="119.656391">
        <ele>977.316371</ele>
        <time>2026-09-21T06:02:36Z</time>
        <speed>1.623076</speed>
      </trkpt>
      <trkpt lat="29.215736" lon="119.656416">
        <ele>975.980658</ele>
        <time>2026-09-21T06:02:40Z</time>
        <speed>1.578492</speed>
      </trkpt>
      <trkpt lat="29.2157" lon="119.656446">
        <ele>974.582073</ele>
        <time>2026-09-21T06:02:44Z</time>
        <speed>1.719743</speed>
      </trkpt>
      <trkpt lat="29.21566" lon="119.656476">
        <ele>973.435485</ele>
        <time>2026-09-21T06:02:48Z</time>
        <speed>1.56066</speed>
      </trkpt>
      <trkpt lat="29.215621" lon="119.656503">
        <ele>972.020494</ele>
        <time>2026-09-21T06:02:52Z</time>
        <speed>1.60585</speed>
      </trkpt>
      <trkpt lat="29.215583" lon="119.656525">
        <ele>969.623273</ele>
        <time>2026-09-21T06:02:56Z</time>
        <speed>1.462515</speed>
      </trkpt>
      <trkpt lat="29.215541" lon="119.656546">
        <ele>969.677884</ele>
        <time>2026-09-21T06:03:00Z</time>
        <speed>1.710818</speed>
      </trkpt>
      <trkpt lat="29.215502" lon="119.656564">
        <ele>968.34127</ele>
        <time>2026-09-21T06:03:04Z</time>
        <speed>1.661112</speed>
      </trkpt>
      <trkpt lat="29.215463" lon="119.656583">
        <ele>966.98286</ele>
        <time>2026-09-21T06:03:08Z</time>
        <speed>1.592656</speed>
      </trkpt>
      <trkpt lat="29.21542" lon="119.656612">
        <ele>965.299836</ele>
        <time>2026-09-21T06:03:12Z</time>
        <speed>1.796953</speed>
      </trkpt>
      <trkpt lat="29.215375" lon="119.656644">
        <ele>964.08567</ele>
        <time>2026-09-21T06:03:16Z</time>
        <speed>1.723642</speed>
      </trkpt>
      <trkpt lat="29.215352" lon="119.656661">
        <ele>963.878383</ele>
        <time>2026-09-21T06:03:18Z</time>
        <speed>1.780597</speed>
      </trkpt>
      <trkpt lat="29.215305" lon="119.65669">
        <ele>962.599249</ele>
        <time>2026-09-21T06:03:22Z</time>
        <speed>1.713765</speed>
      </trkpt>
      <trkpt lat="29.215262" lon="119.656714">
        <ele>960.686652</ele>
        <time>2026-09-21T06:03:26Z</time>
        <speed>1.549577</speed>
      </trkpt>
      <trkpt lat="29.215225" lon="119.656739">
        <ele>959.307578</ele>
        <time>2026-09-21T06:03:30Z</time>
        <speed>1.760369</speed>
      </trkpt>
      <trkpt lat="29.215198" lon="119.656768">
        <ele>960.954698</ele>
        <time>2026-09-21T06:03:58Z</time>
        <speed>0.964104</speed>
      </trkpt>
      <trkpt lat="29.215163" lon="119.6568">
        <ele>960.553817</ele>
        <time>2026-09-21T06:04:02Z</time>
        <speed>1.04361</speed>
      </trkpt>
      <trkpt lat="29.21514" lon="119.656818">
        <ele>960.589564</ele>
        <time>2026-09-21T06:04:06Z</time>
        <speed>1.168219</speed>
      </trkpt>
      <trkpt lat="29.215126" lon="119.656862">
        <ele>960.398383</ele>
        <time>2026-09-21T06:04:12Z</time>
        <speed>0.956838</speed>
      </trkpt>
      <trkpt lat="29.215114" lon="119.656899">
        <ele>959.934471</ele>
        <time>2026-09-21T06:04:14Z</time>
        <speed>1.481146</speed>
      </trkpt>
      <trkpt lat="29.215097" lon="119.65693">
        <ele>960.066355</ele>
        <time>2026-09-21T06:04:16Z</time>
        <speed>1.046097</speed>
      </trkpt>
      <trkpt lat="29.215079" lon="119.656959">
        <ele>959.996994</ele>
        <time>2026-09-21T06:04:18Z</time>
        <speed>0.750809</speed>
      </trkpt>
      <trkpt lat="29.21507" lon="119.657003">
        <ele>958.281811</ele>
        <time>2026-09-21T06:04:26Z</time>
        <speed>0.590857</speed>
      </trkpt>
      <trkpt lat="29.21507" lon="119.657051">
        <ele>957.534805</ele>
        <time>2026-09-21T06:04:30Z</time>
        <speed>0.499282</speed>
      </trkpt>
      <trkpt lat="29.215071" lon="119.65709">
        <ele>957.096837</ele>
        <time>2026-09-21T06:04:40Z</time>
        <speed>0.463292</speed>
      </trkpt>
      <trkpt lat="29.215071" lon="119.657126">
        <ele>955.809404</ele>
        <time>2026-09-21T06:04:44Z</time>
        <speed>0.485376</speed>
      </trkpt>
      <trkpt lat="29.215037" lon="119.657175">
        <ele>955.90793</ele>
        <time>2026-09-21T06:04:52Z</time>
        <speed>0.66572</speed>
      </trkpt>
      <trkpt lat="29.214997" lon="119.657206">
        <ele>955.770604</ele>
        <time>2026-09-21T06:05:02Z</time>
        <speed>0.775229</speed>
      </trkpt>
      <trkpt lat="29.214971" lon="119.657217">
        <ele>953.477245</ele>
        <time>2026-09-21T06:05:10Z</time>
        <speed>0.368845</speed>
      </trkpt>
      <trkpt lat="29.214944" lon="119.657226">
        <ele>953.013871</ele>
        <time>2026-09-21T06:05:14Z</time>
        <speed>0.696149</speed>
      </trkpt>
      <trkpt lat="29.214919" lon="119.65724">
        <ele>953.318132</ele>
        <time>2026-09-21T06:05:20Z</time>
        <speed>0.415247</speed>
      </trkpt>
      <trkpt lat="29.214883" lon="119.657262">
        <ele>953.616239</ele>
        <time>2026-09-21T06:05:22Z</time>
        <speed>0.884287</speed>
      </trkpt>
      <trkpt lat="29.214846" lon="119.657307">
        <ele>952.095096</ele>
        <time>2026-09-21T06:05:32Z</time>
        <speed>0.862862</speed>
      </trkpt>
      <trkpt lat="29.214808" lon="119.65733">
        <ele>951.118855</ele>
        <time>2026-09-21T06:05:40Z</time>
        <speed>1.080069</speed>
      </trkpt>
      <trkpt lat="29.214761" lon="119.657352">
        <ele>950.988615</ele>
        <time>2026-09-21T06:05:42Z</time>
        <speed>0.957682</speed>
      </trkpt>
      <trkpt lat="29.214735" lon="119.657376">
        <ele>950.791527</ele>
        <time>2026-09-21T06:05:50Z</time>
        <speed>0.798724</speed>
      </trkpt>
      <trkpt lat="29.214688" lon="119.657432">
        <ele>951.142547</ele>
        <time>2026-09-21T06:05:54Z</time>
        <speed>0.845797</speed>
      </trkpt>
      <trkpt lat="29.21466" lon="119.657462">
        <ele>950.401485</ele>
        <time>2026-09-21T06:06:02Z</time>
        <speed>0.294039</speed>
      </trkpt>
      <trkpt lat="29.214637" lon="119.657477">
        <ele>950.900368</ele>
        <time>2026-09-21T06:06:06Z</time>
        <speed>0.712901</speed>
      </trkpt>
      <trkpt lat="29.214611" lon="119.657492">
        <ele>950.80796</ele>
        <time>2026-09-21T06:06:12Z</time>
        <speed>0.647084</speed>
      </trkpt>
      <trkpt lat="29.214576" lon="119.657507">
        <ele>951.215608</ele>
        <time>2026-09-21T06:06:16Z</time>
        <speed>1.025019</speed>
      </trkpt>
      <trkpt lat="29.214528" lon="119.65753">
        <ele>950.527662</ele>
        <time>2026-09-21T06:06:18Z</time>
        <speed>0.638009</speed>
      </trkpt>
      <trkpt lat="29.214487" lon="119.657554">
        <ele>951.433278</ele>
        <time>2026-09-21T06:06:26Z</time>
        <speed>1.00468</speed>
      </trkpt>
      <trkpt lat="29.214438" lon="119.657586">
        <ele>950.415977</ele>
        <time>2026-09-21T06:06:28Z</time>
        <speed>0.878766</speed>
      </trkpt>
      <trkpt lat="29.214393" lon="119.657615">
        <ele>948.075284</ele>
        <time>2026-09-21T06:06:36Z</time>
        <speed>0.623733</speed>
      </trkpt>
      <trkpt lat="29.214343" lon="119.657655">
        <ele>948.529137</ele>
        <time>2026-09-21T06:06:38Z</time>
        <speed>0.966997</speed>
      </trkpt>
      <trkpt lat="29.214316" lon="119.657704">
        <ele>946.711002</ele>
        <time>2026-09-21T06:06:46Z</time>
        <speed>0.823746</speed>
      </trkpt>
      <trkpt lat="29.214297" lon="119.657735">
        <ele>946.979595</ele>
        <time>2026-09-21T06:06:48Z</time>
        <speed>1.199948</speed>
      </trkpt>
      <trkpt lat="29.214271" lon="119.657776">
        <ele>945.639483</ele>
        <time>2026-09-21T06:06:50Z</time>
        <speed>0.868516</speed>
      </trkpt>
      <trkpt lat="29.214246" lon="119.6578">
        <ele>943.498341</ele>
        <time>2026-09-21T06:06:57Z</time>
        <speed>0.471194</speed>
      </trkpt>
      <trkpt lat="29.214209" lon="119.657829">
        <ele>942.187278</ele>
        <time>2026-09-21T06:07:01Z</time>
        <speed>0.477078</speed>
      </trkpt>
      <trkpt lat="29.214182" lon="119.657858">
        <ele>943.275718</ele>
        <time>2026-09-21T06:07:05Z</time>
        <speed>0.206901</speed>
      </trkpt>
      <trkpt lat="29.21416" lon="119.657885">
        <ele>941.805249</ele>
        <time>2026-09-21T06:07:13Z</time>
        <speed>0.329333</speed>
      </trkpt>
      <trkpt lat="29.21413" lon="119.657924">
        <ele>941.734815</ele>
        <time>2026-09-21T06:07:15Z</time>
        <speed>0.858969</speed>
      </trkpt>
      <trkpt lat="29.214097" lon="119.657947">
        <ele>938.919329</ele>
        <time>2026-09-21T06:07:23Z</time>
        <speed>0.769412</speed>
      </trkpt>
      <trkpt lat="29.214071" lon="119.657965">
        <ele>937.942247</ele>
        <time>2026-09-21T06:07:25Z</time>
        <speed>1.282287</speed>
      </trkpt>
      <trkpt lat="29.214044" lon="119.657983">
        <ele>937.535671</ele>
        <time>2026-09-21T06:07:27Z</time>
        <speed>1.131451</speed>
      </trkpt>
      <trkpt lat="29.213999" lon="119.658013">
        <ele>938.749227</ele>
        <time>2026-09-21T06:07:31Z</time>
        <speed>1.154069</speed>
      </trkpt>
      <trkpt lat="29.213969" lon="119.658035">
        <ele>937.96013</ele>
        <time>2026-09-21T06:07:33Z</time>
        <speed>0.900647</speed>
      </trkpt>
      <trkpt lat="29.213938" lon="119.658061">
        <ele>941.227114</ele>
        <time>2026-09-21T06:07:40Z</time>
        <speed>0.542038</speed>
      </trkpt>
      <trkpt lat="29.213915" lon="119.658079">
        <ele>941.565174</ele>
        <time>2026-09-21T06:07:42Z</time>
        <speed>0.825035</speed>
      </trkpt>
      <trkpt lat="29.213892" lon="119.658099">
        <ele>942.216735</ele>
        <time>2026-09-21T06:07:44Z</time>
        <speed>0.672849</speed>
      </trkpt>
      <trkpt lat="29.213849" lon="119.658128">
        <ele>940.814422</ele>
        <time>2026-09-21T06:07:48Z</time>
        <speed>0.900866</speed>
      </trkpt>
      <trkpt lat="29.213809" lon="119.658144">
        <ele>938.416296</ele>
        <time>2026-09-21T06:07:56Z</time>
        <speed>0.961719</speed>
      </trkpt>
      <trkpt lat="29.213752" lon="119.658168">
        <ele>938.408145</ele>
        <time>2026-09-21T06:07:58Z</time>
        <speed>0.992065</speed>
      </trkpt>
      <trkpt lat="29.213719" lon="119.658173">
        <ele>937.957285</ele>
        <time>2026-09-21T06:08:06Z</time>
        <speed>0.902903</speed>
      </trkpt>
      <trkpt lat="29.213679" lon="119.658172">
        <ele>936.529241</ele>
        <time>2026-09-21T06:08:08Z</time>
        <speed>0.697255</speed>
      </trkpt>
      <trkpt lat="29.213619" lon="119.65818">
        <ele>936.267175</ele>
        <time>2026-09-21T06:08:16Z</time>
        <speed>1.674725</speed>
      </trkpt>
      <trkpt lat="29.213577" lon="119.658187">
        <ele>934.383256</ele>
        <time>2026-09-21T06:08:18Z</time>
        <speed>1.392163</speed>
      </trkpt>
      <trkpt lat="29.213536" lon="119.658196">
        <ele>933.697327</ele>
        <time>2026-09-21T06:08:20Z</time>
        <speed>1.433521</speed>
      </trkpt>
      <trkpt lat="29.213499" lon="119.658205">
        <ele>934.24847</ele>
        <time>2026-09-21T06:08:22Z</time>
        <speed>1.648555</speed>
      </trkpt>
      <trkpt lat="29.213464" lon="119.658214">
        <ele>934.920459</ele>
        <time>2026-09-21T06:08:24Z</time>
        <speed>1.708272</speed>
      </trkpt>
      <trkpt lat="29.213433" lon="119.658222">
        <ele>935.209894</ele>
        <time>2026-09-21T06:08:26Z</time>
        <speed>1.646642</speed>
      </trkpt>
      <trkpt lat="29.213406" lon="119.658229">
        <ele>935.203622</ele>
        <time>2026-09-21T06:08:28Z</time>
        <speed>1.642282</speed>
      </trkpt>
      <trkpt lat="29.213354" lon="119.658245">
        <ele>932.536254</ele>
        <time>2026-09-21T06:08:33Z</time>
        <speed>1.445611</speed>
      </trkpt>
      <trkpt lat="29.213326" lon="119.658249">
        <ele>931.483878</ele>
        <time>2026-09-21T06:08:37Z</time>
        <speed>0.589116</speed>
      </trkpt>
      <trkpt lat="29.213298" lon="119.658248">
        <ele>927.842149</ele>
        <time>2026-09-21T06:08:44Z</time>
        <speed>1.552735</speed>
      </trkpt>
      <trkpt lat="29.21327" lon="119.658244">
        <ele>925.920554</ele>
        <time>2026-09-21T06:08:46Z</time>
        <speed>1.542257</speed>
      </trkpt>
      <trkpt lat="29.21323" lon="119.65823">
        <ele>923.582434</ele>
        <time>2026-09-21T06:08:50Z</time>
        <speed>0.308506</speed>
      </trkpt>
      <trkpt lat="29.213201" lon="119.658207">
        <ele>920.227672</ele>
        <time>2026-09-21T06:08:58Z</time>
        <speed>0.654568</speed>
      </trkpt>
      <trkpt lat="29.21315" lon="119.658165">
        <ele>919.637258</ele>
        <time>2026-09-21T06:09:02Z</time>
        <speed>0.480077</speed>
      </trkpt>
      <trkpt lat="29.213123" lon="119.658125">
        <ele>917.717253</ele>
        <time>2026-09-21T06:09:10Z</time>
        <speed>1.010164</speed>
      </trkpt>
      <trkpt lat="29.213087" lon="119.658067">
        <ele>916.440025</ele>
        <time>2026-09-21T06:09:12Z</time>
        <speed>0.984477</speed>
      </trkpt>
      <trkpt lat="29.213084" lon="119.658033">
        <ele>914.487823</ele>
        <time>2026-09-21T06:09:18Z</time>
        <speed>1.225061</speed>
      </trkpt>
      <trkpt lat="29.213085" lon="119.657999">
        <ele>914.10567</ele>
        <time>2026-09-21T06:09:20Z</time>
        <speed>0.5607</speed>
      </trkpt>
      <trkpt lat="29.213085" lon="119.657932">
        <ele>913.979732</ele>
        <time>2026-09-21T06:09:22Z</time>
        <speed>0.867662</speed>
      </trkpt>
      <trkpt lat="29.213045" lon="119.657938">
        <ele>913.85997</ele>
        <time>2026-09-21T06:09:30Z</time>
        <speed>0.530366</speed>
      </trkpt>
      <trkpt lat="29.213012" lon="119.657957">
        <ele>913.580356</ele>
        <time>2026-09-21T06:09:32Z</time>
        <speed>1.161048</speed>
      </trkpt>
      <trkpt lat="29.212977" lon="119.657981">
        <ele>912.160343</ele>
        <time>2026-09-21T06:09:34Z</time>
        <speed>0.9396</speed>
      </trkpt>
      <trkpt lat="29.212963" lon="119.658017">
        <ele>910.612645</ele>
        <time>2026-09-21T06:09:41Z</time>
        <speed>0.425732</speed>
      </trkpt>
      <trkpt lat="29.212951" lon="119.658064">
        <ele>909.82625</ele>
        <time>2026-09-21T06:09:45Z</time>
        <speed>0.532155</speed>
      </trkpt>
      <trkpt lat="29.212936" lon="119.658091">
        <ele>910.432799</ele>
        <time>2026-09-21T06:09:51Z</time>
        <speed>0.690324</speed>
      </trkpt>
      <trkpt lat="29.212926" lon="119.658124">
        <ele>908.409873</ele>
        <time>2026-09-21T06:09:57Z</time>
        <speed>0.539552</speed>
      </trkpt>
      <trkpt lat="29.212917" lon="119.658154">
        <ele>908.033795</ele>
        <time>2026-09-21T06:09:59Z</time>
        <speed>1.021776</speed>
      </trkpt>
      <trkpt lat="29.212904" lon="119.658187">
        <ele>906.626836</ele>
        <time>2026-09-21T06:10:01Z</time>
        <speed>1.177793</speed>
      </trkpt>
      <trkpt lat="29.212882" lon="119.658243">
        <ele>904.650227</ele>
        <time>2026-09-21T06:10:06Z</time>
        <speed>1.055368</speed>
      </trkpt>
      <trkpt lat="29.212853" lon="119.658238">
        <ele>900.273794</ele>
        <time>2026-09-21T06:10:13Z</time>
        <speed>0.783456</speed>
      </trkpt>
      <trkpt lat="29.212808" lon="119.658232">
        <ele>899.827715</ele>
        <time>2026-09-21T06:10:17Z</time>
        <speed>0.906549</speed>
      </trkpt>
      <trkpt lat="29.212766" lon="119.65824">
        <ele>899.648833</ele>
        <time>2026-09-21T06:10:21Z</time>
        <speed>0.774558</speed>
      </trkpt>
      <trkpt lat="29.21274" lon="119.65825">
        <ele>899.896724</ele>
        <time>2026-09-21T06:10:25Z</time>
        <speed>0.595551</speed>
      </trkpt>
      <trkpt lat="29.212693" lon="119.658253">
        <ele>897.652412</ele>
        <time>2026-09-21T06:10:33Z</time>
        <speed>0.695651</speed>
      </trkpt>
      <trkpt lat="29.21266" lon="119.658273">
        <ele>894.041217</ele>
        <time>2026-09-21T06:10:41Z</time>
        <speed>0.56757</speed>
      </trkpt>
      <trkpt lat="29.212624" lon="119.658298">
        <ele>892.962276</ele>
        <time>2026-09-21T06:10:43Z</time>
        <speed>0.600278</speed>
      </trkpt>
      <trkpt lat="29.212589" lon="119.658318">
        <ele>890.186944</ele>
        <time>2026-09-21T06:10:51Z</time>
        <speed>0.693654</speed>
      </trkpt>
      <trkpt lat="29.21254" lon="119.658344">
        <ele>891.12485</ele>
        <time>2026-09-21T06:10:53Z</time>
        <speed>0.720684</speed>
      </trkpt>
      <trkpt lat="29.212514" lon="119.658394">
        <ele>887.424788</ele>
        <time>2026-09-21T06:11:01Z</time>
        <speed>1.09279</speed>
      </trkpt>
      <trkpt lat="29.212485" lon="119.658465">
        <ele>886.63562</ele>
        <time>2026-09-21T06:11:03Z</time>
        <speed>0.8059</speed>
      </trkpt>
      <trkpt lat="29.212482" lon="119.658525">
        <ele>883.09086</ele>
        <time>2026-09-21T06:11:11Z</time>
        <speed>1.637511</speed>
      </trkpt>
      <trkpt lat="29.212484" lon="119.658563">
        <ele>882.033416</ele>
        <time>2026-09-21T06:11:13Z</time>
        <speed>1.54064</speed>
      </trkpt>
      <trkpt lat="29.212485" lon="119.658597">
        <ele>880.075267</ele>
        <time>2026-09-21T06:11:15Z</time>
        <speed>1.098004</speed>
      </trkpt>
      <trkpt lat="29.212485" lon="119.658644">
        <ele>880.119261</ele>
        <time>2026-09-21T06:11:20Z</time>
        <speed>0.818482</speed>
      </trkpt>
      <trkpt lat="29.212456" lon="119.658617">
        <ele>877.965161</ele>
        <time>2026-09-21T06:11:29Z</time>
        <speed>0.465437</speed>
      </trkpt>
      <trkpt lat="29.212424" lon="119.658583">
        <ele>876.30055</ele>
        <time>2026-09-21T06:11:33Z</time>
        <speed>1.21226</speed>
      </trkpt>
      <trkpt lat="29.212391" lon="119.658548">
        <ele>875.988561</ele>
        <time>2026-09-21T06:11:37Z</time>
        <speed>1.118472</speed>
      </trkpt>
      <trkpt lat="29.212325" lon="119.658499">
        <ele>872.492224</ele>
        <time>2026-09-21T06:11:44Z</time>
        <speed>1.185495</speed>
      </trkpt>
      <trkpt lat="29.212282" lon="119.658472">
        <ele>871.099352</ele>
        <time>2026-09-21T06:11:48Z</time>
        <speed>1.073575</speed>
      </trkpt>
      <trkpt lat="29.212244" lon="119.658449">
        <ele>870.552245</ele>
        <time>2026-09-21T06:11:51Z</time>
        <speed>1.679623</speed>
      </trkpt>
      <trkpt lat="29.212205" lon="119.65842">
        <ele>868.245801</ele>
        <time>2026-09-21T06:11:54Z</time>
        <speed>1.478651</speed>
      </trkpt>
      <trkpt lat="29.212182" lon="119.658399">
        <ele>866.606122</ele>
        <time>2026-09-21T06:11:58Z</time>
        <speed>0.481516</speed>
      </trkpt>
      <trkpt lat="29.212158" lon="119.658352">
        <ele>863.897064</ele>
        <time>2026-09-21T06:12:07Z</time>
        <speed>0.633915</speed>
      </trkpt>
      <trkpt lat="29.212132" lon="119.658337">
        <ele>862.769143</ele>
        <time>2026-09-21T06:12:11Z</time>
        <speed>0.570658</speed>
      </trkpt>
      <trkpt lat="29.212106" lon="119.658347">
        <ele>861.88143</ele>
        <time>2026-09-21T06:12:19Z</time>
        <speed>0.846681</speed>
      </trkpt>
      <trkpt lat="29.212068" lon="119.658385">
        <ele>861.030413</ele>
        <time>2026-09-21T06:12:23Z</time>
        <speed>0.803995</speed>
      </trkpt>
      <trkpt lat="29.212039" lon="119.65845">
        <ele>859.416445</ele>
        <time>2026-09-21T06:12:33Z</time>
        <speed>0.714837</speed>
      </trkpt>
      <trkpt lat="29.212028" lon="119.658491">
        <ele>855.263933</ele>
        <time>2026-09-21T06:12:41Z</time>
        <speed>0.755968</speed>
      </trkpt>
      <trkpt lat="29.212014" lon="119.658546">
        <ele>854.900148</ele>
        <time>2026-09-21T06:12:43Z</time>
        <speed>0.901637</speed>
      </trkpt>
      <trkpt lat="29.211983" lon="119.658596">
        <ele>852.552174</ele>
        <time>2026-09-21T06:12:53Z</time>
        <speed>0.77186</speed>
      </trkpt>
      <trkpt lat="29.211964" lon="119.658629">
        <ele>850.119671</ele>
        <time>2026-09-21T06:13:01Z</time>
        <speed>0.904812</speed>
      </trkpt>
      <trkpt lat="29.21194" lon="119.658676">
        <ele>848.271025</ele>
        <time>2026-09-21T06:13:03Z</time>
        <speed>0.917448</speed>
      </trkpt>
      <trkpt lat="29.211942" lon="119.658719">
        <ele>846.162303</ele>
        <time>2026-09-21T06:13:11Z</time>
        <speed>0.736393</speed>
      </trkpt>
      <trkpt lat="29.211949" lon="119.658761">
        <ele>844.923107</ele>
        <time>2026-09-21T06:13:13Z</time>
        <speed>0.49783</speed>
      </trkpt>
      <trkpt lat="29.211971" lon="119.658793">
        <ele>843.04458</ele>
        <time>2026-09-21T06:13:21Z</time>
        <speed>0.799281</speed>
      </trkpt>
      <trkpt lat="29.212003" lon="119.658832">
        <ele>842.737357</ele>
        <time>2026-09-21T06:13:23Z</time>
        <speed>0.570292</speed>
      </trkpt>
      <trkpt lat="29.212029" lon="119.658858">
        <ele>841.511601</ele>
        <time>2026-09-21T06:13:31Z</time>
        <speed>0.429257</speed>
      </trkpt>
      <trkpt lat="29.212053" lon="119.658885">
        <ele>841.30795</ele>
        <time>2026-09-21T06:13:33Z</time>
        <speed>0.553506</speed>
      </trkpt>
      <trkpt lat="29.212054" lon="119.658939">
        <ele>841.186168</ele>
        <time>2026-09-21T06:13:43Z</time>
        <speed>0.478402</speed>
      </trkpt>
      <trkpt lat="29.212075" lon="119.658967">
        <ele>838.742053</ele>
        <time>2026-09-21T06:13:51Z</time>
        <speed>0.802671</speed>
      </trkpt>
      <trkpt lat="29.212105" lon="119.658996">
        <ele>838.220988</ele>
        <time>2026-09-21T06:13:53Z</time>
        <speed>0.413116</speed>
      </trkpt>
      <trkpt lat="29.212121" lon="119.659026">
        <ele>836.63807</ele>
        <time>2026-09-21T06:14:01Z</time>
        <speed>0.72045</speed>
      </trkpt>
      <trkpt lat="29.212137" lon="119.659061">
        <ele>834.990763</ele>
        <time>2026-09-21T06:14:03Z</time>
        <speed>0.738176</speed>
      </trkpt>
      <trkpt lat="29.212136" lon="119.659123">
        <ele>834.181336</ele>
        <time>2026-09-21T06:14:13Z</time>
        <speed>0.526397</speed>
      </trkpt>
      <trkpt lat="29.212137" lon="119.659157">
        <ele>831.636092</ele>
        <time>2026-09-21T06:14:21Z</time>
        <speed>0.235695</speed>
      </trkpt>
      <trkpt lat="29.212141" lon="119.6592">
        <ele>831.095372</ele>
        <time>2026-09-21T06:14:23Z</time>
        <speed>0.764055</speed>
      </trkpt>
      <trkpt lat="29.212142" lon="119.659241">
        <ele>831.747454</ele>
        <time>2026-09-21T06:14:31Z</time>
        <speed>0.967288</speed>
      </trkpt>
      <trkpt lat="29.212142" lon="119.659286">
        <ele>831.444885</ele>
        <time>2026-09-21T06:14:33Z</time>
        <speed>0.223688</speed>
      </trkpt>
      <trkpt lat="29.212151" lon="119.659323">
        <ele>829.724894</ele>
        <time>2026-09-21T06:14:41Z</time>
        <speed>0.443033</speed>
      </trkpt>
      <trkpt lat="29.212161" lon="119.659361">
        <ele>829.533777</ele>
        <time>2026-09-21T06:14:43Z</time>
        <speed>0.830843</speed>
      </trkpt>
      <trkpt lat="29.212143" lon="119.659409">
        <ele>828.341963</ele>
        <time>2026-09-21T06:14:53Z</time>
        <speed>0.484488</speed>
      </trkpt>
      <trkpt lat="29.21213" lon="119.659443">
        <ele>825.509905</ele>
        <time>2026-09-21T06:15:01Z</time>
        <speed>0.790212</speed>
      </trkpt>
      <trkpt lat="29.21211" lon="119.659495">
        <ele>825.786298</ele>
        <time>2026-09-21T06:15:03Z</time>
        <speed>0.875386</speed>
      </trkpt>
      <trkpt lat="29.212075" lon="119.659539">
        <ele>821.033021</ele>
        <time>2026-09-21T06:15:13Z</time>
        <speed>0.754903</speed>
      </trkpt>
      <trkpt lat="29.212057" lon="119.659574">
        <ele>819.037386</ele>
        <time>2026-09-21T06:15:21Z</time>
        <speed>0.59066</speed>
      </trkpt>
      <trkpt lat="29.212038" lon="119.659615">
        <ele>819.666212</ele>
        <time>2026-09-21T06:15:23Z</time>
        <speed>0.914525</speed>
      </trkpt>
      <trkpt lat="29.211999" lon="119.659646">
        <ele>814.754085</ele>
        <time>2026-09-21T06:15:33Z</time>
        <speed>0.575244</speed>
      </trkpt>
      <trkpt lat="29.211952" lon="119.659679">
        <ele>812.512196</ele>
        <time>2026-09-21T06:15:43Z</time>
        <speed>0.681754</speed>
      </trkpt>
      <trkpt lat="29.211934" lon="119.659707">
        <ele>811.105961</ele>
        <time>2026-09-21T06:15:51Z</time>
        <speed>0.807292</speed>
      </trkpt>
      <trkpt lat="29.211908" lon="119.65975">
        <ele>810.288595</ele>
        <time>2026-09-21T06:15:53Z</time>
        <speed>0.773741</speed>
      </trkpt>
      <trkpt lat="29.211879" lon="119.659804">
        <ele>810.283131</ele>
        <time>2026-09-21T06:16:01Z</time>
        <speed>0.949556</speed>
      </trkpt>
      <trkpt lat="29.211864" lon="119.659845">
        <ele>809.688561</ele>
        <time>2026-09-21T06:16:03Z</time>
        <speed>1.300041</speed>
      </trkpt>
      <trkpt lat="29.211853" lon="119.659888">
        <ele>808.113995</ele>
        <time>2026-09-21T06:16:05Z</time>
        <speed>1.547163</speed>
      </trkpt>
      <trkpt lat="29.211846" lon="119.65993">
        <ele>808.259336</ele>
        <time>2026-09-21T06:16:07Z</time>
        <speed>1.74045</speed>
      </trkpt>
      <trkpt lat="29.211841" lon="119.659969">
        <ele>808.988098</ele>
        <time>2026-09-21T06:16:09Z</time>
        <speed>1.635514</speed>
      </trkpt>
      <trkpt lat="29.211841" lon="119.660004">
        <ele>808.835171</ele>
        <time>2026-09-21T06:16:11Z</time>
        <speed>1.642855</speed>
      </trkpt>
      <trkpt lat="29.211845" lon="119.66006">
        <ele>807.489214</ele>
        <time>2026-09-21T06:16:15Z</time>
        <speed>1.540957</speed>
      </trkpt>
      <trkpt lat="29.211838" lon="119.660093">
        <ele>806.220295</ele>
        <time>2026-09-21T06:16:19Z</time>
        <speed>1.592329</speed>
      </trkpt>
      <trkpt lat="29.211804" lon="119.660108">
        <ele>803.468588</ele>
        <time>2026-09-21T06:16:35Z</time>
        <speed>0.780019</speed>
      </trkpt>
      <trkpt lat="29.211777" lon="119.660094">
        <ele>800.539316</ele>
        <time>2026-09-21T06:16:44Z</time>
        <speed>0.458598</speed>
      </trkpt>
      <trkpt lat="29.21175" lon="119.660088">
        <ele>798.422881</ele>
        <time>2026-09-21T06:16:48Z</time>
        <speed>0.781071</speed>
      </trkpt>
      <trkpt lat="29.211703" lon="119.660094">
        <ele>798.830366</ele>
        <time>2026-09-21T06:16:52Z</time>
        <speed>0.941581</speed>
      </trkpt>
      <trkpt lat="29.211658" lon="119.660111">
        <ele>802.720586</ele>
        <time>2026-09-21T06:17:00Z</time>
        <speed>1.401112</speed>
      </trkpt>
      <trkpt lat="29.211626" lon="119.66012">
        <ele>801.729287</ele>
        <time>2026-09-21T06:17:02Z</time>
        <speed>1.283525</speed>
      </trkpt>
      <trkpt lat="29.211593" lon="119.66013">
        <ele>799.876951</ele>
        <time>2026-09-21T06:17:04Z</time>
        <speed>1.429617</speed>
      </trkpt>
      <trkpt lat="29.211561" lon="119.660143">
        <ele>800.212571</ele>
        <time>2026-09-21T06:17:06Z</time>
        <speed>1.713562</speed>
      </trkpt>
      <trkpt lat="29.211531" lon="119.660158">
        <ele>799.931323</ele>
        <time>2026-09-21T06:17:08Z</time>
        <speed>1.616901</speed>
      </trkpt>
      <trkpt lat="29.211511" lon="119.660181">
        <ele>798.369383</ele>
        <time>2026-09-21T06:17:10Z</time>
        <speed>1.56932</speed>
      </trkpt>
      <trkpt lat="29.211479" lon="119.660196">
        <ele>791.175423</ele>
        <time>2026-09-21T06:17:20Z</time>
        <speed>0.504989</speed>
      </trkpt>
      <trkpt lat="29.211438" lon="119.660196">
        <ele>789.713712</ele>
        <time>2026-09-21T06:17:24Z</time>
        <speed>0.907615</speed>
      </trkpt>
      <trkpt lat="29.211396" lon="119.66019">
        <ele>787.630993</ele>
        <time>2026-09-21T06:17:30Z</time>
        <speed>0.766375</speed>
      </trkpt>
      <trkpt lat="29.211367" lon="119.660189">
        <ele>785.753092</ele>
        <time>2026-09-21T06:17:40Z</time>
        <speed>0.348928</speed>
      </trkpt>
      <trkpt lat="29.211316" lon="119.66021">
        <ele>783.025904</ele>
        <time>2026-09-21T06:17:50Z</time>
        <speed>0.075948</speed>
      </trkpt>
      <trkpt lat="29.211265" lon="119.660243">
        <ele>778.462419</ele>
        <time>2026-09-21T06:18:00Z</time>
        <speed>0.786547</speed>
      </trkpt>
      <trkpt lat="29.211249" lon="119.660273">
        <ele>778.982941</ele>
        <time>2026-09-21T06:18:08Z</time>
        <speed>0.353621</speed>
      </trkpt>
      <trkpt lat="29.211235" lon="119.660305">
        <ele>778.677836</ele>
        <time>2026-09-21T06:18:10Z</time>
        <speed>0.276841</speed>
      </trkpt>
      <trkpt lat="29.21122" lon="119.660332">
        <ele>777.199808</ele>
        <time>2026-09-21T06:18:18Z</time>
        <speed>0.854339</speed>
      </trkpt>
      <trkpt lat="29.211197" lon="119.660373">
        <ele>776.840652</ele>
        <time>2026-09-21T06:18:20Z</time>
        <speed>0.98989</speed>
      </trkpt>
      <trkpt lat="29.21118" lon="119.660416">
        <ele>775.617957</ele>
        <time>2026-09-21T06:18:28Z</time>
        <speed>1.058456</speed>
      </trkpt>
      <trkpt lat="29.211159" lon="119.660475">
        <ele>774.156528</ele>
        <time>2026-09-21T06:18:30Z</time>
        <speed>0.773252</speed>
      </trkpt>
      <trkpt lat="29.211138" lon="119.660512">
        <ele>769.944238</ele>
        <time>2026-09-21T06:18:38Z</time>
        <speed>1.476799</speed>
      </trkpt>
      <trkpt lat="29.21111" lon="119.660556">
        <ele>770.05704</ele>
        <time>2026-09-21T06:18:40Z</time>
        <speed>0.330673</speed>
      </trkpt>
      <trkpt lat="29.211097" lon="119.660599">
        <ele>766.523469</ele>
        <time>2026-09-21T06:18:48Z</time>
        <speed>0.489598</speed>
      </trkpt>
      <trkpt lat="29.211087" lon="119.660653">
        <ele>766.70056</ele>
        <time>2026-09-21T06:18:50Z</time>
        <speed>0.712307</speed>
      </trkpt>
      <trkpt lat="29.211044" lon="119.660626">
        <ele>760.495543</ele>
        <time>2026-09-21T06:19:08Z</time>
        <speed>1.742147</speed>
      </trkpt>
      <trkpt lat="29.211012" lon="119.660598">
        <ele>760.178093</ele>
        <time>2026-09-21T06:19:10Z</time>
        <speed>1.743896</speed>
      </trkpt>
      <trkpt lat="29.210976" lon="119.66057">
        <ele>758.742477</ele>
        <time>2026-09-21T06:19:12Z</time>
        <speed>1.563214</speed>
      </trkpt>
      <trkpt lat="29.210943" lon="119.660546">
        <ele>756.985886</ele>
        <time>2026-09-21T06:19:14Z</time>
        <speed>1.352158</speed>
      </trkpt>
      <trkpt lat="29.210916" lon="119.660524">
        <ele>755.826022</ele>
        <time>2026-09-21T06:19:16Z</time>
        <speed>1.648483</speed>
      </trkpt>
      <trkpt lat="29.210893" lon="119.660508">
        <ele>755.47413</ele>
        <time>2026-09-21T06:19:18Z</time>
        <speed>1.519867</speed>
      </trkpt>
      <trkpt lat="29.210857" lon="119.660492">
        <ele>754.84028</ele>
        <time>2026-09-21T06:19:28Z</time>
        <speed>0.571632</speed>
      </trkpt>
      <trkpt lat="29.210805" lon="119.660473">
        <ele>754.557287</ele>
        <time>2026-09-21T06:19:32Z</time>
        <speed>1.370688</speed>
      </trkpt>
      <trkpt lat="29.210767" lon="119.660455">
        <ele>752.295508</ele>
        <time>2026-09-21T06:19:36Z</time>
        <speed>0.554605</speed>
      </trkpt>
      <trkpt lat="29.210727" lon="119.660438">
        <ele>749.661135</ele>
        <time>2026-09-21T06:19:44Z</time>
        <speed>1.322192</speed>
      </trkpt>
      <trkpt lat="29.210694" lon="119.66043">
        <ele>748.849273</ele>
        <time>2026-09-21T06:19:46Z</time>
        <speed>1.234947</speed>
      </trkpt>
      <trkpt lat="29.210662" lon="119.660424">
        <ele>748.159997</ele>
        <time>2026-09-21T06:19:48Z</time>
        <speed>1.344548</speed>
      </trkpt>
      <trkpt lat="29.210631" lon="119.660418">
        <ele>748.121173</ele>
        <time>2026-09-21T06:19:50Z</time>
        <speed>1.339817</speed>
      </trkpt>
      <trkpt lat="29.210601" lon="119.660414">
        <ele>746.958031</ele>
        <time>2026-09-21T06:19:52Z</time>
        <speed>1.579979</speed>
      </trkpt>
      <trkpt lat="29.210547" lon="119.660406">
        <ele>746.058449</ele>
        <time>2026-09-21T06:19:57Z</time>
        <speed>1.366816</speed>
      </trkpt>
      <trkpt lat="29.210519" lon="119.660402">
        <ele>745.542528</ele>
        <time>2026-09-21T06:19:59Z</time>
        <speed>1.671572</speed>
      </trkpt>
      <trkpt lat="29.210469" lon="119.660399">
        <ele>746.473617</ele>
        <time>2026-09-21T06:20:03Z</time>
        <speed>1.550335</speed>
      </trkpt>
      <trkpt lat="29.210422" lon="119.660394">
        <ele>745.597398</ele>
        <time>2026-09-21T06:20:07Z</time>
        <speed>1.647965</speed>
      </trkpt>
      <trkpt lat="29.210376" lon="119.660387">
        <ele>744.894659</ele>
        <time>2026-09-21T06:20:11Z</time>
        <speed>1.63498</speed>
      </trkpt>
      <trkpt lat="29.210342" lon="119.660367">
        <ele>744.564864</ele>
        <time>2026-09-21T06:20:15Z</time>
        <speed>1.555808</speed>
      </trkpt>
      <trkpt lat="29.210308" lon="119.660346">
        <ele>742.736035</ele>
        <time>2026-09-21T06:20:19Z</time>
        <speed>1.5034</speed>
      </trkpt>
      <trkpt lat="29.210286" lon="119.660382">
        <ele>740.001045</ele>
        <time>2026-09-21T06:20:25Z</time>
        <speed>1.515666</speed>
      </trkpt>
      <trkpt lat="29.210288" lon="119.660436">
        <ele>736.871078</ele>
        <time>2026-09-21T06:20:29Z</time>
        <speed>1.373888</speed>
      </trkpt>
      <trkpt lat="29.210307" lon="119.660472">
        <ele>736.94773</ele>
        <time>2026-09-21T06:20:33Z</time>
        <speed>0.475553</speed>
      </trkpt>
      <trkpt lat="29.210317" lon="119.660502">
        <ele>733.108803</ele>
        <time>2026-09-21T06:20:40Z</time>
        <speed>0.631544</speed>
      </trkpt>
      <trkpt lat="29.210335" lon="119.66055">
        <ele>731.05502</ele>
        <time>2026-09-21T06:20:44Z</time>
        <speed>0.147982</speed>
      </trkpt>
      <trkpt lat="29.21035" lon="119.660591">
        <ele>729.267706</ele>
        <time>2026-09-21T06:20:48Z</time>
        <speed>0.781565</speed>
      </trkpt>
      <trkpt lat="29.210374" lon="119.660641">
        <ele>730.566323</ele>
        <time>2026-09-21T06:20:52Z</time>
        <speed>0.732072</speed>
      </trkpt>
      <trkpt lat="29.210385" lon="119.660681">
        <ele>732.371293</ele>
        <time>2026-09-21T06:20:59Z</time>
        <speed>1.025409</speed>
      </trkpt>
      <trkpt lat="29.210395" lon="119.66071">
        <ele>732.646357</ele>
        <time>2026-09-21T06:21:01Z</time>
        <speed>1.377766</speed>
      </trkpt>
      <trkpt lat="29.210406" lon="119.660739">
        <ele>732.891033</ele>
        <time>2026-09-21T06:21:03Z</time>
        <speed>0.694426</speed>
      </trkpt>
      <trkpt lat="29.210413" lon="119.660789">
        <ele>731.657957</ele>
        <time>2026-09-21T06:21:07Z</time>
        <speed>0.984297</speed>
      </trkpt>
      <trkpt lat="29.210362" lon="119.660824">
        <ele>727.826866</ele>
        <time>2026-09-21T06:21:17Z</time>
        <speed>0.966006</speed>
      </trkpt>
      <trkpt lat="29.210314" lon="119.660848">
        <ele>723.925785</ele>
        <time>2026-09-21T06:21:25Z</time>
        <speed>1.57854</speed>
      </trkpt>
      <trkpt lat="29.210279" lon="119.66086">
        <ele>725.1793</ele>
        <time>2026-09-21T06:21:27Z</time>
        <speed>1.246557</speed>
      </trkpt>
      <trkpt lat="29.210245" lon="119.660872">
        <ele>723.662294</ele>
        <time>2026-09-21T06:21:29Z</time>
        <speed>1.243196</speed>
      </trkpt>
      <trkpt lat="29.210214" lon="119.660885">
        <ele>722.255706</ele>
        <time>2026-09-21T06:21:31Z</time>
        <speed>1.215672</speed>
      </trkpt>
      <trkpt lat="29.210188" lon="119.660897">
        <ele>721.411925</ele>
        <time>2026-09-21T06:21:33Z</time>
        <speed>1.343162</speed>
      </trkpt>
      <trkpt lat="29.210149" lon="119.660921">
        <ele>720.188662</ele>
        <time>2026-09-21T06:21:37Z</time>
        <speed>1.283794</speed>
      </trkpt>
      <trkpt lat="29.210118" lon="119.660949">
        <ele>720.184436</ele>
        <time>2026-09-21T06:21:41Z</time>
        <speed>0.30464</speed>
      </trkpt>
      <trkpt lat="29.210082" lon="119.660963">
        <ele>719.443293</ele>
        <time>2026-09-21T06:21:49Z</time>
        <speed>0.823874</speed>
      </trkpt>
      <trkpt lat="29.210053" lon="119.660976">
        <ele>716.844485</ele>
        <time>2026-09-21T06:21:53Z</time>
        <speed>0.184758</speed>
      </trkpt>
      <trkpt lat="29.210044" lon="119.661014">
        <ele>714.493191</ele>
        <time>2026-09-21T06:21:57Z</time>
        <speed>0.633889</speed>
      </trkpt>
      <trkpt lat="29.210036" lon="119.661054">
        <ele>712.805265</ele>
        <time>2026-09-21T06:22:06Z</time>
        <speed>0.149646</speed>
      </trkpt>
      <trkpt lat="29.210024" lon="119.661096">
        <ele>711.313804</ele>
        <time>2026-09-21T06:22:10Z</time>
        <speed>0.80379</speed>
      </trkpt>
      <trkpt lat="29.210012" lon="119.661127">
        <ele>710.731027</ele>
        <time>2026-09-21T06:22:12Z</time>
        <speed>0.629637</speed>
      </trkpt>
      <trkpt lat="29.210011" lon="119.661177">
        <ele>704.884583</ele>
        <time>2026-09-21T06:22:20Z</time>
        <speed>0.37293</speed>
      </trkpt>
      <trkpt lat="29.210011" lon="119.661215">
        <ele>703.337714</ele>
        <time>2026-09-21T06:22:22Z</time>
        <speed>1.0125</speed>
      </trkpt>
      <trkpt lat="29.210013" lon="119.661261">
        <ele>703.505499</ele>
        <time>2026-09-21T06:22:24Z</time>
        <speed>1.985209</speed>
      </trkpt>
      <trkpt lat="29.210017" lon="119.661306">
        <ele>704.510757</ele>
        <time>2026-09-21T06:22:26Z</time>
        <speed>1.599147</speed>
      </trkpt>
      <trkpt lat="29.210022" lon="119.661345">
        <ele>701.7434</ele>
        <time>2026-09-21T06:22:28Z</time>
        <speed>1.450107</speed>
      </trkpt>
      <trkpt lat="29.210034" lon="119.661378">
        <ele>700.516922</ele>
        <time>2026-09-21T06:22:30Z</time>
        <speed>1.684491</speed>
      </trkpt>
      <trkpt lat="29.210039" lon="119.661416">
        <ele>698.118699</ele>
        <time>2026-09-21T06:22:39Z</time>
        <speed>0.589069</speed>
      </trkpt>
      <trkpt lat="29.210034" lon="119.661473">
        <ele>696.649979</ele>
        <time>2026-09-21T06:22:43Z</time>
        <speed>0.868175</speed>
      </trkpt>
      <trkpt lat="29.210033" lon="119.661513">
        <ele>696.329289</ele>
        <time>2026-09-21T06:22:47Z</time>
        <speed>0.447711</speed>
      </trkpt>
      <trkpt lat="29.210034" lon="119.661544">
        <ele>694.650163</ele>
        <time>2026-09-21T06:22:58Z</time>
        <speed>0.479819</speed>
      </trkpt>
      <trkpt lat="29.210014" lon="119.661601">
        <ele>691.923972</ele>
        <time>2026-09-21T06:23:08Z</time>
        <speed>0.24545</speed>
      </trkpt>
      <trkpt lat="29.210018" lon="119.661642">
        <ele>688.922514</ele>
        <time>2026-09-21T06:23:16Z</time>
        <speed>0.594831</speed>
      </trkpt>
      <trkpt lat="29.210024" lon="119.661677">
        <ele>687.242816</ele>
        <time>2026-09-21T06:23:18Z</time>
        <speed>0.363055</speed>
      </trkpt>
      <trkpt lat="29.210019" lon="119.661714">
        <ele>683.20375</ele>
        <time>2026-09-21T06:23:27Z</time>
        <speed>0.105143</speed>
      </trkpt>
      <trkpt lat="29.210012" lon="119.661758">
        <ele>682.648181</ele>
        <time>2026-09-21T06:23:29Z</time>
        <speed>0.602804</speed>
      </trkpt>
      <trkpt lat="29.210002" lon="119.661796">
        <ele>682.880385</ele>
        <time>2026-09-21T06:23:37Z</time>
        <speed>0.586754</speed>
      </trkpt>
      <trkpt lat="29.20999" lon="119.661838">
        <ele>682.140598</ele>
        <time>2026-09-21T06:23:39Z</time>
        <speed>0.506949</speed>
      </trkpt>
      <trkpt lat="29.209984" lon="119.661887">
        <ele>678.886556</ele>
        <time>2026-09-21T06:23:49Z</time>
        <speed>0.932389</speed>
      </trkpt>
      <trkpt lat="29.209955" lon="119.661942">
        <ele>676.189222</ele>
        <time>2026-09-21T06:23:59Z</time>
        <speed>0.447345</speed>
      </trkpt>
      <trkpt lat="29.20994" lon="119.661968">
        <ele>673.060495</ele>
        <time>2026-09-21T06:24:07Z</time>
        <speed>0.440425</speed>
      </trkpt>
      <trkpt lat="29.209921" lon="119.662">
        <ele>673.414057</ele>
        <time>2026-09-21T06:24:09Z</time>
        <speed>0.443935</speed>
      </trkpt>
      <trkpt lat="29.209893" lon="119.662033">
        <ele>669.909672</ele>
        <time>2026-09-21T06:24:17Z</time>
        <speed>1.272133</speed>
      </trkpt>
      <trkpt lat="29.209866" lon="119.662058">
        <ele>670.19698</ele>
        <time>2026-09-21T06:24:19Z</time>
        <speed>1.258922</speed>
      </trkpt>
      <trkpt lat="29.20983" lon="119.662092">
        <ele>670.864703</ele>
        <time>2026-09-21T06:24:21Z</time>
        <speed>0.786354</speed>
      </trkpt>
      <trkpt lat="29.20981" lon="119.662131">
        <ele>670.798268</ele>
        <time>2026-09-21T06:24:28Z</time>
        <speed>0.984911</speed>
      </trkpt>
      <trkpt lat="29.209788" lon="119.662177">
        <ele>669.878194</ele>
        <time>2026-09-21T06:24:32Z</time>
        <speed>0.562714</speed>
      </trkpt>
      <trkpt lat="29.209773" lon="119.662206">
        <ele>668.195734</ele>
        <time>2026-09-21T06:25:06Z</time>
        <speed>0.220346</speed>
      </trkpt>
      <trkpt lat="29.209746" lon="119.662216">
        <ele>668.727954</ele>
        <time>2026-09-21T06:25:15Z</time>
        <speed>0.50145</speed>
      </trkpt>
      <trkpt lat="29.209716" lon="119.662238">
        <ele>667.167917</ele>
        <time>2026-09-21T06:25:19Z</time>
        <speed>0.434424</speed>
      </trkpt>
      <trkpt lat="29.209692" lon="119.662257">
        <ele>664.920403</ele>
        <time>2026-09-21T06:25:32Z</time>
        <speed>0.458573</speed>
      </trkpt>
      <trkpt lat="29.209669" lon="119.662277">
        <ele>665.030664</ele>
        <time>2026-09-21T06:25:36Z</time>
        <speed>0.74122</speed>
      </trkpt>
      <trkpt lat="29.209636" lon="119.662317">
        <ele>663.345965</ele>
        <time>2026-09-21T06:25:44Z</time>
        <speed>0.699405</speed>
      </trkpt>
      <trkpt lat="29.209604" lon="119.662327">
        <ele>660.95351</ele>
        <time>2026-09-21T06:25:52Z</time>
        <speed>1.072096</speed>
      </trkpt>
      <trkpt lat="29.209572" lon="119.662333">
        <ele>660.121938</ele>
        <time>2026-09-21T06:25:54Z</time>
        <speed>0.157626</speed>
      </trkpt>
      <trkpt lat="29.209542" lon="119.662346">
        <ele>659.159041</ele>
        <time>2026-09-21T06:26:02Z</time>
        <speed>0.324415</speed>
      </trkpt>
      <trkpt lat="29.209506" lon="119.662363">
        <ele>659.494228</ele>
        <time>2026-09-21T06:26:04Z</time>
        <speed>0.709371</speed>
      </trkpt>
      <trkpt lat="29.209477" lon="119.662361">
        <ele>657.806025</ele>
        <time>2026-09-21T06:26:12Z</time>
        <speed>0.469514</speed>
      </trkpt>
      <trkpt lat="29.209445" lon="119.662358">
        <ele>656.060467</ele>
        <time>2026-09-21T06:26:14Z</time>
        <speed>0.53435</speed>
      </trkpt>
      <trkpt lat="29.209394" lon="119.662337">
        <ele>653.302725</ele>
        <time>2026-09-21T06:26:24Z</time>
        <speed>0.58656</speed>
      </trkpt>
      <trkpt lat="29.209366" lon="119.662336">
        <ele>654.609655</ele>
        <time>2026-09-21T06:26:32Z</time>
        <speed>0.202324</speed>
      </trkpt>
      <trkpt lat="29.209326" lon="119.662337">
        <ele>654.962399</ele>
        <time>2026-09-21T06:26:34Z</time>
        <speed>0.63918</speed>
      </trkpt>
      <trkpt lat="29.209284" lon="119.662341">
        <ele>654.405929</ele>
        <time>2026-09-21T06:26:44Z</time>
        <speed>0.524376</speed>
      </trkpt>
      <trkpt lat="29.209257" lon="119.662331">
        <ele>651.645629</ele>
        <time>2026-09-21T06:26:52Z</time>
        <speed>0.545153</speed>
      </trkpt>
      <trkpt lat="29.209214" lon="119.662342">
        <ele>647.620977</ele>
        <time>2026-09-21T06:27:20Z</time>
        <speed>0.0</speed>
      </trkpt>
      <trkpt lat="29.209193" lon="119.662322">
        <ele>646.497115</ele>
        <time>2026-09-21T06:27:34Z</time>
        <speed>0.17313</speed>
      </trkpt>
      <trkpt lat="29.209163" lon="119.662345">
        <ele>646.047088</ele>
        <time>2026-09-21T06:27:49Z</time>
        <speed>0.070745</speed>
      </trkpt>
      <trkpt lat="29.20914" lon="119.662367">
        <ele>646.335198</ele>
        <time>2026-09-21T06:27:51Z</time>
        <speed>0.078541</speed>
      </trkpt>
      <trkpt lat="29.209104" lon="119.662387">
        <ele>646.077348</ele>
        <time>2026-09-21T06:28:01Z</time>
        <speed>0.114943</speed>
      </trkpt>
      <trkpt lat="29.209082" lon="119.662408">
        <ele>643.227391</ele>
        <time>2026-09-21T06:28:09Z</time>
        <speed>0.615434</speed>
      </trkpt>
      <trkpt lat="29.209057" lon="119.662436">
        <ele>642.08731</ele>
        <time>2026-09-21T06:28:11Z</time>
        <speed>0.555695</speed>
      </trkpt>
      <trkpt lat="29.209034" lon="119.662454">
        <ele>638.532341</ele>
        <time>2026-09-21T06:28:19Z</time>
        <speed>0.486322</speed>
      </trkpt>
      <trkpt lat="29.209008" lon="119.662472">
        <ele>638.447946</ele>
        <time>2026-09-21T06:28:21Z</time>
        <speed>0.540694</speed>
      </trkpt>
      <trkpt lat="29.208979" lon="119.662478">
        <ele>637.887852</ele>
        <time>2026-09-21T06:28:29Z</time>
        <speed>0.267944</speed>
      </trkpt>
      <trkpt lat="29.208951" lon="119.662482">
        <ele>637.615229</ele>
        <time>2026-09-21T06:28:31Z</time>
        <speed>0.252455</speed>
      </trkpt>
      <trkpt lat="29.208926" lon="119.662508">
        <ele>637.432662</ele>
        <time>2026-09-21T06:28:41Z</time>
        <speed>0.345054</speed>
      </trkpt>
      <trkpt lat="29.208901" lon="119.662519">
        <ele>634.935087</ele>
        <time>2026-09-21T06:28:49Z</time>
        <speed>0.518138</speed>
      </trkpt>
      <trkpt lat="29.208865" lon="119.66253">
        <ele>635.709141</ele>
        <time>2026-09-21T06:28:51Z</time>
        <speed>0.290926</speed>
      </trkpt>
      <trkpt lat="29.208826" lon="119.662542">
        <ele>634.961498</ele>
        <time>2026-09-21T06:28:59Z</time>
        <speed>0.581312</speed>
      </trkpt>
      <trkpt lat="29.208785" lon="119.662556">
        <ele>634.394159</ele>
        <time>2026-09-21T06:29:01Z</time>
        <speed>0.343209</speed>
      </trkpt>
      <trkpt lat="29.208743" lon="119.662575">
        <ele>630.753782</ele>
        <time>2026-09-21T06:29:11Z</time>
        <speed>0.302348</speed>
      </trkpt>
      <trkpt lat="29.208683" lon="119.662582">
        <ele>627.844976</ele>
        <time>2026-09-21T06:29:21Z</time>
        <speed>0.771476</speed>
      </trkpt>
      <trkpt lat="29.208637" lon="119.662592">
        <ele>626.254695</ele>
        <time>2026-09-21T06:29:31Z</time>
        <speed>0.398537</speed>
      </trkpt>
      <trkpt lat="29.208603" lon="119.662638">
        <ele>624.738189</ele>
        <time>2026-09-21T06:29:41Z</time>
        <speed>0.242187</speed>
      </trkpt>
      <trkpt lat="29.208545" lon="119.662655">
        <ele>625.414078</ele>
        <time>2026-09-21T06:29:51Z</time>
        <speed>0.616685</speed>
      </trkpt>
      <trkpt lat="29.208501" lon="119.662681">
        <ele>623.917132</ele>
        <time>2026-09-21T06:30:00Z</time>
        <speed>0.219771</speed>
      </trkpt>
      <trkpt lat="29.208471" lon="119.662701">
        <ele>623.027325</ele>
        <time>2026-09-21T06:30:02Z</time>
        <speed>0.586742</speed>
      </trkpt>
      <trkpt lat="29.208418" lon="119.662722">
        <ele>623.002816</ele>
        <time>2026-09-21T06:30:12Z</time>
        <speed>0.243158</speed>
      </trkpt>
      <trkpt lat="29.20839" lon="119.662751">
        <ele>619.83727</ele>
        <time>2026-09-21T06:30:22Z</time>
        <speed>0.34971</speed>
      </trkpt>
      <trkpt lat="29.20836" lon="119.662749">
        <ele>619.268302</ele>
        <time>2026-09-21T06:30:32Z</time>
        <speed>0.510991</speed>
      </trkpt>
      <trkpt lat="29.208312" lon="119.662734">
        <ele>619.073488</ele>
        <time>2026-09-21T06:30:42Z</time>
        <speed>0.590334</speed>
      </trkpt>
      <trkpt lat="29.208278" lon="119.662735">
        <ele>620.651949</ele>
        <time>2026-09-21T06:30:50Z</time>
        <speed>0.733349</speed>
      </trkpt>
      <trkpt lat="29.208232" lon="119.66274">
        <ele>621.203087</ele>
        <time>2026-09-21T06:30:52Z</time>
        <speed>0.50642</speed>
      </trkpt>
      <trkpt lat="29.208172" lon="119.662751">
        <ele>620.39859</ele>
        <time>2026-09-21T06:31:02Z</time>
        <speed>0.495571</speed>
      </trkpt>
      <trkpt lat="29.208135" lon="119.662763">
        <ele>618.563919</ele>
        <time>2026-09-21T06:31:10Z</time>
        <speed>0.504469</speed>
      </trkpt>
      <trkpt lat="29.208094" lon="119.662777">
        <ele>617.518639</ele>
        <time>2026-09-21T06:31:12Z</time>
        <speed>0.498307</speed>
      </trkpt>
      <trkpt lat="29.208066" lon="119.662788">
        <ele>614.304196</ele>
        <time>2026-09-21T06:31:20Z</time>
        <speed>0.514477</speed>
      </trkpt>
      <trkpt lat="29.208029" lon="119.662803">
        <ele>613.84129</ele>
        <time>2026-09-21T06:31:22Z</time>
        <speed>0.539666</speed>
      </trkpt>
      <trkpt lat="29.208032" lon="119.662837">
        <ele>610.126709</ele>
        <time>2026-09-21T06:31:30Z</time>
        <speed>0.620832</speed>
      </trkpt>
      <trkpt lat="29.208046" lon="119.662888">
        <ele>609.404012</ele>
        <time>2026-09-21T06:31:32Z</time>
        <speed>0.723108</speed>
      </trkpt>
      <trkpt lat="29.208085" lon="119.662913">
        <ele>605.683763</ele>
        <time>2026-09-21T06:31:42Z</time>
        <speed>0.215527</speed>
      </trkpt>
      <trkpt lat="29.208113" lon="119.662949">
        <ele>603.610039</ele>
        <time>2026-09-21T06:31:52Z</time>
        <speed>0.326824</speed>
      </trkpt>
      <trkpt lat="29.208136" lon="119.662972">
        <ele>603.634841</ele>
        <time>2026-09-21T06:32:00Z</time>
        <speed>0.484187</speed>
      </trkpt>
      <trkpt lat="29.208158" lon="119.662996">
        <ele>604.621264</ele>
        <time>2026-09-21T06:32:04Z</time>
        <speed>0.278559</speed>
      </trkpt>
      <trkpt lat="29.208132" lon="119.663005">
        <ele>604.581487</ele>
        <time>2026-09-21T06:32:19Z</time>
        <speed>0.131344</speed>
      </trkpt>
      <trkpt lat="29.208094" lon="119.663028">
        <ele>602.248903</ele>
        <time>2026-09-21T06:32:27Z</time>
        <speed>0.343858</speed>
      </trkpt>
      <trkpt lat="29.20805" lon="119.663068">
        <ele>601.379458</ele>
        <time>2026-09-21T06:32:37Z</time>
        <speed>0.433799</speed>
      </trkpt>
      <trkpt lat="29.208012" lon="119.663109">
        <ele>598.86211</ele>
        <time>2026-09-21T06:32:47Z</time>
        <speed>0.584646</speed>
      </trkpt>
      <trkpt lat="29.207982" lon="119.663133">
        <ele>594.192688</ele>
        <time>2026-09-21T06:32:57Z</time>
        <speed>0.622774</speed>
      </trkpt>
      <trkpt lat="29.207944" lon="119.663154">
        <ele>591.265023</ele>
        <time>2026-09-21T06:33:07Z</time>
        <speed>0.555526</speed>
      </trkpt>
      <trkpt lat="29.207907" lon="119.663175">
        <ele>590.500014</ele>
        <time>2026-09-21T06:33:15Z</time>
        <speed>0.375048</speed>
      </trkpt>
      <trkpt lat="29.207879" lon="119.663189">
        <ele>591.021498</ele>
        <time>2026-09-21T06:33:17Z</time>
        <speed>1.039492</speed>
      </trkpt>
      <trkpt lat="29.207845" lon="119.663204">
        <ele>591.763509</ele>
        <time>2026-09-21T06:33:19Z</time>
        <speed>0.490254</speed>
      </trkpt>
      <trkpt lat="29.207819" lon="119.663215">
        <ele>591.224601</ele>
        <time>2026-09-21T06:33:26Z</time>
        <speed>0.466612</speed>
      </trkpt>
      <trkpt lat="29.207793" lon="119.663235">
        <ele>588.709389</ele>
        <time>2026-09-21T06:33:30Z</time>
        <speed>0.492933</speed>
      </trkpt>
      <trkpt lat="29.207774" lon="119.66326">
        <ele>587.440402</ele>
        <time>2026-09-21T06:33:34Z</time>
        <speed>0.465911</speed>
      </trkpt>
      <trkpt lat="29.20774" lon="119.663288">
        <ele>583.849664</ele>
        <time>2026-09-21T06:33:43Z</time>
        <speed>0.455357</speed>
      </trkpt>
      <trkpt lat="29.207727" lon="119.663317">
        <ele>580.840274</ele>
        <time>2026-09-21T06:33:51Z</time>
        <speed>0.339866</speed>
      </trkpt>
      <trkpt lat="29.207712" lon="119.663357">
        <ele>580.725165</ele>
        <time>2026-09-21T06:33:54Z</time>
        <speed>0.533168</speed>
      </trkpt>
      <trkpt lat="29.207699" lon="119.663415">
        <ele>578.407775</ele>
        <time>2026-09-21T06:34:04Z</time>
        <speed>0.495275</speed>
      </trkpt>
      <trkpt lat="29.207674" lon="119.663472">
        <ele>576.21729</ele>
        <time>2026-09-21T06:34:14Z</time>
        <speed>0.583515</speed>
      </trkpt>
      <trkpt lat="29.207662" lon="119.663505">
        <ele>575.024326</ele>
        <time>2026-09-21T06:34:22Z</time>
        <speed>0.314864</speed>
      </trkpt>
      <trkpt lat="29.207652" lon="119.663535">
        <ele>575.131409</ele>
        <time>2026-09-21T06:34:24Z</time>
        <speed>0.191203</speed>
      </trkpt>
      <trkpt lat="29.207638" lon="119.663591">
        <ele>572.935557</ele>
        <time>2026-09-21T06:34:33Z</time>
        <speed>0.222645</speed>
      </trkpt>
      <trkpt lat="29.207624" lon="119.663632">
        <ele>571.848714</ele>
        <time>2026-09-21T06:34:41Z</time>
        <speed>0.470284</speed>
      </trkpt>
      <trkpt lat="29.207609" lon="119.663678">
        <ele>571.52938</ele>
        <time>2026-09-21T06:34:43Z</time>
        <speed>0.389606</speed>
      </trkpt>
      <trkpt lat="29.207592" lon="119.663726">
        <ele>568.919298</ele>
        <time>2026-09-21T06:34:53Z</time>
        <speed>0.289615</speed>
      </trkpt>
      <trkpt lat="29.207573" lon="119.663785">
        <ele>565.765537</ele>
        <time>2026-09-21T06:35:03Z</time>
        <speed>0.429939</speed>
      </trkpt>
      <trkpt lat="29.207549" lon="119.663845">
        <ele>564.639712</ele>
        <time>2026-09-21T06:35:13Z</time>
        <speed>0.40469</speed>
      </trkpt>
      <trkpt lat="29.207533" lon="119.663874">
        <ele>562.674451</ele>
        <time>2026-09-21T06:35:21Z</time>
        <speed>0.610518</speed>
      </trkpt>
      <trkpt lat="29.207519" lon="119.663903">
        <ele>561.717597</ele>
        <time>2026-09-21T06:35:23Z</time>
        <speed>0.445999</speed>
      </trkpt>
      <trkpt lat="29.207499" lon="119.663933">
        <ele>558.958713</ele>
        <time>2026-09-21T06:35:31Z</time>
        <speed>0.878823</speed>
      </trkpt>
      <trkpt lat="29.207474" lon="119.663966">
        <ele>559.522693</ele>
        <time>2026-09-21T06:35:33Z</time>
        <speed>0.658568</speed>
      </trkpt>
      <trkpt lat="29.20745" lon="119.663984">
        <ele>557.333995</ele>
        <time>2026-09-21T06:35:41Z</time>
        <speed>0.799473</speed>
      </trkpt>
      <trkpt lat="29.207418" lon="119.664007">
        <ele>557.56415</ele>
        <time>2026-09-21T06:35:43Z</time>
        <speed>0.62541</speed>
      </trkpt>
      <trkpt lat="29.207393" lon="119.664025">
        <ele>556.426015</ele>
        <time>2026-09-21T06:35:51Z</time>
        <speed>0.514816</speed>
      </trkpt>
      <trkpt lat="29.207365" lon="119.664045">
        <ele>556.387672</ele>
        <time>2026-09-21T06:35:53Z</time>
        <speed>0.436612</speed>
      </trkpt>
      <trkpt lat="29.20734" lon="119.664066">
        <ele>555.847601</ele>
        <time>2026-09-21T06:36:02Z</time>
        <speed>0.596972</speed>
      </trkpt>
      <trkpt lat="29.207308" lon="119.664096">
        <ele>554.944203</ele>
        <time>2026-09-21T06:36:04Z</time>
        <speed>0.742188</speed>
      </trkpt>
      <trkpt lat="29.207272" lon="119.664113">
        <ele>551.214223</ele>
        <time>2026-09-21T06:36:14Z</time>
        <speed>0.370495</speed>
      </trkpt>
      <trkpt lat="29.207221" lon="119.664145">
        <ele>551.767145</ele>
        <time>2026-09-21T06:36:24Z</time>
        <speed>0.586545</speed>
      </trkpt>
      <trkpt lat="29.207191" lon="119.66418">
        <ele>550.15113</ele>
        <time>2026-09-21T06:36:34Z</time>
        <speed>0.795154</speed>
      </trkpt>
      <trkpt lat="29.207171" lon="119.664209">
        <ele>548.336889</ele>
        <time>2026-09-21T06:36:44Z</time>
        <speed>0.425645</speed>
      </trkpt>
      <trkpt lat="29.20715" lon="119.66423">
        <ele>545.111055</ele>
        <time>2026-09-21T06:37:10Z</time>
        <speed>0.050755</speed>
      </trkpt>
      <trkpt lat="29.20711" lon="119.664241">
        <ele>546.137639</ele>
        <time>2026-09-21T06:37:20Z</time>
        <speed>0.54536</speed>
      </trkpt>
      <trkpt lat="29.207079" lon="119.664247">
        <ele>543.42318</ele>
        <time>2026-09-21T06:37:26Z</time>
        <speed>0.487924</speed>
      </trkpt>
      <trkpt lat="29.207039" lon="119.664252">
        <ele>543.905864</ele>
        <time>2026-09-21T06:37:36Z</time>
        <speed>0.045777</speed>
      </trkpt>
      <trkpt lat="29.207009" lon="119.664266">
        <ele>544.958213</ele>
        <time>2026-09-21T06:37:46Z</time>
        <speed>0.580768</speed>
      </trkpt>
      <trkpt lat="29.206985" lon="119.664283">
        <ele>542.774829</ele>
        <time>2026-09-21T06:37:56Z</time>
        <speed>0.200043</speed>
      </trkpt>
      <trkpt lat="29.206939" lon="119.66427">
        <ele>542.353055</ele>
        <time>2026-09-21T06:38:06Z</time>
        <speed>0.412925</speed>
      </trkpt>
      <trkpt lat="29.206895" lon="119.664307">
        <ele>541.543251</ele>
        <time>2026-09-21T06:38:16Z</time>
        <speed>0.411215</speed>
      </trkpt>
      <trkpt lat="29.20687" lon="119.664322">
        <ele>540.029314</ele>
        <time>2026-09-21T06:38:24Z</time>
        <speed>0.303454</speed>
      </trkpt>
      <trkpt lat="29.206841" lon="119.664337">
        <ele>539.200489</ele>
        <time>2026-09-21T06:38:26Z</time>
        <speed>0.45876</speed>
      </trkpt>
      <trkpt lat="29.206789" lon="119.664344">
        <ele>537.248648</ele>
        <time>2026-09-21T06:38:36Z</time>
        <speed>0.597781</speed>
      </trkpt>
      <trkpt lat="29.206766" lon="119.664365">
        <ele>536.363115</ele>
        <time>2026-09-21T06:38:46Z</time>
        <speed>0.938385</speed>
      </trkpt>
      <trkpt lat="29.20674" lon="119.664394">
        <ele>528.475788</ele>
        <time>2026-09-21T06:39:10Z</time>
        <speed>0.299394</speed>
      </trkpt>
      <trkpt lat="29.206718" lon="119.664421">
        <ele>527.580151</ele>
        <time>2026-09-21T06:39:14Z</time>
        <speed>0.721018</speed>
      </trkpt>
      <trkpt lat="29.206697" lon="119.664442">
        <ele>526.860913</ele>
        <time>2026-09-21T06:39:18Z</time>
        <speed>0.346521</speed>
      </trkpt>
      <trkpt lat="29.206669" lon="119.66446">
        <ele>528.074244</ele>
        <time>2026-09-21T06:39:26Z</time>
        <speed>0.794635</speed>
      </trkpt>
      <trkpt lat="29.206647" lon="119.6645">
        <ele>527.581747</ele>
        <time>2026-09-21T06:39:30Z</time>
        <speed>0.552127</speed>
      </trkpt>
      <trkpt lat="29.206631" lon="119.664527">
        <ele>525.702459</ele>
        <time>2026-09-21T06:39:38Z</time>
        <speed>0.268929</speed>
      </trkpt>
      <trkpt lat="29.206613" lon="119.664555">
        <ele>526.221592</ele>
        <time>2026-09-21T06:39:42Z</time>
        <speed>0.605319</speed>
      </trkpt>
      <trkpt lat="29.206587" lon="119.664569">
        <ele>525.808151</ele>
        <time>2026-09-21T06:39:48Z</time>
        <speed>0.390119</speed>
      </trkpt>
      <trkpt lat="29.206539" lon="119.664578">
        <ele>524.970445</ele>
        <time>2026-09-21T06:39:52Z</time>
        <speed>0.316688</speed>
      </trkpt>
      <trkpt lat="29.206517" lon="119.664601">
        <ele>522.180092</ele>
        <time>2026-09-21T06:40:00Z</time>
        <speed>0.47349</speed>
      </trkpt>
      <trkpt lat="29.206492" lon="119.664634">
        <ele>520.518539</ele>
        <time>2026-09-21T06:40:02Z</time>
        <speed>0.768432</speed>
      </trkpt>
      <trkpt lat="29.206451" lon="119.66467">
        <ele>515.505884</ele>
        <time>2026-09-21T06:40:12Z</time>
        <speed>0.932213</speed>
      </trkpt>
      <trkpt lat="29.206419" lon="119.664698">
        <ele>515.97205</ele>
        <time>2026-09-21T06:40:20Z</time>
        <speed>0.68004</speed>
      </trkpt>
      <trkpt lat="29.206388" lon="119.664727">
        <ele>515.55217</ele>
        <time>2026-09-21T06:40:22Z</time>
        <speed>0.130494</speed>
      </trkpt>
      <trkpt lat="29.206338" lon="119.664762">
        <ele>512.752651</ele>
        <time>2026-09-21T06:40:32Z</time>
        <speed>0.686023</speed>
      </trkpt>
      <trkpt lat="29.206317" lon="119.664788">
        <ele>511.790503</ele>
        <time>2026-09-21T06:40:40Z</time>
        <speed>0.397126</speed>
      </trkpt>
      <trkpt lat="29.206296" lon="119.664817">
        <ele>510.900414</ele>
        <time>2026-09-21T06:40:42Z</time>
        <speed>0.326768</speed>
      </trkpt>
      <trkpt lat="29.20629" lon="119.664861">
        <ele>507.33371</ele>
        <time>2026-09-21T06:40:52Z</time>
        <speed>0.47869</speed>
      </trkpt>
      <trkpt lat="29.206279" lon="119.664893">
        <ele>505.562241</ele>
        <time>2026-09-21T06:41:00Z</time>
        <speed>0.572911</speed>
      </trkpt>
      <trkpt lat="29.206269" lon="119.664923">
        <ele>506.548194</ele>
        <time>2026-09-21T06:41:02Z</time>
        <speed>0.577571</speed>
      </trkpt>
      <trkpt lat="29.20628" lon="119.664975">
        <ele>505.661051</ele>
        <time>2026-09-21T06:41:12Z</time>
        <speed>0.586391</speed>
      </trkpt>
      <trkpt lat="29.206319" lon="119.665007">
        <ele>504.539865</ele>
        <time>2026-09-21T06:41:22Z</time>
        <speed>0.389468</speed>
      </trkpt>
      <trkpt lat="29.206346" lon="119.665048">
        <ele>503.14665</ele>
        <time>2026-09-21T06:41:30Z</time>
        <speed>0.987261</speed>
      </trkpt>
      <trkpt lat="29.20637" lon="119.665077">
        <ele>503.381076</ele>
        <time>2026-09-21T06:41:32Z</time>
        <speed>1.105</speed>
      </trkpt>
      <trkpt lat="29.206396" lon="119.665098">
        <ele>503.260036</ele>
        <time>2026-09-21T06:41:34Z</time>
        <speed>1.067429</speed>
      </trkpt>
      <trkpt lat="29.206423" lon="119.66511">
        <ele>502.919761</ele>
        <time>2026-09-21T06:41:36Z</time>
        <speed>1.082534</speed>
      </trkpt>
      <trkpt lat="29.20645" lon="119.665117">
        <ele>502.270312</ele>
        <time>2026-09-21T06:41:38Z</time>
        <speed>1.433808</speed>
      </trkpt>
      <trkpt lat="29.206483" lon="119.665123">
        <ele>501.659448</ele>
        <time>2026-09-21T06:41:41Z</time>
        <speed>1.07143</speed>
      </trkpt>
      <trkpt lat="29.206536" lon="119.665119">
        <ele>501.894227</ele>
        <time>2026-09-21T06:41:46Z</time>
        <speed>1.179731</speed>
      </trkpt>
      <trkpt lat="29.206577" lon="119.66515">
        <ele>504.788895</ele>
        <time>2026-09-21T06:42:02Z</time>
        <speed>0.873089</speed>
      </trkpt>
      <trkpt lat="29.206601" lon="119.665166">
        <ele>504.221624</ele>
        <time>2026-09-21T06:42:04Z</time>
        <speed>0.980545</speed>
      </trkpt>
      <trkpt lat="29.206627" lon="119.665182">
        <ele>503.311718</ele>
        <time>2026-09-21T06:42:06Z</time>
        <speed>1.227504</speed>
      </trkpt>
      <trkpt lat="29.206653" lon="119.665196">
        <ele>503.821819</ele>
        <time>2026-09-21T06:42:08Z</time>
        <speed>0.912651</speed>
      </trkpt>
      <trkpt lat="29.206698" lon="119.665221">
        <ele>504.791584</ele>
        <time>2026-09-21T06:42:12Z</time>
        <speed>0.708138</speed>
      </trkpt>
      <trkpt lat="29.206726" lon="119.665249">
        <ele>504.950092</ele>
        <time>2026-09-21T06:42:19Z</time>
        <speed>0.742459</speed>
      </trkpt>
      <trkpt lat="29.206746" lon="119.665271">
        <ele>505.863365</ele>
        <time>2026-09-21T06:42:21Z</time>
        <speed>0.224461</speed>
      </trkpt>
      <trkpt lat="29.206761" lon="119.665298">
        <ele>506.446509</ele>
        <time>2026-09-21T06:42:25Z</time>
        <speed>0.012982</speed>
      </trkpt>
      <trkpt lat="29.206786" lon="119.665345">
        <ele>507.886171</ele>
        <time>2026-09-21T06:42:39Z</time>
        <speed>0.796028</speed>
      </trkpt>
      <trkpt lat="29.206799" lon="119.665391">
        <ele>506.628734</ele>
        <time>2026-09-21T06:42:47Z</time>
        <speed>0.863081</speed>
      </trkpt>
      <trkpt lat="29.20681" lon="119.665446">
        <ele>507.409926</ele>
        <time>2026-09-21T06:42:49Z</time>
        <speed>0.93567</speed>
      </trkpt>
      <trkpt lat="29.206783" lon="119.665461">
        <ele>508.444754</ele>
        <time>2026-09-21T06:43:01Z</time>
        <speed>0.007719</speed>
      </trkpt>
      <trkpt lat="29.206776" lon="119.665522">
        <ele>508.788893</ele>
        <time>2026-09-21T06:43:09Z</time>
        <speed>0.719846</speed>
      </trkpt>
      <extensions>
        <PauseTimes></PauseTimes>
      </extensions>
    </trkseg>
  </trk>
</gpx>