<?xml version='1.0' encoding='UTF-8' standalone='yes' ?>
<gpx version="1.1" creator="GPSBabel - http://www.gpsbabel.org" xmlns:xsi="http://www.w3.org/2001/XMLSchema-instance" xmlns="http://www.topografix.com/GPX/1/1" xsi:schemaLocation="http://www.topografix.com/GPX/1/1 http://www.topografix.com/GPX/1/1/gpx.xsd">
  <metadata>
    <link href="http://www.garmin.com">
      <text>Garmin International</text>
    </link>
    <time>2026-05-17T05:06:55Z</time>
    <bounds minlat="28.98432" minlon="119.4831767" maxlat="29.0042367" maxlon="119.4997872" />
  </metadata>
  <extensions>
    <name><![CDATA[琅峰山260517]]>
    </name>
    <description><![CDATA[]]>
    </description>
    <TrackId>84376710</TrackId>
    <TrackTypeId>8</TrackTypeId>
    <TrackTags>徒步</TrackTags>
    <BeginTime>1778994415000</BeginTime>
    <EndTime>1779009551000</EndTime>
    <TimeUsed>15136000</TimeUsed>
    <PauseTime>251586</PauseTime>
    <PosStartName>金华市婺城区琅琊镇琅琊滕村琅琊徐村集体房屋</PosStartName>
    <PosEndName>金华市婺城区琅琊镇琅琊滕村琅琊徐村集体房屋</PosEndName>
    <ProductVersion>and_9.0.2</ProductVersion>
    <StartDistrictId>9654</StartDistrictId>
    <EndDistrictId>9654</EndDistrictId>
    <CreaterId>64771087</CreaterId>
    <CreaterName><![CDATA[步履赴山野]]>
    </CreaterName>
    <CreaterIcon>1523534626</CreaterIcon>
    <OriginCreaterId>64771087</OriginCreaterId>
    <OriginCreaterNickname><![CDATA[步履赴山野]]>
    </OriginCreaterNickname>
    <OriginCreaterName><![CDATA[null]]>
    </OriginCreaterName>
    <OriginCreaterIcon>1523534626</OriginCreaterIcon>
    <ThumbnailId>1612728297</ThumbnailId>
    <Distance>7723.0</Distance>
    <ElevationGain>283.7300000000001</ElevationGain>
    <ElevationLoss>274.39000000000004</ElevationLoss>
    <SportAvgSpeed>0.5188649012315836</SportAvgSpeed>
  </extensions>
  <trk>
    <trkseg>
      <trkpt lat="28.9919317" lon="119.493145">
        <ele>120.5</ele>
        <time>2026-05-17T05:06:57Z</time>
        <speed>0.055075277</speed>
      </trkpt>
      <trkpt lat="28.9919317" lon="119.493145">
        <ele>120.5</ele>
        <time>2026-05-17T05:07:38Z</time>
        <speed>0.055075277</speed>
      </trkpt>
      <extensions>
        <PauseTimes>1778994458000:pause</PauseTimes>
      </extensions>
    </trkseg>
  </trk>
  <trk>
    <trkseg>
      <trkpt lat="28.9919283" lon="119.4931267">
        <ele>120.5</ele>
        <time>2026-05-17T05:08:27Z</time>
        <speed>0.24243417</speed>
      </trkpt>
      <trkpt lat="28.9919283" lon="119.4931267">
        <ele>120.5</ele>
        <time>2026-05-17T05:08:40Z</time>
        <speed>0.24243417</speed>
      </trkpt>
      <trkpt lat="28.9919967" lon="119.493056">
        <ele>120.24</ele>
        <time>2026-05-17T05:08:54Z</time>
        <speed>0.0</speed>
      </trkpt>
      <trkpt lat="28.9920676" lon="119.492967">
        <ele>119.88</ele>
        <time>2026-05-17T05:09:22Z</time>
        <speed>1.2960706</speed>
      </trkpt>
      <trkpt lat="28.992123" lon="119.4928661">
        <ele>118.55</ele>
        <time>2026-05-17T05:09:30Z</time>
        <speed>1.4957827</speed>
      </trkpt>
      <trkpt lat="28.992179" lon="119.4927701">
        <ele>117.37</ele>
        <time>2026-05-17T05:09:42Z</time>
        <speed>1.0103997</speed>
      </trkpt>
      <trkpt lat="28.9922284" lon="119.4926717">
        <ele>118.11</ele>
        <time>2026-05-17T05:09:50Z</time>
        <speed>1.584315</speed>
      </trkpt>
      <trkpt lat="28.9922984" lon="119.4925853">
        <ele>119.53</ele>
        <time>2026-05-17T05:09:58Z</time>
        <speed>1.5467403</speed>
      </trkpt>
      <trkpt lat="28.9923626" lon="119.492506">
        <ele>119.86</ele>
        <time>2026-05-17T05:10:08Z</time>
        <speed>1.2430542</speed>
      </trkpt>
      <trkpt lat="28.9924377" lon="119.4924276">
        <ele>119.53</ele>
        <time>2026-05-17T05:10:20Z</time>
        <speed>1.0829755</speed>
      </trkpt>
      <trkpt lat="28.9925166" lon="119.4923501">
        <ele>118.44</ele>
        <time>2026-05-17T05:10:30Z</time>
        <speed>1.2085677</speed>
      </trkpt>
      <trkpt lat="28.9925938" lon="119.4922713">
        <ele>118.17</ele>
        <time>2026-05-17T05:10:38Z</time>
        <speed>1.1256975</speed>
      </trkpt>
      <trkpt lat="28.9926923" lon="119.4921992">
        <ele>117.54</ele>
        <time>2026-05-17T05:10:46Z</time>
        <speed>1.9209434</speed>
      </trkpt>
      <trkpt lat="28.9927708" lon="119.4921145">
        <ele>117.09</ele>
        <time>2026-05-17T05:11:04Z</time>
        <speed>1.5199747</speed>
      </trkpt>
      <trkpt lat="28.9928521" lon="119.4920274">
        <ele>117.74</ele>
        <time>2026-05-17T05:11:10Z</time>
        <speed>2.2724986</speed>
      </trkpt>
      <trkpt lat="28.9929285" lon="119.4919548">
        <ele>118.88</ele>
        <time>2026-05-17T05:11:20Z</time>
        <speed>1.198788</speed>
      </trkpt>
      <trkpt lat="28.9929694" lon="119.4918641">
        <ele>118.07</ele>
        <time>2026-05-17T05:11:30Z</time>
        <speed>0.7736275</speed>
      </trkpt>
      <trkpt lat="28.9930026" lon="119.4917687">
        <ele>116.84</ele>
        <time>2026-05-17T05:12:10Z</time>
        <speed>0.7556122</speed>
      </trkpt>
      <trkpt lat="28.9929688" lon="119.4916673">
        <ele>117.47</ele>
        <time>2026-05-17T05:12:38Z</time>
        <speed>1.0742253</speed>
      </trkpt>
      <trkpt lat="28.9928982" lon="119.4915743">
        <ele>116.79</ele>
        <time>2026-05-17T05:12:46Z</time>
        <speed>1.5251219</speed>
      </trkpt>
      <trkpt lat="28.9928099" lon="119.4914976">
        <ele>115.29</ele>
        <time>2026-05-17T05:12:52Z</time>
        <speed>1.4293836</speed>
      </trkpt>
      <trkpt lat="28.9927221" lon="119.4914204">
        <ele>113.96</ele>
        <time>2026-05-17T05:13:00Z</time>
        <speed>1.6785091</speed>
      </trkpt>
      <trkpt lat="28.9926352" lon="119.4913409">
        <ele>113.16</ele>
        <time>2026-05-17T05:13:08Z</time>
        <speed>1.4257805</speed>
      </trkpt>
      <trkpt lat="28.9925867" lon="119.491245">
        <ele>112.83</ele>
        <time>2026-05-17T05:13:18Z</time>
        <speed>0.9198086</speed>
      </trkpt>
      <trkpt lat="28.9925018" lon="119.4911994">
        <ele>113.89</ele>
        <time>2026-05-17T05:13:34Z</time>
        <speed>0.0</speed>
      </trkpt>
      <trkpt lat="28.9924069" lon="119.4911641">
        <ele>115.02</ele>
        <time>2026-05-17T05:13:42Z</time>
        <speed>1.3532047</speed>
      </trkpt>
      <trkpt lat="28.9922945" lon="119.4911392">
        <ele>115.78</ele>
        <time>2026-05-17T05:13:50Z</time>
        <speed>1.2971</speed>
      </trkpt>
      <trkpt lat="28.9921818" lon="119.4911187">
        <ele>116.31</ele>
        <time>2026-05-17T05:13:58Z</time>
        <speed>1.1040791</speed>
      </trkpt>
      <trkpt lat="28.9920868" lon="119.4910945">
        <ele>117.64</ele>
        <time>2026-05-17T05:14:04Z</time>
        <speed>1.2569517</speed>
      </trkpt>
      <trkpt lat="28.9919855" lon="119.4910755">
        <ele>118.95</ele>
        <time>2026-05-17T05:14:12Z</time>
        <speed>1.4484284</speed>
      </trkpt>
      <trkpt lat="28.9918824" lon="119.4910567">
        <ele>120.87</ele>
        <time>2026-05-17T05:14:20Z</time>
        <speed>1.3135711</speed>
      </trkpt>
      <trkpt lat="28.9917852" lon="119.4909988">
        <ele>122.34</ele>
        <time>2026-05-17T05:14:28Z</time>
        <speed>1.07474</speed>
      </trkpt>
      <trkpt lat="28.9916926" lon="119.4909338">
        <ele>123.14</ele>
        <time>2026-05-17T05:14:34Z</time>
        <speed>1.4458547</speed>
      </trkpt>
      <trkpt lat="28.9916141" lon="119.4908644">
        <ele>122.65</ele>
        <time>2026-05-17T05:14:40Z</time>
        <speed>1.6141689</speed>
      </trkpt>
      <trkpt lat="28.9915265" lon="119.4907987">
        <ele>121.6</ele>
        <time>2026-05-17T05:14:48Z</time>
        <speed>1.4165156</speed>
      </trkpt>
      <trkpt lat="28.9914372" lon="119.4907403">
        <ele>120.95</ele>
        <time>2026-05-17T05:14:56Z</time>
        <speed>1.7552028</speed>
      </trkpt>
      <trkpt lat="28.9913459" lon="119.4907087">
        <ele>120.54</ele>
        <time>2026-05-17T05:15:14Z</time>
        <speed>0.5764889</speed>
      </trkpt>
      <trkpt lat="28.9912553" lon="119.4906479">
        <ele>120.18</ele>
        <time>2026-05-17T05:15:22Z</time>
        <speed>1.2924675</speed>
      </trkpt>
      <trkpt lat="28.991155" lon="119.4905798">
        <ele>121.26</ele>
        <time>2026-05-17T05:15:30Z</time>
        <speed>1.6393902</speed>
      </trkpt>
      <trkpt lat="28.99105" lon="119.4905199">
        <ele>123.09</ele>
        <time>2026-05-17T05:15:38Z</time>
        <speed>1.6980686</speed>
      </trkpt>
      <trkpt lat="28.9910415" lon="119.490515">
        <ele>125.67</ele>
        <time>2026-05-17T05:15:48Z</time>
        <speed>0.0</speed>
      </trkpt>
      <trkpt lat="28.9909887" lon="119.4904827">
        <ele>126.67</ele>
        <time>2026-05-17T05:15:56Z</time>
        <speed>0.898705</speed>
      </trkpt>
      <trkpt lat="28.9909121" lon="119.4904411">
        <ele>127.63</ele>
        <time>2026-05-17T05:16:04Z</time>
        <speed>1.3012178</speed>
      </trkpt>
      <trkpt lat="28.9908317" lon="119.4903809">
        <ele>128.48</ele>
        <time>2026-05-17T05:16:16Z</time>
        <speed>1.2162886</speed>
      </trkpt>
      <trkpt lat="28.9907611" lon="119.4902907">
        <ele>128.1</ele>
        <time>2026-05-17T05:16:26Z</time>
        <speed>1.2533486</speed>
      </trkpt>
      <trkpt lat="28.9906974" lon="119.4901831">
        <ele>127.2</ele>
        <time>2026-05-17T05:16:44Z</time>
        <speed>0.71700805</speed>
      </trkpt>
      <trkpt lat="28.9906074" lon="119.4901155">
        <ele>126.68</ele>
        <time>2026-05-17T05:17:10Z</time>
        <speed>0.99084026</speed>
      </trkpt>
      <trkpt lat="28.9905147" lon="119.4900683">
        <ele>125.18</ele>
        <time>2026-05-17T05:17:22Z</time>
        <speed>1.043342</speed>
      </trkpt>
      <trkpt lat="28.9904337" lon="119.4900137">
        <ele>123.69</ele>
        <time>2026-05-17T05:17:34Z</time>
        <speed>0.7556122</speed>
      </trkpt>
      <trkpt lat="28.9903451" lon="119.4899699">
        <ele>122.49</ele>
        <time>2026-05-17T05:17:46Z</time>
        <speed>1.1143736</speed>
      </trkpt>
      <trkpt lat="28.9902523" lon="119.4899395">
        <ele>120.47</ele>
        <time>2026-05-17T05:18:00Z</time>
        <speed>1.1416539</speed>
      </trkpt>
      <trkpt lat="28.9901759" lon="119.4898719">
        <ele>119.67</ele>
        <time>2026-05-17T05:18:12Z</time>
        <speed>0.9084847</speed>
      </trkpt>
      <trkpt lat="28.9900919" lon="119.4898182">
        <ele>121.19</ele>
        <time>2026-05-17T05:18:24Z</time>
        <speed>1.0536364</speed>
      </trkpt>
      <trkpt lat="28.9900159" lon="119.4897461">
        <ele>123.82</ele>
        <time>2026-05-17T05:18:36Z</time>
        <speed>1.0217236</speed>
      </trkpt>
      <trkpt lat="28.9899991" lon="119.489721">
        <ele>126.22</ele>
        <time>2026-05-17T05:18:46Z</time>
        <speed>0.0</speed>
      </trkpt>
      <trkpt lat="28.9899309" lon="119.4896678">
        <ele>127.76</ele>
        <time>2026-05-17T05:19:14Z</time>
        <speed>1.046945</speed>
      </trkpt>
      <trkpt lat="28.989838" lon="119.4896247">
        <ele>128.64</ele>
        <time>2026-05-17T05:19:22Z</time>
        <speed>1.4180597</speed>
      </trkpt>
      <trkpt lat="28.9897345" lon="119.4896085">
        <ele>129.57</ele>
        <time>2026-05-17T05:19:30Z</time>
        <speed>1.2909234</speed>
      </trkpt>
      <trkpt lat="28.9896353" lon="119.4895979">
        <ele>130.27</ele>
        <time>2026-05-17T05:19:40Z</time>
        <speed>1.03768</speed>
      </trkpt>
      <trkpt lat="28.989533" lon="119.4896065">
        <ele>131.1</ele>
        <time>2026-05-17T05:19:48Z</time>
        <speed>1.497327</speed>
      </trkpt>
      <trkpt lat="28.9894338" lon="119.4896072">
        <ele>131.36</ele>
        <time>2026-05-17T05:19:56Z</time>
        <speed>1.3773967</speed>
      </trkpt>
      <trkpt lat="28.9893301" lon="119.4896071">
        <ele>130.95</ele>
        <time>2026-05-17T05:20:06Z</time>
        <speed>1.2224653</speed>
      </trkpt>
      <trkpt lat="28.9892348" lon="119.4895562">
        <ele>129.33</ele>
        <time>2026-05-17T05:20:14Z</time>
        <speed>1.1751108</speed>
      </trkpt>
      <trkpt lat="28.9891554" lon="119.4894714">
        <ele>127.73</ele>
        <time>2026-05-17T05:20:20Z</time>
        <speed>1.825205</speed>
      </trkpt>
      <trkpt lat="28.989069" lon="119.4894159">
        <ele>125.74</ele>
        <time>2026-05-17T05:20:30Z</time>
        <speed>1.5426224</speed>
      </trkpt>
      <trkpt lat="28.9890629" lon="119.4894255">
        <ele>123.91</ele>
        <time>2026-05-17T05:20:44Z</time>
        <speed>0.0</speed>
      </trkpt>
      <trkpt lat="28.9890008" lon="119.4894304">
        <ele>123.52</ele>
        <time>2026-05-17T05:21:08Z</time>
        <speed>0.9403975</speed>
      </trkpt>
      <trkpt lat="28.9889175" lon="119.4894663">
        <ele>124.2</ele>
        <time>2026-05-17T05:21:26Z</time>
        <speed>0.9110583</speed>
      </trkpt>
      <trkpt lat="28.9888598" lon="119.4894093">
        <ele>124.46</ele>
        <time>2026-05-17T05:21:36Z</time>
        <speed>1.1045939</speed>
      </trkpt>
      <trkpt lat="28.9888429" lon="119.4893846">
        <ele>124.91</ele>
        <time>2026-05-17T05:21:46Z</time>
        <speed>0.0</speed>
      </trkpt>
      <trkpt lat="28.9889005" lon="119.4894331">
        <ele>124.17</ele>
        <time>2026-05-17T05:22:10Z</time>
        <speed>0.6413439</speed>
      </trkpt>
      <trkpt lat="28.9888688" lon="119.4893846">
        <ele>124.1</ele>
        <time>2026-05-17T05:22:46Z</time>
        <speed>1.0160617</speed>
      </trkpt>
      <trkpt lat="28.9887978" lon="119.489293">
        <ele>124.06</ele>
        <time>2026-05-17T05:22:54Z</time>
        <speed>1.3650433</speed>
      </trkpt>
      <trkpt lat="28.9887244" lon="119.4891952">
        <ele>123.52</ele>
        <time>2026-05-17T05:23:02Z</time>
        <speed>1.4149714</speed>
      </trkpt>
      <trkpt lat="28.9886559" lon="119.4891016">
        <ele>122.69</ele>
        <time>2026-05-17T05:23:10Z</time>
        <speed>1.1442275</speed>
      </trkpt>
      <trkpt lat="28.9886099" lon="119.4890247">
        <ele>122.01</ele>
        <time>2026-05-17T05:23:26Z</time>
        <speed>0.0</speed>
      </trkpt>
      <trkpt lat="28.9885389" lon="119.4889574">
        <ele>121.79</ele>
        <time>2026-05-17T05:24:08Z</time>
        <speed>0.83796775</speed>
      </trkpt>
      <trkpt lat="28.988493" lon="119.488857">
        <ele>122.83</ele>
        <time>2026-05-17T05:24:58Z</time>
        <speed>0.6748008</speed>
      </trkpt>
      <trkpt lat="28.9884108" lon="119.4887676">
        <ele>126.77</ele>
        <time>2026-05-17T05:25:06Z</time>
        <speed>1.078343</speed>
      </trkpt>
      <trkpt lat="28.9883158" lon="119.4886887">
        <ele>130.44</ele>
        <time>2026-05-17T05:25:14Z</time>
        <speed>1.2307009</speed>
      </trkpt>
      <trkpt lat="28.9882426" lon="119.48859">
        <ele>133.99</ele>
        <time>2026-05-17T05:25:22Z</time>
        <speed>1.2873203</speed>
      </trkpt>
      <trkpt lat="28.9881564" lon="119.4885249">
        <ele>136.92</ele>
        <time>2026-05-17T05:25:40Z</time>
        <speed>0.8369383</speed>
      </trkpt>
      <trkpt lat="28.988065" lon="119.4884503">
        <ele>135.06</ele>
        <time>2026-05-17T05:25:50Z</time>
        <speed>1.1076822</speed>
      </trkpt>
      <trkpt lat="28.9879873" lon="119.4883709">
        <ele>132.2</ele>
        <time>2026-05-17T05:25:56Z</time>
        <speed>1.3161447</speed>
      </trkpt>
      <trkpt lat="28.9880102" lon="119.488307">
        <ele>129.49</ele>
        <time>2026-05-17T05:26:16Z</time>
        <speed>0.0</speed>
      </trkpt>
      <trkpt lat="28.9879581" lon="119.4883028">
        <ele>128.63</ele>
        <time>2026-05-17T05:26:44Z</time>
        <speed>0.4586175</speed>
      </trkpt>
      <trkpt lat="28.9878915" lon="119.4882357">
        <ele>128.79</ele>
        <time>2026-05-17T05:26:54Z</time>
        <speed>1.0870934</speed>
      </trkpt>
      <trkpt lat="28.9878145" lon="119.4881545">
        <ele>130.13</ele>
        <time>2026-05-17T05:27:02Z</time>
        <speed>1.2626137</speed>
      </trkpt>
      <trkpt lat="28.987745" lon="119.4880758">
        <ele>131.92</ele>
        <time>2026-05-17T05:27:12Z</time>
        <speed>1.0809166</speed>
      </trkpt>
      <trkpt lat="28.9877647" lon="119.4880498">
        <ele>134.75</ele>
        <time>2026-05-17T05:27:22Z</time>
        <speed>0.0</speed>
      </trkpt>
      <trkpt lat="28.9877121" lon="119.4880261">
        <ele>137.05</ele>
        <time>2026-05-17T05:27:38Z</time>
        <speed>0.60531336</speed>
      </trkpt>
      <trkpt lat="28.9876558" lon="119.4879483">
        <ele>138.19</ele>
        <time>2026-05-17T05:27:46Z</time>
        <speed>0.93833864</speed>
      </trkpt>
      <trkpt lat="28.9875797" lon="119.4878854">
        <ele>138.24</ele>
        <time>2026-05-17T05:28:00Z</time>
        <speed>0.87451303</speed>
      </trkpt>
      <trkpt lat="28.9875072" lon="119.4878114">
        <ele>138.18</ele>
        <time>2026-05-17T05:28:08Z</time>
        <speed>1.0031936</speed>
      </trkpt>
      <trkpt lat="28.9874165" lon="119.4877713">
        <ele>138.7</ele>
        <time>2026-05-17T05:28:16Z</time>
        <speed>1.2682755</speed>
      </trkpt>
      <trkpt lat="28.9873247" lon="119.4877218">
        <ele>139.65</ele>
        <time>2026-05-17T05:28:28Z</time>
        <speed>0.8678217</speed>
      </trkpt>
      <trkpt lat="28.9872463" lon="119.4876437">
        <ele>141.09</ele>
        <time>2026-05-17T05:28:38Z</time>
        <speed>1.0093703</speed>
      </trkpt>
      <trkpt lat="28.9871988" lon="119.4875461">
        <ele>142.17</ele>
        <time>2026-05-17T05:28:48Z</time>
        <speed>1.1359919</speed>
      </trkpt>
      <trkpt lat="28.9871746" lon="119.487434">
        <ele>142.35</ele>
        <time>2026-05-17T05:29:02Z</time>
        <speed>0.78392196</speed>
      </trkpt>
      <trkpt lat="28.987135" lon="119.48734">
        <ele>143.02</ele>
        <time>2026-05-17T05:30:02Z</time>
        <speed>0.55178225</speed>
      </trkpt>
      <trkpt lat="28.98711" lon="119.487225">
        <ele>144.0</ele>
        <time>2026-05-17T05:30:46Z</time>
        <speed>1.0824609</speed>
      </trkpt>
      <trkpt lat="28.9870568" lon="119.4871382">
        <ele>145.42</ele>
        <time>2026-05-17T05:30:54Z</time>
        <speed>1.4036475</speed>
      </trkpt>
      <trkpt lat="28.9869973" lon="119.4870551">
        <ele>146.57</ele>
        <time>2026-05-17T05:31:06Z</time>
        <speed>0.9326767</speed>
      </trkpt>
      <trkpt lat="28.9869131" lon="119.4869658">
        <ele>146.89</ele>
        <time>2026-05-17T05:31:16Z</time>
        <speed>1.3140858</speed>
      </trkpt>
      <trkpt lat="28.9868382" lon="119.4868813">
        <ele>147.19</ele>
        <time>2026-05-17T05:31:24Z</time>
        <speed>1.5333575</speed>
      </trkpt>
      <trkpt lat="28.9867608" lon="119.4868184">
        <ele>147.8</ele>
        <time>2026-05-17T05:31:34Z</time>
        <speed>1.1437128</speed>
      </trkpt>
      <trkpt lat="28.9866643" lon="119.4867531">
        <ele>149.13</ele>
        <time>2026-05-17T05:31:54Z</time>
        <speed>0.6238433</speed>
      </trkpt>
      <trkpt lat="28.9865775" lon="119.4866793">
        <ele>149.94</ele>
        <time>2026-05-17T05:32:04Z</time>
        <speed>1.2662166</speed>
      </trkpt>
      <trkpt lat="28.9865243" lon="119.4866418">
        <ele>150.69</ele>
        <time>2026-05-17T05:32:22Z</time>
        <speed>0.0</speed>
      </trkpt>
      <trkpt lat="28.9864422" lon="119.486594">
        <ele>153.19</ele>
        <time>2026-05-17T05:32:40Z</time>
        <speed>0.9481183</speed>
      </trkpt>
      <trkpt lat="28.98653" lon="119.48653">
        <ele>154.18</ele>
        <time>2026-05-17T05:33:56Z</time>
        <speed>1.5199747</speed>
      </trkpt>
      <trkpt lat="28.98657" lon="119.4865317">
        <ele>154.62</ele>
        <time>2026-05-17T05:34:10Z</time>
        <speed>0.0</speed>
      </trkpt>
      <trkpt lat="28.9866565" lon="119.4865474">
        <ele>156.25</ele>
        <time>2026-05-17T05:34:56Z</time>
        <speed>0.7571564</speed>
      </trkpt>
      <trkpt lat="28.9867436" lon="119.4865258">
        <ele>157.17</ele>
        <time>2026-05-17T05:35:06Z</time>
        <speed>0.9846636</speed>
      </trkpt>
      <trkpt lat="28.9867295" lon="119.4864462">
        <ele>158.86</ele>
        <time>2026-05-17T05:35:16Z</time>
        <speed>1.1107706</speed>
      </trkpt>
      <trkpt lat="28.9866621" lon="119.4863654">
        <ele>161.42</ele>
        <time>2026-05-17T05:35:30Z</time>
        <speed>0.8178936</speed>
      </trkpt>
      <trkpt lat="28.9865633" lon="119.4863191">
        <ele>165.07</ele>
        <time>2026-05-17T05:36:00Z</time>
        <speed>0.3844975</speed>
      </trkpt>
      <trkpt lat="28.9864461" lon="119.4862916">
        <ele>167.1</ele>
        <time>2026-05-17T05:36:30Z</time>
        <speed>0.42361638</speed>
      </trkpt>
      <trkpt lat="28.9863494" lon="119.4862489">
        <ele>168.65</ele>
        <time>2026-05-17T05:36:42Z</time>
        <speed>0.7159786</speed>
      </trkpt>
      <trkpt lat="28.9862662" lon="119.4861967">
        <ele>169.88</ele>
        <time>2026-05-17T05:36:52Z</time>
        <speed>1.0351064</speed>
      </trkpt>
      <trkpt lat="28.9861736" lon="119.4861538">
        <ele>171.13</ele>
        <time>2026-05-17T05:37:06Z</time>
        <speed>0.93473554</speed>
      </trkpt>
      <trkpt lat="28.9860785" lon="119.4861135">
        <ele>172.93</ele>
        <time>2026-05-17T05:37:26Z</time>
        <speed>0.3633939</speed>
      </trkpt>
      <trkpt lat="28.9859941" lon="119.4860514">
        <ele>175.45</ele>
        <time>2026-05-17T05:37:46Z</time>
        <speed>0.52398723</speed>
      </trkpt>
      <trkpt lat="28.9859052" lon="119.4860212">
        <ele>177.41</ele>
        <time>2026-05-17T05:37:58Z</time>
        <speed>0.8544389</speed>
      </trkpt>
      <trkpt lat="28.9858104" lon="119.4860412">
        <ele>179.56</ele>
        <time>2026-05-17T05:38:10Z</time>
        <speed>0.79061335</speed>
      </trkpt>
      <trkpt lat="28.9857222" lon="119.4860134">
        <ele>181.68</ele>
        <time>2026-05-17T05:38:32Z</time>
        <speed>0.8719394</speed>
      </trkpt>
      <trkpt lat="28.9856293" lon="119.4859683">
        <ele>184.06</ele>
        <time>2026-05-17T05:38:44Z</time>
        <speed>0.84208554</speed>
      </trkpt>
      <trkpt lat="28.9855533" lon="119.4858991">
        <ele>186.27</ele>
        <time>2026-05-17T05:39:04Z</time>
        <speed>0.55178225</speed>
      </trkpt>
      <trkpt lat="28.985466" lon="119.4858349">
        <ele>187.49</ele>
        <time>2026-05-17T05:39:22Z</time>
        <speed>0.49876583</speed>
      </trkpt>
      <trkpt lat="28.9853839" lon="119.4857584">
        <ele>188.87</ele>
        <time>2026-05-17T05:39:34Z</time>
        <speed>0.8585567</speed>
      </trkpt>
      <trkpt lat="28.9853" lon="119.4856982">
        <ele>190.3</ele>
        <time>2026-05-17T05:39:54Z</time>
        <speed>0.19868279</speed>
      </trkpt>
      <trkpt lat="28.9852165" lon="119.4856475">
        <ele>192.97</ele>
        <time>2026-05-17T05:40:04Z</time>
        <speed>0.74789137</speed>
      </trkpt>
      <trkpt lat="28.9851345" lon="119.4855976">
        <ele>195.13</ele>
        <time>2026-05-17T05:40:30Z</time>
        <speed>0.7792894</speed>
      </trkpt>
      <trkpt lat="28.9850566" lon="119.4855347">
        <ele>196.37</ele>
        <time>2026-05-17T05:40:44Z</time>
        <speed>0.65627086</speed>
      </trkpt>
      <trkpt lat="28.9849815" lon="119.4854654">
        <ele>197.93</ele>
        <time>2026-05-17T05:40:56Z</time>
        <speed>0.82561445</speed>
      </trkpt>
      <trkpt lat="28.9849815" lon="119.4854654">
        <ele>197.93</ele>
        <time>2026-05-17T05:41:16Z</time>
        <speed>0.82561445</speed>
      </trkpt>
      <extensions>
        <PauseTimes>1778996476000:pause</PauseTimes>
      </extensions>
    </trkseg>
  </trk>
  <trk>
    <trkseg>
      <trkpt lat="28.9848417" lon="119.4855483">
        <ele>200.54</ele>
        <time>2026-05-17T05:44:34Z</time>
        <speed>0.5311933</speed>
      </trkpt>
      <trkpt lat="28.9848417" lon="119.4855483">
        <ele>200.54</ele>
        <time>2026-05-17T05:44:37Z</time>
        <speed>0.5311933</speed>
      </trkpt>
      <trkpt lat="28.9848417" lon="119.4855483">
        <ele>200.54</ele>
        <time>2026-05-17T05:44:46Z</time>
        <speed>0.5311933</speed>
      </trkpt>
      <extensions>
        <PauseTimes>1778996686000:pause</PauseTimes>
      </extensions>
    </trkseg>
  </trk>
  <trk>
    <trkseg>
      <trkpt lat="28.9849233" lon="119.48548">
        <ele>200.14</ele>
        <time>2026-05-17T05:44:47Z</time>
        <speed>0.24912556</speed>
      </trkpt>
      <trkpt lat="28.9849233" lon="119.48548">
        <ele>200.14</ele>
        <time>2026-05-17T05:44:54Z</time>
        <speed>0.24912556</speed>
      </trkpt>
      <trkpt lat="28.9850167" lon="119.4854683">
        <ele>201.84</ele>
        <time>2026-05-17T05:46:08Z</time>
        <speed>0.6531825</speed>
      </trkpt>
      <trkpt lat="28.984925" lon="119.4854483">
        <ele>203.89</ele>
        <time>2026-05-17T05:46:34Z</time>
        <speed>0.42567527</speed>
      </trkpt>
      <trkpt lat="28.984905" lon="119.4853367">
        <ele>205.31</ele>
        <time>2026-05-17T05:53:30Z</time>
        <speed>0.5625914</speed>
      </trkpt>
      <trkpt lat="28.9848267" lon="119.4852683">
        <ele>206.47</ele>
        <time>2026-05-17T05:53:50Z</time>
        <speed>0.41486612</speed>
      </trkpt>
      <trkpt lat="28.9847328" lon="119.4852381">
        <ele>208.29</ele>
        <time>2026-05-17T05:54:40Z</time>
        <speed>0.6238433</speed>
      </trkpt>
      <trkpt lat="28.9846401" lon="119.4852416">
        <ele>210.27</ele>
        <time>2026-05-17T05:54:56Z</time>
        <speed>0.67274195</speed>
      </trkpt>
      <trkpt lat="28.9845539" lon="119.4852884">
        <ele>212.0</ele>
        <time>2026-05-17T05:55:20Z</time>
        <speed>0.44986722</speed>
      </trkpt>
      <trkpt lat="28.9844167" lon="119.485285">
        <ele>214.33</ele>
        <time>2026-05-17T05:58:30Z</time>
        <speed>0.31603944</speed>
      </trkpt>
      <trkpt lat="28.98432" lon="119.4852783">
        <ele>220.51</ele>
        <time>2026-05-17T05:59:26Z</time>
        <speed>0.0</speed>
      </trkpt>
      <trkpt lat="28.9843683" lon="119.485155">
        <ele>226.74</ele>
        <time>2026-05-17T06:01:32Z</time>
        <speed>0.46530887</speed>
      </trkpt>
      <trkpt lat="28.9844267" lon="119.4850717">
        <ele>230.38</ele>
        <time>2026-05-17T06:01:42Z</time>
        <speed>0.64752054</speed>
      </trkpt>
      <trkpt lat="28.9845047" lon="119.4850137">
        <ele>234.13</ele>
        <time>2026-05-17T06:02:00Z</time>
        <speed>0.75355333</speed>
      </trkpt>
      <trkpt lat="28.9845902" lon="119.484977">
        <ele>236.83</ele>
        <time>2026-05-17T06:02:20Z</time>
        <speed>0.6629622</speed>
      </trkpt>
      <trkpt lat="28.9846733" lon="119.4849233">
        <ele>236.69</ele>
        <time>2026-05-17T06:04:20Z</time>
        <speed>0.5111192</speed>
      </trkpt>
      <trkpt lat="28.9847567" lon="119.484855">
        <ele>238.37</ele>
        <time>2026-05-17T06:06:38Z</time>
        <speed>0.6423733</speed>
      </trkpt>
      <trkpt lat="28.9848483" lon="119.4848033">
        <ele>240.53</ele>
        <time>2026-05-17T06:07:50Z</time>
        <speed>0.5795772</speed>
      </trkpt>
      <trkpt lat="28.98494" lon="119.4847583">
        <ele>242.8</ele>
        <time>2026-05-17T06:09:16Z</time>
        <speed>0.0</speed>
      </trkpt>
      <trkpt lat="28.9850533" lon="119.4846883">
        <ele>249.08</ele>
        <time>2026-05-17T06:13:04Z</time>
        <speed>0.30728915</speed>
      </trkpt>
      <trkpt lat="28.9851417" lon="119.48465">
        <ele>253.0</ele>
        <time>2026-05-17T06:18:04Z</time>
        <speed>0.39015946</speed>
      </trkpt>
      <trkpt lat="28.9852283" lon="119.48457">
        <ele>260.01</ele>
        <time>2026-05-17T06:21:50Z</time>
        <speed>0.0</speed>
      </trkpt>
      <trkpt lat="28.9853367" lon="119.4844383">
        <ele>271.06</ele>
        <time>2026-05-17T06:25:18Z</time>
        <speed>0.2944211</speed>
      </trkpt>
      <trkpt lat="28.9854217" lon="119.484355">
        <ele>281.23</ele>
        <time>2026-05-17T06:26:56Z</time>
        <speed>0.4586175</speed>
      </trkpt>
      <trkpt lat="28.9854633" lon="119.4842367">
        <ele>291.67</ele>
        <time>2026-05-17T06:29:10Z</time>
        <speed>0.27692056</speed>
      </trkpt>
      <trkpt lat="28.985565" lon="119.4842167">
        <ele>296.84</ele>
        <time>2026-05-17T06:31:50Z</time>
        <speed>0.27743527</speed>
      </trkpt>
      <trkpt lat="28.9856567" lon="119.4841967">
        <ele>301.77</ele>
        <time>2026-05-17T06:32:00Z</time>
        <speed>0.6140636</speed>
      </trkpt>
      <trkpt lat="28.9857483" lon="119.4842183">
        <ele>305.05</ele>
        <time>2026-05-17T06:33:08Z</time>
        <speed>0.61149</speed>
      </trkpt>
      <trkpt lat="28.9858417" lon="119.4842417">
        <ele>306.32</ele>
        <time>2026-05-17T06:40:44Z</time>
        <speed>0.31655416</speed>
      </trkpt>
      <trkpt lat="28.985935" lon="119.4842683">
        <ele>307.43</ele>
        <time>2026-05-17T06:40:52Z</time>
        <speed>1.2317302</speed>
      </trkpt>
      <trkpt lat="28.9859804" lon="119.4842851">
        <ele>306.51</ele>
        <time>2026-05-17T06:41:04Z</time>
        <speed>0.0</speed>
      </trkpt>
      <trkpt lat="28.9859221" lon="119.4842526">
        <ele>305.99</ele>
        <time>2026-05-17T06:41:32Z</time>
        <speed>0.89510196</speed>
      </trkpt>
      <trkpt lat="28.9858274" lon="119.4842296">
        <ele>307.41</ele>
        <time>2026-05-17T06:41:44Z</time>
        <speed>0.8786308</speed>
      </trkpt>
      <trkpt lat="28.9858671" lon="119.484228">
        <ele>309.95</ele>
        <time>2026-05-17T06:42:02Z</time>
        <speed>0.94657415</speed>
      </trkpt>
      <trkpt lat="28.9858017" lon="119.484225">
        <ele>310.44</ele>
        <time>2026-05-17T06:44:58Z</time>
        <speed>0.39221832</speed>
      </trkpt>
      <trkpt lat="28.9858917" lon="119.4842367">
        <ele>311.8</ele>
        <time>2026-05-17T06:49:28Z</time>
        <speed>0.7365675</speed>
      </trkpt>
      <trkpt lat="28.9859683" lon="119.484295">
        <ele>309.52</ele>
        <time>2026-05-17T06:49:56Z</time>
        <speed>0.75612694</speed>
      </trkpt>
      <trkpt lat="28.9860563" lon="119.4843167">
        <ele>307.36</ele>
        <time>2026-05-17T06:50:14Z</time>
        <speed>0.47045612</speed>
      </trkpt>
      <trkpt lat="28.9861475" lon="119.4843537">
        <ele>305.96</ele>
        <time>2026-05-17T06:50:36Z</time>
        <speed>0.8786308</speed>
      </trkpt>
      <trkpt lat="28.9862298" lon="119.4844117">
        <ele>304.34</ele>
        <time>2026-05-17T06:50:56Z</time>
        <speed>0.63156414</speed>
      </trkpt>
      <trkpt lat="28.9863149" lon="119.4844622">
        <ele>303.76</ele>
        <time>2026-05-17T06:51:22Z</time>
        <speed>0.5764889</speed>
      </trkpt>
      <trkpt lat="28.9864024" lon="119.4845002">
        <ele>303.61</ele>
        <time>2026-05-17T06:51:48Z</time>
        <speed>0.3402314</speed>
      </trkpt>
      <trkpt lat="28.9864909" lon="119.4845385">
        <ele>303.0</ele>
        <time>2026-05-17T06:52:00Z</time>
        <speed>0.78958386</speed>
      </trkpt>
      <trkpt lat="28.9865767" lon="119.4845883">
        <ele>303.3</ele>
        <time>2026-05-17T06:54:10Z</time>
        <speed>0.5028836</speed>
      </trkpt>
      <trkpt lat="28.9866767" lon="119.4845933">
        <ele>304.72</ele>
        <time>2026-05-17T06:55:28Z</time>
        <speed>0.45913222</speed>
      </trkpt>
      <trkpt lat="28.9867683" lon="119.4845467">
        <ele>305.96</ele>
        <time>2026-05-17T06:56:00Z</time>
        <speed>0.59296</speed>
      </trkpt>
      <trkpt lat="28.98686" lon="119.4845254">
        <ele>307.01</ele>
        <time>2026-05-17T06:56:30Z</time>
        <speed>1.0073113</speed>
      </trkpt>
      <trkpt lat="28.9869144" lon="119.484533">
        <ele>307.01</ele>
        <time>2026-05-17T06:56:44Z</time>
        <speed>0.0</speed>
      </trkpt>
      <trkpt lat="28.9868555" lon="119.4845511">
        <ele>307.91</ele>
        <time>2026-05-17T06:57:40Z</time>
        <speed>0.69693387</speed>
      </trkpt>
      <trkpt lat="28.9869033" lon="119.4845417">
        <ele>307.65</ele>
        <time>2026-05-17T06:58:40Z</time>
        <speed>0.9326767</speed>
      </trkpt>
      <trkpt lat="28.9868133" lon="119.4845683">
        <ele>308.36</ele>
        <time>2026-05-17T07:03:28Z</time>
        <speed>0.7180375</speed>
      </trkpt>
      <trkpt lat="28.986785" lon="119.4844683">
        <ele>308.98</ele>
        <time>2026-05-17T07:14:04Z</time>
        <speed>0.56156194</speed>
      </trkpt>
      <trkpt lat="28.9868433" lon="119.4845467">
        <ele>305.24</ele>
        <time>2026-05-17T07:16:20Z</time>
        <speed>0.0</speed>
      </trkpt>
      <trkpt lat="28.9869283" lon="119.4844933">
        <ele>298.0</ele>
        <time>2026-05-17T07:16:54Z</time>
        <speed>0.24964027</speed>
      </trkpt>
      <trkpt lat="28.9870183" lon="119.4845017">
        <ele>298.0</ele>
        <time>2026-05-17T07:18:08Z</time>
        <speed>0.33714306</speed>
      </trkpt>
      <trkpt lat="28.9871167" lon="119.4845317">
        <ele>297.48</ele>
        <time>2026-05-17T07:18:58Z</time>
        <speed>0.37162945</speed>
      </trkpt>
      <trkpt lat="28.9872122" lon="119.4845165">
        <ele>299.0</ele>
        <time>2026-05-17T07:19:32Z</time>
        <speed>0.7221553</speed>
      </trkpt>
      <trkpt lat="28.9873059" lon="119.484505">
        <ele>301.23</ele>
        <time>2026-05-17T07:20:02Z</time>
        <speed>0.8827486</speed>
      </trkpt>
      <trkpt lat="28.9873966" lon="119.4844843">
        <ele>300.66</ele>
        <time>2026-05-17T07:20:32Z</time>
        <speed>0.69538975</speed>
      </trkpt>
      <trkpt lat="28.9874849" lon="119.4844921">
        <ele>301.15</ele>
        <time>2026-05-17T07:21:20Z</time>
        <speed>0.45552915</speed>
      </trkpt>
      <trkpt lat="28.987515" lon="119.4845983">
        <ele>302.89</ele>
        <time>2026-05-17T07:22:22Z</time>
        <speed>0.5975925</speed>
      </trkpt>
      <trkpt lat="28.9875683" lon="119.4846817">
        <ele>300.31</ele>
        <time>2026-05-17T07:22:48Z</time>
        <speed>0.639285</speed>
      </trkpt>
      <trkpt lat="28.9876132" lon="119.4847904">
        <ele>300.09</ele>
        <time>2026-05-17T07:23:44Z</time>
        <speed>0.27383223</speed>
      </trkpt>
      <trkpt lat="28.9876772" lon="119.4848701">
        <ele>300.74</ele>
        <time>2026-05-17T07:24:08Z</time>
        <speed>0.5728858</speed>
      </trkpt>
      <trkpt lat="28.9876969" lon="119.4849673">
        <ele>299.61</ele>
        <time>2026-05-17T07:24:28Z</time>
        <speed>0.70053697</speed>
      </trkpt>
      <trkpt lat="28.987764" lon="119.4850175">
        <ele>297.28</ele>
        <time>2026-05-17T07:24:54Z</time>
        <speed>0.64597636</speed>
      </trkpt>
      <trkpt lat="28.9878604" lon="119.4850137">
        <ele>297.07</ele>
        <time>2026-05-17T07:25:18Z</time>
        <speed>0.5697975</speed>
      </trkpt>
      <trkpt lat="28.9879496" lon="119.4850439">
        <ele>295.41</ele>
        <time>2026-05-17T07:25:28Z</time>
        <speed>0.8065697</speed>
      </trkpt>
      <trkpt lat="28.9880451" lon="119.4850381">
        <ele>294.59</ele>
        <time>2026-05-17T07:25:44Z</time>
        <speed>0.60325444</speed>
      </trkpt>
      <trkpt lat="28.9881419" lon="119.4850345">
        <ele>294.81</ele>
        <time>2026-05-17T07:26:12Z</time>
        <speed>0.52398723</speed>
      </trkpt>
      <trkpt lat="28.98822" lon="119.4851083">
        <ele>295.28</ele>
        <time>2026-05-17T07:27:56Z</time>
        <speed>0.55229694</speed>
      </trkpt>
      <trkpt lat="28.98829" lon="119.4851783">
        <ele>291.85</ele>
        <time>2026-05-17T07:28:38Z</time>
        <speed>0.398395</speed>
      </trkpt>
      <trkpt lat="28.9883833" lon="119.4852417">
        <ele>289.29</ele>
        <time>2026-05-17T07:30:12Z</time>
        <speed>0.24500778</speed>
      </trkpt>
      <trkpt lat="28.988465" lon="119.485325">
        <ele>287.01</ele>
        <time>2026-05-17T07:30:36Z</time>
        <speed>0.66193277</speed>
      </trkpt>
      <trkpt lat="28.9885354" lon="119.4853942">
        <ele>284.64</ele>
        <time>2026-05-17T07:30:48Z</time>
        <speed>0.7056842</speed>
      </trkpt>
      <trkpt lat="28.988605" lon="119.485455">
        <ele>283.16</ele>
        <time>2026-05-17T07:32:00Z</time>
        <speed>0.46736777</speed>
      </trkpt>
      <trkpt lat="28.9886733" lon="119.4855383">
        <ele>281.84</ele>
        <time>2026-05-17T07:32:14Z</time>
        <speed>0.7983342</speed>
      </trkpt>
      <trkpt lat="28.9887417" lon="119.4856174">
        <ele>280.84</ele>
        <time>2026-05-17T07:32:50Z</time>
        <speed>0.5595031</speed>
      </trkpt>
      <trkpt lat="28.9888229" lon="119.4856636">
        <ele>281.04</ele>
        <time>2026-05-17T07:33:18Z</time>
        <speed>0.5260461</speed>
      </trkpt>
      <trkpt lat="28.988915" lon="119.4856333">
        <ele>282.57</ele>
        <time>2026-05-17T07:36:04Z</time>
        <speed>0.342805</speed>
      </trkpt>
      <trkpt lat="28.9890033" lon="119.4856567">
        <ele>282.2</ele>
        <time>2026-05-17T07:36:56Z</time>
        <speed>0.44369057</speed>
      </trkpt>
      <trkpt lat="28.9890931" lon="119.4856701">
        <ele>279.92</ele>
        <time>2026-05-17T07:37:36Z</time>
        <speed>0.5739153</speed>
      </trkpt>
      <trkpt lat="28.9891783" lon="119.4856233">
        <ele>278.71</ele>
        <time>2026-05-17T07:38:42Z</time>
        <speed>0.29081807</speed>
      </trkpt>
      <trkpt lat="28.9892433" lon="119.48555">
        <ele>274.01</ele>
        <time>2026-05-17T07:39:04Z</time>
        <speed>0.5492086</speed>
      </trkpt>
      <trkpt lat="28.989321" lon="119.4854908">
        <ele>270.91</ele>
        <time>2026-05-17T07:39:16Z</time>
        <speed>0.71855223</speed>
      </trkpt>
      <trkpt lat="28.9894074" lon="119.4854482">
        <ele>268.24</ele>
        <time>2026-05-17T07:39:36Z</time>
        <speed>0.46479416</speed>
      </trkpt>
      <trkpt lat="28.9894702" lon="119.485377">
        <ele>266.33</ele>
        <time>2026-05-17T07:39:48Z</time>
        <speed>0.6145783</speed>
      </trkpt>
      <trkpt lat="28.9895354" lon="119.4853061">
        <ele>265.67</ele>
        <time>2026-05-17T07:40:12Z</time>
        <speed>0.7257583</speed>
      </trkpt>
      <trkpt lat="28.9895884" lon="119.4852149">
        <ele>265.51</ele>
        <time>2026-05-17T07:40:28Z</time>
        <speed>0.59193057</speed>
      </trkpt>
      <trkpt lat="28.9896499" lon="119.4851267">
        <ele>264.65</ele>
        <time>2026-05-17T07:40:42Z</time>
        <speed>0.73965585</speed>
      </trkpt>
      <trkpt lat="28.9897329" lon="119.4850723">
        <ele>263.9</ele>
        <time>2026-05-17T07:40:52Z</time>
        <speed>0.9537803</speed>
      </trkpt>
      <trkpt lat="28.9898261" lon="119.485057">
        <ele>263.17</ele>
        <time>2026-05-17T07:41:04Z</time>
        <speed>0.94245636</speed>
      </trkpt>
      <trkpt lat="28.9899182" lon="119.485022">
        <ele>262.23</ele>
        <time>2026-05-17T07:41:18Z</time>
        <speed>0.8302469</speed>
      </trkpt>
      <trkpt lat="28.9900075" lon="119.4849806">
        <ele>260.8</ele>
        <time>2026-05-17T07:41:34Z</time>
        <speed>0.94605947</speed>
      </trkpt>
      <trkpt lat="28.9900813" lon="119.4849112">
        <ele>259.04</ele>
        <time>2026-05-17T07:42:22Z</time>
        <speed>0.0</speed>
      </trkpt>
      <trkpt lat="28.9901233" lon="119.4848117">
        <ele>255.32</ele>
        <time>2026-05-17T07:44:56Z</time>
        <speed>0.398395</speed>
      </trkpt>
      <trkpt lat="28.9902033" lon="119.4847583">
        <ele>251.01</ele>
        <time>2026-05-17T07:46:00Z</time>
        <speed>0.70414</speed>
      </trkpt>
      <trkpt lat="28.9902883" lon="119.484705">
        <ele>246.45</ele>
        <time>2026-05-17T07:47:14Z</time>
        <speed>0.5538411</speed>
      </trkpt>
      <trkpt lat="28.9903333" lon="119.4845967">
        <ele>244.06</ele>
        <time>2026-05-17T07:51:02Z</time>
        <speed>0.18684417</speed>
      </trkpt>
      <trkpt lat="28.990395" lon="119.4845167">
        <ele>240.03</ele>
        <time>2026-05-17T07:51:42Z</time>
        <speed>0.0</speed>
      </trkpt>
      <trkpt lat="28.9904863" lon="119.4844973">
        <ele>235.98</ele>
        <time>2026-05-17T07:52:02Z</time>
        <speed>0.5111192</speed>
      </trkpt>
      <trkpt lat="28.9905905" lon="119.4845144">
        <ele>232.5</ele>
        <time>2026-05-17T07:52:14Z</time>
        <speed>0.78701025</speed>
      </trkpt>
      <trkpt lat="28.9906914" lon="119.4845207">
        <ele>230.14</ele>
        <time>2026-05-17T07:52:20Z</time>
        <speed>1.2857761</speed>
      </trkpt>
      <trkpt lat="28.9907866" lon="119.4845299">
        <ele>227.97</ele>
        <time>2026-05-17T07:52:28Z</time>
        <speed>1.3794556</speed>
      </trkpt>
      <trkpt lat="28.9908742" lon="119.4845027">
        <ele>225.96</ele>
        <time>2026-05-17T07:52:40Z</time>
        <speed>1.0613573</speed>
      </trkpt>
      <trkpt lat="28.9909639" lon="119.4844538">
        <ele>224.64</ele>
        <time>2026-05-17T07:52:52Z</time>
        <speed>0.84980637</speed>
      </trkpt>
      <trkpt lat="28.9910574" lon="119.4844048">
        <ele>222.13</ele>
        <time>2026-05-17T07:53:06Z</time>
        <speed>1.1534925</speed>
      </trkpt>
      <trkpt lat="28.9911574" lon="119.4843891">
        <ele>219.49</ele>
        <time>2026-05-17T07:53:18Z</time>
        <speed>1.191582</speed>
      </trkpt>
      <trkpt lat="28.9912533" lon="119.4844041">
        <ele>217.52</ele>
        <time>2026-05-17T07:53:28Z</time>
        <speed>0.98775196</speed>
      </trkpt>
      <trkpt lat="28.9913523" lon="119.4843991">
        <ele>215.49</ele>
        <time>2026-05-17T07:53:38Z</time>
        <speed>1.0268708</speed>
      </trkpt>
      <trkpt lat="28.9914186" lon="119.4843305">
        <ele>213.69</ele>
        <time>2026-05-17T07:53:50Z</time>
        <speed>1.18592</speed>
      </trkpt>
      <trkpt lat="28.9915091" lon="119.4843075">
        <ele>212.23</ele>
        <time>2026-05-17T07:54:16Z</time>
        <speed>0.7082578</speed>
      </trkpt>
      <trkpt lat="28.9915989" lon="119.4843496">
        <ele>210.88</ele>
        <time>2026-05-17T07:54:32Z</time>
        <speed>0.7375969</speed>
      </trkpt>
      <trkpt lat="28.9916579" lon="119.4844335">
        <ele>208.05</ele>
        <time>2026-05-17T07:54:42Z</time>
        <speed>1.0309886</speed>
      </trkpt>
      <trkpt lat="28.9916993" lon="119.4845351">
        <ele>205.49</ele>
        <time>2026-05-17T07:54:54Z</time>
        <speed>1.1133442</speed>
      </trkpt>
      <trkpt lat="28.9916819" lon="119.4846087">
        <ele>203.82</ele>
        <time>2026-05-17T07:55:18Z</time>
        <speed>0.0</speed>
      </trkpt>
      <trkpt lat="28.9917476" lon="119.484635">
        <ele>202.39</ele>
        <time>2026-05-17T07:55:40Z</time>
        <speed>1.1524631</speed>
      </trkpt>
      <trkpt lat="28.9918265" lon="119.4845924">
        <ele>202.57</ele>
        <time>2026-05-17T07:55:54Z</time>
        <speed>1.0407684</speed>
      </trkpt>
      <trkpt lat="28.9918453" lon="119.4845822">
        <ele>202.41</ele>
        <time>2026-05-17T07:56:04Z</time>
        <speed>0.0</speed>
      </trkpt>
      <trkpt lat="28.9918752" lon="119.4845076">
        <ele>201.29</ele>
        <time>2026-05-17T07:56:42Z</time>
        <speed>0.56928277</speed>
      </trkpt>
      <trkpt lat="28.9919415" lon="119.4845193">
        <ele>199.7</ele>
        <time>2026-05-17T07:56:52Z</time>
        <speed>1.2971</speed>
      </trkpt>
      <trkpt lat="28.9920229" lon="119.4845916">
        <ele>198.24</ele>
        <time>2026-05-17T07:57:02Z</time>
        <speed>1.4314425</speed>
      </trkpt>
      <trkpt lat="28.9921145" lon="119.4846534">
        <ele>196.07</ele>
        <time>2026-05-17T07:57:28Z</time>
        <speed>0.47405916</speed>
      </trkpt>
      <trkpt lat="28.9921053" lon="119.4847405">
        <ele>193.42</ele>
        <time>2026-05-17T07:57:48Z</time>
        <speed>0.44523472</speed>
      </trkpt>
      <trkpt lat="28.9921643" lon="119.4848023">
        <ele>191.09</ele>
        <time>2026-05-17T07:58:18Z</time>
        <speed>0.78958386</speed>
      </trkpt>
      <trkpt lat="28.9922467" lon="119.48484">
        <ele>189.07</ele>
        <time>2026-05-17T07:58:50Z</time>
        <speed>0.66605055</speed>
      </trkpt>
      <trkpt lat="28.9922274" lon="119.484909">
        <ele>185.34</ele>
        <time>2026-05-17T07:59:10Z</time>
        <speed>0.37317362</speed>
      </trkpt>
      <trkpt lat="28.9921579" lon="119.4849822">
        <ele>183.04</ele>
        <time>2026-05-17T07:59:24Z</time>
        <speed>0.5785478</speed>
      </trkpt>
      <trkpt lat="28.9920732" lon="119.485047">
        <ele>181.09</ele>
        <time>2026-05-17T07:59:40Z</time>
        <speed>0.48280945</speed>
      </trkpt>
      <trkpt lat="28.9921135" lon="119.4850893">
        <ele>176.1</ele>
        <time>2026-05-17T07:59:56Z</time>
        <speed>1.1993028</speed>
      </trkpt>
      <trkpt lat="28.9922066" lon="119.4851109">
        <ele>172.88</ele>
        <time>2026-05-17T08:00:14Z</time>
        <speed>0.87091</speed>
      </trkpt>
      <trkpt lat="28.9923154" lon="119.4851212">
        <ele>170.91</ele>
        <time>2026-05-17T08:00:36Z</time>
        <speed>0.5368553</speed>
      </trkpt>
      <trkpt lat="28.9924219" lon="119.4850853">
        <ele>168.84</ele>
        <time>2026-05-17T08:00:50Z</time>
        <speed>0.65627086</speed>
      </trkpt>
      <trkpt lat="28.9925126" lon="119.4850304">
        <ele>166.76</ele>
        <time>2026-05-17T08:01:04Z</time>
        <speed>0.7031106</speed>
      </trkpt>
      <trkpt lat="28.9925967" lon="119.4849732">
        <ele>164.63</ele>
        <time>2026-05-17T08:01:22Z</time>
        <speed>0.6104606</speed>
      </trkpt>
      <trkpt lat="28.9926822" lon="119.4849254">
        <ele>162.08</ele>
        <time>2026-05-17T08:01:40Z</time>
        <speed>0.54406136</speed>
      </trkpt>
      <trkpt lat="28.9927708" lon="119.4848715">
        <ele>159.94</ele>
        <time>2026-05-17T08:01:52Z</time>
        <speed>0.8559831</speed>
      </trkpt>
      <trkpt lat="28.9928596" lon="119.4848257">
        <ele>158.46</ele>
        <time>2026-05-17T08:01:58Z</time>
        <speed>1.4566638</speed>
      </trkpt>
      <trkpt lat="28.9929557" lon="119.4848234">
        <ele>157.4</ele>
        <time>2026-05-17T08:02:22Z</time>
        <speed>0.79112804</speed>
      </trkpt>
      <trkpt lat="28.9930168" lon="119.4847592">
        <ele>154.56</ele>
        <time>2026-05-17T08:02:34Z</time>
        <speed>0.8878958</speed>
      </trkpt>
      <trkpt lat="28.9930911" lon="119.4847701">
        <ele>151.52</ele>
        <time>2026-05-17T08:03:00Z</time>
        <speed>0.7674508</speed>
      </trkpt>
      <trkpt lat="28.9931683" lon="119.4847233">
        <ele>147.73</ele>
        <time>2026-05-17T08:05:26Z</time>
        <speed>0.43030778</speed>
      </trkpt>
      <trkpt lat="28.9932533" lon="119.4847567">
        <ele>142.55</ele>
        <time>2026-05-17T08:05:44Z</time>
        <speed>0.4838389</speed>
      </trkpt>
      <trkpt lat="28.99336" lon="119.4847883">
        <ele>138.49</ele>
        <time>2026-05-17T08:07:18Z</time>
        <speed>0.6881836</speed>
      </trkpt>
      <trkpt lat="28.9934517" lon="119.4848017">
        <ele>134.19</ele>
        <time>2026-05-17T08:07:26Z</time>
        <speed>1.3943825</speed>
      </trkpt>
      <trkpt lat="28.9935067" lon="119.4847149">
        <ele>130.93</ele>
        <time>2026-05-17T08:07:42Z</time>
        <speed>1.01915</speed>
      </trkpt>
      <trkpt lat="28.9934535" lon="119.4846219">
        <ele>127.77</ele>
        <time>2026-05-17T08:08:06Z</time>
        <speed>0.6639917</speed>
      </trkpt>
      <trkpt lat="28.9934179" lon="119.4845165">
        <ele>124.69</ele>
        <time>2026-05-17T08:08:14Z</time>
        <speed>1.1529778</speed>
      </trkpt>
      <trkpt lat="28.9934147" lon="119.4844494">
        <ele>121.81</ele>
        <time>2026-05-17T08:08:40Z</time>
        <speed>0.0</speed>
      </trkpt>
      <trkpt lat="28.9934771" lon="119.4843996">
        <ele>119.7</ele>
        <time>2026-05-17T08:09:04Z</time>
        <speed>0.8909842</speed>
      </trkpt>
      <trkpt lat="28.9935233" lon="119.4843052">
        <ele>118.71</ele>
        <time>2026-05-17T08:09:12Z</time>
        <speed>1.2826878</speed>
      </trkpt>
      <trkpt lat="28.9935184" lon="119.484198">
        <ele>118.1</ele>
        <time>2026-05-17T08:09:22Z</time>
        <speed>0.9645894</speed>
      </trkpt>
      <trkpt lat="28.9934974" lon="119.4840765">
        <ele>117.41</ele>
        <time>2026-05-17T08:09:38Z</time>
        <speed>0.8729689</speed>
      </trkpt>
      <trkpt lat="28.9934728" lon="119.4839652">
        <ele>115.77</ele>
        <time>2026-05-17T08:09:50Z</time>
        <speed>0.77723056</speed>
      </trkpt>
      <trkpt lat="28.9934702" lon="119.483858">
        <ele>113.76</ele>
        <time>2026-05-17T08:10:08Z</time>
        <speed>0.42310166</speed>
      </trkpt>
      <trkpt lat="28.9934481" lon="119.4837538">
        <ele>110.68</ele>
        <time>2026-05-17T08:10:30Z</time>
        <speed>0.27897945</speed>
      </trkpt>
      <trkpt lat="28.9934309" lon="119.4836469">
        <ele>107.64</ele>
        <time>2026-05-17T08:10:44Z</time>
        <speed>0.8127464</speed>
      </trkpt>
      <trkpt lat="28.993405" lon="119.4835439">
        <ele>105.04</ele>
        <time>2026-05-17T08:10:56Z</time>
        <speed>1.03768</speed>
      </trkpt>
      <trkpt lat="28.9933774" lon="119.483426">
        <ele>102.79</ele>
        <time>2026-05-17T08:11:08Z</time>
        <speed>1.2049648</speed>
      </trkpt>
      <trkpt lat="28.9933421" lon="119.4833213">
        <ele>100.77</ele>
        <time>2026-05-17T08:11:16Z</time>
        <speed>1.5704175</speed>
      </trkpt>
      <trkpt lat="28.9933195" lon="119.4832133">
        <ele>99.36</ele>
        <time>2026-05-17T08:11:30Z</time>
        <speed>0.7283319</speed>
      </trkpt>
      <trkpt lat="28.99341" lon="119.4831767">
        <ele>97.79</ele>
        <time>2026-05-17T08:12:48Z</time>
        <speed>0.6758303</speed>
      </trkpt>
      <trkpt lat="28.99347" lon="119.4832667">
        <ele>95.47</ele>
        <time>2026-05-17T08:13:10Z</time>
        <speed>1.0428272</speed>
      </trkpt>
      <trkpt lat="28.9935399" lon="119.4833482">
        <ele>93.07</ele>
        <time>2026-05-17T08:13:18Z</time>
        <speed>1.3377631</speed>
      </trkpt>
      <trkpt lat="28.9936051" lon="119.4834463">
        <ele>92.35</ele>
        <time>2026-05-17T08:13:28Z</time>
        <speed>0.98775196</speed>
      </trkpt>
      <trkpt lat="28.9936688" lon="119.4835294">
        <ele>93.06</ele>
        <time>2026-05-17T08:13:38Z</time>
        <speed>1.0773137</speed>
      </trkpt>
      <trkpt lat="28.9937246" lon="119.4836155">
        <ele>92.35</ele>
        <time>2026-05-17T08:13:46Z</time>
        <speed>1.287835</speed>
      </trkpt>
      <trkpt lat="28.99378" lon="119.4836993">
        <ele>92.33</ele>
        <time>2026-05-17T08:13:54Z</time>
        <speed>1.2610694</speed>
      </trkpt>
      <trkpt lat="28.993822" lon="119.4838062">
        <ele>91.63</ele>
        <time>2026-05-17T08:14:02Z</time>
        <speed>1.35269</speed>
      </trkpt>
      <trkpt lat="28.9938857" lon="119.4839029">
        <ele>90.8</ele>
        <time>2026-05-17T08:14:22Z</time>
        <speed>1.054151</speed>
      </trkpt>
      <trkpt lat="28.9939556" lon="119.483976">
        <ele>90.15</ele>
        <time>2026-05-17T08:14:30Z</time>
        <speed>1.2816583</speed>
      </trkpt>
      <trkpt lat="28.9940259" lon="119.4840465">
        <ele>89.87</ele>
        <time>2026-05-17T08:14:46Z</time>
        <speed>0.9928992</speed>
      </trkpt>
      <trkpt lat="28.994078" lon="119.4841463">
        <ele>89.07</ele>
        <time>2026-05-17T08:14:58Z</time>
        <speed>0.7154639</speed>
      </trkpt>
      <trkpt lat="28.9941119" lon="119.4842687">
        <ele>88.35</ele>
        <time>2026-05-17T08:15:12Z</time>
        <speed>0.93833864</speed>
      </trkpt>
      <trkpt lat="28.9941511" lon="119.4843783">
        <ele>88.41</ele>
        <time>2026-05-17T08:15:20Z</time>
        <speed>1.3562931</speed>
      </trkpt>
      <trkpt lat="28.9941949" lon="119.4844913">
        <ele>88.67</ele>
        <time>2026-05-17T08:15:40Z</time>
        <speed>1.0876081</speed>
      </trkpt>
      <trkpt lat="28.9942159" lon="119.4846015">
        <ele>89.37</ele>
        <time>2026-05-17T08:15:50Z</time>
        <speed>1.1385655</speed>
      </trkpt>
      <trkpt lat="28.9942272" lon="119.4847204">
        <ele>90.37</ele>
        <time>2026-05-17T08:16:00Z</time>
        <speed>1.4298984</speed>
      </trkpt>
      <trkpt lat="28.9941861" lon="119.4848299">
        <ele>90.56</ele>
        <time>2026-05-17T08:16:10Z</time>
        <speed>1.3985003</speed>
      </trkpt>
      <trkpt lat="28.9941635" lon="119.4849392">
        <ele>90.53</ele>
        <time>2026-05-17T08:16:20Z</time>
        <speed>1.195185</speed>
      </trkpt>
      <trkpt lat="28.9941372" lon="119.4850537">
        <ele>89.87</ele>
        <time>2026-05-17T08:16:30Z</time>
        <speed>1.1637869</speed>
      </trkpt>
      <trkpt lat="28.9941005" lon="119.4851603">
        <ele>89.15</ele>
        <time>2026-05-17T08:16:46Z</time>
        <speed>0.83385</speed>
      </trkpt>
      <trkpt lat="28.9940732" lon="119.485265">
        <ele>89.47</ele>
        <time>2026-05-17T08:16:54Z</time>
        <speed>1.09327</speed>
      </trkpt>
      <trkpt lat="28.9940589" lon="119.4853681">
        <ele>89.74</ele>
        <time>2026-05-17T08:17:04Z</time>
        <speed>1.0649602</speed>
      </trkpt>
      <trkpt lat="28.9940782" lon="119.4854796">
        <ele>89.81</ele>
        <time>2026-05-17T08:17:14Z</time>
        <speed>1.2842319</speed>
      </trkpt>
      <trkpt lat="28.9940903" lon="119.4855932">
        <ele>89.68</ele>
        <time>2026-05-17T08:17:24Z</time>
        <speed>1.1483452</speed>
      </trkpt>
      <trkpt lat="28.9940974" lon="119.4857135">
        <ele>89.21</ele>
        <time>2026-05-17T08:17:34Z</time>
        <speed>1.2487161</speed>
      </trkpt>
      <trkpt lat="28.994102" lon="119.4858272">
        <ele>88.91</ele>
        <time>2026-05-17T08:17:44Z</time>
        <speed>1.1133442</speed>
      </trkpt>
      <trkpt lat="28.9941131" lon="119.4859317">
        <ele>89.12</ele>
        <time>2026-05-17T08:17:52Z</time>
        <speed>1.2986442</speed>
      </trkpt>
      <trkpt lat="28.9941027" lon="119.4859577">
        <ele>88.59</ele>
        <time>2026-05-17T08:18:12Z</time>
        <speed>0.0</speed>
      </trkpt>
      <trkpt lat="28.9941043" lon="119.4860408">
        <ele>86.7</ele>
        <time>2026-05-17T08:18:56Z</time>
        <speed>0.61149</speed>
      </trkpt>
      <trkpt lat="28.9941137" lon="119.4861431">
        <ele>85.84</ele>
        <time>2026-05-17T08:19:08Z</time>
        <speed>0.83487946</speed>
      </trkpt>
      <trkpt lat="28.9941534" lon="119.4862454">
        <ele>85.57</ele>
        <time>2026-05-17T08:19:18Z</time>
        <speed>1.1550367</speed>
      </trkpt>
      <trkpt lat="28.9942087" lon="119.4863439">
        <ele>85.45</ele>
        <time>2026-05-17T08:19:30Z</time>
        <speed>0.9630453</speed>
      </trkpt>
      <trkpt lat="28.994274" lon="119.4864289">
        <ele>84.57</ele>
        <time>2026-05-17T08:19:40Z</time>
        <speed>1.0819461</speed>
      </trkpt>
      <trkpt lat="28.9943474" lon="119.4865087">
        <ele>83.12</ele>
        <time>2026-05-17T08:19:52Z</time>
        <speed>0.935765</speed>
      </trkpt>
      <trkpt lat="28.9944334" lon="119.4865673">
        <ele>81.56</ele>
        <time>2026-05-17T08:20:02Z</time>
        <speed>0.9481183</speed>
      </trkpt>
      <trkpt lat="28.9945191" lon="119.4866126">
        <ele>80.8</ele>
        <time>2026-05-17T08:20:10Z</time>
        <speed>1.1601839</speed>
      </trkpt>
      <trkpt lat="28.9946195" lon="119.4866368">
        <ele>80.8</ele>
        <time>2026-05-17T08:20:20Z</time>
        <speed>1.191582</speed>
      </trkpt>
      <trkpt lat="28.9947109" lon="119.4866625">
        <ele>81.88</ele>
        <time>2026-05-17T08:20:38Z</time>
        <speed>0.0</speed>
      </trkpt>
      <trkpt lat="28.994789" lon="119.4867207">
        <ele>82.92</ele>
        <time>2026-05-17T08:21:14Z</time>
        <speed>0.5502381</speed>
      </trkpt>
      <trkpt lat="28.9948521" lon="119.486818">
        <ele>83.3</ele>
        <time>2026-05-17T08:21:22Z</time>
        <speed>1.330557</speed>
      </trkpt>
      <trkpt lat="28.9949053" lon="119.4869158">
        <ele>83.77</ele>
        <time>2026-05-17T08:21:28Z</time>
        <speed>2.01977</speed>
      </trkpt>
      <trkpt lat="28.994965" lon="119.487016">
        <ele>85.03</ele>
        <time>2026-05-17T08:21:38Z</time>
        <speed>1.411883</speed>
      </trkpt>
      <trkpt lat="28.9949992" lon="119.4870692">
        <ele>87.25</ele>
        <time>2026-05-17T08:21:50Z</time>
        <speed>0.0</speed>
      </trkpt>
      <trkpt lat="28.9950333" lon="119.4871594">
        <ele>87.62</ele>
        <time>2026-05-17T08:22:02Z</time>
        <speed>0.917235</speed>
      </trkpt>
      <trkpt lat="28.9950601" lon="119.4872665">
        <ele>87.14</ele>
        <time>2026-05-17T08:22:14Z</time>
        <speed>0.93164724</speed>
      </trkpt>
      <trkpt lat="28.9950674" lon="119.4873775">
        <ele>85.53</ele>
        <time>2026-05-17T08:22:24Z</time>
        <speed>1.0659897</speed>
      </trkpt>
      <trkpt lat="28.995041" lon="119.4874798">
        <ele>84.31</ele>
        <time>2026-05-17T08:22:40Z</time>
        <speed>0.806055</speed>
      </trkpt>
      <trkpt lat="28.9950664" lon="119.487598">
        <ele>83.66</ele>
        <time>2026-05-17T08:22:48Z</time>
        <speed>1.4494578</speed>
      </trkpt>
      <trkpt lat="28.9950882" lon="119.4877094">
        <ele>83.72</ele>
        <time>2026-05-17T08:22:54Z</time>
        <speed>1.7114514</speed>
      </trkpt>
      <trkpt lat="28.9951437" lon="119.4878087">
        <ele>83.93</ele>
        <time>2026-05-17T08:23:00Z</time>
        <speed>1.8015277</speed>
      </trkpt>
      <trkpt lat="28.9951859" lon="119.487931">
        <ele>83.92</ele>
        <time>2026-05-17T08:23:06Z</time>
        <speed>2.069698</speed>
      </trkpt>
      <trkpt lat="28.9952022" lon="119.4880548">
        <ele>83.99</ele>
        <time>2026-05-17T08:23:12Z</time>
        <speed>2.0594037</speed>
      </trkpt>
      <trkpt lat="28.9952225" lon="119.4881758">
        <ele>84.99</ele>
        <time>2026-05-17T08:23:20Z</time>
        <speed>1.7793947</speed>
      </trkpt>
      <trkpt lat="28.995258" lon="119.4882775">
        <ele>85.68</ele>
        <time>2026-05-17T08:23:38Z</time>
        <speed>0.8544389</speed>
      </trkpt>
      <trkpt lat="28.9952881" lon="119.4883746">
        <ele>85.47</ele>
        <time>2026-05-17T08:23:46Z</time>
        <speed>1.2842319</speed>
      </trkpt>
      <trkpt lat="28.9953571" lon="119.4884422">
        <ele>85.36</ele>
        <time>2026-05-17T08:24:04Z</time>
        <speed>0.6645064</speed>
      </trkpt>
      <trkpt lat="28.9954652" lon="119.4884823">
        <ele>85.76</ele>
        <time>2026-05-17T08:24:26Z</time>
        <speed>1.0289297</speed>
      </trkpt>
      <trkpt lat="28.9955642" lon="119.488518">
        <ele>86.08</ele>
        <time>2026-05-17T08:24:32Z</time>
        <speed>1.4165156</speed>
      </trkpt>
      <trkpt lat="28.9956465" lon="119.4885986">
        <ele>86.09</ele>
        <time>2026-05-17T08:24:40Z</time>
        <speed>1.3068798</speed>
      </trkpt>
      <trkpt lat="28.9957416" lon="119.4886785">
        <ele>85.23</ele>
        <time>2026-05-17T08:24:50Z</time>
        <speed>1.6944655</speed>
      </trkpt>
      <trkpt lat="28.9958203" lon="119.4887551">
        <ele>83.63</ele>
        <time>2026-05-17T08:24:58Z</time>
        <speed>1.0942994</speed>
      </trkpt>
      <trkpt lat="28.9959087" lon="119.4888386">
        <ele>83.01</ele>
        <time>2026-05-17T08:25:04Z</time>
        <speed>1.7896892</speed>
      </trkpt>
      <trkpt lat="28.9959662" lon="119.4889331">
        <ele>83.09</ele>
        <time>2026-05-17T08:25:12Z</time>
        <speed>1.6069628</speed>
      </trkpt>
      <trkpt lat="28.9960059" lon="119.4890285">
        <ele>82.49</ele>
        <time>2026-05-17T08:25:18Z</time>
        <speed>1.4340161</speed>
      </trkpt>
      <trkpt lat="28.9960508" lon="119.489131">
        <ele>81.51</ele>
        <time>2026-05-17T08:25:26Z</time>
        <speed>1.4499725</speed>
      </trkpt>
      <trkpt lat="28.9961143" lon="119.4892243">
        <ele>80.3</ele>
        <time>2026-05-17T08:25:32Z</time>
        <speed>1.7150544</speed>
      </trkpt>
      <trkpt lat="28.9961917" lon="119.489301">
        <ele>79.48</ele>
        <time>2026-05-17T08:25:38Z</time>
        <speed>2.026976</speed>
      </trkpt>
      <trkpt lat="28.9962683" lon="119.4893806">
        <ele>79.32</ele>
        <time>2026-05-17T08:25:44Z</time>
        <speed>2.0424178</speed>
      </trkpt>
      <trkpt lat="28.9963474" lon="119.4894597">
        <ele>80.51</ele>
        <time>2026-05-17T08:25:52Z</time>
        <speed>2.0980077</speed>
      </trkpt>
      <trkpt lat="28.9964319" lon="119.4895052">
        <ele>81.33</ele>
        <time>2026-05-17T08:25:58Z</time>
        <speed>1.810278</speed>
      </trkpt>
      <trkpt lat="28.9965203" lon="119.4895849">
        <ele>81.7</ele>
        <time>2026-05-17T08:26:06Z</time>
        <speed>1.7804241</speed>
      </trkpt>
      <trkpt lat="28.9965747" lon="119.4896842">
        <ele>82.05</ele>
        <time>2026-05-17T08:26:12Z</time>
        <speed>1.9487383</speed>
      </trkpt>
      <trkpt lat="28.9966286" lon="119.4897847">
        <ele>82.41</ele>
        <time>2026-05-17T08:26:20Z</time>
        <speed>1.6687294</speed>
      </trkpt>
      <trkpt lat="28.9967015" lon="119.489878">
        <ele>82.54</ele>
        <time>2026-05-17T08:26:28Z</time>
        <speed>1.8406466</speed>
      </trkpt>
      <trkpt lat="28.996766" lon="119.4899827">
        <ele>81.57</ele>
        <time>2026-05-17T08:26:36Z</time>
        <speed>1.5668144</speed>
      </trkpt>
      <trkpt lat="28.9968242" lon="119.4900865">
        <ele>81.46</ele>
        <time>2026-05-17T08:26:44Z</time>
        <speed>1.5261514</speed>
      </trkpt>
      <trkpt lat="28.9968829" lon="119.4901706">
        <ele>82.29</ele>
        <time>2026-05-17T08:26:50Z</time>
        <speed>1.6414492</speed>
      </trkpt>
      <trkpt lat="28.9969484" lon="119.4902496">
        <ele>83.29</ele>
        <time>2026-05-17T08:26:58Z</time>
        <speed>1.4947534</speed>
      </trkpt>
      <trkpt lat="28.9970153" lon="119.4903265">
        <ele>84.07</ele>
        <time>2026-05-17T08:27:12Z</time>
        <speed>0.43288139</speed>
      </trkpt>
      <trkpt lat="28.997085" lon="119.4903971">
        <ele>84.98</ele>
        <time>2026-05-17T08:27:22Z</time>
        <speed>0.8410561</speed>
      </trkpt>
      <trkpt lat="28.9971768" lon="119.4904496">
        <ele>84.99</ele>
        <time>2026-05-17T08:27:30Z</time>
        <speed>1.0176058</speed>
      </trkpt>
      <trkpt lat="28.9972626" lon="119.4905238">
        <ele>84.18</ele>
        <time>2026-05-17T08:27:38Z</time>
        <speed>1.2904086</speed>
      </trkpt>
      <trkpt lat="28.9973412" lon="119.4905883">
        <ele>83.41</ele>
        <time>2026-05-17T08:27:44Z</time>
        <speed>1.5606378</speed>
      </trkpt>
      <trkpt lat="28.9974429" lon="119.4906188">
        <ele>82.89</ele>
        <time>2026-05-17T08:27:52Z</time>
        <speed>1.2307009</speed>
      </trkpt>
      <trkpt lat="28.9975434" lon="119.4906446">
        <ele>83.2</ele>
        <time>2026-05-17T08:27:58Z</time>
        <speed>1.1622428</speed>
      </trkpt>
      <trkpt lat="28.9976434" lon="119.4906733">
        <ele>83.67</ele>
        <time>2026-05-17T08:28:04Z</time>
        <speed>1.5910064</speed>
      </trkpt>
      <trkpt lat="28.9977377" lon="119.4906905">
        <ele>84.16</ele>
        <time>2026-05-17T08:28:10Z</time>
        <speed>1.8035867</speed>
      </trkpt>
      <trkpt lat="28.9978397" lon="119.4907254">
        <ele>84.95</ele>
        <time>2026-05-17T08:28:18Z</time>
        <speed>1.5112244</speed>
      </trkpt>
      <trkpt lat="28.9979384" lon="119.4907739">
        <ele>85.14</ele>
        <time>2026-05-17T08:28:26Z</time>
        <speed>1.528725</speed>
      </trkpt>
      <trkpt lat="28.9980268" lon="119.4908182">
        <ele>84.74</ele>
        <time>2026-05-17T08:28:32Z</time>
        <speed>1.5421078</speed>
      </trkpt>
      <trkpt lat="28.9981327" lon="119.4908536">
        <ele>84.85</ele>
        <time>2026-05-17T08:28:40Z</time>
        <speed>1.584315</speed>
      </trkpt>
      <trkpt lat="28.9982343" lon="119.4908743">
        <ele>85.39</ele>
        <time>2026-05-17T08:28:46Z</time>
        <speed>1.587918</speed>
      </trkpt>
      <trkpt lat="28.9983274" lon="119.4908936">
        <ele>85.91</ele>
        <time>2026-05-17T08:28:52Z</time>
        <speed>1.6656411</speed>
      </trkpt>
      <trkpt lat="28.9984224" lon="119.4908946">
        <ele>86.81</ele>
        <time>2026-05-17T08:29:00Z</time>
        <speed>1.1663605</speed>
      </trkpt>
      <trkpt lat="28.9985384" lon="119.4908821">
        <ele>87.92</ele>
        <time>2026-05-17T08:29:08Z</time>
        <speed>1.4350456</speed>
      </trkpt>
      <trkpt lat="28.9986384" lon="119.4908834">
        <ele>88.6</ele>
        <time>2026-05-17T08:29:14Z</time>
        <speed>1.8169694</speed>
      </trkpt>
      <trkpt lat="28.9987491" lon="119.4908975">
        <ele>89.33</ele>
        <time>2026-05-17T08:29:22Z</time>
        <speed>1.7454231</speed>
      </trkpt>
      <trkpt lat="28.9988589" lon="119.4909187">
        <ele>88.93</ele>
        <time>2026-05-17T08:29:30Z</time>
        <speed>1.8138812</speed>
      </trkpt>
      <trkpt lat="28.9989567" lon="119.4909269">
        <ele>88.23</ele>
        <time>2026-05-17T08:29:36Z</time>
        <speed>1.7932922</speed>
      </trkpt>
      <trkpt lat="28.9990512" lon="119.4909783">
        <ele>88.17</ele>
        <time>2026-05-17T08:29:44Z</time>
        <speed>1.8663827</speed>
      </trkpt>
      <trkpt lat="28.9991476" lon="119.4910322">
        <ele>87.02</ele>
        <time>2026-05-17T08:29:52Z</time>
        <speed>1.2132003</speed>
      </trkpt>
      <trkpt lat="28.9992414" lon="119.4910871">
        <ele>85.59</ele>
        <time>2026-05-17T08:29:58Z</time>
        <speed>1.5801972</speed>
      </trkpt>
      <trkpt lat="28.9993406" lon="119.4911312">
        <ele>84.78</ele>
        <time>2026-05-17T08:30:06Z</time>
        <speed>1.7366728</speed>
      </trkpt>
      <trkpt lat="28.9994295" lon="119.4911881">
        <ele>84.44</ele>
        <time>2026-05-17T08:30:14Z</time>
        <speed>1.3475428</speed>
      </trkpt>
      <trkpt lat="28.9995057" lon="119.4912523">
        <ele>83.74</ele>
        <time>2026-05-17T08:30:22Z</time>
        <speed>1.4772527</speed>
      </trkpt>
      <trkpt lat="28.999589" lon="119.4913111">
        <ele>82.73</ele>
        <time>2026-05-17T08:30:28Z</time>
        <speed>1.6316694</speed>
      </trkpt>
      <trkpt lat="28.9996759" lon="119.4913623">
        <ele>82.33</ele>
        <time>2026-05-17T08:30:36Z</time>
        <speed>1.4654142</speed>
      </trkpt>
      <trkpt lat="28.9997629" lon="119.4914168">
        <ele>83.31</ele>
        <time>2026-05-17T08:30:44Z</time>
        <speed>1.3568078</speed>
      </trkpt>
      <trkpt lat="28.999851" lon="119.4914766">
        <ele>84.47</ele>
        <time>2026-05-17T08:30:52Z</time>
        <speed>1.2605547</speed>
      </trkpt>
      <trkpt lat="28.9999358" lon="119.4915447">
        <ele>84.65</ele>
        <time>2026-05-17T08:31:00Z</time>
        <speed>1.1385655</speed>
      </trkpt>
      <trkpt lat="29.0000167" lon="119.4916042">
        <ele>85.1</ele>
        <time>2026-05-17T08:31:06Z</time>
        <speed>1.078343</speed>
      </trkpt>
      <trkpt lat="29.0000813" lon="119.4916838">
        <ele>85.19</ele>
        <time>2026-05-17T08:31:12Z</time>
        <speed>1.5786531</speed>
      </trkpt>
      <trkpt lat="29.000149" lon="119.4917684">
        <ele>85.37</ele>
        <time>2026-05-17T08:31:20Z</time>
        <speed>1.3578372</speed>
      </trkpt>
      <trkpt lat="29.0002176" lon="119.4918613">
        <ele>85.68</ele>
        <time>2026-05-17T08:31:28Z</time>
        <speed>1.4443105</speed>
      </trkpt>
      <trkpt lat="29.0002719" lon="119.4919652">
        <ele>85.82</ele>
        <time>2026-05-17T08:31:36Z</time>
        <speed>1.3218067</speed>
      </trkpt>
      <trkpt lat="29.0003048" lon="119.4920672">
        <ele>85.85</ele>
        <time>2026-05-17T08:31:46Z</time>
        <speed>1.108197</speed>
      </trkpt>
      <trkpt lat="29.0003872" lon="119.4921286">
        <ele>86.35</ele>
        <time>2026-05-17T08:31:56Z</time>
        <speed>1.3876911</speed>
      </trkpt>
      <trkpt lat="29.0003991" lon="119.4921547">
        <ele>86.89</ele>
        <time>2026-05-17T08:32:08Z</time>
        <speed>0.0</speed>
      </trkpt>
      <trkpt lat="29.000461" lon="119.4922149">
        <ele>87.02</ele>
        <time>2026-05-17T08:32:36Z</time>
        <speed>1.2198917</speed>
      </trkpt>
      <trkpt lat="29.0005328" lon="119.4922881">
        <ele>86.71</ele>
        <time>2026-05-17T08:32:42Z</time>
        <speed>1.6651264</speed>
      </trkpt>
      <trkpt lat="29.0006121" lon="119.492377">
        <ele>86.66</ele>
        <time>2026-05-17T08:32:50Z</time>
        <speed>1.4896061</speed>
      </trkpt>
      <trkpt lat="29.0006766" lon="119.4924646">
        <ele>86.98</ele>
        <time>2026-05-17T08:32:56Z</time>
        <speed>1.5940948</speed>
      </trkpt>
      <trkpt lat="29.0007572" lon="119.4925565">
        <ele>86.69</ele>
        <time>2026-05-17T08:33:04Z</time>
        <speed>1.4870325</speed>
      </trkpt>
      <trkpt lat="29.0008339" lon="119.4926357">
        <ele>86.56</ele>
        <time>2026-05-17T08:33:12Z</time>
        <speed>1.515857</speed>
      </trkpt>
      <trkpt lat="29.0009047" lon="119.4927222">
        <ele>86.24</ele>
        <time>2026-05-17T08:33:20Z</time>
        <speed>1.4365897</speed>
      </trkpt>
      <trkpt lat="29.0009769" lon="119.4928042">
        <ele>86.01</ele>
        <time>2026-05-17T08:33:28Z</time>
        <speed>1.4298984</speed>
      </trkpt>
      <trkpt lat="29.0010637" lon="119.4928944">
        <ele>85.1</ele>
        <time>2026-05-17T08:33:36Z</time>
        <speed>1.545196</speed>
      </trkpt>
      <trkpt lat="29.0011432" lon="119.4929627">
        <ele>84.37</ele>
        <time>2026-05-17T08:33:42Z</time>
        <speed>1.754688</speed>
      </trkpt>
      <trkpt lat="29.0012257" lon="119.4930164">
        <ele>85.46</ele>
        <time>2026-05-17T08:33:48Z</time>
        <speed>1.7073336</speed>
      </trkpt>
      <trkpt lat="29.0012991" lon="119.4930845">
        <ele>87.41</ele>
        <time>2026-05-17T08:33:54Z</time>
        <speed>1.7402759</speed>
      </trkpt>
      <trkpt lat="29.0013453" lon="119.4931091">
        <ele>90.12</ele>
        <time>2026-05-17T08:34:10Z</time>
        <speed>0.0</speed>
      </trkpt>
      <trkpt lat="29.00143" lon="119.49314">
        <ele>92.56</ele>
        <time>2026-05-17T08:35:24Z</time>
        <speed>0.84157085</speed>
      </trkpt>
      <trkpt lat="29.001495" lon="119.4932333">
        <ele>91.85</ele>
        <time>2026-05-17T08:35:38Z</time>
        <speed>0.6711978</speed>
      </trkpt>
      <trkpt lat="29.0015572" lon="119.4933168">
        <ele>91.53</ele>
        <time>2026-05-17T08:35:48Z</time>
        <speed>0.9110583</speed>
      </trkpt>
      <trkpt lat="29.0016407" lon="119.4933535">
        <ele>90.48</ele>
        <time>2026-05-17T08:36:00Z</time>
        <speed>1.0917258</speed>
      </trkpt>
      <trkpt lat="29.0016657" lon="119.4934369">
        <ele>89.07</ele>
        <time>2026-05-17T08:36:16Z</time>
        <speed>0.35104054</speed>
      </trkpt>
      <trkpt lat="29.0016228" lon="119.4935213">
        <ele>88.05</ele>
        <time>2026-05-17T08:36:44Z</time>
        <speed>0.0</speed>
      </trkpt>
      <trkpt lat="29.0016637" lon="119.4935836">
        <ele>86.91</ele>
        <time>2026-05-17T08:37:02Z</time>
        <speed>1.0232677</speed>
      </trkpt>
      <trkpt lat="29.0017305" lon="119.4936649">
        <ele>88.58</ele>
        <time>2026-05-17T08:37:12Z</time>
        <speed>0.7669361</speed>
      </trkpt>
      <trkpt lat="29.0018148" lon="119.4937339">
        <ele>90.35</ele>
        <time>2026-05-17T08:37:20Z</time>
        <speed>1.3130563</speed>
      </trkpt>
      <trkpt lat="29.0018618" lon="119.4938454">
        <ele>91.54</ele>
        <time>2026-05-17T08:37:30Z</time>
        <speed>1.2152592</speed>
      </trkpt>
      <trkpt lat="29.0018867" lon="119.4939203">
        <ele>91.69</ele>
        <time>2026-05-17T08:37:40Z</time>
        <speed>0.0</speed>
      </trkpt>
      <trkpt lat="29.0018518" lon="119.4940059">
        <ele>91.52</ele>
        <time>2026-05-17T08:37:50Z</time>
        <speed>1.3043061</speed>
      </trkpt>
      <trkpt lat="29.0018781" lon="119.4940926">
        <ele>90.57</ele>
        <time>2026-05-17T08:38:04Z</time>
        <speed>0.7020811</speed>
      </trkpt>
      <trkpt lat="29.0018871" lon="119.4942021">
        <ele>90.45</ele>
        <time>2026-05-17T08:38:28Z</time>
        <speed>1.1540072</speed>
      </trkpt>
      <trkpt lat="29.0018836" lon="119.4943135">
        <ele>92.71</ele>
        <time>2026-05-17T08:38:38Z</time>
        <speed>0.9898108</speed>
      </trkpt>
      <trkpt lat="29.0018558" lon="119.4944305">
        <ele>96.71</ele>
        <time>2026-05-17T08:38:48Z</time>
        <speed>1.3743083</speed>
      </trkpt>
      <trkpt lat="29.0018514" lon="119.4945389">
        <ele>99.41</ele>
        <time>2026-05-17T08:38:56Z</time>
        <speed>1.3459986</speed>
      </trkpt>
      <trkpt lat="29.001876" lon="119.494647">
        <ele>100.31</ele>
        <time>2026-05-17T08:39:06Z</time>
        <speed>1.1102558</speed>
      </trkpt>
      <trkpt lat="29.0019234" lon="119.4947589">
        <ele>101.42</ele>
        <time>2026-05-17T08:39:16Z</time>
        <speed>1.40828</speed>
      </trkpt>
      <trkpt lat="29.0019499" lon="119.4948084">
        <ele>102.19</ele>
        <time>2026-05-17T08:39:28Z</time>
        <speed>0.0</speed>
      </trkpt>
      <trkpt lat="29.00191" lon="119.4946933">
        <ele>103.4</ele>
        <time>2026-05-17T08:42:00Z</time>
        <speed>0.99084026</speed>
      </trkpt>
      <trkpt lat="29.0019717" lon="119.4947767">
        <ele>103.36</ele>
        <time>2026-05-17T08:42:10Z</time>
        <speed>0.0</speed>
      </trkpt>
      <trkpt lat="29.0019191" lon="119.4947162">
        <ele>103.46</ele>
        <time>2026-05-17T08:42:18Z</time>
        <speed>1.2687902</speed>
      </trkpt>
      <trkpt lat="29.0018798" lon="119.4946739">
        <ele>103.26</ele>
        <time>2026-05-17T08:42:30Z</time>
        <speed>0.0</speed>
      </trkpt>
      <trkpt lat="29.0018816" lon="119.494579">
        <ele>103.06</ele>
        <time>2026-05-17T08:42:44Z</time>
        <speed>0.99341387</speed>
      </trkpt>
      <trkpt lat="29.0018906" lon="119.4944614">
        <ele>102.69</ele>
        <time>2026-05-17T08:42:52Z</time>
        <speed>1.3604108</speed>
      </trkpt>
      <trkpt lat="29.001885" lon="119.4943257">
        <ele>102.31</ele>
        <time>2026-05-17T08:43:02Z</time>
        <speed>1.2404805</speed>
      </trkpt>
      <trkpt lat="29.0018717" lon="119.4942032">
        <ele>102.3</ele>
        <time>2026-05-17T08:43:14Z</time>
        <speed>0.93679446</speed>
      </trkpt>
      <trkpt lat="29.001891" lon="119.4940846">
        <ele>101.83</ele>
        <time>2026-05-17T08:43:28Z</time>
        <speed>0.74634725</speed>
      </trkpt>
      <trkpt lat="29.0019002" lon="119.4941323">
        <ele>100.18</ele>
        <time>2026-05-17T08:43:38Z</time>
        <speed>0.9805458</speed>
      </trkpt>
      <trkpt lat="29.0019193" lon="119.4942397">
        <ele>97.87</ele>
        <time>2026-05-17T08:43:46Z</time>
        <speed>1.634243</speed>
      </trkpt>
      <trkpt lat="29.0019155" lon="119.4943637">
        <ele>95.52</ele>
        <time>2026-05-17T08:44:00Z</time>
        <speed>0.82304084</speed>
      </trkpt>
      <trkpt lat="29.0018938" lon="119.4945033">
        <ele>93.49</ele>
        <time>2026-05-17T08:44:08Z</time>
        <speed>1.31563</speed>
      </trkpt>
      <trkpt lat="29.0019141" lon="119.4946358">
        <ele>92.68</ele>
        <time>2026-05-17T08:44:18Z</time>
        <speed>1.1138589</speed>
      </trkpt>
      <trkpt lat="29.0019287" lon="119.4947471">
        <ele>92.9</ele>
        <time>2026-05-17T08:44:30Z</time>
        <speed>0.0</speed>
      </trkpt>
      <trkpt lat="29.0019622" lon="119.4948605">
        <ele>93.55</ele>
        <time>2026-05-17T08:44:42Z</time>
        <speed>0.9702514</speed>
      </trkpt>
      <trkpt lat="29.0020546" lon="119.4949073">
        <ele>94.9</ele>
        <time>2026-05-17T08:44:54Z</time>
        <speed>1.3079091</speed>
      </trkpt>
      <trkpt lat="29.0021661" lon="119.4949361">
        <ele>95.46</ele>
        <time>2026-05-17T08:45:04Z</time>
        <speed>1.2404805</speed>
      </trkpt>
      <trkpt lat="29.0022519" lon="119.4950021">
        <ele>95.43</ele>
        <time>2026-05-17T08:45:12Z</time>
        <speed>1.2348186</speed>
      </trkpt>
      <trkpt lat="29.00231" lon="119.4950884">
        <ele>94.34</ele>
        <time>2026-05-17T08:45:20Z</time>
        <speed>1.1993028</speed>
      </trkpt>
      <trkpt lat="29.0023353" lon="119.495213">
        <ele>92.43</ele>
        <time>2026-05-17T08:45:28Z</time>
        <speed>1.4041622</speed>
      </trkpt>
      <trkpt lat="29.0023938" lon="119.4953301">
        <ele>90.48</ele>
        <time>2026-05-17T08:45:38Z</time>
        <speed>1.2847466</speed>
      </trkpt>
      <trkpt lat="29.0024144" lon="119.4954467">
        <ele>89.16</ele>
        <time>2026-05-17T08:45:44Z</time>
        <speed>2.1175673</speed>
      </trkpt>
      <trkpt lat="29.0024957" lon="119.4954906">
        <ele>87.88</ele>
        <time>2026-05-17T08:45:52Z</time>
        <speed>1.05621</speed>
      </trkpt>
      <trkpt lat="29.0025536" lon="119.4955626">
        <ele>87.5</ele>
        <time>2026-05-17T08:46:02Z</time>
        <speed>0.78803974</speed>
      </trkpt>
      <trkpt lat="29.0025866" lon="119.4956634">
        <ele>85.05</ele>
        <time>2026-05-17T08:46:10Z</time>
        <speed>1.01915</speed>
      </trkpt>
      <trkpt lat="29.0026207" lon="119.4957616">
        <ele>84.21</ele>
        <time>2026-05-17T08:46:18Z</time>
        <speed>1.1679047</speed>
      </trkpt>
      <trkpt lat="29.0026691" lon="119.495861">
        <ele>84.08</ele>
        <time>2026-05-17T08:46:26Z</time>
        <speed>1.3557783</speed>
      </trkpt>
      <trkpt lat="29.0027158" lon="119.4959617">
        <ele>84.13</ele>
        <time>2026-05-17T08:46:34Z</time>
        <speed>1.0222384</speed>
      </trkpt>
      <trkpt lat="29.0027315" lon="119.4960662">
        <ele>84.2</ele>
        <time>2026-05-17T08:46:46Z</time>
        <speed>0.9676778</speed>
      </trkpt>
      <trkpt lat="29.0027445" lon="119.4961768">
        <ele>86.35</ele>
        <time>2026-05-17T08:46:56Z</time>
        <speed>0.8287028</speed>
      </trkpt>
      <trkpt lat="29.0027919" lon="119.4962756">
        <ele>88.48</ele>
        <time>2026-05-17T08:47:02Z</time>
        <speed>0.0</speed>
      </trkpt>
      <trkpt lat="29.0028316" lon="119.4963807">
        <ele>89.18</ele>
        <time>2026-05-17T08:47:12Z</time>
        <speed>0.78855443</speed>
      </trkpt>
      <trkpt lat="29.0028997" lon="119.4964586">
        <ele>88.46</ele>
        <time>2026-05-17T08:47:22Z</time>
        <speed>1.2976147</speed>
      </trkpt>
      <trkpt lat="29.0029515" lon="119.496376">
        <ele>88.95</ele>
        <time>2026-05-17T08:47:30Z</time>
        <speed>1.7057894</speed>
      </trkpt>
      <trkpt lat="29.0029983" lon="119.4963188">
        <ele>89.79</ele>
        <time>2026-05-17T08:47:44Z</time>
        <speed>0.0</speed>
      </trkpt>
      <trkpt lat="29.0029881" lon="119.496387">
        <ele>89.71</ele>
        <time>2026-05-17T08:48:34Z</time>
        <speed>1.4870325</speed>
      </trkpt>
      <trkpt lat="29.0030136" lon="119.4965096">
        <ele>89.06</ele>
        <time>2026-05-17T08:48:42Z</time>
        <speed>1.3629844</speed>
      </trkpt>
      <trkpt lat="29.0030731" lon="119.4966283">
        <ele>88.69</ele>
        <time>2026-05-17T08:48:50Z</time>
        <speed>1.3866616</speed>
      </trkpt>
      <trkpt lat="29.0031534" lon="119.4967289">
        <ele>88.87</ele>
        <time>2026-05-17T08:48:58Z</time>
        <speed>1.5410783</speed>
      </trkpt>
      <trkpt lat="29.0032369" lon="119.496815">
        <ele>88.67</ele>
        <time>2026-05-17T08:49:08Z</time>
        <speed>1.1375362</speed>
      </trkpt>
      <trkpt lat="29.0032643" lon="119.4968465">
        <ele>88.29</ele>
        <time>2026-05-17T08:49:16Z</time>
        <speed>0.0</speed>
      </trkpt>
      <trkpt lat="29.0033212" lon="119.4968999">
        <ele>88.04</ele>
        <time>2026-05-17T08:49:24Z</time>
        <speed>0.72781724</speed>
      </trkpt>
      <trkpt lat="29.0033999" lon="119.4969747">
        <ele>87.72</ele>
        <time>2026-05-17T08:49:32Z</time>
        <speed>1.3310716</speed>
      </trkpt>
      <trkpt lat="29.0034851" lon="119.497049">
        <ele>87.67</ele>
        <time>2026-05-17T08:49:40Z</time>
        <speed>1.3300422</speed>
      </trkpt>
      <trkpt lat="29.0035637" lon="119.4971185">
        <ele>88.11</ele>
        <time>2026-05-17T08:49:46Z</time>
        <speed>1.491665</speed>
      </trkpt>
      <trkpt lat="29.00364" lon="119.4971821">
        <ele>88.88</ele>
        <time>2026-05-17T08:49:52Z</time>
        <speed>1.528725</speed>
      </trkpt>
      <trkpt lat="29.0037216" lon="119.4972497">
        <ele>89.49</ele>
        <time>2026-05-17T08:50:00Z</time>
        <speed>1.4396781</speed>
      </trkpt>
      <trkpt lat="29.0038139" lon="119.497323">
        <ele>89.15</ele>
        <time>2026-05-17T08:50:08Z</time>
        <speed>1.2240094</speed>
      </trkpt>
      <trkpt lat="29.003886" lon="119.497402">
        <ele>88.4</ele>
        <time>2026-05-17T08:50:16Z</time>
        <speed>1.2327597</speed>
      </trkpt>
      <trkpt lat="29.0039625" lon="119.4974666">
        <ele>87.88</ele>
        <time>2026-05-17T08:50:22Z</time>
        <speed>1.2183475</speed>
      </trkpt>
      <trkpt lat="29.0040426" lon="119.4975391">
        <ele>88.06</ele>
        <time>2026-05-17T08:50:28Z</time>
        <speed>1.5961536</speed>
      </trkpt>
      <trkpt lat="29.0041129" lon="119.49761">
        <ele>88.29</ele>
        <time>2026-05-17T08:50:34Z</time>
        <speed>1.8684417</speed>
      </trkpt>
      <trkpt lat="29.0041907" lon="119.4976878">
        <ele>87.87</ele>
        <time>2026-05-17T08:50:44Z</time>
        <speed>1.4890914</speed>
      </trkpt>
      <trkpt lat="29.0042367" lon="119.4977805">
        <ele>87.88</ele>
        <time>2026-05-17T08:50:54Z</time>
        <speed>1.054151</speed>
      </trkpt>
      <trkpt lat="29.004197" lon="119.4978671">
        <ele>88.71</ele>
        <time>2026-05-17T08:51:06Z</time>
        <speed>0.8652481</speed>
      </trkpt>
      <trkpt lat="29.004144" lon="119.4979604">
        <ele>90.17</ele>
        <time>2026-05-17T08:51:14Z</time>
        <speed>1.3043061</speed>
      </trkpt>
      <trkpt lat="29.0040565" lon="119.4980435">
        <ele>90.61</ele>
        <time>2026-05-17T08:51:24Z</time>
        <speed>1.2795994</speed>
      </trkpt>
      <trkpt lat="29.0039653" lon="119.4981086">
        <ele>90.65</ele>
        <time>2026-05-17T08:51:32Z</time>
        <speed>1.5910064</speed>
      </trkpt>
      <trkpt lat="29.0038489" lon="119.4981499">
        <ele>90.54</ele>
        <time>2026-05-17T08:51:40Z</time>
        <speed>1.6661558</speed>
      </trkpt>
      <trkpt lat="29.0037393" lon="119.4981799">
        <ele>89.96</ele>
        <time>2026-05-17T08:51:48Z</time>
        <speed>1.6687294</speed>
      </trkpt>
      <trkpt lat="29.0036574" lon="119.4982427">
        <ele>88.65</ele>
        <time>2026-05-17T08:51:56Z</time>
        <speed>1.5204895</speed>
      </trkpt>
      <trkpt lat="29.0036416" lon="119.4982591">
        <ele>88.07</ele>
        <time>2026-05-17T08:52:06Z</time>
        <speed>0.0</speed>
      </trkpt>
      <trkpt lat="29.0035827" lon="119.4983088">
        <ele>89.41</ele>
        <time>2026-05-17T08:52:24Z</time>
        <speed>0.8667922</speed>
      </trkpt>
      <trkpt lat="29.0035013" lon="119.4983929">
        <ele>90.05</ele>
        <time>2026-05-17T08:52:32Z</time>
        <speed>1.6043892</speed>
      </trkpt>
      <trkpt lat="29.0034269" lon="119.4984725">
        <ele>89.94</ele>
        <time>2026-05-17T08:52:38Z</time>
        <speed>2.0578594</speed>
      </trkpt>
      <trkpt lat="29.0033401" lon="119.4985357">
        <ele>89.58</ele>
        <time>2026-05-17T08:52:44Z</time>
        <speed>1.9477088</speed>
      </trkpt>
      <trkpt lat="29.0032428" lon="119.4985931">
        <ele>89.07</ele>
        <time>2026-05-17T08:52:52Z</time>
        <speed>1.8092486</speed>
      </trkpt>
      <trkpt lat="29.0031501" lon="119.4986577">
        <ele>87.58</ele>
        <time>2026-05-17T08:53:00Z</time>
        <speed>1.6635822</speed>
      </trkpt>
      <trkpt lat="29.0030538" lon="119.4987215">
        <ele>85.48</ele>
        <time>2026-05-17T08:53:08Z</time>
        <speed>1.5704175</speed>
      </trkpt>
      <trkpt lat="29.0029853" lon="119.4988038">
        <ele>83.94</ele>
        <time>2026-05-17T08:53:16Z</time>
        <speed>1.4314425</speed>
      </trkpt>
      <trkpt lat="29.0029247" lon="119.4988878">
        <ele>83.66</ele>
        <time>2026-05-17T08:53:24Z</time>
        <speed>1.2811437</speed>
      </trkpt>
      <trkpt lat="29.0028608" lon="119.4989714">
        <ele>84.84</ele>
        <time>2026-05-17T08:53:32Z</time>
        <speed>1.4695319</speed>
      </trkpt>
      <trkpt lat="29.0027932" lon="119.499058">
        <ele>87.02</ele>
        <time>2026-05-17T08:53:40Z</time>
        <speed>1.4144567</speed>
      </trkpt>
      <trkpt lat="29.0027251" lon="119.4991591">
        <ele>89.16</ele>
        <time>2026-05-17T08:53:48Z</time>
        <speed>1.317689</speed>
      </trkpt>
      <trkpt lat="29.0026668" lon="119.499254">
        <ele>91.29</ele>
        <time>2026-05-17T08:53:54Z</time>
        <speed>1.5673292</speed>
      </trkpt>
      <trkpt lat="29.0025871" lon="119.4993355">
        <ele>92.58</ele>
        <time>2026-05-17T08:54:02Z</time>
        <speed>1.5230631</speed>
      </trkpt>
      <trkpt lat="29.0024915" lon="119.499387">
        <ele>93.67</ele>
        <time>2026-05-17T08:54:10Z</time>
        <speed>1.5199747</speed>
      </trkpt>
      <trkpt lat="29.0023984" lon="119.4994181">
        <ele>94.67</ele>
        <time>2026-05-17T08:54:16Z</time>
        <speed>1.6496847</speed>
      </trkpt>
      <trkpt lat="29.0022915" lon="119.4994375">
        <ele>95.54</ele>
        <time>2026-05-17T08:54:24Z</time>
        <speed>1.664097</speed>
      </trkpt>
      <trkpt lat="29.0021787" lon="119.4994385">
        <ele>96.47</ele>
        <time>2026-05-17T08:54:32Z</time>
        <speed>1.5910064</speed>
      </trkpt>
      <trkpt lat="29.0020648" lon="119.4994333">
        <ele>97.43</ele>
        <time>2026-05-17T08:54:40Z</time>
        <speed>1.5745353</speed>
      </trkpt>
      <trkpt lat="29.0019578" lon="119.4994241">
        <ele>98.84</ele>
        <time>2026-05-17T08:54:48Z</time>
        <speed>1.5256367</speed>
      </trkpt>
      <trkpt lat="29.0018462" lon="119.4994022">
        <ele>98.99</ele>
        <time>2026-05-17T08:54:56Z</time>
        <speed>1.6507142</speed>
      </trkpt>
      <trkpt lat="29.0017429" lon="119.4993604">
        <ele>99.08</ele>
        <time>2026-05-17T08:55:04Z</time>
        <speed>1.50093</speed>
      </trkpt>
      <trkpt lat="29.0016428" lon="119.4993113">
        <ele>99.22</ele>
        <time>2026-05-17T08:55:12Z</time>
        <speed>1.46387</speed>
      </trkpt>
      <trkpt lat="29.0015436" lon="119.499265">
        <ele>99.21</ele>
        <time>2026-05-17T08:55:20Z</time>
        <speed>1.42681</speed>
      </trkpt>
      <trkpt lat="29.0014493" lon="119.4992147">
        <ele>99.34</ele>
        <time>2026-05-17T08:55:28Z</time>
        <speed>1.4458547</speed>
      </trkpt>
      <trkpt lat="29.0013553" lon="119.4991648">
        <ele>99.54</ele>
        <time>2026-05-17T08:55:36Z</time>
        <speed>1.4412222</speed>
      </trkpt>
      <trkpt lat="29.001256" lon="119.4991281">
        <ele>99.56</ele>
        <time>2026-05-17T08:55:44Z</time>
        <speed>1.4772527</speed>
      </trkpt>
      <trkpt lat="29.0011709" lon="119.4990814">
        <ele>99.19</ele>
        <time>2026-05-17T08:55:52Z</time>
        <speed>1.3151153</speed>
      </trkpt>
      <trkpt lat="29.0010898" lon="119.4990205">
        <ele>98.85</ele>
        <time>2026-05-17T08:56:00Z</time>
        <speed>1.2482014</speed>
      </trkpt>
      <trkpt lat="29.0010058" lon="119.498957">
        <ele>98.57</ele>
        <time>2026-05-17T08:56:08Z</time>
        <speed>1.3475428</speed>
      </trkpt>
      <trkpt lat="29.0009276" lon="119.4988936">
        <ele>98.8</ele>
        <time>2026-05-17T08:56:16Z</time>
        <speed>1.2888645</speed>
      </trkpt>
      <trkpt lat="29.0008476" lon="119.4988384">
        <ele>98.84</ele>
        <time>2026-05-17T08:56:24Z</time>
        <speed>1.3480575</speed>
      </trkpt>
      <trkpt lat="29.0007629" lon="119.4987964">
        <ele>99.68</ele>
        <time>2026-05-17T08:56:32Z</time>
        <speed>1.3151153</speed>
      </trkpt>
      <trkpt lat="29.000675" lon="119.4987502">
        <ele>100.51</ele>
        <time>2026-05-17T08:56:40Z</time>
        <speed>1.3228362</speed>
      </trkpt>
      <trkpt lat="29.0005812" lon="119.4986979">
        <ele>101.45</ele>
        <time>2026-05-17T08:56:48Z</time>
        <speed>1.402618</speed>
      </trkpt>
      <trkpt lat="29.000483" lon="119.4986582">
        <ele>102.38</ele>
        <time>2026-05-17T08:56:56Z</time>
        <speed>1.3918089</speed>
      </trkpt>
      <trkpt lat="29.0003836" lon="119.4986245">
        <ele>103.2</ele>
        <time>2026-05-17T08:57:04Z</time>
        <speed>1.4700466</speed>
      </trkpt>
      <trkpt lat="29.0002894" lon="119.4985811">
        <ele>104.19</ele>
        <time>2026-05-17T08:57:12Z</time>
        <speed>1.3794556</speed>
      </trkpt>
      <trkpt lat="29.0001973" lon="119.4985349">
        <ele>105.1</ele>
        <time>2026-05-17T08:57:20Z</time>
        <speed>1.4242364</speed>
      </trkpt>
      <trkpt lat="29.0000984" lon="119.4985028">
        <ele>105.23</ele>
        <time>2026-05-17T08:57:28Z</time>
        <speed>1.4484284</speed>
      </trkpt>
      <trkpt lat="29.0000068" lon="119.4984574">
        <ele>105.95</ele>
        <time>2026-05-17T08:57:36Z</time>
        <speed>1.5349016</speed>
      </trkpt>
      <trkpt lat="28.9999094" lon="119.4984252">
        <ele>106.4</ele>
        <time>2026-05-17T08:57:44Z</time>
        <speed>1.4865178</speed>
      </trkpt>
      <trkpt lat="28.9998135" lon="119.498382">
        <ele>107.43</ele>
        <time>2026-05-17T08:57:52Z</time>
        <speed>1.754688</speed>
      </trkpt>
      <trkpt lat="28.9997119" lon="119.4983605">
        <ele>108.62</ele>
        <time>2026-05-17T08:58:00Z</time>
        <speed>1.8705006</speed>
      </trkpt>
      <trkpt lat="28.9996134" lon="119.4983523">
        <ele>109.26</ele>
        <time>2026-05-17T08:58:08Z</time>
        <speed>1.528725</speed>
      </trkpt>
      <trkpt lat="28.9995012" lon="119.4983467">
        <ele>110.44</ele>
        <time>2026-05-17T08:58:16Z</time>
        <speed>1.9631505</speed>
      </trkpt>
      <trkpt lat="28.9993941" lon="119.4983508">
        <ele>111.75</ele>
        <time>2026-05-17T08:58:24Z</time>
        <speed>1.9713861</speed>
      </trkpt>
      <trkpt lat="28.999297" lon="119.4983639">
        <ele>112.68</ele>
        <time>2026-05-17T08:58:30Z</time>
        <speed>1.7757916</speed>
      </trkpt>
      <trkpt lat="28.9992063" lon="119.4983819">
        <ele>113.07</ele>
        <time>2026-05-17T08:58:38Z</time>
        <speed>1.4772527</speed>
      </trkpt>
      <trkpt lat="28.9991187" lon="119.4984055">
        <ele>113.6</ele>
        <time>2026-05-17T08:58:46Z</time>
        <speed>1.4046769</speed>
      </trkpt>
      <trkpt lat="28.9990153" lon="119.4984205">
        <ele>112.91</ele>
        <time>2026-05-17T08:58:54Z</time>
        <speed>1.3552636</speed>
      </trkpt>
      <trkpt lat="28.9989182" lon="119.4984266">
        <ele>112.56</ele>
        <time>2026-05-17T08:59:02Z</time>
        <speed>1.3624697</speed>
      </trkpt>
      <trkpt lat="28.9988077" lon="119.4984307">
        <ele>112.06</ele>
        <time>2026-05-17T08:59:12Z</time>
        <speed>1.4396781</speed>
      </trkpt>
      <trkpt lat="28.9986973" lon="119.4984447">
        <ele>111.43</ele>
        <time>2026-05-17T08:59:20Z</time>
        <speed>1.676965</speed>
      </trkpt>
      <trkpt lat="28.9986001" lon="119.4984426">
        <ele>110.82</ele>
        <time>2026-05-17T08:59:28Z</time>
        <speed>1.4561492</speed>
      </trkpt>
      <trkpt lat="28.9985082" lon="119.4984305">
        <ele>111.2</ele>
        <time>2026-05-17T08:59:34Z</time>
        <speed>1.9034427</speed>
      </trkpt>
      <trkpt lat="28.998404" lon="119.4984506">
        <ele>112.02</ele>
        <time>2026-05-17T08:59:42Z</time>
        <speed>2.0671244</speed>
      </trkpt>
      <trkpt lat="28.9982921" lon="119.4984671">
        <ele>111.92</ele>
        <time>2026-05-17T08:59:52Z</time>
        <speed>1.376882</speed>
      </trkpt>
      <trkpt lat="28.9981865" lon="119.4984948">
        <ele>111.27</ele>
        <time>2026-05-17T09:00:02Z</time>
        <speed>1.3315864</speed>
      </trkpt>
      <trkpt lat="28.9980714" lon="119.498506">
        <ele>110.34</ele>
        <time>2026-05-17T09:00:10Z</time>
        <speed>1.4273248</speed>
      </trkpt>
      <trkpt lat="28.9979628" lon="119.4985053">
        <ele>109.59</ele>
        <time>2026-05-17T09:00:16Z</time>
        <speed>1.8499117</speed>
      </trkpt>
      <trkpt lat="28.9978559" lon="119.4984895">
        <ele>108.99</ele>
        <time>2026-05-17T09:00:24Z</time>
        <speed>1.7222606</speed>
      </trkpt>
      <trkpt lat="28.9977619" lon="119.4984753">
        <ele>108.22</ele>
        <time>2026-05-17T09:00:32Z</time>
        <speed>1.5055625</speed>
      </trkpt>
      <trkpt lat="28.9976689" lon="119.498473">
        <ele>108.47</ele>
        <time>2026-05-17T09:00:38Z</time>
        <speed>1.8982955</speed>
      </trkpt>
      <trkpt lat="28.9975678" lon="119.4984756">
        <ele>107.97</ele>
        <time>2026-05-17T09:00:48Z</time>
        <speed>1.1874641</speed>
      </trkpt>
      <trkpt lat="28.9974672" lon="119.4984797">
        <ele>105.74</ele>
        <time>2026-05-17T09:00:58Z</time>
        <speed>1.0500333</speed>
      </trkpt>
      <trkpt lat="28.9973643" lon="119.4984789">
        <ele>104.09</ele>
        <time>2026-05-17T09:01:08Z</time>
        <speed>1.2090825</speed>
      </trkpt>
      <trkpt lat="28.9972583" lon="119.4984885">
        <ele>104.35</ele>
        <time>2026-05-17T09:01:18Z</time>
        <speed>1.1993028</speed>
      </trkpt>
      <trkpt lat="28.9971487" lon="119.4984858">
        <ele>105.49</ele>
        <time>2026-05-17T09:01:28Z</time>
        <speed>1.1318742</speed>
      </trkpt>
      <trkpt lat="28.9970518" lon="119.498483">
        <ele>106.23</ele>
        <time>2026-05-17T09:01:36Z</time>
        <speed>1.2008469</speed>
      </trkpt>
      <trkpt lat="28.9969537" lon="119.4984768">
        <ele>106.56</ele>
        <time>2026-05-17T09:01:44Z</time>
        <speed>1.180258</speed>
      </trkpt>
      <trkpt lat="28.9968597" lon="119.4984734">
        <ele>106.49</ele>
        <time>2026-05-17T09:01:52Z</time>
        <speed>1.1030498</speed>
      </trkpt>
      <trkpt lat="28.9967681" lon="119.4984675">
        <ele>106.41</ele>
        <time>2026-05-17T09:02:00Z</time>
        <speed>1.1900377</speed>
      </trkpt>
      <trkpt lat="28.9966684" lon="119.4984607">
        <ele>106.71</ele>
        <time>2026-05-17T09:02:08Z</time>
        <speed>1.2914381</speed>
      </trkpt>
      <trkpt lat="28.9965716" lon="119.4984575">
        <ele>107.0</ele>
        <time>2026-05-17T09:02:16Z</time>
        <speed>1.1704783</speed>
      </trkpt>
      <trkpt lat="28.9964787" lon="119.4984583">
        <ele>106.7</ele>
        <time>2026-05-17T09:02:24Z</time>
        <speed>1.0618719</speed>
      </trkpt>
      <trkpt lat="28.9963847" lon="119.4984603">
        <ele>106.96</ele>
        <time>2026-05-17T09:02:32Z</time>
        <speed>1.1277564</speed>
      </trkpt>
      <trkpt lat="28.9962938" lon="119.4984563">
        <ele>107.28</ele>
        <time>2026-05-17T09:02:40Z</time>
        <speed>1.173052</speed>
      </trkpt>
      <trkpt lat="28.9962002" lon="119.4984461">
        <ele>108.06</ele>
        <time>2026-05-17T09:02:48Z</time>
        <speed>1.2296714</speed>
      </trkpt>
      <trkpt lat="28.996103" lon="119.4984338">
        <ele>108.51</ele>
        <time>2026-05-17T09:02:56Z</time>
        <speed>1.2919527</speed>
      </trkpt>
      <trkpt lat="28.9959895" lon="119.4984187">
        <ele>109.41</ele>
        <time>2026-05-17T09:03:04Z</time>
        <speed>1.4968122</speed>
      </trkpt>
      <trkpt lat="28.9958802" lon="119.4984117">
        <ele>110.01</ele>
        <time>2026-05-17T09:03:14Z</time>
        <speed>1.1390803</speed>
      </trkpt>
      <trkpt lat="28.9957735" lon="119.4984256">
        <ele>110.3</ele>
        <time>2026-05-17T09:03:24Z</time>
        <speed>1.121065</speed>
      </trkpt>
      <trkpt lat="28.9956793" lon="119.4984556">
        <ele>110.73</ele>
        <time>2026-05-17T09:03:32Z</time>
        <speed>1.1797433</speed>
      </trkpt>
      <trkpt lat="28.9955846" lon="119.4984964">
        <ele>110.8</ele>
        <time>2026-05-17T09:03:40Z</time>
        <speed>1.154522</speed>
      </trkpt>
      <trkpt lat="28.9954879" lon="119.4985359">
        <ele>110.93</ele>
        <time>2026-05-17T09:03:48Z</time>
        <speed>1.2955558</speed>
      </trkpt>
      <trkpt lat="28.9953914" lon="119.498581">
        <ele>111.43</ele>
        <time>2026-05-17T09:03:56Z</time>
        <speed>1.4103389</speed>
      </trkpt>
      <trkpt lat="28.9953036" lon="119.4986512">
        <ele>111.51</ele>
        <time>2026-05-17T09:04:04Z</time>
        <speed>1.3393072</speed>
      </trkpt>
      <trkpt lat="28.9952127" lon="119.4987212">
        <ele>111.98</ele>
        <time>2026-05-17T09:04:12Z</time>
        <speed>1.2152592</speed>
      </trkpt>
      <trkpt lat="28.9951378" lon="119.4987906">
        <ele>112.5</ele>
        <time>2026-05-17T09:04:18Z</time>
        <speed>1.451002</speed>
      </trkpt>
      <trkpt lat="28.9950472" lon="119.4988702">
        <ele>112.54</ele>
        <time>2026-05-17T09:04:26Z</time>
        <speed>1.6764503</speed>
      </trkpt>
      <trkpt lat="28.9949701" lon="119.4989418">
        <ele>113.3</ele>
        <time>2026-05-17T09:04:32Z</time>
        <speed>1.7541733</speed>
      </trkpt>
      <trkpt lat="28.9948819" lon="119.4990159">
        <ele>113.21</ele>
        <time>2026-05-17T09:04:40Z</time>
        <speed>1.565785</speed>
      </trkpt>
      <trkpt lat="28.9947904" lon="119.4990759">
        <ele>113.08</ele>
        <time>2026-05-17T09:04:48Z</time>
        <speed>1.5678439</speed>
      </trkpt>
      <trkpt lat="28.9946943" lon="119.4991307">
        <ele>112.57</ele>
        <time>2026-05-17T09:04:56Z</time>
        <speed>1.5554906</speed>
      </trkpt>
      <trkpt lat="28.9945944" lon="119.4991917">
        <ele>112.37</ele>
        <time>2026-05-17T09:05:04Z</time>
        <speed>1.5832856</speed>
      </trkpt>
      <trkpt lat="28.9945097" lon="119.4992482">
        <ele>112.08</ele>
        <time>2026-05-17T09:05:10Z</time>
        <speed>1.6455669</speed>
      </trkpt>
      <trkpt lat="28.9944198" lon="119.4993105">
        <ele>111.7</ele>
        <time>2026-05-17T09:05:18Z</time>
        <speed>1.5652703</speed>
      </trkpt>
      <trkpt lat="28.9943199" lon="119.4993728">
        <ele>111.06</ele>
        <time>2026-05-17T09:05:26Z</time>
        <speed>1.6162277</speed>
      </trkpt>
      <trkpt lat="28.9942213" lon="119.4994298">
        <ele>111.12</ele>
        <time>2026-05-17T09:05:34Z</time>
        <speed>1.5487992</speed>
      </trkpt>
      <trkpt lat="28.9941249" lon="119.4994873">
        <ele>110.98</ele>
        <time>2026-05-17T09:05:42Z</time>
        <speed>1.4643847</speed>
      </trkpt>
      <trkpt lat="28.9940334" lon="119.4995439">
        <ele>111.12</ele>
        <time>2026-05-17T09:05:50Z</time>
        <speed>1.4535756</speed>
      </trkpt>
      <trkpt lat="28.9939436" lon="119.4996041">
        <ele>111.41</ele>
        <time>2026-05-17T09:05:58Z</time>
        <speed>1.4371045</speed>
      </trkpt>
      <trkpt lat="28.9938566" lon="119.4996607">
        <ele>111.75</ele>
        <time>2026-05-17T09:06:06Z</time>
        <speed>1.4443105</speed>
      </trkpt>
      <trkpt lat="28.9937617" lon="119.4996996">
        <ele>111.99</ele>
        <time>2026-05-17T09:06:14Z</time>
        <speed>1.4633553</speed>
      </trkpt>
      <trkpt lat="28.9936561" lon="119.4997221">
        <ele>112.12</ele>
        <time>2026-05-17T09:06:24Z</time>
        <speed>1.2590106</speed>
      </trkpt>
      <trkpt lat="28.9935482" lon="119.4997321">
        <ele>112.2</ele>
        <time>2026-05-17T09:06:34Z</time>
        <speed>1.2090825</speed>
      </trkpt>
      <trkpt lat="28.9934513" lon="119.4997315">
        <ele>112.16</ele>
        <time>2026-05-17T09:06:42Z</time>
        <speed>1.2811437</speed>
      </trkpt>
      <trkpt lat="28.9933441" lon="119.499736">
        <ele>111.66</ele>
        <time>2026-05-17T09:06:48Z</time>
        <speed>1.9785923</speed>
      </trkpt>
      <trkpt lat="28.9932364" lon="119.4997524">
        <ele>110.73</ele>
        <time>2026-05-17T09:06:58Z</time>
        <speed>1.473135</speed>
      </trkpt>
      <trkpt lat="28.993129" lon="119.4997675">
        <ele>110.76</ele>
        <time>2026-05-17T09:07:08Z</time>
        <speed>1.3758525</speed>
      </trkpt>
      <trkpt lat="28.9930282" lon="119.4997702">
        <ele>111.25</ele>
        <time>2026-05-17T09:07:16Z</time>
        <speed>1.330557</speed>
      </trkpt>
      <trkpt lat="28.9929274" lon="119.4997684">
        <ele>111.7</ele>
        <time>2026-05-17T09:07:24Z</time>
        <speed>1.3552636</speed>
      </trkpt>
      <trkpt lat="28.9928275" lon="119.4997693">
        <ele>112.05</ele>
        <time>2026-05-17T09:07:32Z</time>
        <speed>1.3218067</speed>
      </trkpt>
      <trkpt lat="28.9927278" lon="119.4997729">
        <ele>112.41</ele>
        <time>2026-05-17T09:07:40Z</time>
        <speed>1.3568078</speed>
      </trkpt>
      <trkpt lat="28.9926306" lon="119.4997752">
        <ele>112.92</ele>
        <time>2026-05-17T09:07:48Z</time>
        <speed>1.3454839</speed>
      </trkpt>
      <trkpt lat="28.9925342" lon="119.4997757">
        <ele>113.39</ele>
        <time>2026-05-17T09:07:56Z</time>
        <speed>1.3496016</speed>
      </trkpt>
      <trkpt lat="28.9924353" lon="119.4997806">
        <ele>113.69</ele>
        <time>2026-05-17T09:08:04Z</time>
        <speed>1.3794556</speed>
      </trkpt>
      <trkpt lat="28.9923343" lon="119.4997872">
        <ele>114.08</ele>
        <time>2026-05-17T09:08:12Z</time>
        <speed>1.4257805</speed>
      </trkpt>
      <trkpt lat="28.9922312" lon="119.4997855">
        <ele>114.74</ele>
        <time>2026-05-17T09:08:22Z</time>
        <speed>1.24151</speed>
      </trkpt>
      <trkpt lat="28.9921362" lon="119.4997818">
        <ele>115.19</ele>
        <time>2026-05-17T09:08:30Z</time>
        <speed>1.2713639</speed>
      </trkpt>
      <trkpt lat="28.9920458" lon="119.499769">
        <ele>115.45</ele>
        <time>2026-05-17T09:08:38Z</time>
        <speed>1.3321011</speed>
      </trkpt>
      <trkpt lat="28.9919453" lon="119.4997506">
        <ele>115.09</ele>
        <time>2026-05-17T09:08:46Z</time>
        <speed>1.4700466</speed>
      </trkpt>
      <trkpt lat="28.9918445" lon="119.4997321">
        <ele>115.14</ele>
        <time>2026-05-17T09:08:54Z</time>
        <speed>1.4015886</speed>
      </trkpt>
      <trkpt lat="28.9917351" lon="119.4997168">
        <ele>115.38</ele>
        <time>2026-05-17T09:09:04Z</time>
        <speed>1.51946</speed>
      </trkpt>
      <trkpt lat="28.9916353" lon="119.4996778">
        <ele>116.03</ele>
        <time>2026-05-17T09:09:12Z</time>
        <speed>1.402618</speed>
      </trkpt>
      <trkpt lat="28.9915333" lon="119.4996504">
        <ele>116.92</ele>
        <time>2026-05-17T09:09:20Z</time>
        <speed>1.4314425</speed>
      </trkpt>
      <trkpt lat="28.9914316" lon="119.4996159">
        <ele>117.73</ele>
        <time>2026-05-17T09:09:28Z</time>
        <speed>1.4504873</speed>
      </trkpt>
      <trkpt lat="28.9913324" lon="119.4995651">
        <ele>118.15</ele>
        <time>2026-05-17T09:09:36Z</time>
        <speed>1.4226922</speed>
      </trkpt>
      <trkpt lat="28.9912417" lon="119.499515">
        <ele>118.17</ele>
        <time>2026-05-17T09:09:45Z</time>
        <speed>1.3789408</speed>
      </trkpt>
      <trkpt lat="28.9911552" lon="119.4994688">
        <ele>117.92</ele>
        <time>2026-05-17T09:09:52Z</time>
        <speed>1.3398219</speed>
      </trkpt>
      <trkpt lat="28.9910672" lon="119.4994196">
        <ele>117.83</ele>
        <time>2026-05-17T09:10:00Z</time>
        <speed>1.3671023</speed>
      </trkpt>
      <trkpt lat="28.9909718" lon="119.4993643">
        <ele>117.82</ele>
        <time>2026-05-17T09:10:08Z</time>
        <speed>1.4829147</speed>
      </trkpt>
      <trkpt lat="28.9908798" lon="119.4992933">
        <ele>117.94</ele>
        <time>2026-05-17T09:10:16Z</time>
        <speed>1.547255</speed>
      </trkpt>
      <trkpt lat="28.9907932" lon="119.4992195">
        <ele>117.92</ele>
        <time>2026-05-17T09:10:24Z</time>
        <speed>1.5184306</speed>
      </trkpt>
      <trkpt lat="28.9907122" lon="119.4991469">
        <ele>117.91</ele>
        <time>2026-05-17T09:10:32Z</time>
        <speed>1.4062212</speed>
      </trkpt>
      <trkpt lat="28.9906354" lon="119.4990756">
        <ele>118.17</ele>
        <time>2026-05-17T09:10:40Z</time>
        <speed>1.4062212</speed>
      </trkpt>
      <trkpt lat="28.9905435" lon="119.4990176">
        <ele>119.08</ele>
        <time>2026-05-17T09:10:48Z</time>
        <speed>1.3835733</speed>
      </trkpt>
      <trkpt lat="28.9904605" lon="119.4989633">
        <ele>120.12</ele>
        <time>2026-05-17T09:10:54Z</time>
        <speed>1.4571786</speed>
      </trkpt>
      <trkpt lat="28.9903965" lon="119.4988846">
        <ele>120.76</ele>
        <time>2026-05-17T09:11:02Z</time>
        <speed>1.3012178</speed>
      </trkpt>
      <trkpt lat="28.9903204" lon="119.4988315">
        <ele>122.32</ele>
        <time>2026-05-17T09:11:08Z</time>
        <speed>1.5493139</speed>
      </trkpt>
      <trkpt lat="28.9902437" lon="119.4987538">
        <ele>124.25</ele>
        <time>2026-05-17T09:11:16Z</time>
        <speed>1.4561492</speed>
      </trkpt>
      <trkpt lat="28.9901606" lon="119.4986674">
        <ele>126.04</ele>
        <time>2026-05-17T09:11:24Z</time>
        <speed>1.4494578</speed>
      </trkpt>
      <trkpt lat="28.9900816" lon="119.49858">
        <ele>127.1</ele>
        <time>2026-05-17T09:11:32Z</time>
        <speed>1.5338722</speed>
      </trkpt>
      <trkpt lat="28.9900119" lon="119.4984795">
        <ele>127.31</ele>
        <time>2026-05-17T09:11:40Z</time>
        <speed>1.6033597</speed>
      </trkpt>
      <trkpt lat="28.9899468" lon="119.4983897">
        <ele>126.62</ele>
        <time>2026-05-17T09:11:48Z</time>
        <speed>1.4700466</speed>
      </trkpt>
      <trkpt lat="28.9898829" lon="119.4982911">
        <ele>126.57</ele>
        <time>2026-05-17T09:11:56Z</time>
        <speed>1.545196</speed>
      </trkpt>
      <trkpt lat="28.9898177" lon="119.4981955">
        <ele>127.01</ele>
        <time>2026-05-17T09:12:04Z</time>
        <speed>1.5626967</speed>
      </trkpt>
      <trkpt lat="28.9897553" lon="119.4981127">
        <ele>127.39</ele>
        <time>2026-05-17T09:12:10Z</time>
        <speed>1.7639531</speed>
      </trkpt>
      <trkpt lat="28.9897078" lon="119.4980196">
        <ele>127.1</ele>
        <time>2026-05-17T09:12:18Z</time>
        <speed>1.3959267</speed>
      </trkpt>
      <trkpt lat="28.9896728" lon="119.4979046">
        <ele>127.01</ele>
        <time>2026-05-17T09:12:26Z</time>
        <speed>1.5796825</speed>
      </trkpt>
      <trkpt lat="28.9896429" lon="119.4977755">
        <ele>126.92</ele>
        <time>2026-05-17T09:12:34Z</time>
        <speed>1.6347578</speed>
      </trkpt>
      <trkpt lat="28.9896148" lon="119.4976426">
        <ele>126.87</ele>
        <time>2026-05-17T09:12:42Z</time>
        <speed>1.6018156</speed>
      </trkpt>
      <trkpt lat="28.9895853" lon="119.4975161">
        <ele>127.48</ele>
        <time>2026-05-17T09:12:50Z</time>
        <speed>1.6908625</speed>
      </trkpt>
      <trkpt lat="28.9895521" lon="119.4974103">
        <ele>128.65</ele>
        <time>2026-05-17T09:12:56Z</time>
        <speed>1.8293228</speed>
      </trkpt>
      <trkpt lat="28.9895562" lon="119.4973011">
        <ele>130.05</ele>
        <time>2026-05-17T09:13:04Z</time>
        <speed>1.5709323</speed>
      </trkpt>
      <trkpt lat="28.9895791" lon="119.4971696">
        <ele>131.45</ele>
        <time>2026-05-17T09:13:12Z</time>
        <speed>1.9868277</speed>
      </trkpt>
      <trkpt lat="28.9895892" lon="119.4970545">
        <ele>132.76</ele>
        <time>2026-05-17T09:13:20Z</time>
        <speed>1.4319572</speed>
      </trkpt>
      <trkpt lat="28.9896214" lon="119.4969365">
        <ele>133.77</ele>
        <time>2026-05-17T09:13:28Z</time>
        <speed>1.3701905</speed>
      </trkpt>
      <trkpt lat="28.9896587" lon="119.4968283">
        <ele>135.85</ele>
        <time>2026-05-17T09:13:34Z</time>
        <speed>1.4463694</speed>
      </trkpt>
      <trkpt lat="28.9896852" lon="119.4967225">
        <ele>137.16</ele>
        <time>2026-05-17T09:13:42Z</time>
        <speed>1.0891522</speed>
      </trkpt>
      <trkpt lat="28.9897331" lon="119.4966244">
        <ele>138.34</ele>
        <time>2026-05-17T09:13:48Z</time>
        <speed>1.1895231</speed>
      </trkpt>
      <trkpt lat="28.9898013" lon="119.49653">
        <ele>138.97</ele>
        <time>2026-05-17T09:13:54Z</time>
        <speed>1.7984395</speed>
      </trkpt>
      <trkpt lat="28.9898682" lon="119.4964201">
        <ele>139.71</ele>
        <time>2026-05-17T09:14:02Z</time>
        <speed>2.4171355</speed>
      </trkpt>
      <trkpt lat="28.9899343" lon="119.4963277">
        <ele>141.43</ele>
        <time>2026-05-17T09:14:08Z</time>
        <speed>2.1062434</speed>
      </trkpt>
      <trkpt lat="28.9900141" lon="119.4962422">
        <ele>142.71</ele>
        <time>2026-05-17T09:14:20Z</time>
        <speed>0.991355</speed>
      </trkpt>
      <trkpt lat="28.9900924" lon="119.4961374">
        <ele>142.79</ele>
        <time>2026-05-17T09:14:28Z</time>
        <speed>1.5590936</speed>
      </trkpt>
      <trkpt lat="28.9901804" lon="119.496051">
        <ele>141.55</ele>
        <time>2026-05-17T09:14:36Z</time>
        <speed>1.7464525</speed>
      </trkpt>
      <trkpt lat="28.9902678" lon="119.4959558">
        <ele>139.29</ele>
        <time>2026-05-17T09:14:44Z</time>
        <speed>2.0341823</speed>
      </trkpt>
      <trkpt lat="28.9903516" lon="119.4958705">
        <ele>138.22</ele>
        <time>2026-05-17T09:14:50Z</time>
        <speed>2.5437572</speed>
      </trkpt>
      <trkpt lat="28.9904464" lon="119.4957977">
        <ele>136.4</ele>
        <time>2026-05-17T09:14:58Z</time>
        <speed>2.5221388</speed>
      </trkpt>
      <trkpt lat="28.9905075" lon="119.4957077">
        <ele>134.85</ele>
        <time>2026-05-17T09:15:10Z</time>
        <speed>1.4978417</speed>
      </trkpt>
      <trkpt lat="28.9905708" lon="119.4956268">
        <ele>133.76</ele>
        <time>2026-05-17T09:15:20Z</time>
        <speed>1.2677609</speed>
      </trkpt>
      <trkpt lat="28.9906264" lon="119.4955346">
        <ele>132.83</ele>
        <time>2026-05-17T09:15:30Z</time>
        <speed>1.0639309</speed>
      </trkpt>
      <trkpt lat="28.9906586" lon="119.4954305">
        <ele>133.25</ele>
        <time>2026-05-17T09:15:38Z</time>
        <speed>0.991355</speed>
      </trkpt>
      <trkpt lat="28.9906793" lon="119.495315">
        <ele>133.27</ele>
        <time>2026-05-17T09:15:44Z</time>
        <speed>1.6888036</speed>
      </trkpt>
      <trkpt lat="28.9907513" lon="119.4952351">
        <ele>133.63</ele>
        <time>2026-05-17T09:15:54Z</time>
        <speed>1.0052525</speed>
      </trkpt>
      <trkpt lat="28.9908147" lon="119.4951493">
        <ele>135.46</ele>
        <time>2026-05-17T09:16:02Z</time>
        <speed>1.2384217</speed>
      </trkpt>
      <trkpt lat="28.9908744" lon="119.4950461">
        <ele>136.99</ele>
        <time>2026-05-17T09:16:12Z</time>
        <speed>1.1735667</speed>
      </trkpt>
      <trkpt lat="28.990922" lon="119.4949475">
        <ele>137.42</ele>
        <time>2026-05-17T09:16:18Z</time>
        <speed>1.6496847</speed>
      </trkpt>
      <trkpt lat="28.9909851" lon="119.4948551">
        <ele>137.15</ele>
        <time>2026-05-17T09:16:28Z</time>
        <speed>1.2595253</speed>
      </trkpt>
      <trkpt lat="28.9910445" lon="119.4947688">
        <ele>136.61</ele>
        <time>2026-05-17T09:16:36Z</time>
        <speed>1.3856323</speed>
      </trkpt>
      <trkpt lat="28.9911046" lon="119.4946757">
        <ele>136.26</ele>
        <time>2026-05-17T09:16:46Z</time>
        <speed>1.2584958</speed>
      </trkpt>
      <trkpt lat="28.9911685" lon="119.494586">
        <ele>136.19</ele>
        <time>2026-05-17T09:16:54Z</time>
        <speed>1.3552636</speed>
      </trkpt>
      <trkpt lat="28.9912312" lon="119.4945038">
        <ele>136.11</ele>
        <time>2026-05-17T09:17:02Z</time>
        <speed>1.3696759</speed>
      </trkpt>
      <trkpt lat="28.9912921" lon="119.4944167">
        <ele>135.93</ele>
        <time>2026-05-17T09:17:10Z</time>
        <speed>1.460267</speed>
      </trkpt>
      <trkpt lat="28.9913521" lon="119.4943275">
        <ele>136.22</ele>
        <time>2026-05-17T09:17:18Z</time>
        <speed>1.3568078</speed>
      </trkpt>
      <trkpt lat="28.9914007" lon="119.4942148">
        <ele>135.74</ele>
        <time>2026-05-17T09:17:26Z</time>
        <speed>1.4000444</speed>
      </trkpt>
      <trkpt lat="28.9914514" lon="119.4941213">
        <ele>135.42</ele>
        <time>2026-05-17T09:17:34Z</time>
        <speed>1.2857761</speed>
      </trkpt>
      <trkpt lat="28.9915036" lon="119.4940337">
        <ele>135.15</ele>
        <time>2026-05-17T09:17:42Z</time>
        <speed>1.3022472</speed>
      </trkpt>
      <trkpt lat="28.9915603" lon="119.4939453">
        <ele>134.79</ele>
        <time>2026-05-17T09:17:50Z</time>
        <speed>1.3588667</speed>
      </trkpt>
      <trkpt lat="28.9916287" lon="119.4938512">
        <ele>134.71</ele>
        <time>2026-05-17T09:18:00Z</time>
        <speed>1.1745961</speed>
      </trkpt>
      <trkpt lat="28.9916812" lon="119.4937522">
        <ele>134.66</ele>
        <time>2026-05-17T09:18:06Z</time>
        <speed>1.419604</speed>
      </trkpt>
      <trkpt lat="28.991737" lon="119.4936617">
        <ele>134.59</ele>
        <time>2026-05-17T09:18:14Z</time>
        <speed>1.5179158</speed>
      </trkpt>
      <trkpt lat="28.9917884" lon="119.4935496">
        <ele>134.98</ele>
        <time>2026-05-17T09:18:24Z</time>
        <speed>1.4103389</speed>
      </trkpt>
      <trkpt lat="28.9918281" lon="119.4934394">
        <ele>136.32</ele>
        <time>2026-05-17T09:18:32Z</time>
        <speed>1.4571786</speed>
      </trkpt>
      <trkpt lat="28.9918663" lon="119.4933158">
        <ele>137.43</ele>
        <time>2026-05-17T09:18:40Z</time>
        <speed>1.4829147</speed>
      </trkpt>
      <trkpt lat="28.9919061" lon="119.4932104">
        <ele>138.41</ele>
        <time>2026-05-17T09:18:50Z</time>
        <speed>1.4355602</speed>
      </trkpt>
      <trkpt lat="28.9919061" lon="119.4932104">
        <ele>138.41</ele>
        <time>2026-05-17T09:19:09Z</time>
        <speed>1.4355602</speed>
      </trkpt>
      <extensions>
        <PauseTimes>1779009549000:pause</PauseTimes>
      </extensions>
    </trkseg>
  </trk>
  <wpt lat="28.9919317" lon="119.493145">
    <ele>120.5</ele>
    <time>2026-05-17T05:06:57Z</time>
    <name><![CDATA[停车出发
        ]]>
    </name>
    <cmt>停车出发
        </cmt>
    <desc><![CDATA[]]>
    </desc>
    <sym>Flag, Blue</sym>
    <type>user</type>
    <extensions>
      <PosType>0</PosType>
      <Speed>0.055075277</Speed>
      <Accuracy>2.7</Accuracy>
      <Time>1778994417211</Time>
      <description><![CDATA[]]>
      </description>
      <FileId>1612728286</FileId>
      <FileSize>1850236</FileSize>
      <FileType>0</FileType>
    </extensions>
  </wpt>
  <wpt lat="28.9928521" lon="119.4920274">
    <ele>120.4</ele>
    <time>2026-05-17T05:11:10Z</time>
    <name><![CDATA[左转
        ]]>
    </name>
    <cmt>左转
        </cmt>
    <desc><![CDATA[]]>
    </desc>
    <sym>Flag, Blue</sym>
    <type>user</type>
    <extensions>
      <PosType>0</PosType>
      <Speed>2.2724986</Speed>
      <Accuracy>1.5</Accuracy>
      <Time>1778994670346</Time>
      <description><![CDATA[]]>
      </description>
      <FileId>1612728283</FileId>
      <FileSize>2218040</FileSize>
      <FileType>0</FileType>
    </extensions>
  </wpt>
  <wpt lat="28.9920868" lon="119.4910945">
    <ele>120.7</ele>
    <time>2026-05-17T05:14:04Z</time>
    <name><![CDATA[
        ]]>
    </name>
    <cmt>
        </cmt>
    <desc><![CDATA[]]>
    </desc>
    <sym>Flag, Blue</sym>
    <type>user</type>
    <extensions>
      <PosType>0</PosType>
      <Speed>1.2569517</Speed>
      <Accuracy>1.7</Accuracy>
      <Time>1778994844357</Time>
      <description><![CDATA[]]>
      </description>
      <FileId>1612728279</FileId>
      <FileSize>1046877</FileSize>
      <FileType>0</FileType>
    </extensions>
  </wpt>
  <wpt lat="28.9907611" lon="119.4902907">
    <ele>126.0</ele>
    <time>2026-05-17T05:16:26Z</time>
    <name><![CDATA[
        ]]>
    </name>
    <cmt>
        </cmt>
    <desc><![CDATA[]]>
    </desc>
    <sym>Flag, Blue</sym>
    <type>user</type>
    <extensions>
      <PosType>0</PosType>
      <Speed>1.2533486</Speed>
      <Accuracy>1.5</Accuracy>
      <Time>1778994986383</Time>
      <description><![CDATA[]]>
      </description>
      <FileId>1612728271</FileId>
      <FileSize>914352</FileSize>
      <FileType>0</FileType>
    </extensions>
  </wpt>
  <wpt lat="28.989069" lon="119.4894159">
    <ele>121.5</ele>
    <time>2026-05-17T05:20:30Z</time>
    <name><![CDATA[石子路右转
        ]]>
    </name>
    <cmt>石子路右转
        </cmt>
    <desc><![CDATA[]]>
    </desc>
    <sym>Flag, Blue</sym>
    <type>user</type>
    <extensions>
      <PosType>0</PosType>
      <Speed>1.5426224</Speed>
      <Accuracy>1.6</Accuracy>
      <Time>1778995230376</Time>
      <description><![CDATA[]]>
      </description>
      <FileId>1612728263</FileId>
      <FileSize>2753256</FileSize>
      <FileType>0</FileType>
    </extensions>
  </wpt>
  <wpt lat="28.9882426" lon="119.48859">
    <ele>140.8</ele>
    <time>2026-05-17T05:25:22Z</time>
    <name><![CDATA[
        ]]>
    </name>
    <cmt>
        </cmt>
    <desc><![CDATA[]]>
    </desc>
    <sym>Flag, Blue</sym>
    <type>user</type>
    <extensions>
      <PosType>0</PosType>
      <Speed>1.2873203</Speed>
      <Accuracy>1.6</Accuracy>
      <Time>1778995522324</Time>
      <description><![CDATA[]]>
      </description>
      <FileId>1612728258</FileId>
      <FileSize>1258404</FileSize>
      <FileType>0</FileType>
    </extensions>
  </wpt>
  <wpt lat="28.9871746" lon="119.487434">
    <ele>143.9</ele>
    <time>2026-05-17T05:29:02Z</time>
    <name><![CDATA[直行
        ]]>
    </name>
    <cmt>直行
        </cmt>
    <desc><![CDATA[]]>
    </desc>
    <sym>Flag, Blue</sym>
    <type>user</type>
    <extensions>
      <PosType>0</PosType>
      <Speed>0.78392196</Speed>
      <Accuracy>1.4</Accuracy>
      <Time>1778995742334</Time>
      <description><![CDATA[]]>
      </description>
      <FileId>1612728252</FileId>
      <FileSize>2856164</FileSize>
      <FileType>0</FileType>
    </extensions>
  </wpt>
  <wpt lat="28.9865775" lon="119.4866793">
    <ele>151.7</ele>
    <time>2026-05-17T05:32:04Z</time>
    <name><![CDATA[右转
        ]]>
    </name>
    <cmt>右转
        </cmt>
    <desc><![CDATA[]]>
    </desc>
    <sym>Flag, Blue</sym>
    <type>user</type>
    <extensions>
      <PosType>0</PosType>
      <Speed>1.2662166</Speed>
      <Accuracy>1.5</Accuracy>
      <Time>1778995924377</Time>
      <description><![CDATA[]]>
      </description>
      <FileId>1612728248</FileId>
      <FileSize>2717017</FileSize>
      <FileType>0</FileType>
    </extensions>
  </wpt>
  <wpt lat="28.9849233" lon="119.48548">
    <ele>204.1</ele>
    <time>2026-05-17T05:44:54Z</time>
    <name><![CDATA[秋千
        ]]>
    </name>
    <cmt>秋千
        </cmt>
    <desc><![CDATA[]]>
    </desc>
    <sym>Flag, Blue</sym>
    <type>user</type>
    <extensions>
      <PosType>0</PosType>
      <Speed>0.24912556</Speed>
      <Accuracy>1.8</Accuracy>
      <Time>1778996694294</Time>
      <description><![CDATA[]]>
      </description>
      <FileId>1612728243</FileId>
      <FileSize>1242866</FileSize>
      <FileType>0</FileType>
    </extensions>
  </wpt>
  <wpt lat="28.985005" lon="119.4854667">
    <ele>210.7</ele>
    <time>2026-05-17T05:49:26Z</time>
    <name><![CDATA[右转
        ]]>
    </name>
    <cmt>右转
        </cmt>
    <desc><![CDATA[]]>
    </desc>
    <sym>Flag, Blue</sym>
    <type>user</type>
    <extensions>
      <PosType>0</PosType>
      <Speed>0.0</Speed>
      <Accuracy>1.6</Accuracy>
      <Time>1778996966305</Time>
      <description><![CDATA[]]>
      </description>
      <FileId>1612728237</FileId>
      <FileSize>1822028</FileSize>
      <FileType>0</FileType>
    </extensions>
  </wpt>
  <wpt lat="28.9844167" lon="119.485285">
    <ele>228.7</ele>
    <time>2026-05-17T05:58:30Z</time>
    <name><![CDATA[右转
        ]]>
    </name>
    <cmt>右转
        </cmt>
    <desc><![CDATA[]]>
    </desc>
    <sym>Flag, Blue</sym>
    <type>user</type>
    <extensions>
      <PosType>0</PosType>
      <Speed>0.31603944</Speed>
      <Accuracy>1.6</Accuracy>
      <Time>1778997510326</Time>
      <description><![CDATA[]]>
      </description>
      <FileId>1612728234</FileId>
      <FileSize>2440840</FileSize>
      <FileType>0</FileType>
    </extensions>
  </wpt>
  <wpt lat="28.9846733" lon="119.4849233">
    <ele>240.6</ele>
    <time>2026-05-17T06:04:20Z</time>
    <name><![CDATA[右转
        ]]>
    </name>
    <cmt>右转
        </cmt>
    <desc><![CDATA[]]>
    </desc>
    <sym>Flag, Blue</sym>
    <type>user</type>
    <extensions>
      <PosType>0</PosType>
      <Speed>0.5111192</Speed>
      <Accuracy>1.2</Accuracy>
      <Time>1778997860357</Time>
      <description><![CDATA[]]>
      </description>
      <FileId>1612728228</FileId>
      <FileSize>2567202</FileSize>
      <FileType>0</FileType>
    </extensions>
  </wpt>
  <wpt lat="28.98494" lon="119.4847583">
    <ele>257.4</ele>
    <time>2026-05-17T06:09:16Z</time>
    <name><![CDATA[陡坡
        ]]>
    </name>
    <cmt>陡坡
        </cmt>
    <desc><![CDATA[]]>
    </desc>
    <sym>Flag, Blue</sym>
    <type>user</type>
    <extensions>
      <PosType>0</PosType>
      <Speed>0.0</Speed>
      <Accuracy>1.6</Accuracy>
      <Time>1778998156343</Time>
      <description><![CDATA[]]>
      </description>
    </extensions>
  </wpt>
  <wpt lat="28.98579" lon="119.4842317">
    <ele>311.7</ele>
    <time>2026-05-17T06:47:44Z</time>
    <name><![CDATA[山顶山脊线
        ]]>
    </name>
    <cmt>山顶山脊线
        </cmt>
    <desc><![CDATA[]]>
    </desc>
    <sym>Flag, Blue</sym>
    <type>user</type>
    <extensions>
      <PosType>0</PosType>
      <Speed>0.6784039</Speed>
      <Accuracy>1.3</Accuracy>
      <Time>1779000464417</Time>
      <description><![CDATA[]]>
      </description>
      <FileId>1612728173</FileId>
      <FileSize>1409289</FileSize>
      <FileType>0</FileType>
    </extensions>
  </wpt>
  <wpt lat="28.9866767" lon="119.4845933">
    <ele>307.6</ele>
    <time>2026-05-17T06:55:28Z</time>
    <name><![CDATA[
        ]]>
    </name>
    <cmt>
        </cmt>
    <desc><![CDATA[]]>
    </desc>
    <sym>Flag, Blue</sym>
    <type>user</type>
    <extensions>
      <PosType>0</PosType>
      <Speed>0.45913222</Speed>
      <Accuracy>1.2</Accuracy>
      <Time>1779000928397</Time>
      <description><![CDATA[]]>
      </description>
      <FileId>1612728159</FileId>
      <FileSize>1677418</FileSize>
      <FileType>0</FileType>
    </extensions>
  </wpt>
  <wpt lat="28.98686" lon="119.4845254">
    <ele>307.0</ele>
    <time>2026-05-17T06:56:30Z</time>
    <name><![CDATA[风景最佳点
        ]]>
    </name>
    <cmt>风景最佳点
        </cmt>
    <desc><![CDATA[]]>
    </desc>
    <sym>Flag, Blue</sym>
    <type>user</type>
    <extensions>
      <PosType>0</PosType>
      <Speed>1.0073113</Speed>
      <Accuracy>1.3</Accuracy>
      <Time>1779000990404</Time>
      <description><![CDATA[]]>
      </description>
      <FileId>1612728143</FileId>
      <FileSize>963660</FileSize>
      <FileType>0</FileType>
    </extensions>
  </wpt>
  <wpt lat="28.9867633" lon="119.4845483">
    <ele>309.9</ele>
    <time>2026-05-17T07:13:04Z</time>
    <name><![CDATA[左转下山
        ]]>
    </name>
    <cmt>左转下山
        </cmt>
    <desc><![CDATA[]]>
    </desc>
    <sym>Flag, Blue</sym>
    <type>user</type>
    <extensions>
      <PosType>0</PosType>
      <Speed>0.0</Speed>
      <Accuracy>1.2</Accuracy>
      <Time>1779001984386</Time>
      <description><![CDATA[]]>
      </description>
      <FileId>1612728134</FileId>
      <FileSize>2524822</FileSize>
      <FileType>0</FileType>
    </extensions>
  </wpt>
  <wpt lat="28.9869283" lon="119.4844933">
    <ele>298.0</ele>
    <time>2026-05-17T07:16:54Z</time>
    <name><![CDATA[右转
        ]]>
    </name>
    <cmt>右转
        </cmt>
    <desc><![CDATA[]]>
    </desc>
    <sym>Flag, Blue</sym>
    <type>user</type>
    <extensions>
      <PosType>0</PosType>
      <Speed>0.24964027</Speed>
      <Accuracy>1.2</Accuracy>
      <Time>1779002214400</Time>
      <description><![CDATA[]]>
      </description>
      <FileId>1612728128</FileId>
      <FileSize>2903852</FileSize>
      <FileType>0</FileType>
    </extensions>
  </wpt>
  <wpt lat="28.9874849" lon="119.4844921">
    <ele>305.2</ele>
    <time>2026-05-17T07:21:20Z</time>
    <name><![CDATA[
        ]]>
    </name>
    <cmt>
        </cmt>
    <desc><![CDATA[]]>
    </desc>
    <sym>Flag, Blue</sym>
    <type>user</type>
    <extensions>
      <PosType>0</PosType>
      <Speed>0.45552915</Speed>
      <Accuracy>1.2</Accuracy>
      <Time>1779002480403</Time>
      <description><![CDATA[]]>
      </description>
      <FileId>1612728118</FileId>
      <FileSize>2933271</FileSize>
      <FileType>0</FileType>
    </extensions>
  </wpt>
  <wpt lat="28.9888229" lon="119.4856636">
    <ele>284.6</ele>
    <time>2026-05-17T07:33:18Z</time>
    <name><![CDATA[左转，很容易走错
        ]]>
    </name>
    <cmt>左转，很容易走错
        </cmt>
    <desc><![CDATA[]]>
    </desc>
    <sym>Flag, Blue</sym>
    <type>user</type>
    <extensions>
      <PosType>0</PosType>
      <Speed>0.5260461</Speed>
      <Accuracy>1.4</Accuracy>
      <Time>1779003198399</Time>
      <description><![CDATA[]]>
      </description>
      <FileId>1612728111</FileId>
      <FileSize>2695032</FileSize>
      <FileType>0</FileType>
    </extensions>
  </wpt>
  <wpt lat="28.9895354" lon="119.4853061">
    <ele>265.3</ele>
    <time>2026-05-17T07:40:12Z</time>
    <name><![CDATA[
        ]]>
    </name>
    <cmt>
        </cmt>
    <desc><![CDATA[]]>
    </desc>
    <sym>Flag, Blue</sym>
    <type>user</type>
    <extensions>
      <PosType>0</PosType>
      <Speed>0.7257583</Speed>
      <Accuracy>1.5</Accuracy>
      <Time>1779003612361</Time>
      <description><![CDATA[]]>
      </description>
      <FileId>1612728101</FileId>
      <FileSize>1120042</FileSize>
      <FileType>0</FileType>
    </extensions>
  </wpt>
  <wpt lat="28.9900813" lon="119.4849112">
    <ele>250.4</ele>
    <time>2026-05-17T07:42:22Z</time>
    <name><![CDATA[三个路，从左边
        ]]>
    </name>
    <cmt>三个路，从左边
        </cmt>
    <desc><![CDATA[]]>
    </desc>
    <sym>Flag, Blue</sym>
    <type>user</type>
    <extensions>
      <PosType>0</PosType>
      <Speed>0.0</Speed>
      <Accuracy>1.4</Accuracy>
      <Time>1779003742357</Time>
      <description><![CDATA[]]>
      </description>
      <FileId>1612728090</FileId>
      <FileSize>2909419</FileSize>
      <FileType>0</FileType>
    </extensions>
  </wpt>
  <wpt lat="28.9902883" lon="119.484705">
    <ele>240.9</ele>
    <time>2026-05-17T07:47:14Z</time>
    <name><![CDATA[左转
        ]]>
    </name>
    <cmt>左转
        </cmt>
    <desc><![CDATA[]]>
    </desc>
    <sym>Flag, Blue</sym>
    <type>user</type>
    <extensions>
      <PosType>0</PosType>
      <Speed>0.5538411</Speed>
      <Accuracy>1.4</Accuracy>
      <Time>1779004034398</Time>
      <description><![CDATA[]]>
      </description>
      <FileId>1612728082</FileId>
      <FileSize>2567718</FileSize>
      <FileType>0</FileType>
    </extensions>
  </wpt>
  <wpt lat="28.9909639" lon="119.4844538">
    <ele>218.8</ele>
    <time>2026-05-17T07:52:52Z</time>
    <name><![CDATA[
        ]]>
    </name>
    <cmt>
        </cmt>
    <desc><![CDATA[]]>
    </desc>
    <sym>Flag, Blue</sym>
    <type>user</type>
    <extensions>
      <PosType>0</PosType>
      <Speed>0.84980637</Speed>
      <Accuracy>1.4</Accuracy>
      <Time>1779004372385</Time>
      <description><![CDATA[]]>
      </description>
      <FileId>1612728076</FileId>
      <FileSize>1502601</FileSize>
      <FileType>0</FileType>
    </extensions>
  </wpt>
  <wpt lat="28.9918453" lon="119.4845822">
    <ele>199.8</ele>
    <time>2026-05-17T07:56:04Z</time>
    <name><![CDATA[左转
        ]]>
    </name>
    <cmt>左转
        </cmt>
    <desc><![CDATA[]]>
    </desc>
    <sym>Flag, Blue</sym>
    <type>user</type>
    <extensions>
      <PosType>0</PosType>
      <Speed>0.0</Speed>
      <Accuracy>1.4</Accuracy>
      <Time>1779004564366</Time>
      <description><![CDATA[]]>
      </description>
      <FileId>1612728064</FileId>
      <FileSize>2721415</FileSize>
      <FileType>0</FileType>
    </extensions>
  </wpt>
  <wpt lat="28.9921579" lon="119.4849822">
    <ele>178.5</ele>
    <time>2026-05-17T07:59:24Z</time>
    <name><![CDATA[
        ]]>
    </name>
    <cmt>
        </cmt>
    <desc><![CDATA[]]>
    </desc>
    <sym>Flag, Blue</sym>
    <type>user</type>
    <extensions>
      <PosType>0</PosType>
      <Speed>0.5785478</Speed>
      <Accuracy>1.5</Accuracy>
      <Time>1779004764330</Time>
      <description><![CDATA[]]>
      </description>
      <FileId>1612728060</FileId>
      <FileSize>1256521</FileSize>
      <FileType>0</FileType>
    </extensions>
  </wpt>
  <wpt lat="28.9925126" lon="119.4850304">
    <ele>161.8</ele>
    <time>2026-05-17T08:01:04Z</time>
    <name><![CDATA[松叶林
        ]]>
    </name>
    <cmt>松叶林
        </cmt>
    <desc><![CDATA[]]>
    </desc>
    <sym>Flag, Blue</sym>
    <type>user</type>
    <extensions>
      <PosType>0</PosType>
      <Speed>0.7031106</Speed>
      <Accuracy>1.5</Accuracy>
      <Time>1779004864371</Time>
      <description><![CDATA[]]>
      </description>
    </extensions>
  </wpt>
  <wpt lat="28.9932533" lon="119.4847567">
    <ele>133.1</ele>
    <time>2026-05-17T08:05:44Z</time>
    <name><![CDATA[左转
        ]]>
    </name>
    <cmt>左转
        </cmt>
    <desc><![CDATA[]]>
    </desc>
    <sym>Flag, Blue</sym>
    <type>user</type>
    <extensions>
      <PosType>0</PosType>
      <Speed>0.4838389</Speed>
      <Accuracy>1.4</Accuracy>
      <Time>1779005144339</Time>
      <description><![CDATA[]]>
      </description>
      <FileId>1612728054</FileId>
      <FileSize>2752056</FileSize>
      <FileType>0</FileType>
    </extensions>
  </wpt>
  <wpt lat="28.9935067" lon="119.4847149">
    <ele>123.6</ele>
    <time>2026-05-17T08:07:42Z</time>
    <name><![CDATA[大路
        ]]>
    </name>
    <cmt>大路
        </cmt>
    <desc><![CDATA[]]>
    </desc>
    <sym>Flag, Blue</sym>
    <type>user</type>
    <extensions>
      <PosType>0</PosType>
      <Speed>1.01915</Speed>
      <Accuracy>1.4</Accuracy>
      <Time>1779005262364</Time>
      <description><![CDATA[]]>
      </description>
      <FileId>1612728052</FileId>
      <FileSize>1516716</FileSize>
      <FileType>0</FileType>
    </extensions>
  </wpt>
  <wpt lat="28.9934481" lon="119.4837538">
    <ele>103.6</ele>
    <time>2026-05-17T08:10:30Z</time>
    <name><![CDATA[坟墓
        ]]>
    </name>
    <cmt>坟墓
        </cmt>
    <desc><![CDATA[]]>
    </desc>
    <sym>Flag, Blue</sym>
    <type>user</type>
    <extensions>
      <PosType>0</PosType>
      <Speed>0.27897945</Speed>
      <Accuracy>1.4</Accuracy>
      <Time>1779005430373</Time>
      <description><![CDATA[]]>
      </description>
    </extensions>
  </wpt>
  <wpt lat="28.9933195" lon="119.4832133">
    <ele>95.7</ele>
    <time>2026-05-17T08:11:30Z</time>
    <name><![CDATA[右转，这里可以洗脸
        ]]>
    </name>
    <cmt>右转，这里可以洗脸
        </cmt>
    <desc><![CDATA[]]>
    </desc>
    <sym>Flag, Blue</sym>
    <type>user</type>
    <extensions>
      <PosType>0</PosType>
      <Speed>0.7283319</Speed>
      <Accuracy>1.4</Accuracy>
      <Time>1779005490374</Time>
      <description><![CDATA[]]>
      </description>
      <FileId>1612728046</FileId>
      <FileSize>2659435</FileSize>
      <FileType>0</FileType>
    </extensions>
  </wpt>
  <wpt lat="28.994078" lon="119.4841463">
    <ele>87.4</ele>
    <time>2026-05-17T08:14:58Z</time>
    <name><![CDATA[
        ]]>
    </name>
    <cmt>
        </cmt>
    <desc><![CDATA[]]>
    </desc>
    <sym>Flag, Blue</sym>
    <type>user</type>
    <extensions>
      <PosType>0</PosType>
      <Speed>0.7154639</Speed>
      <Accuracy>1.4</Accuracy>
      <Time>1779005698345</Time>
      <description><![CDATA[]]>
      </description>
      <FileId>1612728042</FileId>
      <FileSize>1158605</FileSize>
      <FileType>0</FileType>
    </extensions>
  </wpt>
  <wpt lat="28.9947109" lon="119.4866625">
    <ele>84.3</ele>
    <time>2026-05-17T08:20:38Z</time>
    <name><![CDATA[
        ]]>
    </name>
    <cmt>
        </cmt>
    <desc><![CDATA[]]>
    </desc>
    <sym>Flag, Blue</sym>
    <type>user</type>
    <extensions>
      <PosType>0</PosType>
      <Speed>0.0</Speed>
      <Accuracy>1.3</Accuracy>
      <Time>1779006038344</Time>
      <description><![CDATA[]]>
      </description>
      <FileId>1612728035</FileId>
      <FileSize>1663339</FileSize>
      <FileType>0</FileType>
    </extensions>
  </wpt>
  <wpt lat="29.0000813" lon="119.4916838">
    <ele>85.6</ele>
    <time>2026-05-17T08:31:12Z</time>
    <name><![CDATA[松叶林
        ]]>
    </name>
    <cmt>松叶林
        </cmt>
    <desc><![CDATA[]]>
    </desc>
    <sym>Flag, Blue</sym>
    <type>user</type>
    <extensions>
      <PosType>0</PosType>
      <Speed>1.5786531</Speed>
      <Accuracy>1.5</Accuracy>
      <Time>1779006672357</Time>
      <description><![CDATA[]]>
      </description>
    </extensions>
  </wpt>
  <wpt lat="29.0003048" lon="119.4920672">
    <ele>87.0</ele>
    <time>2026-05-17T08:31:46Z</time>
    <name><![CDATA[直行
        ]]>
    </name>
    <cmt>直行
        </cmt>
    <desc><![CDATA[]]>
    </desc>
    <sym>Flag, Blue</sym>
    <type>user</type>
    <extensions>
      <PosType>0</PosType>
      <Speed>1.108197</Speed>
      <Accuracy>1.5</Accuracy>
      <Time>1779006706355</Time>
      <description><![CDATA[]]>
      </description>
    </extensions>
  </wpt>
  <wpt lat="29.0013453" lon="119.4931091">
    <ele>95.8</ele>
    <time>2026-05-17T08:34:10Z</time>
    <name><![CDATA[看一下，不过去，继续直走
        ]]>
    </name>
    <cmt>看一下，不过去，继续直走
        </cmt>
    <desc><![CDATA[]]>
    </desc>
    <sym>Flag, Blue</sym>
    <type>user</type>
    <extensions>
      <PosType>0</PosType>
      <Speed>0.0</Speed>
      <Accuracy>1.1</Accuracy>
      <Time>1779006850369</Time>
      <description><![CDATA[]]>
      </description>
      <FileId>1612727923</FileId>
      <FileSize>1404033</FileSize>
      <FileType>0</FileType>
    </extensions>
  </wpt>
  <wpt lat="29.0018618" lon="119.4938454">
    <ele>91.9</ele>
    <time>2026-05-17T08:37:30Z</time>
    <name><![CDATA[
        ]]>
    </name>
    <cmt>
        </cmt>
    <desc><![CDATA[]]>
    </desc>
    <sym>Flag, Blue</sym>
    <type>user</type>
    <extensions>
      <PosType>0</PosType>
      <Speed>1.2152592</Speed>
      <Accuracy>1.9</Accuracy>
      <Time>1779007050325</Time>
      <description><![CDATA[]]>
      </description>
      <FileId>1612727910</FileId>
      <FileSize>841848</FileSize>
      <FileType>0</FileType>
    </extensions>
  </wpt>
  <wpt lat="29.0018836" lon="119.4943135">
    <ele>102.0</ele>
    <time>2026-05-17T08:38:38Z</time>
    <name><![CDATA[凉亭
        ]]>
    </name>
    <cmt>凉亭
        </cmt>
    <desc><![CDATA[]]>
    </desc>
    <sym>Flag, Blue</sym>
    <type>user</type>
    <extensions>
      <PosType>0</PosType>
      <Speed>0.9898108</Speed>
      <Accuracy>1.9</Accuracy>
      <Time>1779007118285</Time>
      <description><![CDATA[]]>
      </description>
    </extensions>
  </wpt>
  <wpt lat="29.0019499" lon="119.4948084">
    <ele>105.0</ele>
    <time>2026-05-17T08:39:28Z</time>
    <name><![CDATA[
        ]]>
    </name>
    <cmt>
        </cmt>
    <desc><![CDATA[]]>
    </desc>
    <sym>Flag, Blue</sym>
    <type>user</type>
    <extensions>
      <PosType>0</PosType>
      <Speed>0.0</Speed>
      <Accuracy>2.3</Accuracy>
      <Time>1779007168242</Time>
      <description><![CDATA[]]>
      </description>
      <FileId>1612727901</FileId>
      <FileSize>942962</FileSize>
      <FileType>0</FileType>
    </extensions>
  </wpt>
  <wpt lat="29.0018906" lon="119.4944614">
    <ele>101.8</ele>
    <time>2026-05-17T08:42:52Z</time>
    <name><![CDATA[原路返回，走第二层
        ]]>
    </name>
    <cmt>原路返回，走第二层
        </cmt>
    <desc><![CDATA[]]>
    </desc>
    <sym>Flag, Blue</sym>
    <type>user</type>
    <extensions>
      <PosType>0</PosType>
      <Speed>1.3604108</Speed>
      <Accuracy>1.9</Accuracy>
      <Time>1779007372361</Time>
      <description><![CDATA[]]>
      </description>
    </extensions>
  </wpt>
  <wpt lat="29.0019141" lon="119.4946358">
    <ele>93.2</ele>
    <time>2026-05-17T08:44:18Z</time>
    <name><![CDATA[
        ]]>
    </name>
    <cmt>
        </cmt>
    <desc><![CDATA[]]>
    </desc>
    <sym>Flag, Blue</sym>
    <type>user</type>
    <extensions>
      <PosType>0</PosType>
      <Speed>1.1138589</Speed>
      <Accuracy>1.6</Accuracy>
      <Time>1779007458338</Time>
      <description><![CDATA[]]>
      </description>
      <FileId>1612727888</FileId>
      <FileSize>820125</FileSize>
      <FileType>0</FileType>
    </extensions>
  </wpt>
  <wpt lat="29.0024144" lon="119.4954467">
    <ele>86.2</ele>
    <time>2026-05-17T08:45:44Z</time>
    <name><![CDATA[
        ]]>
    </name>
    <cmt>
        </cmt>
    <desc><![CDATA[]]>
    </desc>
    <sym>Flag, Blue</sym>
    <type>user</type>
    <extensions>
      <PosType>0</PosType>
      <Speed>2.1175673</Speed>
      <Accuracy>1.8</Accuracy>
      <Time>1779007544353</Time>
      <description><![CDATA[]]>
      </description>
      <FileId>1612727879</FileId>
      <FileSize>986316</FileSize>
      <FileType>0</FileType>
    </extensions>
  </wpt>
  <wpt lat="29.0027158" lon="119.4959617">
    <ele>84.3</ele>
    <time>2026-05-17T08:46:34Z</time>
    <name><![CDATA[
        ]]>
    </name>
    <cmt>
        </cmt>
    <desc><![CDATA[]]>
    </desc>
    <sym>Flag, Blue</sym>
    <type>user</type>
    <extensions>
      <PosType>0</PosType>
      <Speed>1.0222384</Speed>
      <Accuracy>1.6</Accuracy>
      <Time>1779007594317</Time>
      <description><![CDATA[]]>
      </description>
      <FileId>1612727868</FileId>
      <FileSize>1234286</FileSize>
      <FileType>0</FileType>
    </extensions>
  </wpt>
  <wpt lat="29.0027445" lon="119.4961768">
    <ele>91.3</ele>
    <time>2026-05-17T08:46:56Z</time>
    <name><![CDATA[凉亭
        ]]>
    </name>
    <cmt>凉亭
        </cmt>
    <desc><![CDATA[]]>
    </desc>
    <sym>Flag, Blue</sym>
    <type>user</type>
    <extensions>
      <PosType>0</PosType>
      <Speed>0.8287028</Speed>
      <Accuracy>1.5</Accuracy>
      <Time>1779007616393</Time>
      <description><![CDATA[]]>
      </description>
    </extensions>
  </wpt>
  <wpt lat="29.0029515" lon="119.496376">
    <ele>90.9</ele>
    <time>2026-05-17T08:47:30Z</time>
    <name><![CDATA[白沙堰
        ]]>
    </name>
    <cmt>白沙堰
        </cmt>
    <desc><![CDATA[]]>
    </desc>
    <sym>Flag, Blue</sym>
    <type>user</type>
    <extensions>
      <PosType>0</PosType>
      <Speed>1.7057894</Speed>
      <Accuracy>1.6</Accuracy>
      <Time>1779007650322</Time>
      <description><![CDATA[]]>
      </description>
      <FileId>1612727851</FileId>
      <FileSize>877326</FileSize>
      <FileType>0</FileType>
    </extensions>
  </wpt>
  <wpt lat="29.0031534" lon="119.4967289">
    <ele>88.4</ele>
    <time>2026-05-17T08:48:58Z</time>
    <name><![CDATA[卫生间
        ]]>
    </name>
    <cmt>卫生间
        </cmt>
    <desc><![CDATA[]]>
    </desc>
    <sym>Flag, Blue</sym>
    <type>user</type>
    <extensions>
      <PosType>0</PosType>
      <Speed>1.5410783</Speed>
      <Accuracy>1.4</Accuracy>
      <Time>1779007738375</Time>
      <description><![CDATA[]]>
      </description>
    </extensions>
  </wpt>
  <wpt lat="29.0029853" lon="119.4988038">
    <ele>83.3</ele>
    <time>2026-05-17T08:53:16Z</time>
    <name><![CDATA[公路2.5公里，可以考虑搭车
        ]]>
    </name>
    <cmt>公路2.5公里，可以考虑搭车
        </cmt>
    <desc><![CDATA[]]>
    </desc>
    <sym>Flag, Blue</sym>
    <type>user</type>
    <extensions>
      <PosType>0</PosType>
      <Speed>1.4314425</Speed>
      <Accuracy>1.5</Accuracy>
      <Time>1779007996459</Time>
      <description><![CDATA[]]>
      </description>
    </extensions>
  </wpt>
  <wpt lat="28.9947904" lon="119.4990759">
    <ele>111.9</ele>
    <time>2026-05-17T09:04:48Z</time>
    <name><![CDATA[一直公路
        ]]>
    </name>
    <cmt>一直公路
        </cmt>
    <desc><![CDATA[]]>
    </desc>
    <sym>Flag, Blue</sym>
    <type>user</type>
    <extensions>
      <PosType>0</PosType>
      <Speed>1.5678439</Speed>
      <Accuracy>1.1</Accuracy>
      <Time>1779008688462</Time>
      <description><![CDATA[]]>
      </description>
    </extensions>
  </wpt>
  <wpt lat="28.9937617" lon="119.4996996">
    <ele>112.3</ele>
    <time>2026-05-17T09:06:14Z</time>
    <name><![CDATA[右转
        ]]>
    </name>
    <cmt>右转
        </cmt>
    <desc><![CDATA[]]>
    </desc>
    <sym>Flag, Blue</sym>
    <type>user</type>
    <extensions>
      <PosType>0</PosType>
      <Speed>1.4633553</Speed>
      <Accuracy>1.1</Accuracy>
      <Time>1779008774491</Time>
      <description><![CDATA[]]>
      </description>
      <FileId>1612727844</FileId>
      <FileSize>1796523</FileSize>
      <FileType>0</FileType>
    </extensions>
  </wpt>
  <wpt lat="28.9897553" lon="119.4981127">
    <ele>126.7</ele>
    <time>2026-05-17T09:12:10Z</time>
    <name><![CDATA[右转
        ]]>
    </name>
    <cmt>右转
        </cmt>
    <desc><![CDATA[]]>
    </desc>
    <sym>Flag, Blue</sym>
    <type>user</type>
    <extensions>
      <PosType>0</PosType>
      <Speed>1.7639531</Speed>
      <Accuracy>1.2</Accuracy>
      <Time>1779009130426</Time>
      <description><![CDATA[]]>
      </description>
    </extensions>
  </wpt>
  <wpt lat="28.9895791" lon="119.4971696">
    <ele>134.5</ele>
    <time>2026-05-17T09:13:12Z</time>
    <name><![CDATA[右转
        ]]>
    </name>
    <cmt>右转
        </cmt>
    <desc><![CDATA[]]>
    </desc>
    <sym>Flag, Blue</sym>
    <type>user</type>
    <extensions>
      <PosType>0</PosType>
      <Speed>1.9868277</Speed>
      <Accuracy>1.4</Accuracy>
      <Time>1779009192384</Time>
      <description><![CDATA[]]>
      </description>
    </extensions>
  </wpt>
</gpx>