<?xml version='1.0' encoding='UTF-8' standalone='yes' ?>
<gpx version="1.1" creator="GPSBabel - http://www.gpsbabel.org" xmlns:xsi="http://www.w3.org/2001/XMLSchema-instance" xmlns="http://www.topografix.com/GPX/1/1" xsi:schemaLocation="http://www.topografix.com/GPX/1/1 http://www.topografix.com/GPX/1/1/gpx.xsd">
  <metadata>
    <link href="http://www.garmin.com">
      <text>Garmin International</text>
    </link>
    <time>2026-01-29T01:35:40Z</time>
    <bounds minlat="29.02857" minlon="120.060967" maxlat="29.052336" maxlon="120.079192" />
  </metadata>
  <extensions>
    <name><![CDATA[笔架山 三渡溪下撤路线]]>
    </name>
    <description><![CDATA[]]>
    </description>
    <TrackId>78606742</TrackId>
    <TrackTypeId>8</TrackTypeId>
    <TrackTags>爬山</TrackTags>
    <BeginTime>1769650540441</BeginTime>
    <EndTime>1769667964844</EndTime>
    <TimeUsed>17424000</TimeUsed>
    <PauseTime>1280384</PauseTime>
    <PosStartName>洞囗山庄</PosStartName>
    <PosEndName>洞囗山庄</PosEndName>
    <ProductVersion>8.1.0</ProductVersion>
    <StartDistrictId>0</StartDistrictId>
    <EndDistrictId>0</EndDistrictId>
    <CreaterId>60629478</CreaterId>
    <CreaterName><![CDATA[zs_6999115]]>
    </CreaterName>
    <CreaterIcon>0</CreaterIcon>
    <OriginCreaterId>60629478</OriginCreaterId>
    <OriginCreaterNickname><![CDATA[zs_6999115]]>
    </OriginCreaterNickname>
    <OriginCreaterName><![CDATA[null]]>
    </OriginCreaterName>
    <OriginCreaterIcon>0</OriginCreaterIcon>
    <ThumbnailId>1551511879</ThumbnailId>
    <Distance>10089.0</Distance>
    <ElevationGain>771.1424949999998</ElevationGain>
    <ElevationLoss>771.7032100000001</ElevationLoss>
    <SportAvgSpeed>0.6249529225670383</SportAvgSpeed>
  </extensions>
  <trk>
    <trkseg>
      <trkpt lat="29.028861" lon="120.070588">
        <ele>186.359949</ele>
        <time>2026-01-29T01:35:44Z</time>
        <speed>0.82455</speed>
      </trkpt>
      <trkpt lat="29.028865" lon="120.070592">
        <ele>186.350786</ele>
        <time>2026-01-29T01:35:48Z</time>
        <speed>1.088728</speed>
      </trkpt>
      <trkpt lat="29.028919" lon="120.070653">
        <ele>185.526618</ele>
        <time>2026-01-29T01:35:55Z</time>
        <speed>0.794382</speed>
      </trkpt>
      <trkpt lat="29.028967" lon="120.0707">
        <ele>185.535794</ele>
        <time>2026-01-29T01:36:01Z</time>
        <speed>0.88445</speed>
      </trkpt>
      <trkpt lat="29.029005" lon="120.070761">
        <ele>190.439911</ele>
        <time>2026-01-29T01:36:42Z</time>
        <speed>1.636344</speed>
      </trkpt>
      <trkpt lat="29.029022" lon="120.070781">
        <ele>191.480003</ele>
        <time>2026-01-29T01:36:46Z</time>
        <speed>1.333851</speed>
      </trkpt>
      <trkpt lat="29.029052" lon="120.070835">
        <ele>191.473273</ele>
        <time>2026-01-29T01:36:53Z</time>
        <speed>0.197621</speed>
      </trkpt>
      <trkpt lat="29.029082" lon="120.070887">
        <ele>190.239759</ele>
        <time>2026-01-29T01:36:59Z</time>
        <speed>1.515727</speed>
      </trkpt>
      <trkpt lat="29.0291" lon="120.070926">
        <ele>190.268483</ele>
        <time>2026-01-29T01:37:02Z</time>
        <speed>1.399958</speed>
      </trkpt>
      <trkpt lat="29.029124" lon="120.070967">
        <ele>190.844878</ele>
        <time>2026-01-29T01:37:05Z</time>
        <speed>1.352071</speed>
      </trkpt>
      <trkpt lat="29.029148" lon="120.071013">
        <ele>191.866477</ele>
        <time>2026-01-29T01:37:08Z</time>
        <speed>1.419686</speed>
      </trkpt>
      <trkpt lat="29.029179" lon="120.071068">
        <ele>192.255718</ele>
        <time>2026-01-29T01:37:13Z</time>
        <speed>1.563379</speed>
      </trkpt>
      <trkpt lat="29.029199" lon="120.071116">
        <ele>192.525806</ele>
        <time>2026-01-29T01:37:17Z</time>
        <speed>1.480873</speed>
      </trkpt>
      <trkpt lat="29.029218" lon="120.071172">
        <ele>192.900023</ele>
        <time>2026-01-29T01:37:21Z</time>
        <speed>1.511536</speed>
      </trkpt>
      <trkpt lat="29.02923" lon="120.071233">
        <ele>193.820131</ele>
        <time>2026-01-29T01:37:25Z</time>
        <speed>1.502973</speed>
      </trkpt>
      <trkpt lat="29.029248" lon="120.071285">
        <ele>195.077675</ele>
        <time>2026-01-29T01:37:29Z</time>
        <speed>1.438504</speed>
      </trkpt>
      <trkpt lat="29.029271" lon="120.071339">
        <ele>196.420645</ele>
        <time>2026-01-29T01:37:34Z</time>
        <speed>1.288587</speed>
      </trkpt>
      <trkpt lat="29.029287" lon="120.07139">
        <ele>197.151853</ele>
        <time>2026-01-29T01:37:38Z</time>
        <speed>1.479613</speed>
      </trkpt>
      <trkpt lat="29.029312" lon="120.071443">
        <ele>197.258699</ele>
        <time>2026-01-29T01:37:43Z</time>
        <speed>1.005622</speed>
      </trkpt>
      <trkpt lat="29.029334" lon="120.071484">
        <ele>197.279783</ele>
        <time>2026-01-29T01:37:46Z</time>
        <speed>1.492935</speed>
      </trkpt>
      <trkpt lat="29.029363" lon="120.071523">
        <ele>197.626094</ele>
        <time>2026-01-29T01:37:49Z</time>
        <speed>1.498649</speed>
      </trkpt>
      <trkpt lat="29.029401" lon="120.071554">
        <ele>197.781912</ele>
        <time>2026-01-29T01:37:52Z</time>
        <speed>1.509292</speed>
      </trkpt>
      <trkpt lat="29.029446" lon="120.071603">
        <ele>198.683039</ele>
        <time>2026-01-29T01:38:06Z</time>
        <speed>0.230282</speed>
      </trkpt>
      <trkpt lat="29.029474" lon="120.071614">
        <ele>198.215257</ele>
        <time>2026-01-29T01:38:09Z</time>
        <speed>1.515095</speed>
      </trkpt>
      <trkpt lat="29.029506" lon="120.071679">
        <ele>198.631837</ele>
        <time>2026-01-29T01:38:17Z</time>
        <speed>1.451317</speed>
      </trkpt>
      <trkpt lat="29.029537" lon="120.071724">
        <ele>199.11587</ele>
        <time>2026-01-29T01:38:22Z</time>
        <speed>1.348911</speed>
      </trkpt>
      <trkpt lat="29.029577" lon="120.071766">
        <ele>199.336666</ele>
        <time>2026-01-29T01:38:27Z</time>
        <speed>1.338275</speed>
      </trkpt>
      <trkpt lat="29.029612" lon="120.071814">
        <ele>199.869657</ele>
        <time>2026-01-29T01:38:32Z</time>
        <speed>1.117714</speed>
      </trkpt>
      <trkpt lat="29.029646" lon="120.07185">
        <ele>199.896533</ele>
        <time>2026-01-29T01:38:36Z</time>
        <speed>1.25713</speed>
      </trkpt>
      <trkpt lat="29.029689" lon="120.071889">
        <ele>200.433968</ele>
        <time>2026-01-29T01:38:41Z</time>
        <speed>1.464371</speed>
      </trkpt>
      <trkpt lat="29.02972" lon="120.071925">
        <ele>201.523127</ele>
        <time>2026-01-29T01:38:45Z</time>
        <speed>1.196959</speed>
      </trkpt>
      <trkpt lat="29.029755" lon="120.071963">
        <ele>202.243747</ele>
        <time>2026-01-29T01:38:49Z</time>
        <speed>1.304874</speed>
      </trkpt>
      <trkpt lat="29.02979" lon="120.072012">
        <ele>203.41823</ele>
        <time>2026-01-29T01:38:54Z</time>
        <speed>1.148503</speed>
      </trkpt>
      <trkpt lat="29.029817" lon="120.072056">
        <ele>203.862659</ele>
        <time>2026-01-29T01:38:58Z</time>
        <speed>1.108352</speed>
      </trkpt>
      <trkpt lat="29.029842" lon="120.072102">
        <ele>203.928178</ele>
        <time>2026-01-29T01:39:02Z</time>
        <speed>0.939804</speed>
      </trkpt>
      <trkpt lat="29.029886" lon="120.072158">
        <ele>202.863095</ele>
        <time>2026-01-29T01:39:12Z</time>
        <speed>1.620208</speed>
      </trkpt>
      <trkpt lat="29.029916" lon="120.07219">
        <ele>203.669655</ele>
        <time>2026-01-29T01:39:16Z</time>
        <speed>1.405642</speed>
      </trkpt>
      <trkpt lat="29.029964" lon="120.072231">
        <ele>202.977408</ele>
        <time>2026-01-29T01:39:21Z</time>
        <speed>1.447478</speed>
      </trkpt>
      <trkpt lat="29.029995" lon="120.072265">
        <ele>202.296137</ele>
        <time>2026-01-29T01:39:24Z</time>
        <speed>1.494622</speed>
      </trkpt>
      <trkpt lat="29.030021" lon="120.072308">
        <ele>202.124819</ele>
        <time>2026-01-29T01:39:27Z</time>
        <speed>1.480191</speed>
      </trkpt>
      <trkpt lat="29.030055" lon="120.072364">
        <ele>201.872953</ele>
        <time>2026-01-29T01:39:31Z</time>
        <speed>1.492375</speed>
      </trkpt>
      <trkpt lat="29.030081" lon="120.072419">
        <ele>201.711636</ele>
        <time>2026-01-29T01:39:35Z</time>
        <speed>1.412934</speed>
      </trkpt>
      <trkpt lat="29.03011" lon="120.072474">
        <ele>201.953168</ele>
        <time>2026-01-29T01:39:39Z</time>
        <speed>1.475429</speed>
      </trkpt>
      <trkpt lat="29.030135" lon="120.072533">
        <ele>202.22507</ele>
        <time>2026-01-29T01:39:43Z</time>
        <speed>1.529935</speed>
      </trkpt>
      <trkpt lat="29.030153" lon="120.07258">
        <ele>202.915719</ele>
        <time>2026-01-29T01:39:46Z</time>
        <speed>1.595111</speed>
      </trkpt>
      <trkpt lat="29.030172" lon="120.072627">
        <ele>203.34766</ele>
        <time>2026-01-29T01:39:49Z</time>
        <speed>1.603397</speed>
      </trkpt>
      <trkpt lat="29.0302" lon="120.072686">
        <ele>203.332889</ele>
        <time>2026-01-29T01:39:53Z</time>
        <speed>1.596025</speed>
      </trkpt>
      <trkpt lat="29.030234" lon="120.072741">
        <ele>203.322312</ele>
        <time>2026-01-29T01:39:57Z</time>
        <speed>1.604297</speed>
      </trkpt>
      <trkpt lat="29.030261" lon="120.072782">
        <ele>203.28627</ele>
        <time>2026-01-29T01:40:00Z</time>
        <speed>1.623609</speed>
      </trkpt>
      <trkpt lat="29.030299" lon="120.072831">
        <ele>202.469539</ele>
        <time>2026-01-29T01:40:04Z</time>
        <speed>1.619531</speed>
      </trkpt>
      <trkpt lat="29.03033" lon="120.072881">
        <ele>201.509117</ele>
        <time>2026-01-29T01:40:08Z</time>
        <speed>1.602302</speed>
      </trkpt>
      <trkpt lat="29.030355" lon="120.072941">
        <ele>200.856225</ele>
        <time>2026-01-29T01:40:15Z</time>
        <speed>1.326668</speed>
      </trkpt>
      <trkpt lat="29.030372" lon="120.072977">
        <ele>200.856635</ele>
        <time>2026-01-29T01:40:18Z</time>
        <speed>1.596396</speed>
      </trkpt>
      <trkpt lat="29.030398" lon="120.073031">
        <ele>201.721398</ele>
        <time>2026-01-29T01:40:22Z</time>
        <speed>1.583938</speed>
      </trkpt>
      <trkpt lat="29.030425" lon="120.073092">
        <ele>201.896844</ele>
        <time>2026-01-29T01:40:26Z</time>
        <speed>1.599035</speed>
      </trkpt>
      <trkpt lat="29.030449" lon="120.073138">
        <ele>201.978073</ele>
        <time>2026-01-29T01:40:29Z</time>
        <speed>1.637982</speed>
      </trkpt>
      <trkpt lat="29.030482" lon="120.073196">
        <ele>201.979581</ele>
        <time>2026-01-29T01:40:33Z</time>
        <speed>1.620794</speed>
      </trkpt>
      <trkpt lat="29.030504" lon="120.073243">
        <ele>201.814101</ele>
        <time>2026-01-29T01:40:36Z</time>
        <speed>1.642653</speed>
      </trkpt>
      <trkpt lat="29.030525" lon="120.07329">
        <ele>201.7887</ele>
        <time>2026-01-29T01:40:39Z</time>
        <speed>1.671191</speed>
      </trkpt>
      <trkpt lat="29.030556" lon="120.073348">
        <ele>201.510459</ele>
        <time>2026-01-29T01:40:43Z</time>
        <speed>1.620513</speed>
      </trkpt>
      <trkpt lat="29.030584" lon="120.073403">
        <ele>200.536869</ele>
        <time>2026-01-29T01:40:47Z</time>
        <speed>1.619199</speed>
      </trkpt>
      <trkpt lat="29.030606" lon="120.073448">
        <ele>199.980153</ele>
        <time>2026-01-29T01:40:50Z</time>
        <speed>1.79862</speed>
      </trkpt>
      <trkpt lat="29.030633" lon="120.073504">
        <ele>200.455103</ele>
        <time>2026-01-29T01:40:54Z</time>
        <speed>1.609758</speed>
      </trkpt>
      <trkpt lat="29.030662" lon="120.073561">
        <ele>201.155526</ele>
        <time>2026-01-29T01:40:58Z</time>
        <speed>1.625789</speed>
      </trkpt>
      <trkpt lat="29.030684" lon="120.073606">
        <ele>201.260473</ele>
        <time>2026-01-29T01:41:01Z</time>
        <speed>1.622828</speed>
      </trkpt>
      <trkpt lat="29.030708" lon="120.073652">
        <ele>201.285367</ele>
        <time>2026-01-29T01:41:04Z</time>
        <speed>1.65461</speed>
      </trkpt>
      <trkpt lat="29.030732" lon="120.073698">
        <ele>201.138701</ele>
        <time>2026-01-29T01:41:07Z</time>
        <speed>1.648606</speed>
      </trkpt>
      <trkpt lat="29.030755" lon="120.073758">
        <ele>200.661558</ele>
        <time>2026-01-29T01:41:11Z</time>
        <speed>1.649664</speed>
      </trkpt>
      <trkpt lat="29.030748" lon="120.073818">
        <ele>200.423636</ele>
        <time>2026-01-29T01:41:15Z</time>
        <speed>1.695935</speed>
      </trkpt>
      <trkpt lat="29.030716" lon="120.073851">
        <ele>199.819064</ele>
        <time>2026-01-29T01:41:18Z</time>
        <speed>1.613065</speed>
      </trkpt>
      <trkpt lat="29.030665" lon="120.073882">
        <ele>198.958067</ele>
        <time>2026-01-29T01:41:22Z</time>
        <speed>1.608619</speed>
      </trkpt>
      <trkpt lat="29.030607" lon="120.07391">
        <ele>197.961719</ele>
        <time>2026-01-29T01:41:26Z</time>
        <speed>1.635451</speed>
      </trkpt>
      <trkpt lat="29.03055" lon="120.073938">
        <ele>196.571353</ele>
        <time>2026-01-29T01:41:30Z</time>
        <speed>1.631075</speed>
      </trkpt>
      <trkpt lat="29.030491" lon="120.073964">
        <ele>195.65946</ele>
        <time>2026-01-29T01:41:34Z</time>
        <speed>1.916531</speed>
      </trkpt>
      <trkpt lat="29.030439" lon="120.073992">
        <ele>194.754527</ele>
        <time>2026-01-29T01:41:38Z</time>
        <speed>1.754335</speed>
      </trkpt>
      <trkpt lat="29.030399" lon="120.074027">
        <ele>194.568635</ele>
        <time>2026-01-29T01:41:42Z</time>
        <speed>1.224511</speed>
      </trkpt>
      <trkpt lat="29.030372" lon="120.074006">
        <ele>194.378072</ele>
        <time>2026-01-29T01:41:45Z</time>
        <speed>1.861435</speed>
      </trkpt>
      <trkpt lat="29.030389" lon="120.074009">
        <ele>194.983354</ele>
        <time>2026-01-29T01:41:51Z</time>
        <speed>1.409629</speed>
      </trkpt>
      <trkpt lat="29.030437" lon="120.074026">
        <ele>194.926608</ele>
        <time>2026-01-29T01:41:55Z</time>
        <speed>1.039504</speed>
      </trkpt>
      <trkpt lat="29.030504" lon="120.07405">
        <ele>191.573615</ele>
        <time>2026-01-29T01:42:12Z</time>
        <speed>2.225194</speed>
      </trkpt>
      <trkpt lat="29.030549" lon="120.074023">
        <ele>191.596254</ele>
        <time>2026-01-29T01:42:27Z</time>
        <speed>0.918338</speed>
      </trkpt>
      <trkpt lat="29.030609" lon="120.074006">
        <ele>192.622307</ele>
        <time>2026-01-29T01:42:38Z</time>
        <speed>1.549208</speed>
      </trkpt>
      <trkpt lat="29.030651" lon="120.073999">
        <ele>193.053181</ele>
        <time>2026-01-29T01:42:42Z</time>
        <speed>1.561575</speed>
      </trkpt>
      <trkpt lat="29.030703" lon="120.073981">
        <ele>192.379769</ele>
        <time>2026-01-29T01:42:46Z</time>
        <speed>1.739892</speed>
      </trkpt>
      <trkpt lat="29.030746" lon="120.073961">
        <ele>191.773959</ele>
        <time>2026-01-29T01:42:49Z</time>
        <speed>1.829362</speed>
      </trkpt>
      <trkpt lat="29.030792" lon="120.073946">
        <ele>191.171464</ele>
        <time>2026-01-29T01:42:52Z</time>
        <speed>1.824367</speed>
      </trkpt>
      <trkpt lat="29.03085" lon="120.07394">
        <ele>190.206336</ele>
        <time>2026-01-29T01:42:56Z</time>
        <speed>1.707721</speed>
      </trkpt>
      <trkpt lat="29.030901" lon="120.073943">
        <ele>189.131775</ele>
        <time>2026-01-29T01:43:00Z</time>
        <speed>1.677508</speed>
      </trkpt>
      <trkpt lat="29.030938" lon="120.073928">
        <ele>189.329047</ele>
        <time>2026-01-29T01:43:03Z</time>
        <speed>1.561659</speed>
      </trkpt>
      <trkpt lat="29.030934" lon="120.073948">
        <ele>189.302865</ele>
        <time>2026-01-29T01:43:06Z</time>
        <speed>0.426544</speed>
      </trkpt>
      <trkpt lat="29.030871" lon="120.073943">
        <ele>189.040983</ele>
        <time>2026-01-29T01:43:26Z</time>
        <speed>0.690093</speed>
      </trkpt>
      <trkpt lat="29.03082" lon="120.07395">
        <ele>190.367214</ele>
        <time>2026-01-29T01:43:32Z</time>
        <speed>0.845394</speed>
      </trkpt>
      <trkpt lat="29.030787" lon="120.073962">
        <ele>190.726349</ele>
        <time>2026-01-29T01:43:34Z</time>
        <speed>2.20717</speed>
      </trkpt>
      <trkpt lat="29.030735" lon="120.073993">
        <ele>191.021708</ele>
        <time>2026-01-29T01:43:38Z</time>
        <speed>1.476898</speed>
      </trkpt>
      <trkpt lat="29.030685" lon="120.074026">
        <ele>191.28815</ele>
        <time>2026-01-29T01:43:42Z</time>
        <speed>1.04749</speed>
      </trkpt>
      <trkpt lat="29.03063" lon="120.074047">
        <ele>192.039761</ele>
        <time>2026-01-29T01:43:46Z</time>
        <speed>1.647378</speed>
      </trkpt>
      <trkpt lat="29.030576" lon="120.074063">
        <ele>193.342518</ele>
        <time>2026-01-29T01:43:50Z</time>
        <speed>1.576547</speed>
      </trkpt>
      <trkpt lat="29.030535" lon="120.074055">
        <ele>193.771589</ele>
        <time>2026-01-29T01:43:53Z</time>
        <speed>1.65878</speed>
      </trkpt>
      <trkpt lat="29.030484" lon="120.074048">
        <ele>194.793933</ele>
        <time>2026-01-29T01:43:57Z</time>
        <speed>1.539944</speed>
      </trkpt>
      <trkpt lat="29.030508" lon="120.073995">
        <ele>194.876446</ele>
        <time>2026-01-29T01:44:17Z</time>
        <speed>1.322433</speed>
      </trkpt>
      <trkpt lat="29.030558" lon="120.073977">
        <ele>195.606534</ele>
        <time>2026-01-29T01:44:22Z</time>
        <speed>1.360863</speed>
      </trkpt>
      <trkpt lat="29.030599" lon="120.073953">
        <ele>196.507877</ele>
        <time>2026-01-29T01:44:27Z</time>
        <speed>1.117218</speed>
      </trkpt>
      <trkpt lat="29.030634" lon="120.073921">
        <ele>197.367069</ele>
        <time>2026-01-29T01:44:31Z</time>
        <speed>1.247006</speed>
      </trkpt>
      <trkpt lat="29.030678" lon="120.073899">
        <ele>198.153112</ele>
        <time>2026-01-29T01:44:35Z</time>
        <speed>1.354721</speed>
      </trkpt>
      <trkpt lat="29.030721" lon="120.07387">
        <ele>198.597405</ele>
        <time>2026-01-29T01:44:39Z</time>
        <speed>1.387451</speed>
      </trkpt>
      <trkpt lat="29.030764" lon="120.073841">
        <ele>199.070831</ele>
        <time>2026-01-29T01:44:43Z</time>
        <speed>1.31278</speed>
      </trkpt>
      <trkpt lat="29.030809" lon="120.073801">
        <ele>199.49465</ele>
        <time>2026-01-29T01:44:54Z</time>
        <speed>1.204299</speed>
      </trkpt>
      <trkpt lat="29.030863" lon="120.073785">
        <ele>197.633005</ele>
        <time>2026-01-29T01:45:23Z</time>
        <speed>1.59187</speed>
      </trkpt>
      <trkpt lat="29.030884" lon="120.073745">
        <ele>199.955594</ele>
        <time>2026-01-29T01:45:28Z</time>
        <speed>1.08944</speed>
      </trkpt>
      <trkpt lat="29.03091" lon="120.073693">
        <ele>200.704294</ele>
        <time>2026-01-29T01:45:32Z</time>
        <speed>1.324415</speed>
      </trkpt>
      <trkpt lat="29.030936" lon="120.073642">
        <ele>200.601541</ele>
        <time>2026-01-29T01:45:36Z</time>
        <speed>1.210967</speed>
      </trkpt>
      <trkpt lat="29.030965" lon="120.073582">
        <ele>200.313163</ele>
        <time>2026-01-29T01:45:42Z</time>
        <speed>0.929055</speed>
      </trkpt>
      <trkpt lat="29.030987" lon="120.07353">
        <ele>200.225409</ele>
        <time>2026-01-29T01:45:48Z</time>
        <speed>1.017484</speed>
      </trkpt>
      <trkpt lat="29.031009" lon="120.073479">
        <ele>200.083426</ele>
        <time>2026-01-29T01:45:53Z</time>
        <speed>1.189949</speed>
      </trkpt>
      <trkpt lat="29.03103" lon="120.073421">
        <ele>200.316996</ele>
        <time>2026-01-29T01:45:58Z</time>
        <speed>1.2962</speed>
      </trkpt>
      <trkpt lat="29.031052" lon="120.073375">
        <ele>200.197841</ele>
        <time>2026-01-29T01:46:02Z</time>
        <speed>1.246703</speed>
      </trkpt>
      <trkpt lat="29.031086" lon="120.07331">
        <ele>198.747835</ele>
        <time>2026-01-29T01:46:12Z</time>
        <speed>1.237382</speed>
      </trkpt>
      <trkpt lat="29.031116" lon="120.073276">
        <ele>198.163169</ele>
        <time>2026-01-29T01:46:16Z</time>
        <speed>1.269516</speed>
      </trkpt>
      <trkpt lat="29.031149" lon="120.073231">
        <ele>198.747654</ele>
        <time>2026-01-29T01:46:20Z</time>
        <speed>1.268203</speed>
      </trkpt>
      <trkpt lat="29.031188" lon="120.073179">
        <ele>200.016841</ele>
        <time>2026-01-29T01:46:26Z</time>
        <speed>1.043741</speed>
      </trkpt>
      <trkpt lat="29.031218" lon="120.073136">
        <ele>200.286788</ele>
        <time>2026-01-29T01:46:31Z</time>
        <speed>1.449862</speed>
      </trkpt>
      <trkpt lat="29.031262" lon="120.073104">
        <ele>198.395354</ele>
        <time>2026-01-29T01:46:36Z</time>
        <speed>1.119709</speed>
      </trkpt>
      <trkpt lat="29.031307" lon="120.073082">
        <ele>196.812586</ele>
        <time>2026-01-29T01:46:40Z</time>
        <speed>1.373844</speed>
      </trkpt>
      <trkpt lat="29.031346" lon="120.07305">
        <ele>196.499564</ele>
        <time>2026-01-29T01:46:44Z</time>
        <speed>1.477222</speed>
      </trkpt>
      <trkpt lat="29.031387" lon="120.073023">
        <ele>197.371969</ele>
        <time>2026-01-29T01:46:48Z</time>
        <speed>1.20079</speed>
      </trkpt>
      <trkpt lat="29.031433" lon="120.073">
        <ele>198.312328</ele>
        <time>2026-01-29T01:46:52Z</time>
        <speed>1.410176</speed>
      </trkpt>
      <trkpt lat="29.031473" lon="120.072965">
        <ele>199.480319</ele>
        <time>2026-01-29T01:46:56Z</time>
        <speed>1.172305</speed>
      </trkpt>
      <trkpt lat="29.031483" lon="120.072898">
        <ele>197.872365</ele>
        <time>2026-01-29T01:47:55Z</time>
        <speed>1.27123</speed>
      </trkpt>
      <trkpt lat="29.031508" lon="120.072885">
        <ele>197.065942</ele>
        <time>2026-01-29T01:48:00Z</time>
        <speed>1.321793</speed>
      </trkpt>
      <trkpt lat="29.031564" lon="120.072871">
        <ele>197.131365</ele>
        <time>2026-01-29T01:48:04Z</time>
        <speed>1.269047</speed>
      </trkpt>
      <trkpt lat="29.031628" lon="120.07288">
        <ele>198.068594</ele>
        <time>2026-01-29T01:48:08Z</time>
        <speed>1.658613</speed>
      </trkpt>
      <trkpt lat="29.031671" lon="120.072906">
        <ele>199.376096</ele>
        <time>2026-01-29T01:48:11Z</time>
        <speed>1.545849</speed>
      </trkpt>
      <trkpt lat="29.031714" lon="120.072951">
        <ele>200.785527</ele>
        <time>2026-01-29T01:48:16Z</time>
        <speed>1.548626</speed>
      </trkpt>
      <trkpt lat="29.031737" lon="120.07301">
        <ele>201.711165</ele>
        <time>2026-01-29T01:48:20Z</time>
        <speed>1.448516</speed>
      </trkpt>
      <trkpt lat="29.031749" lon="120.073061">
        <ele>202.075518</ele>
        <time>2026-01-29T01:48:23Z</time>
        <speed>1.311538</speed>
      </trkpt>
      <trkpt lat="29.031781" lon="120.073108">
        <ele>203.151094</ele>
        <time>2026-01-29T01:48:27Z</time>
        <speed>0.926998</speed>
      </trkpt>
      <trkpt lat="29.031835" lon="120.073126">
        <ele>204.810205</ele>
        <time>2026-01-29T01:48:31Z</time>
        <speed>1.199913</speed>
      </trkpt>
      <trkpt lat="29.031886" lon="120.073148">
        <ele>206.001519</ele>
        <time>2026-01-29T01:48:35Z</time>
        <speed>1.303733</speed>
      </trkpt>
      <trkpt lat="29.031931" lon="120.073174">
        <ele>206.126081</ele>
        <time>2026-01-29T01:48:39Z</time>
        <speed>1.044151</speed>
      </trkpt>
      <trkpt lat="29.03197" lon="120.073198">
        <ele>206.330639</ele>
        <time>2026-01-29T01:48:42Z</time>
        <speed>1.269679</speed>
      </trkpt>
      <trkpt lat="29.032026" lon="120.073206">
        <ele>207.563836</ele>
        <time>2026-01-29T01:48:46Z</time>
        <speed>1.122878</speed>
      </trkpt>
      <trkpt lat="29.032083" lon="120.073216">
        <ele>210.797712</ele>
        <time>2026-01-29T01:49:04Z</time>
        <speed>0.522426</speed>
      </trkpt>
      <trkpt lat="29.032124" lon="120.073225">
        <ele>212.725012</ele>
        <time>2026-01-29T01:49:13Z</time>
        <speed>0.661227</speed>
      </trkpt>
      <trkpt lat="29.032159" lon="120.073269">
        <ele>215.26409</ele>
        <time>2026-01-29T01:49:21Z</time>
        <speed>0.448206</speed>
      </trkpt>
      <trkpt lat="29.032204" lon="120.073291">
        <ele>216.993527</ele>
        <time>2026-01-29T01:49:34Z</time>
        <speed>0.450693</speed>
      </trkpt>
      <trkpt lat="29.032248" lon="120.073269">
        <ele>219.339464</ele>
        <time>2026-01-29T01:49:43Z</time>
        <speed>0.707815</speed>
      </trkpt>
      <trkpt lat="29.032298" lon="120.07327">
        <ele>218.747553</ele>
        <time>2026-01-29T01:49:54Z</time>
        <speed>0.610411</speed>
      </trkpt>
      <trkpt lat="29.032295" lon="120.073331">
        <ele>220.553126</ele>
        <time>2026-01-29T01:51:50Z</time>
        <speed>0.87921</speed>
      </trkpt>
      <trkpt lat="29.032286" lon="120.073379">
        <ele>222.128447</ele>
        <time>2026-01-29T01:51:56Z</time>
        <speed>1.551646</speed>
      </trkpt>
      <trkpt lat="29.032285" lon="120.073441">
        <ele>223.314948</ele>
        <time>2026-01-29T01:52:01Z</time>
        <speed>0.90494</speed>
      </trkpt>
      <trkpt lat="29.032278" lon="120.073498">
        <ele>224.460883</ele>
        <time>2026-01-29T01:52:07Z</time>
        <speed>0.672309</speed>
      </trkpt>
      <trkpt lat="29.032283" lon="120.073557">
        <ele>227.602325</ele>
        <time>2026-01-29T01:52:14Z</time>
        <speed>0.573076</speed>
      </trkpt>
      <trkpt lat="29.032281" lon="120.073608">
        <ele>230.003754</ele>
        <time>2026-01-29T01:52:21Z</time>
        <speed>0.380501</speed>
      </trkpt>
      <trkpt lat="29.032275" lon="120.073662">
        <ele>234.582701</ele>
        <time>2026-01-29T01:52:34Z</time>
        <speed>0.365243</speed>
      </trkpt>
      <trkpt lat="29.032291" lon="120.073709">
        <ele>238.819093</ele>
        <time>2026-01-29T01:52:44Z</time>
        <speed>0.485124</speed>
      </trkpt>
      <trkpt lat="29.032285" lon="120.07376">
        <ele>240.345075</ele>
        <time>2026-01-29T01:52:54Z</time>
        <speed>0.55626</speed>
      </trkpt>
      <trkpt lat="29.032281" lon="120.073815">
        <ele>242.265353</ele>
        <time>2026-01-29T01:53:06Z</time>
        <speed>0.312548</speed>
      </trkpt>
      <trkpt lat="29.032297" lon="120.073864">
        <ele>245.372204</ele>
        <time>2026-01-29T01:53:23Z</time>
        <speed>0.236272</speed>
      </trkpt>
      <trkpt lat="29.032324" lon="120.073906">
        <ele>249.313574</ele>
        <time>2026-01-29T01:53:37Z</time>
        <speed>0.292995</speed>
      </trkpt>
      <trkpt lat="29.032287" lon="120.073933">
        <ele>251.406749</ele>
        <time>2026-01-29T01:53:51Z</time>
        <speed>0.39425</speed>
      </trkpt>
      <trkpt lat="29.032276" lon="120.073984">
        <ele>253.175039</ele>
        <time>2026-01-29T01:54:04Z</time>
        <speed>0.391609</speed>
      </trkpt>
      <trkpt lat="29.032306" lon="120.07403">
        <ele>255.436194</ele>
        <time>2026-01-29T01:54:14Z</time>
        <speed>0.663507</speed>
      </trkpt>
      <trkpt lat="29.032296" lon="120.074079">
        <ele>256.974002</ele>
        <time>2026-01-29T01:54:25Z</time>
        <speed>0.433051</speed>
      </trkpt>
      <trkpt lat="29.032258" lon="120.074115">
        <ele>259.443227</ele>
        <time>2026-01-29T01:54:38Z</time>
        <speed>0.506195</speed>
      </trkpt>
      <trkpt lat="29.032233" lon="120.074167">
        <ele>262.764188</ele>
        <time>2026-01-29T01:54:51Z</time>
        <speed>0.670084</speed>
      </trkpt>
      <trkpt lat="29.03222" lon="120.074221">
        <ele>265.553914</ele>
        <time>2026-01-29T01:55:03Z</time>
        <speed>0.178066</speed>
      </trkpt>
      <trkpt lat="29.032179" lon="120.074242">
        <ele>267.265231</ele>
        <time>2026-01-29T01:55:12Z</time>
        <speed>0.520532</speed>
      </trkpt>
      <trkpt lat="29.032136" lon="120.074262">
        <ele>268.367862</ele>
        <time>2026-01-29T01:55:19Z</time>
        <speed>0.54484</speed>
      </trkpt>
      <trkpt lat="29.032111" lon="120.074311">
        <ele>270.788946</ele>
        <time>2026-01-29T01:55:29Z</time>
        <speed>0.307016</speed>
      </trkpt>
      <trkpt lat="29.032112" lon="120.07437">
        <ele>275.659183</ele>
        <time>2026-01-29T01:55:44Z</time>
        <speed>0.224926</speed>
      </trkpt>
      <trkpt lat="29.032117" lon="120.074423">
        <ele>276.391559</ele>
        <time>2026-01-29T01:55:55Z</time>
        <speed>0.178915</speed>
      </trkpt>
      <trkpt lat="29.032082" lon="120.074457">
        <ele>279.266691</ele>
        <time>2026-01-29T01:56:11Z</time>
        <speed>0.363975</speed>
      </trkpt>
      <trkpt lat="29.032069" lon="120.074509">
        <ele>282.995439</ele>
        <time>2026-01-29T01:56:24Z</time>
        <speed>0.868291</speed>
      </trkpt>
      <trkpt lat="29.032033" lon="120.074546">
        <ele>287.19139</ele>
        <time>2026-01-29T01:56:46Z</time>
        <speed>0.277676</speed>
      </trkpt>
      <trkpt lat="29.03199" lon="120.074563">
        <ele>289.912432</ele>
        <time>2026-01-29T01:57:06Z</time>
        <speed>0.317489</speed>
      </trkpt>
      <trkpt lat="29.031946" lon="120.074576">
        <ele>290.90823</ele>
        <time>2026-01-29T01:57:15Z</time>
        <speed>0.621583</speed>
      </trkpt>
      <trkpt lat="29.031936" lon="120.074625">
        <ele>292.538279</ele>
        <time>2026-01-29T01:57:25Z</time>
        <speed>0.590934</speed>
      </trkpt>
      <trkpt lat="29.031898" lon="120.07465">
        <ele>292.708335</ele>
        <time>2026-01-29T01:57:38Z</time>
        <speed>0.038953</speed>
      </trkpt>
      <trkpt lat="29.031853" lon="120.074652">
        <ele>292.517979</ele>
        <time>2026-01-29T01:57:45Z</time>
        <speed>0.70443</speed>
      </trkpt>
      <trkpt lat="29.031879" lon="120.074695">
        <ele>294.044364</ele>
        <time>2026-01-29T02:04:05Z</time>
        <speed>0.70443</speed>
      </trkpt>
      <trkpt lat="29.031898" lon="120.074738">
        <ele>295.967738</ele>
        <time>2026-01-29T02:04:13Z</time>
        <speed>0.97777</speed>
      </trkpt>
      <trkpt lat="29.0319" lon="120.074806">
        <ele>297.095308</ele>
        <time>2026-01-29T02:04:21Z</time>
        <speed>1.086236</speed>
      </trkpt>
      <trkpt lat="29.031898" lon="120.074861">
        <ele>297.516265</ele>
        <time>2026-01-29T02:04:26Z</time>
        <speed>0.896014</speed>
      </trkpt>
      <trkpt lat="29.031909" lon="120.074918">
        <ele>298.914919</ele>
        <time>2026-01-29T02:04:31Z</time>
        <speed>1.006592</speed>
      </trkpt>
      <trkpt lat="29.031909" lon="120.074978">
        <ele>299.828056</ele>
        <time>2026-01-29T02:04:37Z</time>
        <speed>0.887556</speed>
      </trkpt>
      <trkpt lat="29.031898" lon="120.075025">
        <ele>300.656548</ele>
        <time>2026-01-29T02:04:41Z</time>
        <speed>1.004479</speed>
      </trkpt>
      <trkpt lat="29.031898" lon="120.075079">
        <ele>301.659077</ele>
        <time>2026-01-29T02:04:46Z</time>
        <speed>0.890246</speed>
      </trkpt>
      <trkpt lat="29.031908" lon="120.07514">
        <ele>302.807624</ele>
        <time>2026-01-29T02:04:53Z</time>
        <speed>0.613746</speed>
      </trkpt>
      <trkpt lat="29.031918" lon="120.075197">
        <ele>303.890525</ele>
        <time>2026-01-29T02:05:01Z</time>
        <speed>0.661228</speed>
      </trkpt>
      <trkpt lat="29.031924" lon="120.075253">
        <ele>305.016701</ele>
        <time>2026-01-29T02:05:08Z</time>
        <speed>0.58011</speed>
      </trkpt>
      <trkpt lat="29.031935" lon="120.075302">
        <ele>306.680491</ele>
        <time>2026-01-29T02:05:14Z</time>
        <speed>0.813825</speed>
      </trkpt>
      <trkpt lat="29.031943" lon="120.075357">
        <ele>309.115451</ele>
        <time>2026-01-29T02:05:21Z</time>
        <speed>0.668319</speed>
      </trkpt>
      <trkpt lat="29.031955" lon="120.075409">
        <ele>310.873062</ele>
        <time>2026-01-29T02:05:28Z</time>
        <speed>0.469349</speed>
      </trkpt>
      <trkpt lat="29.031969" lon="120.075463">
        <ele>312.438446</ele>
        <time>2026-01-29T02:05:39Z</time>
        <speed>0.662161</speed>
      </trkpt>
      <trkpt lat="29.031978" lon="120.075509">
        <ele>313.512327</ele>
        <time>2026-01-29T02:05:45Z</time>
        <speed>0.764018</speed>
      </trkpt>
      <trkpt lat="29.031996" lon="120.075565">
        <ele>315.003344</ele>
        <time>2026-01-29T02:05:52Z</time>
        <speed>0.736643</speed>
      </trkpt>
      <trkpt lat="29.032018" lon="120.075615">
        <ele>316.741893</ele>
        <time>2026-01-29T02:05:59Z</time>
        <speed>0.770945</speed>
      </trkpt>
      <trkpt lat="29.032045" lon="120.07566">
        <ele>318.058781</ele>
        <time>2026-01-29T02:06:06Z</time>
        <speed>0.854193</speed>
      </trkpt>
      <trkpt lat="29.03207" lon="120.075711">
        <ele>320.272476</ele>
        <time>2026-01-29T02:06:13Z</time>
        <speed>0.940029</speed>
      </trkpt>
      <trkpt lat="29.03208" lon="120.075763">
        <ele>320.380552</ele>
        <time>2026-01-29T02:06:18Z</time>
        <speed>0.877575</speed>
      </trkpt>
      <trkpt lat="29.032073" lon="120.075817">
        <ele>318.694966</ele>
        <time>2026-01-29T02:06:24Z</time>
        <speed>0.709639</speed>
      </trkpt>
      <trkpt lat="29.032039" lon="120.075859">
        <ele>318.491953</ele>
        <time>2026-01-29T02:06:31Z</time>
        <speed>0.698387</speed>
      </trkpt>
      <trkpt lat="29.032035" lon="120.075909">
        <ele>317.16911</ele>
        <time>2026-01-29T02:06:38Z</time>
        <speed>0.936086</speed>
      </trkpt>
      <trkpt lat="29.03203" lon="120.075966">
        <ele>314.530384</ele>
        <time>2026-01-29T02:06:45Z</time>
        <speed>0.969195</speed>
      </trkpt>
      <trkpt lat="29.032024" lon="120.076016">
        <ele>314.503559</ele>
        <time>2026-01-29T02:06:49Z</time>
        <speed>1.159233</speed>
      </trkpt>
      <trkpt lat="29.03202" lon="120.076075">
        <ele>315.640468</ele>
        <time>2026-01-29T02:06:54Z</time>
        <speed>1.109421</speed>
      </trkpt>
      <trkpt lat="29.032009" lon="120.076125">
        <ele>316.690253</ele>
        <time>2026-01-29T02:06:58Z</time>
        <speed>0.926168</speed>
      </trkpt>
      <trkpt lat="29.032024" lon="120.076189">
        <ele>317.928349</ele>
        <time>2026-01-29T02:07:08Z</time>
        <speed>0.701857</speed>
      </trkpt>
      <trkpt lat="29.032034" lon="120.076241">
        <ele>318.485771</ele>
        <time>2026-01-29T02:07:14Z</time>
        <speed>0.749195</speed>
      </trkpt>
      <trkpt lat="29.032069" lon="120.076284">
        <ele>321.762402</ele>
        <time>2026-01-29T02:07:25Z</time>
        <speed>0.415727</speed>
      </trkpt>
      <trkpt lat="29.032113" lon="120.076305">
        <ele>324.456426</ele>
        <time>2026-01-29T02:07:33Z</time>
        <speed>0.583423</speed>
      </trkpt>
      <trkpt lat="29.032156" lon="120.076327">
        <ele>327.623592</ele>
        <time>2026-01-29T02:07:39Z</time>
        <speed>0.692672</speed>
      </trkpt>
      <trkpt lat="29.032178" lon="120.076369">
        <ele>327.602336</ele>
        <time>2026-01-29T02:07:44Z</time>
        <speed>0.924059</speed>
      </trkpt>
      <trkpt lat="29.032191" lon="120.076423">
        <ele>327.944132</ele>
        <time>2026-01-29T02:07:50Z</time>
        <speed>0.614614</speed>
      </trkpt>
      <trkpt lat="29.032225" lon="120.076477">
        <ele>330.433521</ele>
        <time>2026-01-29T02:07:58Z</time>
        <speed>1.074367</speed>
      </trkpt>
      <trkpt lat="29.032246" lon="120.076527">
        <ele>330.933145</ele>
        <time>2026-01-29T02:08:04Z</time>
        <speed>0.867962</speed>
      </trkpt>
      <trkpt lat="29.032267" lon="120.076583">
        <ele>332.107123</ele>
        <time>2026-01-29T02:08:11Z</time>
        <speed>0.874357</speed>
      </trkpt>
      <trkpt lat="29.032273" lon="120.076648">
        <ele>332.694531</ele>
        <time>2026-01-29T02:08:18Z</time>
        <speed>0.995388</speed>
      </trkpt>
      <trkpt lat="29.032276" lon="120.076703">
        <ele>334.579959</ele>
        <time>2026-01-29T02:08:24Z</time>
        <speed>0.667214</speed>
      </trkpt>
      <trkpt lat="29.032273" lon="120.07676">
        <ele>336.135793</ele>
        <time>2026-01-29T02:08:31Z</time>
        <speed>0.598676</speed>
      </trkpt>
      <trkpt lat="29.032265" lon="120.076811">
        <ele>336.603832</ele>
        <time>2026-01-29T02:08:39Z</time>
        <speed>0.601208</speed>
      </trkpt>
      <trkpt lat="29.03227" lon="120.076863">
        <ele>338.098505</ele>
        <time>2026-01-29T02:08:50Z</time>
        <speed>0.365091</speed>
      </trkpt>
      <trkpt lat="29.032286" lon="120.076913">
        <ele>340.942128</ele>
        <time>2026-01-29T02:08:59Z</time>
        <speed>0.542031</speed>
      </trkpt>
      <trkpt lat="29.032288" lon="120.076969">
        <ele>342.567306</ele>
        <time>2026-01-29T02:09:08Z</time>
        <speed>0.588676</speed>
      </trkpt>
      <trkpt lat="29.032304" lon="120.077021">
        <ele>345.143897</ele>
        <time>2026-01-29T02:09:21Z</time>
        <speed>0.477855</speed>
      </trkpt>
      <trkpt lat="29.032305" lon="120.077072">
        <ele>349.786068</ele>
        <time>2026-01-29T02:09:31Z</time>
        <speed>0.57093</speed>
      </trkpt>
      <trkpt lat="29.032284" lon="120.077117">
        <ele>350.28882</ele>
        <time>2026-01-29T02:09:38Z</time>
        <speed>0.519891</speed>
      </trkpt>
      <trkpt lat="29.032264" lon="120.077169">
        <ele>349.326855</ele>
        <time>2026-01-29T02:09:49Z</time>
        <speed>0.25039</speed>
      </trkpt>
      <trkpt lat="29.032243" lon="120.077211">
        <ele>349.618595</ele>
        <time>2026-01-29T02:09:55Z</time>
        <speed>0.86862</speed>
      </trkpt>
      <trkpt lat="29.032207" lon="120.077256">
        <ele>349.998814</ele>
        <time>2026-01-29T02:10:04Z</time>
        <speed>0.96944</speed>
      </trkpt>
      <trkpt lat="29.032183" lon="120.077298">
        <ele>347.149503</ele>
        <time>2026-01-29T02:10:11Z</time>
        <speed>0.661502</speed>
      </trkpt>
      <trkpt lat="29.03219" lon="120.07736">
        <ele>343.367715</ele>
        <time>2026-01-29T02:10:26Z</time>
        <speed>0.353579</speed>
      </trkpt>
      <trkpt lat="29.03223" lon="120.077393">
        <ele>340.397587</ele>
        <time>2026-01-29T02:10:49Z</time>
        <speed>0.164687</speed>
      </trkpt>
      <trkpt lat="29.032274" lon="120.077403">
        <ele>334.789212</ele>
        <time>2026-01-29T02:11:13Z</time>
        <speed>0.699571</speed>
      </trkpt>
      <trkpt lat="29.032316" lon="120.0774">
        <ele>334.484962</ele>
        <time>2026-01-29T02:11:23Z</time>
        <speed>0.29538</speed>
      </trkpt>
      <trkpt lat="29.032351" lon="120.07744">
        <ele>333.365933</ele>
        <time>2026-01-29T02:11:41Z</time>
        <speed>0.647679</speed>
      </trkpt>
      <trkpt lat="29.032398" lon="120.077439">
        <ele>328.738546</ele>
        <time>2026-01-29T02:11:53Z</time>
        <speed>0.53485</speed>
      </trkpt>
      <trkpt lat="29.032404" lon="120.07748">
        <ele>327.020112</ele>
        <time>2026-01-29T02:12:00Z</time>
        <speed>1.022544</speed>
      </trkpt>
      <trkpt lat="29.032426" lon="120.077532">
        <ele>324.805462</ele>
        <time>2026-01-29T02:12:13Z</time>
        <speed>0.575205</speed>
      </trkpt>
      <trkpt lat="29.032455" lon="120.077573">
        <ele>321.3297</ele>
        <time>2026-01-29T02:13:04Z</time>
        <speed>0.066834</speed>
      </trkpt>
      <trkpt lat="29.032469" lon="120.077622">
        <ele>319.006653</ele>
        <time>2026-01-29T02:13:13Z</time>
        <speed>1.033554</speed>
      </trkpt>
      <trkpt lat="29.032506" lon="120.077651">
        <ele>318.11287</ele>
        <time>2026-01-29T02:13:18Z</time>
        <speed>1.018581</speed>
      </trkpt>
      <trkpt lat="29.032538" lon="120.077686">
        <ele>317.49514</ele>
        <time>2026-01-29T02:13:21Z</time>
        <speed>1.150297</speed>
      </trkpt>
      <trkpt lat="29.032572" lon="120.077739">
        <ele>317.347737</ele>
        <time>2026-01-29T02:13:26Z</time>
        <speed>1.998127</speed>
      </trkpt>
      <trkpt lat="29.032617" lon="120.077781">
        <ele>317.59525</ele>
        <time>2026-01-29T02:13:30Z</time>
        <speed>1.487702</speed>
      </trkpt>
      <trkpt lat="29.032662" lon="120.077827">
        <ele>320.335628</ele>
        <time>2026-01-29T02:13:36Z</time>
        <speed>0.800477</speed>
      </trkpt>
      <trkpt lat="29.0327" lon="120.07787">
        <ele>322.637771</ele>
        <time>2026-01-29T02:13:43Z</time>
        <speed>0.918745</speed>
      </trkpt>
      <trkpt lat="29.032732" lon="120.077908">
        <ele>325.048007</ele>
        <time>2026-01-29T02:13:50Z</time>
        <speed>0.344671</speed>
      </trkpt>
      <trkpt lat="29.032772" lon="120.07794">
        <ele>327.401441</ele>
        <time>2026-01-29T02:13:58Z</time>
        <speed>0.641114</speed>
      </trkpt>
      <trkpt lat="29.032788" lon="120.077988">
        <ele>327.950801</ele>
        <time>2026-01-29T02:14:04Z</time>
        <speed>0.750324</speed>
      </trkpt>
      <trkpt lat="29.032811" lon="120.078041">
        <ele>331.299017</ele>
        <time>2026-01-29T02:14:12Z</time>
        <speed>0.563644</speed>
      </trkpt>
      <trkpt lat="29.032856" lon="120.078069">
        <ele>334.514765</ele>
        <time>2026-01-29T02:14:24Z</time>
        <speed>0.693145</speed>
      </trkpt>
      <trkpt lat="29.032899" lon="120.078092">
        <ele>335.187629</ele>
        <time>2026-01-29T02:14:33Z</time>
        <speed>0.540742</speed>
      </trkpt>
      <trkpt lat="29.032919" lon="120.07814">
        <ele>336.231155</ele>
        <time>2026-01-29T02:14:44Z</time>
        <speed>0.428191</speed>
      </trkpt>
      <trkpt lat="29.032927" lon="120.078194">
        <ele>338.335043</ele>
        <time>2026-01-29T02:14:54Z</time>
        <speed>0.579999</speed>
      </trkpt>
      <trkpt lat="29.032934" lon="120.078244">
        <ele>340.18665</ele>
        <time>2026-01-29T02:15:01Z</time>
        <speed>0.836741</speed>
      </trkpt>
      <trkpt lat="29.032942" lon="120.078298">
        <ele>341.242973</ele>
        <time>2026-01-29T02:15:08Z</time>
        <speed>0.82337</speed>
      </trkpt>
      <trkpt lat="29.032942" lon="120.078347">
        <ele>341.55194</ele>
        <time>2026-01-29T02:15:13Z</time>
        <speed>0.752551</speed>
      </trkpt>
      <trkpt lat="29.032946" lon="120.078403">
        <ele>341.905588</ele>
        <time>2026-01-29T02:15:19Z</time>
        <speed>0.641847</speed>
      </trkpt>
      <trkpt lat="29.032951" lon="120.07846">
        <ele>342.792745</ele>
        <time>2026-01-29T02:15:26Z</time>
        <speed>0.688678</speed>
      </trkpt>
      <trkpt lat="29.032946" lon="120.078512">
        <ele>342.89679</ele>
        <time>2026-01-29T02:15:33Z</time>
        <speed>0.557881</speed>
      </trkpt>
      <trkpt lat="29.032952" lon="120.07857">
        <ele>343.849985</ele>
        <time>2026-01-29T02:15:41Z</time>
        <speed>0.825315</speed>
      </trkpt>
      <trkpt lat="29.032974" lon="120.078618">
        <ele>344.962019</ele>
        <time>2026-01-29T02:15:47Z</time>
        <speed>0.969543</speed>
      </trkpt>
      <trkpt lat="29.033002" lon="120.078668">
        <ele>344.389448</ele>
        <time>2026-01-29T02:15:54Z</time>
        <speed>0.863751</speed>
      </trkpt>
      <trkpt lat="29.033023" lon="120.078711">
        <ele>343.674102</ele>
        <time>2026-01-29T02:15:59Z</time>
        <speed>1.004846</speed>
      </trkpt>
      <trkpt lat="29.03306" lon="120.078757">
        <ele>343.241605</ele>
        <time>2026-01-29T02:16:06Z</time>
        <speed>0.763373</speed>
      </trkpt>
      <trkpt lat="29.033086" lon="120.078796">
        <ele>341.731198</ele>
        <time>2026-01-29T02:16:10Z</time>
        <speed>1.0212</speed>
      </trkpt>
      <trkpt lat="29.033126" lon="120.078826">
        <ele>342.392877</ele>
        <time>2026-01-29T02:16:15Z</time>
        <speed>0.963239</speed>
      </trkpt>
      <trkpt lat="29.03316" lon="120.078866">
        <ele>344.536298</ele>
        <time>2026-01-29T02:16:21Z</time>
        <speed>0.761648</speed>
      </trkpt>
      <trkpt lat="29.033203" lon="120.078903">
        <ele>346.953353</ele>
        <time>2026-01-29T02:16:30Z</time>
        <speed>0.790564</speed>
      </trkpt>
      <trkpt lat="29.033245" lon="120.078924">
        <ele>348.494159</ele>
        <time>2026-01-29T02:16:37Z</time>
        <speed>0.570394</speed>
      </trkpt>
      <trkpt lat="29.033278" lon="120.078963">
        <ele>347.682933</ele>
        <time>2026-01-29T02:16:54Z</time>
        <speed>0.102647</speed>
      </trkpt>
      <trkpt lat="29.033317" lon="120.078989">
        <ele>346.425683</ele>
        <time>2026-01-29T02:18:10Z</time>
        <speed>0.25512</speed>
      </trkpt>
      <trkpt lat="29.033366" lon="120.078983">
        <ele>344.953699</ele>
        <time>2026-01-29T02:18:19Z</time>
        <speed>0.735803</speed>
      </trkpt>
      <trkpt lat="29.033414" lon="120.078977">
        <ele>342.686583</ele>
        <time>2026-01-29T02:18:24Z</time>
        <speed>0.884296</speed>
      </trkpt>
      <trkpt lat="29.033469" lon="120.07896">
        <ele>340.941737</ele>
        <time>2026-01-29T02:18:32Z</time>
        <speed>0.64992</speed>
      </trkpt>
      <trkpt lat="29.033515" lon="120.078961">
        <ele>338.92835</ele>
        <time>2026-01-29T02:18:39Z</time>
        <speed>0.666592</speed>
      </trkpt>
      <trkpt lat="29.033562" lon="120.078948">
        <ele>338.564609</ele>
        <time>2026-01-29T02:18:45Z</time>
        <speed>1.097487</speed>
      </trkpt>
      <trkpt lat="29.033609" lon="120.078934">
        <ele>336.791253</ele>
        <time>2026-01-29T02:18:51Z</time>
        <speed>1.324352</speed>
      </trkpt>
      <trkpt lat="29.03365" lon="120.078933">
        <ele>334.994551</ele>
        <time>2026-01-29T02:18:55Z</time>
        <speed>0.878017</speed>
      </trkpt>
      <trkpt lat="29.033702" lon="120.078947">
        <ele>332.108468</ele>
        <time>2026-01-29T02:19:03Z</time>
        <speed>0.036133</speed>
      </trkpt>
      <trkpt lat="29.03375" lon="120.078958">
        <ele>329.121493</ele>
        <time>2026-01-29T02:19:38Z</time>
        <speed>0.97509</speed>
      </trkpt>
      <trkpt lat="29.033792" lon="120.078935">
        <ele>327.192052</ele>
        <time>2026-01-29T02:19:49Z</time>
        <speed>0.407866</speed>
      </trkpt>
      <trkpt lat="29.033843" lon="120.078946">
        <ele>323.676421</ele>
        <time>2026-01-29T02:19:59Z</time>
        <speed>0.775113</speed>
      </trkpt>
      <trkpt lat="29.03386" lon="120.078995">
        <ele>321.034662</ele>
        <time>2026-01-29T02:20:07Z</time>
        <speed>0.451391</speed>
      </trkpt>
      <trkpt lat="29.033904" lon="120.078997">
        <ele>317.140727</ele>
        <time>2026-01-29T02:20:21Z</time>
        <speed>0.650068</speed>
      </trkpt>
      <trkpt lat="29.033948" lon="120.078993">
        <ele>316.993693</ele>
        <time>2026-01-29T02:20:29Z</time>
        <speed>0.268536</speed>
      </trkpt>
      <trkpt lat="29.033998" lon="120.078978">
        <ele>314.955996</ele>
        <time>2026-01-29T02:20:43Z</time>
        <speed>0.469997</speed>
      </trkpt>
      <trkpt lat="29.034045" lon="120.078968">
        <ele>309.954084</ele>
        <time>2026-01-29T02:21:02Z</time>
        <speed>0.086234</speed>
      </trkpt>
      <trkpt lat="29.034089" lon="120.078969">
        <ele>308.304119</ele>
        <time>2026-01-29T02:21:13Z</time>
        <speed>0.176381</speed>
      </trkpt>
      <trkpt lat="29.034138" lon="120.078977">
        <ele>307.637096</ele>
        <time>2026-01-29T02:21:22Z</time>
        <speed>1.018747</speed>
      </trkpt>
      <trkpt lat="29.034184" lon="120.078961">
        <ele>304.158879</ele>
        <time>2026-01-29T02:21:36Z</time>
        <speed>0.459126</speed>
      </trkpt>
      <trkpt lat="29.034233" lon="120.078951">
        <ele>299.902929</ele>
        <time>2026-01-29T02:21:46Z</time>
        <speed>0.833315</speed>
      </trkpt>
      <trkpt lat="29.03428" lon="120.078952">
        <ele>296.386482</ele>
        <time>2026-01-29T02:21:52Z</time>
        <speed>1.182168</speed>
      </trkpt>
      <trkpt lat="29.034331" lon="120.078939">
        <ele>296.725251</ele>
        <time>2026-01-29T02:21:57Z</time>
        <speed>0.922249</speed>
      </trkpt>
      <trkpt lat="29.034385" lon="120.078932">
        <ele>299.317215</ele>
        <time>2026-01-29T02:22:02Z</time>
        <speed>0.698962</speed>
      </trkpt>
      <trkpt lat="29.03444" lon="120.078933">
        <ele>303.173547</ele>
        <time>2026-01-29T02:22:15Z</time>
        <speed>0.60387</speed>
      </trkpt>
      <trkpt lat="29.034482" lon="120.078937">
        <ele>303.270651</ele>
        <time>2026-01-29T02:22:36Z</time>
        <speed>0.275853</speed>
      </trkpt>
      <trkpt lat="29.034531" lon="120.078932">
        <ele>303.229515</ele>
        <time>2026-01-29T02:23:01Z</time>
        <speed>0.472568</speed>
      </trkpt>
      <trkpt lat="29.034574" lon="120.078949">
        <ele>305.509711</ele>
        <time>2026-01-29T02:23:10Z</time>
        <speed>0.596849</speed>
      </trkpt>
      <trkpt lat="29.034611" lon="120.078988">
        <ele>311.033174</ele>
        <time>2026-01-29T02:24:17Z</time>
        <speed>0.295737</speed>
      </trkpt>
      <trkpt lat="29.034653" lon="120.078976">
        <ele>314.386928</ele>
        <time>2026-01-29T02:24:26Z</time>
        <speed>0.110615</speed>
      </trkpt>
      <trkpt lat="29.034713" lon="120.078968">
        <ele>313.485388</ele>
        <time>2026-01-29T02:25:42Z</time>
        <speed>0.202482</speed>
      </trkpt>
      <trkpt lat="29.034744" lon="120.078978">
        <ele>313.52867</ele>
        <time>2026-01-29T02:25:46Z</time>
        <speed>1.120529</speed>
      </trkpt>
      <trkpt lat="29.034787" lon="120.078937">
        <ele>314.991231</ele>
        <time>2026-01-29T02:26:05Z</time>
        <speed>0.126473</speed>
      </trkpt>
      <trkpt lat="29.034838" lon="120.078943">
        <ele>314.140795</ele>
        <time>2026-01-29T02:26:41Z</time>
        <speed>0.088095</speed>
      </trkpt>
      <trkpt lat="29.034882" lon="120.078966">
        <ele>314.780888</ele>
        <time>2026-01-29T02:26:48Z</time>
        <speed>0.137869</speed>
      </trkpt>
      <trkpt lat="29.034931" lon="120.078999">
        <ele>315.530422</ele>
        <time>2026-01-29T02:26:55Z</time>
        <speed>0.069734</speed>
      </trkpt>
      <trkpt lat="29.03496" lon="120.079046">
        <ele>318.549812</ele>
        <time>2026-01-29T02:27:06Z</time>
        <speed>0.116019</speed>
      </trkpt>
      <trkpt lat="29.034998" lon="120.079071">
        <ele>322.530096</ele>
        <time>2026-01-29T02:27:22Z</time>
        <speed>0.255553</speed>
      </trkpt>
      <trkpt lat="29.035042" lon="120.079085">
        <ele>323.9415</ele>
        <time>2026-01-29T02:27:30Z</time>
        <speed>0.051111</speed>
      </trkpt>
      <trkpt lat="29.035089" lon="120.079116">
        <ele>327.317837</ele>
        <time>2026-01-29T02:27:44Z</time>
        <speed>0.066465</speed>
      </trkpt>
      <trkpt lat="29.035126" lon="120.079145">
        <ele>328.549072</ele>
        <time>2026-01-29T02:28:02Z</time>
        <speed>0.054868</speed>
      </trkpt>
      <trkpt lat="29.03517" lon="120.079165">
        <ele>332.516505</ele>
        <time>2026-01-29T02:28:20Z</time>
        <speed>0.133076</speed>
      </trkpt>
      <trkpt lat="29.035214" lon="120.079161">
        <ele>333.126396</ele>
        <time>2026-01-29T02:28:27Z</time>
        <speed>0.324252</speed>
      </trkpt>
      <trkpt lat="29.035261" lon="120.079159">
        <ele>334.479482</ele>
        <time>2026-01-29T02:28:34Z</time>
        <speed>0.123974</speed>
      </trkpt>
      <trkpt lat="29.035312" lon="120.079161">
        <ele>336.040006</ele>
        <time>2026-01-29T02:28:45Z</time>
        <speed>0.161982</speed>
      </trkpt>
      <trkpt lat="29.035354" lon="120.079178">
        <ele>337.342472</ele>
        <time>2026-01-29T02:28:53Z</time>
        <speed>0.101908</speed>
      </trkpt>
      <trkpt lat="29.035402" lon="120.079192">
        <ele>338.449724</ele>
        <time>2026-01-29T02:29:05Z</time>
        <speed>0.049491</speed>
      </trkpt>
      <trkpt lat="29.035446" lon="120.079185">
        <ele>336.982257</ele>
        <time>2026-01-29T02:29:18Z</time>
        <speed>0.061237</speed>
      </trkpt>
      <trkpt lat="29.035489" lon="120.079158">
        <ele>333.138737</ele>
        <time>2026-01-29T02:29:32Z</time>
        <speed>1.124656</speed>
      </trkpt>
      <trkpt lat="29.035539" lon="120.079136">
        <ele>332.663321</ele>
        <time>2026-01-29T02:29:39Z</time>
        <speed>0.938974</speed>
      </trkpt>
      <trkpt lat="29.035582" lon="120.079131">
        <ele>332.736554</ele>
        <time>2026-01-29T02:29:43Z</time>
        <speed>1.209274</speed>
      </trkpt>
      <trkpt lat="29.035639" lon="120.079109">
        <ele>335.687754</ele>
        <time>2026-01-29T02:29:51Z</time>
        <speed>0.63842</speed>
      </trkpt>
      <trkpt lat="29.03568" lon="120.079079">
        <ele>343.144849</ele>
        <time>2026-01-29T02:30:17Z</time>
        <speed>0.074295</speed>
      </trkpt>
      <trkpt lat="29.035689" lon="120.079027">
        <ele>346.725664</ele>
        <time>2026-01-29T02:30:32Z</time>
        <speed>0.219034</speed>
      </trkpt>
      <trkpt lat="29.035704" lon="120.078976">
        <ele>347.746043</ele>
        <time>2026-01-29T02:30:45Z</time>
        <speed>0.281951</speed>
      </trkpt>
      <trkpt lat="29.035742" lon="120.078945">
        <ele>351.444063</ele>
        <time>2026-01-29T02:31:05Z</time>
        <speed>0.280841</speed>
      </trkpt>
      <trkpt lat="29.035785" lon="120.078917">
        <ele>355.770738</ele>
        <time>2026-01-29T02:32:26Z</time>
        <speed>0.425376</speed>
      </trkpt>
      <trkpt lat="29.035829" lon="120.078903">
        <ele>361.09569</ele>
        <time>2026-01-29T02:32:54Z</time>
        <speed>0.140625</speed>
      </trkpt>
      <trkpt lat="29.035848" lon="120.078854">
        <ele>364.849384</ele>
        <time>2026-01-29T02:35:50Z</time>
        <speed>0.380242</speed>
      </trkpt>
      <trkpt lat="29.035873" lon="120.07881">
        <ele>369.400531</ele>
        <time>2026-01-29T02:36:20Z</time>
        <speed>0.323412</speed>
      </trkpt>
      <trkpt lat="29.035907" lon="120.078774">
        <ele>371.672391</ele>
        <time>2026-01-29T02:36:52Z</time>
        <speed>0.19586</speed>
      </trkpt>
      <trkpt lat="29.035954" lon="120.078783">
        <ele>375.66371</ele>
        <time>2026-01-29T02:37:12Z</time>
        <speed>0.399594</speed>
      </trkpt>
      <trkpt lat="29.035999" lon="120.078769">
        <ele>384.035778</ele>
        <time>2026-01-29T02:38:00Z</time>
        <speed>0.256515</speed>
      </trkpt>
      <trkpt lat="29.035984" lon="120.078716">
        <ele>385.822281</ele>
        <time>2026-01-29T02:39:41Z</time>
        <speed>0.460992</speed>
      </trkpt>
      <trkpt lat="29.036029" lon="120.078695">
        <ele>389.859391</ele>
        <time>2026-01-29T02:42:54Z</time>
        <speed>0.543804</speed>
      </trkpt>
      <trkpt lat="29.036068" lon="120.078683">
        <ele>392.483507</ele>
        <time>2026-01-29T02:43:04Z</time>
        <speed>0.434241</speed>
      </trkpt>
      <trkpt lat="29.036116" lon="120.078661">
        <ele>395.862847</ele>
        <time>2026-01-29T02:43:15Z</time>
        <speed>0.507592</speed>
      </trkpt>
      <trkpt lat="29.03616" lon="120.078681">
        <ele>399.40714</ele>
        <time>2026-01-29T02:43:36Z</time>
        <speed>0.246934</speed>
      </trkpt>
      <trkpt lat="29.036206" lon="120.078694">
        <ele>403.045362</ele>
        <time>2026-01-29T02:44:09Z</time>
        <speed>0.473914</speed>
      </trkpt>
      <trkpt lat="29.036254" lon="120.078705">
        <ele>406.02284</ele>
        <time>2026-01-29T02:44:27Z</time>
        <speed>0.37699</speed>
      </trkpt>
      <trkpt lat="29.036296" lon="120.078683">
        <ele>410.371156</ele>
        <time>2026-01-29T02:44:50Z</time>
        <speed>0.750515</speed>
      </trkpt>
      <trkpt lat="29.03634" lon="120.078686">
        <ele>413.965014</ele>
        <time>2026-01-29T02:45:06Z</time>
        <speed>0.421009</speed>
      </trkpt>
      <trkpt lat="29.036385" lon="120.078673">
        <ele>415.728339</ele>
        <time>2026-01-29T02:45:23Z</time>
        <speed>0.052552</speed>
      </trkpt>
      <trkpt lat="29.03638" lon="120.07862">
        <ele>417.32903</ele>
        <time>2026-01-29T02:45:34Z</time>
        <speed>0.05341</speed>
      </trkpt>
      <trkpt lat="29.036379" lon="120.078564">
        <ele>420.892688</ele>
        <time>2026-01-29T02:45:53Z</time>
        <speed>0.041422</speed>
      </trkpt>
      <trkpt lat="29.036389" lon="120.078514">
        <ele>423.614174</ele>
        <time>2026-01-29T02:46:21Z</time>
        <speed>0.030812</speed>
      </trkpt>
      <trkpt lat="29.036417" lon="120.078473">
        <ele>424.511545</ele>
        <time>2026-01-29T02:47:07Z</time>
        <speed>0.459612</speed>
      </trkpt>
      <trkpt lat="29.036442" lon="120.078432">
        <ele>427.047446</ele>
        <time>2026-01-29T02:47:16Z</time>
        <speed>0.767201</speed>
      </trkpt>
      <trkpt lat="29.036462" lon="120.07838">
        <ele>429.078227</ele>
        <time>2026-01-29T02:47:23Z</time>
        <speed>0.775059</speed>
      </trkpt>
      <trkpt lat="29.036506" lon="120.078364">
        <ele>432.403587</ele>
        <time>2026-01-29T02:47:31Z</time>
        <speed>0.721127</speed>
      </trkpt>
      <trkpt lat="29.036538" lon="120.078328">
        <ele>434.032063</ele>
        <time>2026-01-29T02:47:39Z</time>
        <speed>0.882895</speed>
      </trkpt>
      <trkpt lat="29.036561" lon="120.078275">
        <ele>437.105143</ele>
        <time>2026-01-29T02:47:50Z</time>
        <speed>0.299957</speed>
      </trkpt>
      <trkpt lat="29.036593" lon="120.078235">
        <ele>440.791098</ele>
        <time>2026-01-29T02:48:05Z</time>
        <speed>0.630531</speed>
      </trkpt>
      <trkpt lat="29.036632" lon="120.078213">
        <ele>441.763416</ele>
        <time>2026-01-29T02:48:14Z</time>
        <speed>0.340307</speed>
      </trkpt>
      <trkpt lat="29.036677" lon="120.078192">
        <ele>446.665134</ele>
        <time>2026-01-29T02:48:44Z</time>
        <speed>0.193671</speed>
      </trkpt>
      <trkpt lat="29.036712" lon="120.07816">
        <ele>448.159365</ele>
        <time>2026-01-29T02:49:15Z</time>
        <speed>0.18004</speed>
      </trkpt>
      <trkpt lat="29.036745" lon="120.078116">
        <ele>452.328183</ele>
        <time>2026-01-29T02:49:32Z</time>
        <speed>0.734138</speed>
      </trkpt>
      <trkpt lat="29.036755" lon="120.078065">
        <ele>455.626623</ele>
        <time>2026-01-29T02:51:03Z</time>
        <speed>0.283711</speed>
      </trkpt>
      <trkpt lat="29.036803" lon="120.078041">
        <ele>458.230373</ele>
        <time>2026-01-29T02:52:16Z</time>
        <speed>0.649029</speed>
      </trkpt>
      <trkpt lat="29.036836" lon="120.07801">
        <ele>461.698225</ele>
        <time>2026-01-29T02:52:25Z</time>
        <speed>0.588647</speed>
      </trkpt>
      <trkpt lat="29.036853" lon="120.077959">
        <ele>465.120957</ele>
        <time>2026-01-29T02:52:41Z</time>
        <speed>0.646991</speed>
      </trkpt>
      <trkpt lat="29.036889" lon="120.077935">
        <ele>466.20279</ele>
        <time>2026-01-29T02:52:50Z</time>
        <speed>0.442039</speed>
      </trkpt>
      <trkpt lat="29.036932" lon="120.077902">
        <ele>467.666889</ele>
        <time>2026-01-29T02:53:01Z</time>
        <speed>0.610418</speed>
      </trkpt>
      <trkpt lat="29.036973" lon="120.077872">
        <ele>469.934714</ele>
        <time>2026-01-29T02:53:14Z</time>
        <speed>0.510574</speed>
      </trkpt>
      <trkpt lat="29.03702" lon="120.077855">
        <ele>472.570253</ele>
        <time>2026-01-29T02:53:24Z</time>
        <speed>0.687218</speed>
      </trkpt>
      <trkpt lat="29.037067" lon="120.077865">
        <ele>474.180754</ele>
        <time>2026-01-29T02:53:34Z</time>
        <speed>0.352146</speed>
      </trkpt>
      <trkpt lat="29.03709" lon="120.077813">
        <ele>477.4359</ele>
        <time>2026-01-29T02:53:53Z</time>
        <speed>0.668723</speed>
      </trkpt>
      <trkpt lat="29.037121" lon="120.077773">
        <ele>478.924169</ele>
        <time>2026-01-29T02:54:04Z</time>
        <speed>0.822117</speed>
      </trkpt>
      <trkpt lat="29.037162" lon="120.077743">
        <ele>480.787685</ele>
        <time>2026-01-29T02:54:13Z</time>
        <speed>0.656154</speed>
      </trkpt>
      <trkpt lat="29.037199" lon="120.077705">
        <ele>481.313656</ele>
        <time>2026-01-29T02:54:20Z</time>
        <speed>0.830418</speed>
      </trkpt>
      <trkpt lat="29.037218" lon="120.077652">
        <ele>481.874896</ele>
        <time>2026-01-29T02:54:30Z</time>
        <speed>0.460158</speed>
      </trkpt>
      <trkpt lat="29.037225" lon="120.077601">
        <ele>482.672031</ele>
        <time>2026-01-29T02:54:44Z</time>
        <speed>0.662992</speed>
      </trkpt>
      <trkpt lat="29.037257" lon="120.077571">
        <ele>482.289461</ele>
        <time>2026-01-29T02:54:50Z</time>
        <speed>0.954613</speed>
      </trkpt>
      <trkpt lat="29.037301" lon="120.07757">
        <ele>483.106673</ele>
        <time>2026-01-29T02:54:55Z</time>
        <speed>1.07463</speed>
      </trkpt>
      <trkpt lat="29.037353" lon="120.07756">
        <ele>485.58324</ele>
        <time>2026-01-29T02:55:05Z</time>
        <speed>0.549944</speed>
      </trkpt>
      <trkpt lat="29.037395" lon="120.077538">
        <ele>486.171167</ele>
        <time>2026-01-29T02:55:30Z</time>
        <speed>0.470023</speed>
      </trkpt>
      <trkpt lat="29.037437" lon="120.077517">
        <ele>487.480194</ele>
        <time>2026-01-29T02:55:53Z</time>
        <speed>0.591493</speed>
      </trkpt>
      <trkpt lat="29.03748" lon="120.077502">
        <ele>488.37143</ele>
        <time>2026-01-29T02:56:05Z</time>
        <speed>0.626619</speed>
      </trkpt>
      <trkpt lat="29.037517" lon="120.077482">
        <ele>489.522038</ele>
        <time>2026-01-29T02:56:11Z</time>
        <speed>0.796239</speed>
      </trkpt>
      <trkpt lat="29.037567" lon="120.077471">
        <ele>491.558547</ele>
        <time>2026-01-29T02:56:19Z</time>
        <speed>0.658513</speed>
      </trkpt>
      <trkpt lat="29.037609" lon="120.077447">
        <ele>493.769457</ele>
        <time>2026-01-29T02:56:28Z</time>
        <speed>0.391533</speed>
      </trkpt>
      <trkpt lat="29.037641" lon="120.077477">
        <ele>496.109549</ele>
        <time>2026-01-29T02:56:38Z</time>
        <speed>0.633444</speed>
      </trkpt>
      <trkpt lat="29.037682" lon="120.077506">
        <ele>501.544765</ele>
        <time>2026-01-29T02:56:58Z</time>
        <speed>0.400344</speed>
      </trkpt>
      <trkpt lat="29.037723" lon="120.077528">
        <ele>503.98687</ele>
        <time>2026-01-29T02:57:18Z</time>
        <speed>0.414808</speed>
      </trkpt>
      <trkpt lat="29.037767" lon="120.077508">
        <ele>507.364273</ele>
        <time>2026-01-29T02:57:37Z</time>
        <speed>0.414895</speed>
      </trkpt>
      <trkpt lat="29.037784" lon="120.077552">
        <ele>508.866675</ele>
        <time>2026-01-29T02:57:51Z</time>
        <speed>0.190511</speed>
      </trkpt>
      <trkpt lat="29.037828" lon="120.077547">
        <ele>511.673845</ele>
        <time>2026-01-29T02:58:07Z</time>
        <speed>0.750423</speed>
      </trkpt>
      <trkpt lat="29.037856" lon="120.077503">
        <ele>515.649089</ele>
        <time>2026-01-29T03:00:20Z</time>
        <speed>0.065041</speed>
      </trkpt>
      <trkpt lat="29.037857" lon="120.077465">
        <ele>515.193976</ele>
        <time>2026-01-29T03:00:26Z</time>
        <speed>0.23049</speed>
      </trkpt>
      <trkpt lat="29.037876" lon="120.0774">
        <ele>515.084415</ele>
        <time>2026-01-29T03:00:34Z</time>
        <speed>0.089743</speed>
      </trkpt>
      <trkpt lat="29.037885" lon="120.077344">
        <ele>514.473582</ele>
        <time>2026-01-29T03:00:40Z</time>
        <speed>0.084835</speed>
      </trkpt>
      <trkpt lat="29.037904" lon="120.077296">
        <ele>513.959631</ele>
        <time>2026-01-29T03:00:45Z</time>
        <speed>0.723173</speed>
      </trkpt>
      <trkpt lat="29.037928" lon="120.077239">
        <ele>514.427361</ele>
        <time>2026-01-29T03:00:52Z</time>
        <speed>0.928901</speed>
      </trkpt>
      <trkpt lat="29.037961" lon="120.077197">
        <ele>514.855677</ele>
        <time>2026-01-29T03:01:09Z</time>
        <speed>0.509407</speed>
      </trkpt>
      <trkpt lat="29.037977" lon="120.077143">
        <ele>514.265937</ele>
        <time>2026-01-29T03:03:25Z</time>
        <speed>1.093506</speed>
      </trkpt>
      <trkpt lat="29.037976" lon="120.077092">
        <ele>513.408397</ele>
        <time>2026-01-29T03:03:30Z</time>
        <speed>1.981931</speed>
      </trkpt>
      <trkpt lat="29.037994" lon="120.07702">
        <ele>514.287412</ele>
        <time>2026-01-29T03:03:40Z</time>
        <speed>1.430057</speed>
      </trkpt>
      <trkpt lat="29.038007" lon="120.076969">
        <ele>514.430288</ele>
        <time>2026-01-29T03:03:48Z</time>
        <speed>0.86449</speed>
      </trkpt>
      <trkpt lat="29.038029" lon="120.076915">
        <ele>513.350175</ele>
        <time>2026-01-29T03:03:53Z</time>
        <speed>1.314657</speed>
      </trkpt>
      <trkpt lat="29.038054" lon="120.076854">
        <ele>512.940066</ele>
        <time>2026-01-29T03:04:01Z</time>
        <speed>0.892742</speed>
      </trkpt>
      <trkpt lat="29.038066" lon="120.076803">
        <ele>513.544552</ele>
        <time>2026-01-29T03:04:08Z</time>
        <speed>0.790037</speed>
      </trkpt>
      <trkpt lat="29.038064" lon="120.076745">
        <ele>514.825241</ele>
        <time>2026-01-29T03:04:18Z</time>
        <speed>0.809448</speed>
      </trkpt>
      <trkpt lat="29.038074" lon="120.076693">
        <ele>516.311647</ele>
        <time>2026-01-29T03:04:25Z</time>
        <speed>0.912046</speed>
      </trkpt>
      <trkpt lat="29.038063" lon="120.076638">
        <ele>515.110989</ele>
        <time>2026-01-29T03:04:35Z</time>
        <speed>0.989959</speed>
      </trkpt>
      <trkpt lat="29.038074" lon="120.07658">
        <ele>514.671622</ele>
        <time>2026-01-29T03:04:46Z</time>
        <speed>0.828592</speed>
      </trkpt>
      <trkpt lat="29.038101" lon="120.076538">
        <ele>514.129925</ele>
        <time>2026-01-29T03:04:55Z</time>
        <speed>0.65082</speed>
      </trkpt>
      <trkpt lat="29.038123" lon="120.076484">
        <ele>511.725756</ele>
        <time>2026-01-29T03:05:13Z</time>
        <speed>0.771712</speed>
      </trkpt>
      <trkpt lat="29.038148" lon="120.076438">
        <ele>510.339674</ele>
        <time>2026-01-29T03:05:48Z</time>
        <speed>0.430639</speed>
      </trkpt>
      <trkpt lat="29.038174" lon="120.076405">
        <ele>508.652529</ele>
        <time>2026-01-29T03:05:55Z</time>
        <speed>0.626866</speed>
      </trkpt>
      <trkpt lat="29.038182" lon="120.076344">
        <ele>508.292336</ele>
        <time>2026-01-29T03:06:03Z</time>
        <speed>1.107762</speed>
      </trkpt>
      <trkpt lat="29.038186" lon="120.076286">
        <ele>505.159248</ele>
        <time>2026-01-29T03:06:10Z</time>
        <speed>0.631166</speed>
      </trkpt>
      <trkpt lat="29.038219" lon="120.076244">
        <ele>502.287614</ele>
        <time>2026-01-29T03:06:19Z</time>
        <speed>0.516111</speed>
      </trkpt>
      <trkpt lat="29.03824" lon="120.076201">
        <ele>501.000123</ele>
        <time>2026-01-29T03:06:26Z</time>
        <speed>0.760912</speed>
      </trkpt>
      <trkpt lat="29.038276" lon="120.07617">
        <ele>497.895355</ele>
        <time>2026-01-29T03:06:34Z</time>
        <speed>0.612345</speed>
      </trkpt>
      <trkpt lat="29.038321" lon="120.07619">
        <ele>496.706129</ele>
        <time>2026-01-29T03:06:48Z</time>
        <speed>0.231463</speed>
      </trkpt>
      <trkpt lat="29.038369" lon="120.076199">
        <ele>494.349471</ele>
        <time>2026-01-29T03:07:13Z</time>
        <speed>0.669995</speed>
      </trkpt>
      <trkpt lat="29.038401" lon="120.07623">
        <ele>491.200785</ele>
        <time>2026-01-29T03:07:24Z</time>
        <speed>0.254004</speed>
      </trkpt>
      <trkpt lat="29.038436" lon="120.076276">
        <ele>489.070778</ele>
        <time>2026-01-29T03:07:35Z</time>
        <speed>0.904236</speed>
      </trkpt>
      <trkpt lat="29.038482" lon="120.076303">
        <ele>488.863466</ele>
        <time>2026-01-29T03:07:45Z</time>
        <speed>0.754361</speed>
      </trkpt>
      <trkpt lat="29.038534" lon="120.076288">
        <ele>483.367011</ele>
        <time>2026-01-29T03:08:00Z</time>
        <speed>0.659284</speed>
      </trkpt>
      <trkpt lat="29.038572" lon="120.076256">
        <ele>479.904324</ele>
        <time>2026-01-29T03:08:16Z</time>
        <speed>0.457616</speed>
      </trkpt>
      <trkpt lat="29.038613" lon="120.076273">
        <ele>478.634285</ele>
        <time>2026-01-29T03:08:26Z</time>
        <speed>0.556516</speed>
      </trkpt>
      <trkpt lat="29.038667" lon="120.076251">
        <ele>476.383916</ele>
        <time>2026-01-29T03:08:34Z</time>
        <speed>1.650766</speed>
      </trkpt>
      <trkpt lat="29.038705" lon="120.076236">
        <ele>478.159831</ele>
        <time>2026-01-29T03:08:37Z</time>
        <speed>1.209609</speed>
      </trkpt>
      <trkpt lat="29.038765" lon="120.076207">
        <ele>482.180979</ele>
        <time>2026-01-29T03:08:46Z</time>
        <speed>0.433434</speed>
      </trkpt>
      <trkpt lat="29.038803" lon="120.0762">
        <ele>481.214796</ele>
        <time>2026-01-29T03:08:50Z</time>
        <speed>0.866314</speed>
      </trkpt>
      <trkpt lat="29.03886" lon="120.076181">
        <ele>480.343591</ele>
        <time>2026-01-29T03:08:59Z</time>
        <speed>0.649916</speed>
      </trkpt>
      <trkpt lat="29.038903" lon="120.076158">
        <ele>479.892408</ele>
        <time>2026-01-29T03:09:51Z</time>
        <speed>0.363556</speed>
      </trkpt>
      <trkpt lat="29.038919" lon="120.076126">
        <ele>481.470543</ele>
        <time>2026-01-29T03:09:55Z</time>
        <speed>1.45193</speed>
      </trkpt>
      <trkpt lat="29.038965" lon="120.076095">
        <ele>481.822897</ele>
        <time>2026-01-29T03:10:00Z</time>
        <speed>0.843091</speed>
      </trkpt>
      <trkpt lat="29.039004" lon="120.076054">
        <ele>481.56873</ele>
        <time>2026-01-29T03:10:04Z</time>
        <speed>1.06681</speed>
      </trkpt>
      <trkpt lat="29.039051" lon="120.076011">
        <ele>479.213299</ele>
        <time>2026-01-29T03:10:21Z</time>
        <speed>0.280943</speed>
      </trkpt>
      <trkpt lat="29.03907" lon="120.075969">
        <ele>475.704934</ele>
        <time>2026-01-29T03:10:35Z</time>
        <speed>0.317418</speed>
      </trkpt>
      <trkpt lat="29.039098" lon="120.075915">
        <ele>470.291629</ele>
        <time>2026-01-29T03:11:46Z</time>
        <speed>0.600384</speed>
      </trkpt>
      <trkpt lat="29.039145" lon="120.075916">
        <ele>466.689938</ele>
        <time>2026-01-29T03:12:06Z</time>
        <speed>0.422922</speed>
      </trkpt>
      <trkpt lat="29.039193" lon="120.075915">
        <ele>464.51628</ele>
        <time>2026-01-29T03:12:28Z</time>
        <speed>0.661008</speed>
      </trkpt>
      <trkpt lat="29.039236" lon="120.075903">
        <ele>461.393242</ele>
        <time>2026-01-29T03:12:46Z</time>
        <speed>0.691735</speed>
      </trkpt>
      <trkpt lat="29.039285" lon="120.0759">
        <ele>454.89026</ele>
        <time>2026-01-29T03:13:03Z</time>
        <speed>0.740187</speed>
      </trkpt>
      <trkpt lat="29.039321" lon="120.075911">
        <ele>452.738186</ele>
        <time>2026-01-29T03:13:08Z</time>
        <speed>1.06116</speed>
      </trkpt>
      <trkpt lat="29.039374" lon="120.075921">
        <ele>450.011176</ele>
        <time>2026-01-29T03:13:15Z</time>
        <speed>0.605701</speed>
      </trkpt>
      <trkpt lat="29.039427" lon="120.075927">
        <ele>449.64367</ele>
        <time>2026-01-29T03:13:22Z</time>
        <speed>1.107566</speed>
      </trkpt>
      <trkpt lat="29.039486" lon="120.07592">
        <ele>450.500536</ele>
        <time>2026-01-29T03:13:28Z</time>
        <speed>1.779146</speed>
      </trkpt>
      <trkpt lat="29.03954" lon="120.075906">
        <ele>449.908916</ele>
        <time>2026-01-29T03:14:07Z</time>
        <speed>1.393639</speed>
      </trkpt>
      <trkpt lat="29.039561" lon="120.075895">
        <ele>448.858776</ele>
        <time>2026-01-29T03:14:10Z</time>
        <speed>1.793875</speed>
      </trkpt>
      <trkpt lat="29.039592" lon="120.07588">
        <ele>448.866677</ele>
        <time>2026-01-29T03:14:12Z</time>
        <speed>1.991216</speed>
      </trkpt>
      <trkpt lat="29.039668" lon="120.075869">
        <ele>448.185732</ele>
        <time>2026-01-29T03:14:22Z</time>
        <speed>0.730761</speed>
      </trkpt>
      <trkpt lat="29.039719" lon="120.075871">
        <ele>447.288129</ele>
        <time>2026-01-29T03:14:29Z</time>
        <speed>0.610014</speed>
      </trkpt>
      <trkpt lat="29.039768" lon="120.075883">
        <ele>446.876496</ele>
        <time>2026-01-29T03:14:36Z</time>
        <speed>1.505044</speed>
      </trkpt>
      <trkpt lat="29.039821" lon="120.075889">
        <ele>446.639858</ele>
        <time>2026-01-29T03:14:45Z</time>
        <speed>0.700025</speed>
      </trkpt>
      <trkpt lat="29.039835" lon="120.075932">
        <ele>445.945129</ele>
        <time>2026-01-29T03:14:50Z</time>
        <speed>1.158249</speed>
      </trkpt>
      <trkpt lat="29.039854" lon="120.075977">
        <ele>445.866431</ele>
        <time>2026-01-29T03:14:54Z</time>
        <speed>1.132229</speed>
      </trkpt>
      <trkpt lat="29.039901" lon="120.076009">
        <ele>453.091058</ele>
        <time>2026-01-29T03:15:23Z</time>
        <speed>0.440776</speed>
      </trkpt>
      <trkpt lat="29.039947" lon="120.076002">
        <ele>454.513859</ele>
        <time>2026-01-29T03:15:43Z</time>
        <speed>0.197262</speed>
      </trkpt>
      <trkpt lat="29.039992" lon="120.076025">
        <ele>454.964353</ele>
        <time>2026-01-29T03:15:58Z</time>
        <speed>0.351963</speed>
      </trkpt>
      <trkpt lat="29.04003" lon="120.076064">
        <ele>455.526921</ele>
        <time>2026-01-29T03:16:10Z</time>
        <speed>0.728099</speed>
      </trkpt>
      <trkpt lat="29.040045" lon="120.076116">
        <ele>460.445607</ele>
        <time>2026-01-29T03:16:34Z</time>
        <speed>1.191466</speed>
      </trkpt>
      <trkpt lat="29.040093" lon="120.076119">
        <ele>462.098556</ele>
        <time>2026-01-29T03:16:55Z</time>
        <speed>0.687778</speed>
      </trkpt>
      <trkpt lat="29.040138" lon="120.076133">
        <ele>464.632623</ele>
        <time>2026-01-29T03:17:12Z</time>
        <speed>0.255447</speed>
      </trkpt>
      <trkpt lat="29.040183" lon="120.076135">
        <ele>467.256919</ele>
        <time>2026-01-29T03:17:37Z</time>
        <speed>0.547671</speed>
      </trkpt>
      <trkpt lat="29.040224" lon="120.076108">
        <ele>469.854138</ele>
        <time>2026-01-29T03:18:01Z</time>
        <speed>0.359078</speed>
      </trkpt>
      <trkpt lat="29.04025" lon="120.076062">
        <ele>470.053613</ele>
        <time>2026-01-29T03:18:13Z</time>
        <speed>0.726357</speed>
      </trkpt>
      <trkpt lat="29.040294" lon="120.076041">
        <ele>470.783957</ele>
        <time>2026-01-29T03:18:22Z</time>
        <speed>0.590615</speed>
      </trkpt>
      <trkpt lat="29.040344" lon="120.076034">
        <ele>471.911349</ele>
        <time>2026-01-29T03:18:33Z</time>
        <speed>0.298904</speed>
      </trkpt>
      <trkpt lat="29.040368" lon="120.076078">
        <ele>475.882236</ele>
        <time>2026-01-29T03:18:53Z</time>
        <speed>0.109604</speed>
      </trkpt>
      <trkpt lat="29.040383" lon="120.076129">
        <ele>479.165501</ele>
        <time>2026-01-29T03:19:09Z</time>
        <speed>0.217136</speed>
      </trkpt>
      <trkpt lat="29.040418" lon="120.076166">
        <ele>483.359303</ele>
        <time>2026-01-29T03:20:23Z</time>
        <speed>0.500415</speed>
      </trkpt>
      <trkpt lat="29.040462" lon="120.07616">
        <ele>486.524902</ele>
        <time>2026-01-29T03:20:36Z</time>
        <speed>0.491451</speed>
      </trkpt>
      <trkpt lat="29.040511" lon="120.076169">
        <ele>487.403152</ele>
        <time>2026-01-29T03:20:45Z</time>
        <speed>0.593931</speed>
      </trkpt>
      <trkpt lat="29.040555" lon="120.076197">
        <ele>490.682059</ele>
        <time>2026-01-29T03:21:03Z</time>
        <speed>0.575419</speed>
      </trkpt>
      <trkpt lat="29.040589" lon="120.076231">
        <ele>495.461913</ele>
        <time>2026-01-29T03:21:33Z</time>
        <speed>0.041621</speed>
      </trkpt>
      <trkpt lat="29.040638" lon="120.076217">
        <ele>500.081471</ele>
        <time>2026-01-29T03:22:42Z</time>
        <speed>0.124504</speed>
      </trkpt>
      <trkpt lat="29.040679" lon="120.076216">
        <ele>501.556218</ele>
        <time>2026-01-29T03:22:48Z</time>
        <speed>0.757879</speed>
      </trkpt>
      <trkpt lat="29.040713" lon="120.07617">
        <ele>500.075119</ele>
        <time>2026-01-29T03:22:57Z</time>
        <speed>1.144406</speed>
      </trkpt>
      <trkpt lat="29.040746" lon="120.076128">
        <ele>501.68455</ele>
        <time>2026-01-29T03:23:06Z</time>
        <speed>0.533972</speed>
      </trkpt>
      <trkpt lat="29.040777" lon="120.076089">
        <ele>502.027759</ele>
        <time>2026-01-29T03:23:12Z</time>
        <speed>1.377241</speed>
      </trkpt>
      <trkpt lat="29.040809" lon="120.076046">
        <ele>502.050283</ele>
        <time>2026-01-29T03:23:18Z</time>
        <speed>0.798322</speed>
      </trkpt>
      <trkpt lat="29.040838" lon="120.075986">
        <ele>501.835649</ele>
        <time>2026-01-29T03:23:25Z</time>
        <speed>1.396914</speed>
      </trkpt>
      <trkpt lat="29.040877" lon="120.075947">
        <ele>501.13984</ele>
        <time>2026-01-29T03:23:33Z</time>
        <speed>0.72706</speed>
      </trkpt>
      <trkpt lat="29.040913" lon="120.075923">
        <ele>502.759062</ele>
        <time>2026-01-29T03:23:38Z</time>
        <speed>0.812928</speed>
      </trkpt>
      <trkpt lat="29.040966" lon="120.07591">
        <ele>505.518464</ele>
        <time>2026-01-29T03:23:48Z</time>
        <speed>0.483938</speed>
      </trkpt>
      <trkpt lat="29.041012" lon="120.075911">
        <ele>509.305113</ele>
        <time>2026-01-29T03:24:00Z</time>
        <speed>0.543163</speed>
      </trkpt>
      <trkpt lat="29.041062" lon="120.075922">
        <ele>512.810593</ele>
        <time>2026-01-29T03:24:12Z</time>
        <speed>0.538931</speed>
      </trkpt>
      <trkpt lat="29.041091" lon="120.075877">
        <ele>511.340302</ele>
        <time>2026-01-29T03:24:23Z</time>
        <speed>0.602629</speed>
      </trkpt>
      <trkpt lat="29.041126" lon="120.075841">
        <ele>508.438382</ele>
        <time>2026-01-29T03:24:41Z</time>
        <speed>0.161603</speed>
      </trkpt>
      <trkpt lat="29.041116" lon="120.075792">
        <ele>507.922757</ele>
        <time>2026-01-29T03:24:50Z</time>
        <speed>0.565087</speed>
      </trkpt>
      <trkpt lat="29.041143" lon="120.075747">
        <ele>505.285189</ele>
        <time>2026-01-29T03:24:59Z</time>
        <speed>0.457964</speed>
      </trkpt>
      <trkpt lat="29.041194" lon="120.075722">
        <ele>501.661115</ele>
        <time>2026-01-29T03:25:10Z</time>
        <speed>0.609112</speed>
      </trkpt>
      <trkpt lat="29.041223" lon="120.075677">
        <ele>499.594428</ele>
        <time>2026-01-29T03:25:24Z</time>
        <speed>0.582898</speed>
      </trkpt>
      <trkpt lat="29.041253" lon="120.075638">
        <ele>496.832612</ele>
        <time>2026-01-29T03:25:38Z</time>
        <speed>0.348612</speed>
      </trkpt>
      <trkpt lat="29.041276" lon="120.075588">
        <ele>494.467547</ele>
        <time>2026-01-29T03:25:53Z</time>
        <speed>0.464107</speed>
      </trkpt>
      <trkpt lat="29.041311" lon="120.075569">
        <ele>493.363725</ele>
        <time>2026-01-29T03:25:58Z</time>
        <speed>0.682347</speed>
      </trkpt>
      <trkpt lat="29.041372" lon="120.075558">
        <ele>490.745814</ele>
        <time>2026-01-29T03:26:09Z</time>
        <speed>0.596872</speed>
      </trkpt>
      <trkpt lat="29.041417" lon="120.075535">
        <ele>488.474362</ele>
        <time>2026-01-29T03:26:18Z</time>
        <speed>1.164983</speed>
      </trkpt>
      <trkpt lat="29.041461" lon="120.075516">
        <ele>488.52155</ele>
        <time>2026-01-29T03:26:25Z</time>
        <speed>0.516245</speed>
      </trkpt>
      <trkpt lat="29.041511" lon="120.075507">
        <ele>490.140504</ele>
        <time>2026-01-29T03:26:32Z</time>
        <speed>0.857612</speed>
      </trkpt>
      <trkpt lat="29.041563" lon="120.07551">
        <ele>492.151301</ele>
        <time>2026-01-29T03:27:22Z</time>
        <speed>0.577401</speed>
      </trkpt>
      <trkpt lat="29.041607" lon="120.075494">
        <ele>491.952637</ele>
        <time>2026-01-29T03:27:31Z</time>
        <speed>0.728453</speed>
      </trkpt>
      <trkpt lat="29.041657" lon="120.075466">
        <ele>493.881724</ele>
        <time>2026-01-29T03:27:41Z</time>
        <speed>0.193244</speed>
      </trkpt>
      <trkpt lat="29.041709" lon="120.075456">
        <ele>496.62218</ele>
        <time>2026-01-29T03:28:35Z</time>
        <speed>0.244827</speed>
      </trkpt>
      <trkpt lat="29.041749" lon="120.075444">
        <ele>497.919131</ele>
        <time>2026-01-29T03:28:41Z</time>
        <speed>0.826721</speed>
      </trkpt>
      <trkpt lat="29.041796" lon="120.075437">
        <ele>499.598295</ele>
        <time>2026-01-29T03:28:45Z</time>
        <speed>1.181551</speed>
      </trkpt>
      <trkpt lat="29.041853" lon="120.075438">
        <ele>500.896784</ele>
        <time>2026-01-29T03:28:50Z</time>
        <speed>0.911155</speed>
      </trkpt>
      <trkpt lat="29.041906" lon="120.075441">
        <ele>501.363789</ele>
        <time>2026-01-29T03:28:55Z</time>
        <speed>0.958555</speed>
      </trkpt>
      <trkpt lat="29.041957" lon="120.075422">
        <ele>505.477284</ele>
        <time>2026-01-29T03:29:03Z</time>
        <speed>0.809382</speed>
      </trkpt>
      <trkpt lat="29.042001" lon="120.075429">
        <ele>506.214747</ele>
        <time>2026-01-29T03:29:09Z</time>
        <speed>0.980167</speed>
      </trkpt>
      <trkpt lat="29.042049" lon="120.075427">
        <ele>505.875362</ele>
        <time>2026-01-29T03:29:16Z</time>
        <speed>1.237651</speed>
      </trkpt>
      <trkpt lat="29.042108" lon="120.075421">
        <ele>504.492414</ele>
        <time>2026-01-29T03:29:22Z</time>
        <speed>1.410785</speed>
      </trkpt>
      <trkpt lat="29.04216" lon="120.075413">
        <ele>499.649308</ele>
        <time>2026-01-29T03:29:38Z</time>
        <speed>0.441088</speed>
      </trkpt>
      <trkpt lat="29.042197" lon="120.075434">
        <ele>499.593203</ele>
        <time>2026-01-29T03:29:48Z</time>
        <speed>0.829244</speed>
      </trkpt>
      <trkpt lat="29.042238" lon="120.075401">
        <ele>496.243155</ele>
        <time>2026-01-29T03:30:17Z</time>
        <speed>0.069048</speed>
      </trkpt>
      <trkpt lat="29.042268" lon="120.07536">
        <ele>490.240682</ele>
        <time>2026-01-29T03:30:37Z</time>
        <speed>0.558386</speed>
      </trkpt>
      <trkpt lat="29.04229" lon="120.075405">
        <ele>490.799215</ele>
        <time>2026-01-29T03:30:59Z</time>
        <speed>0.341807</speed>
      </trkpt>
      <trkpt lat="29.042334" lon="120.07539">
        <ele>489.540289</ele>
        <time>2026-01-29T03:32:04Z</time>
        <speed>0.275066</speed>
      </trkpt>
      <trkpt lat="29.04237" lon="120.075358">
        <ele>483.837844</ele>
        <time>2026-01-29T03:32:33Z</time>
        <speed>0.527276</speed>
      </trkpt>
      <trkpt lat="29.042416" lon="120.075365">
        <ele>479.820475</ele>
        <time>2026-01-29T03:33:08Z</time>
        <speed>0.797188</speed>
      </trkpt>
      <trkpt lat="29.042456" lon="120.075339">
        <ele>470.575852</ele>
        <time>2026-01-29T03:34:13Z</time>
        <speed>0.0</speed>
      </trkpt>
      <trkpt lat="29.042485" lon="120.075292">
        <ele>464.972643</ele>
        <time>2026-01-29T03:34:50Z</time>
        <speed>0.697272</speed>
      </trkpt>
      <trkpt lat="29.042527" lon="120.075265">
        <ele>462.512087</ele>
        <time>2026-01-29T03:35:15Z</time>
        <speed>1.213906</speed>
      </trkpt>
      <trkpt lat="29.042558" lon="120.075228">
        <ele>461.263474</ele>
        <time>2026-01-29T03:35:26Z</time>
        <speed>0.395501</speed>
      </trkpt>
      <trkpt lat="29.042599" lon="120.075199">
        <ele>455.164094</ele>
        <time>2026-01-29T03:36:08Z</time>
        <speed>0.162155</speed>
      </trkpt>
      <trkpt lat="29.042627" lon="120.075162">
        <ele>452.763361</ele>
        <time>2026-01-29T03:36:25Z</time>
        <speed>0.35777</speed>
      </trkpt>
      <trkpt lat="29.042635" lon="120.075106">
        <ele>451.426208</ele>
        <time>2026-01-29T03:36:47Z</time>
        <speed>0.479644</speed>
      </trkpt>
      <trkpt lat="29.042652" lon="120.075055">
        <ele>448.095961</ele>
        <time>2026-01-29T03:37:40Z</time>
        <speed>0.318871</speed>
      </trkpt>
      <trkpt lat="29.042642" lon="120.075004">
        <ele>445.587895</ele>
        <time>2026-01-29T03:37:51Z</time>
        <speed>0.663959</speed>
      </trkpt>
      <trkpt lat="29.042663" lon="120.074956">
        <ele>442.303107</ele>
        <time>2026-01-29T03:38:14Z</time>
        <speed>0.59971</speed>
      </trkpt>
      <trkpt lat="29.042709" lon="120.074959">
        <ele>439.63626</ele>
        <time>2026-01-29T03:38:25Z</time>
        <speed>0.488486</speed>
      </trkpt>
      <trkpt lat="29.04276" lon="120.074958">
        <ele>437.591813</ele>
        <time>2026-01-29T03:38:39Z</time>
        <speed>0.657091</speed>
      </trkpt>
      <trkpt lat="29.042788" lon="120.075004">
        <ele>434.152333</ele>
        <time>2026-01-29T03:39:24Z</time>
        <speed>0.908084</speed>
      </trkpt>
      <trkpt lat="29.04284" lon="120.075001">
        <ele>428.031204</ele>
        <time>2026-01-29T03:42:01Z</time>
        <speed>0.872015</speed>
      </trkpt>
      <trkpt lat="29.042887" lon="120.075003">
        <ele>421.331848</ele>
        <time>2026-01-29T03:42:38Z</time>
        <speed>0.49341</speed>
      </trkpt>
      <trkpt lat="29.042927" lon="120.074982">
        <ele>416.807314</ele>
        <time>2026-01-29T03:42:53Z</time>
        <speed>0.667331</speed>
      </trkpt>
      <trkpt lat="29.042967" lon="120.074985">
        <ele>414.920945</ele>
        <time>2026-01-29T03:42:59Z</time>
        <speed>0.48632</speed>
      </trkpt>
      <trkpt lat="29.043019" lon="120.074985">
        <ele>414.213991</ele>
        <time>2026-01-29T03:43:08Z</time>
        <speed>0.609174</speed>
      </trkpt>
      <trkpt lat="29.043065" lon="120.07499">
        <ele>412.272831</ele>
        <time>2026-01-29T03:43:15Z</time>
        <speed>0.757637</speed>
      </trkpt>
      <trkpt lat="29.04312" lon="120.074992">
        <ele>410.852911</ele>
        <time>2026-01-29T03:43:22Z</time>
        <speed>0.958857</speed>
      </trkpt>
      <trkpt lat="29.043133" lon="120.075043">
        <ele>407.84966</ele>
        <time>2026-01-29T03:43:49Z</time>
        <speed>0.647009</speed>
      </trkpt>
      <trkpt lat="29.043164" lon="120.075081">
        <ele>404.697306</ele>
        <time>2026-01-29T03:44:06Z</time>
        <speed>0.421211</speed>
      </trkpt>
      <trkpt lat="29.043211" lon="120.075058">
        <ele>402.62032</ele>
        <time>2026-01-29T03:44:20Z</time>
        <speed>0.762585</speed>
      </trkpt>
      <trkpt lat="29.043255" lon="120.075054">
        <ele>401.426786</ele>
        <time>2026-01-29T03:44:28Z</time>
        <speed>0.461884</speed>
      </trkpt>
      <trkpt lat="29.043285" lon="120.075098">
        <ele>398.727849</ele>
        <time>2026-01-29T03:44:40Z</time>
        <speed>0.360959</speed>
      </trkpt>
      <trkpt lat="29.043331" lon="120.075117">
        <ele>396.136252</ele>
        <time>2026-01-29T03:45:00Z</time>
        <speed>0.140271</speed>
      </trkpt>
      <trkpt lat="29.043375" lon="120.075105">
        <ele>393.769622</ele>
        <time>2026-01-29T03:45:14Z</time>
        <speed>0.466616</speed>
      </trkpt>
      <trkpt lat="29.04342" lon="120.075124">
        <ele>389.22447</ele>
        <time>2026-01-29T03:45:30Z</time>
        <speed>0.27164</speed>
      </trkpt>
      <trkpt lat="29.043469" lon="120.075137">
        <ele>386.011112</ele>
        <time>2026-01-29T03:45:47Z</time>
        <speed>0.543041</speed>
      </trkpt>
      <trkpt lat="29.04352" lon="120.075138">
        <ele>380.725943</ele>
        <time>2026-01-29T03:46:04Z</time>
        <speed>0.31256</speed>
      </trkpt>
      <trkpt lat="29.043561" lon="120.075112">
        <ele>376.831813</ele>
        <time>2026-01-29T03:46:18Z</time>
        <speed>0.484576</speed>
      </trkpt>
      <trkpt lat="29.04361" lon="120.075095">
        <ele>373.460246</ele>
        <time>2026-01-29T03:46:34Z</time>
        <speed>0.734297</speed>
      </trkpt>
      <trkpt lat="29.043656" lon="120.075109">
        <ele>370.802814</ele>
        <time>2026-01-29T03:46:44Z</time>
        <speed>0.270895</speed>
      </trkpt>
      <trkpt lat="29.043703" lon="120.075118">
        <ele>368.707486</ele>
        <time>2026-01-29T03:46:52Z</time>
        <speed>0.841061</speed>
      </trkpt>
      <trkpt lat="29.043747" lon="120.075119">
        <ele>366.463081</ele>
        <time>2026-01-29T03:46:58Z</time>
        <speed>0.895468</speed>
      </trkpt>
      <trkpt lat="29.043805" lon="120.075115">
        <ele>368.414509</ele>
        <time>2026-01-29T03:47:06Z</time>
        <speed>0.823932</speed>
      </trkpt>
      <trkpt lat="29.043858" lon="120.075102">
        <ele>369.852814</ele>
        <time>2026-01-29T03:47:14Z</time>
        <speed>0.468081</speed>
      </trkpt>
      <trkpt lat="29.043901" lon="120.075103">
        <ele>371.452345</ele>
        <time>2026-01-29T03:47:20Z</time>
        <speed>0.453667</speed>
      </trkpt>
      <trkpt lat="29.04395" lon="120.075116">
        <ele>373.807248</ele>
        <time>2026-01-29T03:47:28Z</time>
        <speed>0.342725</speed>
      </trkpt>
      <trkpt lat="29.043995" lon="120.075084">
        <ele>376.220357</ele>
        <time>2026-01-29T03:47:41Z</time>
        <speed>0.537475</speed>
      </trkpt>
      <trkpt lat="29.044035" lon="120.075069">
        <ele>378.0864</ele>
        <time>2026-01-29T03:47:48Z</time>
        <speed>0.639094</speed>
      </trkpt>
      <trkpt lat="29.044088" lon="120.075048">
        <ele>378.541669</ele>
        <time>2026-01-29T03:47:56Z</time>
        <speed>0.784773</speed>
      </trkpt>
      <trkpt lat="29.044138" lon="120.07504">
        <ele>378.069634</ele>
        <time>2026-01-29T03:48:02Z</time>
        <speed>0.894947</speed>
      </trkpt>
      <trkpt lat="29.044192" lon="120.075043">
        <ele>379.022906</ele>
        <time>2026-01-29T03:48:08Z</time>
        <speed>0.888524</speed>
      </trkpt>
      <trkpt lat="29.044242" lon="120.075057">
        <ele>380.572937</ele>
        <time>2026-01-29T03:48:15Z</time>
        <speed>0.708892</speed>
      </trkpt>
      <trkpt lat="29.044292" lon="120.07507">
        <ele>381.995725</ele>
        <time>2026-01-29T03:48:22Z</time>
        <speed>0.616163</speed>
      </trkpt>
      <trkpt lat="29.044333" lon="120.075103">
        <ele>383.682269</ele>
        <time>2026-01-29T03:48:29Z</time>
        <speed>0.557276</speed>
      </trkpt>
      <trkpt lat="29.044375" lon="120.075135">
        <ele>384.943718</ele>
        <time>2026-01-29T03:48:37Z</time>
        <speed>0.350272</speed>
      </trkpt>
      <trkpt lat="29.044423" lon="120.075148">
        <ele>385.936599</ele>
        <time>2026-01-29T03:48:47Z</time>
        <speed>0.70547</speed>
      </trkpt>
      <trkpt lat="29.044463" lon="120.075174">
        <ele>387.468217</ele>
        <time>2026-01-29T03:48:57Z</time>
        <speed>0.389879</speed>
      </trkpt>
      <trkpt lat="29.044498" lon="120.075207">
        <ele>389.41896</ele>
        <time>2026-01-29T03:49:07Z</time>
        <speed>0.609076</speed>
      </trkpt>
      <trkpt lat="29.044531" lon="120.075252">
        <ele>390.305428</ele>
        <time>2026-01-29T03:49:14Z</time>
        <speed>0.966323</speed>
      </trkpt>
      <trkpt lat="29.044573" lon="120.075293">
        <ele>390.654242</ele>
        <time>2026-01-29T03:49:21Z</time>
        <speed>0.884728</speed>
      </trkpt>
      <trkpt lat="29.044613" lon="120.075334">
        <ele>389.60432</ele>
        <time>2026-01-29T03:49:28Z</time>
        <speed>0.821945</speed>
      </trkpt>
      <trkpt lat="29.044646" lon="120.075376">
        <ele>387.221011</ele>
        <time>2026-01-29T03:49:34Z</time>
        <speed>0.819077</speed>
      </trkpt>
      <trkpt lat="29.044692" lon="120.075381">
        <ele>386.868867</ele>
        <time>2026-01-29T03:49:41Z</time>
        <speed>0.531632</speed>
      </trkpt>
      <trkpt lat="29.044738" lon="120.075388">
        <ele>386.124573</ele>
        <time>2026-01-29T03:49:46Z</time>
        <speed>1.00083</speed>
      </trkpt>
      <trkpt lat="29.044793" lon="120.075405">
        <ele>385.336763</ele>
        <time>2026-01-29T03:49:51Z</time>
        <speed>1.413527</speed>
      </trkpt>
      <trkpt lat="29.044852" lon="120.075401">
        <ele>385.194232</ele>
        <time>2026-01-29T03:49:58Z</time>
        <speed>0.964385</speed>
      </trkpt>
      <trkpt lat="29.044901" lon="120.07539">
        <ele>386.482353</ele>
        <time>2026-01-29T03:50:03Z</time>
        <speed>1.030201</speed>
      </trkpt>
      <trkpt lat="29.044953" lon="120.075386">
        <ele>387.513099</ele>
        <time>2026-01-29T03:50:08Z</time>
        <speed>1.071037</speed>
      </trkpt>
      <trkpt lat="29.045" lon="120.075391">
        <ele>387.510262</ele>
        <time>2026-01-29T03:50:12Z</time>
        <speed>1.024499</speed>
      </trkpt>
      <trkpt lat="29.045058" lon="120.075397">
        <ele>385.14134</ele>
        <time>2026-01-29T03:50:18Z</time>
        <speed>0.676176</speed>
      </trkpt>
      <trkpt lat="29.045108" lon="120.075402">
        <ele>384.363962</ele>
        <time>2026-01-29T03:50:23Z</time>
        <speed>0.866574</speed>
      </trkpt>
      <trkpt lat="29.045155" lon="120.075401">
        <ele>384.278498</ele>
        <time>2026-01-29T03:50:28Z</time>
        <speed>0.745741</speed>
      </trkpt>
      <trkpt lat="29.045197" lon="120.075404">
        <ele>385.200975</ele>
        <time>2026-01-29T03:50:32Z</time>
        <speed>0.922132</speed>
      </trkpt>
      <trkpt lat="29.045249" lon="120.075411">
        <ele>386.39268</ele>
        <time>2026-01-29T03:50:38Z</time>
        <speed>0.581057</speed>
      </trkpt>
      <trkpt lat="29.045301" lon="120.075418">
        <ele>385.933059</ele>
        <time>2026-01-29T03:50:43Z</time>
        <speed>0.98812</speed>
      </trkpt>
      <trkpt lat="29.045359" lon="120.075429">
        <ele>385.825744</ele>
        <time>2026-01-29T03:50:48Z</time>
        <speed>1.115287</speed>
      </trkpt>
      <trkpt lat="29.045412" lon="120.075443">
        <ele>386.871249</ele>
        <time>2026-01-29T03:50:53Z</time>
        <speed>1.101701</speed>
      </trkpt>
      <trkpt lat="29.045464" lon="120.075456">
        <ele>388.226085</ele>
        <time>2026-01-29T03:50:59Z</time>
        <speed>0.728683</speed>
      </trkpt>
      <trkpt lat="29.045513" lon="120.075469">
        <ele>389.163879</ele>
        <time>2026-01-29T03:51:05Z</time>
        <speed>0.931125</speed>
      </trkpt>
      <trkpt lat="29.045564" lon="120.075474">
        <ele>389.174013</ele>
        <time>2026-01-29T03:51:11Z</time>
        <speed>0.783166</speed>
      </trkpt>
      <trkpt lat="29.045614" lon="120.075475">
        <ele>390.489199</ele>
        <time>2026-01-29T03:51:18Z</time>
        <speed>0.581779</speed>
      </trkpt>
      <trkpt lat="29.045662" lon="120.075496">
        <ele>392.273955</ele>
        <time>2026-01-29T03:51:25Z</time>
        <speed>0.808238</speed>
      </trkpt>
      <trkpt lat="29.045711" lon="120.075517">
        <ele>394.204385</ele>
        <time>2026-01-29T03:51:33Z</time>
        <speed>0.483005</speed>
      </trkpt>
      <trkpt lat="29.045757" lon="120.075536">
        <ele>395.313778</ele>
        <time>2026-01-29T03:51:40Z</time>
        <speed>0.789072</speed>
      </trkpt>
      <trkpt lat="29.045806" lon="120.075536">
        <ele>397.428979</ele>
        <time>2026-01-29T03:51:52Z</time>
        <speed>0.411109</speed>
      </trkpt>
      <trkpt lat="29.045849" lon="120.075533">
        <ele>398.503492</ele>
        <time>2026-01-29T03:51:58Z</time>
        <speed>0.607205</speed>
      </trkpt>
      <trkpt lat="29.045895" lon="120.075559">
        <ele>399.21075</ele>
        <time>2026-01-29T03:52:05Z</time>
        <speed>0.604047</speed>
      </trkpt>
      <trkpt lat="29.045942" lon="120.07559">
        <ele>399.662939</ele>
        <time>2026-01-29T03:52:11Z</time>
        <speed>0.708988</speed>
      </trkpt>
      <trkpt lat="29.045989" lon="120.075619">
        <ele>401.741682</ele>
        <time>2026-01-29T03:52:18Z</time>
        <speed>0.617389</speed>
      </trkpt>
      <trkpt lat="29.046035" lon="120.075642">
        <ele>404.108513</ele>
        <time>2026-01-29T03:52:29Z</time>
        <speed>0.519424</speed>
      </trkpt>
      <trkpt lat="29.046067" lon="120.075676">
        <ele>404.691857</ele>
        <time>2026-01-29T03:52:37Z</time>
        <speed>0.724034</speed>
      </trkpt>
      <trkpt lat="29.046073" lon="120.075735">
        <ele>407.329506</ele>
        <time>2026-01-29T03:52:50Z</time>
        <speed>0.480876</speed>
      </trkpt>
      <trkpt lat="29.046112" lon="120.075765">
        <ele>408.077198</ele>
        <time>2026-01-29T03:53:12Z</time>
        <speed>0.351702</speed>
      </trkpt>
      <trkpt lat="29.046152" lon="120.075799">
        <ele>408.238289</ele>
        <time>2026-01-29T03:53:24Z</time>
        <speed>1.581684</speed>
      </trkpt>
      <trkpt lat="29.046198" lon="120.075813">
        <ele>411.301449</ele>
        <time>2026-01-29T03:53:49Z</time>
        <speed>0.330281</speed>
      </trkpt>
      <trkpt lat="29.046224" lon="120.075852">
        <ele>413.231904</ele>
        <time>2026-01-29T03:54:03Z</time>
        <speed>0.259634</speed>
      </trkpt>
      <trkpt lat="29.046267" lon="120.075875">
        <ele>414.537063</ele>
        <time>2026-01-29T03:54:23Z</time>
        <speed>0.460754</speed>
      </trkpt>
      <trkpt lat="29.046309" lon="120.075894">
        <ele>418.345827</ele>
        <time>2026-01-29T03:54:39Z</time>
        <speed>0.151893</speed>
      </trkpt>
      <trkpt lat="29.046354" lon="120.075905">
        <ele>419.285094</ele>
        <time>2026-01-29T03:54:58Z</time>
        <speed>0.365821</speed>
      </trkpt>
      <trkpt lat="29.04641" lon="120.075901">
        <ele>420.358564</ele>
        <time>2026-01-29T03:55:36Z</time>
        <speed>0.891524</speed>
      </trkpt>
      <trkpt lat="29.046448" lon="120.075906">
        <ele>421.861874</ele>
        <time>2026-01-29T03:55:43Z</time>
        <speed>0.862423</speed>
      </trkpt>
      <trkpt lat="29.046497" lon="120.075895">
        <ele>423.44122</ele>
        <time>2026-01-29T03:55:51Z</time>
        <speed>0.43669</speed>
      </trkpt>
      <trkpt lat="29.046544" lon="120.075885">
        <ele>426.126561</ele>
        <time>2026-01-29T03:56:04Z</time>
        <speed>0.72014</speed>
      </trkpt>
      <trkpt lat="29.04659" lon="120.075881">
        <ele>426.193927</ele>
        <time>2026-01-29T03:56:18Z</time>
        <speed>0.239806</speed>
      </trkpt>
      <trkpt lat="29.046636" lon="120.075891">
        <ele>431.994227</ele>
        <time>2026-01-29T03:56:46Z</time>
        <speed>0.395699</speed>
      </trkpt>
      <trkpt lat="29.046678" lon="120.075893">
        <ele>432.480878</ele>
        <time>2026-01-29T03:56:57Z</time>
        <speed>0.439178</speed>
      </trkpt>
      <trkpt lat="29.046713" lon="120.075929">
        <ele>436.420337</ele>
        <time>2026-01-29T03:57:14Z</time>
        <speed>0.181677</speed>
      </trkpt>
      <trkpt lat="29.046757" lon="120.07592">
        <ele>434.398643</ele>
        <time>2026-01-29T03:57:32Z</time>
        <speed>0.128599</speed>
      </trkpt>
      <trkpt lat="29.046804" lon="120.075922">
        <ele>437.728247</ele>
        <time>2026-01-29T03:57:48Z</time>
        <speed>0.254256</speed>
      </trkpt>
      <trkpt lat="29.046849" lon="120.075936">
        <ele>439.142647</ele>
        <time>2026-01-29T03:57:58Z</time>
        <speed>0.396991</speed>
      </trkpt>
      <trkpt lat="29.046901" lon="120.075937">
        <ele>442.540069</ele>
        <time>2026-01-29T03:58:09Z</time>
        <speed>0.911108</speed>
      </trkpt>
      <trkpt lat="29.046949" lon="120.075943">
        <ele>441.85227</ele>
        <time>2026-01-29T03:58:22Z</time>
        <speed>0.29089</speed>
      </trkpt>
      <trkpt lat="29.046996" lon="120.075944">
        <ele>443.15133</ele>
        <time>2026-01-29T03:58:35Z</time>
        <speed>0.38203</speed>
      </trkpt>
      <trkpt lat="29.047044" lon="120.075947">
        <ele>444.168252</ele>
        <time>2026-01-29T03:58:43Z</time>
        <speed>0.370609</speed>
      </trkpt>
      <trkpt lat="29.047091" lon="120.075932">
        <ele>444.756292</ele>
        <time>2026-01-29T03:58:53Z</time>
        <speed>0.126305</speed>
      </trkpt>
      <trkpt lat="29.047116" lon="120.07589">
        <ele>445.713842</ele>
        <time>2026-01-29T03:59:00Z</time>
        <speed>0.675911</speed>
      </trkpt>
      <trkpt lat="29.047144" lon="120.075831">
        <ele>444.609361</ele>
        <time>2026-01-29T03:59:06Z</time>
        <speed>1.112952</speed>
      </trkpt>
      <trkpt lat="29.047157" lon="120.075773">
        <ele>445.771697</ele>
        <time>2026-01-29T03:59:13Z</time>
        <speed>0.376437</speed>
      </trkpt>
      <trkpt lat="29.047166" lon="120.075734">
        <ele>446.814495</ele>
        <time>2026-01-29T03:59:16Z</time>
        <speed>0.956319</speed>
      </trkpt>
      <trkpt lat="29.047185" lon="120.075676">
        <ele>447.605587</ele>
        <time>2026-01-29T03:59:21Z</time>
        <speed>0.82585</speed>
      </trkpt>
      <trkpt lat="29.04719" lon="120.075614">
        <ele>449.232372</ele>
        <time>2026-01-29T03:59:28Z</time>
        <speed>0.862094</speed>
      </trkpt>
      <trkpt lat="29.047216" lon="120.075575">
        <ele>448.92306</ele>
        <time>2026-01-29T03:59:34Z</time>
        <speed>0.522249</speed>
      </trkpt>
      <trkpt lat="29.047215" lon="120.075519">
        <ele>454.089384</ele>
        <time>2026-01-29T03:59:47Z</time>
        <speed>0.672648</speed>
      </trkpt>
      <trkpt lat="29.047222" lon="120.075468">
        <ele>456.48624</ele>
        <time>2026-01-29T03:59:54Z</time>
        <speed>0.611592</speed>
      </trkpt>
      <trkpt lat="29.047249" lon="120.075422">
        <ele>457.754521</ele>
        <time>2026-01-29T03:59:59Z</time>
        <speed>0.658201</speed>
      </trkpt>
      <trkpt lat="29.047295" lon="120.075377">
        <ele>459.412877</ele>
        <time>2026-01-29T04:00:06Z</time>
        <speed>0.50114</speed>
      </trkpt>
      <trkpt lat="29.047337" lon="120.075342">
        <ele>461.159154</ele>
        <time>2026-01-29T04:00:14Z</time>
        <speed>0.344313</speed>
      </trkpt>
      <trkpt lat="29.047376" lon="120.075315">
        <ele>462.324903</ele>
        <time>2026-01-29T04:00:24Z</time>
        <speed>0.263225</speed>
      </trkpt>
      <trkpt lat="29.047415" lon="120.07528">
        <ele>463.68301</ele>
        <time>2026-01-29T04:00:38Z</time>
        <speed>0.352609</speed>
      </trkpt>
      <trkpt lat="29.047453" lon="120.075253">
        <ele>465.465363</ele>
        <time>2026-01-29T04:00:49Z</time>
        <speed>0.608505</speed>
      </trkpt>
      <trkpt lat="29.04748" lon="120.07521">
        <ele>468.141486</ele>
        <time>2026-01-29T04:01:00Z</time>
        <speed>0.646697</speed>
      </trkpt>
      <trkpt lat="29.047514" lon="120.075167">
        <ele>470.003698</ele>
        <time>2026-01-29T04:01:11Z</time>
        <speed>0.494075</speed>
      </trkpt>
      <trkpt lat="29.047534" lon="120.075118">
        <ele>471.762834</ele>
        <time>2026-01-29T04:01:19Z</time>
        <speed>0.538236</speed>
      </trkpt>
      <trkpt lat="29.047574" lon="120.07509">
        <ele>474.484012</ele>
        <time>2026-01-29T04:01:26Z</time>
        <speed>0.511985</speed>
      </trkpt>
      <trkpt lat="29.047612" lon="120.075054">
        <ele>475.861175</ele>
        <time>2026-01-29T04:01:33Z</time>
        <speed>0.720668</speed>
      </trkpt>
      <trkpt lat="29.047647" lon="120.075016">
        <ele>476.468251</ele>
        <time>2026-01-29T04:01:39Z</time>
        <speed>0.597884</speed>
      </trkpt>
      <trkpt lat="29.047694" lon="120.07499">
        <ele>477.00397</ele>
        <time>2026-01-29T04:01:45Z</time>
        <speed>0.873443</speed>
      </trkpt>
      <trkpt lat="29.047734" lon="120.074955">
        <ele>477.229533</ele>
        <time>2026-01-29T04:01:51Z</time>
        <speed>0.741475</speed>
      </trkpt>
      <trkpt lat="29.04777" lon="120.074925">
        <ele>477.023325</ele>
        <time>2026-01-29T04:01:56Z</time>
        <speed>0.633866</speed>
      </trkpt>
      <trkpt lat="29.047814" lon="120.074898">
        <ele>475.780635</ele>
        <time>2026-01-29T04:02:02Z</time>
        <speed>0.598058</speed>
      </trkpt>
      <trkpt lat="29.047859" lon="120.074865">
        <ele>475.061856</ele>
        <time>2026-01-29T04:02:08Z</time>
        <speed>0.942672</speed>
      </trkpt>
      <trkpt lat="29.047903" lon="120.074829">
        <ele>475.713936</ele>
        <time>2026-01-29T04:02:14Z</time>
        <speed>0.712632</speed>
      </trkpt>
      <trkpt lat="29.04795" lon="120.074805">
        <ele>473.288937</ele>
        <time>2026-01-29T04:02:18Z</time>
        <speed>0.973485</speed>
      </trkpt>
      <trkpt lat="29.047994" lon="120.074778">
        <ele>472.552692</ele>
        <time>2026-01-29T04:02:22Z</time>
        <speed>0.805093</speed>
      </trkpt>
      <trkpt lat="29.048034" lon="120.074749">
        <ele>472.051056</ele>
        <time>2026-01-29T04:02:26Z</time>
        <speed>0.847934</speed>
      </trkpt>
      <trkpt lat="29.048072" lon="120.074708">
        <ele>472.784779</ele>
        <time>2026-01-29T04:02:31Z</time>
        <speed>0.994418</speed>
      </trkpt>
      <trkpt lat="29.048096" lon="120.07466">
        <ele>475.441051</ele>
        <time>2026-01-29T04:02:37Z</time>
        <speed>0.758107</speed>
      </trkpt>
      <trkpt lat="29.048115" lon="120.074609">
        <ele>479.120096</ele>
        <time>2026-01-29T04:02:44Z</time>
        <speed>0.649648</speed>
      </trkpt>
      <trkpt lat="29.048136" lon="120.074555">
        <ele>481.070676</ele>
        <time>2026-01-29T04:02:53Z</time>
        <speed>0.51694</speed>
      </trkpt>
      <trkpt lat="29.04816" lon="120.074511">
        <ele>481.145757</ele>
        <time>2026-01-29T04:02:59Z</time>
        <speed>0.671335</speed>
      </trkpt>
      <trkpt lat="29.048182" lon="120.074458">
        <ele>482.240205</ele>
        <time>2026-01-29T04:03:09Z</time>
        <speed>0.484167</speed>
      </trkpt>
      <trkpt lat="29.048207" lon="120.074415">
        <ele>484.243502</ele>
        <time>2026-01-29T04:03:19Z</time>
        <speed>0.267611</speed>
      </trkpt>
      <trkpt lat="29.048221" lon="120.074359">
        <ele>485.706742</ele>
        <time>2026-01-29T04:03:31Z</time>
        <speed>0.376523</speed>
      </trkpt>
      <trkpt lat="29.048234" lon="120.074307">
        <ele>487.86841</ele>
        <time>2026-01-29T04:03:43Z</time>
        <speed>0.3358</speed>
      </trkpt>
      <trkpt lat="29.048262" lon="120.074265">
        <ele>490.335232</ele>
        <time>2026-01-29T04:03:51Z</time>
        <speed>0.602243</speed>
      </trkpt>
      <trkpt lat="29.048302" lon="120.074233">
        <ele>492.652268</ele>
        <time>2026-01-29T04:04:00Z</time>
        <speed>0.157729</speed>
      </trkpt>
      <trkpt lat="29.048332" lon="120.074188">
        <ele>493.065038</ele>
        <time>2026-01-29T04:04:09Z</time>
        <speed>0.607221</speed>
      </trkpt>
      <trkpt lat="29.048345" lon="120.074133">
        <ele>495.676696</ele>
        <time>2026-01-29T04:04:23Z</time>
        <speed>0.248224</speed>
      </trkpt>
      <trkpt lat="29.048353" lon="120.074083">
        <ele>496.723781</ele>
        <time>2026-01-29T04:04:34Z</time>
        <speed>0.30483</speed>
      </trkpt>
      <trkpt lat="29.04836" lon="120.074024">
        <ele>498.97508</ele>
        <time>2026-01-29T04:04:43Z</time>
        <speed>0.603525</speed>
      </trkpt>
      <trkpt lat="29.048354" lon="120.073965">
        <ele>500.333902</ele>
        <time>2026-01-29T04:04:53Z</time>
        <speed>0.517957</speed>
      </trkpt>
      <trkpt lat="29.048326" lon="120.073915">
        <ele>503.342129</ele>
        <time>2026-01-29T04:05:02Z</time>
        <speed>0.70571</speed>
      </trkpt>
      <trkpt lat="29.048329" lon="120.073868">
        <ele>504.36197</ele>
        <time>2026-01-29T04:05:08Z</time>
        <speed>0.344854</speed>
      </trkpt>
      <trkpt lat="29.048308" lon="120.073816">
        <ele>506.089265</ele>
        <time>2026-01-29T04:05:17Z</time>
        <speed>0.601074</speed>
      </trkpt>
      <trkpt lat="29.048297" lon="120.073763">
        <ele>508.823456</ele>
        <time>2026-01-29T04:05:30Z</time>
        <speed>0.276201</speed>
      </trkpt>
      <trkpt lat="29.0483" lon="120.073708">
        <ele>511.036445</ele>
        <time>2026-01-29T04:05:42Z</time>
        <speed>0.248184</speed>
      </trkpt>
      <trkpt lat="29.048288" lon="120.073653">
        <ele>512.654081</ele>
        <time>2026-01-29T04:05:57Z</time>
        <speed>0.361445</speed>
      </trkpt>
      <trkpt lat="29.048293" lon="120.073591">
        <ele>513.997997</ele>
        <time>2026-01-29T04:06:17Z</time>
        <speed>0.743964</speed>
      </trkpt>
      <trkpt lat="29.048268" lon="120.073544">
        <ele>517.689359</ele>
        <time>2026-01-29T04:06:34Z</time>
        <speed>0.42222</speed>
      </trkpt>
      <trkpt lat="29.048274" lon="120.073491">
        <ele>522.31491</ele>
        <time>2026-01-29T04:06:55Z</time>
        <speed>0.083183</speed>
      </trkpt>
      <trkpt lat="29.048285" lon="120.073439">
        <ele>525.936405</ele>
        <time>2026-01-29T04:07:07Z</time>
        <speed>0.67714</speed>
      </trkpt>
      <trkpt lat="29.048315" lon="120.073393">
        <ele>528.351055</ele>
        <time>2026-01-29T04:07:17Z</time>
        <speed>0.59534</speed>
      </trkpt>
      <trkpt lat="29.048341" lon="120.073347">
        <ele>529.434522</ele>
        <time>2026-01-29T04:07:26Z</time>
        <speed>0.392793</speed>
      </trkpt>
      <trkpt lat="29.048367" lon="120.073296">
        <ele>533.515703</ele>
        <time>2026-01-29T04:07:40Z</time>
        <speed>0.46427</speed>
      </trkpt>
      <trkpt lat="29.048395" lon="120.073257">
        <ele>534.253724</ele>
        <time>2026-01-29T04:07:50Z</time>
        <speed>0.786065</speed>
      </trkpt>
      <trkpt lat="29.04842" lon="120.073212">
        <ele>534.286438</ele>
        <time>2026-01-29T04:08:00Z</time>
        <speed>0.33236</speed>
      </trkpt>
      <trkpt lat="29.048449" lon="120.073174">
        <ele>534.465607</ele>
        <time>2026-01-29T04:08:08Z</time>
        <speed>0.338321</speed>
      </trkpt>
      <trkpt lat="29.048482" lon="120.073126">
        <ele>536.448491</ele>
        <time>2026-01-29T04:08:19Z</time>
        <speed>0.66666</speed>
      </trkpt>
      <trkpt lat="29.048514" lon="120.073085">
        <ele>538.635283</ele>
        <time>2026-01-29T04:08:28Z</time>
        <speed>0.556622</speed>
      </trkpt>
      <trkpt lat="29.048553" lon="120.073044">
        <ele>536.845995</ele>
        <time>2026-01-29T04:08:50Z</time>
        <speed>0.886468</speed>
      </trkpt>
      <trkpt lat="29.048598" lon="120.073035">
        <ele>537.330057</ele>
        <time>2026-01-29T04:08:59Z</time>
        <speed>0.326566</speed>
      </trkpt>
      <trkpt lat="29.048651" lon="120.073029">
        <ele>538.470813</ele>
        <time>2026-01-29T04:09:06Z</time>
        <speed>0.831164</speed>
      </trkpt>
      <trkpt lat="29.048695" lon="120.073002">
        <ele>539.792694</ele>
        <time>2026-01-29T04:09:12Z</time>
        <speed>0.820891</speed>
      </trkpt>
      <trkpt lat="29.048741" lon="120.073021">
        <ele>541.772673</ele>
        <time>2026-01-29T04:09:19Z</time>
        <speed>1.253443</speed>
      </trkpt>
      <trkpt lat="29.048784" lon="120.073009">
        <ele>546.451781</ele>
        <time>2026-01-29T04:09:31Z</time>
        <speed>0.382312</speed>
      </trkpt>
      <trkpt lat="29.048829" lon="120.072996">
        <ele>549.205707</ele>
        <time>2026-01-29T04:09:45Z</time>
        <speed>0.669762</speed>
      </trkpt>
      <trkpt lat="29.048872" lon="120.072967">
        <ele>551.419811</ele>
        <time>2026-01-29T04:09:59Z</time>
        <speed>0.490836</speed>
      </trkpt>
      <trkpt lat="29.048904" lon="120.072929">
        <ele>553.647362</ele>
        <time>2026-01-29T04:10:10Z</time>
        <speed>0.516549</speed>
      </trkpt>
      <trkpt lat="29.048946" lon="120.072902">
        <ele>556.281494</ele>
        <time>2026-01-29T04:10:36Z</time>
        <speed>0.313762</speed>
      </trkpt>
      <trkpt lat="29.04899" lon="120.072883">
        <ele>557.039522</ele>
        <time>2026-01-29T04:11:05Z</time>
        <speed>0.112735</speed>
      </trkpt>
      <trkpt lat="29.049029" lon="120.072857">
        <ele>559.085008</ele>
        <time>2026-01-29T04:11:16Z</time>
        <speed>0.682844</speed>
      </trkpt>
      <trkpt lat="29.049038" lon="120.072796">
        <ele>557.655828</ele>
        <time>2026-01-29T04:11:37Z</time>
        <speed>1.071274</speed>
      </trkpt>
      <trkpt lat="29.049036" lon="120.072756">
        <ele>561.884448</ele>
        <time>2026-01-29T04:36:07Z</time>
        <speed>0.148924</speed>
      </trkpt>
      <trkpt lat="29.049036" lon="120.072756">
        <ele>561.79984</ele>
        <time>2026-01-29T04:36:09Z</time>
        <speed>0.246467</speed>
      </trkpt>
      <trkpt lat="29.049008" lon="120.072798">
        <ele>557.27166</ele>
        <time>2026-01-29T04:37:20Z</time>
        <speed>0.054896</speed>
      </trkpt>
      <trkpt lat="29.048982" lon="120.07284">
        <ele>553.502683</ele>
        <time>2026-01-29T04:39:15Z</time>
        <speed>0.507255</speed>
      </trkpt>
      <trkpt lat="29.049" lon="120.072874">
        <ele>554.567605</ele>
        <time>2026-01-29T04:39:23Z</time>
        <speed>1.10036</speed>
      </trkpt>
      <trkpt lat="29.049052" lon="120.072895">
        <ele>555.898205</ele>
        <time>2026-01-29T04:39:29Z</time>
        <speed>1.966001</speed>
      </trkpt>
      <trkpt lat="29.049044" lon="120.072869">
        <ele>556.961878</ele>
        <time>2026-01-29T04:39:33Z</time>
        <speed>0.582488</speed>
      </trkpt>
      <trkpt lat="29.049073" lon="120.072831">
        <ele>558.620863</ele>
        <time>2026-01-29T04:39:41Z</time>
        <speed>0.739576</speed>
      </trkpt>
      <trkpt lat="29.049124" lon="120.072814">
        <ele>561.822668</ele>
        <time>2026-01-29T04:39:56Z</time>
        <speed>0.452845</speed>
      </trkpt>
      <trkpt lat="29.049168" lon="120.072793">
        <ele>564.669392</ele>
        <time>2026-01-29T04:40:11Z</time>
        <speed>0.40833</speed>
      </trkpt>
      <trkpt lat="29.049213" lon="120.072793">
        <ele>568.023741</ele>
        <time>2026-01-29T04:40:26Z</time>
        <speed>0.694136</speed>
      </trkpt>
      <trkpt lat="29.049254" lon="120.072764">
        <ele>570.358288</ele>
        <time>2026-01-29T04:40:39Z</time>
        <speed>0.515235</speed>
      </trkpt>
      <trkpt lat="29.0493" lon="120.072747">
        <ele>573.32218</ele>
        <time>2026-01-29T04:40:59Z</time>
        <speed>0.133465</speed>
      </trkpt>
      <trkpt lat="29.049348" lon="120.072753">
        <ele>574.943211</ele>
        <time>2026-01-29T04:41:13Z</time>
        <speed>0.631672</speed>
      </trkpt>
      <trkpt lat="29.04939" lon="120.072736">
        <ele>575.923808</ele>
        <time>2026-01-29T04:41:21Z</time>
        <speed>0.635083</speed>
      </trkpt>
      <trkpt lat="29.049428" lon="120.072754">
        <ele>576.317276</ele>
        <time>2026-01-29T04:41:27Z</time>
        <speed>1.159242</speed>
      </trkpt>
      <trkpt lat="29.049475" lon="120.072748">
        <ele>577.92743</ele>
        <time>2026-01-29T04:41:34Z</time>
        <speed>0.593047</speed>
      </trkpt>
      <trkpt lat="29.049522" lon="120.072761">
        <ele>579.698822</ele>
        <time>2026-01-29T04:41:41Z</time>
        <speed>0.858836</speed>
      </trkpt>
      <trkpt lat="29.049567" lon="120.072783">
        <ele>581.535336</ele>
        <time>2026-01-29T04:41:48Z</time>
        <speed>0.866704</speed>
      </trkpt>
      <trkpt lat="29.049613" lon="120.072803">
        <ele>582.14961</ele>
        <time>2026-01-29T04:41:54Z</time>
        <speed>0.916255</speed>
      </trkpt>
      <trkpt lat="29.049651" lon="120.07283">
        <ele>583.080072</ele>
        <time>2026-01-29T04:41:59Z</time>
        <speed>0.987856</speed>
      </trkpt>
      <trkpt lat="29.049697" lon="120.07285">
        <ele>583.002765</ele>
        <time>2026-01-29T04:42:05Z</time>
        <speed>0.665576</speed>
      </trkpt>
      <trkpt lat="29.049745" lon="120.072861">
        <ele>579.159919</ele>
        <time>2026-01-29T04:42:15Z</time>
        <speed>0.347533</speed>
      </trkpt>
      <trkpt lat="29.049774" lon="120.072889">
        <ele>578.635528</ele>
        <time>2026-01-29T04:42:20Z</time>
        <speed>1.014772</speed>
      </trkpt>
      <trkpt lat="29.049823" lon="120.072908">
        <ele>580.945364</ele>
        <time>2026-01-29T04:42:32Z</time>
        <speed>0.666322</speed>
      </trkpt>
      <trkpt lat="29.049869" lon="120.072929">
        <ele>582.845256</ele>
        <time>2026-01-29T04:42:41Z</time>
        <speed>1.146597</speed>
      </trkpt>
      <trkpt lat="29.049921" lon="120.072942">
        <ele>583.450353</ele>
        <time>2026-01-29T04:42:52Z</time>
        <speed>0.898351</speed>
      </trkpt>
      <trkpt lat="29.049964" lon="120.072963">
        <ele>586.075488</ele>
        <time>2026-01-29T04:43:06Z</time>
        <speed>0.33959</speed>
      </trkpt>
      <trkpt lat="29.050007" lon="120.072988">
        <ele>588.984243</ele>
        <time>2026-01-29T04:43:20Z</time>
        <speed>0.975525</speed>
      </trkpt>
      <trkpt lat="29.050034" lon="120.073027">
        <ele>591.123832</ele>
        <time>2026-01-29T04:43:27Z</time>
        <speed>0.71962</speed>
      </trkpt>
      <trkpt lat="29.050083" lon="120.073048">
        <ele>592.642327</ele>
        <time>2026-01-29T04:43:43Z</time>
        <speed>0.973603</speed>
      </trkpt>
      <trkpt lat="29.050122" lon="120.073032">
        <ele>594.615551</ele>
        <time>2026-01-29T04:43:49Z</time>
        <speed>0.60341</speed>
      </trkpt>
      <trkpt lat="29.050173" lon="120.073019">
        <ele>597.364315</ele>
        <time>2026-01-29T04:43:57Z</time>
        <speed>0.986461</speed>
      </trkpt>
      <trkpt lat="29.050224" lon="120.073016">
        <ele>598.684557</ele>
        <time>2026-01-29T04:44:04Z</time>
        <speed>0.729452</speed>
      </trkpt>
      <trkpt lat="29.050268" lon="120.073007">
        <ele>599.365467</ele>
        <time>2026-01-29T04:44:09Z</time>
        <speed>1.334448</speed>
      </trkpt>
      <trkpt lat="29.05031" lon="120.073011">
        <ele>599.561233</ele>
        <time>2026-01-29T04:44:13Z</time>
        <speed>1.170055</speed>
      </trkpt>
      <trkpt lat="29.050355" lon="120.073023">
        <ele>600.03305</ele>
        <time>2026-01-29T04:44:17Z</time>
        <speed>1.279745</speed>
      </trkpt>
      <trkpt lat="29.050407" lon="120.073042">
        <ele>599.410812</ele>
        <time>2026-01-29T04:44:22Z</time>
        <speed>1.06302</speed>
      </trkpt>
      <trkpt lat="29.050461" lon="120.07306">
        <ele>600.265317</ele>
        <time>2026-01-29T04:44:27Z</time>
        <speed>1.163837</speed>
      </trkpt>
      <trkpt lat="29.050513" lon="120.073083">
        <ele>600.158529</ele>
        <time>2026-01-29T04:44:32Z</time>
        <speed>1.084507</speed>
      </trkpt>
      <trkpt lat="29.050567" lon="120.073103">
        <ele>599.869622</ele>
        <time>2026-01-29T04:44:38Z</time>
        <speed>1.14299</speed>
      </trkpt>
      <trkpt lat="29.050624" lon="120.073115">
        <ele>599.53308</ele>
        <time>2026-01-29T04:44:44Z</time>
        <speed>1.068991</speed>
      </trkpt>
      <trkpt lat="29.050676" lon="120.073129">
        <ele>600.561862</ele>
        <time>2026-01-29T04:44:50Z</time>
        <speed>0.860848</speed>
      </trkpt>
      <trkpt lat="29.050726" lon="120.073144">
        <ele>602.560809</ele>
        <time>2026-01-29T04:44:56Z</time>
        <speed>0.908419</speed>
      </trkpt>
      <trkpt lat="29.050773" lon="120.073159">
        <ele>604.215087</ele>
        <time>2026-01-29T04:45:01Z</time>
        <speed>1.204126</speed>
      </trkpt>
      <trkpt lat="29.050823" lon="120.073169">
        <ele>605.129273</ele>
        <time>2026-01-29T04:45:06Z</time>
        <speed>0.973712</speed>
      </trkpt>
      <trkpt lat="29.050875" lon="120.073157">
        <ele>605.533058</ele>
        <time>2026-01-29T04:45:11Z</time>
        <speed>1.061105</speed>
      </trkpt>
      <trkpt lat="29.050928" lon="120.073143">
        <ele>604.852787</ele>
        <time>2026-01-29T04:45:16Z</time>
        <speed>1.252081</speed>
      </trkpt>
      <trkpt lat="29.050973" lon="120.073125">
        <ele>604.108513</ele>
        <time>2026-01-29T04:45:20Z</time>
        <speed>1.268326</speed>
      </trkpt>
      <trkpt lat="29.051028" lon="120.073107">
        <ele>604.192943</ele>
        <time>2026-01-29T04:45:25Z</time>
        <speed>0.817812</speed>
      </trkpt>
      <trkpt lat="29.051072" lon="120.073114">
        <ele>605.018976</ele>
        <time>2026-01-29T04:45:30Z</time>
        <speed>1.027919</speed>
      </trkpt>
      <trkpt lat="29.051114" lon="120.073111">
        <ele>604.66386</ele>
        <time>2026-01-29T04:45:34Z</time>
        <speed>1.13011</speed>
      </trkpt>
      <trkpt lat="29.051161" lon="120.073106">
        <ele>603.560281</ele>
        <time>2026-01-29T04:45:38Z</time>
        <speed>1.190479</speed>
      </trkpt>
      <trkpt lat="29.051205" lon="120.07308">
        <ele>602.984988</ele>
        <time>2026-01-29T04:45:42Z</time>
        <speed>1.321035</speed>
      </trkpt>
      <trkpt lat="29.05125" lon="120.073046">
        <ele>603.259083</ele>
        <time>2026-01-29T04:45:47Z</time>
        <speed>1.11273</speed>
      </trkpt>
      <trkpt lat="29.051298" lon="120.073007">
        <ele>602.305115</ele>
        <time>2026-01-29T04:45:54Z</time>
        <speed>1.117332</speed>
      </trkpt>
      <trkpt lat="29.051335" lon="120.072985">
        <ele>600.844501</ele>
        <time>2026-01-29T04:45:58Z</time>
        <speed>1.154134</speed>
      </trkpt>
      <trkpt lat="29.051376" lon="120.072943">
        <ele>599.877477</ele>
        <time>2026-01-29T04:46:03Z</time>
        <speed>1.164842</speed>
      </trkpt>
      <trkpt lat="29.051417" lon="120.072903">
        <ele>599.565979</ele>
        <time>2026-01-29T04:46:08Z</time>
        <speed>1.069354</speed>
      </trkpt>
      <trkpt lat="29.051469" lon="120.072899">
        <ele>598.584688</ele>
        <time>2026-01-29T04:47:25Z</time>
        <speed>1.135051</speed>
      </trkpt>
      <trkpt lat="29.051494" lon="120.072893">
        <ele>598.319716</ele>
        <time>2026-01-29T04:47:30Z</time>
        <speed>1.074733</speed>
      </trkpt>
      <trkpt lat="29.051536" lon="120.072864">
        <ele>597.611045</ele>
        <time>2026-01-29T04:47:34Z</time>
        <speed>1.183446</speed>
      </trkpt>
      <trkpt lat="29.051586" lon="120.072826">
        <ele>596.052703</ele>
        <time>2026-01-29T04:47:39Z</time>
        <speed>1.229305</speed>
      </trkpt>
      <trkpt lat="29.051636" lon="120.072796">
        <ele>595.482466</ele>
        <time>2026-01-29T04:47:44Z</time>
        <speed>1.243079</speed>
      </trkpt>
      <trkpt lat="29.051677" lon="120.072771">
        <ele>594.727125</ele>
        <time>2026-01-29T04:47:48Z</time>
        <speed>1.232606</speed>
      </trkpt>
      <trkpt lat="29.051725" lon="120.072742">
        <ele>593.59244</ele>
        <time>2026-01-29T04:47:53Z</time>
        <speed>1.050705</speed>
      </trkpt>
      <trkpt lat="29.051775" lon="120.072731">
        <ele>592.275417</ele>
        <time>2026-01-29T04:47:58Z</time>
        <speed>1.090644</speed>
      </trkpt>
      <trkpt lat="29.051826" lon="120.07272">
        <ele>590.409202</ele>
        <time>2026-01-29T04:48:04Z</time>
        <speed>0.671352</speed>
      </trkpt>
      <trkpt lat="29.051874" lon="120.072712">
        <ele>587.919038</ele>
        <time>2026-01-29T04:48:17Z</time>
        <speed>0.09607</speed>
      </trkpt>
      <trkpt lat="29.051915" lon="120.072701">
        <ele>587.800303</ele>
        <time>2026-01-29T04:48:23Z</time>
        <speed>1.207547</speed>
      </trkpt>
      <trkpt lat="29.051967" lon="120.072701">
        <ele>589.630101</ele>
        <time>2026-01-29T04:48:28Z</time>
        <speed>1.45502</speed>
      </trkpt>
      <trkpt lat="29.051986" lon="120.072657">
        <ele>591.09629</ele>
        <time>2026-01-29T04:48:33Z</time>
        <speed>1.109288</speed>
      </trkpt>
      <trkpt lat="29.05201" lon="120.072604">
        <ele>592.340185</ele>
        <time>2026-01-29T04:48:37Z</time>
        <speed>1.31178</speed>
      </trkpt>
      <trkpt lat="29.052042" lon="120.072558">
        <ele>592.529908</ele>
        <time>2026-01-29T04:48:41Z</time>
        <speed>1.171723</speed>
      </trkpt>
      <trkpt lat="29.052086" lon="120.072518">
        <ele>592.348948</ele>
        <time>2026-01-29T04:48:46Z</time>
        <speed>1.335786</speed>
      </trkpt>
      <trkpt lat="29.052121" lon="120.072476">
        <ele>590.776084</ele>
        <time>2026-01-29T04:48:52Z</time>
        <speed>0.90194</speed>
      </trkpt>
      <trkpt lat="29.052169" lon="120.072445">
        <ele>587.656727</ele>
        <time>2026-01-29T04:49:01Z</time>
        <speed>0.752908</speed>
      </trkpt>
      <trkpt lat="29.052175" lon="120.0724">
        <ele>586.69778</ele>
        <time>2026-01-29T04:49:06Z</time>
        <speed>0.77269</speed>
      </trkpt>
      <trkpt lat="29.052188" lon="120.072342">
        <ele>584.454663</ele>
        <time>2026-01-29T04:49:12Z</time>
        <speed>0.748114</speed>
      </trkpt>
      <trkpt lat="29.052213" lon="120.072293">
        <ele>582.2857</ele>
        <time>2026-01-29T04:49:19Z</time>
        <speed>0.746568</speed>
      </trkpt>
      <trkpt lat="29.052253" lon="120.07225">
        <ele>578.774364</ele>
        <time>2026-01-29T04:49:30Z</time>
        <speed>0.746317</speed>
      </trkpt>
      <trkpt lat="29.052245" lon="120.072198">
        <ele>576.14049</ele>
        <time>2026-01-29T04:49:38Z</time>
        <speed>0.747658</speed>
      </trkpt>
      <trkpt lat="29.05227" lon="120.072147">
        <ele>572.750255</ele>
        <time>2026-01-29T04:49:52Z</time>
        <speed>0.528777</speed>
      </trkpt>
      <trkpt lat="29.05227" lon="120.072104">
        <ele>571.364046</ele>
        <time>2026-01-29T04:49:58Z</time>
        <speed>0.79585</speed>
      </trkpt>
      <trkpt lat="29.052267" lon="120.072049">
        <ele>569.837617</ele>
        <time>2026-01-29T04:50:04Z</time>
        <speed>0.579341</speed>
      </trkpt>
      <trkpt lat="29.052245" lon="120.071996">
        <ele>566.1423</ele>
        <time>2026-01-29T04:50:12Z</time>
        <speed>0.578644</speed>
      </trkpt>
      <trkpt lat="29.052281" lon="120.071969">
        <ele>563.346632</ele>
        <time>2026-01-29T04:50:47Z</time>
        <speed>0.244823</speed>
      </trkpt>
      <trkpt lat="29.052267" lon="120.071922">
        <ele>560.337417</ele>
        <time>2026-01-29T04:50:59Z</time>
        <speed>0.382779</speed>
      </trkpt>
      <trkpt lat="29.052243" lon="120.071865">
        <ele>557.932353</ele>
        <time>2026-01-29T04:51:08Z</time>
        <speed>0.484047</speed>
      </trkpt>
      <trkpt lat="29.052223" lon="120.071815">
        <ele>555.896098</ele>
        <time>2026-01-29T04:51:21Z</time>
        <speed>0.505612</speed>
      </trkpt>
      <trkpt lat="29.052181" lon="120.071802">
        <ele>553.344439</ele>
        <time>2026-01-29T04:51:32Z</time>
        <speed>0.387959</speed>
      </trkpt>
      <trkpt lat="29.05218" lon="120.07175">
        <ele>547.800211</ele>
        <time>2026-01-29T04:52:02Z</time>
        <speed>0.348888</speed>
      </trkpt>
      <trkpt lat="29.052167" lon="120.071699">
        <ele>542.028229</ele>
        <time>2026-01-29T04:52:39Z</time>
        <speed>0.313244</speed>
      </trkpt>
      <trkpt lat="29.052135" lon="120.07166">
        <ele>539.076897</ele>
        <time>2026-01-29T04:53:16Z</time>
        <speed>0.276912</speed>
      </trkpt>
      <trkpt lat="29.052143" lon="120.071606">
        <ele>525.386308</ele>
        <time>2026-01-29T04:57:24Z</time>
        <speed>0.277855</speed>
      </trkpt>
      <trkpt lat="29.052182" lon="120.071576">
        <ele>525.255327</ele>
        <time>2026-01-29T04:59:07Z</time>
        <speed>0.103086</speed>
      </trkpt>
      <trkpt lat="29.052229" lon="120.071555">
        <ele>523.089124</ele>
        <time>2026-01-29T04:59:37Z</time>
        <speed>0.503819</speed>
      </trkpt>
      <trkpt lat="29.052195" lon="120.071516">
        <ele>517.110014</ele>
        <time>2026-01-29T05:00:06Z</time>
        <speed>0.329534</speed>
      </trkpt>
      <trkpt lat="29.052169" lon="120.071469">
        <ele>515.28455</ele>
        <time>2026-01-29T05:00:22Z</time>
        <speed>0.265017</speed>
      </trkpt>
      <trkpt lat="29.052189" lon="120.071418">
        <ele>513.077105</ele>
        <time>2026-01-29T05:00:34Z</time>
        <speed>2.131648</speed>
      </trkpt>
      <trkpt lat="29.052148" lon="120.071401">
        <ele>508.210074</ele>
        <time>2026-01-29T05:01:02Z</time>
        <speed>0.316105</speed>
      </trkpt>
      <trkpt lat="29.052106" lon="120.071368">
        <ele>505.59547</ele>
        <time>2026-01-29T05:01:29Z</time>
        <speed>0.717135</speed>
      </trkpt>
      <trkpt lat="29.052068" lon="120.071308">
        <ele>503.931094</ele>
        <time>2026-01-29T05:01:59Z</time>
        <speed>1.037878</speed>
      </trkpt>
      <trkpt lat="29.05207" lon="120.071345">
        <ele>503.341519</ele>
        <time>2026-01-29T05:02:02Z</time>
        <speed>1.344971</speed>
      </trkpt>
      <trkpt lat="29.052124" lon="120.071364">
        <ele>500.412056</ele>
        <time>2026-01-29T05:02:50Z</time>
        <speed>0.412529</speed>
      </trkpt>
      <trkpt lat="29.052171" lon="120.071347">
        <ele>496.537739</ele>
        <time>2026-01-29T05:03:04Z</time>
        <speed>0.501788</speed>
      </trkpt>
      <trkpt lat="29.052166" lon="120.071303">
        <ele>492.775174</ele>
        <time>2026-01-29T05:03:12Z</time>
        <speed>0.884704</speed>
      </trkpt>
      <trkpt lat="29.052201" lon="120.071261">
        <ele>490.988738</ele>
        <time>2026-01-29T05:03:23Z</time>
        <speed>0.311133</speed>
      </trkpt>
      <trkpt lat="29.052249" lon="120.07126">
        <ele>489.583236</ele>
        <time>2026-01-29T05:03:32Z</time>
        <speed>0.203886</speed>
      </trkpt>
      <trkpt lat="29.05229" lon="120.071229">
        <ele>483.401258</ele>
        <time>2026-01-29T05:03:55Z</time>
        <speed>0.444625</speed>
      </trkpt>
      <trkpt lat="29.052316" lon="120.071182">
        <ele>481.239133</ele>
        <time>2026-01-29T05:04:08Z</time>
        <speed>0.758615</speed>
      </trkpt>
      <trkpt lat="29.052326" lon="120.071133">
        <ele>481.146886</ele>
        <time>2026-01-29T05:04:13Z</time>
        <speed>0.890297</speed>
      </trkpt>
      <trkpt lat="29.052327" lon="120.071077">
        <ele>482.487099</ele>
        <time>2026-01-29T05:04:18Z</time>
        <speed>0.999233</speed>
      </trkpt>
      <trkpt lat="29.052316" lon="120.071011">
        <ele>481.555987</ele>
        <time>2026-01-29T05:04:27Z</time>
        <speed>0.429411</speed>
      </trkpt>
      <trkpt lat="29.052336" lon="120.07096">
        <ele>477.648433</ele>
        <time>2026-01-29T05:04:39Z</time>
        <speed>0.436222</speed>
      </trkpt>
      <trkpt lat="29.052325" lon="120.07091">
        <ele>474.337515</ele>
        <time>2026-01-29T05:04:47Z</time>
        <speed>0.851304</speed>
      </trkpt>
      <trkpt lat="29.052305" lon="120.070864">
        <ele>472.110061</ele>
        <time>2026-01-29T05:04:51Z</time>
        <speed>1.470986</speed>
      </trkpt>
      <trkpt lat="29.052269" lon="120.070824">
        <ele>469.983814</ele>
        <time>2026-01-29T05:04:56Z</time>
        <speed>0.853258</speed>
      </trkpt>
      <trkpt lat="29.052229" lon="120.07078">
        <ele>468.078867</ele>
        <time>2026-01-29T05:05:03Z</time>
        <speed>0.595404</speed>
      </trkpt>
      <trkpt lat="29.052191" lon="120.070719">
        <ele>466.471345</ele>
        <time>2026-01-29T05:05:23Z</time>
        <speed>2.281948</speed>
      </trkpt>
      <trkpt lat="29.052179" lon="120.070692">
        <ele>466.002419</ele>
        <time>2026-01-29T05:05:25Z</time>
        <speed>2.278475</speed>
      </trkpt>
      <trkpt lat="29.052174" lon="120.070636">
        <ele>464.378968</ele>
        <time>2026-01-29T05:05:29Z</time>
        <speed>1.200684</speed>
      </trkpt>
      <trkpt lat="29.052162" lon="120.070572">
        <ele>462.112155</ele>
        <time>2026-01-29T05:05:33Z</time>
        <speed>1.085684</speed>
      </trkpt>
      <trkpt lat="29.052156" lon="120.07051">
        <ele>459.292766</ele>
        <time>2026-01-29T05:05:38Z</time>
        <speed>1.113108</speed>
      </trkpt>
      <trkpt lat="29.052155" lon="120.070456">
        <ele>457.749729</ele>
        <time>2026-01-29T05:05:41Z</time>
        <speed>1.296768</speed>
      </trkpt>
      <trkpt lat="29.052145" lon="120.070397">
        <ele>456.574474</ele>
        <time>2026-01-29T05:05:45Z</time>
        <speed>1.007134</speed>
      </trkpt>
      <trkpt lat="29.052124" lon="120.070349">
        <ele>455.279401</ele>
        <time>2026-01-29T05:05:49Z</time>
        <speed>0.907367</speed>
      </trkpt>
      <trkpt lat="29.052109" lon="120.0703">
        <ele>455.213898</ele>
        <time>2026-01-29T05:05:53Z</time>
        <speed>1.054361</speed>
      </trkpt>
      <trkpt lat="29.052083" lon="120.070253">
        <ele>454.241631</ele>
        <time>2026-01-29T05:05:57Z</time>
        <speed>1.400386</speed>
      </trkpt>
      <trkpt lat="29.052043" lon="120.070209">
        <ele>452.848252</ele>
        <time>2026-01-29T05:06:03Z</time>
        <speed>0.696634</speed>
      </trkpt>
      <trkpt lat="29.052012" lon="120.070171">
        <ele>450.387157</ele>
        <time>2026-01-29T05:06:09Z</time>
        <speed>0.740242</speed>
      </trkpt>
      <trkpt lat="29.051992" lon="120.070119">
        <ele>448.116029</ele>
        <time>2026-01-29T05:06:16Z</time>
        <speed>0.755354</speed>
      </trkpt>
      <trkpt lat="29.051951" lon="120.070091">
        <ele>445.571107</ele>
        <time>2026-01-29T05:06:38Z</time>
        <speed>0.698508</speed>
      </trkpt>
      <trkpt lat="29.051952" lon="120.070055">
        <ele>444.267922</ele>
        <time>2026-01-29T05:06:43Z</time>
        <speed>0.868808</speed>
      </trkpt>
      <trkpt lat="29.051927" lon="120.070009">
        <ele>441.074491</ele>
        <time>2026-01-29T05:06:49Z</time>
        <speed>0.752401</speed>
      </trkpt>
      <trkpt lat="29.051876" lon="120.069981">
        <ele>439.205911</ele>
        <time>2026-01-29T05:07:03Z</time>
        <speed>0.306995</speed>
      </trkpt>
      <trkpt lat="29.051841" lon="120.070011">
        <ele>438.308165</ele>
        <time>2026-01-29T05:07:08Z</time>
        <speed>1.416728</speed>
      </trkpt>
      <trkpt lat="29.051798" lon="120.070032">
        <ele>437.548685</ele>
        <time>2026-01-29T05:07:12Z</time>
        <speed>0.819179</speed>
      </trkpt>
      <trkpt lat="29.051776" lon="120.069982">
        <ele>432.825829</ele>
        <time>2026-01-29T05:07:20Z</time>
        <speed>1.411181</speed>
      </trkpt>
      <trkpt lat="29.051781" lon="120.069928">
        <ele>431.021339</ele>
        <time>2026-01-29T05:07:24Z</time>
        <speed>0.827408</speed>
      </trkpt>
      <trkpt lat="29.051785" lon="120.069866">
        <ele>429.726359</ele>
        <time>2026-01-29T05:07:29Z</time>
        <speed>0.805452</speed>
      </trkpt>
      <trkpt lat="29.051779" lon="120.069805">
        <ele>428.522296</ele>
        <time>2026-01-29T05:07:35Z</time>
        <speed>0.659549</speed>
      </trkpt>
      <trkpt lat="29.051777" lon="120.069747">
        <ele>428.448585</ele>
        <time>2026-01-29T05:07:40Z</time>
        <speed>0.991388</speed>
      </trkpt>
      <trkpt lat="29.05175" lon="120.069697">
        <ele>430.094195</ele>
        <time>2026-01-29T05:07:47Z</time>
        <speed>0.493825</speed>
      </trkpt>
      <trkpt lat="29.05173" lon="120.069648">
        <ele>429.35127</ele>
        <time>2026-01-29T05:07:53Z</time>
        <speed>0.751192</speed>
      </trkpt>
      <trkpt lat="29.051713" lon="120.069594">
        <ele>429.432307</ele>
        <time>2026-01-29T05:07:58Z</time>
        <speed>0.946143</speed>
      </trkpt>
      <trkpt lat="29.051704" lon="120.069544">
        <ele>428.52622</ele>
        <time>2026-01-29T05:08:02Z</time>
        <speed>1.383381</speed>
      </trkpt>
      <trkpt lat="29.051707" lon="120.069482">
        <ele>426.417231</ele>
        <time>2026-01-29T05:08:07Z</time>
        <speed>1.185766</speed>
      </trkpt>
      <trkpt lat="29.051708" lon="120.069428">
        <ele>424.781915</ele>
        <time>2026-01-29T05:08:11Z</time>
        <speed>0.974178</speed>
      </trkpt>
      <trkpt lat="29.051689" lon="120.06937">
        <ele>423.317691</ele>
        <time>2026-01-29T05:08:16Z</time>
        <speed>1.085733</speed>
      </trkpt>
      <trkpt lat="29.051675" lon="120.069326">
        <ele>422.994094</ele>
        <time>2026-01-29T05:08:19Z</time>
        <speed>1.328861</speed>
      </trkpt>
      <trkpt lat="29.051665" lon="120.069261">
        <ele>421.243171</ele>
        <time>2026-01-29T05:08:23Z</time>
        <speed>1.495175</speed>
      </trkpt>
      <trkpt lat="29.051653" lon="120.069206">
        <ele>419.92784</ele>
        <time>2026-01-29T05:08:26Z</time>
        <speed>1.478595</speed>
      </trkpt>
      <trkpt lat="29.051628" lon="120.069161">
        <ele>419.046436</ele>
        <time>2026-01-29T05:08:29Z</time>
        <speed>1.429208</speed>
      </trkpt>
      <trkpt lat="29.051579" lon="120.06912">
        <ele>417.070027</ele>
        <time>2026-01-29T05:08:33Z</time>
        <speed>1.381155</speed>
      </trkpt>
      <trkpt lat="29.051536" lon="120.06909">
        <ele>415.75889</ele>
        <time>2026-01-29T05:08:36Z</time>
        <speed>1.716354</speed>
      </trkpt>
      <trkpt lat="29.051507" lon="120.069049">
        <ele>415.230613</ele>
        <time>2026-01-29T05:08:39Z</time>
        <speed>1.738976</speed>
      </trkpt>
      <trkpt lat="29.051497" lon="120.069">
        <ele>415.398698</ele>
        <time>2026-01-29T05:08:42Z</time>
        <speed>1.739738</speed>
      </trkpt>
      <trkpt lat="29.051486" lon="120.068942">
        <ele>414.008258</ele>
        <time>2026-01-29T05:08:46Z</time>
        <speed>1.585629</speed>
      </trkpt>
      <trkpt lat="29.051487" lon="120.068883">
        <ele>413.417541</ele>
        <time>2026-01-29T05:08:50Z</time>
        <speed>1.631688</speed>
      </trkpt>
      <trkpt lat="29.051471" lon="120.068824">
        <ele>413.653828</ele>
        <time>2026-01-29T05:08:54Z</time>
        <speed>1.688659</speed>
      </trkpt>
      <trkpt lat="29.051449" lon="120.068769">
        <ele>415.340659</ele>
        <time>2026-01-29T05:08:58Z</time>
        <speed>1.621757</speed>
      </trkpt>
      <trkpt lat="29.051419" lon="120.068723">
        <ele>417.676245</ele>
        <time>2026-01-29T05:09:02Z</time>
        <speed>1.624932</speed>
      </trkpt>
      <trkpt lat="29.051387" lon="120.068681">
        <ele>418.492757</ele>
        <time>2026-01-29T05:09:06Z</time>
        <speed>1.652742</speed>
      </trkpt>
      <trkpt lat="29.051344" lon="120.068646">
        <ele>419.607282</ele>
        <time>2026-01-29T05:09:11Z</time>
        <speed>1.554762</speed>
      </trkpt>
      <trkpt lat="29.051296" lon="120.068649">
        <ele>419.581152</ele>
        <time>2026-01-29T05:09:15Z</time>
        <speed>1.620487</speed>
      </trkpt>
      <trkpt lat="29.051234" lon="120.068658">
        <ele>418.178001</ele>
        <time>2026-01-29T05:09:21Z</time>
        <speed>0.929189</speed>
      </trkpt>
      <trkpt lat="29.051181" lon="120.068653">
        <ele>415.988864</ele>
        <time>2026-01-29T05:09:26Z</time>
        <speed>1.507946</speed>
      </trkpt>
      <trkpt lat="29.051133" lon="120.068637">
        <ele>413.790649</ele>
        <time>2026-01-29T05:09:30Z</time>
        <speed>1.46833</speed>
      </trkpt>
      <trkpt lat="29.051094" lon="120.068615">
        <ele>412.714404</ele>
        <time>2026-01-29T05:09:33Z</time>
        <speed>1.579254</speed>
      </trkpt>
      <trkpt lat="29.051054" lon="120.06857">
        <ele>409.633725</ele>
        <time>2026-01-29T05:09:37Z</time>
        <speed>1.439697</speed>
      </trkpt>
      <trkpt lat="29.051034" lon="120.068516">
        <ele>405.502114</ele>
        <time>2026-01-29T05:09:41Z</time>
        <speed>1.392772</speed>
      </trkpt>
      <trkpt lat="29.051018" lon="120.068453">
        <ele>402.956613</ele>
        <time>2026-01-29T05:09:45Z</time>
        <speed>1.619061</speed>
      </trkpt>
      <trkpt lat="29.051004" lon="120.068398">
        <ele>402.443888</ele>
        <time>2026-01-29T05:09:49Z</time>
        <speed>1.533434</speed>
      </trkpt>
      <trkpt lat="29.051018" lon="120.068338">
        <ele>402.098761</ele>
        <time>2026-01-29T05:09:54Z</time>
        <speed>1.56717</speed>
      </trkpt>
      <trkpt lat="29.051038" lon="120.068288">
        <ele>400.337433</ele>
        <time>2026-01-29T05:09:58Z</time>
        <speed>1.528101</speed>
      </trkpt>
      <trkpt lat="29.051035" lon="120.068229">
        <ele>399.561318</ele>
        <time>2026-01-29T05:10:02Z</time>
        <speed>1.650043</speed>
      </trkpt>
      <trkpt lat="29.051011" lon="120.068172">
        <ele>398.841436</ele>
        <time>2026-01-29T05:10:06Z</time>
        <speed>1.655912</speed>
      </trkpt>
      <trkpt lat="29.050973" lon="120.068142">
        <ele>398.92375</ele>
        <time>2026-01-29T05:10:09Z</time>
        <speed>1.667333</speed>
      </trkpt>
      <trkpt lat="29.050924" lon="120.068119">
        <ele>399.517951</ele>
        <time>2026-01-29T05:10:13Z</time>
        <speed>1.010863</speed>
      </trkpt>
      <trkpt lat="29.050864" lon="120.068095">
        <ele>398.391802</ele>
        <time>2026-01-29T05:10:18Z</time>
        <speed>1.213073</speed>
      </trkpt>
      <trkpt lat="29.050811" lon="120.068082">
        <ele>397.258465</ele>
        <time>2026-01-29T05:10:22Z</time>
        <speed>1.47574</speed>
      </trkpt>
      <trkpt lat="29.050766" lon="120.068049">
        <ele>396.681299</ele>
        <time>2026-01-29T05:10:26Z</time>
        <speed>1.329619</speed>
      </trkpt>
      <trkpt lat="29.05074" lon="120.067993">
        <ele>397.142622</ele>
        <time>2026-01-29T05:10:30Z</time>
        <speed>1.563845</speed>
      </trkpt>
      <trkpt lat="29.050727" lon="120.067932">
        <ele>397.339113</ele>
        <time>2026-01-29T05:10:34Z</time>
        <speed>1.282617</speed>
      </trkpt>
      <trkpt lat="29.050732" lon="120.067869">
        <ele>397.483327</ele>
        <time>2026-01-29T05:10:38Z</time>
        <speed>1.557783</speed>
      </trkpt>
      <trkpt lat="29.050729" lon="120.0678">
        <ele>397.148851</ele>
        <time>2026-01-29T05:10:43Z</time>
        <speed>1.429607</speed>
      </trkpt>
      <trkpt lat="29.050707" lon="120.067754">
        <ele>396.493261</ele>
        <time>2026-01-29T05:10:47Z</time>
        <speed>1.092194</speed>
      </trkpt>
      <trkpt lat="29.050694" lon="120.067698">
        <ele>395.593056</ele>
        <time>2026-01-29T05:10:51Z</time>
        <speed>1.327075</speed>
      </trkpt>
      <trkpt lat="29.050682" lon="120.067635">
        <ele>394.543013</ele>
        <time>2026-01-29T05:10:57Z</time>
        <speed>1.048516</speed>
      </trkpt>
      <trkpt lat="29.050709" lon="120.067579">
        <ele>392.070804</ele>
        <time>2026-01-29T05:11:06Z</time>
        <speed>0.978532</speed>
      </trkpt>
      <trkpt lat="29.050742" lon="120.06755">
        <ele>391.525936</ele>
        <time>2026-01-29T05:11:10Z</time>
        <speed>1.067616</speed>
      </trkpt>
      <trkpt lat="29.050761" lon="120.06749">
        <ele>389.949492</ele>
        <time>2026-01-29T05:11:16Z</time>
        <speed>1.402259</speed>
      </trkpt>
      <trkpt lat="29.050775" lon="120.067439">
        <ele>390.042901</ele>
        <time>2026-01-29T05:11:20Z</time>
        <speed>1.143072</speed>
      </trkpt>
      <trkpt lat="29.050804" lon="120.067372">
        <ele>391.051636</ele>
        <time>2026-01-29T05:11:26Z</time>
        <speed>1.440267</speed>
      </trkpt>
      <trkpt lat="29.050821" lon="120.067315">
        <ele>392.048027</ele>
        <time>2026-01-29T05:11:31Z</time>
        <speed>0.885567</speed>
      </trkpt>
      <trkpt lat="29.050805" lon="120.06726">
        <ele>392.016169</ele>
        <time>2026-01-29T05:11:35Z</time>
        <speed>1.623359</speed>
      </trkpt>
      <trkpt lat="29.050775" lon="120.067221">
        <ele>391.939291</ele>
        <time>2026-01-29T05:11:38Z</time>
        <speed>1.317455</speed>
      </trkpt>
      <trkpt lat="29.050728" lon="120.067172">
        <ele>390.802093</ele>
        <time>2026-01-29T05:11:43Z</time>
        <speed>1.121417</speed>
      </trkpt>
      <trkpt lat="29.050698" lon="120.067133">
        <ele>389.910548</ele>
        <time>2026-01-29T05:11:46Z</time>
        <speed>1.4024</speed>
      </trkpt>
      <trkpt lat="29.050667" lon="120.067084">
        <ele>389.061248</ele>
        <time>2026-01-29T05:11:50Z</time>
        <speed>0.794737</speed>
      </trkpt>
      <trkpt lat="29.050636" lon="120.067032">
        <ele>387.215274</ele>
        <time>2026-01-29T05:11:55Z</time>
        <speed>1.047131</speed>
      </trkpt>
      <trkpt lat="29.050643" lon="120.066973">
        <ele>386.782173</ele>
        <time>2026-01-29T05:12:00Z</time>
        <speed>1.472176</speed>
      </trkpt>
      <trkpt lat="29.050655" lon="120.066928">
        <ele>386.589265</ele>
        <time>2026-01-29T05:12:03Z</time>
        <speed>1.385221</speed>
      </trkpt>
      <trkpt lat="29.050694" lon="120.066881">
        <ele>386.566884</ele>
        <time>2026-01-29T05:12:07Z</time>
        <speed>1.386339</speed>
      </trkpt>
      <trkpt lat="29.050756" lon="120.066853">
        <ele>385.960805</ele>
        <time>2026-01-29T05:12:12Z</time>
        <speed>1.244058</speed>
      </trkpt>
      <trkpt lat="29.050803" lon="120.066827">
        <ele>385.168527</ele>
        <time>2026-01-29T05:12:16Z</time>
        <speed>1.104368</speed>
      </trkpt>
      <trkpt lat="29.050845" lon="120.066795">
        <ele>384.233372</ele>
        <time>2026-01-29T05:12:20Z</time>
        <speed>1.415875</speed>
      </trkpt>
      <trkpt lat="29.050869" lon="120.066741">
        <ele>383.237639</ele>
        <time>2026-01-29T05:12:24Z</time>
        <speed>1.494371</speed>
      </trkpt>
      <trkpt lat="29.050861" lon="120.066686">
        <ele>383.001392</ele>
        <time>2026-01-29T05:12:27Z</time>
        <speed>1.500165</speed>
      </trkpt>
      <trkpt lat="29.050848" lon="120.066629">
        <ele>382.279579</ele>
        <time>2026-01-29T05:12:30Z</time>
        <speed>1.47952</speed>
      </trkpt>
      <trkpt lat="29.050834" lon="120.066559">
        <ele>381.473763</ele>
        <time>2026-01-29T05:12:34Z</time>
        <speed>1.395179</speed>
      </trkpt>
      <trkpt lat="29.050819" lon="120.066496">
        <ele>380.6656</ele>
        <time>2026-01-29T05:12:38Z</time>
        <speed>1.205334</speed>
      </trkpt>
      <trkpt lat="29.050784" lon="120.066433">
        <ele>379.390319</ele>
        <time>2026-01-29T05:12:46Z</time>
        <speed>0.709169</speed>
      </trkpt>
      <trkpt lat="29.050753" lon="120.066387">
        <ele>378.834512</ele>
        <time>2026-01-29T05:12:51Z</time>
        <speed>1.429389</speed>
      </trkpt>
      <trkpt lat="29.050717" lon="120.066336">
        <ele>377.316697</ele>
        <time>2026-01-29T05:12:56Z</time>
        <speed>1.552465</speed>
      </trkpt>
      <trkpt lat="29.050669" lon="120.066302">
        <ele>376.908313</ele>
        <time>2026-01-29T05:13:00Z</time>
        <speed>1.536214</speed>
      </trkpt>
      <trkpt lat="29.050618" lon="120.066287">
        <ele>376.303166</ele>
        <time>2026-01-29T05:13:04Z</time>
        <speed>1.298791</speed>
      </trkpt>
      <trkpt lat="29.050599" lon="120.066238">
        <ele>375.483884</ele>
        <time>2026-01-29T05:13:08Z</time>
        <speed>1.657768</speed>
      </trkpt>
      <trkpt lat="29.050577" lon="120.066195">
        <ele>375.099026</ele>
        <time>2026-01-29T05:13:11Z</time>
        <speed>1.53956</speed>
      </trkpt>
      <trkpt lat="29.050566" lon="120.066131">
        <ele>374.120873</ele>
        <time>2026-01-29T05:13:15Z</time>
        <speed>1.616651</speed>
      </trkpt>
      <trkpt lat="29.05055" lon="120.066074">
        <ele>374.235987</ele>
        <time>2026-01-29T05:13:19Z</time>
        <speed>1.183029</speed>
      </trkpt>
      <trkpt lat="29.050504" lon="120.066075">
        <ele>371.784615</ele>
        <time>2026-01-29T05:13:49Z</time>
        <speed>0.305734</speed>
      </trkpt>
      <trkpt lat="29.05047" lon="120.066049">
        <ele>371.307549</ele>
        <time>2026-01-29T05:13:57Z</time>
        <speed>1.478888</speed>
      </trkpt>
      <trkpt lat="29.050411" lon="120.066021">
        <ele>371.994779</ele>
        <time>2026-01-29T05:14:03Z</time>
        <speed>1.464261</speed>
      </trkpt>
      <trkpt lat="29.050353" lon="120.066016">
        <ele>372.219573</ele>
        <time>2026-01-29T05:14:07Z</time>
        <speed>1.560479</speed>
      </trkpt>
      <trkpt lat="29.050302" lon="120.066008">
        <ele>371.438498</ele>
        <time>2026-01-29T05:14:11Z</time>
        <speed>1.173968</speed>
      </trkpt>
      <trkpt lat="29.05026" lon="120.065995">
        <ele>370.883325</ele>
        <time>2026-01-29T05:14:14Z</time>
        <speed>1.650968</speed>
      </trkpt>
      <trkpt lat="29.050222" lon="120.065983">
        <ele>370.54713</ele>
        <time>2026-01-29T05:14:16Z</time>
        <speed>2.433829</speed>
      </trkpt>
      <trkpt lat="29.050173" lon="120.065962">
        <ele>370.350459</ele>
        <time>2026-01-29T05:14:19Z</time>
        <speed>1.331634</speed>
      </trkpt>
      <trkpt lat="29.050099" lon="120.065936">
        <ele>367.782795</ele>
        <time>2026-01-29T05:14:25Z</time>
        <speed>1.512327</speed>
      </trkpt>
      <trkpt lat="29.050046" lon="120.065928">
        <ele>366.793869</ele>
        <time>2026-01-29T05:14:30Z</time>
        <speed>1.565633</speed>
      </trkpt>
      <trkpt lat="29.050011" lon="120.065892">
        <ele>365.325884</ele>
        <time>2026-01-29T05:14:37Z</time>
        <speed>1.048696</speed>
      </trkpt>
      <trkpt lat="29.04998" lon="120.065842">
        <ele>364.521823</ele>
        <time>2026-01-29T05:14:44Z</time>
        <speed>0.902015</speed>
      </trkpt>
      <trkpt lat="29.049955" lon="120.06579">
        <ele>362.821845</ele>
        <time>2026-01-29T05:14:50Z</time>
        <speed>0.936843</speed>
      </trkpt>
      <trkpt lat="29.049939" lon="120.065737">
        <ele>361.751653</ele>
        <time>2026-01-29T05:14:56Z</time>
        <speed>0.714978</speed>
      </trkpt>
      <trkpt lat="29.049926" lon="120.065683">
        <ele>360.953557</ele>
        <time>2026-01-29T05:15:02Z</time>
        <speed>0.738795</speed>
      </trkpt>
      <trkpt lat="29.049936" lon="120.065637">
        <ele>360.009788</ele>
        <time>2026-01-29T05:15:06Z</time>
        <speed>1.197426</speed>
      </trkpt>
      <trkpt lat="29.049943" lon="120.065578">
        <ele>358.014569</ele>
        <time>2026-01-29T05:15:11Z</time>
        <speed>1.105696</speed>
      </trkpt>
      <trkpt lat="29.049952" lon="120.065527">
        <ele>356.642505</ele>
        <time>2026-01-29T05:15:15Z</time>
        <speed>1.416479</speed>
      </trkpt>
      <trkpt lat="29.04996" lon="120.065479">
        <ele>356.100444</ele>
        <time>2026-01-29T05:15:18Z</time>
        <speed>1.343434</speed>
      </trkpt>
      <trkpt lat="29.049973" lon="120.065418">
        <ele>355.194962</ele>
        <time>2026-01-29T05:15:22Z</time>
        <speed>1.277123</speed>
      </trkpt>
      <trkpt lat="29.049957" lon="120.065376">
        <ele>354.482072</ele>
        <time>2026-01-29T05:15:25Z</time>
        <speed>1.467274</speed>
      </trkpt>
      <trkpt lat="29.049927" lon="120.06534">
        <ele>354.039828</ele>
        <time>2026-01-29T05:15:28Z</time>
        <speed>1.559453</speed>
      </trkpt>
      <trkpt lat="29.049899" lon="120.06527">
        <ele>354.298477</ele>
        <time>2026-01-29T05:15:44Z</time>
        <speed>0.750392</speed>
      </trkpt>
      <trkpt lat="29.049892" lon="120.065225">
        <ele>353.916659</ele>
        <time>2026-01-29T05:15:51Z</time>
        <speed>0.903735</speed>
      </trkpt>
      <trkpt lat="29.049905" lon="120.065165">
        <ele>352.329116</ele>
        <time>2026-01-29T05:16:02Z</time>
        <speed>1.088755</speed>
      </trkpt>
      <trkpt lat="29.049924" lon="120.065124">
        <ele>351.753985</ele>
        <time>2026-01-29T05:16:06Z</time>
        <speed>1.213995</speed>
      </trkpt>
      <trkpt lat="29.049937" lon="120.065065">
        <ele>351.762542</ele>
        <time>2026-01-29T05:16:12Z</time>
        <speed>1.180578</speed>
      </trkpt>
      <trkpt lat="29.049942" lon="120.065015">
        <ele>351.570585</ele>
        <time>2026-01-29T05:16:16Z</time>
        <speed>1.17727</speed>
      </trkpt>
      <trkpt lat="29.049965" lon="120.064962">
        <ele>349.85998</ele>
        <time>2026-01-29T05:16:20Z</time>
        <speed>1.60369</speed>
      </trkpt>
      <trkpt lat="29.049969" lon="120.064904">
        <ele>347.407808</ele>
        <time>2026-01-29T05:16:24Z</time>
        <speed>1.558674</speed>
      </trkpt>
      <trkpt lat="29.049948" lon="120.064851">
        <ele>346.566416</ele>
        <time>2026-01-29T05:16:28Z</time>
        <speed>1.613293</speed>
      </trkpt>
      <trkpt lat="29.049938" lon="120.064794">
        <ele>346.545997</ele>
        <time>2026-01-29T05:16:32Z</time>
        <speed>1.639284</speed>
      </trkpt>
      <trkpt lat="29.049932" lon="120.064735">
        <ele>346.752971</ele>
        <time>2026-01-29T05:16:37Z</time>
        <speed>1.219586</speed>
      </trkpt>
      <trkpt lat="29.049934" lon="120.064682">
        <ele>346.759473</ele>
        <time>2026-01-29T05:16:41Z</time>
        <speed>1.341552</speed>
      </trkpt>
      <trkpt lat="29.049937" lon="120.064618">
        <ele>346.306961</ele>
        <time>2026-01-29T05:16:46Z</time>
        <speed>1.245276</speed>
      </trkpt>
      <trkpt lat="29.049929" lon="120.064564">
        <ele>345.712801</ele>
        <time>2026-01-29T05:16:50Z</time>
        <speed>1.306752</speed>
      </trkpt>
      <trkpt lat="29.0499" lon="120.064516">
        <ele>345.600348</ele>
        <time>2026-01-29T05:16:54Z</time>
        <speed>1.391021</speed>
      </trkpt>
      <trkpt lat="29.049874" lon="120.064466">
        <ele>345.758177</ele>
        <time>2026-01-29T05:16:58Z</time>
        <speed>1.366686</speed>
      </trkpt>
      <trkpt lat="29.04984" lon="120.064416">
        <ele>345.22078</ele>
        <time>2026-01-29T05:17:02Z</time>
        <speed>1.545171</speed>
      </trkpt>
      <trkpt lat="29.049804" lon="120.064374">
        <ele>344.790013</ele>
        <time>2026-01-29T05:17:06Z</time>
        <speed>1.219924</speed>
      </trkpt>
      <trkpt lat="29.049768" lon="120.064346">
        <ele>344.565787</ele>
        <time>2026-01-29T05:17:09Z</time>
        <speed>1.416778</speed>
      </trkpt>
      <trkpt lat="29.049713" lon="120.064335">
        <ele>344.7061</ele>
        <time>2026-01-29T05:19:20Z</time>
        <speed>0.029207</speed>
      </trkpt>
      <trkpt lat="29.049715" lon="120.064278">
        <ele>344.728079</ele>
        <time>2026-01-29T05:20:26Z</time>
        <speed>1.10485</speed>
      </trkpt>
      <trkpt lat="29.049715" lon="120.064228">
        <ele>344.523512</ele>
        <time>2026-01-29T05:20:30Z</time>
        <speed>1.457889</speed>
      </trkpt>
      <trkpt lat="29.049727" lon="120.064171">
        <ele>344.117636</ele>
        <time>2026-01-29T05:20:34Z</time>
        <speed>1.389686</speed>
      </trkpt>
      <trkpt lat="29.049734" lon="120.064114">
        <ele>344.105931</ele>
        <time>2026-01-29T05:20:38Z</time>
        <speed>1.01838</speed>
      </trkpt>
      <trkpt lat="29.049736" lon="120.06405">
        <ele>343.49972</ele>
        <time>2026-01-29T05:20:42Z</time>
        <speed>1.51831</speed>
      </trkpt>
      <trkpt lat="29.049743" lon="120.06399">
        <ele>342.554598</ele>
        <time>2026-01-29T05:20:46Z</time>
        <speed>1.412681</speed>
      </trkpt>
      <trkpt lat="29.04975" lon="120.063934">
        <ele>341.896102</ele>
        <time>2026-01-29T05:20:50Z</time>
        <speed>1.08489</speed>
      </trkpt>
      <trkpt lat="29.049771" lon="120.063878">
        <ele>340.172375</ele>
        <time>2026-01-29T05:20:55Z</time>
        <speed>1.264682</speed>
      </trkpt>
      <trkpt lat="29.049793" lon="120.06384">
        <ele>338.759852</ele>
        <time>2026-01-29T05:20:58Z</time>
        <speed>1.517399</speed>
      </trkpt>
      <trkpt lat="29.04983" lon="120.063814">
        <ele>337.755017</ele>
        <time>2026-01-29T05:21:01Z</time>
        <speed>1.483896</speed>
      </trkpt>
      <trkpt lat="29.049883" lon="120.063791">
        <ele>337.533243</ele>
        <time>2026-01-29T05:21:05Z</time>
        <speed>1.397605</speed>
      </trkpt>
      <trkpt lat="29.049942" lon="120.063779">
        <ele>337.477028</ele>
        <time>2026-01-29T05:21:09Z</time>
        <speed>1.39934</speed>
      </trkpt>
      <trkpt lat="29.049993" lon="120.063769">
        <ele>336.896911</ele>
        <time>2026-01-29T05:21:12Z</time>
        <speed>1.763081</speed>
      </trkpt>
      <trkpt lat="29.050037" lon="120.063747">
        <ele>336.444494</ele>
        <time>2026-01-29T05:21:15Z</time>
        <speed>1.59517</speed>
      </trkpt>
      <trkpt lat="29.050073" lon="120.063698">
        <ele>335.756849</ele>
        <time>2026-01-29T05:21:18Z</time>
        <speed>1.594653</speed>
      </trkpt>
      <trkpt lat="29.050097" lon="120.063636">
        <ele>334.253857</ele>
        <time>2026-01-29T05:21:21Z</time>
        <speed>1.603507</speed>
      </trkpt>
      <trkpt lat="29.050107" lon="120.063567">
        <ele>332.684606</ele>
        <time>2026-01-29T05:21:24Z</time>
        <speed>1.431369</speed>
      </trkpt>
      <trkpt lat="29.050102" lon="120.063502">
        <ele>330.826643</ele>
        <time>2026-01-29T05:21:27Z</time>
        <speed>1.38896</speed>
      </trkpt>
      <trkpt lat="29.050077" lon="120.063443">
        <ele>329.198184</ele>
        <time>2026-01-29T05:21:30Z</time>
        <speed>1.895987</speed>
      </trkpt>
      <trkpt lat="29.050022" lon="120.06339">
        <ele>327.295256</ele>
        <time>2026-01-29T05:21:36Z</time>
        <speed>0.849095</speed>
      </trkpt>
      <trkpt lat="29.049973" lon="120.063361">
        <ele>324.656387</ele>
        <time>2026-01-29T05:21:42Z</time>
        <speed>0.846309</speed>
      </trkpt>
      <trkpt lat="29.049928" lon="120.063334">
        <ele>321.649188</ele>
        <time>2026-01-29T05:21:47Z</time>
        <speed>1.434457</speed>
      </trkpt>
      <trkpt lat="29.049905" lon="120.06329">
        <ele>320.056788</ele>
        <time>2026-01-29T05:21:50Z</time>
        <speed>2.428211</speed>
      </trkpt>
      <trkpt lat="29.049884" lon="120.063226">
        <ele>318.140328</ele>
        <time>2026-01-29T05:21:54Z</time>
        <speed>1.454716</speed>
      </trkpt>
      <trkpt lat="29.049879" lon="120.063163">
        <ele>317.291845</ele>
        <time>2026-01-29T05:21:57Z</time>
        <speed>1.437259</speed>
      </trkpt>
      <trkpt lat="29.049875" lon="120.063094">
        <ele>316.723579</ele>
        <time>2026-01-29T05:22:00Z</time>
        <speed>1.925741</speed>
      </trkpt>
      <trkpt lat="29.049892" lon="120.063014">
        <ele>314.518318</ele>
        <time>2026-01-29T05:22:07Z</time>
        <speed>0.911723</speed>
      </trkpt>
      <trkpt lat="29.049924" lon="120.06298">
        <ele>312.920967</ele>
        <time>2026-01-29T05:22:11Z</time>
        <speed>1.346013</speed>
      </trkpt>
      <trkpt lat="29.049962" lon="120.062944">
        <ele>312.210342</ele>
        <time>2026-01-29T05:22:15Z</time>
        <speed>1.385036</speed>
      </trkpt>
      <trkpt lat="29.050001" lon="120.062908">
        <ele>311.088003</ele>
        <time>2026-01-29T05:22:19Z</time>
        <speed>1.453957</speed>
      </trkpt>
      <trkpt lat="29.050036" lon="120.062866">
        <ele>310.488269</ele>
        <time>2026-01-29T05:22:23Z</time>
        <speed>1.267099</speed>
      </trkpt>
      <trkpt lat="29.050063" lon="120.062816">
        <ele>309.604944</ele>
        <time>2026-01-29T05:22:27Z</time>
        <speed>1.388512</speed>
      </trkpt>
      <trkpt lat="29.050091" lon="120.062763">
        <ele>308.89237</ele>
        <time>2026-01-29T05:22:31Z</time>
        <speed>1.49939</speed>
      </trkpt>
      <trkpt lat="29.050121" lon="120.062709">
        <ele>308.710676</ele>
        <time>2026-01-29T05:22:35Z</time>
        <speed>1.502322</speed>
      </trkpt>
      <trkpt lat="29.050153" lon="120.062658">
        <ele>308.559427</ele>
        <time>2026-01-29T05:22:39Z</time>
        <speed>1.518563</speed>
      </trkpt>
      <trkpt lat="29.05019" lon="120.06261">
        <ele>308.010318</ele>
        <time>2026-01-29T05:22:43Z</time>
        <speed>1.443312</speed>
      </trkpt>
      <trkpt lat="29.050229" lon="120.062565">
        <ele>307.885666</ele>
        <time>2026-01-29T05:22:47Z</time>
        <speed>1.449095</speed>
      </trkpt>
      <trkpt lat="29.050276" lon="120.06253">
        <ele>307.714603</ele>
        <time>2026-01-29T05:22:51Z</time>
        <speed>1.45441</speed>
      </trkpt>
      <trkpt lat="29.050328" lon="120.062502">
        <ele>307.596325</ele>
        <time>2026-01-29T05:22:55Z</time>
        <speed>1.448916</speed>
      </trkpt>
      <trkpt lat="29.050378" lon="120.062469">
        <ele>307.38348</ele>
        <time>2026-01-29T05:22:59Z</time>
        <speed>1.429459</speed>
      </trkpt>
      <trkpt lat="29.050427" lon="120.062444">
        <ele>307.995558</ele>
        <time>2026-01-29T05:23:03Z</time>
        <speed>1.43313</speed>
      </trkpt>
      <trkpt lat="29.050466" lon="120.062404">
        <ele>307.445432</ele>
        <time>2026-01-29T05:23:07Z</time>
        <speed>1.408196</speed>
      </trkpt>
      <trkpt lat="29.050488" lon="120.062359">
        <ele>307.920839</ele>
        <time>2026-01-29T05:23:10Z</time>
        <speed>1.43079</speed>
      </trkpt>
      <trkpt lat="29.050506" lon="120.062311">
        <ele>308.330496</ele>
        <time>2026-01-29T05:23:13Z</time>
        <speed>1.458535</speed>
      </trkpt>
      <trkpt lat="29.050523" lon="120.062249">
        <ele>308.117279</ele>
        <time>2026-01-29T05:23:17Z</time>
        <speed>1.442299</speed>
      </trkpt>
      <trkpt lat="29.050533" lon="120.062186">
        <ele>307.619212</ele>
        <time>2026-01-29T05:23:21Z</time>
        <speed>1.42312</speed>
      </trkpt>
      <trkpt lat="29.050559" lon="120.062132">
        <ele>307.261589</ele>
        <time>2026-01-29T05:23:25Z</time>
        <speed>1.43508</speed>
      </trkpt>
      <trkpt lat="29.05059" lon="120.062084">
        <ele>307.38296</ele>
        <time>2026-01-29T05:23:29Z</time>
        <speed>1.40008</speed>
      </trkpt>
      <trkpt lat="29.050623" lon="120.062039">
        <ele>307.185458</ele>
        <time>2026-01-29T05:23:33Z</time>
        <speed>1.403081</speed>
      </trkpt>
      <trkpt lat="29.050646" lon="120.061986">
        <ele>306.757323</ele>
        <time>2026-01-29T05:23:37Z</time>
        <speed>1.526591</speed>
      </trkpt>
      <trkpt lat="29.050672" lon="120.061935">
        <ele>306.144649</ele>
        <time>2026-01-29T05:23:41Z</time>
        <speed>1.421602</speed>
      </trkpt>
      <trkpt lat="29.050692" lon="120.061889">
        <ele>305.987875</ele>
        <time>2026-01-29T05:23:44Z</time>
        <speed>1.675139</speed>
      </trkpt>
      <trkpt lat="29.050712" lon="120.061831">
        <ele>305.315096</ele>
        <time>2026-01-29T05:23:48Z</time>
        <speed>1.298981</speed>
      </trkpt>
      <trkpt lat="29.050747" lon="120.061798">
        <ele>304.852247</ele>
        <time>2026-01-29T05:23:52Z</time>
        <speed>1.372729</speed>
      </trkpt>
      <trkpt lat="29.050795" lon="120.061766">
        <ele>303.509224</ele>
        <time>2026-01-29T05:23:58Z</time>
        <speed>0.943562</speed>
      </trkpt>
      <trkpt lat="29.050829" lon="120.061734">
        <ele>303.41776</ele>
        <time>2026-01-29T05:24:03Z</time>
        <speed>1.272583</speed>
      </trkpt>
      <trkpt lat="29.050867" lon="120.061704">
        <ele>303.345529</ele>
        <time>2026-01-29T05:24:08Z</time>
        <speed>0.954027</speed>
      </trkpt>
      <trkpt lat="29.050903" lon="120.061663">
        <ele>303.73801</ele>
        <time>2026-01-29T05:24:16Z</time>
        <speed>0.926671</speed>
      </trkpt>
      <trkpt lat="29.050947" lon="120.06163">
        <ele>302.237312</ele>
        <time>2026-01-29T05:24:36Z</time>
        <speed>0.868716</speed>
      </trkpt>
      <trkpt lat="29.050987" lon="120.061616">
        <ele>301.770437</ele>
        <time>2026-01-29T05:24:41Z</time>
        <speed>1.222468</speed>
      </trkpt>
      <trkpt lat="29.05103" lon="120.061597">
        <ele>301.432525</ele>
        <time>2026-01-29T05:24:45Z</time>
        <speed>1.495098</speed>
      </trkpt>
      <trkpt lat="29.051079" lon="120.061572">
        <ele>301.271611</ele>
        <time>2026-01-29T05:24:49Z</time>
        <speed>1.401163</speed>
      </trkpt>
      <trkpt lat="29.051123" lon="120.061536">
        <ele>301.301784</ele>
        <time>2026-01-29T05:24:53Z</time>
        <speed>1.252845</speed>
      </trkpt>
      <trkpt lat="29.051172" lon="120.061488">
        <ele>302.056829</ele>
        <time>2026-01-29T05:24:58Z</time>
        <speed>1.234949</speed>
      </trkpt>
      <trkpt lat="29.051212" lon="120.06146">
        <ele>302.171403</ele>
        <time>2026-01-29T05:25:02Z</time>
        <speed>1.237835</speed>
      </trkpt>
      <trkpt lat="29.051253" lon="120.061435">
        <ele>302.028053</ele>
        <time>2026-01-29T05:25:06Z</time>
        <speed>1.112697</speed>
      </trkpt>
      <trkpt lat="29.051293" lon="120.061406">
        <ele>302.360807</ele>
        <time>2026-01-29T05:25:10Z</time>
        <speed>1.045647</speed>
      </trkpt>
      <trkpt lat="29.051336" lon="120.061374">
        <ele>301.770379</ele>
        <time>2026-01-29T05:25:14Z</time>
        <speed>1.591466</speed>
      </trkpt>
      <trkpt lat="29.051388" lon="120.061338">
        <ele>300.12471</ele>
        <time>2026-01-29T05:25:19Z</time>
        <speed>1.43343</speed>
      </trkpt>
      <trkpt lat="29.05142" lon="120.061306">
        <ele>300.162804</ele>
        <time>2026-01-29T05:25:22Z</time>
        <speed>1.579642</speed>
      </trkpt>
      <trkpt lat="29.05147" lon="120.061284">
        <ele>300.381061</ele>
        <time>2026-01-29T05:25:26Z</time>
        <speed>1.280144</speed>
      </trkpt>
      <trkpt lat="29.051531" lon="120.061273">
        <ele>299.652075</ele>
        <time>2026-01-29T05:25:31Z</time>
        <speed>1.301087</speed>
      </trkpt>
      <trkpt lat="29.051572" lon="120.061263">
        <ele>299.248492</ele>
        <time>2026-01-29T05:25:34Z</time>
        <speed>1.539232</speed>
      </trkpt>
      <trkpt lat="29.051617" lon="120.061241">
        <ele>298.44288</ele>
        <time>2026-01-29T05:25:38Z</time>
        <speed>1.415135</speed>
      </trkpt>
      <trkpt lat="29.051658" lon="120.061204">
        <ele>298.311242</ele>
        <time>2026-01-29T05:25:42Z</time>
        <speed>1.497132</speed>
      </trkpt>
      <trkpt lat="29.051692" lon="120.061153">
        <ele>298.389397</ele>
        <time>2026-01-29T05:25:47Z</time>
        <speed>0.970267</speed>
      </trkpt>
      <trkpt lat="29.051704" lon="120.061096">
        <ele>298.317455</ele>
        <time>2026-01-29T05:25:51Z</time>
        <speed>1.518817</speed>
      </trkpt>
      <trkpt lat="29.051719" lon="120.06104">
        <ele>297.653235</ele>
        <time>2026-01-29T05:25:55Z</time>
        <speed>1.462452</speed>
      </trkpt>
      <trkpt lat="29.051676" lon="120.061024">
        <ele>295.87433</ele>
        <time>2026-01-29T05:26:04Z</time>
        <speed>1.359472</speed>
      </trkpt>
      <trkpt lat="29.051629" lon="120.061034">
        <ele>294.937149</ele>
        <time>2026-01-29T05:26:08Z</time>
        <speed>1.347216</speed>
      </trkpt>
      <trkpt lat="29.051575" lon="120.061031">
        <ele>294.674457</ele>
        <time>2026-01-29T05:26:12Z</time>
        <speed>1.505414</speed>
      </trkpt>
      <trkpt lat="29.05152" lon="120.061015">
        <ele>294.191778</ele>
        <time>2026-01-29T05:26:16Z</time>
        <speed>1.471525</speed>
      </trkpt>
      <trkpt lat="29.051467" lon="120.060998">
        <ele>293.55892</ele>
        <time>2026-01-29T05:26:20Z</time>
        <speed>1.55892</speed>
      </trkpt>
      <trkpt lat="29.051416" lon="120.06099">
        <ele>293.242358</ele>
        <time>2026-01-29T05:26:24Z</time>
        <speed>1.395919</speed>
      </trkpt>
      <trkpt lat="29.051362" lon="120.060982">
        <ele>293.457318</ele>
        <time>2026-01-29T05:26:28Z</time>
        <speed>1.485525</speed>
      </trkpt>
      <trkpt lat="29.051309" lon="120.060967">
        <ele>293.870299</ele>
        <time>2026-01-29T05:26:32Z</time>
        <speed>1.461612</speed>
      </trkpt>
      <trkpt lat="29.051262" lon="120.060972">
        <ele>294.531261</ele>
        <time>2026-01-29T05:26:36Z</time>
        <speed>0.776281</speed>
      </trkpt>
      <trkpt lat="29.051214" lon="120.060988">
        <ele>294.903953</ele>
        <time>2026-01-29T05:26:40Z</time>
        <speed>0.845619</speed>
      </trkpt>
      <trkpt lat="29.051159" lon="120.061011">
        <ele>294.781027</ele>
        <time>2026-01-29T05:26:45Z</time>
        <speed>1.10745</speed>
      </trkpt>
      <trkpt lat="29.051113" lon="120.061037">
        <ele>294.221761</ele>
        <time>2026-01-29T05:26:49Z</time>
        <speed>1.472266</speed>
      </trkpt>
      <trkpt lat="29.051071" lon="120.061079">
        <ele>291.719418</ele>
        <time>2026-01-29T05:28:05Z</time>
        <speed>1.136589</speed>
      </trkpt>
      <trkpt lat="29.05105" lon="120.06109">
        <ele>291.514034</ele>
        <time>2026-01-29T05:28:10Z</time>
        <speed>1.046756</speed>
      </trkpt>
      <trkpt lat="29.050999" lon="120.061119">
        <ele>291.961373</ele>
        <time>2026-01-29T05:28:15Z</time>
        <speed>1.110808</speed>
      </trkpt>
      <trkpt lat="29.050939" lon="120.061145">
        <ele>291.625437</ele>
        <time>2026-01-29T05:28:20Z</time>
        <speed>1.249705</speed>
      </trkpt>
      <trkpt lat="29.050892" lon="120.061164">
        <ele>291.249163</ele>
        <time>2026-01-29T05:28:24Z</time>
        <speed>1.331857</speed>
      </trkpt>
      <trkpt lat="29.050836" lon="120.061177">
        <ele>291.014549</ele>
        <time>2026-01-29T05:28:29Z</time>
        <speed>1.286687</speed>
      </trkpt>
      <trkpt lat="29.05079" lon="120.061182">
        <ele>291.021043</ele>
        <time>2026-01-29T05:28:33Z</time>
        <speed>1.292763</speed>
      </trkpt>
      <trkpt lat="29.050745" lon="120.061192">
        <ele>290.811612</ele>
        <time>2026-01-29T05:28:37Z</time>
        <speed>1.249082</speed>
      </trkpt>
      <trkpt lat="29.050699" lon="120.061199">
        <ele>290.826249</ele>
        <time>2026-01-29T05:28:41Z</time>
        <speed>1.253159</speed>
      </trkpt>
      <trkpt lat="29.050653" lon="120.061203">
        <ele>290.471059</ele>
        <time>2026-01-29T05:28:45Z</time>
        <speed>1.157391</speed>
      </trkpt>
      <trkpt lat="29.050598" lon="120.061208">
        <ele>289.956464</ele>
        <time>2026-01-29T05:28:50Z</time>
        <speed>1.25576</speed>
      </trkpt>
      <trkpt lat="29.050551" lon="120.061207">
        <ele>288.529349</ele>
        <time>2026-01-29T05:28:54Z</time>
        <speed>1.280455</speed>
      </trkpt>
      <trkpt lat="29.050499" lon="120.061216">
        <ele>287.447621</ele>
        <time>2026-01-29T05:28:59Z</time>
        <speed>1.089363</speed>
      </trkpt>
      <trkpt lat="29.05045" lon="120.061241">
        <ele>287.01665</ele>
        <time>2026-01-29T05:29:04Z</time>
        <speed>1.189721</speed>
      </trkpt>
      <trkpt lat="29.050402" lon="120.06126">
        <ele>286.531709</ele>
        <time>2026-01-29T05:29:09Z</time>
        <speed>1.143159</speed>
      </trkpt>
      <trkpt lat="29.050359" lon="120.061272">
        <ele>286.782413</ele>
        <time>2026-01-29T05:29:13Z</time>
        <speed>1.126204</speed>
      </trkpt>
      <trkpt lat="29.050309" lon="120.061291">
        <ele>287.235316</ele>
        <time>2026-01-29T05:29:18Z</time>
        <speed>1.147058</speed>
      </trkpt>
      <trkpt lat="29.050262" lon="120.061315">
        <ele>287.217682</ele>
        <time>2026-01-29T05:29:23Z</time>
        <speed>1.140631</speed>
      </trkpt>
      <trkpt lat="29.050211" lon="120.061341">
        <ele>286.618807</ele>
        <time>2026-01-29T05:29:29Z</time>
        <speed>1.098439</speed>
      </trkpt>
      <trkpt lat="29.050169" lon="120.061365">
        <ele>286.025045</ele>
        <time>2026-01-29T05:29:34Z</time>
        <speed>1.075881</speed>
      </trkpt>
      <trkpt lat="29.05013" lon="120.061393">
        <ele>285.333069</ele>
        <time>2026-01-29T05:29:39Z</time>
        <speed>0.923631</speed>
      </trkpt>
      <trkpt lat="29.050095" lon="120.061428">
        <ele>285.289389</ele>
        <time>2026-01-29T05:29:44Z</time>
        <speed>0.879542</speed>
      </trkpt>
      <trkpt lat="29.050058" lon="120.061461">
        <ele>284.072449</ele>
        <time>2026-01-29T05:29:49Z</time>
        <speed>0.922839</speed>
      </trkpt>
      <trkpt lat="29.050022" lon="120.061489">
        <ele>283.442932</ele>
        <time>2026-01-29T05:29:53Z</time>
        <speed>1.219773</speed>
      </trkpt>
      <trkpt lat="29.049976" lon="120.061517">
        <ele>283.052487</ele>
        <time>2026-01-29T05:29:58Z</time>
        <speed>0.99013</speed>
      </trkpt>
      <trkpt lat="29.049924" lon="120.061541">
        <ele>282.489853</ele>
        <time>2026-01-29T05:30:03Z</time>
        <speed>1.408434</speed>
      </trkpt>
      <trkpt lat="29.04987" lon="120.06157">
        <ele>282.889479</ele>
        <time>2026-01-29T05:30:09Z</time>
        <speed>1.196952</speed>
      </trkpt>
      <trkpt lat="29.049831" lon="120.06161">
        <ele>283.450561</ele>
        <time>2026-01-29T05:30:15Z</time>
        <speed>0.978646</speed>
      </trkpt>
      <trkpt lat="29.049797" lon="120.061643">
        <ele>283.274103</ele>
        <time>2026-01-29T05:30:20Z</time>
        <speed>0.959821</speed>
      </trkpt>
      <trkpt lat="29.049759" lon="120.06168">
        <ele>283.402362</ele>
        <time>2026-01-29T05:30:26Z</time>
        <speed>0.66551</speed>
      </trkpt>
      <trkpt lat="29.049715" lon="120.061702">
        <ele>283.934483</ele>
        <time>2026-01-29T05:30:34Z</time>
        <speed>0.90696</speed>
      </trkpt>
      <trkpt lat="29.049685" lon="120.061734">
        <ele>284.077452</ele>
        <time>2026-01-29T05:30:39Z</time>
        <speed>1.130803</speed>
      </trkpt>
      <trkpt lat="29.049654" lon="120.06178">
        <ele>283.616622</ele>
        <time>2026-01-29T05:30:44Z</time>
        <speed>1.334629</speed>
      </trkpt>
      <trkpt lat="29.049622" lon="120.061827">
        <ele>282.994134</ele>
        <time>2026-01-29T05:30:49Z</time>
        <speed>1.212105</speed>
      </trkpt>
      <trkpt lat="29.049587" lon="120.061873">
        <ele>282.106279</ele>
        <time>2026-01-29T05:30:54Z</time>
        <speed>1.163591</speed>
      </trkpt>
      <trkpt lat="29.049558" lon="120.061917">
        <ele>281.302798</ele>
        <time>2026-01-29T05:30:59Z</time>
        <speed>1.010157</speed>
      </trkpt>
      <trkpt lat="29.049525" lon="120.061962">
        <ele>280.915615</ele>
        <time>2026-01-29T05:31:04Z</time>
        <speed>1.236049</speed>
      </trkpt>
      <trkpt lat="29.049495" lon="120.062005">
        <ele>280.597836</ele>
        <time>2026-01-29T05:31:09Z</time>
        <speed>1.053916</speed>
      </trkpt>
      <trkpt lat="29.049461" lon="120.062047">
        <ele>280.910949</ele>
        <time>2026-01-29T05:31:14Z</time>
        <speed>1.12375</speed>
      </trkpt>
      <trkpt lat="29.049416" lon="120.062084">
        <ele>280.699734</ele>
        <time>2026-01-29T05:31:19Z</time>
        <speed>1.177341</speed>
      </trkpt>
      <trkpt lat="29.049364" lon="120.0621">
        <ele>279.594751</ele>
        <time>2026-01-29T05:31:24Z</time>
        <speed>1.074802</speed>
      </trkpt>
      <trkpt lat="29.049322" lon="120.062119">
        <ele>279.159869</ele>
        <time>2026-01-29T05:31:28Z</time>
        <speed>1.17424</speed>
      </trkpt>
      <trkpt lat="29.049268" lon="120.062134">
        <ele>278.864266</ele>
        <time>2026-01-29T05:31:33Z</time>
        <speed>1.177714</speed>
      </trkpt>
      <trkpt lat="29.049211" lon="120.06214">
        <ele>278.915208</ele>
        <time>2026-01-29T05:31:38Z</time>
        <speed>1.228396</speed>
      </trkpt>
      <trkpt lat="29.04916" lon="120.062154">
        <ele>279.674668</ele>
        <time>2026-01-29T05:31:44Z</time>
        <speed>0.74659</speed>
      </trkpt>
      <trkpt lat="29.049113" lon="120.062178">
        <ele>280.224564</ele>
        <time>2026-01-29T05:31:51Z</time>
        <speed>0.795975</speed>
      </trkpt>
      <trkpt lat="29.049078" lon="120.062208">
        <ele>279.948574</ele>
        <time>2026-01-29T05:31:56Z</time>
        <speed>1.183497</speed>
      </trkpt>
      <trkpt lat="29.049035" lon="120.062232">
        <ele>279.139847</ele>
        <time>2026-01-29T05:32:02Z</time>
        <speed>0.909901</speed>
      </trkpt>
      <trkpt lat="29.048988" lon="120.062244">
        <ele>278.9528</ele>
        <time>2026-01-29T05:32:07Z</time>
        <speed>1.03585</speed>
      </trkpt>
      <trkpt lat="29.048941" lon="120.062264">
        <ele>278.997839</ele>
        <time>2026-01-29T05:32:12Z</time>
        <speed>1.085195</speed>
      </trkpt>
      <trkpt lat="29.048898" lon="120.062295">
        <ele>278.889661</ele>
        <time>2026-01-29T05:32:17Z</time>
        <speed>1.163022</speed>
      </trkpt>
      <trkpt lat="29.048858" lon="120.062343">
        <ele>278.630921</ele>
        <time>2026-01-29T05:32:23Z</time>
        <speed>1.13381</speed>
      </trkpt>
      <trkpt lat="29.048824" lon="120.06239">
        <ele>278.641489</ele>
        <time>2026-01-29T05:32:28Z</time>
        <speed>1.474758</speed>
      </trkpt>
      <trkpt lat="29.048789" lon="120.06244">
        <ele>277.274206</ele>
        <time>2026-01-29T05:32:34Z</time>
        <speed>1.073264</speed>
      </trkpt>
      <trkpt lat="29.048755" lon="120.06248">
        <ele>276.202543</ele>
        <time>2026-01-29T05:32:39Z</time>
        <speed>1.120552</speed>
      </trkpt>
      <trkpt lat="29.048723" lon="120.062521">
        <ele>274.70371</ele>
        <time>2026-01-29T05:32:44Z</time>
        <speed>1.13406</speed>
      </trkpt>
      <trkpt lat="29.048693" lon="120.062568">
        <ele>273.869676</ele>
        <time>2026-01-29T05:32:49Z</time>
        <speed>1.386913</speed>
      </trkpt>
      <trkpt lat="29.048668" lon="120.062626">
        <ele>274.156997</ele>
        <time>2026-01-29T05:32:54Z</time>
        <speed>1.469188</speed>
      </trkpt>
      <trkpt lat="29.048645" lon="120.062681">
        <ele>274.23739</ele>
        <time>2026-01-29T05:32:59Z</time>
        <speed>1.42502</speed>
      </trkpt>
      <trkpt lat="29.048619" lon="120.062726">
        <ele>273.245398</ele>
        <time>2026-01-29T05:33:04Z</time>
        <speed>1.30078</speed>
      </trkpt>
      <trkpt lat="29.048588" lon="120.062774">
        <ele>272.690456</ele>
        <time>2026-01-29T05:33:09Z</time>
        <speed>1.168831</speed>
      </trkpt>
      <trkpt lat="29.048553" lon="120.062823">
        <ele>272.224911</ele>
        <time>2026-01-29T05:33:14Z</time>
        <speed>1.14232</speed>
      </trkpt>
      <trkpt lat="29.048522" lon="120.062873">
        <ele>272.266035</ele>
        <time>2026-01-29T05:33:19Z</time>
        <speed>1.170144</speed>
      </trkpt>
      <trkpt lat="29.048482" lon="120.062926">
        <ele>271.445435</ele>
        <time>2026-01-29T05:33:31Z</time>
        <speed>1.007757</speed>
      </trkpt>
      <trkpt lat="29.048452" lon="120.062961">
        <ele>270.524864</ele>
        <time>2026-01-29T05:33:36Z</time>
        <speed>1.23109</speed>
      </trkpt>
      <trkpt lat="29.048418" lon="120.062997">
        <ele>269.562861</ele>
        <time>2026-01-29T05:33:40Z</time>
        <speed>1.251021</speed>
      </trkpt>
      <trkpt lat="29.04838" lon="120.063032">
        <ele>268.816579</ele>
        <time>2026-01-29T05:33:44Z</time>
        <speed>1.328007</speed>
      </trkpt>
      <trkpt lat="29.048346" lon="120.063072">
        <ele>268.584231</ele>
        <time>2026-01-29T05:33:48Z</time>
        <speed>1.149972</speed>
      </trkpt>
      <trkpt lat="29.04832" lon="120.063117">
        <ele>268.80969</ele>
        <time>2026-01-29T05:33:52Z</time>
        <speed>1.184339</speed>
      </trkpt>
      <trkpt lat="29.048293" lon="120.063172">
        <ele>268.096826</ele>
        <time>2026-01-29T05:33:57Z</time>
        <speed>1.12903</speed>
      </trkpt>
      <trkpt lat="29.048271" lon="120.063216">
        <ele>267.569349</ele>
        <time>2026-01-29T05:34:01Z</time>
        <speed>1.119898</speed>
      </trkpt>
      <trkpt lat="29.048243" lon="120.06327">
        <ele>266.989788</ele>
        <time>2026-01-29T05:34:06Z</time>
        <speed>1.193336</speed>
      </trkpt>
      <trkpt lat="29.048213" lon="120.063323">
        <ele>266.220877</ele>
        <time>2026-01-29T05:34:11Z</time>
        <speed>1.287501</speed>
      </trkpt>
      <trkpt lat="29.048186" lon="120.063371">
        <ele>265.976749</ele>
        <time>2026-01-29T05:34:16Z</time>
        <speed>1.176239</speed>
      </trkpt>
      <trkpt lat="29.04817" lon="120.063427">
        <ele>266.150603</ele>
        <time>2026-01-29T05:34:21Z</time>
        <speed>1.169353</speed>
      </trkpt>
      <trkpt lat="29.048151" lon="120.063485">
        <ele>265.585199</ele>
        <time>2026-01-29T05:34:26Z</time>
        <speed>1.156738</speed>
      </trkpt>
      <trkpt lat="29.048135" lon="120.063545">
        <ele>265.235286</ele>
        <time>2026-01-29T05:34:31Z</time>
        <speed>1.251798</speed>
      </trkpt>
      <trkpt lat="29.048122" lon="120.063601">
        <ele>264.769824</ele>
        <time>2026-01-29T05:34:36Z</time>
        <speed>1.082053</speed>
      </trkpt>
      <trkpt lat="29.04811" lon="120.063659">
        <ele>264.393969</ele>
        <time>2026-01-29T05:34:41Z</time>
        <speed>1.091805</speed>
      </trkpt>
      <trkpt lat="29.048095" lon="120.063707">
        <ele>264.1658</ele>
        <time>2026-01-29T05:34:45Z</time>
        <speed>1.136248</speed>
      </trkpt>
      <trkpt lat="29.048077" lon="120.063768">
        <ele>264.158685</ele>
        <time>2026-01-29T05:34:50Z</time>
        <speed>1.256716</speed>
      </trkpt>
      <trkpt lat="29.048058" lon="120.063819">
        <ele>264.037913</ele>
        <time>2026-01-29T05:34:55Z</time>
        <speed>1.067684</speed>
      </trkpt>
      <trkpt lat="29.048033" lon="120.063867">
        <ele>263.552205</ele>
        <time>2026-01-29T05:35:00Z</time>
        <speed>0.959411</speed>
      </trkpt>
      <trkpt lat="29.048009" lon="120.063912">
        <ele>263.474374</ele>
        <time>2026-01-29T05:35:04Z</time>
        <speed>1.35991</speed>
      </trkpt>
      <trkpt lat="29.047976" lon="120.063957">
        <ele>262.743595</ele>
        <time>2026-01-29T05:35:09Z</time>
        <speed>0.908256</speed>
      </trkpt>
      <trkpt lat="29.047943" lon="120.064005">
        <ele>262.083908</ele>
        <time>2026-01-29T05:35:14Z</time>
        <speed>1.06906</speed>
      </trkpt>
      <trkpt lat="29.047913" lon="120.064057">
        <ele>261.83141</ele>
        <time>2026-01-29T05:35:19Z</time>
        <speed>1.172683</speed>
      </trkpt>
      <trkpt lat="29.047886" lon="120.064099">
        <ele>261.725454</ele>
        <time>2026-01-29T05:35:23Z</time>
        <speed>1.151119</speed>
      </trkpt>
      <trkpt lat="29.047855" lon="120.06415">
        <ele>261.596927</ele>
        <time>2026-01-29T05:35:28Z</time>
        <speed>1.092829</speed>
      </trkpt>
      <trkpt lat="29.047825" lon="120.064208">
        <ele>261.268676</ele>
        <time>2026-01-29T05:35:34Z</time>
        <speed>1.086022</speed>
      </trkpt>
      <trkpt lat="29.047797" lon="120.064251">
        <ele>261.519206</ele>
        <time>2026-01-29T05:35:39Z</time>
        <speed>0.920397</speed>
      </trkpt>
      <trkpt lat="29.047766" lon="120.064302">
        <ele>260.110908</ele>
        <time>2026-01-29T05:35:48Z</time>
        <speed>0.70276</speed>
      </trkpt>
      <trkpt lat="29.047744" lon="120.064352">
        <ele>260.550772</ele>
        <time>2026-01-29T05:35:55Z</time>
        <speed>0.959362</speed>
      </trkpt>
      <trkpt lat="29.047727" lon="120.064399">
        <ele>260.354532</ele>
        <time>2026-01-29T05:36:00Z</time>
        <speed>1.034639</speed>
      </trkpt>
      <trkpt lat="29.047713" lon="120.06445">
        <ele>260.065419</ele>
        <time>2026-01-29T05:36:05Z</time>
        <speed>0.9688</speed>
      </trkpt>
      <trkpt lat="29.047698" lon="120.064504">
        <ele>260.389823</ele>
        <time>2026-01-29T05:36:10Z</time>
        <speed>1.01692</speed>
      </trkpt>
      <trkpt lat="29.047681" lon="120.064555">
        <ele>260.326399</ele>
        <time>2026-01-29T05:36:15Z</time>
        <speed>0.958613</speed>
      </trkpt>
      <trkpt lat="29.047666" lon="120.064608">
        <ele>259.817593</ele>
        <time>2026-01-29T05:36:20Z</time>
        <speed>1.050805</speed>
      </trkpt>
      <trkpt lat="29.047655" lon="120.064668">
        <ele>259.615843</ele>
        <time>2026-01-29T05:36:26Z</time>
        <speed>0.959193</speed>
      </trkpt>
      <trkpt lat="29.047639" lon="120.064717">
        <ele>258.967863</ele>
        <time>2026-01-29T05:36:31Z</time>
        <speed>1.116429</speed>
      </trkpt>
      <trkpt lat="29.047622" lon="120.064768">
        <ele>258.308253</ele>
        <time>2026-01-29T05:36:36Z</time>
        <speed>1.028778</speed>
      </trkpt>
      <trkpt lat="29.047599" lon="120.064834">
        <ele>258.189582</ele>
        <time>2026-01-29T05:36:43Z</time>
        <speed>1.111854</speed>
      </trkpt>
      <trkpt lat="29.047567" lon="120.064875">
        <ele>258.425831</ele>
        <time>2026-01-29T05:36:48Z</time>
        <speed>1.256918</speed>
      </trkpt>
      <trkpt lat="29.047551" lon="120.064923">
        <ele>258.00105</ele>
        <time>2026-01-29T05:36:53Z</time>
        <speed>1.006792</speed>
      </trkpt>
      <trkpt lat="29.047525" lon="120.064973">
        <ele>257.742989</ele>
        <time>2026-01-29T05:36:58Z</time>
        <speed>1.100939</speed>
      </trkpt>
      <trkpt lat="29.047483" lon="120.065007">
        <ele>257.32619</ele>
        <time>2026-01-29T05:37:03Z</time>
        <speed>1.143288</speed>
      </trkpt>
      <trkpt lat="29.047428" lon="120.065033">
        <ele>257.668631</ele>
        <time>2026-01-29T05:37:11Z</time>
        <speed>0.987576</speed>
      </trkpt>
      <trkpt lat="29.047381" lon="120.06504">
        <ele>257.591246</ele>
        <time>2026-01-29T05:37:16Z</time>
        <speed>1.115621</speed>
      </trkpt>
      <trkpt lat="29.047332" lon="120.065045">
        <ele>257.467223</ele>
        <time>2026-01-29T05:37:21Z</time>
        <speed>1.033323</speed>
      </trkpt>
      <trkpt lat="29.047277" lon="120.065059">
        <ele>256.294664</ele>
        <time>2026-01-29T05:37:27Z</time>
        <speed>0.970353</speed>
      </trkpt>
      <trkpt lat="29.047234" lon="120.065083">
        <ele>256.050223</ele>
        <time>2026-01-29T05:37:32Z</time>
        <speed>1.107904</speed>
      </trkpt>
      <trkpt lat="29.047193" lon="120.065094">
        <ele>255.721373</ele>
        <time>2026-01-29T05:37:36Z</time>
        <speed>1.168169</speed>
      </trkpt>
      <trkpt lat="29.04714" lon="120.065103">
        <ele>255.303406</ele>
        <time>2026-01-29T05:37:41Z</time>
        <speed>1.12823</speed>
      </trkpt>
      <trkpt lat="29.047089" lon="120.06511">
        <ele>255.36564</ele>
        <time>2026-01-29T05:37:46Z</time>
        <speed>1.124208</speed>
      </trkpt>
      <trkpt lat="29.047037" lon="120.065117">
        <ele>255.416254</ele>
        <time>2026-01-29T05:37:51Z</time>
        <speed>1.118076</speed>
      </trkpt>
      <trkpt lat="29.046984" lon="120.065121">
        <ele>255.116186</ele>
        <time>2026-01-29T05:37:56Z</time>
        <speed>1.067615</speed>
      </trkpt>
      <trkpt lat="29.046935" lon="120.065125">
        <ele>254.921124</ele>
        <time>2026-01-29T05:38:01Z</time>
        <speed>1.061378</speed>
      </trkpt>
      <trkpt lat="29.046887" lon="120.065124">
        <ele>254.796663</ele>
        <time>2026-01-29T05:38:06Z</time>
        <speed>1.089373</speed>
      </trkpt>
      <trkpt lat="29.046834" lon="120.065116">
        <ele>255.203191</ele>
        <time>2026-01-29T05:38:13Z</time>
        <speed>1.257759</speed>
      </trkpt>
      <trkpt lat="29.046787" lon="120.065102">
        <ele>255.438786</ele>
        <time>2026-01-29T05:38:18Z</time>
        <speed>1.244438</speed>
      </trkpt>
      <trkpt lat="29.046735" lon="120.065091">
        <ele>255.532835</ele>
        <time>2026-01-29T05:38:23Z</time>
        <speed>1.171251</speed>
      </trkpt>
      <trkpt lat="29.046687" lon="120.065087">
        <ele>255.52586</ele>
        <time>2026-01-29T05:38:27Z</time>
        <speed>1.125307</speed>
      </trkpt>
      <trkpt lat="29.046637" lon="120.065091">
        <ele>256.390627</ele>
        <time>2026-01-29T05:38:31Z</time>
        <speed>1.080751</speed>
      </trkpt>
      <trkpt lat="29.04658" lon="120.065103">
        <ele>256.862411</ele>
        <time>2026-01-29T05:38:36Z</time>
        <speed>1.111025</speed>
      </trkpt>
      <trkpt lat="29.046526" lon="120.065117">
        <ele>256.650846</ele>
        <time>2026-01-29T05:38:41Z</time>
        <speed>1.064736</speed>
      </trkpt>
      <trkpt lat="29.046473" lon="120.065123">
        <ele>256.927854</ele>
        <time>2026-01-29T05:38:47Z</time>
        <speed>1.149238</speed>
      </trkpt>
      <trkpt lat="29.046423" lon="120.06512">
        <ele>256.397246</ele>
        <time>2026-01-29T05:38:52Z</time>
        <speed>1.286516</speed>
      </trkpt>
      <trkpt lat="29.046377" lon="120.065115">
        <ele>256.259369</ele>
        <time>2026-01-29T05:38:56Z</time>
        <speed>1.308705</speed>
      </trkpt>
      <trkpt lat="29.046329" lon="120.06511">
        <ele>256.565062</ele>
        <time>2026-01-29T05:39:00Z</time>
        <speed>1.341486</speed>
      </trkpt>
      <trkpt lat="29.046361" lon="120.065139">
        <ele>258.711869</ele>
        <time>2026-01-29T05:39:18Z</time>
        <speed>1.388243</speed>
      </trkpt>
      <trkpt lat="29.046349" lon="120.065101">
        <ele>256.545407</ele>
        <time>2026-01-29T05:39:27Z</time>
        <speed>0.123463</speed>
      </trkpt>
      <trkpt lat="29.046335" lon="120.065041">
        <ele>258.344109</ele>
        <time>2026-01-29T05:42:36Z</time>
        <speed>0.109818</speed>
      </trkpt>
      <trkpt lat="29.046306" lon="120.065083">
        <ele>253.287482</ele>
        <time>2026-01-29T05:44:17Z</time>
        <speed>0.778879</speed>
      </trkpt>
      <trkpt lat="29.046258" lon="120.065095">
        <ele>255.965277</ele>
        <time>2026-01-29T05:44:45Z</time>
        <speed>0.071262</speed>
      </trkpt>
      <trkpt lat="29.04622" lon="120.065102">
        <ele>256.572182</ele>
        <time>2026-01-29T05:44:52Z</time>
        <speed>0.050745</speed>
      </trkpt>
      <trkpt lat="29.046168" lon="120.065105">
        <ele>256.429531</ele>
        <time>2026-01-29T05:45:01Z</time>
        <speed>0.081641</speed>
      </trkpt>
      <trkpt lat="29.046119" lon="120.065099">
        <ele>255.923622</ele>
        <time>2026-01-29T05:45:10Z</time>
        <speed>0.089002</speed>
      </trkpt>
      <trkpt lat="29.046075" lon="120.065094">
        <ele>255.747922</ele>
        <time>2026-01-29T05:45:16Z</time>
        <speed>0.07882</speed>
      </trkpt>
      <trkpt lat="29.046028" lon="120.06508">
        <ele>255.365879</ele>
        <time>2026-01-29T05:45:22Z</time>
        <speed>0.119255</speed>
      </trkpt>
      <trkpt lat="29.045981" lon="120.06505">
        <ele>255.312468</ele>
        <time>2026-01-29T05:45:28Z</time>
        <speed>0.087335</speed>
      </trkpt>
      <trkpt lat="29.045948" lon="120.06501">
        <ele>255.114556</ele>
        <time>2026-01-29T05:45:33Z</time>
        <speed>0.072768</speed>
      </trkpt>
      <trkpt lat="29.04593" lon="120.064954">
        <ele>256.386668</ele>
        <time>2026-01-29T05:46:01Z</time>
        <speed>0.0</speed>
      </trkpt>
      <trkpt lat="29.0459" lon="120.064919">
        <ele>255.629543</ele>
        <time>2026-01-29T05:46:12Z</time>
        <speed>0.052348</speed>
      </trkpt>
      <trkpt lat="29.045856" lon="120.064887">
        <ele>255.016107</ele>
        <time>2026-01-29T05:46:19Z</time>
        <speed>0.090359</speed>
      </trkpt>
      <trkpt lat="29.045814" lon="120.06486">
        <ele>254.885658</ele>
        <time>2026-01-29T05:46:26Z</time>
        <speed>0.067467</speed>
      </trkpt>
      <trkpt lat="29.045768" lon="120.064838">
        <ele>254.607266</ele>
        <time>2026-01-29T05:46:32Z</time>
        <speed>0.935466</speed>
      </trkpt>
      <trkpt lat="29.045722" lon="120.064817">
        <ele>254.393004</ele>
        <time>2026-01-29T05:46:37Z</time>
        <speed>1.077246</speed>
      </trkpt>
      <trkpt lat="29.045674" lon="120.064795">
        <ele>254.015607</ele>
        <time>2026-01-29T05:46:43Z</time>
        <speed>0.729442</speed>
      </trkpt>
      <trkpt lat="29.045626" lon="120.064772">
        <ele>253.529549</ele>
        <time>2026-01-29T05:46:49Z</time>
        <speed>1.096551</speed>
      </trkpt>
      <trkpt lat="29.045581" lon="120.064754">
        <ele>253.423814</ele>
        <time>2026-01-29T05:46:54Z</time>
        <speed>1.237132</speed>
      </trkpt>
      <trkpt lat="29.045531" lon="120.064726">
        <ele>253.364834</ele>
        <time>2026-01-29T05:47:00Z</time>
        <speed>1.093884</speed>
      </trkpt>
      <trkpt lat="29.045481" lon="120.064692">
        <ele>253.960778</ele>
        <time>2026-01-29T05:47:12Z</time>
        <speed>1.109091</speed>
      </trkpt>
      <trkpt lat="29.045448" lon="120.064668">
        <ele>253.656456</ele>
        <time>2026-01-29T05:47:17Z</time>
        <speed>1.128652</speed>
      </trkpt>
      <trkpt lat="29.045409" lon="120.064645">
        <ele>253.466177</ele>
        <time>2026-01-29T05:47:21Z</time>
        <speed>1.399454</speed>
      </trkpt>
      <trkpt lat="29.045355" lon="120.064619">
        <ele>252.502661</ele>
        <time>2026-01-29T05:47:27Z</time>
        <speed>1.004224</speed>
      </trkpt>
      <trkpt lat="29.045311" lon="120.064592">
        <ele>251.564237</ele>
        <time>2026-01-29T05:47:32Z</time>
        <speed>1.181269</speed>
      </trkpt>
      <trkpt lat="29.045266" lon="120.064572">
        <ele>251.394011</ele>
        <time>2026-01-29T05:47:37Z</time>
        <speed>1.101186</speed>
      </trkpt>
      <trkpt lat="29.045224" lon="120.064541">
        <ele>251.041835</ele>
        <time>2026-01-29T05:47:42Z</time>
        <speed>1.084617</speed>
      </trkpt>
      <trkpt lat="29.045177" lon="120.064508">
        <ele>250.066509</ele>
        <time>2026-01-29T05:47:47Z</time>
        <speed>1.21926</speed>
      </trkpt>
      <trkpt lat="29.045139" lon="120.064465">
        <ele>248.010959</ele>
        <time>2026-01-29T05:48:08Z</time>
        <speed>1.350046</speed>
      </trkpt>
      <trkpt lat="29.045111" lon="120.064441">
        <ele>247.01424</ele>
        <time>2026-01-29T05:48:14Z</time>
        <speed>0.9555</speed>
      </trkpt>
      <trkpt lat="29.045068" lon="120.064407">
        <ele>246.344368</ele>
        <time>2026-01-29T05:48:19Z</time>
        <speed>0.984498</speed>
      </trkpt>
      <trkpt lat="29.045016" lon="120.064362">
        <ele>245.13328</ele>
        <time>2026-01-29T05:48:25Z</time>
        <speed>1.338758</speed>
      </trkpt>
      <trkpt lat="29.044976" lon="120.064319">
        <ele>244.205902</ele>
        <time>2026-01-29T05:48:30Z</time>
        <speed>1.166594</speed>
      </trkpt>
      <trkpt lat="29.044938" lon="120.064291">
        <ele>244.265201</ele>
        <time>2026-01-29T05:48:34Z</time>
        <speed>1.362806</speed>
      </trkpt>
      <trkpt lat="29.044893" lon="120.064262">
        <ele>243.802959</ele>
        <time>2026-01-29T05:48:39Z</time>
        <speed>1.100984</speed>
      </trkpt>
      <trkpt lat="29.044844" lon="120.064244">
        <ele>243.024196</ele>
        <time>2026-01-29T05:48:44Z</time>
        <speed>0.881838</speed>
      </trkpt>
      <trkpt lat="29.04479" lon="120.064248">
        <ele>241.960322</ele>
        <time>2026-01-29T05:48:49Z</time>
        <speed>0.974395</speed>
      </trkpt>
      <trkpt lat="29.044739" lon="120.064258">
        <ele>241.461295</ele>
        <time>2026-01-29T05:48:54Z</time>
        <speed>1.108488</speed>
      </trkpt>
      <trkpt lat="29.044689" lon="120.06427">
        <ele>241.273733</ele>
        <time>2026-01-29T05:48:59Z</time>
        <speed>1.137079</speed>
      </trkpt>
      <trkpt lat="29.044645" lon="120.064279">
        <ele>241.020823</ele>
        <time>2026-01-29T05:49:03Z</time>
        <speed>1.275015</speed>
      </trkpt>
      <trkpt lat="29.044592" lon="120.064279">
        <ele>240.392193</ele>
        <time>2026-01-29T05:49:08Z</time>
        <speed>0.907298</speed>
      </trkpt>
      <trkpt lat="29.044538" lon="120.064273">
        <ele>240.336607</ele>
        <time>2026-01-29T05:49:13Z</time>
        <speed>1.069979</speed>
      </trkpt>
      <trkpt lat="29.044489" lon="120.06426">
        <ele>240.097149</ele>
        <time>2026-01-29T05:49:17Z</time>
        <speed>1.257238</speed>
      </trkpt>
      <trkpt lat="29.044438" lon="120.064245">
        <ele>240.378312</ele>
        <time>2026-01-29T05:49:21Z</time>
        <speed>1.231805</speed>
      </trkpt>
      <trkpt lat="29.044376" lon="120.064217">
        <ele>240.314448</ele>
        <time>2026-01-29T05:49:27Z</time>
        <speed>1.447493</speed>
      </trkpt>
      <trkpt lat="29.044325" lon="120.064201">
        <ele>240.771433</ele>
        <time>2026-01-29T05:49:32Z</time>
        <speed>1.089672</speed>
      </trkpt>
      <trkpt lat="29.044286" lon="120.064169">
        <ele>240.926271</ele>
        <time>2026-01-29T05:49:36Z</time>
        <speed>1.325744</speed>
      </trkpt>
      <trkpt lat="29.044249" lon="120.064116">
        <ele>241.522048</ele>
        <time>2026-01-29T05:49:41Z</time>
        <speed>1.22089</speed>
      </trkpt>
      <trkpt lat="29.044222" lon="120.064063">
        <ele>241.572697</ele>
        <time>2026-01-29T05:49:45Z</time>
        <speed>1.380251</speed>
      </trkpt>
      <trkpt lat="29.044198" lon="120.064005">
        <ele>241.264673</ele>
        <time>2026-01-29T05:49:49Z</time>
        <speed>1.38097</speed>
      </trkpt>
      <trkpt lat="29.044177" lon="120.063945">
        <ele>241.505434</ele>
        <time>2026-01-29T05:49:53Z</time>
        <speed>1.148137</speed>
      </trkpt>
      <trkpt lat="29.044163" lon="120.063896">
        <ele>241.704853</ele>
        <time>2026-01-29T05:49:56Z</time>
        <speed>1.460493</speed>
      </trkpt>
      <trkpt lat="29.04415" lon="120.063833">
        <ele>240.924136</ele>
        <time>2026-01-29T05:50:00Z</time>
        <speed>1.32039</speed>
      </trkpt>
      <trkpt lat="29.044138" lon="120.063771">
        <ele>241.168802</ele>
        <time>2026-01-29T05:50:04Z</time>
        <speed>1.443799</speed>
      </trkpt>
      <trkpt lat="29.044121" lon="120.063711">
        <ele>242.186455</ele>
        <time>2026-01-29T05:50:08Z</time>
        <speed>1.513976</speed>
      </trkpt>
      <trkpt lat="29.044102" lon="120.063654">
        <ele>242.891982</ele>
        <time>2026-01-29T05:50:12Z</time>
        <speed>1.448507</speed>
      </trkpt>
      <trkpt lat="29.044081" lon="120.063593">
        <ele>242.276297</ele>
        <time>2026-01-29T05:50:17Z</time>
        <speed>1.017168</speed>
      </trkpt>
      <trkpt lat="29.04405" lon="120.063543">
        <ele>242.916406</ele>
        <time>2026-01-29T05:50:22Z</time>
        <speed>1.057621</speed>
      </trkpt>
      <trkpt lat="29.044009" lon="120.063499">
        <ele>243.87335</ele>
        <time>2026-01-29T05:50:28Z</time>
        <speed>1.019533</speed>
      </trkpt>
      <trkpt lat="29.043966" lon="120.063465">
        <ele>243.811264</ele>
        <time>2026-01-29T05:50:34Z</time>
        <speed>0.884833</speed>
      </trkpt>
      <trkpt lat="29.04393" lon="120.063442">
        <ele>243.373718</ele>
        <time>2026-01-29T05:50:38Z</time>
        <speed>1.309354</speed>
      </trkpt>
      <trkpt lat="29.043879" lon="120.06342">
        <ele>243.187822</ele>
        <time>2026-01-29T05:50:43Z</time>
        <speed>1.105107</speed>
      </trkpt>
      <trkpt lat="29.043824" lon="120.063413">
        <ele>242.500195</ele>
        <time>2026-01-29T05:50:48Z</time>
        <speed>1.134939</speed>
      </trkpt>
      <trkpt lat="29.043769" lon="120.063416">
        <ele>241.169545</ele>
        <time>2026-01-29T05:50:53Z</time>
        <speed>1.118983</speed>
      </trkpt>
      <trkpt lat="29.043715" lon="120.06342">
        <ele>239.998283</ele>
        <time>2026-01-29T05:50:58Z</time>
        <speed>1.205451</speed>
      </trkpt>
      <trkpt lat="29.043662" lon="120.063417">
        <ele>238.841627</ele>
        <time>2026-01-29T05:51:04Z</time>
        <speed>1.017508</speed>
      </trkpt>
      <trkpt lat="29.043615" lon="120.063414">
        <ele>237.866086</ele>
        <time>2026-01-29T05:51:09Z</time>
        <speed>1.067205</speed>
      </trkpt>
      <trkpt lat="29.043562" lon="120.063408">
        <ele>237.316177</ele>
        <time>2026-01-29T05:51:14Z</time>
        <speed>1.184485</speed>
      </trkpt>
      <trkpt lat="29.04351" lon="120.06339">
        <ele>237.13271</ele>
        <time>2026-01-29T05:51:19Z</time>
        <speed>1.134539</speed>
      </trkpt>
      <trkpt lat="29.04346" lon="120.063372">
        <ele>237.104257</ele>
        <time>2026-01-29T05:51:24Z</time>
        <speed>0.9826</speed>
      </trkpt>
      <trkpt lat="29.043412" lon="120.063347">
        <ele>237.190771</ele>
        <time>2026-01-29T05:51:30Z</time>
        <speed>0.758492</speed>
      </trkpt>
      <trkpt lat="29.043378" lon="120.063316">
        <ele>236.907564</ele>
        <time>2026-01-29T05:51:35Z</time>
        <speed>0.873895</speed>
      </trkpt>
      <trkpt lat="29.043336" lon="120.063287">
        <ele>236.582865</ele>
        <time>2026-01-29T05:51:40Z</time>
        <speed>1.102808</speed>
      </trkpt>
      <trkpt lat="29.043292" lon="120.063264">
        <ele>236.553049</ele>
        <time>2026-01-29T05:51:45Z</time>
        <speed>1.139466</speed>
      </trkpt>
      <trkpt lat="29.043247" lon="120.06324">
        <ele>236.296141</ele>
        <time>2026-01-29T05:51:50Z</time>
        <speed>1.046544</speed>
      </trkpt>
      <trkpt lat="29.043202" lon="120.06322">
        <ele>235.839766</ele>
        <time>2026-01-29T05:51:55Z</time>
        <speed>0.904499</speed>
      </trkpt>
      <trkpt lat="29.043153" lon="120.063205">
        <ele>235.659302</ele>
        <time>2026-01-29T05:52:00Z</time>
        <speed>1.156439</speed>
      </trkpt>
      <trkpt lat="29.043104" lon="120.063196">
        <ele>235.644524</ele>
        <time>2026-01-29T05:52:05Z</time>
        <speed>1.141821</speed>
      </trkpt>
      <trkpt lat="29.043057" lon="120.063188">
        <ele>235.06601</ele>
        <time>2026-01-29T05:52:10Z</time>
        <speed>1.120776</speed>
      </trkpt>
      <trkpt lat="29.043009" lon="120.063168">
        <ele>234.384002</ele>
        <time>2026-01-29T05:52:15Z</time>
        <speed>1.161696</speed>
      </trkpt>
      <trkpt lat="29.042964" lon="120.063153">
        <ele>234.189997</ele>
        <time>2026-01-29T05:52:20Z</time>
        <speed>1.0789</speed>
      </trkpt>
      <trkpt lat="29.042919" lon="120.063139">
        <ele>233.89271</ele>
        <time>2026-01-29T05:52:25Z</time>
        <speed>0.91431</speed>
      </trkpt>
      <trkpt lat="29.042873" lon="120.063127">
        <ele>232.857495</ele>
        <time>2026-01-29T05:52:30Z</time>
        <speed>1.010655</speed>
      </trkpt>
      <trkpt lat="29.042826" lon="120.063114">
        <ele>232.992391</ele>
        <time>2026-01-29T05:52:35Z</time>
        <speed>1.102827</speed>
      </trkpt>
      <trkpt lat="29.042772" lon="120.063104">
        <ele>233.147582</ele>
        <time>2026-01-29T05:52:42Z</time>
        <speed>0.809376</speed>
      </trkpt>
      <trkpt lat="29.042728" lon="120.063107">
        <ele>233.580097</ele>
        <time>2026-01-29T05:52:47Z</time>
        <speed>0.96569</speed>
      </trkpt>
      <trkpt lat="29.042681" lon="120.063112">
        <ele>233.418097</ele>
        <time>2026-01-29T05:52:52Z</time>
        <speed>1.056488</speed>
      </trkpt>
      <trkpt lat="29.042635" lon="120.063127">
        <ele>233.495937</ele>
        <time>2026-01-29T05:52:56Z</time>
        <speed>1.626311</speed>
      </trkpt>
      <trkpt lat="29.042579" lon="120.063156">
        <ele>233.182896</ele>
        <time>2026-01-29T05:53:01Z</time>
        <speed>1.489575</speed>
      </trkpt>
      <trkpt lat="29.042531" lon="120.063171">
        <ele>232.353019</ele>
        <time>2026-01-29T05:53:05Z</time>
        <speed>1.39783</speed>
      </trkpt>
      <trkpt lat="29.042484" lon="120.063177">
        <ele>231.418863</ele>
        <time>2026-01-29T05:53:09Z</time>
        <speed>1.353559</speed>
      </trkpt>
      <trkpt lat="29.042437" lon="120.063178">
        <ele>230.585334</ele>
        <time>2026-01-29T05:53:13Z</time>
        <speed>1.205642</speed>
      </trkpt>
      <trkpt lat="29.04239" lon="120.063178">
        <ele>230.217157</ele>
        <time>2026-01-29T05:53:17Z</time>
        <speed>1.193886</speed>
      </trkpt>
      <trkpt lat="29.042343" lon="120.063179">
        <ele>229.658946</ele>
        <time>2026-01-29T05:53:21Z</time>
        <speed>1.342466</speed>
      </trkpt>
      <trkpt lat="29.042296" lon="120.063182">
        <ele>229.436303</ele>
        <time>2026-01-29T05:53:25Z</time>
        <speed>1.161323</speed>
      </trkpt>
      <trkpt lat="29.042249" lon="120.063186">
        <ele>229.406002</ele>
        <time>2026-01-29T05:53:29Z</time>
        <speed>1.173815</speed>
      </trkpt>
      <trkpt lat="29.042202" lon="120.06319">
        <ele>228.868267</ele>
        <time>2026-01-29T05:53:33Z</time>
        <speed>1.124305</speed>
      </trkpt>
      <trkpt lat="29.042155" lon="120.063191">
        <ele>228.367007</ele>
        <time>2026-01-29T05:53:37Z</time>
        <speed>1.159542</speed>
      </trkpt>
      <trkpt lat="29.042101" lon="120.063193">
        <ele>229.508963</ele>
        <time>2026-01-29T05:53:42Z</time>
        <speed>1.126742</speed>
      </trkpt>
      <trkpt lat="29.042055" lon="120.063176">
        <ele>229.62528</ele>
        <time>2026-01-29T05:53:47Z</time>
        <speed>0.964728</speed>
      </trkpt>
      <trkpt lat="29.042009" lon="120.063155">
        <ele>228.676134</ele>
        <time>2026-01-29T05:53:52Z</time>
        <speed>1.032602</speed>
      </trkpt>
      <trkpt lat="29.041963" lon="120.063125">
        <ele>228.050318</ele>
        <time>2026-01-29T05:53:57Z</time>
        <speed>1.176138</speed>
      </trkpt>
      <trkpt lat="29.041912" lon="120.063116">
        <ele>228.526167</ele>
        <time>2026-01-29T05:54:02Z</time>
        <speed>1.171502</speed>
      </trkpt>
      <trkpt lat="29.04186" lon="120.063117">
        <ele>228.476872</ele>
        <time>2026-01-29T05:54:07Z</time>
        <speed>0.950688</speed>
      </trkpt>
      <trkpt lat="29.04181" lon="120.063127">
        <ele>227.445361</ele>
        <time>2026-01-29T05:54:12Z</time>
        <speed>0.993375</speed>
      </trkpt>
      <trkpt lat="29.041757" lon="120.063143">
        <ele>227.133326</ele>
        <time>2026-01-29T05:54:17Z</time>
        <speed>1.112897</speed>
      </trkpt>
      <trkpt lat="29.041711" lon="120.063163">
        <ele>227.396529</ele>
        <time>2026-01-29T05:54:22Z</time>
        <speed>0.937881</speed>
      </trkpt>
      <trkpt lat="29.041664" lon="120.063183">
        <ele>227.560535</ele>
        <time>2026-01-29T05:54:27Z</time>
        <speed>0.939183</speed>
      </trkpt>
      <trkpt lat="29.041621" lon="120.063196">
        <ele>227.555341</ele>
        <time>2026-01-29T05:54:31Z</time>
        <speed>1.099015</speed>
      </trkpt>
      <trkpt lat="29.041572" lon="120.06322">
        <ele>227.531566</ele>
        <time>2026-01-29T05:54:36Z</time>
        <speed>1.103862</speed>
      </trkpt>
      <trkpt lat="29.041524" lon="120.063247">
        <ele>227.152601</ele>
        <time>2026-01-29T05:54:41Z</time>
        <speed>1.175593</speed>
      </trkpt>
      <trkpt lat="29.041477" lon="120.063277">
        <ele>227.726003</ele>
        <time>2026-01-29T05:54:47Z</time>
        <speed>0.642092</speed>
      </trkpt>
      <trkpt lat="29.041441" lon="120.063299">
        <ele>227.633026</ele>
        <time>2026-01-29T05:54:51Z</time>
        <speed>1.021777</speed>
      </trkpt>
      <trkpt lat="29.041393" lon="120.063327">
        <ele>227.809943</ele>
        <time>2026-01-29T05:54:56Z</time>
        <speed>0.934307</speed>
      </trkpt>
      <trkpt lat="29.041348" lon="120.063326">
        <ele>228.293963</ele>
        <time>2026-01-29T05:55:00Z</time>
        <speed>0.726921</speed>
      </trkpt>
      <trkpt lat="29.041301" lon="120.063319">
        <ele>228.652999</ele>
        <time>2026-01-29T05:55:04Z</time>
        <speed>1.225342</speed>
      </trkpt>
      <trkpt lat="29.041249" lon="120.063289">
        <ele>228.95188</ele>
        <time>2026-01-29T05:55:09Z</time>
        <speed>1.108944</speed>
      </trkpt>
      <trkpt lat="29.041205" lon="120.063284">
        <ele>228.96393</ele>
        <time>2026-01-29T05:55:12Z</time>
        <speed>1.688157</speed>
      </trkpt>
      <trkpt lat="29.041158" lon="120.063287">
        <ele>228.427754</ele>
        <time>2026-01-29T05:55:15Z</time>
        <speed>1.400012</speed>
      </trkpt>
      <trkpt lat="29.041096" lon="120.063296">
        <ele>227.504576</ele>
        <time>2026-01-29T05:55:19Z</time>
        <speed>1.588399</speed>
      </trkpt>
      <trkpt lat="29.041039" lon="120.0633">
        <ele>227.825154</ele>
        <time>2026-01-29T05:55:23Z</time>
        <speed>1.366287</speed>
      </trkpt>
      <trkpt lat="29.040995" lon="120.063298">
        <ele>228.102928</ele>
        <time>2026-01-29T05:55:26Z</time>
        <speed>1.410658</speed>
      </trkpt>
      <trkpt lat="29.040941" lon="120.063281">
        <ele>228.224626</ele>
        <time>2026-01-29T05:55:30Z</time>
        <speed>1.415606</speed>
      </trkpt>
      <trkpt lat="29.040894" lon="120.063247">
        <ele>228.387655</ele>
        <time>2026-01-29T05:55:34Z</time>
        <speed>1.406176</speed>
      </trkpt>
      <trkpt lat="29.040844" lon="120.063213">
        <ele>228.102693</ele>
        <time>2026-01-29T05:55:38Z</time>
        <speed>1.413291</speed>
      </trkpt>
      <trkpt lat="29.040789" lon="120.063194">
        <ele>227.356514</ele>
        <time>2026-01-29T05:55:42Z</time>
        <speed>1.659433</speed>
      </trkpt>
      <trkpt lat="29.040733" lon="120.063196">
        <ele>226.55491</ele>
        <time>2026-01-29T05:55:45Z</time>
        <speed>2.089917</speed>
      </trkpt>
      <trkpt lat="29.040669" lon="120.063214">
        <ele>226.098358</ele>
        <time>2026-01-29T05:55:48Z</time>
        <speed>1.758791</speed>
      </trkpt>
      <trkpt lat="29.040619" lon="120.063235">
        <ele>226.173586</ele>
        <time>2026-01-29T05:55:50Z</time>
        <speed>2.577249</speed>
      </trkpt>
      <trkpt lat="29.040553" lon="120.063269">
        <ele>225.812614</ele>
        <time>2026-01-29T05:55:53Z</time>
        <speed>1.622973</speed>
      </trkpt>
      <trkpt lat="29.040503" lon="120.063297">
        <ele>225.186853</ele>
        <time>2026-01-29T05:55:55Z</time>
        <speed>2.310233</speed>
      </trkpt>
      <trkpt lat="29.040469" lon="120.063311">
        <ele>224.863797</ele>
        <time>2026-01-29T05:55:56Z</time>
        <speed>3.177484</speed>
      </trkpt>
      <trkpt lat="29.040408" lon="120.063333">
        <ele>224.226825</ele>
        <time>2026-01-29T05:55:58Z</time>
        <speed>2.937391</speed>
      </trkpt>
      <trkpt lat="29.040342" lon="120.06334">
        <ele>223.723435</ele>
        <time>2026-01-29T05:56:00Z</time>
        <speed>2.916851</speed>
      </trkpt>
      <trkpt lat="29.040276" lon="120.063331">
        <ele>223.285124</ele>
        <time>2026-01-29T05:56:02Z</time>
        <speed>2.971137</speed>
      </trkpt>
      <trkpt lat="29.040209" lon="120.063313">
        <ele>221.148406</ele>
        <time>2026-01-29T05:56:04Z</time>
        <speed>2.66977</speed>
      </trkpt>
      <trkpt lat="29.040144" lon="120.063304">
        <ele>218.706719</ele>
        <time>2026-01-29T05:56:06Z</time>
        <speed>2.19485</speed>
      </trkpt>
      <trkpt lat="29.040081" lon="120.063299">
        <ele>216.700692</ele>
        <time>2026-01-29T05:56:08Z</time>
        <speed>2.154607</speed>
      </trkpt>
      <trkpt lat="29.040016" lon="120.063311">
        <ele>215.176688</ele>
        <time>2026-01-29T05:56:10Z</time>
        <speed>2.574517</speed>
      </trkpt>
      <trkpt lat="29.039952" lon="120.063334">
        <ele>213.657376</ele>
        <time>2026-01-29T05:56:12Z</time>
        <speed>2.68393</speed>
      </trkpt>
      <trkpt lat="29.039887" lon="120.063361">
        <ele>212.627211</ele>
        <time>2026-01-29T05:56:14Z</time>
        <speed>2.630667</speed>
      </trkpt>
      <trkpt lat="29.039824" lon="120.063384">
        <ele>212.142025</ele>
        <time>2026-01-29T05:56:16Z</time>
        <speed>2.410201</speed>
      </trkpt>
      <trkpt lat="29.039754" lon="120.063404">
        <ele>215.216456</ele>
        <time>2026-01-29T05:56:18Z</time>
        <speed>3.151257</speed>
      </trkpt>
      <trkpt lat="29.039681" lon="120.06342">
        <ele>217.370319</ele>
        <time>2026-01-29T05:56:20Z</time>
        <speed>3.19365</speed>
      </trkpt>
      <trkpt lat="29.039611" lon="120.063442">
        <ele>218.457623</ele>
        <time>2026-01-29T05:56:22Z</time>
        <speed>2.874083</speed>
      </trkpt>
      <trkpt lat="29.039544" lon="120.063472">
        <ele>219.042773</ele>
        <time>2026-01-29T05:56:24Z</time>
        <speed>2.853841</speed>
      </trkpt>
      <trkpt lat="29.039489" lon="120.063511">
        <ele>219.106007</ele>
        <time>2026-01-29T05:56:26Z</time>
        <speed>3.421984</speed>
      </trkpt>
      <trkpt lat="29.039445" lon="120.063561">
        <ele>218.82851</ele>
        <time>2026-01-29T05:56:28Z</time>
        <speed>3.522624</speed>
      </trkpt>
      <trkpt lat="29.039412" lon="120.063616">
        <ele>218.186499</ele>
        <time>2026-01-29T05:56:30Z</time>
        <speed>3.036666</speed>
      </trkpt>
      <trkpt lat="29.039384" lon="120.06367">
        <ele>217.432653</ele>
        <time>2026-01-29T05:56:32Z</time>
        <speed>2.410865</speed>
      </trkpt>
      <trkpt lat="29.039352" lon="120.06372">
        <ele>216.9751</ele>
        <time>2026-01-29T05:56:34Z</time>
        <speed>2.359494</speed>
      </trkpt>
      <trkpt lat="29.039315" lon="120.063764">
        <ele>217.087575</ele>
        <time>2026-01-29T05:56:36Z</time>
        <speed>1.99058</speed>
      </trkpt>
      <trkpt lat="29.039268" lon="120.063811">
        <ele>216.369312</ele>
        <time>2026-01-29T05:56:39Z</time>
        <speed>1.448012</speed>
      </trkpt>
      <trkpt lat="29.039211" lon="120.063831">
        <ele>215.18335</ele>
        <time>2026-01-29T05:56:43Z</time>
        <speed>1.387879</speed>
      </trkpt>
      <trkpt lat="29.039154" lon="120.063818">
        <ele>214.310443</ele>
        <time>2026-01-29T05:56:49Z</time>
        <speed>1.566257</speed>
      </trkpt>
      <trkpt lat="29.039114" lon="120.063787">
        <ele>214.364138</ele>
        <time>2026-01-29T05:56:53Z</time>
        <speed>1.470301</speed>
      </trkpt>
      <trkpt lat="29.039068" lon="120.063751">
        <ele>214.904321</ele>
        <time>2026-01-29T05:56:57Z</time>
        <speed>1.45774</speed>
      </trkpt>
      <trkpt lat="29.039019" lon="120.063714">
        <ele>215.287075</ele>
        <time>2026-01-29T05:57:00Z</time>
        <speed>1.667155</speed>
      </trkpt>
      <trkpt lat="29.038981" lon="120.063686">
        <ele>215.724901</ele>
        <time>2026-01-29T05:57:02Z</time>
        <speed>1.496755</speed>
      </trkpt>
      <trkpt lat="29.03894" lon="120.063654">
        <ele>216.312244</ele>
        <time>2026-01-29T05:57:04Z</time>
        <speed>1.600473</speed>
      </trkpt>
      <trkpt lat="29.038896" lon="120.06362">
        <ele>216.509859</ele>
        <time>2026-01-29T05:57:06Z</time>
        <speed>2.024849</speed>
      </trkpt>
      <trkpt lat="29.038847" lon="120.063587">
        <ele>216.812819</ele>
        <time>2026-01-29T05:57:08Z</time>
        <speed>2.675399</speed>
      </trkpt>
      <trkpt lat="29.03879" lon="120.06355">
        <ele>217.079165</ele>
        <time>2026-01-29T05:57:10Z</time>
        <speed>2.915334</speed>
      </trkpt>
      <trkpt lat="29.038728" lon="120.063515">
        <ele>217.176</ele>
        <time>2026-01-29T05:57:12Z</time>
        <speed>2.775479</speed>
      </trkpt>
      <trkpt lat="29.038662" lon="120.063488">
        <ele>217.113025</ele>
        <time>2026-01-29T05:57:14Z</time>
        <speed>2.802823</speed>
      </trkpt>
      <trkpt lat="29.038597" lon="120.063472">
        <ele>216.862857</ele>
        <time>2026-01-29T05:57:16Z</time>
        <speed>2.570687</speed>
      </trkpt>
      <trkpt lat="29.038531" lon="120.063465">
        <ele>216.515701</ele>
        <time>2026-01-29T05:57:18Z</time>
        <speed>2.749555</speed>
      </trkpt>
      <trkpt lat="29.038469" lon="120.06347">
        <ele>215.624737</ele>
        <time>2026-01-29T05:57:20Z</time>
        <speed>2.49752</speed>
      </trkpt>
      <trkpt lat="29.038411" lon="120.063488">
        <ele>214.893995</ele>
        <time>2026-01-29T05:57:22Z</time>
        <speed>2.327307</speed>
      </trkpt>
      <trkpt lat="29.038359" lon="120.063517">
        <ele>213.728254</ele>
        <time>2026-01-29T05:57:24Z</time>
        <speed>2.20452</speed>
      </trkpt>
      <trkpt lat="29.038309" lon="120.06355">
        <ele>213.070264</ele>
        <time>2026-01-29T05:57:26Z</time>
        <speed>2.354911</speed>
      </trkpt>
      <trkpt lat="29.038262" lon="120.063585">
        <ele>212.236883</ele>
        <time>2026-01-29T05:57:28Z</time>
        <speed>2.249344</speed>
      </trkpt>
      <trkpt lat="29.038217" lon="120.063618">
        <ele>211.76685</ele>
        <time>2026-01-29T05:57:30Z</time>
        <speed>2.344702</speed>
      </trkpt>
      <trkpt lat="29.038171" lon="120.063646">
        <ele>211.557056</ele>
        <time>2026-01-29T05:57:32Z</time>
        <speed>2.412453</speed>
      </trkpt>
      <trkpt lat="29.038125" lon="120.063666">
        <ele>211.212315</ele>
        <time>2026-01-29T05:57:34Z</time>
        <speed>2.411729</speed>
      </trkpt>
      <trkpt lat="29.038077" lon="120.063685">
        <ele>211.083262</ele>
        <time>2026-01-29T05:57:36Z</time>
        <speed>2.447249</speed>
      </trkpt>
      <trkpt lat="29.038013" lon="120.06371">
        <ele>209.815601</ele>
        <time>2026-01-29T05:57:39Z</time>
        <speed>2.11752</speed>
      </trkpt>
      <trkpt lat="29.037964" lon="120.063738">
        <ele>211.355213</ele>
        <time>2026-01-29T05:57:42Z</time>
        <speed>0.985779</speed>
      </trkpt>
      <trkpt lat="29.037914" lon="120.06377">
        <ele>212.628661</ele>
        <time>2026-01-29T05:57:46Z</time>
        <speed>1.379019</speed>
      </trkpt>
      <trkpt lat="29.037868" lon="120.063796">
        <ele>213.382335</ele>
        <time>2026-01-29T05:57:50Z</time>
        <speed>1.506919</speed>
      </trkpt>
      <trkpt lat="29.037825" lon="120.063818">
        <ele>213.310311</ele>
        <time>2026-01-29T05:57:54Z</time>
        <speed>1.387258</speed>
      </trkpt>
      <trkpt lat="29.037779" lon="120.063825">
        <ele>212.700014</ele>
        <time>2026-01-29T05:57:58Z</time>
        <speed>1.342196</speed>
      </trkpt>
      <trkpt lat="29.037733" lon="120.063834">
        <ele>212.336302</ele>
        <time>2026-01-29T05:58:02Z</time>
        <speed>1.247708</speed>
      </trkpt>
      <trkpt lat="29.037687" lon="120.063842">
        <ele>211.997391</ele>
        <time>2026-01-29T05:58:06Z</time>
        <speed>1.074731</speed>
      </trkpt>
      <trkpt lat="29.037641" lon="120.063855">
        <ele>212.527944</ele>
        <time>2026-01-29T05:58:10Z</time>
        <speed>1.121587</speed>
      </trkpt>
      <trkpt lat="29.037595" lon="120.063878">
        <ele>213.298708</ele>
        <time>2026-01-29T05:58:14Z</time>
        <speed>1.475613</speed>
      </trkpt>
      <trkpt lat="29.037556" lon="120.06391">
        <ele>213.985576</ele>
        <time>2026-01-29T05:58:18Z</time>
        <speed>1.296118</speed>
      </trkpt>
      <trkpt lat="29.037516" lon="120.063944">
        <ele>214.896482</ele>
        <time>2026-01-29T05:58:22Z</time>
        <speed>1.31457</speed>
      </trkpt>
      <trkpt lat="29.037479" lon="120.063985">
        <ele>215.009986</ele>
        <time>2026-01-29T05:58:26Z</time>
        <speed>1.459259</speed>
      </trkpt>
      <trkpt lat="29.037448" lon="120.06403">
        <ele>214.885364</ele>
        <time>2026-01-29T05:58:30Z</time>
        <speed>1.476452</speed>
      </trkpt>
      <trkpt lat="29.037411" lon="120.064064">
        <ele>214.426381</ele>
        <time>2026-01-29T05:58:34Z</time>
        <speed>1.284824</speed>
      </trkpt>
      <trkpt lat="29.037368" lon="120.064089">
        <ele>213.926231</ele>
        <time>2026-01-29T05:58:38Z</time>
        <speed>1.189323</speed>
      </trkpt>
      <trkpt lat="29.037315" lon="120.064107">
        <ele>213.035568</ele>
        <time>2026-01-29T05:58:43Z</time>
        <speed>1.292072</speed>
      </trkpt>
      <trkpt lat="29.037269" lon="120.064116">
        <ele>212.579249</ele>
        <time>2026-01-29T05:58:47Z</time>
        <speed>1.413769</speed>
      </trkpt>
      <trkpt lat="29.037213" lon="120.064131">
        <ele>212.71893</ele>
        <time>2026-01-29T05:58:52Z</time>
        <speed>1.492957</speed>
      </trkpt>
      <trkpt lat="29.037164" lon="120.064144">
        <ele>213.345054</ele>
        <time>2026-01-29T05:58:56Z</time>
        <speed>1.200749</speed>
      </trkpt>
      <trkpt lat="29.037108" lon="120.064152">
        <ele>213.441348</ele>
        <time>2026-01-29T05:59:01Z</time>
        <speed>1.065643</speed>
      </trkpt>
      <trkpt lat="29.037057" lon="120.06415">
        <ele>213.140476</ele>
        <time>2026-01-29T05:59:05Z</time>
        <speed>1.164554</speed>
      </trkpt>
      <trkpt lat="29.037002" lon="120.064144">
        <ele>212.89004</ele>
        <time>2026-01-29T05:59:09Z</time>
        <speed>1.674082</speed>
      </trkpt>
      <trkpt lat="29.036952" lon="120.064137">
        <ele>212.874429</ele>
        <time>2026-01-29T05:59:13Z</time>
        <speed>1.187476</speed>
      </trkpt>
      <trkpt lat="29.036905" lon="120.064135">
        <ele>212.96252</ele>
        <time>2026-01-29T05:59:17Z</time>
        <speed>1.200955</speed>
      </trkpt>
      <trkpt lat="29.036854" lon="120.064136">
        <ele>212.909593</ele>
        <time>2026-01-29T05:59:21Z</time>
        <speed>1.417015</speed>
      </trkpt>
      <trkpt lat="29.036801" lon="120.064138">
        <ele>213.081213</ele>
        <time>2026-01-29T05:59:25Z</time>
        <speed>1.309207</speed>
      </trkpt>
      <trkpt lat="29.036747" lon="120.06414">
        <ele>213.273372</ele>
        <time>2026-01-29T05:59:29Z</time>
        <speed>1.438413</speed>
      </trkpt>
      <trkpt lat="29.036698" lon="120.06414">
        <ele>213.198303</ele>
        <time>2026-01-29T05:59:33Z</time>
        <speed>1.131155</speed>
      </trkpt>
      <trkpt lat="29.036649" lon="120.064139">
        <ele>212.844036</ele>
        <time>2026-01-29T05:59:37Z</time>
        <speed>1.19545</speed>
      </trkpt>
      <trkpt lat="29.036601" lon="120.064132">
        <ele>212.626722</ele>
        <time>2026-01-29T05:59:41Z</time>
        <speed>1.324617</speed>
      </trkpt>
      <trkpt lat="29.036556" lon="120.064108">
        <ele>211.765625</ele>
        <time>2026-01-29T05:59:45Z</time>
        <speed>1.355242</speed>
      </trkpt>
      <trkpt lat="29.036518" lon="120.064066">
        <ele>211.919714</ele>
        <time>2026-01-29T05:59:49Z</time>
        <speed>1.444783</speed>
      </trkpt>
      <trkpt lat="29.036482" lon="120.06402">
        <ele>212.380413</ele>
        <time>2026-01-29T05:59:53Z</time>
        <speed>1.450582</speed>
      </trkpt>
      <trkpt lat="29.036445" lon="120.063976">
        <ele>211.93239</ele>
        <time>2026-01-29T05:59:57Z</time>
        <speed>1.427803</speed>
      </trkpt>
      <trkpt lat="29.036409" lon="120.063948">
        <ele>211.165607</ele>
        <time>2026-01-29T06:00:00Z</time>
        <speed>1.793185</speed>
      </trkpt>
      <trkpt lat="29.036357" lon="120.06393">
        <ele>210.894792</ele>
        <time>2026-01-29T06:00:04Z</time>
        <speed>1.268762</speed>
      </trkpt>
      <trkpt lat="29.0363" lon="120.063935">
        <ele>210.572456</ele>
        <time>2026-01-29T06:00:08Z</time>
        <speed>1.429481</speed>
      </trkpt>
      <trkpt lat="29.03625" lon="120.063962">
        <ele>210.340269</ele>
        <time>2026-01-29T06:00:12Z</time>
        <speed>1.334089</speed>
      </trkpt>
      <trkpt lat="29.036209" lon="120.064001">
        <ele>210.522711</ele>
        <time>2026-01-29T06:00:16Z</time>
        <speed>1.190066</speed>
      </trkpt>
      <trkpt lat="29.036167" lon="120.064045">
        <ele>210.842648</ele>
        <time>2026-01-29T06:00:20Z</time>
        <speed>1.559059</speed>
      </trkpt>
      <trkpt lat="29.036125" lon="120.064082">
        <ele>211.163088</ele>
        <time>2026-01-29T06:00:24Z</time>
        <speed>1.236999</speed>
      </trkpt>
      <trkpt lat="29.036076" lon="120.064102">
        <ele>211.257065</ele>
        <time>2026-01-29T06:00:28Z</time>
        <speed>1.457102</speed>
      </trkpt>
      <trkpt lat="29.036026" lon="120.064113">
        <ele>211.232342</ele>
        <time>2026-01-29T06:00:32Z</time>
        <speed>1.367661</speed>
      </trkpt>
      <trkpt lat="29.035978" lon="120.064105">
        <ele>211.020875</ele>
        <time>2026-01-29T06:00:36Z</time>
        <speed>1.260794</speed>
      </trkpt>
      <trkpt lat="29.035929" lon="120.064094">
        <ele>210.67984</ele>
        <time>2026-01-29T06:00:40Z</time>
        <speed>1.328057</speed>
      </trkpt>
      <trkpt lat="29.035882" lon="120.06409">
        <ele>210.607381</ele>
        <time>2026-01-29T06:00:44Z</time>
        <speed>1.148786</speed>
      </trkpt>
      <trkpt lat="29.035828" lon="120.064088">
        <ele>210.047152</ele>
        <time>2026-01-29T06:00:49Z</time>
        <speed>1.143773</speed>
      </trkpt>
      <trkpt lat="29.03578" lon="120.064067">
        <ele>209.722488</ele>
        <time>2026-01-29T06:00:54Z</time>
        <speed>1.196063</speed>
      </trkpt>
      <trkpt lat="29.035742" lon="120.064041">
        <ele>208.980816</ele>
        <time>2026-01-29T06:00:58Z</time>
        <speed>1.247224</speed>
      </trkpt>
      <trkpt lat="29.035696" lon="120.064019">
        <ele>209.084547</ele>
        <time>2026-01-29T06:01:02Z</time>
        <speed>1.365092</speed>
      </trkpt>
      <trkpt lat="29.035652" lon="120.063986">
        <ele>209.358811</ele>
        <time>2026-01-29T06:01:06Z</time>
        <speed>1.377823</speed>
      </trkpt>
      <trkpt lat="29.035629" lon="120.063937">
        <ele>208.63169</ele>
        <time>2026-01-29T06:01:10Z</time>
        <speed>1.114618</speed>
      </trkpt>
      <trkpt lat="29.035622" lon="120.063875">
        <ele>208.820975</ele>
        <time>2026-01-29T06:01:16Z</time>
        <speed>0.94338</speed>
      </trkpt>
      <trkpt lat="29.035633" lon="120.063824">
        <ele>208.876278</ele>
        <time>2026-01-29T06:01:20Z</time>
        <speed>1.259357</speed>
      </trkpt>
      <trkpt lat="29.035634" lon="120.063758">
        <ele>210.12427</ele>
        <time>2026-01-29T06:01:25Z</time>
        <speed>1.296403</speed>
      </trkpt>
      <trkpt lat="29.035632" lon="120.063692">
        <ele>211.407088</ele>
        <time>2026-01-29T06:01:30Z</time>
        <speed>1.193995</speed>
      </trkpt>
      <trkpt lat="29.035606" lon="120.063638">
        <ele>213.482921</ele>
        <time>2026-01-29T06:01:35Z</time>
        <speed>1.196825</speed>
      </trkpt>
      <trkpt lat="29.03557" lon="120.063601">
        <ele>213.82701</ele>
        <time>2026-01-29T06:01:39Z</time>
        <speed>1.287452</speed>
      </trkpt>
      <trkpt lat="29.035522" lon="120.063577">
        <ele>213.705784</ele>
        <time>2026-01-29T06:01:44Z</time>
        <speed>1.12521</speed>
      </trkpt>
      <trkpt lat="29.035466" lon="120.063572">
        <ele>213.072664</ele>
        <time>2026-01-29T06:02:02Z</time>
        <speed>1.037745</speed>
      </trkpt>
      <trkpt lat="29.035434" lon="120.063594">
        <ele>212.614917</ele>
        <time>2026-01-29T06:02:07Z</time>
        <speed>1.042226</speed>
      </trkpt>
      <trkpt lat="29.035388" lon="120.063622">
        <ele>212.434763</ele>
        <time>2026-01-29T06:02:12Z</time>
        <speed>1.111544</speed>
      </trkpt>
      <trkpt lat="29.035344" lon="120.063662">
        <ele>211.991011</ele>
        <time>2026-01-29T06:02:17Z</time>
        <speed>1.099444</speed>
      </trkpt>
      <trkpt lat="29.0353" lon="120.063705">
        <ele>211.718448</ele>
        <time>2026-01-29T06:02:22Z</time>
        <speed>1.339078</speed>
      </trkpt>
      <trkpt lat="29.035253" lon="120.063727">
        <ele>211.262927</ele>
        <time>2026-01-29T06:02:27Z</time>
        <speed>1.100245</speed>
      </trkpt>
      <trkpt lat="29.035207" lon="120.063738">
        <ele>210.381137</ele>
        <time>2026-01-29T06:02:32Z</time>
        <speed>0.933203</speed>
      </trkpt>
      <trkpt lat="29.035159" lon="120.063745">
        <ele>209.405753</ele>
        <time>2026-01-29T06:02:37Z</time>
        <speed>1.024305</speed>
      </trkpt>
      <trkpt lat="29.035112" lon="120.063722">
        <ele>208.453751</ele>
        <time>2026-01-29T06:02:42Z</time>
        <speed>1.088749</speed>
      </trkpt>
      <trkpt lat="29.035066" lon="120.063687">
        <ele>207.993951</ele>
        <time>2026-01-29T06:02:47Z</time>
        <speed>1.122547</speed>
      </trkpt>
      <trkpt lat="29.035032" lon="120.063646">
        <ele>207.522533</ele>
        <time>2026-01-29T06:02:51Z</time>
        <speed>1.382478</speed>
      </trkpt>
      <trkpt lat="29.034988" lon="120.063591">
        <ele>206.664258</ele>
        <time>2026-01-29T06:02:56Z</time>
        <speed>1.437439</speed>
      </trkpt>
      <trkpt lat="29.034969" lon="120.063535">
        <ele>205.669243</ele>
        <time>2026-01-29T06:03:00Z</time>
        <speed>1.367233</speed>
      </trkpt>
      <trkpt lat="29.034945" lon="120.063488">
        <ele>205.57334</ele>
        <time>2026-01-29T06:03:04Z</time>
        <speed>1.445838</speed>
      </trkpt>
      <trkpt lat="29.034907" lon="120.063442">
        <ele>206.301083</ele>
        <time>2026-01-29T06:03:09Z</time>
        <speed>1.230541</speed>
      </trkpt>
      <trkpt lat="29.034873" lon="120.063407">
        <ele>206.968181</ele>
        <time>2026-01-29T06:03:13Z</time>
        <speed>1.314812</speed>
      </trkpt>
      <trkpt lat="29.03484" lon="120.063367">
        <ele>207.326542</ele>
        <time>2026-01-29T06:03:17Z</time>
        <speed>1.249571</speed>
      </trkpt>
      <trkpt lat="29.034808" lon="120.063322">
        <ele>208.041204</ele>
        <time>2026-01-29T06:03:21Z</time>
        <speed>1.232797</speed>
      </trkpt>
      <trkpt lat="29.03478" lon="120.063275">
        <ele>208.031643</ele>
        <time>2026-01-29T06:03:25Z</time>
        <speed>1.17011</speed>
      </trkpt>
      <trkpt lat="29.034747" lon="120.063228">
        <ele>208.503617</ele>
        <time>2026-01-29T06:03:29Z</time>
        <speed>1.246496</speed>
      </trkpt>
      <trkpt lat="29.034713" lon="120.063181">
        <ele>209.198745</ele>
        <time>2026-01-29T06:03:33Z</time>
        <speed>1.402011</speed>
      </trkpt>
      <trkpt lat="29.034676" lon="120.063137">
        <ele>210.026195</ele>
        <time>2026-01-29T06:03:37Z</time>
        <speed>1.493055</speed>
      </trkpt>
      <trkpt lat="29.034637" lon="120.063096">
        <ele>210.85197</ele>
        <time>2026-01-29T06:03:41Z</time>
        <speed>1.504868</speed>
      </trkpt>
      <trkpt lat="29.034592" lon="120.063068">
        <ele>211.075111</ele>
        <time>2026-01-29T06:03:45Z</time>
        <speed>1.296883</speed>
      </trkpt>
      <trkpt lat="29.034547" lon="120.063063">
        <ele>210.934535</ele>
        <time>2026-01-29T06:03:48Z</time>
        <speed>1.432797</speed>
      </trkpt>
      <trkpt lat="29.034499" lon="120.063079">
        <ele>210.992795</ele>
        <time>2026-01-29T06:03:51Z</time>
        <speed>1.467221</speed>
      </trkpt>
      <trkpt lat="29.034455" lon="120.063107">
        <ele>211.581677</ele>
        <time>2026-01-29T06:03:54Z</time>
        <speed>1.237949</speed>
      </trkpt>
      <trkpt lat="29.034418" lon="120.063148">
        <ele>212.601577</ele>
        <time>2026-01-29T06:03:57Z</time>
        <speed>1.4935</speed>
      </trkpt>
      <trkpt lat="29.03439" lon="120.063221">
        <ele>211.588062</ele>
        <time>2026-01-29T06:04:12Z</time>
        <speed>0.043046</speed>
      </trkpt>
      <trkpt lat="29.034394" lon="120.063281">
        <ele>210.796409</ele>
        <time>2026-01-29T06:04:22Z</time>
        <speed>1.586295</speed>
      </trkpt>
      <trkpt lat="29.0344" lon="120.063328">
        <ele>211.238953</ele>
        <time>2026-01-29T06:04:26Z</time>
        <speed>1.31028</speed>
      </trkpt>
      <trkpt lat="29.034409" lon="120.063388">
        <ele>210.797401</ele>
        <time>2026-01-29T06:04:31Z</time>
        <speed>1.150848</speed>
      </trkpt>
      <trkpt lat="29.034425" lon="120.06345">
        <ele>210.004994</ele>
        <time>2026-01-29T06:04:36Z</time>
        <speed>1.20096</speed>
      </trkpt>
      <trkpt lat="29.034434" lon="120.063517">
        <ele>209.389152</ele>
        <time>2026-01-29T06:04:41Z</time>
        <speed>1.344073</speed>
      </trkpt>
      <trkpt lat="29.034447" lon="120.063576">
        <ele>208.751507</ele>
        <time>2026-01-29T06:04:46Z</time>
        <speed>1.064603</speed>
      </trkpt>
      <trkpt lat="29.034459" lon="120.063633">
        <ele>207.872113</ele>
        <time>2026-01-29T06:04:51Z</time>
        <speed>1.120516</speed>
      </trkpt>
      <trkpt lat="29.034462" lon="120.063692">
        <ele>207.803365</ele>
        <time>2026-01-29T06:04:56Z</time>
        <speed>0.845741</speed>
      </trkpt>
      <trkpt lat="29.034448" lon="120.063748">
        <ele>208.165719</ele>
        <time>2026-01-29T06:05:01Z</time>
        <speed>1.028791</speed>
      </trkpt>
      <trkpt lat="29.034427" lon="120.063816">
        <ele>208.174214</ele>
        <time>2026-01-29T06:05:07Z</time>
        <speed>1.23076</speed>
      </trkpt>
      <trkpt lat="29.034421" lon="120.063873">
        <ele>208.270861</ele>
        <time>2026-01-29T06:05:10Z</time>
        <speed>1.298053</speed>
      </trkpt>
      <trkpt lat="29.03443" lon="120.063934">
        <ele>208.438139</ele>
        <time>2026-01-29T06:05:14Z</time>
        <speed>0.877555</speed>
      </trkpt>
      <trkpt lat="29.034453" lon="120.06399">
        <ele>208.97571</ele>
        <time>2026-01-29T06:05:18Z</time>
        <speed>1.196476</speed>
      </trkpt>
      <trkpt lat="29.034494" lon="120.064034">
        <ele>209.855222</ele>
        <time>2026-01-29T06:05:23Z</time>
        <speed>0.931747</speed>
      </trkpt>
      <trkpt lat="29.034541" lon="120.064045">
        <ele>210.231482</ele>
        <time>2026-01-29T06:05:27Z</time>
        <speed>1.029903</speed>
      </trkpt>
      <trkpt lat="29.034594" lon="120.064045">
        <ele>209.222473</ele>
        <time>2026-01-29T06:05:31Z</time>
        <speed>1.104056</speed>
      </trkpt>
      <trkpt lat="29.034642" lon="120.064056">
        <ele>207.045579</ele>
        <time>2026-01-29T06:05:35Z</time>
        <speed>1.071838</speed>
      </trkpt>
      <trkpt lat="29.034684" lon="120.06408">
        <ele>205.850098</ele>
        <time>2026-01-29T06:05:39Z</time>
        <speed>1.360783</speed>
      </trkpt>
      <trkpt lat="29.034724" lon="120.064119">
        <ele>204.832228</ele>
        <time>2026-01-29T06:05:43Z</time>
        <speed>1.221851</speed>
      </trkpt>
      <trkpt lat="29.034761" lon="120.064162">
        <ele>204.556489</ele>
        <time>2026-01-29T06:05:47Z</time>
        <speed>1.239683</speed>
      </trkpt>
      <trkpt lat="29.034798" lon="120.064205">
        <ele>204.724486</ele>
        <time>2026-01-29T06:05:51Z</time>
        <speed>1.459822</speed>
      </trkpt>
      <trkpt lat="29.03483" lon="120.06425">
        <ele>204.711121</ele>
        <time>2026-01-29T06:05:55Z</time>
        <speed>1.311147</speed>
      </trkpt>
      <trkpt lat="29.034861" lon="120.064296">
        <ele>204.362108</ele>
        <time>2026-01-29T06:05:59Z</time>
        <speed>1.364804</speed>
      </trkpt>
      <trkpt lat="29.034902" lon="120.064334">
        <ele>203.925135</ele>
        <time>2026-01-29T06:06:04Z</time>
        <speed>1.185302</speed>
      </trkpt>
      <trkpt lat="29.034956" lon="120.064381">
        <ele>201.933744</ele>
        <time>2026-01-29T06:06:13Z</time>
        <speed>1.5285</speed>
      </trkpt>
      <trkpt lat="29.03499" lon="120.064417">
        <ele>201.856781</ele>
        <time>2026-01-29T06:06:17Z</time>
        <speed>1.499928</speed>
      </trkpt>
      <trkpt lat="29.035013" lon="120.064466">
        <ele>201.436429</ele>
        <time>2026-01-29T06:06:21Z</time>
        <speed>1.209588</speed>
      </trkpt>
      <trkpt lat="29.035027" lon="120.064519">
        <ele>201.070549</ele>
        <time>2026-01-29T06:06:25Z</time>
        <speed>1.054295</speed>
      </trkpt>
      <trkpt lat="29.035025" lon="120.064569">
        <ele>201.49294</ele>
        <time>2026-01-29T06:06:27Z</time>
        <speed>1.459162</speed>
      </trkpt>
      <trkpt lat="29.035031" lon="120.064635">
        <ele>202.906993</ele>
        <time>2026-01-29T06:06:31Z</time>
        <speed>1.528341</speed>
      </trkpt>
      <trkpt lat="29.035029" lon="120.064698">
        <ele>204.867081</ele>
        <time>2026-01-29T06:06:35Z</time>
        <speed>1.329285</speed>
      </trkpt>
      <trkpt lat="29.035012" lon="120.064766">
        <ele>207.481973</ele>
        <time>2026-01-29T06:06:41Z</time>
        <speed>1.327387</speed>
      </trkpt>
      <trkpt lat="29.034983" lon="120.064817">
        <ele>208.875522</ele>
        <time>2026-01-29T06:06:45Z</time>
        <speed>1.506708</speed>
      </trkpt>
      <trkpt lat="29.034945" lon="120.064868">
        <ele>209.927793</ele>
        <time>2026-01-29T06:06:50Z</time>
        <speed>1.165134</speed>
      </trkpt>
      <trkpt lat="29.034903" lon="120.06489">
        <ele>210.030761</ele>
        <time>2026-01-29T06:06:54Z</time>
        <speed>1.466647</speed>
      </trkpt>
      <trkpt lat="29.034857" lon="120.064907">
        <ele>210.540289</ele>
        <time>2026-01-29T06:06:58Z</time>
        <speed>1.422348</speed>
      </trkpt>
      <trkpt lat="29.034804" lon="120.064921">
        <ele>211.060789</ele>
        <time>2026-01-29T06:07:03Z</time>
        <speed>1.093536</speed>
      </trkpt>
      <trkpt lat="29.03476" lon="120.064929">
        <ele>211.580889</ele>
        <time>2026-01-29T06:07:07Z</time>
        <speed>1.18464</speed>
      </trkpt>
      <trkpt lat="29.034704" lon="120.064939">
        <ele>211.677469</ele>
        <time>2026-01-29T06:07:12Z</time>
        <speed>1.131126</speed>
      </trkpt>
      <trkpt lat="29.034653" lon="120.064943">
        <ele>211.128017</ele>
        <time>2026-01-29T06:07:16Z</time>
        <speed>1.325005</speed>
      </trkpt>
      <trkpt lat="29.034597" lon="120.064947">
        <ele>209.85421</ele>
        <time>2026-01-29T06:07:21Z</time>
        <speed>1.026983</speed>
      </trkpt>
      <trkpt lat="29.034551" lon="120.064954">
        <ele>208.495407</ele>
        <time>2026-01-29T06:07:25Z</time>
        <speed>1.28695</speed>
      </trkpt>
      <trkpt lat="29.034498" lon="120.064965">
        <ele>208.175878</ele>
        <time>2026-01-29T06:07:30Z</time>
        <speed>1.036151</speed>
      </trkpt>
      <trkpt lat="29.034449" lon="120.06498">
        <ele>208.859407</ele>
        <time>2026-01-29T06:07:34Z</time>
        <speed>1.534465</speed>
      </trkpt>
      <trkpt lat="29.034394" lon="120.064997">
        <ele>209.233468</ele>
        <time>2026-01-29T06:07:39Z</time>
        <speed>1.261704</speed>
      </trkpt>
      <trkpt lat="29.034342" lon="120.065017">
        <ele>208.433894</ele>
        <time>2026-01-29T06:07:44Z</time>
        <speed>1.188821</speed>
      </trkpt>
      <trkpt lat="29.034294" lon="120.065027">
        <ele>207.999111</ele>
        <time>2026-01-29T06:07:49Z</time>
        <speed>0.874526</speed>
      </trkpt>
      <trkpt lat="29.034241" lon="120.065037">
        <ele>208.909758</ele>
        <time>2026-01-29T06:08:08Z</time>
        <speed>0.69615</speed>
      </trkpt>
      <trkpt lat="29.034211" lon="120.06506">
        <ele>210.114495</ele>
        <time>2026-01-29T06:08:14Z</time>
        <speed>0.93708</speed>
      </trkpt>
      <trkpt lat="29.034159" lon="120.065076">
        <ele>210.158401</ele>
        <time>2026-01-29T06:08:21Z</time>
        <speed>0.824856</speed>
      </trkpt>
      <trkpt lat="29.034108" lon="120.065084">
        <ele>210.508687</ele>
        <time>2026-01-29T06:08:31Z</time>
        <speed>0.815185</speed>
      </trkpt>
      <trkpt lat="29.034068" lon="120.065105">
        <ele>210.327006</ele>
        <time>2026-01-29T06:08:37Z</time>
        <speed>1.013377</speed>
      </trkpt>
      <trkpt lat="29.034018" lon="120.065121">
        <ele>210.089875</ele>
        <time>2026-01-29T06:08:43Z</time>
        <speed>1.052826</speed>
      </trkpt>
      <trkpt lat="29.033971" lon="120.065133">
        <ele>210.139337</ele>
        <time>2026-01-29T06:08:48Z</time>
        <speed>1.019613</speed>
      </trkpt>
      <trkpt lat="29.033924" lon="120.065139">
        <ele>209.609179</ele>
        <time>2026-01-29T06:08:53Z</time>
        <speed>1.040531</speed>
      </trkpt>
      <trkpt lat="29.033875" lon="120.065145">
        <ele>209.375794</ele>
        <time>2026-01-29T06:08:58Z</time>
        <speed>1.047308</speed>
      </trkpt>
      <trkpt lat="29.033826" lon="120.065153">
        <ele>209.149849</ele>
        <time>2026-01-29T06:09:03Z</time>
        <speed>1.097896</speed>
      </trkpt>
      <trkpt lat="29.033777" lon="120.065163">
        <ele>208.930538</ele>
        <time>2026-01-29T06:09:08Z</time>
        <speed>1.044996</speed>
      </trkpt>
      <trkpt lat="29.033721" lon="120.065166">
        <ele>209.946067</ele>
        <time>2026-01-29T06:09:14Z</time>
        <speed>0.959078</speed>
      </trkpt>
      <trkpt lat="29.033669" lon="120.065173">
        <ele>210.651447</ele>
        <time>2026-01-29T06:09:19Z</time>
        <speed>1.136478</speed>
      </trkpt>
      <trkpt lat="29.033616" lon="120.065172">
        <ele>210.817827</ele>
        <time>2026-01-29T06:09:24Z</time>
        <speed>1.077981</speed>
      </trkpt>
      <trkpt lat="29.033568" lon="120.065166">
        <ele>209.958882</ele>
        <time>2026-01-29T06:09:29Z</time>
        <speed>1.054332</speed>
      </trkpt>
      <trkpt lat="29.033516" lon="120.065157">
        <ele>208.786563</ele>
        <time>2026-01-29T06:09:35Z</time>
        <speed>1.021519</speed>
      </trkpt>
      <trkpt lat="29.033471" lon="120.065156">
        <ele>208.514522</ele>
        <time>2026-01-29T06:09:40Z</time>
        <speed>1.050408</speed>
      </trkpt>
      <trkpt lat="29.03342" lon="120.06517">
        <ele>208.741137</ele>
        <time>2026-01-29T06:09:46Z</time>
        <speed>1.082257</speed>
      </trkpt>
      <trkpt lat="29.033374" lon="120.0652">
        <ele>208.333776</ele>
        <time>2026-01-29T06:09:52Z</time>
        <speed>0.996849</speed>
      </trkpt>
      <trkpt lat="29.033339" lon="120.065237">
        <ele>208.801321</ele>
        <time>2026-01-29T06:09:57Z</time>
        <speed>1.007501</speed>
      </trkpt>
      <trkpt lat="29.033307" lon="120.06528">
        <ele>209.481997</ele>
        <time>2026-01-29T06:10:02Z</time>
        <speed>1.088168</speed>
      </trkpt>
      <trkpt lat="29.033272" lon="120.065319">
        <ele>209.907411</ele>
        <time>2026-01-29T06:10:07Z</time>
        <speed>1.021822</speed>
      </trkpt>
      <trkpt lat="29.033242" lon="120.065355">
        <ele>210.166504</ele>
        <time>2026-01-29T06:10:11Z</time>
        <speed>1.384708</speed>
      </trkpt>
      <trkpt lat="29.033193" lon="120.065387">
        <ele>210.563119</ele>
        <time>2026-01-29T06:10:17Z</time>
        <speed>0.992563</speed>
      </trkpt>
      <trkpt lat="29.033146" lon="120.0654">
        <ele>209.88936</ele>
        <time>2026-01-29T06:10:22Z</time>
        <speed>0.996035</speed>
      </trkpt>
      <trkpt lat="29.033099" lon="120.065397">
        <ele>209.714179</ele>
        <time>2026-01-29T06:10:27Z</time>
        <speed>1.081944</speed>
      </trkpt>
      <trkpt lat="29.033055" lon="120.065384">
        <ele>209.088631</ele>
        <time>2026-01-29T06:10:31Z</time>
        <speed>1.321254</speed>
      </trkpt>
      <trkpt lat="29.033" lon="120.06536">
        <ele>208.810627</ele>
        <time>2026-01-29T06:10:36Z</time>
        <speed>1.203874</speed>
      </trkpt>
      <trkpt lat="29.032958" lon="120.065328">
        <ele>207.479814</ele>
        <time>2026-01-29T06:10:40Z</time>
        <speed>1.18867</speed>
      </trkpt>
      <trkpt lat="29.03292" lon="120.065288">
        <ele>206.242015</ele>
        <time>2026-01-29T06:10:44Z</time>
        <speed>1.253155</speed>
      </trkpt>
      <trkpt lat="29.032882" lon="120.065238">
        <ele>205.13663</ele>
        <time>2026-01-29T06:10:49Z</time>
        <speed>1.137043</speed>
      </trkpt>
      <trkpt lat="29.032843" lon="120.065198">
        <ele>205.348201</ele>
        <time>2026-01-29T06:10:54Z</time>
        <speed>0.933177</speed>
      </trkpt>
      <trkpt lat="29.032814" lon="120.065161">
        <ele>205.023208</ele>
        <time>2026-01-29T06:10:58Z</time>
        <speed>0.885191</speed>
      </trkpt>
      <trkpt lat="29.032772" lon="120.065126">
        <ele>204.796076</ele>
        <time>2026-01-29T06:11:03Z</time>
        <speed>0.852013</speed>
      </trkpt>
      <trkpt lat="29.032728" lon="120.065093">
        <ele>204.261533</ele>
        <time>2026-01-29T06:11:08Z</time>
        <speed>1.090661</speed>
      </trkpt>
      <trkpt lat="29.03268" lon="120.065076">
        <ele>204.262729</ele>
        <time>2026-01-29T06:11:13Z</time>
        <speed>1.013875</speed>
      </trkpt>
      <trkpt lat="29.032634" lon="120.065048">
        <ele>202.997484</ele>
        <time>2026-01-29T06:11:18Z</time>
        <speed>0.99981</speed>
      </trkpt>
      <trkpt lat="29.032589" lon="120.065017">
        <ele>201.866358</ele>
        <time>2026-01-29T06:11:23Z</time>
        <speed>1.112799</speed>
      </trkpt>
      <trkpt lat="29.032545" lon="120.064977">
        <ele>200.778917</ele>
        <time>2026-01-29T06:11:28Z</time>
        <speed>1.297393</speed>
      </trkpt>
      <trkpt lat="29.03252" lon="120.06494">
        <ele>200.672089</ele>
        <time>2026-01-29T06:11:31Z</time>
        <speed>1.414978</speed>
      </trkpt>
      <trkpt lat="29.032492" lon="120.064886">
        <ele>200.193881</ele>
        <time>2026-01-29T06:11:36Z</time>
        <speed>0.967339</speed>
      </trkpt>
      <trkpt lat="29.032474" lon="120.06484">
        <ele>199.692612</ele>
        <time>2026-01-29T06:11:40Z</time>
        <speed>1.25679</speed>
      </trkpt>
      <trkpt lat="29.032465" lon="120.064784">
        <ele>198.851223</ele>
        <time>2026-01-29T06:11:44Z</time>
        <speed>1.408847</speed>
      </trkpt>
      <trkpt lat="29.032466" lon="120.064721">
        <ele>199.423612</ele>
        <time>2026-01-29T06:11:49Z</time>
        <speed>1.041926</speed>
      </trkpt>
      <trkpt lat="29.032465" lon="120.064658">
        <ele>201.336291</ele>
        <time>2026-01-29T06:11:54Z</time>
        <speed>1.511736</speed>
      </trkpt>
      <trkpt lat="29.032462" lon="120.064601">
        <ele>203.021652</ele>
        <time>2026-01-29T06:11:59Z</time>
        <speed>1.227399</speed>
      </trkpt>
      <trkpt lat="29.032441" lon="120.064548">
        <ele>204.236422</ele>
        <time>2026-01-29T06:12:04Z</time>
        <speed>1.297064</speed>
      </trkpt>
      <trkpt lat="29.03241" lon="120.064513">
        <ele>206.183664</ele>
        <time>2026-01-29T06:12:08Z</time>
        <speed>1.14274</speed>
      </trkpt>
      <trkpt lat="29.03237" lon="120.064486">
        <ele>208.833893</ele>
        <time>2026-01-29T06:12:12Z</time>
        <speed>1.051165</speed>
      </trkpt>
      <trkpt lat="29.03233" lon="120.064444">
        <ele>210.618774</ele>
        <time>2026-01-29T06:12:32Z</time>
        <speed>0.702057</speed>
      </trkpt>
      <trkpt lat="29.032305" lon="120.06442">
        <ele>210.191993</ele>
        <time>2026-01-29T06:12:37Z</time>
        <speed>1.090436</speed>
      </trkpt>
      <trkpt lat="29.032266" lon="120.064378">
        <ele>210.443371</ele>
        <time>2026-01-29T06:12:42Z</time>
        <speed>1.136585</speed>
      </trkpt>
      <trkpt lat="29.032232" lon="120.064336">
        <ele>210.375634</ele>
        <time>2026-01-29T06:12:46Z</time>
        <speed>1.059082</speed>
      </trkpt>
      <trkpt lat="29.032197" lon="120.064286">
        <ele>208.505803</ele>
        <time>2026-01-29T06:12:50Z</time>
        <speed>1.287283</speed>
      </trkpt>
      <trkpt lat="29.032164" lon="120.064236">
        <ele>206.172362</ele>
        <time>2026-01-29T06:12:54Z</time>
        <speed>1.074114</speed>
      </trkpt>
      <trkpt lat="29.03213" lon="120.064192">
        <ele>204.091952</ele>
        <time>2026-01-29T06:12:58Z</time>
        <speed>1.134024</speed>
      </trkpt>
      <trkpt lat="29.032098" lon="120.06415">
        <ele>202.793686</ele>
        <time>2026-01-29T06:13:02Z</time>
        <speed>1.229158</speed>
      </trkpt>
      <trkpt lat="29.032059" lon="120.064115">
        <ele>202.83802</ele>
        <time>2026-01-29T06:13:06Z</time>
        <speed>1.492658</speed>
      </trkpt>
      <trkpt lat="29.032017" lon="120.064076">
        <ele>205.740064</ele>
        <time>2026-01-29T06:13:11Z</time>
        <speed>1.300967</speed>
      </trkpt>
      <trkpt lat="29.031984" lon="120.064034">
        <ele>208.93462</ele>
        <time>2026-01-29T06:13:16Z</time>
        <speed>1.333251</speed>
      </trkpt>
      <trkpt lat="29.031949" lon="120.064003">
        <ele>210.928316</ele>
        <time>2026-01-29T06:13:20Z</time>
        <speed>1.179657</speed>
      </trkpt>
      <trkpt lat="29.031901" lon="120.063984">
        <ele>212.344426</ele>
        <time>2026-01-29T06:13:24Z</time>
        <speed>1.392343</speed>
      </trkpt>
      <trkpt lat="29.031846" lon="120.063976">
        <ele>213.47495</ele>
        <time>2026-01-29T06:13:28Z</time>
        <speed>1.205848</speed>
      </trkpt>
      <trkpt lat="29.0318" lon="120.063978">
        <ele>214.323228</ele>
        <time>2026-01-29T06:13:31Z</time>
        <speed>1.518614</speed>
      </trkpt>
      <trkpt lat="29.031744" lon="120.063982">
        <ele>213.885943</ele>
        <time>2026-01-29T06:13:35Z</time>
        <speed>1.558924</speed>
      </trkpt>
      <trkpt lat="29.031691" lon="120.063987">
        <ele>212.773945</ele>
        <time>2026-01-29T06:13:39Z</time>
        <speed>1.314229</speed>
      </trkpt>
      <trkpt lat="29.03164" lon="120.063989">
        <ele>211.785423</ele>
        <time>2026-01-29T06:13:43Z</time>
        <speed>1.14412</speed>
      </trkpt>
      <trkpt lat="29.031586" lon="120.063985">
        <ele>211.146851</ele>
        <time>2026-01-29T06:13:47Z</time>
        <speed>1.428623</speed>
      </trkpt>
      <trkpt lat="29.03153" lon="120.06397">
        <ele>210.832432</ele>
        <time>2026-01-29T06:13:52Z</time>
        <speed>1.257129</speed>
      </trkpt>
      <trkpt lat="29.031487" lon="120.063949">
        <ele>209.43625</ele>
        <time>2026-01-29T06:13:56Z</time>
        <speed>1.23499</speed>
      </trkpt>
      <trkpt lat="29.03144" lon="120.063914">
        <ele>208.793744</ele>
        <time>2026-01-29T06:14:01Z</time>
        <speed>1.283303</speed>
      </trkpt>
      <trkpt lat="29.031402" lon="120.063881">
        <ele>209.124044</ele>
        <time>2026-01-29T06:14:05Z</time>
        <speed>1.642014</speed>
      </trkpt>
      <trkpt lat="29.031352" lon="120.06386">
        <ele>209.681132</ele>
        <time>2026-01-29T06:14:10Z</time>
        <speed>1.245695</speed>
      </trkpt>
      <trkpt lat="29.031308" lon="120.063848">
        <ele>209.354232</ele>
        <time>2026-01-29T06:14:14Z</time>
        <speed>1.297677</speed>
      </trkpt>
      <trkpt lat="29.031263" lon="120.063837">
        <ele>209.436649</ele>
        <time>2026-01-29T06:14:18Z</time>
        <speed>1.348399</speed>
      </trkpt>
      <trkpt lat="29.031215" lon="120.063831">
        <ele>209.886081</ele>
        <time>2026-01-29T06:14:22Z</time>
        <speed>1.259507</speed>
      </trkpt>
      <trkpt lat="29.031167" lon="120.063827">
        <ele>209.917519</ele>
        <time>2026-01-29T06:14:26Z</time>
        <speed>1.264338</speed>
      </trkpt>
      <trkpt lat="29.031121" lon="120.063834">
        <ele>209.879361</ele>
        <time>2026-01-29T06:14:30Z</time>
        <speed>1.306435</speed>
      </trkpt>
      <trkpt lat="29.031074" lon="120.063862">
        <ele>210.47539</ele>
        <time>2026-01-29T06:14:35Z</time>
        <speed>0.90263</speed>
      </trkpt>
      <trkpt lat="29.031023" lon="120.063883">
        <ele>208.96529</ele>
        <time>2026-01-29T06:14:49Z</time>
        <speed>1.108915</speed>
      </trkpt>
      <trkpt lat="29.030995" lon="120.063901">
        <ele>208.812627</ele>
        <time>2026-01-29T06:14:54Z</time>
        <speed>1.248761</speed>
      </trkpt>
      <trkpt lat="29.030946" lon="120.063933">
        <ele>208.900352</ele>
        <time>2026-01-29T06:14:59Z</time>
        <speed>1.389653</speed>
      </trkpt>
      <trkpt lat="29.030894" lon="120.063956">
        <ele>208.800415</ele>
        <time>2026-01-29T06:15:04Z</time>
        <speed>0.874693</speed>
      </trkpt>
      <trkpt lat="29.030869" lon="120.064004">
        <ele>208.688974</ele>
        <time>2026-01-29T06:15:09Z</time>
        <speed>1.253063</speed>
      </trkpt>
      <trkpt lat="29.030845" lon="120.064046">
        <ele>208.95612</ele>
        <time>2026-01-29T06:15:13Z</time>
        <speed>1.342121</speed>
      </trkpt>
      <trkpt lat="29.030821" lon="120.064099">
        <ele>208.863968</ele>
        <time>2026-01-29T06:15:18Z</time>
        <speed>1.095713</speed>
      </trkpt>
      <trkpt lat="29.030799" lon="120.064156">
        <ele>208.63148</ele>
        <time>2026-01-29T06:15:23Z</time>
        <speed>1.317046</speed>
      </trkpt>
      <trkpt lat="29.030776" lon="120.064201">
        <ele>208.408465</ele>
        <time>2026-01-29T06:15:27Z</time>
        <speed>1.109936</speed>
      </trkpt>
      <trkpt lat="29.030739" lon="120.064253">
        <ele>208.158018</ele>
        <time>2026-01-29T06:15:32Z</time>
        <speed>1.502085</speed>
      </trkpt>
      <trkpt lat="29.030711" lon="120.064303">
        <ele>207.718365</ele>
        <time>2026-01-29T06:15:36Z</time>
        <speed>1.438423</speed>
      </trkpt>
      <trkpt lat="29.030696" lon="120.064355">
        <ele>207.703559</ele>
        <time>2026-01-29T06:15:40Z</time>
        <speed>1.454498</speed>
      </trkpt>
      <trkpt lat="29.030696" lon="120.064408">
        <ele>207.132672</ele>
        <time>2026-01-29T06:15:44Z</time>
        <speed>1.071668</speed>
      </trkpt>
      <trkpt lat="29.030713" lon="120.064467">
        <ele>207.603452</ele>
        <time>2026-01-29T06:15:48Z</time>
        <speed>1.487347</speed>
      </trkpt>
      <trkpt lat="29.030736" lon="120.064523">
        <ele>208.244253</ele>
        <time>2026-01-29T06:15:52Z</time>
        <speed>1.599063</speed>
      </trkpt>
      <trkpt lat="29.030757" lon="120.06458">
        <ele>208.288043</ele>
        <time>2026-01-29T06:15:56Z</time>
        <speed>1.758533</speed>
      </trkpt>
      <trkpt lat="29.030762" lon="120.064643">
        <ele>206.920925</ele>
        <time>2026-01-29T06:16:05Z</time>
        <speed>0.935704</speed>
      </trkpt>
      <trkpt lat="29.030768" lon="120.064682">
        <ele>206.909439</ele>
        <time>2026-01-29T06:16:09Z</time>
        <speed>1.243057</speed>
      </trkpt>
      <trkpt lat="29.030783" lon="120.064739">
        <ele>205.959236</ele>
        <time>2026-01-29T06:16:14Z</time>
        <speed>1.405505</speed>
      </trkpt>
      <trkpt lat="29.030789" lon="120.064796">
        <ele>205.007325</ele>
        <time>2026-01-29T06:16:19Z</time>
        <speed>1.152604</speed>
      </trkpt>
      <trkpt lat="29.030792" lon="120.064848">
        <ele>203.898399</ele>
        <time>2026-01-29T06:16:23Z</time>
        <speed>1.241123</speed>
      </trkpt>
      <trkpt lat="29.0308" lon="120.064909">
        <ele>203.529113</ele>
        <time>2026-01-29T06:16:27Z</time>
        <speed>2.0357</speed>
      </trkpt>
      <trkpt lat="29.030811" lon="120.064977">
        <ele>203.72614</ele>
        <time>2026-01-29T06:16:32Z</time>
        <speed>1.482075</speed>
      </trkpt>
      <trkpt lat="29.030824" lon="120.06503">
        <ele>203.973615</ele>
        <time>2026-01-29T06:16:36Z</time>
        <speed>1.348313</speed>
      </trkpt>
      <trkpt lat="29.03083" lon="120.065081">
        <ele>203.336816</ele>
        <time>2026-01-29T06:16:40Z</time>
        <speed>1.333893</speed>
      </trkpt>
      <trkpt lat="29.03084" lon="120.065137">
        <ele>202.217927</ele>
        <time>2026-01-29T06:16:44Z</time>
        <speed>1.479289</speed>
      </trkpt>
      <trkpt lat="29.030854" lon="120.065199">
        <ele>202.057815</ele>
        <time>2026-01-29T06:16:49Z</time>
        <speed>1.172609</speed>
      </trkpt>
      <trkpt lat="29.030868" lon="120.065252">
        <ele>202.023207</ele>
        <time>2026-01-29T06:16:53Z</time>
        <speed>1.399855</speed>
      </trkpt>
      <trkpt lat="29.030883" lon="120.065316">
        <ele>201.99439</ele>
        <time>2026-01-29T06:16:58Z</time>
        <speed>1.168052</speed>
      </trkpt>
      <trkpt lat="29.030897" lon="120.065372">
        <ele>202.373096</ele>
        <time>2026-01-29T06:17:02Z</time>
        <speed>1.406283</speed>
      </trkpt>
      <trkpt lat="29.03091" lon="120.065432">
        <ele>202.516055</ele>
        <time>2026-01-29T06:17:06Z</time>
        <speed>1.400949</speed>
      </trkpt>
      <trkpt lat="29.030923" lon="120.06549">
        <ele>202.85891</ele>
        <time>2026-01-29T06:17:10Z</time>
        <speed>1.385354</speed>
      </trkpt>
      <trkpt lat="29.030937" lon="120.065546">
        <ele>203.065469</ele>
        <time>2026-01-29T06:17:14Z</time>
        <speed>1.416613</speed>
      </trkpt>
      <trkpt lat="29.030949" lon="120.065605">
        <ele>203.216685</ele>
        <time>2026-01-29T06:17:18Z</time>
        <speed>1.520716</speed>
      </trkpt>
      <trkpt lat="29.030963" lon="120.065661">
        <ele>203.237182</ele>
        <time>2026-01-29T06:17:22Z</time>
        <speed>1.373578</speed>
      </trkpt>
      <trkpt lat="29.030977" lon="120.065719">
        <ele>202.629342</ele>
        <time>2026-01-29T06:17:26Z</time>
        <speed>1.440488</speed>
      </trkpt>
      <trkpt lat="29.030991" lon="120.065777">
        <ele>202.497833</ele>
        <time>2026-01-29T06:17:30Z</time>
        <speed>1.403022</speed>
      </trkpt>
      <trkpt lat="29.031006" lon="120.065831">
        <ele>201.814369</ele>
        <time>2026-01-29T06:17:34Z</time>
        <speed>1.287603</speed>
      </trkpt>
      <trkpt lat="29.031018" lon="120.065891">
        <ele>200.905376</ele>
        <time>2026-01-29T06:17:38Z</time>
        <speed>1.43613</speed>
      </trkpt>
      <trkpt lat="29.031029" lon="120.06595">
        <ele>201.334118</ele>
        <time>2026-01-29T06:17:42Z</time>
        <speed>1.41807</speed>
      </trkpt>
      <trkpt lat="29.031032" lon="120.065999">
        <ele>201.397276</ele>
        <time>2026-01-29T06:17:45Z</time>
        <speed>1.449772</speed>
      </trkpt>
      <trkpt lat="29.031036" lon="120.066066">
        <ele>200.68781</ele>
        <time>2026-01-29T06:17:49Z</time>
        <speed>1.461349</speed>
      </trkpt>
      <trkpt lat="29.031039" lon="120.06612">
        <ele>200.642221</ele>
        <time>2026-01-29T06:17:52Z</time>
        <speed>1.489675</speed>
      </trkpt>
      <trkpt lat="29.031038" lon="120.066191">
        <ele>200.818067</ele>
        <time>2026-01-29T06:17:56Z</time>
        <speed>1.488201</speed>
      </trkpt>
      <trkpt lat="29.031033" lon="120.066245">
        <ele>200.737068</ele>
        <time>2026-01-29T06:17:59Z</time>
        <speed>1.608047</speed>
      </trkpt>
      <trkpt lat="29.031026" lon="120.066311">
        <ele>201.438608</ele>
        <time>2026-01-29T06:18:04Z</time>
        <speed>1.013469</speed>
      </trkpt>
      <trkpt lat="29.030997" lon="120.066355">
        <ele>201.979807</ele>
        <time>2026-01-29T06:18:09Z</time>
        <speed>1.240771</speed>
      </trkpt>
      <trkpt lat="29.030862" lon="120.066815">
        <ele>214.646332</ele>
        <time>2026-01-29T06:18:53Z</time>
        <speed>-1.0</speed>
      </trkpt>
      <trkpt lat="29.030835" lon="120.066817">
        <ele>216.217188</ele>
        <time>2026-01-29T06:18:56Z</time>
        <speed>-1.0</speed>
      </trkpt>
      <trkpt lat="29.030797" lon="120.066982">
        <ele>216.632071</ele>
        <time>2026-01-29T06:19:08Z</time>
        <speed>-1.0</speed>
      </trkpt>
      <trkpt lat="29.030697" lon="120.067352">
        <ele>215.118213</ele>
        <time>2026-01-29T06:19:40Z</time>
        <speed>-1.0</speed>
      </trkpt>
      <trkpt lat="29.030537" lon="120.067756">
        <ele>213.558257</ele>
        <time>2026-01-29T06:20:08Z</time>
        <speed>-1.0</speed>
      </trkpt>
      <trkpt lat="29.030508" lon="120.067856">
        <ele>213.132078</ele>
        <time>2026-01-29T06:20:15Z</time>
        <speed>-1.0</speed>
      </trkpt>
      <trkpt lat="29.030499" lon="120.067917">
        <ele>212.989895</ele>
        <time>2026-01-29T06:20:20Z</time>
        <speed>-1.0</speed>
      </trkpt>
      <trkpt lat="29.030467" lon="120.068002">
        <ele>212.775733</ele>
        <time>2026-01-29T06:20:25Z</time>
        <speed>-1.0</speed>
      </trkpt>
      <trkpt lat="29.028923" lon="120.070804">
        <ele>190.15987</ele>
        <time>2026-01-29T06:21:34Z</time>
        <speed>-1.0</speed>
      </trkpt>
      <trkpt lat="29.028768" lon="120.070926">
        <ele>190.046892</ele>
        <time>2026-01-29T06:21:56Z</time>
        <speed>-1.0</speed>
      </trkpt>
      <trkpt lat="29.028741" lon="120.070935">
        <ele>190.30022</ele>
        <time>2026-01-29T06:22:13Z</time>
        <speed>-1.0</speed>
      </trkpt>
      <trkpt lat="29.028769" lon="120.070844">
        <ele>189.967156</ele>
        <time>2026-01-29T06:22:19Z</time>
        <speed>-1.0</speed>
      </trkpt>
      <trkpt lat="29.028902" lon="120.070115">
        <ele>196.849214</ele>
        <time>2026-01-29T06:23:02Z</time>
        <speed>0.841627</speed>
      </trkpt>
      <trkpt lat="29.028915" lon="120.070138">
        <ele>197.494801</ele>
        <time>2026-01-29T06:23:03Z</time>
        <speed>1.160173</speed>
      </trkpt>
      <trkpt lat="29.028896" lon="120.070174">
        <ele>197.909814</ele>
        <time>2026-01-29T06:23:03Z</time>
        <speed>1.593628</speed>
      </trkpt>
      <trkpt lat="29.028902" lon="120.070207">
        <ele>197.835568</ele>
        <time>2026-01-29T06:23:05Z</time>
        <speed>1.813319</speed>
      </trkpt>
      <trkpt lat="29.028911" lon="120.070241">
        <ele>199.253702</ele>
        <time>2026-01-29T06:23:07Z</time>
        <speed>1.044695</speed>
      </trkpt>
      <trkpt lat="29.028899" lon="120.070317">
        <ele>201.685144</ele>
        <time>2026-01-29T06:23:15Z</time>
        <speed>1.517427</speed>
      </trkpt>
      <trkpt lat="29.02888" lon="120.070371">
        <ele>202.094681</ele>
        <time>2026-01-29T06:23:19Z</time>
        <speed>1.266598</speed>
      </trkpt>
      <trkpt lat="29.028852" lon="120.07043">
        <ele>201.40007</ele>
        <time>2026-01-29T06:23:24Z</time>
        <speed>1.314111</speed>
      </trkpt>
      <trkpt lat="29.028826" lon="120.070479">
        <ele>201.014287</ele>
        <time>2026-01-29T06:23:28Z</time>
        <speed>1.328192</speed>
      </trkpt>
      <trkpt lat="29.028796" lon="120.070529">
        <ele>200.253636</ele>
        <time>2026-01-29T06:23:32Z</time>
        <speed>1.50944</speed>
      </trkpt>
      <trkpt lat="29.028768" lon="120.070581">
        <ele>198.936039</ele>
        <time>2026-01-29T06:23:36Z</time>
        <speed>1.52899</speed>
      </trkpt>
      <trkpt lat="29.028742" lon="120.070645">
        <ele>198.26494</ele>
        <time>2026-01-29T06:23:41Z</time>
        <speed>1.528017</speed>
      </trkpt>
      <trkpt lat="29.02872" lon="120.070702">
        <ele>197.738824</ele>
        <time>2026-01-29T06:23:46Z</time>
        <speed>0.764701</speed>
      </trkpt>
      <trkpt lat="29.028703" lon="120.070755">
        <ele>197.216148</ele>
        <time>2026-01-29T06:23:50Z</time>
        <speed>1.495678</speed>
      </trkpt>
      <trkpt lat="29.028685" lon="120.070812">
        <ele>196.912936</ele>
        <time>2026-01-29T06:23:54Z</time>
        <speed>1.414869</speed>
      </trkpt>
      <trkpt lat="29.028664" lon="120.070866">
        <ele>195.580513</ele>
        <time>2026-01-29T06:23:59Z</time>
        <speed>1.025988</speed>
      </trkpt>
      <trkpt lat="29.028655" lon="120.070914">
        <ele>194.492765</ele>
        <time>2026-01-29T06:24:03Z</time>
        <speed>1.166954</speed>
      </trkpt>
      <trkpt lat="29.02863" lon="120.070964">
        <ele>191.584082</ele>
        <time>2026-01-29T06:24:09Z</time>
        <speed>0.841239</speed>
      </trkpt>
      <trkpt lat="29.028592" lon="120.070945">
        <ele>190.811989</ele>
        <time>2026-01-29T06:24:14Z</time>
        <speed>1.061083</speed>
      </trkpt>
      <trkpt lat="29.02857" lon="120.070889">
        <ele>191.097679</ele>
        <time>2026-01-29T06:24:19Z</time>
        <speed>1.336833</speed>
      </trkpt>
      <trkpt lat="29.028576" lon="120.070839">
        <ele>191.279352</ele>
        <time>2026-01-29T06:24:22Z</time>
        <speed>1.741848</speed>
      </trkpt>
      <trkpt lat="29.028589" lon="120.070764">
        <ele>192.307001</ele>
        <time>2026-01-29T06:24:29Z</time>
        <speed>0.930091</speed>
      </trkpt>
      <trkpt lat="29.028621" lon="120.070716">
        <ele>191.402188</ele>
        <time>2026-01-29T06:24:36Z</time>
        <speed>0.741792</speed>
      </trkpt>
      <extensions>
        <PauseTimes></PauseTimes>
      </extensions>
    </trkseg>
  </trk>
</gpx>