<?xml version='1.0' encoding='UTF-8' standalone='yes' ?>
<gpx version="1.1" creator="GPSBabel - http://www.gpsbabel.org" xmlns:xsi="http://www.w3.org/2001/XMLSchema-instance" xmlns="http://www.topografix.com/GPX/1/1" xsi:schemaLocation="http://www.topografix.com/GPX/1/1 http://www.topografix.com/GPX/1/1/gpx.xsd">
  <metadata>
    <link href="http://www.garmin.com">
      <text>Garmin International</text>
    </link>
    <time>2026-03-16T02:27:57Z</time>
    <bounds minlat="29.1806521" minlon="119.69799" maxlat="29.1976131" maxlon="119.7194862" />
  </metadata>
  <extensions>
    <name><![CDATA[虎岩紫荆花260316]]>
    </name>
    <description><![CDATA[抖音同名，有详细视频。该可自行选择走大环小环。]]>
    </description>
    <TrackId>80504553</TrackId>
    <TrackTypeId>8</TrackTypeId>
    <TrackTags>徒步</TrackTags>
    <BeginTime>1773628077000</BeginTime>
    <EndTime>1773645196000</EndTime>
    <TimeUsed>17119000</TimeUsed>
    <PauseTime>1308132</PauseTime>
    <PosStartName>金华市金东区</PosStartName>
    <PosEndName>金华市金东区</PosEndName>
    <ProductVersion>and_8.1.3</ProductVersion>
    <StartDistrictId>9655</StartDistrictId>
    <EndDistrictId>9655</EndDistrictId>
    <CreaterId>64771087</CreaterId>
    <CreaterName><![CDATA[步履赴山野]]>
    </CreaterName>
    <CreaterIcon>1523534626</CreaterIcon>
    <OriginCreaterId>64771087</OriginCreaterId>
    <OriginCreaterNickname><![CDATA[步履赴山野]]>
    </OriginCreaterNickname>
    <OriginCreaterName><![CDATA[null]]>
    </OriginCreaterName>
    <OriginCreaterIcon>1523534626</OriginCreaterIcon>
    <ThumbnailId>1572026451</ThumbnailId>
    <Distance>10601.0</Distance>
    <ElevationGain>492.5899999999999</ElevationGain>
    <ElevationLoss>500.75999999999976</ElevationLoss>
    <SportAvgSpeed>0.6704881730718389</SportAvgSpeed>
  </extensions>
  <trk>
    <trkseg>
      <trkpt lat="29.1839283" lon="119.69799">
        <ele>141.1</ele>
        <time>2026-03-16T02:27:59Z</time>
        <speed>0.13073945</speed>
      </trkpt>
      <trkpt lat="29.1838681" lon="119.6980415">
        <ele>141.1</ele>
        <time>2026-03-16T02:28:15Z</time>
        <speed>0.4004539</speed>
      </trkpt>
      <trkpt lat="29.1837899" lon="119.6981141">
        <ele>141.83</ele>
        <time>2026-03-16T02:28:35Z</time>
        <speed>0.515237</speed>
      </trkpt>
      <trkpt lat="29.1838309" lon="119.6981883">
        <ele>141.99</ele>
        <time>2026-03-16T02:28:49Z</time>
        <speed>1.3815144</speed>
      </trkpt>
      <trkpt lat="29.1838168" lon="119.6982899">
        <ele>140.75</ele>
        <time>2026-03-16T02:28:57Z</time>
        <speed>1.4407074</speed>
      </trkpt>
      <trkpt lat="29.1837495" lon="119.6983694">
        <ele>140.47</ele>
        <time>2026-03-16T02:29:05Z</time>
        <speed>1.3485723</speed>
      </trkpt>
      <trkpt lat="29.183637" lon="119.6984263">
        <ele>141.64</ele>
        <time>2026-03-16T02:29:13Z</time>
        <speed>1.6033597</speed>
      </trkpt>
      <trkpt lat="29.1835262" lon="119.6984853">
        <ele>143.56</ele>
        <time>2026-03-16T02:29:21Z</time>
        <speed>1.6949803</speed>
      </trkpt>
      <trkpt lat="29.183434" lon="119.6985375">
        <ele>144.78</ele>
        <time>2026-03-16T02:29:27Z</time>
        <speed>1.6198308</speed>
      </trkpt>
      <trkpt lat="29.183372" lon="119.6986279">
        <ele>145.61</ele>
        <time>2026-03-16T02:29:35Z</time>
        <speed>1.343425</speed>
      </trkpt>
      <trkpt lat="29.1833425" lon="119.6987392">
        <ele>145.82</ele>
        <time>2026-03-16T02:29:43Z</time>
        <speed>1.2111413</speed>
      </trkpt>
      <trkpt lat="29.1832681" lon="119.6988151">
        <ele>145.72</ele>
        <time>2026-03-16T02:29:53Z</time>
        <speed>1.0351064</speed>
      </trkpt>
      <trkpt lat="29.1831972" lon="119.6988873">
        <ele>145.89</ele>
        <time>2026-03-16T02:30:03Z</time>
        <speed>1.0109144</speed>
      </trkpt>
      <trkpt lat="29.1832577" lon="119.6989063">
        <ele>146.24</ele>
        <time>2026-03-16T02:30:17Z</time>
        <speed>0.8961314</speed>
      </trkpt>
      <trkpt lat="29.1833528" lon="119.6988465">
        <ele>146.52</ele>
        <time>2026-03-16T02:30:29Z</time>
        <speed>1.1138589</speed>
      </trkpt>
      <trkpt lat="29.1834522" lon="119.6987862">
        <ele>146.68</ele>
        <time>2026-03-16T02:30:37Z</time>
        <speed>1.3109975</speed>
      </trkpt>
      <trkpt lat="29.1835427" lon="119.6988044">
        <ele>147.81</ele>
        <time>2026-03-16T02:30:47Z</time>
        <speed>1.022753</speed>
      </trkpt>
      <trkpt lat="29.1835815" lon="119.698837">
        <ele>147.89</ele>
        <time>2026-03-16T02:30:55Z</time>
        <speed>0.0</speed>
      </trkpt>
      <trkpt lat="29.1836466" lon="119.6988046">
        <ele>148.15</ele>
        <time>2026-03-16T02:31:05Z</time>
        <speed>0.84877694</speed>
      </trkpt>
      <trkpt lat="29.183731" lon="119.6987526">
        <ele>148.9</ele>
        <time>2026-03-16T02:31:15Z</time>
        <speed>0.954295</speed>
      </trkpt>
      <trkpt lat="29.1838235" lon="119.6987409">
        <ele>151.01</ele>
        <time>2026-03-16T02:31:31Z</time>
        <speed>0.48744196</speed>
      </trkpt>
      <trkpt lat="29.1839201" lon="119.69874">
        <ele>155.22</ele>
        <time>2026-03-16T02:31:51Z</time>
        <speed>0.9403975</speed>
      </trkpt>
      <trkpt lat="29.1840173" lon="119.6987547">
        <ele>158.57</ele>
        <time>2026-03-16T02:32:05Z</time>
        <speed>0.63104945</speed>
      </trkpt>
      <trkpt lat="29.1841037" lon="119.6988052">
        <ele>160.56</ele>
        <time>2026-03-16T02:32:15Z</time>
        <speed>0.88583696</speed>
      </trkpt>
      <trkpt lat="29.1841821" lon="119.6988674">
        <ele>162.17</ele>
        <time>2026-03-16T02:32:29Z</time>
        <speed>0.87142473</speed>
      </trkpt>
      <trkpt lat="29.1842716" lon="119.6989011">
        <ele>165.02</ele>
        <time>2026-03-16T02:32:57Z</time>
        <speed>0.7092872</speed>
      </trkpt>
      <trkpt lat="29.1843208" lon="119.6988308">
        <ele>168.07</ele>
        <time>2026-03-16T02:33:45Z</time>
        <speed>0.6722272</speed>
      </trkpt>
      <trkpt lat="29.1844063" lon="119.6988058">
        <ele>173.37</ele>
        <time>2026-03-16T02:33:59Z</time>
        <speed>0.8477475</speed>
      </trkpt>
      <trkpt lat="29.1844795" lon="119.6988657">
        <ele>176.52</ele>
        <time>2026-03-16T02:34:09Z</time>
        <speed>1.0428272</speed>
      </trkpt>
      <trkpt lat="29.1845562" lon="119.6989373">
        <ele>179.22</ele>
        <time>2026-03-16T02:34:21Z</time>
        <speed>0.6073722</speed>
      </trkpt>
      <trkpt lat="29.1845929" lon="119.6988737">
        <ele>183.0</ele>
        <time>2026-03-16T02:34:35Z</time>
        <speed>0.62590224</speed>
      </trkpt>
      <trkpt lat="29.1846589" lon="119.698893">
        <ele>187.6</ele>
        <time>2026-03-16T02:34:59Z</time>
        <speed>0.7000222</speed>
      </trkpt>
      <trkpt lat="29.1847389" lon="119.6989522">
        <ele>193.97</ele>
        <time>2026-03-16T02:35:13Z</time>
        <speed>0.78392196</speed>
      </trkpt>
      <trkpt lat="29.184831" lon="119.6989945">
        <ele>199.62</ele>
        <time>2026-03-16T02:35:41Z</time>
        <speed>0.6830364</speed>
      </trkpt>
      <trkpt lat="29.1849154" lon="119.6990514">
        <ele>204.17</ele>
        <time>2026-03-16T02:35:57Z</time>
        <speed>0.528105</speed>
      </trkpt>
      <trkpt lat="29.184903" lon="119.6989979">
        <ele>207.02</ele>
        <time>2026-03-16T02:36:13Z</time>
        <speed>0.63516724</speed>
      </trkpt>
      <trkpt lat="29.1849783" lon="119.69894">
        <ele>208.69</ele>
        <time>2026-03-16T02:41:57Z</time>
        <speed>0.7859808</speed>
      </trkpt>
      <trkpt lat="29.18507" lon="119.6989283">
        <ele>210.37</ele>
        <time>2026-03-16T02:42:05Z</time>
        <speed>1.5369606</speed>
      </trkpt>
      <trkpt lat="29.1851095" lon="119.6990112">
        <ele>212.62</ele>
        <time>2026-03-16T02:42:17Z</time>
        <speed>0.61149</speed>
      </trkpt>
      <trkpt lat="29.1851733" lon="119.69914">
        <ele>216.74</ele>
        <time>2026-03-16T02:43:47Z</time>
        <speed>0.28155306</speed>
      </trkpt>
      <trkpt lat="29.1852483" lon="119.69921">
        <ele>219.3</ele>
        <time>2026-03-16T02:45:37Z</time>
        <speed>0.5075161</speed>
      </trkpt>
      <trkpt lat="29.1853033" lon="119.699295">
        <ele>221.97</ele>
        <time>2026-03-16T02:45:47Z</time>
        <speed>0.9954728</speed>
      </trkpt>
      <trkpt lat="29.1853245" lon="119.6992178">
        <ele>224.39</ele>
        <time>2026-03-16T02:46:05Z</time>
        <speed>0.9146614</speed>
      </trkpt>
      <trkpt lat="29.1853088" lon="119.6991094">
        <ele>228.18</ele>
        <time>2026-03-16T02:46:25Z</time>
        <speed>0.71443444</speed>
      </trkpt>
      <trkpt lat="29.185375" lon="119.6991533">
        <ele>232.19</ele>
        <time>2026-03-16T02:54:55Z</time>
        <speed>0.7283319</speed>
      </trkpt>
      <trkpt lat="29.18541" lon="119.69926">
        <ele>233.83</ele>
        <time>2026-03-16T02:55:05Z</time>
        <speed>0.73450863</speed>
      </trkpt>
      <trkpt lat="29.1854337" lon="119.6993638">
        <ele>235.58</ele>
        <time>2026-03-16T02:55:17Z</time>
        <speed>0.8312764</speed>
      </trkpt>
      <trkpt lat="29.1854606" lon="119.6994749">
        <ele>237.14</ele>
        <time>2026-03-16T02:55:29Z</time>
        <speed>0.92083806</speed>
      </trkpt>
      <trkpt lat="29.1855084" lon="119.6995682">
        <ele>238.07</ele>
        <time>2026-03-16T02:55:41Z</time>
        <speed>0.76539195</speed>
      </trkpt>
      <trkpt lat="29.1855389" lon="119.6996711">
        <ele>239.67</ele>
        <time>2026-03-16T02:56:13Z</time>
        <speed>1.0340769</speed>
      </trkpt>
      <trkpt lat="29.1855332" lon="119.6996919">
        <ele>241.32</ele>
        <time>2026-03-16T02:56:23Z</time>
        <speed>0.0</speed>
      </trkpt>
      <trkpt lat="29.1855897" lon="119.6997201">
        <ele>242.39</ele>
        <time>2026-03-16T02:56:41Z</time>
        <speed>0.80296665</speed>
      </trkpt>
      <trkpt lat="29.1856399" lon="119.6997944">
        <ele>242.87</ele>
        <time>2026-03-16T02:56:51Z</time>
        <speed>0.9620158</speed>
      </trkpt>
      <trkpt lat="29.1856917" lon="119.6998924">
        <ele>243.44</ele>
        <time>2026-03-16T02:57:01Z</time>
        <speed>1.0984172</speed>
      </trkpt>
      <trkpt lat="29.1857534" lon="119.6999826">
        <ele>244.76</ele>
        <time>2026-03-16T02:57:09Z</time>
        <speed>1.1828316</speed>
      </trkpt>
      <trkpt lat="29.1857817" lon="119.7000928">
        <ele>246.88</ele>
        <time>2026-03-16T02:57:21Z</time>
        <speed>0.8307617</speed>
      </trkpt>
      <trkpt lat="29.1858522" lon="119.7001384">
        <ele>250.68</ele>
        <time>2026-03-16T02:57:51Z</time>
        <speed>0.69178665</speed>
      </trkpt>
      <trkpt lat="29.1859507" lon="119.700125">
        <ele>256.19</ele>
        <time>2026-03-16T02:58:05Z</time>
        <speed>0.8359089</speed>
      </trkpt>
      <trkpt lat="29.1859552" lon="119.7001881">
        <ele>260.5</ele>
        <time>2026-03-16T02:58:35Z</time>
        <speed>0.5497233</speed>
      </trkpt>
      <trkpt lat="29.1859831" lon="119.70028">
        <ele>264.67</ele>
        <time>2026-03-16T02:58:47Z</time>
        <speed>0.94503</speed>
      </trkpt>
      <trkpt lat="29.1860171" lon="119.7003783">
        <ele>267.87</ele>
        <time>2026-03-16T02:58:55Z</time>
        <speed>1.0948142</speed>
      </trkpt>
      <trkpt lat="29.1860693" lon="119.7004689">
        <ele>270.98</ele>
        <time>2026-03-16T02:59:07Z</time>
        <speed>0.89819026</speed>
      </trkpt>
      <trkpt lat="29.1861667" lon="119.700465">
        <ele>275.76</ele>
        <time>2026-03-16T03:01:05Z</time>
        <speed>0.22750722</speed>
      </trkpt>
      <trkpt lat="29.1862717" lon="119.7004817">
        <ele>279.05</ele>
        <time>2026-03-16T03:01:15Z</time>
        <speed>1.1776844</speed>
      </trkpt>
      <trkpt lat="29.1863795" lon="119.7004772">
        <ele>279.84</ele>
        <time>2026-03-16T03:01:25Z</time>
        <speed>0.8436297</speed>
      </trkpt>
      <trkpt lat="29.1864646" lon="119.7004342">
        <ele>279.7</ele>
        <time>2026-03-16T03:01:53Z</time>
        <speed>0.8786308</speed>
      </trkpt>
      <trkpt lat="29.1865678" lon="119.7004067">
        <ele>279.05</ele>
        <time>2026-03-16T03:02:25Z</time>
        <speed>0.88995475</speed>
      </trkpt>
      <trkpt lat="29.1866756" lon="119.7003824">
        <ele>277.48</ele>
        <time>2026-03-16T03:02:35Z</time>
        <speed>1.3099681</speed>
      </trkpt>
      <trkpt lat="29.1867748" lon="119.7003611">
        <ele>276.5</ele>
        <time>2026-03-16T03:02:57Z</time>
        <speed>0.5914158</speed>
      </trkpt>
      <trkpt lat="29.1868665" lon="119.7003597">
        <ele>276.89</ele>
        <time>2026-03-16T03:03:05Z</time>
        <speed>0.9995906</speed>
      </trkpt>
      <trkpt lat="29.1869659" lon="119.7003456">
        <ele>277.75</ele>
        <time>2026-03-16T03:03:15Z</time>
        <speed>1.0201794</speed>
      </trkpt>
      <trkpt lat="29.187066" lon="119.7003243">
        <ele>279.06</ele>
        <time>2026-03-16T03:03:31Z</time>
        <speed>0.4050864</speed>
      </trkpt>
      <trkpt lat="29.187155" lon="119.700268">
        <ele>279.68</ele>
        <time>2026-03-16T03:03:39Z</time>
        <speed>1.6002713</speed>
      </trkpt>
      <trkpt lat="29.1872461" lon="119.7002594">
        <ele>279.82</ele>
        <time>2026-03-16T03:03:47Z</time>
        <speed>1.3933531</speed>
      </trkpt>
      <trkpt lat="29.1873259" lon="119.7002003">
        <ele>279.94</ele>
        <time>2026-03-16T03:03:59Z</time>
        <speed>0.9959875</speed>
      </trkpt>
      <trkpt lat="29.1873869" lon="119.700115">
        <ele>281.73</ele>
        <time>2026-03-16T03:04:09Z</time>
        <speed>1.1241534</speed>
      </trkpt>
      <trkpt lat="29.1874516" lon="119.7000284">
        <ele>283.61</ele>
        <time>2026-03-16T03:04:17Z</time>
        <speed>1.2188622</speed>
      </trkpt>
      <trkpt lat="29.1874979" lon="119.6999225">
        <ele>285.71</ele>
        <time>2026-03-16T03:04:27Z</time>
        <speed>1.1699636</speed>
      </trkpt>
      <trkpt lat="29.1875554" lon="119.699811">
        <ele>287.82</ele>
        <time>2026-03-16T03:04:35Z</time>
        <speed>1.5729911</speed>
      </trkpt>
      <trkpt lat="29.1875996" lon="119.6996941">
        <ele>288.8</ele>
        <time>2026-03-16T03:04:45Z</time>
        <speed>1.2049648</speed>
      </trkpt>
      <trkpt lat="29.1876729" lon="119.6996042">
        <ele>290.18</ele>
        <time>2026-03-16T03:04:53Z</time>
        <speed>1.430413</speed>
      </trkpt>
      <trkpt lat="29.1877349" lon="119.6995225">
        <ele>291.05</ele>
        <time>2026-03-16T03:05:03Z</time>
        <speed>1.1236386</speed>
      </trkpt>
      <trkpt lat="29.1877717" lon="119.6994992">
        <ele>292.49</ele>
        <time>2026-03-16T03:05:11Z</time>
        <speed>0.0</speed>
      </trkpt>
      <trkpt lat="29.1878067" lon="119.699425">
        <ele>293.22</ele>
        <time>2026-03-16T03:05:25Z</time>
        <speed>1.1993028</speed>
      </trkpt>
      <trkpt lat="29.1878562" lon="119.6993334">
        <ele>293.64</ele>
        <time>2026-03-16T03:05:35Z</time>
        <speed>1.2898939</speed>
      </trkpt>
      <trkpt lat="29.1879256" lon="119.6992626">
        <ele>294.61</ele>
        <time>2026-03-16T03:05:49Z</time>
        <speed>0.6902425</speed>
      </trkpt>
      <trkpt lat="29.1879619" lon="119.6993272">
        <ele>294.44</ele>
        <time>2026-03-16T03:06:15Z</time>
        <speed>0.78958386</speed>
      </trkpt>
      <trkpt lat="29.1880411" lon="119.6993696">
        <ele>293.04</ele>
        <time>2026-03-16T03:06:35Z</time>
        <speed>0.62435806</speed>
      </trkpt>
      <trkpt lat="29.1881321" lon="119.6993661">
        <ele>290.79</ele>
        <time>2026-03-16T03:07:09Z</time>
        <speed>0.48486835</speed>
      </trkpt>
      <trkpt lat="29.1882233" lon="119.6993343">
        <ele>287.44</ele>
        <time>2026-03-16T03:07:19Z</time>
        <speed>0.86576277</speed>
      </trkpt>
      <trkpt lat="29.1883153" lon="119.6993332">
        <ele>287.38</ele>
        <time>2026-03-16T03:07:49Z</time>
        <speed>1.0670192</speed>
      </trkpt>
      <trkpt lat="29.1884157" lon="119.6993341">
        <ele>288.89</ele>
        <time>2026-03-16T03:07:59Z</time>
        <speed>1.2147444</speed>
      </trkpt>
      <trkpt lat="29.1884935" lon="119.6992839">
        <ele>290.4</ele>
        <time>2026-03-16T03:08:09Z</time>
        <speed>1.2090825</speed>
      </trkpt>
      <trkpt lat="29.1885862" lon="119.6992998">
        <ele>292.94</ele>
        <time>2026-03-16T03:08:21Z</time>
        <speed>1.4165156</speed>
      </trkpt>
      <trkpt lat="29.1886738" lon="119.6993636">
        <ele>295.42</ele>
        <time>2026-03-16T03:08:31Z</time>
        <speed>1.436075</speed>
      </trkpt>
      <trkpt lat="29.1887368" lon="119.6994627">
        <ele>295.8</ele>
        <time>2026-03-16T03:08:41Z</time>
        <speed>1.671303</speed>
      </trkpt>
      <trkpt lat="29.1887695" lon="119.6995785">
        <ele>296.57</ele>
        <time>2026-03-16T03:08:51Z</time>
        <speed>1.2857761</speed>
      </trkpt>
      <trkpt lat="29.1888163" lon="119.6996813">
        <ele>299.51</ele>
        <time>2026-03-16T03:08:59Z</time>
        <speed>1.4237217</speed>
      </trkpt>
      <trkpt lat="29.1888658" lon="119.6997551">
        <ele>301.48</ele>
        <time>2026-03-16T03:09:23Z</time>
        <speed>0.0</speed>
      </trkpt>
      <trkpt lat="29.1889454" lon="119.6998011">
        <ele>300.89</ele>
        <time>2026-03-16T03:09:49Z</time>
        <speed>0.5739153</speed>
      </trkpt>
      <trkpt lat="29.1890337" lon="119.6998293">
        <ele>298.23</ele>
        <time>2026-03-16T03:10:07Z</time>
        <speed>0.5981072</speed>
      </trkpt>
      <trkpt lat="29.1891173" lon="119.6997881">
        <ele>295.46</ele>
        <time>2026-03-16T03:10:31Z</time>
        <speed>0.40766</speed>
      </trkpt>
      <trkpt lat="29.1892067" lon="119.6997573">
        <ele>291.69</ele>
        <time>2026-03-16T03:11:13Z</time>
        <speed>0.6346525</speed>
      </trkpt>
      <trkpt lat="29.1892889" lon="119.6996952">
        <ele>287.27</ele>
        <time>2026-03-16T03:11:27Z</time>
        <speed>0.5903864</speed>
      </trkpt>
      <trkpt lat="29.1893718" lon="119.6996062">
        <ele>283.84</ele>
        <time>2026-03-16T03:11:39Z</time>
        <speed>0.991355</speed>
      </trkpt>
      <trkpt lat="29.18946" lon="119.699559">
        <ele>280.6</ele>
        <time>2026-03-16T03:11:47Z</time>
        <speed>1.0814314</speed>
      </trkpt>
      <trkpt lat="29.1894925" lon="119.6995237">
        <ele>277.37</ele>
        <time>2026-03-16T03:11:53Z</time>
        <speed>0.0</speed>
      </trkpt>
      <trkpt lat="29.1895683" lon="119.6994696">
        <ele>275.62</ele>
        <time>2026-03-16T03:12:03Z</time>
        <speed>0.99032557</speed>
      </trkpt>
      <trkpt lat="29.1896553" lon="119.6994125">
        <ele>274.06</ele>
        <time>2026-03-16T03:12:13Z</time>
        <speed>1.0706222</speed>
      </trkpt>
      <trkpt lat="29.1897518" lon="119.6993461">
        <ele>271.84</ele>
        <time>2026-03-16T03:12:23Z</time>
        <speed>1.1349626</speed>
      </trkpt>
      <trkpt lat="29.1898457" lon="119.6992879">
        <ele>269.37</ele>
        <time>2026-03-16T03:12:31Z</time>
        <speed>1.4340161</speed>
      </trkpt>
      <trkpt lat="29.1899414" lon="119.6992148">
        <ele>267.06</ele>
        <time>2026-03-16T03:12:39Z</time>
        <speed>1.8015277</speed>
      </trkpt>
      <trkpt lat="29.1900022" lon="119.6991273">
        <ele>265.23</ele>
        <time>2026-03-16T03:12:45Z</time>
        <speed>1.9719008</speed>
      </trkpt>
      <trkpt lat="29.1900649" lon="119.6990165">
        <ele>264.57</ele>
        <time>2026-03-16T03:12:53Z</time>
        <speed>2.0249171</speed>
      </trkpt>
      <trkpt lat="29.1901201" lon="119.6989148">
        <ele>264.45</ele>
        <time>2026-03-16T03:13:01Z</time>
        <speed>1.8025572</speed>
      </trkpt>
      <trkpt lat="29.1901508" lon="119.6987932">
        <ele>264.3</ele>
        <time>2026-03-16T03:13:09Z</time>
        <speed>1.7037306</speed>
      </trkpt>
      <trkpt lat="29.1901859" lon="119.6986912">
        <ele>263.78</ele>
        <time>2026-03-16T03:13:19Z</time>
        <speed>1.1416539</speed>
      </trkpt>
      <trkpt lat="29.190242" lon="119.6985952">
        <ele>262.5</ele>
        <time>2026-03-16T03:13:29Z</time>
        <speed>1.4371045</speed>
      </trkpt>
      <trkpt lat="29.190319" lon="119.6985361">
        <ele>260.95</ele>
        <time>2026-03-16T03:13:39Z</time>
        <speed>1.3882059</speed>
      </trkpt>
      <trkpt lat="29.1903965" lon="119.6984712">
        <ele>258.69</ele>
        <time>2026-03-16T03:13:53Z</time>
        <speed>0.75612694</speed>
      </trkpt>
      <trkpt lat="29.1904977" lon="119.6984533">
        <ele>254.7</ele>
        <time>2026-03-16T03:14:03Z</time>
        <speed>1.3048208</speed>
      </trkpt>
      <trkpt lat="29.1905855" lon="119.6985141">
        <ele>252.46</ele>
        <time>2026-03-16T03:14:13Z</time>
        <speed>1.6445374</speed>
      </trkpt>
      <trkpt lat="29.1906691" lon="119.6985883">
        <ele>252.86</ele>
        <time>2026-03-16T03:14:21Z</time>
        <speed>1.3671023</speed>
      </trkpt>
      <trkpt lat="29.1907798" lon="119.698625">
        <ele>253.61</ele>
        <time>2026-03-16T03:14:29Z</time>
        <speed>1.8164548</speed>
      </trkpt>
      <trkpt lat="29.1908541" lon="119.6987017">
        <ele>254.12</ele>
        <time>2026-03-16T03:14:37Z</time>
        <speed>1.5765941</speed>
      </trkpt>
      <trkpt lat="29.1909276" lon="119.6987906">
        <ele>254.46</ele>
        <time>2026-03-16T03:14:45Z</time>
        <speed>1.4041622</speed>
      </trkpt>
      <trkpt lat="29.1909419" lon="119.698898">
        <ele>254.69</ele>
        <time>2026-03-16T03:14:53Z</time>
        <speed>1.2209212</speed>
      </trkpt>
      <trkpt lat="29.1909314" lon="119.6990316">
        <ele>254.01</ele>
        <time>2026-03-16T03:15:01Z</time>
        <speed>1.515857</speed>
      </trkpt>
      <trkpt lat="29.1909319" lon="119.699149">
        <ele>252.93</ele>
        <time>2026-03-16T03:15:07Z</time>
        <speed>1.7073336</speed>
      </trkpt>
      <trkpt lat="29.1910072" lon="119.6992267">
        <ele>251.84</ele>
        <time>2026-03-16T03:15:17Z</time>
        <speed>1.2698197</speed>
      </trkpt>
      <trkpt lat="29.191106" lon="119.6992757">
        <ele>249.41</ele>
        <time>2026-03-16T03:15:25Z</time>
        <speed>1.306365</speed>
      </trkpt>
      <trkpt lat="29.1911849" lon="119.6993462">
        <ele>247.77</ele>
        <time>2026-03-16T03:15:33Z</time>
        <speed>1.4798263</speed>
      </trkpt>
      <trkpt lat="29.1912057" lon="119.699446">
        <ele>246.24</ele>
        <time>2026-03-16T03:15:41Z</time>
        <speed>1.3109975</speed>
      </trkpt>
      <trkpt lat="29.191196" lon="119.6995566">
        <ele>246.18</ele>
        <time>2026-03-16T03:15:49Z</time>
        <speed>1.3665875</speed>
      </trkpt>
      <trkpt lat="29.1911717" lon="119.6996747">
        <ele>247.05</ele>
        <time>2026-03-16T03:15:59Z</time>
        <speed>0.8909842</speed>
      </trkpt>
      <trkpt lat="29.1911579" lon="119.699803">
        <ele>248.4</ele>
        <time>2026-03-16T03:16:07Z</time>
        <speed>1.2991589</speed>
      </trkpt>
      <trkpt lat="29.1911654" lon="119.6999175">
        <ele>249.99</ele>
        <time>2026-03-16T03:16:17Z</time>
        <speed>1.0155469</speed>
      </trkpt>
      <trkpt lat="29.1912077" lon="119.7000145">
        <ele>251.03</ele>
        <time>2026-03-16T03:16:25Z</time>
        <speed>1.0603278</speed>
      </trkpt>
      <trkpt lat="29.191287" lon="119.7000828">
        <ele>252.01</ele>
        <time>2026-03-16T03:16:33Z</time>
        <speed>1.3485723</speed>
      </trkpt>
      <trkpt lat="29.1913612" lon="119.7001629">
        <ele>253.47</ele>
        <time>2026-03-16T03:16:43Z</time>
        <speed>1.4201186</speed>
      </trkpt>
      <trkpt lat="29.1914" lon="119.700195">
        <ele>253.91</ele>
        <time>2026-03-16T03:17:47Z</time>
        <speed>0.0</speed>
      </trkpt>
      <trkpt lat="29.1914683" lon="119.70028">
        <ele>253.69</ele>
        <time>2026-03-16T03:18:09Z</time>
        <speed>1.161728</speed>
      </trkpt>
      <trkpt lat="29.1915381" lon="119.7003791">
        <ele>254.25</ele>
        <time>2026-03-16T03:18:21Z</time>
        <speed>0.77208334</speed>
      </trkpt>
      <trkpt lat="29.1916029" lon="119.700464">
        <ele>254.62</ele>
        <time>2026-03-16T03:18:29Z</time>
        <speed>1.3233508</speed>
      </trkpt>
      <trkpt lat="29.1916562" lon="119.7005495">
        <ele>255.13</ele>
        <time>2026-03-16T03:18:39Z</time>
        <speed>0.87399834</speed>
      </trkpt>
      <trkpt lat="29.1917442" lon="119.7005779">
        <ele>256.19</ele>
        <time>2026-03-16T03:19:03Z</time>
        <speed>0.85546833</speed>
      </trkpt>
      <trkpt lat="29.1918407" lon="119.7005744">
        <ele>256.97</ele>
        <time>2026-03-16T03:19:13Z</time>
        <speed>0.9259853</speed>
      </trkpt>
      <trkpt lat="29.1919338" lon="119.700536">
        <ele>258.62</ele>
        <time>2026-03-16T03:19:23Z</time>
        <speed>1.3789408</speed>
      </trkpt>
      <trkpt lat="29.1920017" lon="119.7004533">
        <ele>258.52</ele>
        <time>2026-03-16T03:19:31Z</time>
        <speed>1.0701075</speed>
      </trkpt>
      <trkpt lat="29.1920751" lon="119.7003846">
        <ele>259.03</ele>
        <time>2026-03-16T03:19:41Z</time>
        <speed>0.9476036</speed>
      </trkpt>
      <trkpt lat="29.1921791" lon="119.7003441">
        <ele>260.48</ele>
        <time>2026-03-16T03:19:51Z</time>
        <speed>1.0685633</speed>
      </trkpt>
      <trkpt lat="29.1922809" lon="119.7003443">
        <ele>261.91</ele>
        <time>2026-03-16T03:20:01Z</time>
        <speed>1.4571786</speed>
      </trkpt>
      <trkpt lat="29.1923903" lon="119.7003499">
        <ele>263.28</ele>
        <time>2026-03-16T03:20:11Z</time>
        <speed>1.1256975</speed>
      </trkpt>
      <trkpt lat="29.1924855" lon="119.7004149">
        <ele>263.29</ele>
        <time>2026-03-16T03:20:21Z</time>
        <speed>1.0639309</speed>
      </trkpt>
      <trkpt lat="29.192561" lon="119.7004963">
        <ele>263.59</ele>
        <time>2026-03-16T03:20:29Z</time>
        <speed>1.2729081</speed>
      </trkpt>
      <trkpt lat="29.1926347" lon="119.7005695">
        <ele>264.2</ele>
        <time>2026-03-16T03:20:39Z</time>
        <speed>0.90899944</speed>
      </trkpt>
      <trkpt lat="29.1927217" lon="119.7005833">
        <ele>264.37</ele>
        <time>2026-03-16T03:22:17Z</time>
        <speed>0.5121486</speed>
      </trkpt>
      <trkpt lat="29.19281" lon="119.70056">
        <ele>266.96</ele>
        <time>2026-03-16T03:22:51Z</time>
        <speed>0.9012786</speed>
      </trkpt>
      <trkpt lat="29.1929054" lon="119.7005592">
        <ele>268.27</ele>
        <time>2026-03-16T03:23:17Z</time>
        <speed>0.51884</speed>
      </trkpt>
      <trkpt lat="29.192993" lon="119.7005251">
        <ele>268.63</ele>
        <time>2026-03-16T03:23:31Z</time>
        <speed>0.87451303</speed>
      </trkpt>
      <trkpt lat="29.1930657" lon="119.7004544">
        <ele>268.74</ele>
        <time>2026-03-16T03:23:43Z</time>
        <speed>0.8292175</speed>
      </trkpt>
      <trkpt lat="29.1931219" lon="119.700365">
        <ele>269.03</ele>
        <time>2026-03-16T03:23:57Z</time>
        <speed>0.6135489</speed>
      </trkpt>
      <trkpt lat="29.1931529" lon="119.7002573">
        <ele>269.23</ele>
        <time>2026-03-16T03:24:11Z</time>
        <speed>0.8734836</speed>
      </trkpt>
      <trkpt lat="29.1932099" lon="119.7001768">
        <ele>269.43</ele>
        <time>2026-03-16T03:24:23Z</time>
        <speed>0.7736275</speed>
      </trkpt>
      <trkpt lat="29.1932573" lon="119.7000859">
        <ele>271.01</ele>
        <time>2026-03-16T03:24:41Z</time>
        <speed>0.6784039</speed>
      </trkpt>
      <trkpt lat="29.1932507" lon="119.699976">
        <ele>272.08</ele>
        <time>2026-03-16T03:25:21Z</time>
        <speed>1.3974708</speed>
      </trkpt>
      <trkpt lat="29.1932561" lon="119.6998596">
        <ele>272.05</ele>
        <time>2026-03-16T03:25:37Z</time>
        <speed>0.86061555</speed>
      </trkpt>
      <trkpt lat="29.1932754" lon="119.6997545">
        <ele>271.08</ele>
        <time>2026-03-16T03:25:55Z</time>
        <speed>0.46325</speed>
      </trkpt>
      <trkpt lat="29.1933467" lon="119.6998267">
        <ele>270.14</ele>
        <time>2026-03-16T03:30:05Z</time>
        <speed>0.85083586</speed>
      </trkpt>
      <trkpt lat="29.1934417" lon="119.6998567">
        <ele>269.61</ele>
        <time>2026-03-16T03:30:35Z</time>
        <speed>0.7509797</speed>
      </trkpt>
      <trkpt lat="29.1935324" lon="119.699881">
        <ele>269.3</ele>
        <time>2026-03-16T03:30:45Z</time>
        <speed>1.1123147</speed>
      </trkpt>
      <trkpt lat="29.1936276" lon="119.6998787">
        <ele>269.82</ele>
        <time>2026-03-16T03:30:57Z</time>
        <speed>0.8683364</speed>
      </trkpt>
      <trkpt lat="29.1937241" lon="119.6998566">
        <ele>270.2</ele>
        <time>2026-03-16T03:31:07Z</time>
        <speed>0.84826225</speed>
      </trkpt>
      <trkpt lat="29.1938211" lon="119.6998434">
        <ele>270.37</ele>
        <time>2026-03-16T03:31:23Z</time>
        <speed>0.59501886</speed>
      </trkpt>
      <trkpt lat="29.1939055" lon="119.6999015">
        <ele>270.6</ele>
        <time>2026-03-16T03:32:13Z</time>
        <speed>0.79884887</speed>
      </trkpt>
      <trkpt lat="29.1939577" lon="119.6999925">
        <ele>272.1</ele>
        <time>2026-03-16T03:32:23Z</time>
        <speed>0.9337061</speed>
      </trkpt>
      <trkpt lat="29.1940175" lon="119.7000757">
        <ele>273.01</ele>
        <time>2026-03-16T03:32:33Z</time>
        <speed>0.96253055</speed>
      </trkpt>
      <trkpt lat="29.1940935" lon="119.7001435">
        <ele>273.61</ele>
        <time>2026-03-16T03:32:47Z</time>
        <speed>0.74017054</speed>
      </trkpt>
      <trkpt lat="29.1941273" lon="119.7002454">
        <ele>273.04</ele>
        <time>2026-03-16T03:33:19Z</time>
        <speed>0.92547053</speed>
      </trkpt>
      <trkpt lat="29.1941489" lon="119.7003499">
        <ele>272.34</ele>
        <time>2026-03-16T03:33:39Z</time>
        <speed>0.0</speed>
      </trkpt>
      <trkpt lat="29.1941781" lon="119.7004647">
        <ele>271.03</ele>
        <time>2026-03-16T03:33:57Z</time>
        <speed>0.73553807</speed>
      </trkpt>
      <trkpt lat="29.194193" lon="119.7005758">
        <ele>270.5</ele>
        <time>2026-03-16T03:34:07Z</time>
        <speed>0.7633331</speed>
      </trkpt>
      <trkpt lat="29.1942296" lon="119.7006895">
        <ele>270.07</ele>
        <time>2026-03-16T03:34:17Z</time>
        <speed>0.95275086</speed>
      </trkpt>
      <trkpt lat="29.1943051" lon="119.7007573">
        <ele>269.39</ele>
        <time>2026-03-16T03:34:29Z</time>
        <speed>0.6197256</speed>
      </trkpt>
      <trkpt lat="29.1943805" lon="119.7008219">
        <ele>269.96</ele>
        <time>2026-03-16T03:34:41Z</time>
        <speed>0.6717125</speed>
      </trkpt>
      <trkpt lat="29.1944446" lon="119.7008988">
        <ele>270.75</ele>
        <time>2026-03-16T03:34:51Z</time>
        <speed>0.57803303</speed>
      </trkpt>
      <trkpt lat="29.1945057" lon="119.7009916">
        <ele>272.28</ele>
        <time>2026-03-16T03:35:01Z</time>
        <speed>0.670683</speed>
      </trkpt>
      <trkpt lat="29.1945482" lon="119.7010966">
        <ele>272.76</ele>
        <time>2026-03-16T03:35:13Z</time>
        <speed>0.79781944</speed>
      </trkpt>
      <trkpt lat="29.1945878" lon="119.7012065">
        <ele>272.99</ele>
        <time>2026-03-16T03:35:23Z</time>
        <speed>0.9517214</speed>
      </trkpt>
      <trkpt lat="29.1946274" lon="119.701317">
        <ele>273.3</ele>
        <time>2026-03-16T03:35:33Z</time>
        <speed>0.80039304</speed>
      </trkpt>
      <trkpt lat="29.1946865" lon="119.7014132">
        <ele>274.33</ele>
        <time>2026-03-16T03:35:43Z</time>
        <speed>1.0088556</speed>
      </trkpt>
      <trkpt lat="29.194708" lon="119.7014497">
        <ele>274.45</ele>
        <time>2026-03-16T03:35:55Z</time>
        <speed>0.0</speed>
      </trkpt>
      <trkpt lat="29.1947438" lon="119.7015264">
        <ele>273.52</ele>
        <time>2026-03-16T03:36:55Z</time>
        <speed>0.6907572</speed>
      </trkpt>
      <trkpt lat="29.1947876" lon="119.7016213">
        <ele>272.61</ele>
        <time>2026-03-16T03:37:07Z</time>
        <speed>0.75458276</speed>
      </trkpt>
      <trkpt lat="29.1948482" lon="119.7017025">
        <ele>271.75</ele>
        <time>2026-03-16T03:37:15Z</time>
        <speed>0.94914776</speed>
      </trkpt>
      <trkpt lat="29.1949082" lon="119.7017925">
        <ele>270.87</ele>
        <time>2026-03-16T03:37:27Z</time>
        <speed>0.5126633</speed>
      </trkpt>
      <trkpt lat="29.1949582" lon="119.7018871">
        <ele>268.26</ele>
        <time>2026-03-16T03:37:37Z</time>
        <speed>0.98157525</speed>
      </trkpt>
      <trkpt lat="29.1950076" lon="119.7019918">
        <ele>264.36</ele>
        <time>2026-03-16T03:37:49Z</time>
        <speed>0.99084026</speed>
      </trkpt>
      <trkpt lat="29.1950747" lon="119.7020772">
        <ele>260.59</ele>
        <time>2026-03-16T03:38:01Z</time>
        <speed>0.9898108</speed>
      </trkpt>
      <trkpt lat="29.1951508" lon="119.7021384">
        <ele>257.24</ele>
        <time>2026-03-16T03:38:13Z</time>
        <speed>1.0315033</speed>
      </trkpt>
      <trkpt lat="29.1952332" lon="119.7021851">
        <ele>254.34</ele>
        <time>2026-03-16T03:38:23Z</time>
        <speed>0.92341167</speed>
      </trkpt>
      <trkpt lat="29.1953331" lon="119.7022145">
        <ele>252.13</ele>
        <time>2026-03-16T03:38:35Z</time>
        <speed>0.80451083</speed>
      </trkpt>
      <trkpt lat="29.1954273" lon="119.7022429">
        <ele>250.05</ele>
        <time>2026-03-16T03:38:47Z</time>
        <speed>1.0294445</speed>
      </trkpt>
      <trkpt lat="29.1954455" lon="119.7023254">
        <ele>248.18</ele>
        <time>2026-03-16T03:39:03Z</time>
        <speed>0.5790625</speed>
      </trkpt>
      <trkpt lat="29.1954654" lon="119.7024287">
        <ele>246.73</ele>
        <time>2026-03-16T03:39:21Z</time>
        <speed>0.7792894</speed>
      </trkpt>
      <trkpt lat="29.1955224" lon="119.7025021">
        <ele>244.22</ele>
        <time>2026-03-16T03:39:35Z</time>
        <speed>1.1040791</speed>
      </trkpt>
      <trkpt lat="29.1956001" lon="119.7025559">
        <ele>240.99</ele>
        <time>2026-03-16T03:39:47Z</time>
        <speed>1.3104827</speed>
      </trkpt>
      <trkpt lat="29.195683" lon="119.7025266">
        <ele>238.41</ele>
        <time>2026-03-16T03:40:05Z</time>
        <speed>0.75149447</speed>
      </trkpt>
      <trkpt lat="29.1957749" lon="119.7025156">
        <ele>235.74</ele>
        <time>2026-03-16T03:40:43Z</time>
        <speed>0.6995075</speed>
      </trkpt>
      <trkpt lat="29.1958691" lon="119.7025593">
        <ele>232.41</ele>
        <time>2026-03-16T03:40:59Z</time>
        <speed>0.76950973</speed>
      </trkpt>
      <trkpt lat="29.1959628" lon="119.7025657">
        <ele>229.52</ele>
        <time>2026-03-16T03:41:11Z</time>
        <speed>0.7849514</speed>
      </trkpt>
      <trkpt lat="29.196047" lon="119.7026192">
        <ele>226.29</ele>
        <time>2026-03-16T03:41:23Z</time>
        <speed>0.67016834</speed>
      </trkpt>
      <trkpt lat="29.1961349" lon="119.7026206">
        <ele>223.45</ele>
        <time>2026-03-16T03:41:37Z</time>
        <speed>0.7993636</speed>
      </trkpt>
      <trkpt lat="29.1962294" lon="119.7026197">
        <ele>221.41</ele>
        <time>2026-03-16T03:41:49Z</time>
        <speed>0.7417147</speed>
      </trkpt>
      <trkpt lat="29.1963213" lon="119.702626">
        <ele>219.34</ele>
        <time>2026-03-16T03:42:01Z</time>
        <speed>0.7164933</speed>
      </trkpt>
      <trkpt lat="29.1964207" lon="119.7026297">
        <ele>216.79</ele>
        <time>2026-03-16T03:42:17Z</time>
        <speed>0.92547053</speed>
      </trkpt>
      <trkpt lat="29.196519" lon="119.7026176">
        <ele>213.69</ele>
        <time>2026-03-16T03:42:33Z</time>
        <speed>0.99701697</speed>
      </trkpt>
      <trkpt lat="29.1966114" lon="119.7026238">
        <ele>211.68</ele>
        <time>2026-03-16T03:42:45Z</time>
        <speed>0.6907572</speed>
      </trkpt>
      <trkpt lat="29.1967078" lon="119.7026426">
        <ele>209.79</ele>
        <time>2026-03-16T03:42:57Z</time>
        <speed>0.68458056</speed>
      </trkpt>
      <trkpt lat="29.1967883" lon="119.7027094">
        <ele>208.63</ele>
        <time>2026-03-16T03:43:09Z</time>
        <speed>0.7890692</speed>
      </trkpt>
      <trkpt lat="29.1968454" lon="119.7027978">
        <ele>207.11</ele>
        <time>2026-03-16T03:43:21Z</time>
        <speed>0.7684803</speed>
      </trkpt>
      <trkpt lat="29.1969035" lon="119.702896">
        <ele>205.86</ele>
        <time>2026-03-16T03:43:35Z</time>
        <speed>0.9151761</speed>
      </trkpt>
      <trkpt lat="29.1969512" lon="119.7030036">
        <ele>204.59</ele>
        <time>2026-03-16T03:43:57Z</time>
        <speed>0.69436026</speed>
      </trkpt>
      <trkpt lat="29.197006" lon="119.7031002">
        <ele>202.18</ele>
        <time>2026-03-16T03:44:11Z</time>
        <speed>0.7406853</speed>
      </trkpt>
      <trkpt lat="29.1970418" lon="119.7031999">
        <ele>200.08</ele>
        <time>2026-03-16T03:44:23Z</time>
        <speed>0.7849514</speed>
      </trkpt>
      <trkpt lat="29.1971109" lon="119.7032766">
        <ele>197.94</ele>
        <time>2026-03-16T03:44:59Z</time>
        <speed>0.54766446</speed>
      </trkpt>
      <trkpt lat="29.1971808" lon="119.7033485">
        <ele>194.7</ele>
        <time>2026-03-16T03:45:19Z</time>
        <speed>0.0</speed>
      </trkpt>
      <trkpt lat="29.1972197" lon="119.7034409">
        <ele>192.38</ele>
        <time>2026-03-16T03:45:57Z</time>
        <speed>0.0</speed>
      </trkpt>
      <trkpt lat="29.1972403" lon="119.7035455">
        <ele>192.0</ele>
        <time>2026-03-16T03:46:15Z</time>
        <speed>0.55178225</speed>
      </trkpt>
      <trkpt lat="29.1972931" lon="119.7036375">
        <ele>192.69</ele>
        <time>2026-03-16T03:46:23Z</time>
        <speed>1.3017325</speed>
      </trkpt>
      <trkpt lat="29.1973394" lon="119.703729">
        <ele>192.61</ele>
        <time>2026-03-16T03:46:33Z</time>
        <speed>0.9110583</speed>
      </trkpt>
      <trkpt lat="29.1973298" lon="119.7038479">
        <ele>191.1</ele>
        <time>2026-03-16T03:46:45Z</time>
        <speed>0.9352503</speed>
      </trkpt>
      <trkpt lat="29.1973311" lon="119.7039695">
        <ele>190.84</ele>
        <time>2026-03-16T03:46:53Z</time>
        <speed>1.2245241</speed>
      </trkpt>
      <trkpt lat="29.1973317" lon="119.7040317">
        <ele>191.25</ele>
        <time>2026-03-16T03:47:09Z</time>
        <speed>0.0</speed>
      </trkpt>
      <trkpt lat="29.1972969" lon="119.7041289">
        <ele>190.33</ele>
        <time>2026-03-16T03:47:25Z</time>
        <speed>0.8652481</speed>
      </trkpt>
      <trkpt lat="29.1972697" lon="119.704233">
        <ele>190.1</ele>
        <time>2026-03-16T03:47:35Z</time>
        <speed>1.0484892</speed>
      </trkpt>
      <trkpt lat="29.1972199" lon="119.7043315">
        <ele>191.05</ele>
        <time>2026-03-16T03:47:45Z</time>
        <speed>1.1498895</speed>
      </trkpt>
      <trkpt lat="29.1971928" lon="119.7043648">
        <ele>193.05</ele>
        <time>2026-03-16T03:47:57Z</time>
        <speed>0.0</speed>
      </trkpt>
      <trkpt lat="29.1971906" lon="119.7044545">
        <ele>193.97</ele>
        <time>2026-03-16T03:48:15Z</time>
        <speed>1.3681316</speed>
      </trkpt>
      <trkpt lat="29.1971808" lon="119.7045093">
        <ele>194.37</ele>
        <time>2026-03-16T03:48:27Z</time>
        <speed>0.0</speed>
      </trkpt>
      <trkpt lat="29.1972469" lon="119.7045128">
        <ele>193.82</ele>
        <time>2026-03-16T03:49:25Z</time>
        <speed>0.48178</speed>
      </trkpt>
      <trkpt lat="29.1973077" lon="119.7045751">
        <ele>194.67</ele>
        <time>2026-03-16T03:49:37Z</time>
        <speed>0.8302469</speed>
      </trkpt>
      <trkpt lat="29.197366" lon="119.7046611">
        <ele>195.85</ele>
        <time>2026-03-16T03:49:47Z</time>
        <speed>0.9481183</speed>
      </trkpt>
      <trkpt lat="29.1973837" lon="119.7047719">
        <ele>194.58</ele>
        <time>2026-03-16T03:50:05Z</time>
        <speed>0.34229028</speed>
      </trkpt>
      <trkpt lat="29.1973381" lon="119.7048798">
        <ele>191.62</ele>
        <time>2026-03-16T03:50:23Z</time>
        <speed>1.0222384</speed>
      </trkpt>
      <trkpt lat="29.1972699" lon="119.7049729">
        <ele>188.34</ele>
        <time>2026-03-16T03:50:37Z</time>
        <speed>1.0155469</speed>
      </trkpt>
      <trkpt lat="29.1972115" lon="119.7050808">
        <ele>186.9</ele>
        <time>2026-03-16T03:50:49Z</time>
        <speed>1.4329866</speed>
      </trkpt>
      <trkpt lat="29.1971753" lon="119.7051905">
        <ele>186.04</ele>
        <time>2026-03-16T03:50:57Z</time>
        <speed>1.0088556</speed>
      </trkpt>
      <trkpt lat="29.1971524" lon="119.7053002">
        <ele>185.68</ele>
        <time>2026-03-16T03:51:05Z</time>
        <speed>1.0448861</speed>
      </trkpt>
      <trkpt lat="29.1971212" lon="119.7054144">
        <ele>185.73</ele>
        <time>2026-03-16T03:51:15Z</time>
        <speed>1.0052525</speed>
      </trkpt>
      <trkpt lat="29.1970886" lon="119.7055312">
        <ele>187.7</ele>
        <time>2026-03-16T03:51:27Z</time>
        <speed>1.0170912</speed>
      </trkpt>
      <trkpt lat="29.1970879" lon="119.705556">
        <ele>188.52</ele>
        <time>2026-03-16T03:51:39Z</time>
        <speed>0.0</speed>
      </trkpt>
      <trkpt lat="29.1971665" lon="119.7055568">
        <ele>186.49</ele>
        <time>2026-03-16T03:51:57Z</time>
        <speed>0.99238443</speed>
      </trkpt>
      <trkpt lat="29.1972687" lon="119.7055625">
        <ele>182.97</ele>
        <time>2026-03-16T03:52:05Z</time>
        <speed>1.0531217</speed>
      </trkpt>
      <trkpt lat="29.1973804" lon="119.7055889">
        <ele>181.13</ele>
        <time>2026-03-16T03:52:15Z</time>
        <speed>0.98106056</speed>
      </trkpt>
      <trkpt lat="29.1974715" lon="119.705646">
        <ele>180.6</ele>
        <time>2026-03-16T03:52:25Z</time>
        <speed>1.0186353</speed>
      </trkpt>
      <trkpt lat="29.1975562" lon="119.7057052">
        <ele>181.37</ele>
        <time>2026-03-16T03:52:35Z</time>
        <speed>0.9568686</speed>
      </trkpt>
      <trkpt lat="29.1976131" lon="119.7057986">
        <ele>182.5</ele>
        <time>2026-03-16T03:52:47Z</time>
        <speed>0.86318916</speed>
      </trkpt>
      <trkpt lat="29.1975975" lon="119.7059059">
        <ele>183.19</ele>
        <time>2026-03-16T03:52:59Z</time>
        <speed>0.83899724</speed>
      </trkpt>
      <trkpt lat="29.1975358" lon="119.7060159">
        <ele>182.85</ele>
        <time>2026-03-16T03:53:07Z</time>
        <speed>1.3454839</speed>
      </trkpt>
      <trkpt lat="29.1974394" lon="119.7060546">
        <ele>181.93</ele>
        <time>2026-03-16T03:53:31Z</time>
        <speed>1.2548928</speed>
      </trkpt>
      <trkpt lat="29.1973506" lon="119.7061199">
        <ele>180.28</ele>
        <time>2026-03-16T03:54:05Z</time>
        <speed>0.5697975</speed>
      </trkpt>
      <trkpt lat="29.1973506" lon="119.7061199">
        <ele>180.28</ele>
        <time>2026-03-16T03:54:06Z</time>
        <speed>0.5697975</speed>
      </trkpt>
      <extensions>
        <PauseTimes>1773633246000:pause</PauseTimes>
      </extensions>
    </trkseg>
  </trk>
  <trk>
    <trkseg>
      <trkpt lat="29.1972733" lon="119.70622">
        <ele>178.57</ele>
        <time>2026-03-16T04:01:04Z</time>
        <speed>0.74892086</speed>
      </trkpt>
      <trkpt lat="29.1972733" lon="119.70622">
        <ele>178.57</ele>
        <time>2026-03-16T04:01:20Z</time>
        <speed>0.74892086</speed>
      </trkpt>
      <trkpt lat="29.1972833" lon="119.7063233">
        <ele>177.25</ele>
        <time>2026-03-16T04:01:30Z</time>
        <speed>0.8935578</speed>
      </trkpt>
      <trkpt lat="29.197195" lon="119.7063433">
        <ele>176.97</ele>
        <time>2026-03-16T04:03:04Z</time>
        <speed>0.27177334</speed>
      </trkpt>
      <trkpt lat="29.1972367" lon="119.7064367">
        <ele>178.32</ele>
        <time>2026-03-16T04:03:52Z</time>
        <speed>0.41846916</speed>
      </trkpt>
      <trkpt lat="29.1972276" lon="119.7065427">
        <ele>179.26</ele>
        <time>2026-03-16T04:04:04Z</time>
        <speed>0.64597636</speed>
      </trkpt>
      <trkpt lat="29.1971825" lon="119.7066471">
        <ele>179.4</ele>
        <time>2026-03-16T04:04:18Z</time>
        <speed>0.90642583</speed>
      </trkpt>
      <trkpt lat="29.1971421" lon="119.7067548">
        <ele>178.28</ele>
        <time>2026-03-16T04:04:28Z</time>
        <speed>1.0454009</speed>
      </trkpt>
      <trkpt lat="29.1971853" lon="119.7068349">
        <ele>176.66</ele>
        <time>2026-03-16T04:04:46Z</time>
        <speed>1.1277564</speed>
      </trkpt>
      <trkpt lat="29.1971429" lon="119.7068857">
        <ele>176.24</ele>
        <time>2026-03-16T04:05:00Z</time>
        <speed>0.8132611</speed>
      </trkpt>
      <trkpt lat="29.197089" lon="119.7069773">
        <ele>176.57</ele>
        <time>2026-03-16T04:05:12Z</time>
        <speed>1.013488</speed>
      </trkpt>
      <trkpt lat="29.19704" lon="119.7070748">
        <ele>176.63</ele>
        <time>2026-03-16T04:05:20Z</time>
        <speed>1.4767381</speed>
      </trkpt>
      <trkpt lat="29.1969922" lon="119.7071785">
        <ele>176.7</ele>
        <time>2026-03-16T04:05:30Z</time>
        <speed>1.2528338</speed>
      </trkpt>
      <trkpt lat="29.1969132" lon="119.7072323">
        <ele>176.61</ele>
        <time>2026-03-16T04:05:38Z</time>
        <speed>1.3671023</speed>
      </trkpt>
      <trkpt lat="29.1968131" lon="119.7072645">
        <ele>176.05</ele>
        <time>2026-03-16T04:05:48Z</time>
        <speed>1.5230631</speed>
      </trkpt>
      <trkpt lat="29.1967272" lon="119.707325">
        <ele>175.9</ele>
        <time>2026-03-16T04:05:56Z</time>
        <speed>1.3974708</speed>
      </trkpt>
      <trkpt lat="29.1966688" lon="119.7074133">
        <ele>176.29</ele>
        <time>2026-03-16T04:06:06Z</time>
        <speed>1.0773137</speed>
      </trkpt>
      <trkpt lat="29.1966433" lon="119.707445">
        <ele>176.03</ele>
        <time>2026-03-16T04:06:20Z</time>
        <speed>0.0</speed>
      </trkpt>
      <trkpt lat="29.1966247" lon="119.7075409">
        <ele>175.33</ele>
        <time>2026-03-16T04:06:34Z</time>
        <speed>0.94605947</speed>
      </trkpt>
      <trkpt lat="29.1966112" lon="119.7076536">
        <ele>174.84</ele>
        <time>2026-03-16T04:06:42Z</time>
        <speed>1.1900377</speed>
      </trkpt>
      <trkpt lat="29.1965916" lon="119.7077075">
        <ele>174.52</ele>
        <time>2026-03-16T04:07:00Z</time>
        <speed>0.0</speed>
      </trkpt>
      <trkpt lat="29.1965598" lon="119.7077967">
        <ele>175.12</ele>
        <time>2026-03-16T04:07:44Z</time>
        <speed>0.88944</speed>
      </trkpt>
      <trkpt lat="29.1965032" lon="119.7078782">
        <ele>175.75</ele>
        <time>2026-03-16T04:07:54Z</time>
        <speed>1.16739</speed>
      </trkpt>
      <trkpt lat="29.1964143" lon="119.7079336">
        <ele>175.56</ele>
        <time>2026-03-16T04:08:02Z</time>
        <speed>1.53799</speed>
      </trkpt>
      <trkpt lat="29.196354" lon="119.7080357">
        <ele>174.85</ele>
        <time>2026-03-16T04:08:14Z</time>
        <speed>0.9620158</speed>
      </trkpt>
      <trkpt lat="29.196422" lon="119.708075">
        <ele>174.22</ele>
        <time>2026-03-16T04:08:26Z</time>
        <speed>0.84877694</speed>
      </trkpt>
      <trkpt lat="29.1965267" lon="119.708067">
        <ele>174.6</ele>
        <time>2026-03-16T04:08:34Z</time>
        <speed>1.115403</speed>
      </trkpt>
      <trkpt lat="29.1966415" lon="119.7080466">
        <ele>175.8</ele>
        <time>2026-03-16T04:08:46Z</time>
        <speed>0.8158347</speed>
      </trkpt>
      <trkpt lat="29.1967178" lon="119.7081033">
        <ele>176.49</ele>
        <time>2026-03-16T04:08:56Z</time>
        <speed>1.1843759</speed>
      </trkpt>
      <trkpt lat="29.1967188" lon="119.7081208">
        <ele>177.1</ele>
        <time>2026-03-16T04:09:10Z</time>
        <speed>0.0</speed>
      </trkpt>
      <trkpt lat="29.1967214" lon="119.7082113">
        <ele>177.83</ele>
        <time>2026-03-16T04:09:24Z</time>
        <speed>0.8868664</speed>
      </trkpt>
      <trkpt lat="29.1967888" lon="119.7082591">
        <ele>177.9</ele>
        <time>2026-03-16T04:09:42Z</time>
        <speed>0.98517835</speed>
      </trkpt>
      <trkpt lat="29.1968332" lon="119.7083653">
        <ele>179.41</ele>
        <time>2026-03-16T04:10:06Z</time>
        <speed>1.1339331</speed>
      </trkpt>
      <trkpt lat="29.1968481" lon="119.7084757">
        <ele>182.85</ele>
        <time>2026-03-16T04:10:26Z</time>
        <speed>0.7020811</speed>
      </trkpt>
      <trkpt lat="29.1968308" lon="119.7085959">
        <ele>185.54</ele>
        <time>2026-03-16T04:10:42Z</time>
        <speed>0.6624475</speed>
      </trkpt>
      <trkpt lat="29.1968197" lon="119.7087192">
        <ele>187.97</ele>
        <time>2026-03-16T04:10:52Z</time>
        <speed>1.0129733</speed>
      </trkpt>
      <trkpt lat="29.196841" lon="119.7088395">
        <ele>188.76</ele>
        <time>2026-03-16T04:11:02Z</time>
        <speed>1.3223214</speed>
      </trkpt>
      <trkpt lat="29.1968789" lon="119.7089416">
        <ele>189.51</ele>
        <time>2026-03-16T04:11:10Z</time>
        <speed>1.3357042</speed>
      </trkpt>
      <trkpt lat="29.1969443" lon="119.7090466">
        <ele>190.75</ele>
        <time>2026-03-16T04:11:18Z</time>
        <speed>1.6419638</speed>
      </trkpt>
      <trkpt lat="29.1969918" lon="119.7091435">
        <ele>191.68</ele>
        <time>2026-03-16T04:11:26Z</time>
        <speed>1.3351895</speed>
      </trkpt>
      <trkpt lat="29.1970367" lon="119.7092453">
        <ele>193.11</ele>
        <time>2026-03-16T04:11:34Z</time>
        <speed>1.195185</speed>
      </trkpt>
      <trkpt lat="29.1970353" lon="119.7093594">
        <ele>194.01</ele>
        <time>2026-03-16T04:11:42Z</time>
        <speed>1.4628406</speed>
      </trkpt>
      <trkpt lat="29.1970095" lon="119.7094693">
        <ele>195.38</ele>
        <time>2026-03-16T04:11:50Z</time>
        <speed>1.3614403</speed>
      </trkpt>
      <trkpt lat="29.1969899" lon="119.7095808">
        <ele>196.03</ele>
        <time>2026-03-16T04:11:58Z</time>
        <speed>1.2909234</speed>
      </trkpt>
      <trkpt lat="29.1969364" lon="119.7096752">
        <ele>196.45</ele>
        <time>2026-03-16T04:12:06Z</time>
        <speed>1.3912941</speed>
      </trkpt>
      <trkpt lat="29.1968703" lon="119.709767">
        <ele>197.12</ele>
        <time>2026-03-16T04:12:14Z</time>
        <speed>1.4571786</speed>
      </trkpt>
      <trkpt lat="29.1967758" lon="119.7098273">
        <ele>197.45</ele>
        <time>2026-03-16T04:12:30Z</time>
        <speed>0.60171026</speed>
      </trkpt>
      <trkpt lat="29.1967054" lon="119.7099144">
        <ele>198.33</ele>
        <time>2026-03-16T04:12:40Z</time>
        <speed>1.09327</speed>
      </trkpt>
      <trkpt lat="29.1966827" lon="119.7100232">
        <ele>199.39</ele>
        <time>2026-03-16T04:12:50Z</time>
        <speed>1.1045939</speed>
      </trkpt>
      <trkpt lat="29.1967064" lon="119.7101259">
        <ele>200.43</ele>
        <time>2026-03-16T04:13:00Z</time>
        <speed>0.9702514</speed>
      </trkpt>
      <trkpt lat="29.1967369" lon="119.7102337">
        <ele>201.32</ele>
        <time>2026-03-16T04:13:10Z</time>
        <speed>1.2497456</speed>
      </trkpt>
      <trkpt lat="29.1967409" lon="119.7102891">
        <ele>202.56</ele>
        <time>2026-03-16T04:13:30Z</time>
        <speed>0.0</speed>
      </trkpt>
      <trkpt lat="29.1966483" lon="119.710335">
        <ele>204.99</ele>
        <time>2026-03-16T04:15:00Z</time>
        <speed>0.3500111</speed>
      </trkpt>
      <trkpt lat="29.19668" lon="119.7104483">
        <ele>205.25</ele>
        <time>2026-03-16T04:15:10Z</time>
        <speed>1.1282711</speed>
      </trkpt>
      <trkpt lat="29.1967032" lon="119.7105504">
        <ele>204.93</ele>
        <time>2026-03-16T04:15:18Z</time>
        <speed>1.701157</speed>
      </trkpt>
      <trkpt lat="29.1967442" lon="119.7106414">
        <ele>204.14</ele>
        <time>2026-03-16T04:15:28Z</time>
        <speed>1.3187183</speed>
      </trkpt>
      <trkpt lat="29.1967945" lon="119.7107265">
        <ele>204.21</ele>
        <time>2026-03-16T04:15:38Z</time>
        <speed>1.1694489</speed>
      </trkpt>
      <trkpt lat="29.1968189" lon="119.7108311">
        <ele>205.28</ele>
        <time>2026-03-16T04:15:54Z</time>
        <speed>0.51317805</speed>
      </trkpt>
      <trkpt lat="29.1968919" lon="119.7108635">
        <ele>205.89</ele>
        <time>2026-03-16T04:16:16Z</time>
        <speed>0.95583916</speed>
      </trkpt>
      <trkpt lat="29.1969748" lon="119.7109039">
        <ele>206.37</ele>
        <time>2026-03-16T04:16:24Z</time>
        <speed>1.2832025</speed>
      </trkpt>
      <trkpt lat="29.1969748" lon="119.7109039">
        <ele>206.37</ele>
        <time>2026-03-16T04:16:28Z</time>
        <speed>1.2832025</speed>
      </trkpt>
      <extensions>
        <PauseTimes>1773634588000:pause</PauseTimes>
      </extensions>
    </trkseg>
  </trk>
  <trk>
    <trkseg>
      <trkpt lat="29.1969898" lon="119.7108662">
        <ele>207.11</ele>
        <time>2026-03-16T04:17:00Z</time>
        <speed>0.9084847</speed>
      </trkpt>
      <trkpt lat="29.1969898" lon="119.7108662">
        <ele>207.11</ele>
        <time>2026-03-16T04:17:14Z</time>
        <speed>0.9084847</speed>
      </trkpt>
      <trkpt lat="29.1970747" lon="119.7108844">
        <ele>209.04</ele>
        <time>2026-03-16T04:17:28Z</time>
        <speed>0.7180375</speed>
      </trkpt>
      <trkpt lat="29.1971644" lon="119.7109342">
        <ele>208.21</ele>
        <time>2026-03-16T04:17:38Z</time>
        <speed>0.8081139</speed>
      </trkpt>
      <trkpt lat="29.1972255" lon="119.7110336">
        <ele>207.73</ele>
        <time>2026-03-16T04:18:22Z</time>
        <speed>0.94245636</speed>
      </trkpt>
      <trkpt lat="29.1972005" lon="119.7111378">
        <ele>208.58</ele>
        <time>2026-03-16T04:18:40Z</time>
        <speed>0.66090333</speed>
      </trkpt>
      <trkpt lat="29.1971159" lon="119.7111699">
        <ele>208.2</ele>
        <time>2026-03-16T04:18:56Z</time>
        <speed>0.6547267</speed>
      </trkpt>
      <trkpt lat="29.1970434" lon="119.7112497">
        <ele>208.54</ele>
        <time>2026-03-16T04:19:16Z</time>
        <speed>1.0876081</speed>
      </trkpt>
      <trkpt lat="29.1970426" lon="119.7113534">
        <ele>210.98</ele>
        <time>2026-03-16T04:19:26Z</time>
        <speed>1.1483452</speed>
      </trkpt>
      <trkpt lat="29.1970943" lon="119.7114559">
        <ele>211.25</ele>
        <time>2026-03-16T04:19:38Z</time>
        <speed>0.9681925</speed>
      </trkpt>
      <trkpt lat="29.1971625" lon="119.711556">
        <ele>212.52</ele>
        <time>2026-03-16T04:19:50Z</time>
        <speed>1.0608425</speed>
      </trkpt>
      <trkpt lat="29.1972614" lon="119.7116268">
        <ele>214.66</ele>
        <time>2026-03-16T04:20:08Z</time>
        <speed>1.0196648</speed>
      </trkpt>
      <trkpt lat="29.1973495" lon="119.7116577">
        <ele>216.96</ele>
        <time>2026-03-16T04:20:24Z</time>
        <speed>0.0</speed>
      </trkpt>
      <trkpt lat="29.197315" lon="119.7117105">
        <ele>220.46</ele>
        <time>2026-03-16T04:20:46Z</time>
        <speed>0.88635164</speed>
      </trkpt>
      <trkpt lat="29.1972197" lon="119.7117354">
        <ele>224.65</ele>
        <time>2026-03-16T04:20:56Z</time>
        <speed>1.028415</speed>
      </trkpt>
      <trkpt lat="29.1971431" lon="119.7117279">
        <ele>226.48</ele>
        <time>2026-03-16T04:21:16Z</time>
        <speed>0.0</speed>
      </trkpt>
      <trkpt lat="29.19706" lon="119.7116715">
        <ele>224.42</ele>
        <time>2026-03-16T04:21:40Z</time>
        <speed>0.6279611</speed>
      </trkpt>
      <trkpt lat="29.1969682" lon="119.7116838">
        <ele>224.24</ele>
        <time>2026-03-16T04:21:58Z</time>
        <speed>0.4750886</speed>
      </trkpt>
      <trkpt lat="29.1969475" lon="119.7117728">
        <ele>225.17</ele>
        <time>2026-03-16T04:22:10Z</time>
        <speed>0.87914556</speed>
      </trkpt>
      <trkpt lat="29.196899" lon="119.7118684">
        <ele>225.66</ele>
        <time>2026-03-16T04:22:40Z</time>
        <speed>0.9059111</speed>
      </trkpt>
      <trkpt lat="29.196899" lon="119.7118684">
        <ele>225.66</ele>
        <time>2026-03-16T04:22:45Z</time>
        <speed>0.9059111</speed>
      </trkpt>
      <extensions>
        <PauseTimes>1773634965000:pause</PauseTimes>
      </extensions>
    </trkseg>
  </trk>
  <trk>
    <trkseg>
      <trkpt lat="29.1968059" lon="119.711921">
        <ele>224.64</ele>
        <time>2026-03-16T04:24:04Z</time>
        <speed>1.7119662</speed>
      </trkpt>
      <trkpt lat="29.1968059" lon="119.711921">
        <ele>224.64</ele>
        <time>2026-03-16T04:24:18Z</time>
        <speed>1.7119662</speed>
      </trkpt>
      <trkpt lat="29.1967204" lon="119.7119659">
        <ele>224.02</ele>
        <time>2026-03-16T04:24:26Z</time>
        <speed>1.7155691</speed>
      </trkpt>
      <trkpt lat="29.1966409" lon="119.712042">
        <ele>224.06</ele>
        <time>2026-03-16T04:24:32Z</time>
        <speed>1.411883</speed>
      </trkpt>
      <trkpt lat="29.196588" lon="119.7121511">
        <ele>224.16</ele>
        <time>2026-03-16T04:24:42Z</time>
        <speed>1.1601839</speed>
      </trkpt>
      <trkpt lat="29.1965612" lon="119.7122712">
        <ele>223.96</ele>
        <time>2026-03-16T04:24:50Z</time>
        <speed>1.4607817</speed>
      </trkpt>
      <trkpt lat="29.1965376" lon="119.7123892">
        <ele>223.38</ele>
        <time>2026-03-16T04:24:58Z</time>
        <speed>1.4515166</speed>
      </trkpt>
      <trkpt lat="29.1964811" lon="119.7124775">
        <ele>222.31</ele>
        <time>2026-03-16T04:25:06Z</time>
        <speed>1.3933531</speed>
      </trkpt>
      <trkpt lat="29.1963905" lon="119.7125412">
        <ele>221.62</ele>
        <time>2026-03-16T04:25:16Z</time>
        <speed>1.124668</speed>
      </trkpt>
      <trkpt lat="29.1962873" lon="119.7125807">
        <ele>221.05</ele>
        <time>2026-03-16T04:25:24Z</time>
        <speed>1.4844589</speed>
      </trkpt>
      <trkpt lat="29.196181" lon="119.7125931">
        <ele>220.04</ele>
        <time>2026-03-16T04:25:32Z</time>
        <speed>1.4232069</speed>
      </trkpt>
      <trkpt lat="29.1960829" lon="119.7125853">
        <ele>218.86</ele>
        <time>2026-03-16T04:25:40Z</time>
        <speed>1.3722495</speed>
      </trkpt>
      <trkpt lat="29.1959767" lon="119.712558">
        <ele>217.85</ele>
        <time>2026-03-16T04:25:48Z</time>
        <speed>1.4648994</speed>
      </trkpt>
      <trkpt lat="29.195869" lon="119.7125247">
        <ele>217.95</ele>
        <time>2026-03-16T04:25:56Z</time>
        <speed>1.6249781</speed>
      </trkpt>
      <trkpt lat="29.1957737" lon="119.712503">
        <ele>219.18</ele>
        <time>2026-03-16T04:26:04Z</time>
        <speed>1.3228362</speed>
      </trkpt>
      <trkpt lat="29.1956772" lon="119.7124959">
        <ele>220.31</ele>
        <time>2026-03-16T04:26:12Z</time>
        <speed>1.3614403</speed>
      </trkpt>
      <trkpt lat="29.1955772" lon="119.7124943">
        <ele>220.6</ele>
        <time>2026-03-16T04:26:22Z</time>
        <speed>1.2085677</speed>
      </trkpt>
      <trkpt lat="29.1954808" lon="119.7125204">
        <ele>219.83</ele>
        <time>2026-03-16T04:26:30Z</time>
        <speed>1.4015886</speed>
      </trkpt>
      <trkpt lat="29.1953745" lon="119.7125359">
        <ele>218.65</ele>
        <time>2026-03-16T04:26:40Z</time>
        <speed>1.263643</speed>
      </trkpt>
      <trkpt lat="29.1952807" lon="119.7125143">
        <ele>217.94</ele>
        <time>2026-03-16T04:26:48Z</time>
        <speed>1.26004</speed>
      </trkpt>
      <trkpt lat="29.1951982" lon="119.71246">
        <ele>217.54</ele>
        <time>2026-03-16T04:26:56Z</time>
        <speed>1.306365</speed>
      </trkpt>
      <trkpt lat="29.1951144" lon="119.7123993">
        <ele>216.92</ele>
        <time>2026-03-16T04:27:04Z</time>
        <speed>1.2054795</speed>
      </trkpt>
      <trkpt lat="29.1950468" lon="119.7123077">
        <ele>217.17</ele>
        <time>2026-03-16T04:27:12Z</time>
        <speed>1.3274686</speed>
      </trkpt>
      <trkpt lat="29.1949909" lon="119.7122054">
        <ele>217.83</ele>
        <time>2026-03-16T04:27:20Z</time>
        <speed>1.2126856</speed>
      </trkpt>
      <trkpt lat="29.1949158" lon="119.7121244">
        <ele>218.93</ele>
        <time>2026-03-16T04:27:28Z</time>
        <speed>1.4401928</speed>
      </trkpt>
      <trkpt lat="29.1948199" lon="119.7121182">
        <ele>220.08</ele>
        <time>2026-03-16T04:27:40Z</time>
        <speed>1.1107706</speed>
      </trkpt>
      <trkpt lat="29.1947368" lon="119.7121844">
        <ele>220.0</ele>
        <time>2026-03-16T04:27:50Z</time>
        <speed>1.3948972</speed>
      </trkpt>
      <trkpt lat="29.1946998" lon="119.7123092">
        <ele>220.09</ele>
        <time>2026-03-16T04:28:00Z</time>
        <speed>1.31563</speed>
      </trkpt>
      <trkpt lat="29.1946784" lon="119.7124366">
        <ele>220.14</ele>
        <time>2026-03-16T04:28:10Z</time>
        <speed>1.3182036</speed>
      </trkpt>
      <trkpt lat="29.1946239" lon="119.7125399">
        <ele>220.34</ele>
        <time>2026-03-16T04:28:20Z</time>
        <speed>1.1256975</speed>
      </trkpt>
      <trkpt lat="29.1945351" lon="119.7125818">
        <ele>221.14</ele>
        <time>2026-03-16T04:28:28Z</time>
        <speed>1.3238655</speed>
      </trkpt>
      <trkpt lat="29.1944444" lon="119.7126308">
        <ele>221.85</ele>
        <time>2026-03-16T04:28:38Z</time>
        <speed>1.1565808</speed>
      </trkpt>
      <trkpt lat="29.194334" lon="119.7126291">
        <ele>222.78</ele>
        <time>2026-03-16T04:28:48Z</time>
        <speed>1.2023911</speed>
      </trkpt>
      <trkpt lat="29.1942477" lon="119.7125687">
        <ele>223.6</ele>
        <time>2026-03-16T04:28:56Z</time>
        <speed>1.3876911</speed>
      </trkpt>
      <trkpt lat="29.1941769" lon="119.7124754">
        <ele>223.9</ele>
        <time>2026-03-16T04:29:06Z</time>
        <speed>1.2497456</speed>
      </trkpt>
      <trkpt lat="29.1941366" lon="119.71235">
        <ele>222.53</ele>
        <time>2026-03-16T04:29:16Z</time>
        <speed>1.2718786</speed>
      </trkpt>
      <trkpt lat="29.1940962" lon="119.7122436">
        <ele>220.62</ele>
        <time>2026-03-16T04:29:24Z</time>
        <speed>1.2327597</speed>
      </trkpt>
      <trkpt lat="29.1940924" lon="119.7121283">
        <ele>218.25</ele>
        <time>2026-03-16T04:29:36Z</time>
        <speed>1.0083408</speed>
      </trkpt>
      <trkpt lat="29.1940896" lon="119.7120021">
        <ele>214.44</ele>
        <time>2026-03-16T04:29:44Z</time>
        <speed>1.2327597</speed>
      </trkpt>
      <trkpt lat="29.1940494" lon="119.7119019">
        <ele>211.58</ele>
        <time>2026-03-16T04:29:52Z</time>
        <speed>1.3202626</speed>
      </trkpt>
      <trkpt lat="29.1939653" lon="119.711816">
        <ele>209.05</ele>
        <time>2026-03-16T04:30:02Z</time>
        <speed>1.384088</speed>
      </trkpt>
      <trkpt lat="29.1938815" lon="119.7117259">
        <ele>209.8</ele>
        <time>2026-03-16T04:30:10Z</time>
        <speed>1.5503433</speed>
      </trkpt>
      <trkpt lat="29.1938609" lon="119.7116079">
        <ele>211.09</ele>
        <time>2026-03-16T04:30:18Z</time>
        <speed>1.6677</speed>
      </trkpt>
      <trkpt lat="29.1938351" lon="119.7114781">
        <ele>212.34</ele>
        <time>2026-03-16T04:30:26Z</time>
        <speed>1.6388756</speed>
      </trkpt>
      <trkpt lat="29.1937834" lon="119.7113766">
        <ele>214.95</ele>
        <time>2026-03-16T04:30:34Z</time>
        <speed>1.9317524</speed>
      </trkpt>
      <trkpt lat="29.1936911" lon="119.7113569">
        <ele>218.67</ele>
        <time>2026-03-16T04:30:44Z</time>
        <speed>1.26004</speed>
      </trkpt>
      <trkpt lat="29.1935936" lon="119.7113863">
        <ele>222.38</ele>
        <time>2026-03-16T04:30:52Z</time>
        <speed>1.2795994</speed>
      </trkpt>
      <trkpt lat="29.1935294" lon="119.7114199">
        <ele>223.12</ele>
        <time>2026-03-16T04:31:06Z</time>
        <speed>0.0</speed>
      </trkpt>
      <trkpt lat="29.1935042" lon="119.7115262">
        <ele>222.17</ele>
        <time>2026-03-16T04:31:58Z</time>
        <speed>1.9003544</speed>
      </trkpt>
      <trkpt lat="29.1934709" lon="119.7116434">
        <ele>221.71</ele>
        <time>2026-03-16T04:32:12Z</time>
        <speed>0.86473334</speed>
      </trkpt>
      <trkpt lat="29.1934409" lon="119.7117603">
        <ele>220.41</ele>
        <time>2026-03-16T04:32:22Z</time>
        <speed>1.065475</speed>
      </trkpt>
      <trkpt lat="29.1934248" lon="119.7118723">
        <ele>219.2</ele>
        <time>2026-03-16T04:32:30Z</time>
        <speed>1.0273856</speed>
      </trkpt>
      <trkpt lat="29.1933857" lon="119.7119831">
        <ele>218.94</ele>
        <time>2026-03-16T04:32:42Z</time>
        <speed>0.84465915</speed>
      </trkpt>
      <trkpt lat="29.1933533" lon="119.7120952">
        <ele>220.3</ele>
        <time>2026-03-16T04:32:52Z</time>
        <speed>0.94657415</speed>
      </trkpt>
      <trkpt lat="29.1933139" lon="119.7121987">
        <ele>222.54</ele>
        <time>2026-03-16T04:33:02Z</time>
        <speed>1.0726811</speed>
      </trkpt>
      <trkpt lat="29.1932545" lon="119.7122839">
        <ele>224.03</ele>
        <time>2026-03-16T04:33:16Z</time>
        <speed>0.6598739</speed>
      </trkpt>
      <trkpt lat="29.1931881" lon="119.7123576">
        <ele>227.07</ele>
        <time>2026-03-16T04:33:30Z</time>
        <speed>0.7247289</speed>
      </trkpt>
      <trkpt lat="29.1931193" lon="119.7124296">
        <ele>230.83</ele>
        <time>2026-03-16T04:34:16Z</time>
        <speed>0.92547053</speed>
      </trkpt>
      <trkpt lat="29.1930305" lon="119.7124834">
        <ele>235.24</ele>
        <time>2026-03-16T04:34:46Z</time>
        <speed>0.0</speed>
      </trkpt>
      <trkpt lat="29.1930305" lon="119.7124834">
        <ele>235.24</ele>
        <time>2026-03-16T04:36:31Z</time>
        <speed>0.0</speed>
      </trkpt>
      <extensions>
        <PauseTimes>1773635791000:pause</PauseTimes>
      </extensions>
    </trkseg>
  </trk>
  <trk>
    <trkseg>
      <trkpt lat="29.1929467" lon="119.712705">
        <ele>238.45</ele>
        <time>2026-03-16T04:37:20Z</time>
        <speed>0.19199139</speed>
      </trkpt>
      <trkpt lat="29.1929467" lon="119.712705">
        <ele>238.45</ele>
        <time>2026-03-16T04:37:58Z</time>
        <speed>0.19199139</speed>
      </trkpt>
      <trkpt lat="29.1928986" lon="119.7126485">
        <ele>235.98</ele>
        <time>2026-03-16T04:38:26Z</time>
        <speed>0.0</speed>
      </trkpt>
      <trkpt lat="29.1928168" lon="119.712642">
        <ele>233.58</ele>
        <time>2026-03-16T04:39:18Z</time>
        <speed>0.3850122</speed>
      </trkpt>
      <trkpt lat="29.1928499" lon="119.7125864">
        <ele>232.9</ele>
        <time>2026-03-16T04:40:02Z</time>
        <speed>0.5610472</speed>
      </trkpt>
      <trkpt lat="29.1929583" lon="119.712505">
        <ele>233.11</ele>
        <time>2026-03-16T04:41:12Z</time>
        <speed>0.0</speed>
      </trkpt>
      <trkpt lat="29.1930533" lon="119.712495">
        <ele>230.87</ele>
        <time>2026-03-16T04:41:32Z</time>
        <speed>0.6104606</speed>
      </trkpt>
      <trkpt lat="29.1931103" lon="119.7124173">
        <ele>228.65</ele>
        <time>2026-03-16T04:42:08Z</time>
        <speed>0.7350233</speed>
      </trkpt>
      <trkpt lat="29.1931836" lon="119.7123598">
        <ele>227.68</ele>
        <time>2026-03-16T04:42:38Z</time>
        <speed>0.7823778</speed>
      </trkpt>
      <trkpt lat="29.1932405" lon="119.7122706">
        <ele>229.24</ele>
        <time>2026-03-16T04:42:52Z</time>
        <speed>0.8225261</speed>
      </trkpt>
      <trkpt lat="29.1932929" lon="119.7121754">
        <ele>229.09</ele>
        <time>2026-03-16T04:43:12Z</time>
        <speed>0.602225</speed>
      </trkpt>
      <trkpt lat="29.1933381" lon="119.7120722">
        <ele>225.31</ele>
        <time>2026-03-16T04:43:24Z</time>
        <speed>1.0078261</speed>
      </trkpt>
      <trkpt lat="29.1933715" lon="119.7119614">
        <ele>221.35</ele>
        <time>2026-03-16T04:43:36Z</time>
        <speed>0.8601008</speed>
      </trkpt>
      <trkpt lat="29.1934063" lon="119.7118614">
        <ele>218.19</ele>
        <time>2026-03-16T04:43:50Z</time>
        <speed>0.8240703</speed>
      </trkpt>
      <trkpt lat="29.1934389" lon="119.7117503">
        <ele>215.14</ele>
        <time>2026-03-16T04:44:02Z</time>
        <speed>1.0999614</speed>
      </trkpt>
      <trkpt lat="29.1934964" lon="119.7116537">
        <ele>212.11</ele>
        <time>2026-03-16T04:44:12Z</time>
        <speed>1.0577542</speed>
      </trkpt>
      <trkpt lat="29.1935294" lon="119.7115419">
        <ele>209.74</ele>
        <time>2026-03-16T04:44:22Z</time>
        <speed>1.0742253</speed>
      </trkpt>
      <trkpt lat="29.193506" lon="119.7114276">
        <ele>208.6</ele>
        <time>2026-03-16T04:44:54Z</time>
        <speed>1.139595</speed>
      </trkpt>
      <trkpt lat="29.1934402" lon="119.7113169">
        <ele>211.66</ele>
        <time>2026-03-16T04:45:06Z</time>
        <speed>1.089667</speed>
      </trkpt>
      <trkpt lat="29.1933623" lon="119.7112279">
        <ele>212.71</ele>
        <time>2026-03-16T04:45:16Z</time>
        <speed>1.2394512</speed>
      </trkpt>
      <trkpt lat="29.1933594" lon="119.7112045">
        <ele>212.96</ele>
        <time>2026-03-16T04:45:26Z</time>
        <speed>0.0</speed>
      </trkpt>
      <trkpt lat="29.1933267" lon="119.7111383">
        <ele>212.29</ele>
        <time>2026-03-16T04:47:14Z</time>
        <speed>0.6645064</speed>
      </trkpt>
      <trkpt lat="29.19329" lon="119.71103">
        <ele>210.23</ele>
        <time>2026-03-16T04:47:24Z</time>
        <speed>1.0695928</speed>
      </trkpt>
      <trkpt lat="29.1932435" lon="119.7109372">
        <ele>210.17</ele>
        <time>2026-03-16T04:47:36Z</time>
        <speed>0.95738333</speed>
      </trkpt>
      <trkpt lat="29.1931849" lon="119.7108484">
        <ele>210.87</ele>
        <time>2026-03-16T04:47:48Z</time>
        <speed>1.0119439</speed>
      </trkpt>
      <trkpt lat="29.1931212" lon="119.7107722">
        <ele>211.06</ele>
        <time>2026-03-16T04:47:58Z</time>
        <speed>1.1004761</speed>
      </trkpt>
      <trkpt lat="29.193055" lon="119.7106815">
        <ele>210.3</ele>
        <time>2026-03-16T04:48:08Z</time>
        <speed>1.2502602</speed>
      </trkpt>
      <trkpt lat="29.1930086" lon="119.7105695">
        <ele>208.8</ele>
        <time>2026-03-16T04:48:18Z</time>
        <speed>1.2440836</speed>
      </trkpt>
      <trkpt lat="29.1929674" lon="119.7104625">
        <ele>206.35</ele>
        <time>2026-03-16T04:48:28Z</time>
        <speed>1.1843759</speed>
      </trkpt>
      <trkpt lat="29.1929424" lon="119.7103524">
        <ele>203.27</ele>
        <time>2026-03-16T04:48:38Z</time>
        <speed>1.4885767</speed>
      </trkpt>
      <trkpt lat="29.1929326" lon="119.7102365">
        <ele>200.75</ele>
        <time>2026-03-16T04:48:52Z</time>
        <speed>0.95841277</speed>
      </trkpt>
      <trkpt lat="29.1929183" lon="119.7101252">
        <ele>199.69</ele>
        <time>2026-03-16T04:49:04Z</time>
        <speed>1.013488</speed>
      </trkpt>
      <trkpt lat="29.1929297" lon="119.7100073">
        <ele>199.52</ele>
        <time>2026-03-16T04:49:16Z</time>
        <speed>0.9403975</speed>
      </trkpt>
      <trkpt lat="29.1929224" lon="119.7098983">
        <ele>200.12</ele>
        <time>2026-03-16T04:49:28Z</time>
        <speed>1.0093703</speed>
      </trkpt>
      <trkpt lat="29.1928928" lon="119.7097979">
        <ele>200.54</ele>
        <time>2026-03-16T04:49:38Z</time>
        <speed>1.198788</speed>
      </trkpt>
      <trkpt lat="29.1928827" lon="119.7096966">
        <ele>200.26</ele>
        <time>2026-03-16T04:49:46Z</time>
        <speed>1.1112853</speed>
      </trkpt>
      <trkpt lat="29.192876" lon="119.7095781">
        <ele>199.42</ele>
        <time>2026-03-16T04:49:56Z</time>
        <speed>1.2029058</speed>
      </trkpt>
      <trkpt lat="29.1928676" lon="119.7094593">
        <ele>198.03</ele>
        <time>2026-03-16T04:50:06Z</time>
        <speed>1.0757694</speed>
      </trkpt>
      <trkpt lat="29.1928933" lon="119.7093537">
        <ele>196.77</ele>
        <time>2026-03-16T04:50:14Z</time>
        <speed>1.1468011</speed>
      </trkpt>
      <trkpt lat="29.1929176" lon="119.7092396">
        <ele>195.92</ele>
        <time>2026-03-16T04:50:24Z</time>
        <speed>1.1519483</speed>
      </trkpt>
      <trkpt lat="29.1928931" lon="119.7091344">
        <ele>195.96</ele>
        <time>2026-03-16T04:50:36Z</time>
        <speed>0.8786308</speed>
      </trkpt>
      <trkpt lat="29.1928498" lon="119.7090339">
        <ele>196.45</ele>
        <time>2026-03-16T04:50:48Z</time>
        <speed>0.9887814</speed>
      </trkpt>
      <trkpt lat="29.1928369" lon="119.7089297">
        <ele>196.94</ele>
        <time>2026-03-16T04:51:08Z</time>
        <speed>0.7741422</speed>
      </trkpt>
      <trkpt lat="29.1928699" lon="119.7088263">
        <ele>197.05</ele>
        <time>2026-03-16T04:51:22Z</time>
        <speed>1.0690781</speed>
      </trkpt>
      <trkpt lat="29.1929203" lon="119.7087218">
        <ele>196.69</ele>
        <time>2026-03-16T04:51:32Z</time>
        <speed>1.3104827</speed>
      </trkpt>
      <trkpt lat="29.1929255" lon="119.7086119">
        <ele>196.26</ele>
        <time>2026-03-16T04:51:42Z</time>
        <speed>0.9594422</speed>
      </trkpt>
      <trkpt lat="29.192898" lon="119.7085062">
        <ele>196.58</ele>
        <time>2026-03-16T04:51:50Z</time>
        <speed>1.2924675</speed>
      </trkpt>
      <trkpt lat="29.1928121" lon="119.7084513">
        <ele>197.23</ele>
        <time>2026-03-16T04:52:00Z</time>
        <speed>1.2610694</speed>
      </trkpt>
      <trkpt lat="29.1927136" lon="119.7084336">
        <ele>197.22</ele>
        <time>2026-03-16T04:52:10Z</time>
        <speed>1.0788578</speed>
      </trkpt>
      <trkpt lat="29.1926237" lon="119.7083955">
        <ele>196.35</ele>
        <time>2026-03-16T04:52:20Z</time>
        <speed>0.9959875</speed>
      </trkpt>
      <trkpt lat="29.1925237" lon="119.7083951">
        <ele>196.97</ele>
        <time>2026-03-16T04:52:32Z</time>
        <speed>0.75973</speed>
      </trkpt>
      <trkpt lat="29.19242" lon="119.7083902">
        <ele>198.75</ele>
        <time>2026-03-16T04:52:40Z</time>
        <speed>1.2296714</speed>
      </trkpt>
      <trkpt lat="29.1923173" lon="119.7083938">
        <ele>199.98</ele>
        <time>2026-03-16T04:52:54Z</time>
        <speed>1.0922406</speed>
      </trkpt>
      <trkpt lat="29.1922121" lon="119.7084081">
        <ele>201.28</ele>
        <time>2026-03-16T04:53:08Z</time>
        <speed>1.0109144</speed>
      </trkpt>
      <trkpt lat="29.1921163" lon="119.7083978">
        <ele>202.4</ele>
        <time>2026-03-16T04:53:18Z</time>
        <speed>0.8678217</speed>
      </trkpt>
      <trkpt lat="29.1920256" lon="119.7083549">
        <ele>202.32</ele>
        <time>2026-03-16T04:53:28Z</time>
        <speed>1.0670192</speed>
      </trkpt>
      <trkpt lat="29.1919414" lon="119.7083045">
        <ele>201.32</ele>
        <time>2026-03-16T04:53:40Z</time>
        <speed>0.9069406</speed>
      </trkpt>
      <trkpt lat="29.1918528" lon="119.7082961">
        <ele>200.24</ele>
        <time>2026-03-16T04:53:50Z</time>
        <speed>1.0366505</speed>
      </trkpt>
      <trkpt lat="29.1917509" lon="119.7083022">
        <ele>199.58</ele>
        <time>2026-03-16T04:54:00Z</time>
        <speed>1.274967</speed>
      </trkpt>
      <trkpt lat="29.1916501" lon="119.708297">
        <ele>198.6</ele>
        <time>2026-03-16T04:54:10Z</time>
        <speed>1.13033</speed>
      </trkpt>
      <trkpt lat="29.1915531" lon="119.7082887">
        <ele>197.31</ele>
        <time>2026-03-16T04:54:18Z</time>
        <speed>1.3907795</speed>
      </trkpt>
      <trkpt lat="29.1914514" lon="119.7082915">
        <ele>195.5</ele>
        <time>2026-03-16T04:54:28Z</time>
        <speed>1.3887205</speed>
      </trkpt>
      <trkpt lat="29.1913618" lon="119.7082859">
        <ele>193.61</ele>
        <time>2026-03-16T04:54:46Z</time>
        <speed>0.0</speed>
      </trkpt>
      <trkpt lat="29.1912605" lon="119.7082942">
        <ele>190.38</ele>
        <time>2026-03-16T04:55:10Z</time>
        <speed>0.60428387</speed>
      </trkpt>
      <trkpt lat="29.1911669" lon="119.7083027">
        <ele>189.05</ele>
        <time>2026-03-16T04:55:18Z</time>
        <speed>1.2651873</speed>
      </trkpt>
      <trkpt lat="29.1910928" lon="119.708233">
        <ele>187.78</ele>
        <time>2026-03-16T04:55:28Z</time>
        <speed>1.2770258</speed>
      </trkpt>
      <trkpt lat="29.1910231" lon="119.7081531">
        <ele>186.71</ele>
        <time>2026-03-16T04:55:36Z</time>
        <speed>1.31563</speed>
      </trkpt>
      <trkpt lat="29.1909337" lon="119.70815">
        <ele>185.81</ele>
        <time>2026-03-16T04:55:46Z</time>
        <speed>1.1560661</speed>
      </trkpt>
      <trkpt lat="29.1908638" lon="119.70808">
        <ele>185.2</ele>
        <time>2026-03-16T04:56:00Z</time>
        <speed>1.245113</speed>
      </trkpt>
      <trkpt lat="29.1907955" lon="119.7080078">
        <ele>183.44</ele>
        <time>2026-03-16T04:56:10Z</time>
        <speed>1.1220944</speed>
      </trkpt>
      <trkpt lat="29.1907432" lon="119.707917">
        <ele>183.46</ele>
        <time>2026-03-16T04:56:22Z</time>
        <speed>0.8817192</speed>
      </trkpt>
      <trkpt lat="29.1906367" lon="119.7078583">
        <ele>183.22</ele>
        <time>2026-03-16T04:57:30Z</time>
        <speed>0.0</speed>
      </trkpt>
      <trkpt lat="29.19066" lon="119.7077567">
        <ele>182.18</ele>
        <time>2026-03-16T04:58:12Z</time>
        <speed>0.42619</speed>
      </trkpt>
      <trkpt lat="29.1907217" lon="119.7078517">
        <ele>182.4</ele>
        <time>2026-03-16T05:04:06Z</time>
        <speed>1.1982733</speed>
      </trkpt>
      <trkpt lat="29.19073" lon="119.7078517">
        <ele>184.47</ele>
        <time>2026-03-16T05:04:16Z</time>
        <speed>0.0</speed>
      </trkpt>
      <trkpt lat="29.190696" lon="119.7077713">
        <ele>185.73</ele>
        <time>2026-03-16T05:04:48Z</time>
        <speed>0.82715863</speed>
      </trkpt>
      <trkpt lat="29.1906365" lon="119.707687">
        <ele>185.16</ele>
        <time>2026-03-16T05:05:02Z</time>
        <speed>0.5075161</speed>
      </trkpt>
      <trkpt lat="29.1906692" lon="119.7077276">
        <ele>182.85</ele>
        <time>2026-03-16T05:05:14Z</time>
        <speed>0.7154639</speed>
      </trkpt>
      <trkpt lat="29.1907013" lon="119.707827">
        <ele>180.51</ele>
        <time>2026-03-16T05:05:26Z</time>
        <speed>0.92752945</speed>
      </trkpt>
      <trkpt lat="29.1907183" lon="119.70797">
        <ele>179.77</ele>
        <time>2026-03-16T05:06:26Z</time>
        <speed>0.6650211</speed>
      </trkpt>
      <trkpt lat="29.1906283" lon="119.7080317">
        <ele>178.71</ele>
        <time>2026-03-16T05:06:42Z</time>
        <speed>0.71700805</speed>
      </trkpt>
      <trkpt lat="29.1905496" lon="119.7080933">
        <ele>175.65</ele>
        <time>2026-03-16T05:07:00Z</time>
        <speed>0.56928277</speed>
      </trkpt>
      <trkpt lat="29.1904729" lon="119.7081614">
        <ele>171.28</ele>
        <time>2026-03-16T05:07:18Z</time>
        <speed>0.6588445</speed>
      </trkpt>
      <trkpt lat="29.1904056" lon="119.7082504">
        <ele>166.86</ele>
        <time>2026-03-16T05:07:32Z</time>
        <speed>1.2929822</speed>
      </trkpt>
      <trkpt lat="29.1903666" lon="119.7083528">
        <ele>162.66</ele>
        <time>2026-03-16T05:07:52Z</time>
        <speed>0.6974486</speed>
      </trkpt>
      <trkpt lat="29.190396" lon="119.7084741">
        <ele>158.03</ele>
        <time>2026-03-16T05:08:00Z</time>
        <speed>1.4803411</speed>
      </trkpt>
      <trkpt lat="29.190396" lon="119.7084741">
        <ele>158.03</ele>
        <time>2026-03-16T05:08:19Z</time>
        <speed>1.4803411</speed>
      </trkpt>
      <extensions>
        <PauseTimes>1773637699000:pause</PauseTimes>
      </extensions>
    </trkseg>
  </trk>
  <trk>
    <trkseg>
      <trkpt lat="29.1903098" lon="119.7086337">
        <ele>154.58</ele>
        <time>2026-03-16T05:08:52Z</time>
        <speed>0.88841057</speed>
      </trkpt>
      <trkpt lat="29.1903098" lon="119.7086337">
        <ele>154.58</ele>
        <time>2026-03-16T05:09:06Z</time>
        <speed>0.88841057</speed>
      </trkpt>
      <trkpt lat="29.1902075" lon="119.7086351">
        <ele>156.48</ele>
        <time>2026-03-16T05:09:14Z</time>
        <speed>1.3130563</speed>
      </trkpt>
      <trkpt lat="29.1901433" lon="119.7087218">
        <ele>157.18</ele>
        <time>2026-03-16T05:09:24Z</time>
        <speed>1.1179767</speed>
      </trkpt>
      <trkpt lat="29.1900622" lon="119.7087783">
        <ele>157.75</ele>
        <time>2026-03-16T05:09:40Z</time>
        <speed>0.85238</speed>
      </trkpt>
      <trkpt lat="29.1899655" lon="119.7087741">
        <ele>159.4</ele>
        <time>2026-03-16T05:09:50Z</time>
        <speed>0.95326555</speed>
      </trkpt>
      <trkpt lat="29.1898588" lon="119.7087331">
        <ele>160.56</ele>
        <time>2026-03-16T05:10:00Z</time>
        <speed>1.1390803</speed>
      </trkpt>
      <trkpt lat="29.1897521" lon="119.7087191">
        <ele>160.58</ele>
        <time>2026-03-16T05:10:10Z</time>
        <speed>1.1504042</speed>
      </trkpt>
      <trkpt lat="29.1896579" lon="119.7087448">
        <ele>159.13</ele>
        <time>2026-03-16T05:10:22Z</time>
        <speed>0.94091225</speed>
      </trkpt>
      <trkpt lat="29.1895676" lon="119.7087604">
        <ele>158.77</ele>
        <time>2026-03-16T05:10:32Z</time>
        <speed>0.917235</speed>
      </trkpt>
      <trkpt lat="29.1894658" lon="119.7087728">
        <ele>159.64</ele>
        <time>2026-03-16T05:10:40Z</time>
        <speed>1.1622428</speed>
      </trkpt>
      <trkpt lat="29.1893658" lon="119.7087899">
        <ele>160.61</ele>
        <time>2026-03-16T05:10:48Z</time>
        <speed>1.2435689</speed>
      </trkpt>
      <trkpt lat="29.189263" lon="119.7087997">
        <ele>161.12</ele>
        <time>2026-03-16T05:10:58Z</time>
        <speed>1.0428272</speed>
      </trkpt>
      <trkpt lat="29.1891618" lon="119.7088155">
        <ele>161.46</ele>
        <time>2026-03-16T05:11:06Z</time>
        <speed>1.1735667</speed>
      </trkpt>
      <trkpt lat="29.1890627" lon="119.7088361">
        <ele>162.08</ele>
        <time>2026-03-16T05:11:14Z</time>
        <speed>1.3146006</speed>
      </trkpt>
      <trkpt lat="29.1889794" lon="119.7088808">
        <ele>162.99</ele>
        <time>2026-03-16T05:11:22Z</time>
        <speed>1.2657019</speed>
      </trkpt>
      <trkpt lat="29.1889169" lon="119.7089828">
        <ele>163.81</ele>
        <time>2026-03-16T05:11:32Z</time>
        <speed>1.1709931</speed>
      </trkpt>
      <trkpt lat="29.1888622" lon="119.7090817">
        <ele>163.81</ele>
        <time>2026-03-16T05:11:46Z</time>
        <speed>0.6995075</speed>
      </trkpt>
      <trkpt lat="29.1887887" lon="119.7090453">
        <ele>164.49</ele>
        <time>2026-03-16T05:11:54Z</time>
        <speed>1.1370214</speed>
      </trkpt>
      <trkpt lat="29.1887184" lon="119.70897">
        <ele>165.7</ele>
        <time>2026-03-16T05:12:02Z</time>
        <speed>1.3094534</speed>
      </trkpt>
      <trkpt lat="29.1886445" lon="119.7088682">
        <ele>165.66</ele>
        <time>2026-03-16T05:12:12Z</time>
        <speed>1.263643</speed>
      </trkpt>
      <trkpt lat="29.1885494" lon="119.7088297">
        <ele>164.04</ele>
        <time>2026-03-16T05:12:20Z</time>
        <speed>1.486003</speed>
      </trkpt>
      <trkpt lat="29.1884867" lon="119.7088965">
        <ele>161.83</ele>
        <time>2026-03-16T05:12:32Z</time>
        <speed>0.7756864</speed>
      </trkpt>
      <trkpt lat="29.1884046" lon="119.7089016">
        <ele>160.31</ele>
        <time>2026-03-16T05:12:46Z</time>
        <speed>0.57082695</speed>
      </trkpt>
      <trkpt lat="29.188323" lon="119.7088503">
        <ele>160.87</ele>
        <time>2026-03-16T05:12:56Z</time>
        <speed>0.90745527</speed>
      </trkpt>
      <trkpt lat="29.1882497" lon="119.7087822">
        <ele>161.27</ele>
        <time>2026-03-16T05:13:04Z</time>
        <speed>1.0505481</speed>
      </trkpt>
      <trkpt lat="29.1881495" lon="119.7087397">
        <ele>161.24</ele>
        <time>2026-03-16T05:13:12Z</time>
        <speed>1.3825439</speed>
      </trkpt>
      <trkpt lat="29.1880529" lon="119.7086917">
        <ele>161.14</ele>
        <time>2026-03-16T05:13:24Z</time>
        <speed>0.76539195</speed>
      </trkpt>
      <trkpt lat="29.1879665" lon="119.7086378">
        <ele>161.29</ele>
        <time>2026-03-16T05:13:34Z</time>
        <speed>1.2240094</speed>
      </trkpt>
      <trkpt lat="29.1878856" lon="119.7085871">
        <ele>160.99</ele>
        <time>2026-03-16T05:13:46Z</time>
        <speed>0.6737714</speed>
      </trkpt>
      <trkpt lat="29.18779" lon="119.7085618">
        <ele>161.21</ele>
        <time>2026-03-16T05:14:04Z</time>
        <speed>0.87966025</speed>
      </trkpt>
      <trkpt lat="29.1876925" lon="119.7085547">
        <ele>161.81</ele>
        <time>2026-03-16T05:14:14Z</time>
        <speed>1.2348186</speed>
      </trkpt>
      <trkpt lat="29.1876097" lon="119.7085014">
        <ele>162.92</ele>
        <time>2026-03-16T05:14:24Z</time>
        <speed>1.22298</speed>
      </trkpt>
      <trkpt lat="29.1875303" lon="119.7084397">
        <ele>163.47</ele>
        <time>2026-03-16T05:14:36Z</time>
        <speed>0.92907363</speed>
      </trkpt>
      <trkpt lat="29.1874315" lon="119.708409">
        <ele>162.84</ele>
        <time>2026-03-16T05:14:46Z</time>
        <speed>0.99753165</speed>
      </trkpt>
      <trkpt lat="29.1873326" lon="119.7083859">
        <ele>160.84</ele>
        <time>2026-03-16T05:14:56Z</time>
        <speed>1.143198</speed>
      </trkpt>
      <trkpt lat="29.1872432" lon="119.7084148">
        <ele>159.88</ele>
        <time>2026-03-16T05:15:04Z</time>
        <speed>1.2296714</speed>
      </trkpt>
      <trkpt lat="29.187139" lon="119.7084328">
        <ele>160.36</ele>
        <time>2026-03-16T05:15:14Z</time>
        <speed>1.1848905</speed>
      </trkpt>
      <trkpt lat="29.1870403" lon="119.7084311">
        <ele>160.94</ele>
        <time>2026-03-16T05:15:22Z</time>
        <speed>1.358352</speed>
      </trkpt>
      <trkpt lat="29.1869493" lon="119.7084535">
        <ele>160.32</ele>
        <time>2026-03-16T05:15:30Z</time>
        <speed>1.4530609</speed>
      </trkpt>
      <trkpt lat="29.1868661" lon="119.7085039">
        <ele>158.72</ele>
        <time>2026-03-16T05:15:40Z</time>
        <speed>1.269305</speed>
      </trkpt>
      <trkpt lat="29.1868093" lon="119.7085385">
        <ele>157.55</ele>
        <time>2026-03-16T05:15:56Z</time>
        <speed>0.0</speed>
      </trkpt>
      <trkpt lat="29.1867501" lon="119.7086027">
        <ele>158.56</ele>
        <time>2026-03-16T05:16:42Z</time>
        <speed>0.7375969</speed>
      </trkpt>
      <trkpt lat="29.186697" lon="119.7086938">
        <ele>158.49</ele>
        <time>2026-03-16T05:16:52Z</time>
        <speed>1.1591544</speed>
      </trkpt>
      <trkpt lat="29.1866729" lon="119.7088042">
        <ele>158.41</ele>
        <time>2026-03-16T05:17:04Z</time>
        <speed>0.87451303</speed>
      </trkpt>
      <trkpt lat="29.1866149" lon="119.708913">
        <ele>160.0</ele>
        <time>2026-03-16T05:17:18Z</time>
        <speed>0.97591335</speed>
      </trkpt>
      <trkpt lat="29.1865411" lon="119.7089012">
        <ele>161.68</ele>
        <time>2026-03-16T05:17:30Z</time>
        <speed>0.7731128</speed>
      </trkpt>
      <trkpt lat="29.1864875" lon="119.7088079">
        <ele>162.55</ele>
        <time>2026-03-16T05:17:40Z</time>
        <speed>1.0608425</speed>
      </trkpt>
      <trkpt lat="29.1864375" lon="119.708692">
        <ele>162.61</ele>
        <time>2026-03-16T05:17:50Z</time>
        <speed>1.1277564</speed>
      </trkpt>
      <trkpt lat="29.1864034" lon="119.7085755">
        <ele>162.39</ele>
        <time>2026-03-16T05:18:00Z</time>
        <speed>1.1843759</speed>
      </trkpt>
      <trkpt lat="29.1863434" lon="119.7084891">
        <ele>161.62</ele>
        <time>2026-03-16T05:18:10Z</time>
        <speed>1.0546658</speed>
      </trkpt>
      <trkpt lat="29.1863042" lon="119.7084454">
        <ele>160.88</ele>
        <time>2026-03-16T05:18:22Z</time>
        <speed>0.0</speed>
      </trkpt>
      <trkpt lat="29.1863042" lon="119.7084454">
        <ele>160.88</ele>
        <time>2026-03-16T05:18:23Z</time>
        <speed>0.0</speed>
      </trkpt>
      <extensions>
        <PauseTimes>1773638303000:pause</PauseTimes>
      </extensions>
    </trkseg>
  </trk>
  <trk>
    <trkseg>
      <trkpt lat="29.1859825" lon="119.7084331">
        <ele>159.77</ele>
        <time>2026-03-16T05:22:00Z</time>
        <speed>0.991355</speed>
      </trkpt>
      <trkpt lat="29.1859825" lon="119.7084331">
        <ele>159.77</ele>
        <time>2026-03-16T05:22:12Z</time>
        <speed>0.991355</speed>
      </trkpt>
      <trkpt lat="29.1859825" lon="119.7084331">
        <ele>159.77</ele>
        <time>2026-03-16T05:22:38Z</time>
        <speed>0.991355</speed>
      </trkpt>
      <extensions>
        <PauseTimes>1773638558000:pause</PauseTimes>
      </extensions>
    </trkseg>
  </trk>
  <trk>
    <trkseg>
      <trkpt lat="29.1858492" lon="119.708494">
        <ele>156.99</ele>
        <time>2026-03-16T05:23:49Z</time>
        <speed>0.7556122</speed>
      </trkpt>
      <trkpt lat="29.1858492" lon="119.708494">
        <ele>156.99</ele>
        <time>2026-03-16T05:23:58Z</time>
        <speed>0.7556122</speed>
      </trkpt>
      <trkpt lat="29.1857739" lon="119.7085548">
        <ele>155.32</ele>
        <time>2026-03-16T05:24:12Z</time>
        <speed>1.0315033</speed>
      </trkpt>
      <trkpt lat="29.1856805" lon="119.7086038">
        <ele>154.71</ele>
        <time>2026-03-16T05:24:26Z</time>
        <speed>0.52656084</speed>
      </trkpt>
      <trkpt lat="29.1855766" lon="119.7086174">
        <ele>154.19</ele>
        <time>2026-03-16T05:24:34Z</time>
        <speed>1.4108536</speed>
      </trkpt>
      <trkpt lat="29.1854727" lon="119.7086401">
        <ele>153.03</ele>
        <time>2026-03-16T05:24:42Z</time>
        <speed>1.671303</speed>
      </trkpt>
      <trkpt lat="29.1853714" lon="119.7086782">
        <ele>149.71</ele>
        <time>2026-03-16T05:24:52Z</time>
        <speed>1.3557783</speed>
      </trkpt>
      <trkpt lat="29.1852756" lon="119.7087108">
        <ele>144.28</ele>
        <time>2026-03-16T05:25:06Z</time>
        <speed>1.228642</speed>
      </trkpt>
      <trkpt lat="29.1851921" lon="119.7087831">
        <ele>140.03</ele>
        <time>2026-03-16T05:25:16Z</time>
        <speed>1.2003322</speed>
      </trkpt>
      <trkpt lat="29.185094" lon="119.7088396">
        <ele>137.87</ele>
        <time>2026-03-16T05:25:24Z</time>
        <speed>1.4880619</speed>
      </trkpt>
      <trkpt lat="29.1850625" lon="119.7088995">
        <ele>136.25</ele>
        <time>2026-03-16T05:25:36Z</time>
        <speed>0.0</speed>
      </trkpt>
      <trkpt lat="29.1850232" lon="119.708979">
        <ele>137.13</ele>
        <time>2026-03-16T05:26:00Z</time>
        <speed>0.5862686</speed>
      </trkpt>
      <trkpt lat="29.1850102" lon="119.7090879">
        <ele>139.44</ele>
        <time>2026-03-16T05:26:56Z</time>
        <speed>0.8462033</speed>
      </trkpt>
      <trkpt lat="29.184979" lon="119.7092">
        <ele>144.63</ele>
        <time>2026-03-16T05:27:14Z</time>
        <speed>1.0042231</speed>
      </trkpt>
      <trkpt lat="29.1849416" lon="119.7093084">
        <ele>147.45</ele>
        <time>2026-03-16T05:27:34Z</time>
        <speed>0.8549536</speed>
      </trkpt>
      <trkpt lat="29.1849204" lon="119.7094192">
        <ele>150.01</ele>
        <time>2026-03-16T05:27:46Z</time>
        <speed>1.1478306</speed>
      </trkpt>
      <trkpt lat="29.1849218" lon="119.70937">
        <ele>150.44</ele>
        <time>2026-03-16T05:27:54Z</time>
        <speed>1.287835</speed>
      </trkpt>
      <trkpt lat="29.1849444" lon="119.7092481">
        <ele>150.51</ele>
        <time>2026-03-16T05:28:04Z</time>
        <speed>1.198788</speed>
      </trkpt>
      <trkpt lat="29.1850069" lon="119.7091108">
        <ele>151.32</ele>
        <time>2026-03-16T05:28:14Z</time>
        <speed>1.5446814</speed>
      </trkpt>
      <trkpt lat="29.1850069" lon="119.7091108">
        <ele>151.32</ele>
        <time>2026-03-16T05:28:26Z</time>
        <speed>1.5446814</speed>
      </trkpt>
      <extensions>
        <PauseTimes>1773638906000:pause</PauseTimes>
      </extensions>
    </trkseg>
  </trk>
  <trk>
    <trkseg>
      <trkpt lat="29.1850867" lon="119.7090717">
        <ele>151.48</ele>
        <time>2026-03-16T05:28:57Z</time>
        <speed>1.1576103</speed>
      </trkpt>
      <trkpt lat="29.1850867" lon="119.7090717">
        <ele>151.48</ele>
        <time>2026-03-16T05:30:25Z</time>
        <speed>1.1576103</speed>
      </trkpt>
      <trkpt lat="29.185095" lon="119.709085">
        <ele>150.59</ele>
        <time>2026-03-16T05:30:45Z</time>
        <speed>0.0</speed>
      </trkpt>
      <trkpt lat="29.1851541" lon="119.7091505">
        <ele>150.64</ele>
        <time>2026-03-16T05:31:35Z</time>
        <speed>0.91569084</speed>
      </trkpt>
      <trkpt lat="29.1852428" lon="119.7091236">
        <ele>153.07</ele>
        <time>2026-03-16T05:31:49Z</time>
        <speed>1.0870934</speed>
      </trkpt>
      <trkpt lat="29.1853297" lon="119.7090719">
        <ele>155.92</ele>
        <time>2026-03-16T05:32:03Z</time>
        <speed>0.96407473</speed>
      </trkpt>
      <trkpt lat="29.1854106" lon="119.7089783">
        <ele>158.88</ele>
        <time>2026-03-16T05:32:53Z</time>
        <speed>0.35309944</speed>
      </trkpt>
      <trkpt lat="29.1854618" lon="119.7090188">
        <ele>160.91</ele>
        <time>2026-03-16T05:33:03Z</time>
        <speed>1.1009909</speed>
      </trkpt>
      <trkpt lat="29.1854865" lon="119.7090849">
        <ele>161.59</ele>
        <time>2026-03-16T05:33:23Z</time>
        <speed>0.0</speed>
      </trkpt>
      <trkpt lat="29.1855569" lon="119.7091102">
        <ele>160.18</ele>
        <time>2026-03-16T05:33:47Z</time>
        <speed>0.4426611</speed>
      </trkpt>
      <trkpt lat="29.1856411" lon="119.7090889">
        <ele>160.14</ele>
        <time>2026-03-16T05:34:01Z</time>
        <speed>0.7113461</speed>
      </trkpt>
      <trkpt lat="29.1857328" lon="119.7090919">
        <ele>162.84</ele>
        <time>2026-03-16T05:34:13Z</time>
        <speed>0.9645894</speed>
      </trkpt>
      <trkpt lat="29.185832" lon="119.7090988">
        <ele>165.87</ele>
        <time>2026-03-16T05:34:31Z</time>
        <speed>0.8945872</speed>
      </trkpt>
      <trkpt lat="29.185914" lon="119.7091485">
        <ele>169.33</ele>
        <time>2026-03-16T05:34:45Z</time>
        <speed>0.6238433</speed>
      </trkpt>
      <trkpt lat="29.1859799" lon="119.7091035">
        <ele>170.22</ele>
        <time>2026-03-16T05:35:05Z</time>
        <speed>0.81892306</speed>
      </trkpt>
      <trkpt lat="29.1860628" lon="119.7090803">
        <ele>172.19</ele>
        <time>2026-03-16T05:35:21Z</time>
        <speed>0.7123756</speed>
      </trkpt>
      <trkpt lat="29.1860517" lon="119.7091453">
        <ele>175.29</ele>
        <time>2026-03-16T05:35:33Z</time>
        <speed>0.6511236</speed>
      </trkpt>
      <trkpt lat="29.1860621" lon="119.7092446">
        <ele>177.79</ele>
        <time>2026-03-16T05:35:47Z</time>
        <speed>0.71958166</speed>
      </trkpt>
      <trkpt lat="29.1860078" lon="119.7093259">
        <ele>180.2</ele>
        <time>2026-03-16T05:36:05Z</time>
        <speed>0.6222992</speed>
      </trkpt>
      <trkpt lat="29.1859913" lon="119.7094338">
        <ele>183.08</ele>
        <time>2026-03-16T05:36:29Z</time>
        <speed>0.5028836</speed>
      </trkpt>
      <trkpt lat="29.1859755" lon="119.7095466">
        <ele>186.49</ele>
        <time>2026-03-16T05:36:45Z</time>
        <speed>0.64082915</speed>
      </trkpt>
      <trkpt lat="29.1859413" lon="119.7096628">
        <ele>190.62</ele>
        <time>2026-03-16T05:37:01Z</time>
        <speed>0.7571564</speed>
      </trkpt>
      <trkpt lat="29.1859118" lon="119.70977">
        <ele>195.22</ele>
        <time>2026-03-16T05:37:17Z</time>
        <speed>0.53634053</speed>
      </trkpt>
      <trkpt lat="29.1859214" lon="119.7098793">
        <ele>198.31</ele>
        <time>2026-03-16T05:37:29Z</time>
        <speed>0.6068575</speed>
      </trkpt>
      <trkpt lat="29.1859267" lon="119.7099869">
        <ele>200.15</ele>
        <time>2026-03-16T05:37:41Z</time>
        <speed>0.7890692</speed>
      </trkpt>
      <trkpt lat="29.1859448" lon="119.7101075">
        <ele>201.68</ele>
        <time>2026-03-16T05:37:53Z</time>
        <speed>0.55075276</speed>
      </trkpt>
      <trkpt lat="29.1859993" lon="119.7101978">
        <ele>203.45</ele>
        <time>2026-03-16T05:38:27Z</time>
        <speed>0.67788917</speed>
      </trkpt>
      <trkpt lat="29.186081" lon="119.7101837">
        <ele>204.46</ele>
        <time>2026-03-16T05:38:55Z</time>
        <speed>0.7257583</speed>
      </trkpt>
      <trkpt lat="29.18614" lon="119.7102467">
        <ele>207.02</ele>
        <time>2026-03-16T05:39:33Z</time>
        <speed>0.27228805</speed>
      </trkpt>
      <trkpt lat="29.1862341" lon="119.7103017">
        <ele>210.06</ele>
        <time>2026-03-16T05:39:51Z</time>
        <speed>0.6866394</speed>
      </trkpt>
      <trkpt lat="29.1862682" lon="119.7103955">
        <ele>213.0</ele>
        <time>2026-03-16T05:40:09Z</time>
        <speed>0.7350233</speed>
      </trkpt>
      <trkpt lat="29.1862745" lon="119.7105085">
        <ele>216.4</ele>
        <time>2026-03-16T05:40:25Z</time>
        <speed>0.69590443</speed>
      </trkpt>
      <trkpt lat="29.186318" lon="119.7106076">
        <ele>221.05</ele>
        <time>2026-03-16T05:40:43Z</time>
        <speed>0.66605055</speed>
      </trkpt>
      <trkpt lat="29.1863388" lon="119.7107132">
        <ele>226.36</ele>
        <time>2026-03-16T05:40:55Z</time>
        <speed>0.88068974</speed>
      </trkpt>
      <trkpt lat="29.1863145" lon="119.7108171">
        <ele>230.64</ele>
        <time>2026-03-16T05:41:05Z</time>
        <speed>1.0675339</speed>
      </trkpt>
      <trkpt lat="29.1863523" lon="119.7108972">
        <ele>233.98</ele>
        <time>2026-03-16T05:41:15Z</time>
        <speed>0.90179336</speed>
      </trkpt>
      <trkpt lat="29.1864194" lon="119.7109622">
        <ele>236.27</ele>
        <time>2026-03-16T05:41:27Z</time>
        <speed>1.0078261</speed>
      </trkpt>
      <trkpt lat="29.186503" lon="119.7110128">
        <ele>237.36</ele>
        <time>2026-03-16T05:41:45Z</time>
        <speed>0.6665653</speed>
      </trkpt>
      <trkpt lat="29.1865749" lon="119.7110859">
        <ele>240.08</ele>
        <time>2026-03-16T05:41:55Z</time>
        <speed>1.3418808</speed>
      </trkpt>
      <trkpt lat="29.186594" lon="119.71112">
        <ele>243.15</ele>
        <time>2026-03-16T05:42:05Z</time>
        <speed>0.0</speed>
      </trkpt>
      <trkpt lat="29.1866358" lon="119.7111907">
        <ele>245.32</ele>
        <time>2026-03-16T05:42:19Z</time>
        <speed>1.009885</speed>
      </trkpt>
      <trkpt lat="29.1866948" lon="119.7112705">
        <ele>247.2</ele>
        <time>2026-03-16T05:42:33Z</time>
        <speed>0.80708444</speed>
      </trkpt>
      <trkpt lat="29.1867426" lon="119.7113639">
        <ele>249.74</ele>
        <time>2026-03-16T05:42:55Z</time>
        <speed>0.5178106</speed>
      </trkpt>
      <trkpt lat="29.1867767" lon="119.711465">
        <ele>253.21</ele>
        <time>2026-03-16T05:43:17Z</time>
        <speed>0.60582805</speed>
      </trkpt>
      <trkpt lat="29.186856" lon="119.7115038">
        <ele>255.4</ele>
        <time>2026-03-16T05:43:31Z</time>
        <speed>0.9192939</speed>
      </trkpt>
      <trkpt lat="29.1868901" lon="119.7115913">
        <ele>258.32</ele>
        <time>2026-03-16T05:43:43Z</time>
        <speed>0.8410561</speed>
      </trkpt>
      <trkpt lat="29.1869507" lon="119.7116669">
        <ele>261.93</ele>
        <time>2026-03-16T05:43:57Z</time>
        <speed>0.66193277</speed>
      </trkpt>
      <trkpt lat="29.1869948" lon="119.711757">
        <ele>264.32</ele>
        <time>2026-03-16T05:44:33Z</time>
        <speed>0.6145783</speed>
      </trkpt>
      <trkpt lat="29.1870673" lon="119.7118111">
        <ele>264.83</ele>
        <time>2026-03-16T05:44:41Z</time>
        <speed>0.88892525</speed>
      </trkpt>
      <trkpt lat="29.1871469" lon="119.71186">
        <ele>264.86</ele>
        <time>2026-03-16T05:44:57Z</time>
        <speed>0.4308225</speed>
      </trkpt>
      <trkpt lat="29.1872053" lon="119.7119412">
        <ele>267.29</ele>
        <time>2026-03-16T05:45:09Z</time>
        <speed>0.824585</speed>
      </trkpt>
      <trkpt lat="29.1872598" lon="119.7120366">
        <ele>269.23</ele>
        <time>2026-03-16T05:45:21Z</time>
        <speed>0.7164933</speed>
      </trkpt>
      <trkpt lat="29.1873311" lon="119.7121021">
        <ele>271.67</ele>
        <time>2026-03-16T05:45:33Z</time>
        <speed>0.6346525</speed>
      </trkpt>
      <trkpt lat="29.1873953" lon="119.7121928">
        <ele>274.31</ele>
        <time>2026-03-16T05:46:05Z</time>
        <speed>0.33456945</speed>
      </trkpt>
      <trkpt lat="29.187485" lon="119.712215">
        <ele>277.79</ele>
        <time>2026-03-16T05:48:37Z</time>
        <speed>0.72112584</speed>
      </trkpt>
      <trkpt lat="29.18756" lon="119.7122867">
        <ele>278.74</ele>
        <time>2026-03-16T05:49:01Z</time>
        <speed>0.5311933</speed>
      </trkpt>
      <trkpt lat="29.1876519" lon="119.7123118">
        <ele>279.88</ele>
        <time>2026-03-16T05:49:19Z</time>
        <speed>0.5903864</speed>
      </trkpt>
      <trkpt lat="29.1877494" lon="119.7123506">
        <ele>281.1</ele>
        <time>2026-03-16T05:49:29Z</time>
        <speed>1.0773137</speed>
      </trkpt>
      <trkpt lat="29.1878475" lon="119.7123294">
        <ele>281.66</ele>
        <time>2026-03-16T05:49:43Z</time>
        <speed>0.6490647</speed>
      </trkpt>
      <trkpt lat="29.1879404" lon="119.7123156">
        <ele>281.59</ele>
        <time>2026-03-16T05:49:59Z</time>
        <speed>0.8086286</speed>
      </trkpt>
      <trkpt lat="29.1880385" lon="119.7123191">
        <ele>281.08</ele>
        <time>2026-03-16T05:50:11Z</time>
        <speed>0.8518653</speed>
      </trkpt>
      <trkpt lat="29.1881185" lon="119.7123828">
        <ele>279.93</ele>
        <time>2026-03-16T05:50:25Z</time>
        <speed>0.94348586</speed>
      </trkpt>
      <trkpt lat="29.1881917" lon="119.7124635">
        <ele>278.84</ele>
        <time>2026-03-16T05:50:33Z</time>
        <speed>1.2574664</speed>
      </trkpt>
      <trkpt lat="29.1882457" lon="119.7125583">
        <ele>277.57</ele>
        <time>2026-03-16T05:50:49Z</time>
        <speed>0.5584736</speed>
      </trkpt>
      <trkpt lat="29.1883273" lon="119.7126028">
        <ele>276.55</ele>
        <time>2026-03-16T05:51:03Z</time>
        <speed>0.8287028</speed>
      </trkpt>
      <trkpt lat="29.1883604" lon="119.7126882">
        <ele>274.72</ele>
        <time>2026-03-16T05:51:25Z</time>
        <speed>0.35721722</speed>
      </trkpt>
      <trkpt lat="29.1884064" lon="119.7127863">
        <ele>274.63</ele>
        <time>2026-03-16T05:51:33Z</time>
        <speed>0.90179336</speed>
      </trkpt>
      <trkpt lat="29.1884806" lon="119.7127887">
        <ele>274.83</ele>
        <time>2026-03-16T05:51:47Z</time>
        <speed>0.63516724</speed>
      </trkpt>
      <trkpt lat="29.1885444" lon="119.7128499">
        <ele>274.17</ele>
        <time>2026-03-16T05:52:09Z</time>
        <speed>0.0</speed>
      </trkpt>
      <trkpt lat="29.1886093" lon="119.7129308">
        <ele>271.69</ele>
        <time>2026-03-16T05:52:25Z</time>
        <speed>0.46119112</speed>
      </trkpt>
      <trkpt lat="29.188687" lon="119.7129892">
        <ele>268.73</ele>
        <time>2026-03-16T05:52:35Z</time>
        <speed>0.9053964</speed>
      </trkpt>
      <trkpt lat="29.1887831" lon="119.7130542">
        <ele>267.9</ele>
        <time>2026-03-16T05:52:53Z</time>
        <speed>0.83745307</speed>
      </trkpt>
      <trkpt lat="29.1888777" lon="119.7130794">
        <ele>267.55</ele>
        <time>2026-03-16T05:53:05Z</time>
        <speed>0.8590714</speed>
      </trkpt>
      <trkpt lat="29.188975" lon="119.7130967">
        <ele>267.83</ele>
        <time>2026-03-16T05:54:07Z</time>
        <speed>0.8065697</speed>
      </trkpt>
      <trkpt lat="29.1890217" lon="119.7131917">
        <ele>268.72</ele>
        <time>2026-03-16T05:54:19Z</time>
        <speed>0.60273975</speed>
      </trkpt>
      <trkpt lat="29.1891064" lon="119.7132218">
        <ele>270.13</ele>
        <time>2026-03-16T05:54:41Z</time>
        <speed>0.4586175</speed>
      </trkpt>
      <trkpt lat="29.1891632" lon="119.7133009">
        <ele>269.17</ele>
        <time>2026-03-16T05:54:57Z</time>
        <speed>0.9846636</speed>
      </trkpt>
      <trkpt lat="29.1892352" lon="119.7133824">
        <ele>267.85</ele>
        <time>2026-03-16T05:55:13Z</time>
        <speed>0.75458276</speed>
      </trkpt>
      <trkpt lat="29.189238" lon="119.7134893">
        <ele>266.58</ele>
        <time>2026-03-16T05:56:03Z</time>
        <speed>0.56413555</speed>
      </trkpt>
      <trkpt lat="29.1892412" lon="119.7134346">
        <ele>262.07</ele>
        <time>2026-03-16T05:56:21Z</time>
        <speed>1.2368774</speed>
      </trkpt>
      <trkpt lat="29.1892468" lon="119.7134842">
        <ele>257.95</ele>
        <time>2026-03-16T05:56:45Z</time>
        <speed>0.8225261</speed>
      </trkpt>
      <trkpt lat="29.1892827" lon="119.7135724">
        <ele>255.31</ele>
        <time>2026-03-16T05:57:11Z</time>
        <speed>0.27897945</speed>
      </trkpt>
      <trkpt lat="29.1892804" lon="119.7136769">
        <ele>256.64</ele>
        <time>2026-03-16T05:57:47Z</time>
        <speed>0.75149447</speed>
      </trkpt>
      <trkpt lat="29.1892342" lon="119.7137807">
        <ele>256.71</ele>
        <time>2026-03-16T05:57:59Z</time>
        <speed>0.9578981</speed>
      </trkpt>
      <trkpt lat="29.1891558" lon="119.7138743">
        <ele>256.7</ele>
        <time>2026-03-16T05:58:11Z</time>
        <speed>0.9831194</speed>
      </trkpt>
      <trkpt lat="29.1890852" lon="119.713958">
        <ele>256.53</ele>
        <time>2026-03-16T05:58:21Z</time>
        <speed>0.9656189</speed>
      </trkpt>
      <trkpt lat="29.1890245" lon="119.7140416">
        <ele>256.26</ele>
        <time>2026-03-16T05:58:29Z</time>
        <speed>0.898705</speed>
      </trkpt>
      <trkpt lat="29.1890115" lon="119.7139716">
        <ele>256.23</ele>
        <time>2026-03-16T05:58:45Z</time>
        <speed>1.2476866</speed>
      </trkpt>
      <trkpt lat="29.1889999" lon="119.7139461">
        <ele>253.72</ele>
        <time>2026-03-16T05:58:57Z</time>
        <speed>0.0</speed>
      </trkpt>
      <trkpt lat="29.1889536" lon="119.7138739">
        <ele>251.99</ele>
        <time>2026-03-16T05:59:17Z</time>
        <speed>0.8086286</speed>
      </trkpt>
      <trkpt lat="29.1888745" lon="119.7139032">
        <ele>252.04</ele>
        <time>2026-03-16T05:59:37Z</time>
        <speed>1.054151</speed>
      </trkpt>
      <trkpt lat="29.1888247" lon="119.7139908">
        <ele>253.14</ele>
        <time>2026-03-16T05:59:45Z</time>
        <speed>1.3398219</speed>
      </trkpt>
      <trkpt lat="29.1887717" lon="119.7140911">
        <ele>253.68</ele>
        <time>2026-03-16T05:59:55Z</time>
        <speed>1.226583</speed>
      </trkpt>
      <trkpt lat="29.1887059" lon="119.7141846">
        <ele>253.95</ele>
        <time>2026-03-16T06:00:05Z</time>
        <speed>1.0721664</speed>
      </trkpt>
      <trkpt lat="29.1886217" lon="119.7142485">
        <ele>253.93</ele>
        <time>2026-03-16T06:00:17Z</time>
        <speed>0.76384777</speed>
      </trkpt>
      <trkpt lat="29.1885878" lon="119.7143415">
        <ele>252.84</ele>
        <time>2026-03-16T06:00:43Z</time>
        <speed>0.39427722</speed>
      </trkpt>
      <trkpt lat="29.1886225" lon="119.7144409">
        <ele>249.12</ele>
        <time>2026-03-16T06:01:07Z</time>
        <speed>0.4519261</speed>
      </trkpt>
      <trkpt lat="29.1886289" lon="119.714544">
        <ele>245.16</ele>
        <time>2026-03-16T06:01:19Z</time>
        <speed>0.79679</speed>
      </trkpt>
      <trkpt lat="29.188679" lon="119.7146476">
        <ele>242.55</ele>
        <time>2026-03-16T06:01:39Z</time>
        <speed>0.77053916</speed>
      </trkpt>
      <trkpt lat="29.1886989" lon="119.7147531">
        <ele>239.86</ele>
        <time>2026-03-16T06:01:55Z</time>
        <speed>0.57751834</speed>
      </trkpt>
      <trkpt lat="29.1887162" lon="119.7148589">
        <ele>237.17</ele>
        <time>2026-03-16T06:02:09Z</time>
        <speed>0.75149447</speed>
      </trkpt>
      <trkpt lat="29.1887188" lon="119.7149695">
        <ele>234.95</ele>
        <time>2026-03-16T06:02:29Z</time>
        <speed>0.6233286</speed>
      </trkpt>
      <trkpt lat="29.188725" lon="119.7150791">
        <ele>232.43</ele>
        <time>2026-03-16T06:02:41Z</time>
        <speed>1.0459156</speed>
      </trkpt>
      <trkpt lat="29.1887222" lon="119.7151944">
        <ele>229.23</ele>
        <time>2026-03-16T06:03:29Z</time>
        <speed>0.6871542</speed>
      </trkpt>
      <trkpt lat="29.1886914" lon="119.715294">
        <ele>222.55</ele>
        <time>2026-03-16T06:03:55Z</time>
        <speed>0.37883556</speed>
      </trkpt>
      <trkpt lat="29.1886371" lon="119.7153812">
        <ele>219.3</ele>
        <time>2026-03-16T06:04:03Z</time>
        <speed>1.1447423</speed>
      </trkpt>
      <trkpt lat="29.1885474" lon="119.7154207">
        <ele>217.19</ele>
        <time>2026-03-16T06:04:13Z</time>
        <speed>0.87245417</speed>
      </trkpt>
      <trkpt lat="29.1884507" lon="119.7154589">
        <ele>214.87</ele>
        <time>2026-03-16T06:04:23Z</time>
        <speed>1.0979025</speed>
      </trkpt>
      <trkpt lat="29.1883647" lon="119.715511">
        <ele>212.82</ele>
        <time>2026-03-16T06:04:33Z</time>
        <speed>1.0891522</speed>
      </trkpt>
      <trkpt lat="29.1882834" lon="119.7155749">
        <ele>211.56</ele>
        <time>2026-03-16T06:04:41Z</time>
        <speed>1.0948142</speed>
      </trkpt>
      <trkpt lat="29.1881905" lon="119.7156008">
        <ele>210.29</ele>
        <time>2026-03-16T06:04:51Z</time>
        <speed>1.2852614</speed>
      </trkpt>
      <trkpt lat="29.1880985" lon="119.7156473">
        <ele>209.35</ele>
        <time>2026-03-16T06:05:03Z</time>
        <speed>1.1514336</speed>
      </trkpt>
      <trkpt lat="29.1880048" lon="119.7156705">
        <ele>207.18</ele>
        <time>2026-03-16T06:05:13Z</time>
        <speed>1.0788578</speed>
      </trkpt>
      <trkpt lat="29.1879096" lon="119.7157276">
        <ele>205.68</ele>
        <time>2026-03-16T06:05:25Z</time>
        <speed>0.78649557</speed>
      </trkpt>
      <trkpt lat="29.1878241" lon="119.7157857">
        <ele>204.87</ele>
        <time>2026-03-16T06:05:33Z</time>
        <speed>1.3974708</speed>
      </trkpt>
      <trkpt lat="29.1877286" lon="119.7158367">
        <ele>203.42</ele>
        <time>2026-03-16T06:05:43Z</time>
        <speed>1.2919527</speed>
      </trkpt>
      <trkpt lat="29.1876441" lon="119.7158882">
        <ele>201.18</ele>
        <time>2026-03-16T06:05:55Z</time>
        <speed>0.87091</speed>
      </trkpt>
      <trkpt lat="29.1875564" lon="119.7159086">
        <ele>197.66</ele>
        <time>2026-03-16T06:06:19Z</time>
        <speed>1.0402536</speed>
      </trkpt>
      <trkpt lat="29.1874645" lon="119.7159301">
        <ele>194.75</ele>
        <time>2026-03-16T06:06:49Z</time>
        <speed>0.54766446</speed>
      </trkpt>
      <trkpt lat="29.1874137" lon="119.7160088">
        <ele>192.32</ele>
        <time>2026-03-16T06:07:11Z</time>
        <speed>0.54766446</speed>
      </trkpt>
      <trkpt lat="29.187432" lon="119.7161104">
        <ele>190.25</ele>
        <time>2026-03-16T06:07:27Z</time>
        <speed>0.7123756</speed>
      </trkpt>
      <trkpt lat="29.1874257" lon="119.7162153">
        <ele>187.69</ele>
        <time>2026-03-16T06:07:43Z</time>
        <speed>0.9105436</speed>
      </trkpt>
      <trkpt lat="29.1874481" lon="119.7163312">
        <ele>183.26</ele>
        <time>2026-03-16T06:08:05Z</time>
        <speed>0.6094311</speed>
      </trkpt>
      <trkpt lat="29.1874297" lon="119.7164408">
        <ele>179.28</ele>
        <time>2026-03-16T06:08:15Z</time>
        <speed>0.9126025</speed>
      </trkpt>
      <trkpt lat="29.1874178" lon="119.7165478">
        <ele>176.41</ele>
        <time>2026-03-16T06:08:27Z</time>
        <speed>0.5852392</speed>
      </trkpt>
      <trkpt lat="29.1874032" lon="119.7166535">
        <ele>174.12</ele>
        <time>2026-03-16T06:08:45Z</time>
        <speed>0.46325</speed>
      </trkpt>
      <trkpt lat="29.1874028" lon="119.7167636">
        <ele>170.76</ele>
        <time>2026-03-16T06:08:59Z</time>
        <speed>0.67943335</speed>
      </trkpt>
      <trkpt lat="29.1874166" lon="119.7168679">
        <ele>167.81</ele>
        <time>2026-03-16T06:09:29Z</time>
        <speed>0.416925</speed>
      </trkpt>
      <trkpt lat="29.1874199" lon="119.7169823">
        <ele>164.36</ele>
        <time>2026-03-16T06:09:53Z</time>
        <speed>0.7257583</speed>
      </trkpt>
      <trkpt lat="29.1874583" lon="119.7170793">
        <ele>160.38</ele>
        <time>2026-03-16T06:10:07Z</time>
        <speed>0.73296446</speed>
      </trkpt>
      <trkpt lat="29.1873969" lon="119.7171132">
        <ele>157.72</ele>
        <time>2026-03-16T06:10:17Z</time>
        <speed>0.8575272</speed>
      </trkpt>
      <trkpt lat="29.1873057" lon="119.7171285">
        <ele>154.96</ele>
        <time>2026-03-16T06:10:29Z</time>
        <speed>0.78803974</speed>
      </trkpt>
      <trkpt lat="29.1872032" lon="119.717142">
        <ele>151.71</ele>
        <time>2026-03-16T06:10:43Z</time>
        <speed>0.6840658</speed>
      </trkpt>
      <trkpt lat="29.1871093" lon="119.7171881">
        <ele>147.1</ele>
        <time>2026-03-16T06:10:57Z</time>
        <speed>0.750465</speed>
      </trkpt>
      <trkpt lat="29.1870625" lon="119.7172865">
        <ele>142.46</ele>
        <time>2026-03-16T06:11:13Z</time>
        <speed>0.8039961</speed>
      </trkpt>
      <trkpt lat="29.1870766" lon="119.717392">
        <ele>139.51</ele>
        <time>2026-03-16T06:11:27Z</time>
        <speed>0.65421194</speed>
      </trkpt>
      <trkpt lat="29.1870707" lon="119.7175004">
        <ele>136.92</ele>
        <time>2026-03-16T06:11:37Z</time>
        <speed>1.0315033</speed>
      </trkpt>
      <trkpt lat="29.1870594" lon="119.7176141">
        <ele>134.12</ele>
        <time>2026-03-16T06:11:53Z</time>
        <speed>0.9105436</speed>
      </trkpt>
      <trkpt lat="29.1870111" lon="119.7177083">
        <ele>128.95</ele>
        <time>2026-03-16T06:12:21Z</time>
        <speed>0.68355113</speed>
      </trkpt>
      <trkpt lat="29.1869801" lon="119.7178069">
        <ele>127.55</ele>
        <time>2026-03-16T06:12:39Z</time>
        <speed>0.7000222</speed>
      </trkpt>
      <trkpt lat="29.1869386" lon="119.7179053">
        <ele>125.29</ele>
        <time>2026-03-16T06:12:53Z</time>
        <speed>0.75973</speed>
      </trkpt>
      <trkpt lat="29.1868844" lon="119.717991">
        <ele>124.0</ele>
        <time>2026-03-16T06:13:09Z</time>
        <speed>0.61097527</speed>
      </trkpt>
      <trkpt lat="29.1868099" lon="119.7180558">
        <ele>122.8</ele>
        <time>2026-03-16T06:13:41Z</time>
        <speed>0.5847244</speed>
      </trkpt>
      <trkpt lat="29.1867278" lon="119.7181151">
        <ele>121.04</ele>
        <time>2026-03-16T06:14:03Z</time>
        <speed>0.70774305</speed>
      </trkpt>
      <trkpt lat="29.1866383" lon="119.7181437">
        <ele>119.0</ele>
        <time>2026-03-16T06:14:41Z</time>
        <speed>0.69281614</speed>
      </trkpt>
      <trkpt lat="29.186531" lon="119.7181472">
        <ele>116.85</ele>
        <time>2026-03-16T06:14:59Z</time>
        <speed>0.5219283</speed>
      </trkpt>
      <trkpt lat="29.1864384" lon="119.7181727">
        <ele>114.33</ele>
        <time>2026-03-16T06:15:09Z</time>
        <speed>1.13033</speed>
      </trkpt>
      <trkpt lat="29.1863778" lon="119.7182513">
        <ele>111.39</ele>
        <time>2026-03-16T06:15:19Z</time>
        <speed>1.5153422</speed>
      </trkpt>
      <trkpt lat="29.1863464" lon="119.7183169">
        <ele>106.62</ele>
        <time>2026-03-16T06:15:36Z</time>
        <speed>0.0</speed>
      </trkpt>
      <trkpt lat="29.1862964" lon="119.7184038">
        <ele>100.29</ele>
        <time>2026-03-16T06:15:56Z</time>
        <speed>0.5996514</speed>
      </trkpt>
      <trkpt lat="29.1862145" lon="119.7184375">
        <ele>96.59</ele>
        <time>2026-03-16T06:16:20Z</time>
        <speed>1.0201794</speed>
      </trkpt>
      <trkpt lat="29.1861607" lon="119.7183601">
        <ele>96.3</ele>
        <time>2026-03-16T06:16:32Z</time>
        <speed>1.0850345</speed>
      </trkpt>
      <trkpt lat="29.1861376" lon="119.7182466">
        <ele>95.27</ele>
        <time>2026-03-16T06:16:40Z</time>
        <speed>1.2759964</speed>
      </trkpt>
      <trkpt lat="29.1861074" lon="119.7181272">
        <ele>95.24</ele>
        <time>2026-03-16T06:16:48Z</time>
        <speed>1.843735</speed>
      </trkpt>
      <trkpt lat="29.1860714" lon="119.7180164">
        <ele>94.58</ele>
        <time>2026-03-16T06:16:58Z</time>
        <speed>1.4695319</speed>
      </trkpt>
      <trkpt lat="29.1860137" lon="119.7179209">
        <ele>91.7</ele>
        <time>2026-03-16T06:17:12Z</time>
        <speed>1.1231239</speed>
      </trkpt>
      <trkpt lat="29.1859568" lon="119.7178298">
        <ele>89.29</ele>
        <time>2026-03-16T06:17:24Z</time>
        <speed>0.92907363</speed>
      </trkpt>
      <trkpt lat="29.1859301" lon="119.7177164">
        <ele>88.18</ele>
        <time>2026-03-16T06:17:34Z</time>
        <speed>1.4247512</speed>
      </trkpt>
      <trkpt lat="29.1858888" lon="119.7176146">
        <ele>90.9</ele>
        <time>2026-03-16T06:17:44Z</time>
        <speed>1.3115122</speed>
      </trkpt>
      <trkpt lat="29.1858145" lon="119.7176357">
        <ele>96.45</ele>
        <time>2026-03-16T06:18:06Z</time>
        <speed>0.639285</speed>
      </trkpt>
      <trkpt lat="29.1857696" lon="119.7177343">
        <ele>99.48</ele>
        <time>2026-03-16T06:18:16Z</time>
        <speed>0.97642803</speed>
      </trkpt>
      <trkpt lat="29.1857297" lon="119.7178682">
        <ele>100.09</ele>
        <time>2026-03-16T06:18:24Z</time>
        <speed>1.5184306</speed>
      </trkpt>
      <trkpt lat="29.185681" lon="119.7179796">
        <ele>99.49</ele>
        <time>2026-03-16T06:18:32Z</time>
        <speed>1.8118222</speed>
      </trkpt>
      <trkpt lat="29.1856422" lon="119.7180979">
        <ele>97.56</ele>
        <time>2026-03-16T06:18:42Z</time>
        <speed>1.4463694</speed>
      </trkpt>
      <trkpt lat="29.1855735" lon="119.718178">
        <ele>94.35</ele>
        <time>2026-03-16T06:18:52Z</time>
        <speed>0.9995906</speed>
      </trkpt>
      <trkpt lat="29.1855008" lon="119.7182452">
        <ele>91.71</ele>
        <time>2026-03-16T06:19:02Z</time>
        <speed>0.87245417</speed>
      </trkpt>
      <trkpt lat="29.1854368" lon="119.7183253">
        <ele>89.68</ele>
        <time>2026-03-16T06:19:14Z</time>
        <speed>1.0870934</speed>
      </trkpt>
      <trkpt lat="29.1853921" lon="119.7184152">
        <ele>88.83</ele>
        <time>2026-03-16T06:19:24Z</time>
        <speed>1.0927553</speed>
      </trkpt>
      <trkpt lat="29.1853393" lon="119.7184988">
        <ele>88.77</ele>
        <time>2026-03-16T06:19:30Z</time>
        <speed>1.4777675</speed>
      </trkpt>
      <trkpt lat="29.1852789" lon="119.7185883">
        <ele>87.92</ele>
        <time>2026-03-16T06:19:38Z</time>
        <speed>1.5904917</speed>
      </trkpt>
      <trkpt lat="29.1852518" lon="119.7186199">
        <ele>85.63</ele>
        <time>2026-03-16T06:20:14Z</time>
        <speed>0.0</speed>
      </trkpt>
      <trkpt lat="29.1851721" lon="119.7186364">
        <ele>80.54</ele>
        <time>2026-03-16T06:20:34Z</time>
        <speed>0.5085456</speed>
      </trkpt>
      <trkpt lat="29.1850792" lon="119.7186653">
        <ele>79.23</ele>
        <time>2026-03-16T06:20:44Z</time>
        <speed>1.1725372</speed>
      </trkpt>
      <trkpt lat="29.1850147" lon="119.7187451">
        <ele>79.26</ele>
        <time>2026-03-16T06:20:56Z</time>
        <speed>0.935765</speed>
      </trkpt>
      <trkpt lat="29.1849586" lon="119.7188316">
        <ele>81.77</ele>
        <time>2026-03-16T06:21:04Z</time>
        <speed>1.0263561</speed>
      </trkpt>
      <trkpt lat="29.1848862" lon="119.7189205">
        <ele>85.36</ele>
        <time>2026-03-16T06:21:16Z</time>
        <speed>1.3202626</speed>
      </trkpt>
      <trkpt lat="29.1848234" lon="119.7190111">
        <ele>88.86</ele>
        <time>2026-03-16T06:21:24Z</time>
        <speed>1.4093094</speed>
      </trkpt>
      <trkpt lat="29.1847683" lon="119.7190864">
        <ele>89.91</ele>
        <time>2026-03-16T06:21:42Z</time>
        <speed>0.0</speed>
      </trkpt>
      <trkpt lat="29.1846856" lon="119.7191591">
        <ele>90.34</ele>
        <time>2026-03-16T06:21:52Z</time>
        <speed>1.1097411</speed>
      </trkpt>
      <trkpt lat="29.1846124" lon="119.7192339">
        <ele>91.14</ele>
        <time>2026-03-16T06:22:04Z</time>
        <speed>0.9110583</speed>
      </trkpt>
      <trkpt lat="29.1845276" lon="119.7192912">
        <ele>91.29</ele>
        <time>2026-03-16T06:22:14Z</time>
        <speed>0.99032557</speed>
      </trkpt>
      <trkpt lat="29.1844712" lon="119.7193746">
        <ele>92.07</ele>
        <time>2026-03-16T06:22:22Z</time>
        <speed>1.1797433</speed>
      </trkpt>
      <trkpt lat="29.1844472" lon="119.7194862">
        <ele>94.58</ele>
        <time>2026-03-16T06:22:32Z</time>
        <speed>1.1781992</speed>
      </trkpt>
      <trkpt lat="29.184425" lon="119.7194756">
        <ele>96.31</ele>
        <time>2026-03-16T06:23:02Z</time>
        <speed>0.0</speed>
      </trkpt>
      <trkpt lat="29.1843423" lon="119.7194159">
        <ele>95.32</ele>
        <time>2026-03-16T06:23:16Z</time>
        <speed>1.64917</speed>
      </trkpt>
      <trkpt lat="29.1842536" lon="119.7193565">
        <ele>93.72</ele>
        <time>2026-03-16T06:23:26Z</time>
        <speed>1.0984172</speed>
      </trkpt>
      <trkpt lat="29.1842217" lon="119.7192551">
        <ele>94.1</ele>
        <time>2026-03-16T06:23:32Z</time>
        <speed>1.7963805</speed>
      </trkpt>
      <trkpt lat="29.1841834" lon="119.719154">
        <ele>94.1</ele>
        <time>2026-03-16T06:23:40Z</time>
        <speed>2.197349</speed>
      </trkpt>
      <trkpt lat="29.184148" lon="119.7190394">
        <ele>94.01</ele>
        <time>2026-03-16T06:23:50Z</time>
        <speed>1.3820292</speed>
      </trkpt>
      <trkpt lat="29.184093" lon="119.7189231">
        <ele>94.05</ele>
        <time>2026-03-16T06:24:00Z</time>
        <speed>1.0196648</speed>
      </trkpt>
      <trkpt lat="29.1840313" lon="119.7188168">
        <ele>93.68</ele>
        <time>2026-03-16T06:24:06Z</time>
        <speed>1.9569739</speed>
      </trkpt>
      <trkpt lat="29.1840394" lon="119.7187915">
        <ele>94.16</ele>
        <time>2026-03-16T06:24:22Z</time>
        <speed>0.0</speed>
      </trkpt>
      <trkpt lat="29.1839986" lon="119.7187321">
        <ele>93.84</ele>
        <time>2026-03-16T06:24:54Z</time>
        <speed>0.8652481</speed>
      </trkpt>
      <trkpt lat="29.1839452" lon="119.718647">
        <ele>92.74</ele>
        <time>2026-03-16T06:25:02Z</time>
        <speed>1.2523192</speed>
      </trkpt>
      <trkpt lat="29.1839095" lon="119.7185394">
        <ele>91.95</ele>
        <time>2026-03-16T06:25:12Z</time>
        <speed>1.1118</speed>
      </trkpt>
      <trkpt lat="29.1838851" lon="119.7184111">
        <ele>91.5</ele>
        <time>2026-03-16T06:25:20Z</time>
        <speed>1.361955</speed>
      </trkpt>
      <trkpt lat="29.1838783" lon="119.7182933">
        <ele>91.89</ele>
        <time>2026-03-16T06:25:28Z</time>
        <speed>1.6151984</speed>
      </trkpt>
      <trkpt lat="29.1838733" lon="119.718184">
        <ele>92.67</ele>
        <time>2026-03-16T06:25:36Z</time>
        <speed>1.2662166</speed>
      </trkpt>
      <trkpt lat="29.1838538" lon="119.7180632">
        <ele>93.97</ele>
        <time>2026-03-16T06:25:44Z</time>
        <speed>1.6429933</speed>
      </trkpt>
      <trkpt lat="29.1838344" lon="119.7179519">
        <ele>94.67</ele>
        <time>2026-03-16T06:25:52Z</time>
        <speed>1.6486553</speed>
      </trkpt>
      <trkpt lat="29.1838167" lon="119.7178296">
        <ele>96.4</ele>
        <time>2026-03-16T06:26:02Z</time>
        <speed>1.2579811</speed>
      </trkpt>
      <trkpt lat="29.1838198" lon="119.7177067">
        <ele>98.38</ele>
        <time>2026-03-16T06:26:12Z</time>
        <speed>1.3423955</speed>
      </trkpt>
      <trkpt lat="29.1838305" lon="119.7175929">
        <ele>99.46</ele>
        <time>2026-03-16T06:26:20Z</time>
        <speed>1.5153422</speed>
      </trkpt>
      <trkpt lat="29.1838391" lon="119.717484">
        <ele>100.25</ele>
        <time>2026-03-16T06:26:28Z</time>
        <speed>1.4077653</speed>
      </trkpt>
      <trkpt lat="29.1838446" lon="119.7173764">
        <ele>101.18</ele>
        <time>2026-03-16T06:26:36Z</time>
        <speed>1.3310716</speed>
      </trkpt>
      <trkpt lat="29.1838549" lon="119.7172564">
        <ele>102.26</ele>
        <time>2026-03-16T06:26:46Z</time>
        <speed>1.3475428</speed>
      </trkpt>
      <trkpt lat="29.1838543" lon="119.7171416">
        <ele>102.97</ele>
        <time>2026-03-16T06:26:54Z</time>
        <speed>1.5297544</speed>
      </trkpt>
      <trkpt lat="29.1838532" lon="119.7170091">
        <ele>103.45</ele>
        <time>2026-03-16T06:27:10Z</time>
        <speed>0.93833864</speed>
      </trkpt>
      <trkpt lat="29.1838549" lon="119.7168928">
        <ele>104.55</ele>
        <time>2026-03-16T06:27:20Z</time>
        <speed>1.0114292</speed>
      </trkpt>
      <trkpt lat="29.1838453" lon="119.7167707">
        <ele>105.86</ele>
        <time>2026-03-16T06:27:30Z</time>
        <speed>1.1771697</speed>
      </trkpt>
      <trkpt lat="29.1837891" lon="119.7166675">
        <ele>107.38</ele>
        <time>2026-03-16T06:27:38Z</time>
        <speed>1.6126248</speed>
      </trkpt>
      <trkpt lat="29.1837013" lon="119.7166551">
        <ele>107.95</ele>
        <time>2026-03-16T06:27:46Z</time>
        <speed>1.5446814</speed>
      </trkpt>
      <trkpt lat="29.1836012" lon="119.7166362">
        <ele>108.62</ele>
        <time>2026-03-16T06:27:58Z</time>
        <speed>0.806055</speed>
      </trkpt>
      <trkpt lat="29.1835098" lon="119.7166007">
        <ele>109.51</ele>
        <time>2026-03-16T06:28:10Z</time>
        <speed>0.79987836</speed>
      </trkpt>
      <trkpt lat="29.1834153" lon="119.7165815">
        <ele>111.53</ele>
        <time>2026-03-16T06:28:26Z</time>
        <speed>0.63104945</speed>
      </trkpt>
      <trkpt lat="29.1833266" lon="119.7166267">
        <ele>112.46</ele>
        <time>2026-03-16T06:28:36Z</time>
        <speed>1.0201794</speed>
      </trkpt>
      <trkpt lat="29.1832345" lon="119.7166868">
        <ele>113.25</ele>
        <time>2026-03-16T06:28:46Z</time>
        <speed>1.0906963</speed>
      </trkpt>
      <trkpt lat="29.1831498" lon="119.7167445">
        <ele>113.23</ele>
        <time>2026-03-16T06:28:54Z</time>
        <speed>1.1735667</speed>
      </trkpt>
      <trkpt lat="29.1830668" lon="119.7168008">
        <ele>113.26</ele>
        <time>2026-03-16T06:29:02Z</time>
        <speed>1.3233508</speed>
      </trkpt>
      <trkpt lat="29.1829841" lon="119.7168588">
        <ele>113.11</ele>
        <time>2026-03-16T06:29:10Z</time>
        <speed>1.4685025</speed>
      </trkpt>
      <trkpt lat="29.1828975" lon="119.7169043">
        <ele>112.33</ele>
        <time>2026-03-16T06:29:22Z</time>
        <speed>0.9270147</speed>
      </trkpt>
      <trkpt lat="29.1828005" lon="119.7169573">
        <ele>112.57</ele>
        <time>2026-03-16T06:29:32Z</time>
        <speed>1.2250389</speed>
      </trkpt>
      <trkpt lat="29.1827162" lon="119.7170209">
        <ele>112.84</ele>
        <time>2026-03-16T06:29:42Z</time>
        <speed>1.1565808</speed>
      </trkpt>
      <trkpt lat="29.1826171" lon="119.717067">
        <ele>113.25</ele>
        <time>2026-03-16T06:29:50Z</time>
        <speed>1.6882889</speed>
      </trkpt>
      <trkpt lat="29.1825248" lon="119.717126">
        <ele>112.16</ele>
        <time>2026-03-16T06:29:58Z</time>
        <speed>1.6393902</speed>
      </trkpt>
      <trkpt lat="29.1824493" lon="119.7172016">
        <ele>110.63</ele>
        <time>2026-03-16T06:30:08Z</time>
        <speed>1.3089386</speed>
      </trkpt>
      <trkpt lat="29.1823624" lon="119.717234">
        <ele>109.71</ele>
        <time>2026-03-16T06:30:16Z</time>
        <speed>1.3022472</speed>
      </trkpt>
      <trkpt lat="29.1822729" lon="119.7172746">
        <ele>108.89</ele>
        <time>2026-03-16T06:30:22Z</time>
        <speed>1.9291788</speed>
      </trkpt>
      <trkpt lat="29.1821876" lon="119.7173188">
        <ele>109.5</ele>
        <time>2026-03-16T06:30:28Z</time>
        <speed>2.3136764</speed>
      </trkpt>
      <trkpt lat="29.1820878" lon="119.7173584">
        <ele>110.83</ele>
        <time>2026-03-16T06:30:38Z</time>
        <speed>1.7464525</speed>
      </trkpt>
      <trkpt lat="29.1820013" lon="119.7174215">
        <ele>112.32</ele>
        <time>2026-03-16T06:30:52Z</time>
        <speed>0.72627306</speed>
      </trkpt>
      <trkpt lat="29.1819041" lon="119.7174621">
        <ele>112.44</ele>
        <time>2026-03-16T06:31:00Z</time>
        <speed>1.3171742</speed>
      </trkpt>
      <trkpt lat="29.1818027" lon="119.7174947">
        <ele>111.61</ele>
        <time>2026-03-16T06:31:08Z</time>
        <speed>1.7675561</speed>
      </trkpt>
      <trkpt lat="29.1817026" lon="119.7175187">
        <ele>110.36</ele>
        <time>2026-03-16T06:31:20Z</time>
        <speed>0.7643625</speed>
      </trkpt>
      <trkpt lat="29.181596" lon="119.7175115">
        <ele>110.03</ele>
        <time>2026-03-16T06:31:28Z</time>
        <speed>0.9846636</speed>
      </trkpt>
      <trkpt lat="29.1815047" lon="119.7174788">
        <ele>110.71</ele>
        <time>2026-03-16T06:31:36Z</time>
        <speed>1.13033</speed>
      </trkpt>
      <trkpt lat="29.1814031" lon="119.7174226">
        <ele>111.26</ele>
        <time>2026-03-16T06:31:46Z</time>
        <speed>1.0361358</speed>
      </trkpt>
      <trkpt lat="29.181311" lon="119.7173817">
        <ele>111.92</ele>
        <time>2026-03-16T06:31:52Z</time>
        <speed>1.5688733</speed>
      </trkpt>
      <trkpt lat="29.181225" lon="119.7173453">
        <ele>111.35</ele>
        <time>2026-03-16T06:32:00Z</time>
        <speed>1.6424786</speed>
      </trkpt>
      <trkpt lat="29.1811635" lon="119.7172523">
        <ele>109.05</ele>
        <time>2026-03-16T06:32:10Z</time>
        <speed>1.3722495</speed>
      </trkpt>
      <trkpt lat="29.1811329" lon="119.717141">
        <ele>106.02</ele>
        <time>2026-03-16T06:32:18Z</time>
        <speed>1.380485</speed>
      </trkpt>
      <trkpt lat="29.1811107" lon="119.7170226">
        <ele>104.98</ele>
        <time>2026-03-16T06:32:28Z</time>
        <speed>1.4530609</speed>
      </trkpt>
      <trkpt lat="29.1810677" lon="119.7169129">
        <ele>105.29</ele>
        <time>2026-03-16T06:32:40Z</time>
        <speed>1.2492309</speed>
      </trkpt>
      <trkpt lat="29.1810279" lon="119.716812">
        <ele>105.94</ele>
        <time>2026-03-16T06:32:50Z</time>
        <speed>1.1205503</speed>
      </trkpt>
      <trkpt lat="29.1810018" lon="119.7166947">
        <ele>106.4</ele>
        <time>2026-03-16T06:33:02Z</time>
        <speed>1.0294445</speed>
      </trkpt>
      <trkpt lat="29.1809858" lon="119.716585">
        <ele>107.34</ele>
        <time>2026-03-16T06:33:12Z</time>
        <speed>1.1627575</speed>
      </trkpt>
      <trkpt lat="29.1809714" lon="119.7164713">
        <ele>108.44</ele>
        <time>2026-03-16T06:33:22Z</time>
        <speed>1.1442275</speed>
      </trkpt>
      <trkpt lat="29.1809603" lon="119.7163549">
        <ele>109.41</ele>
        <time>2026-03-16T06:33:34Z</time>
        <speed>1.0196648</speed>
      </trkpt>
      <trkpt lat="29.1809574" lon="119.7162478">
        <ele>110.4</ele>
        <time>2026-03-16T06:33:46Z</time>
        <speed>0.87091</speed>
      </trkpt>
      <trkpt lat="29.1809469" lon="119.7161405">
        <ele>111.34</ele>
        <time>2026-03-16T06:34:10Z</time>
        <speed>0.713405</speed>
      </trkpt>
      <trkpt lat="29.1809267" lon="119.7160354">
        <ele>112.44</ele>
        <time>2026-03-16T06:34:34Z</time>
        <speed>0.70259583</speed>
      </trkpt>
      <trkpt lat="29.1808791" lon="119.7159396">
        <ele>112.68</ele>
        <time>2026-03-16T06:34:48Z</time>
        <speed>0.74634725</speed>
      </trkpt>
      <trkpt lat="29.1808109" lon="119.7158657">
        <ele>112.26</ele>
        <time>2026-03-16T06:34:58Z</time>
        <speed>0.9151761</speed>
      </trkpt>
      <trkpt lat="29.1807707" lon="119.7157642">
        <ele>111.24</ele>
        <time>2026-03-16T06:35:10Z</time>
        <speed>0.972825</speed>
      </trkpt>
      <trkpt lat="29.1807116" lon="119.7156624">
        <ele>111.18</ele>
        <time>2026-03-16T06:35:22Z</time>
        <speed>0.8693658</speed>
      </trkpt>
      <trkpt lat="29.1806701" lon="119.7155636">
        <ele>111.06</ele>
        <time>2026-03-16T06:35:32Z</time>
        <speed>0.97900164</speed>
      </trkpt>
      <trkpt lat="29.1806521" lon="119.7154513">
        <ele>110.17</ele>
        <time>2026-03-16T06:35:44Z</time>
        <speed>1.078343</speed>
      </trkpt>
      <trkpt lat="29.1806661" lon="119.7153378">
        <ele>111.26</ele>
        <time>2026-03-16T06:35:54Z</time>
        <speed>1.2811437</speed>
      </trkpt>
      <trkpt lat="29.1807026" lon="119.7152247">
        <ele>111.97</ele>
        <time>2026-03-16T06:36:08Z</time>
        <speed>1.0140028</speed>
      </trkpt>
      <trkpt lat="29.1807661" lon="119.7151272">
        <ele>112.11</ele>
        <time>2026-03-16T06:36:20Z</time>
        <speed>1.0103997</speed>
      </trkpt>
      <trkpt lat="29.1807942" lon="119.7150219">
        <ele>112.41</ele>
        <time>2026-03-16T06:36:36Z</time>
        <speed>0.7571564</speed>
      </trkpt>
      <trkpt lat="29.1807865" lon="119.7149117">
        <ele>113.52</ele>
        <time>2026-03-16T06:36:48Z</time>
        <speed>0.86576277</speed>
      </trkpt>
      <trkpt lat="29.1807762" lon="119.7147986">
        <ele>114.46</ele>
        <time>2026-03-16T06:37:02Z</time>
        <speed>0.67531556</speed>
      </trkpt>
      <trkpt lat="29.1807596" lon="119.7146834">
        <ele>114.82</ele>
        <time>2026-03-16T06:37:12Z</time>
        <speed>0.9563539</speed>
      </trkpt>
      <trkpt lat="29.1807407" lon="119.7145777">
        <ele>114.3</ele>
        <time>2026-03-16T06:37:22Z</time>
        <speed>1.0942994</speed>
      </trkpt>
      <trkpt lat="29.1807421" lon="119.7144696">
        <ele>113.57</ele>
        <time>2026-03-16T06:37:32Z</time>
        <speed>1.2538633</speed>
      </trkpt>
      <trkpt lat="29.1807641" lon="119.7143615">
        <ele>113.02</ele>
        <time>2026-03-16T06:37:42Z</time>
        <speed>1.3135711</speed>
      </trkpt>
      <trkpt lat="29.1807828" lon="119.7142482">
        <ele>112.24</ele>
        <time>2026-03-16T06:37:54Z</time>
        <speed>1.2250389</speed>
      </trkpt>
      <trkpt lat="29.1807763" lon="119.7141294">
        <ele>112.65</ele>
        <time>2026-03-16T06:38:06Z</time>
        <speed>1.1344478</speed>
      </trkpt>
      <trkpt lat="29.1807812" lon="119.7141352">
        <ele>113.45</ele>
        <time>2026-03-16T06:38:18Z</time>
        <speed>0.0</speed>
      </trkpt>
      <trkpt lat="29.1808089" lon="119.714068">
        <ele>114.03</ele>
        <time>2026-03-16T06:38:46Z</time>
        <speed>1.282173</speed>
      </trkpt>
      <trkpt lat="29.1808523" lon="119.7139789">
        <ele>114.58</ele>
        <time>2026-03-16T06:38:56Z</time>
        <speed>1.1293006</speed>
      </trkpt>
      <trkpt lat="29.1809215" lon="119.7138985">
        <ele>115.45</ele>
        <time>2026-03-16T06:39:06Z</time>
        <speed>1.0381948</speed>
      </trkpt>
      <trkpt lat="29.180976" lon="119.7138052">
        <ele>117.28</ele>
        <time>2026-03-16T06:39:16Z</time>
        <speed>0.9805458</speed>
      </trkpt>
      <trkpt lat="29.1810455" lon="119.7137176">
        <ele>119.22</ele>
        <time>2026-03-16T06:39:30Z</time>
        <speed>0.7020811</speed>
      </trkpt>
      <trkpt lat="29.1811088" lon="119.7136329">
        <ele>121.79</ele>
        <time>2026-03-16T06:39:42Z</time>
        <speed>0.9748839</speed>
      </trkpt>
      <trkpt lat="29.181155" lon="119.7135418">
        <ele>122.31</ele>
        <time>2026-03-16T06:39:50Z</time>
        <speed>1.1534925</speed>
      </trkpt>
      <trkpt lat="29.181186" lon="119.7134234">
        <ele>123.34</ele>
        <time>2026-03-16T06:40:00Z</time>
        <speed>1.2698197</speed>
      </trkpt>
      <trkpt lat="29.1812085" lon="119.7133065">
        <ele>124.4</ele>
        <time>2026-03-16T06:40:12Z</time>
        <speed>0.8451739</speed>
      </trkpt>
      <trkpt lat="29.1812092" lon="119.7131956">
        <ele>125.13</ele>
        <time>2026-03-16T06:40:18Z</time>
        <speed>1.3552636</speed>
      </trkpt>
      <trkpt lat="29.1812281" lon="119.7130889">
        <ele>125.5</ele>
        <time>2026-03-16T06:40:30Z</time>
        <speed>0.88738114</speed>
      </trkpt>
      <trkpt lat="29.1812529" lon="119.7129814">
        <ele>125.55</ele>
        <time>2026-03-16T06:40:40Z</time>
        <speed>1.084005</speed>
      </trkpt>
      <trkpt lat="29.1812623" lon="119.7128758">
        <ele>125.83</ele>
        <time>2026-03-16T06:40:50Z</time>
        <speed>1.1179767</speed>
      </trkpt>
      <trkpt lat="29.1812708" lon="119.7127585">
        <ele>126.29</ele>
        <time>2026-03-16T06:41:00Z</time>
        <speed>1.1869495</speed>
      </trkpt>
      <trkpt lat="29.1812745" lon="119.7126367">
        <ele>125.99</ele>
        <time>2026-03-16T06:41:12Z</time>
        <speed>1.2162886</speed>
      </trkpt>
      <trkpt lat="29.181287" lon="119.7125188">
        <ele>125.48</ele>
        <time>2026-03-16T06:41:24Z</time>
        <speed>0.9723103</speed>
      </trkpt>
      <trkpt lat="29.1813031" lon="119.7124104">
        <ele>125.49</ele>
        <time>2026-03-16T06:41:34Z</time>
        <speed>1.0109144</speed>
      </trkpt>
      <trkpt lat="29.1813165" lon="119.7123056">
        <ele>126.48</ele>
        <time>2026-03-16T06:41:46Z</time>
        <speed>0.4982511</speed>
      </trkpt>
      <trkpt lat="29.1813287" lon="119.7122029">
        <ele>127.22</ele>
        <time>2026-03-16T06:41:54Z</time>
        <speed>0.3958214</speed>
      </trkpt>
      <trkpt lat="29.1813378" lon="119.7120842">
        <ele>129.62</ele>
        <time>2026-03-16T06:42:04Z</time>
        <speed>0.81223166</speed>
      </trkpt>
      <trkpt lat="29.1813635" lon="119.7119605">
        <ele>132.02</ele>
        <time>2026-03-16T06:42:14Z</time>
        <speed>0.9753986</speed>
      </trkpt>
      <trkpt lat="29.1814016" lon="119.7118395">
        <ele>133.26</ele>
        <time>2026-03-16T06:42:22Z</time>
        <speed>1.2106267</speed>
      </trkpt>
      <trkpt lat="29.1814235" lon="119.7117251">
        <ele>133.79</ele>
        <time>2026-03-16T06:42:28Z</time>
        <speed>1.736158</speed>
      </trkpt>
      <trkpt lat="29.1814383" lon="119.7116183">
        <ele>133.8</ele>
        <time>2026-03-16T06:42:34Z</time>
        <speed>1.8689564</speed>
      </trkpt>
      <trkpt lat="29.1814621" lon="119.7115191">
        <ele>132.85</ele>
        <time>2026-03-16T06:42:40Z</time>
        <speed>1.8607209</speed>
      </trkpt>
      <trkpt lat="29.1814722" lon="119.711402">
        <ele>132.31</ele>
        <time>2026-03-16T06:42:48Z</time>
        <speed>1.6651264</speed>
      </trkpt>
      <trkpt lat="29.1815034" lon="119.7112902">
        <ele>132.18</ele>
        <time>2026-03-16T06:42:54Z</time>
        <speed>1.8586619</speed>
      </trkpt>
      <trkpt lat="29.181543" lon="119.7111709">
        <ele>132.49</ele>
        <time>2026-03-16T06:43:02Z</time>
        <speed>1.9600623</speed>
      </trkpt>
      <trkpt lat="29.1815885" lon="119.7110665">
        <ele>132.71</ele>
        <time>2026-03-16T06:43:12Z</time>
        <speed>1.250775</speed>
      </trkpt>
      <trkpt lat="29.181604" lon="119.7109628">
        <ele>131.24</ele>
        <time>2026-03-16T06:43:18Z</time>
        <speed>1.4103389</speed>
      </trkpt>
      <trkpt lat="29.1816053" lon="119.7108452">
        <ele>130.02</ele>
        <time>2026-03-16T06:43:26Z</time>
        <speed>1.2698197</speed>
      </trkpt>
      <trkpt lat="29.1815976" lon="119.7107082">
        <ele>127.82</ele>
        <time>2026-03-16T06:43:32Z</time>
        <speed>1.8149105</speed>
      </trkpt>
      <trkpt lat="29.1815804" lon="119.7105886">
        <ele>127.55</ele>
        <time>2026-03-16T06:43:40Z</time>
        <speed>1.432472</speed>
      </trkpt>
      <trkpt lat="29.1815587" lon="119.710463">
        <ele>128.6</ele>
        <time>2026-03-16T06:43:46Z</time>
        <speed>1.7757916</speed>
      </trkpt>
      <trkpt lat="29.1815489" lon="119.7103386">
        <ele>129.85</ele>
        <time>2026-03-16T06:43:54Z</time>
        <speed>1.9080753</speed>
      </trkpt>
      <trkpt lat="29.1815293" lon="119.7102287">
        <ele>130.0</ele>
        <time>2026-03-16T06:44:04Z</time>
        <speed>1.510195</speed>
      </trkpt>
      <trkpt lat="29.1815047" lon="119.7101216">
        <ele>128.8</ele>
        <time>2026-03-16T06:44:12Z</time>
        <speed>1.4566638</speed>
      </trkpt>
      <trkpt lat="29.18148" lon="119.7100198">
        <ele>127.21</ele>
        <time>2026-03-16T06:44:20Z</time>
        <speed>1.6141689</speed>
      </trkpt>
      <trkpt lat="29.1814632" lon="119.7099168">
        <ele>125.44</ele>
        <time>2026-03-16T06:44:30Z</time>
        <speed>1.089667</speed>
      </trkpt>
      <trkpt lat="29.1814497" lon="119.7098079">
        <ele>124.95</ele>
        <time>2026-03-16T06:44:40Z</time>
        <speed>1.126727</speed>
      </trkpt>
      <trkpt lat="29.1814119" lon="119.709704">
        <ele>125.1</ele>
        <time>2026-03-16T06:44:48Z</time>
        <speed>1.3115122</speed>
      </trkpt>
      <trkpt lat="29.1813776" lon="119.7095971">
        <ele>124.58</ele>
        <time>2026-03-16T06:44:56Z</time>
        <speed>1.5889475</speed>
      </trkpt>
      <trkpt lat="29.1813769" lon="119.7094902">
        <ele>123.69</ele>
        <time>2026-03-16T06:45:08Z</time>
        <speed>0.8302469</speed>
      </trkpt>
      <trkpt lat="29.1813902" lon="119.7093722">
        <ele>123.61</ele>
        <time>2026-03-16T06:45:18Z</time>
        <speed>0.85804194</speed>
      </trkpt>
      <trkpt lat="29.1813919" lon="119.7092375">
        <ele>125.28</ele>
        <time>2026-03-16T06:45:26Z</time>
        <speed>1.4839442</speed>
      </trkpt>
      <trkpt lat="29.1814029" lon="119.7091087">
        <ele>126.36</ele>
        <time>2026-03-16T06:45:38Z</time>
        <speed>0.9872372</speed>
      </trkpt>
      <trkpt lat="29.1814082" lon="119.7089783">
        <ele>126.9</ele>
        <time>2026-03-16T06:45:46Z</time>
        <speed>1.3552636</speed>
      </trkpt>
      <trkpt lat="29.1814183" lon="119.7088551">
        <ele>126.81</ele>
        <time>2026-03-16T06:45:56Z</time>
        <speed>1.3784261</speed>
      </trkpt>
      <trkpt lat="29.1814452" lon="119.7087474">
        <ele>125.9</ele>
        <time>2026-03-16T06:46:06Z</time>
        <speed>1.2651873</speed>
      </trkpt>
      <trkpt lat="29.1814867" lon="119.7086426">
        <ele>124.18</ele>
        <time>2026-03-16T06:46:16Z</time>
        <speed>1.0592983</speed>
      </trkpt>
      <trkpt lat="29.1815288" lon="119.7085428">
        <ele>122.0</ele>
        <time>2026-03-16T06:46:24Z</time>
        <speed>1.3459986</speed>
      </trkpt>
      <trkpt lat="29.1815559" lon="119.7084279">
        <ele>120.92</ele>
        <time>2026-03-16T06:46:34Z</time>
        <speed>1.2317302</speed>
      </trkpt>
      <trkpt lat="29.1816181" lon="119.7083458">
        <ele>120.31</ele>
        <time>2026-03-16T06:46:42Z</time>
        <speed>1.3964413</speed>
      </trkpt>
      <trkpt lat="29.1817048" lon="119.7082973">
        <ele>119.66</ele>
        <time>2026-03-16T06:46:50Z</time>
        <speed>1.634243</speed>
      </trkpt>
      <trkpt lat="29.1817862" lon="119.7082233">
        <ele>118.86</ele>
        <time>2026-03-16T06:47:00Z</time>
        <speed>1.2435689</speed>
      </trkpt>
      <trkpt lat="29.1818572" lon="119.708146">
        <ele>118.28</ele>
        <time>2026-03-16T06:47:14Z</time>
        <speed>0.7082578</speed>
      </trkpt>
      <trkpt lat="29.1818797" lon="119.7080338">
        <ele>117.9</ele>
        <time>2026-03-16T06:47:24Z</time>
        <speed>1.1735667</speed>
      </trkpt>
      <trkpt lat="29.1818707" lon="119.707914">
        <ele>117.99</ele>
        <time>2026-03-16T06:47:34Z</time>
        <speed>1.1756256</speed>
      </trkpt>
      <trkpt lat="29.1818393" lon="119.7078009">
        <ele>117.99</ele>
        <time>2026-03-16T06:47:40Z</time>
        <speed>1.7428495</speed>
      </trkpt>
      <trkpt lat="29.181844" lon="119.7076792">
        <ele>117.61</ele>
        <time>2026-03-16T06:47:50Z</time>
        <speed>1.432472</speed>
      </trkpt>
      <trkpt lat="29.1818724" lon="119.7075585">
        <ele>117.52</ele>
        <time>2026-03-16T06:48:00Z</time>
        <speed>1.3259244</speed>
      </trkpt>
      <trkpt lat="29.181909" lon="119.7074553">
        <ele>117.34</ele>
        <time>2026-03-16T06:48:08Z</time>
        <speed>1.3449692</speed>
      </trkpt>
      <trkpt lat="29.1819597" lon="119.7073674">
        <ele>117.02</ele>
        <time>2026-03-16T06:48:18Z</time>
        <speed>1.2518045</speed>
      </trkpt>
      <trkpt lat="29.1820354" lon="119.7073971">
        <ele>117.01</ele>
        <time>2026-03-16T06:48:26Z</time>
        <speed>1.2389364</speed>
      </trkpt>
      <trkpt lat="29.1821302" lon="119.7074334">
        <ele>116.83</ele>
        <time>2026-03-16T06:48:40Z</time>
        <speed>0.7247289</speed>
      </trkpt>
      <trkpt lat="29.182241" lon="119.7074562">
        <ele>116.26</ele>
        <time>2026-03-16T06:48:48Z</time>
        <speed>1.26004</speed>
      </trkpt>
      <trkpt lat="29.1823468" lon="119.7074512">
        <ele>116.19</ele>
        <time>2026-03-16T06:48:58Z</time>
        <speed>1.3125417</speed>
      </trkpt>
      <trkpt lat="29.182445" lon="119.7074246">
        <ele>117.53</ele>
        <time>2026-03-16T06:49:08Z</time>
        <speed>1.1612133</speed>
      </trkpt>
      <trkpt lat="29.1825257" lon="119.707367">
        <ele>117.65</ele>
        <time>2026-03-16T06:49:16Z</time>
        <speed>1.1601839</speed>
      </trkpt>
      <trkpt lat="29.1826089" lon="119.7072997">
        <ele>115.95</ele>
        <time>2026-03-16T06:49:24Z</time>
        <speed>1.1833464</speed>
      </trkpt>
      <trkpt lat="29.1826989" lon="119.7072226">
        <ele>114.03</ele>
        <time>2026-03-16T06:49:34Z</time>
        <speed>1.2744522</speed>
      </trkpt>
      <trkpt lat="29.1827893" lon="119.7071626">
        <ele>113.37</ele>
        <time>2026-03-16T06:49:42Z</time>
        <speed>1.3918089</speed>
      </trkpt>
      <trkpt lat="29.1828847" lon="119.7071029">
        <ele>113.69</ele>
        <time>2026-03-16T06:49:50Z</time>
        <speed>1.6383609</speed>
      </trkpt>
      <trkpt lat="29.1829917" lon="119.7071032">
        <ele>114.47</ele>
        <time>2026-03-16T06:49:58Z</time>
        <speed>1.7557175</speed>
      </trkpt>
      <trkpt lat="29.183089" lon="119.7070803">
        <ele>116.59</ele>
        <time>2026-03-16T06:50:06Z</time>
        <speed>1.7119662</speed>
      </trkpt>
      <trkpt lat="29.1831818" lon="119.7070256">
        <ele>118.49</ele>
        <time>2026-03-16T06:50:16Z</time>
        <speed>1.5163716</speed>
      </trkpt>
      <trkpt lat="29.183198" lon="119.70693">
        <ele>120.26</ele>
        <time>2026-03-16T06:50:42Z</time>
        <speed>0.5713417</speed>
      </trkpt>
      <trkpt lat="29.1832741" lon="119.706901">
        <ele>118.25</ele>
        <time>2026-03-16T06:51:22Z</time>
        <speed>1.460267</speed>
      </trkpt>
      <trkpt lat="29.1833615" lon="119.7068606">
        <ele>118.62</ele>
        <time>2026-03-16T06:51:32Z</time>
        <speed>1.3274686</speed>
      </trkpt>
      <trkpt lat="29.1834558" lon="119.7068277">
        <ele>119.86</ele>
        <time>2026-03-16T06:51:44Z</time>
        <speed>0.73090553</speed>
      </trkpt>
      <trkpt lat="29.1835614" lon="119.7068209">
        <ele>122.59</ele>
        <time>2026-03-16T06:51:52Z</time>
        <speed>1.4443105</speed>
      </trkpt>
      <trkpt lat="29.1836603" lon="119.7068155">
        <ele>124.87</ele>
        <time>2026-03-16T06:52:00Z</time>
        <speed>1.365558</speed>
      </trkpt>
      <trkpt lat="29.1837705" lon="119.7068213">
        <ele>127.08</ele>
        <time>2026-03-16T06:52:10Z</time>
        <speed>1.1529778</speed>
      </trkpt>
      <trkpt lat="29.1838759" lon="119.7067965">
        <ele>128.72</ele>
        <time>2026-03-16T06:52:20Z</time>
        <speed>1.1468011</speed>
      </trkpt>
      <trkpt lat="29.1839424" lon="119.7067166">
        <ele>129.83</ele>
        <time>2026-03-16T06:52:30Z</time>
        <speed>0.88377804</speed>
      </trkpt>
      <trkpt lat="29.1839934" lon="119.706604">
        <ele>130.72</ele>
        <time>2026-03-16T06:52:38Z</time>
        <speed>1.3933531</speed>
      </trkpt>
      <trkpt lat="29.1840057" lon="119.7064742">
        <ele>132.17</ele>
        <time>2026-03-16T06:52:46Z</time>
        <speed>1.8174841</speed>
      </trkpt>
      <trkpt lat="29.1839808" lon="119.7063706">
        <ele>134.68</ele>
        <time>2026-03-16T06:53:06Z</time>
        <speed>0.0</speed>
      </trkpt>
      <trkpt lat="29.1840117" lon="119.7064023">
        <ele>136.5</ele>
        <time>2026-03-16T06:53:36Z</time>
        <speed>0.79679</speed>
      </trkpt>
      <trkpt lat="29.1840794" lon="119.7064972">
        <ele>135.34</ele>
        <time>2026-03-16T06:53:46Z</time>
        <speed>1.3151153</speed>
      </trkpt>
      <trkpt lat="29.1841668" lon="119.706559">
        <ele>133.43</ele>
        <time>2026-03-16T06:53:54Z</time>
        <speed>1.2816583</speed>
      </trkpt>
      <trkpt lat="29.1842514" lon="119.7066327">
        <ele>130.96</ele>
        <time>2026-03-16T06:54:02Z</time>
        <speed>1.3207772</speed>
      </trkpt>
      <trkpt lat="29.1843437" lon="119.7066848">
        <ele>130.76</ele>
        <time>2026-03-16T06:54:12Z</time>
        <speed>1.102535</speed>
      </trkpt>
      <trkpt lat="29.1843965" lon="119.7066246">
        <ele>131.94</ele>
        <time>2026-03-16T06:54:22Z</time>
        <speed>1.1519483</speed>
      </trkpt>
      <trkpt lat="29.1844587" lon="119.7065399">
        <ele>134.03</ele>
        <time>2026-03-16T06:54:34Z</time>
        <speed>0.88326335</speed>
      </trkpt>
      <trkpt lat="29.1844384" lon="119.706435">
        <ele>135.91</ele>
        <time>2026-03-16T06:54:50Z</time>
        <speed>0.8112022</speed>
      </trkpt>
      <trkpt lat="29.1844058" lon="119.7063149">
        <ele>136.68</ele>
        <time>2026-03-16T06:55:00Z</time>
        <speed>1.2121708</speed>
      </trkpt>
      <trkpt lat="29.1843596" lon="119.706204">
        <ele>135.96</ele>
        <time>2026-03-16T06:55:10Z</time>
        <speed>1.1704783</speed>
      </trkpt>
      <trkpt lat="29.1843142" lon="119.7061006">
        <ele>135.98</ele>
        <time>2026-03-16T06:55:18Z</time>
        <speed>1.4443105</speed>
      </trkpt>
      <trkpt lat="29.1842739" lon="119.7059857">
        <ele>136.72</ele>
        <time>2026-03-16T06:55:30Z</time>
        <speed>1.2250389</speed>
      </trkpt>
      <trkpt lat="29.1842381" lon="119.7058794">
        <ele>138.52</ele>
        <time>2026-03-16T06:55:38Z</time>
        <speed>1.2569517</speed>
      </trkpt>
      <trkpt lat="29.1842055" lon="119.7057755">
        <ele>139.71</ele>
        <time>2026-03-16T06:55:46Z</time>
        <speed>1.3547488</speed>
      </trkpt>
      <trkpt lat="29.1841715" lon="119.7056699">
        <ele>140.53</ele>
        <time>2026-03-16T06:55:54Z</time>
        <speed>1.4160008</speed>
      </trkpt>
      <trkpt lat="29.1841305" lon="119.7055636">
        <ele>140.99</ele>
        <time>2026-03-16T06:56:02Z</time>
        <speed>1.4818853</speed>
      </trkpt>
      <trkpt lat="29.1840895" lon="119.7054594">
        <ele>141.81</ele>
        <time>2026-03-16T06:56:12Z</time>
        <speed>1.1426834</speed>
      </trkpt>
      <trkpt lat="29.1840514" lon="119.7053461">
        <ele>142.58</ele>
        <time>2026-03-16T06:56:20Z</time>
        <speed>1.4046769</speed>
      </trkpt>
      <trkpt lat="29.1840069" lon="119.7052368">
        <ele>143.28</ele>
        <time>2026-03-16T06:56:28Z</time>
        <speed>1.4535756</speed>
      </trkpt>
      <trkpt lat="29.1839902" lon="119.7051232">
        <ele>144.79</ele>
        <time>2026-03-16T06:56:38Z</time>
        <speed>1.1401098</speed>
      </trkpt>
      <trkpt lat="29.1839601" lon="119.705137">
        <ele>145.18</ele>
        <time>2026-03-16T06:56:54Z</time>
        <speed>0.0</speed>
      </trkpt>
      <trkpt lat="29.1839601" lon="119.705137">
        <ele>145.18</ele>
        <time>2026-03-16T06:56:57Z</time>
        <speed>0.0</speed>
      </trkpt>
      <extensions>
        <PauseTimes>1773644217000:pause</PauseTimes>
      </extensions>
    </trkseg>
  </trk>
  <trk>
    <trkseg>
      <trkpt lat="29.1839583" lon="119.7050467">
        <ele>143.99</ele>
        <time>2026-03-16T07:03:12Z</time>
        <speed>1.1854053</speed>
      </trkpt>
      <trkpt lat="29.1839583" lon="119.7050467">
        <ele>143.99</ele>
        <time>2026-03-16T07:03:29Z</time>
        <speed>1.1854053</speed>
      </trkpt>
      <trkpt lat="29.1839467" lon="119.70492">
        <ele>142.06</ele>
        <time>2026-03-16T07:03:37Z</time>
        <speed>1.2842319</speed>
      </trkpt>
      <trkpt lat="29.1839294" lon="119.7048046">
        <ele>140.78</ele>
        <time>2026-03-16T07:03:45Z</time>
        <speed>1.287835</speed>
      </trkpt>
      <trkpt lat="29.1839201" lon="119.7046938">
        <ele>140.1</ele>
        <time>2026-03-16T07:03:53Z</time>
        <speed>1.2054795</speed>
      </trkpt>
      <trkpt lat="29.1839082" lon="119.7045769">
        <ele>139.89</ele>
        <time>2026-03-16T07:04:01Z</time>
        <speed>1.376882</speed>
      </trkpt>
      <trkpt lat="29.1839065" lon="119.7044576">
        <ele>140.06</ele>
        <time>2026-03-16T07:04:09Z</time>
        <speed>1.5055625</speed>
      </trkpt>
      <trkpt lat="29.1839111" lon="119.70434">
        <ele>140.34</ele>
        <time>2026-03-16T07:04:17Z</time>
        <speed>1.3429103</speed>
      </trkpt>
      <trkpt lat="29.1839099" lon="119.7042281">
        <ele>140.36</ele>
        <time>2026-03-16T07:04:25Z</time>
        <speed>1.3717347</speed>
      </trkpt>
      <trkpt lat="29.1839134" lon="119.704117">
        <ele>140.9</ele>
        <time>2026-03-16T07:04:33Z</time>
        <speed>1.4108536</speed>
      </trkpt>
      <trkpt lat="29.1839186" lon="119.7040022">
        <ele>141.5</ele>
        <time>2026-03-16T07:04:41Z</time>
        <speed>1.4355602</speed>
      </trkpt>
      <trkpt lat="29.1839191" lon="119.7038883">
        <ele>142.15</ele>
        <time>2026-03-16T07:04:49Z</time>
        <speed>1.4062212</speed>
      </trkpt>
      <trkpt lat="29.183919" lon="119.7037774">
        <ele>142.6</ele>
        <time>2026-03-16T07:04:57Z</time>
        <speed>1.4149714</speed>
      </trkpt>
      <trkpt lat="29.1839187" lon="119.7036549">
        <ele>143.46</ele>
        <time>2026-03-16T07:05:07Z</time>
        <speed>1.3496016</speed>
      </trkpt>
      <trkpt lat="29.1839148" lon="119.7035332">
        <ele>144.21</ele>
        <time>2026-03-16T07:05:15Z</time>
        <speed>1.6553466</speed>
      </trkpt>
      <trkpt lat="29.183917" lon="119.7034135">
        <ele>143.95</ele>
        <time>2026-03-16T07:05:23Z</time>
        <speed>1.8334405</speed>
      </trkpt>
      <trkpt lat="29.1839155" lon="119.7033048">
        <ele>143.97</ele>
        <time>2026-03-16T07:05:31Z</time>
        <speed>1.4473989</speed>
      </trkpt>
      <trkpt lat="29.1839062" lon="119.7032001">
        <ele>144.11</ele>
        <time>2026-03-16T07:05:39Z</time>
        <speed>1.376882</speed>
      </trkpt>
      <trkpt lat="29.1838954" lon="119.7030951">
        <ele>144.19</ele>
        <time>2026-03-16T07:05:47Z</time>
        <speed>1.343425</speed>
      </trkpt>
      <trkpt lat="29.1838807" lon="119.7029894">
        <ele>143.98</ele>
        <time>2026-03-16T07:05:55Z</time>
        <speed>1.3496016</speed>
      </trkpt>
      <trkpt lat="29.1838649" lon="119.7028782">
        <ele>143.6</ele>
        <time>2026-03-16T07:06:03Z</time>
        <speed>1.3918089</speed>
      </trkpt>
      <trkpt lat="29.1838492" lon="119.7027698">
        <ele>143.21</ele>
        <time>2026-03-16T07:06:11Z</time>
        <speed>1.330557</speed>
      </trkpt>
      <trkpt lat="29.1838337" lon="119.7026641">
        <ele>142.91</ele>
        <time>2026-03-16T07:06:19Z</time>
        <speed>1.3598961</speed>
      </trkpt>
      <trkpt lat="29.1838172" lon="119.7025605">
        <ele>142.69</ele>
        <time>2026-03-16T07:06:27Z</time>
        <speed>1.2832025</speed>
      </trkpt>
      <trkpt lat="29.1837979" lon="119.7024587">
        <ele>142.39</ele>
        <time>2026-03-16T07:06:35Z</time>
        <speed>1.306365</speed>
      </trkpt>
      <trkpt lat="29.1837764" lon="119.702355">
        <ele>142.44</ele>
        <time>2026-03-16T07:06:43Z</time>
        <speed>1.3104827</speed>
      </trkpt>
      <trkpt lat="29.1837568" lon="119.7022491">
        <ele>142.29</ele>
        <time>2026-03-16T07:06:51Z</time>
        <speed>1.3552636</speed>
      </trkpt>
      <trkpt lat="29.1837281" lon="119.7021398">
        <ele>142.08</ele>
        <time>2026-03-16T07:06:59Z</time>
        <speed>1.3578372</speed>
      </trkpt>
      <trkpt lat="29.1836998" lon="119.702037">
        <ele>141.87</ele>
        <time>2026-03-16T07:07:07Z</time>
        <speed>1.2909234</speed>
      </trkpt>
      <trkpt lat="29.1836697" lon="119.7019355">
        <ele>141.71</ele>
        <time>2026-03-16T07:07:23Z</time>
        <speed>0.4050864</speed>
      </trkpt>
      <trkpt lat="29.1836392" lon="119.7018268">
        <ele>140.07</ele>
        <time>2026-03-16T07:07:31Z</time>
        <speed>1.2682755</speed>
      </trkpt>
      <trkpt lat="29.1835975" lon="119.7017152">
        <ele>138.11</ele>
        <time>2026-03-16T07:07:41Z</time>
        <speed>1.3151153</speed>
      </trkpt>
      <trkpt lat="29.1835531" lon="119.7016179">
        <ele>136.9</ele>
        <time>2026-03-16T07:07:49Z</time>
        <speed>1.2919527</speed>
      </trkpt>
      <trkpt lat="29.1835184" lon="119.7015187">
        <ele>136.34</ele>
        <time>2026-03-16T07:07:59Z</time>
        <speed>1.1236386</speed>
      </trkpt>
      <trkpt lat="29.1834866" lon="119.7014168">
        <ele>135.55</ele>
        <time>2026-03-16T07:08:07Z</time>
        <speed>1.358352</speed>
      </trkpt>
      <trkpt lat="29.1834142" lon="119.7013263">
        <ele>135.36</ele>
        <time>2026-03-16T07:08:15Z</time>
        <speed>1.5760795</speed>
      </trkpt>
      <trkpt lat="29.1833705" lon="119.7012212">
        <ele>135.42</ele>
        <time>2026-03-16T07:08:23Z</time>
        <speed>1.4283541</speed>
      </trkpt>
      <trkpt lat="29.1833443" lon="119.7011177">
        <ele>134.25</ele>
        <time>2026-03-16T07:08:31Z</time>
        <speed>1.4298984</speed>
      </trkpt>
      <trkpt lat="29.1833116" lon="119.7010164">
        <ele>132.34</ele>
        <time>2026-03-16T07:08:39Z</time>
        <speed>1.2770258</speed>
      </trkpt>
      <trkpt lat="29.1832815" lon="119.7009087">
        <ele>131.55</ele>
        <time>2026-03-16T07:08:47Z</time>
        <speed>1.3094534</speed>
      </trkpt>
      <trkpt lat="29.1832547" lon="119.7007935">
        <ele>130.15</ele>
        <time>2026-03-16T07:08:57Z</time>
        <speed>1.2837173</speed>
      </trkpt>
      <trkpt lat="29.1832337" lon="119.7006798">
        <ele>129.61</ele>
        <time>2026-03-16T07:09:07Z</time>
        <speed>1.1555514</speed>
      </trkpt>
      <trkpt lat="29.1832019" lon="119.7005796">
        <ele>129.95</ele>
        <time>2026-03-16T07:09:15Z</time>
        <speed>1.3151153</speed>
      </trkpt>
      <trkpt lat="29.1831971" lon="119.7004633">
        <ele>130.83</ele>
        <time>2026-03-16T07:09:25Z</time>
        <speed>1.3665875</speed>
      </trkpt>
      <trkpt lat="29.1831762" lon="119.7003318">
        <ele>130.52</ele>
        <time>2026-03-16T07:09:33Z</time>
        <speed>1.717628</speed>
      </trkpt>
      <trkpt lat="29.1831593" lon="119.7002028">
        <ele>128.75</ele>
        <time>2026-03-16T07:09:41Z</time>
        <speed>1.7129955</speed>
      </trkpt>
      <trkpt lat="29.1831616" lon="119.7000896">
        <ele>126.19</ele>
        <time>2026-03-16T07:09:51Z</time>
        <speed>1.2708491</speed>
      </trkpt>
      <trkpt lat="29.1831645" lon="119.6999851">
        <ele>125.33</ele>
        <time>2026-03-16T07:10:01Z</time>
        <speed>1.121065</speed>
      </trkpt>
      <trkpt lat="29.1831578" lon="119.6998782">
        <ele>127.3</ele>
        <time>2026-03-16T07:10:11Z</time>
        <speed>1.1437128</speed>
      </trkpt>
      <trkpt lat="29.1831407" lon="119.6997746">
        <ele>129.58</ele>
        <time>2026-03-16T07:10:17Z</time>
        <speed>1.6373314</speed>
      </trkpt>
      <trkpt lat="29.1831238" lon="119.6996669">
        <ele>131.14</ele>
        <time>2026-03-16T07:10:25Z</time>
        <speed>1.5112244</speed>
      </trkpt>
      <trkpt lat="29.1831176" lon="119.6995612">
        <ele>132.76</ele>
        <time>2026-03-16T07:10:33Z</time>
        <speed>1.3562931</speed>
      </trkpt>
      <trkpt lat="29.1831106" lon="119.6994511">
        <ele>134.02</ele>
        <time>2026-03-16T07:10:41Z</time>
        <speed>1.4129125</speed>
      </trkpt>
      <trkpt lat="29.183103" lon="119.6993445">
        <ele>134.23</ele>
        <time>2026-03-16T07:10:49Z</time>
        <speed>1.4890914</speed>
      </trkpt>
      <trkpt lat="29.1831025" lon="119.6992405">
        <ele>134.3</ele>
        <time>2026-03-16T07:10:57Z</time>
        <speed>1.2868055</speed>
      </trkpt>
      <trkpt lat="29.1831045" lon="119.6991312">
        <ele>134.56</ele>
        <time>2026-03-16T07:11:05Z</time>
        <speed>1.2888645</speed>
      </trkpt>
      <trkpt lat="29.1830907" lon="119.6990272">
        <ele>135.22</ele>
        <time>2026-03-16T07:11:19Z</time>
        <speed>0.84877694</speed>
      </trkpt>
      <trkpt lat="29.1830921" lon="119.6989128">
        <ele>136.68</ele>
        <time>2026-03-16T07:11:45Z</time>
        <speed>0.98157525</speed>
      </trkpt>
      <trkpt lat="29.1831373" lon="119.6988095">
        <ele>134.49</ele>
        <time>2026-03-16T07:11:55Z</time>
        <speed>1.2718786</speed>
      </trkpt>
      <trkpt lat="29.1832043" lon="119.698717">
        <ele>133.08</ele>
        <time>2026-03-16T07:12:05Z</time>
        <speed>1.1112853</speed>
      </trkpt>
      <trkpt lat="29.1832703" lon="119.6986242">
        <ele>132.83</ele>
        <time>2026-03-16T07:12:13Z</time>
        <speed>1.2554075</speed>
      </trkpt>
      <trkpt lat="29.1833346" lon="119.6985419">
        <ele>132.95</ele>
        <time>2026-03-16T07:12:21Z</time>
        <speed>1.18592</speed>
      </trkpt>
      <trkpt lat="29.1833933" lon="119.6984417">
        <ele>133.4</ele>
        <time>2026-03-16T07:12:31Z</time>
        <speed>1.2368774</speed>
      </trkpt>
      <trkpt lat="29.183468" lon="119.6983605">
        <ele>133.66</ele>
        <time>2026-03-16T07:12:41Z</time>
        <speed>1.1339331</speed>
      </trkpt>
      <trkpt lat="29.183531" lon="119.6982818">
        <ele>134.62</ele>
        <time>2026-03-16T07:12:51Z</time>
        <speed>1.0232677</speed>
      </trkpt>
      <trkpt lat="29.1835877" lon="119.698202">
        <ele>134.83</ele>
        <time>2026-03-16T07:13:01Z</time>
        <speed>1.0047377</speed>
      </trkpt>
      <trkpt lat="29.1836459" lon="119.6981163">
        <ele>134.56</ele>
        <time>2026-03-16T07:13:11Z</time>
        <speed>1.0953289</speed>
      </trkpt>
      <trkpt lat="29.1836459" lon="119.6981163">
        <ele>134.56</ele>
        <time>2026-03-16T07:13:14Z</time>
        <speed>1.0953289</speed>
      </trkpt>
      <extensions>
        <PauseTimes>1773645194000:pause</PauseTimes>
      </extensions>
    </trkseg>
  </trk>
  <wpt lat="29.1832681" lon="119.6988151">
    <ele>146.1</ele>
    <time>2026-03-16T02:29:53Z</time>
    <name><![CDATA[
        ]]>
    </name>
    <cmt>
        </cmt>
    <desc><![CDATA[]]>
    </desc>
    <sym>Flag, Blue</sym>
    <type>user</type>
    <extensions>
      <PosType>0</PosType>
      <Speed>1.0351064</Speed>
      <Accuracy>1.3</Accuracy>
      <Time>1773628193435</Time>
      <description><![CDATA[]]>
      </description>
      <FileId>1572026511</FileId>
      <FileSize>988238</FileSize>
      <FileType>0</FileType>
    </extensions>
  </wpt>
  <wpt lat="29.1832681" lon="119.6988151">
    <ele>146.1</ele>
    <time>2026-03-16T02:29:53Z</time>
    <name><![CDATA[左转
        ]]>
    </name>
    <cmt>左转
        </cmt>
    <desc><![CDATA[]]>
    </desc>
    <sym>Flag, Blue</sym>
    <type>user</type>
    <extensions>
      <PosType>0</PosType>
      <Speed>1.0351064</Speed>
      <Accuracy>1.3</Accuracy>
      <Time>1773628193435</Time>
      <description><![CDATA[]]>
      </description>
    </extensions>
  </wpt>
  <wpt lat="29.1835427" lon="119.6988044">
    <ele>148.0</ele>
    <time>2026-03-16T02:30:47Z</time>
    <name><![CDATA[
        ]]>
    </name>
    <cmt>
        </cmt>
    <desc><![CDATA[]]>
    </desc>
    <sym>Flag, Blue</sym>
    <type>user</type>
    <extensions>
      <PosType>0</PosType>
      <Speed>1.022753</Speed>
      <Accuracy>1.5</Accuracy>
      <Time>1773628247458</Time>
      <description><![CDATA[]]>
      </description>
      <FileId>1572026508</FileId>
      <FileSize>1423291</FileSize>
      <FileType>0</FileType>
    </extensions>
  </wpt>
  <wpt lat="29.1848833" lon="119.6990017">
    <ele>210.7</ele>
    <time>2026-03-16T02:41:37Z</time>
    <name><![CDATA[休息区
        ]]>
    </name>
    <cmt>休息区
        </cmt>
    <desc><![CDATA[]]>
    </desc>
    <sym>Flag, Blue</sym>
    <type>user</type>
    <extensions>
      <PosType>0</PosType>
      <Speed>0.46582362</Speed>
      <Accuracy>1.4</Accuracy>
      <Time>1773628897393</Time>
      <description><![CDATA[]]>
      </description>
      <FileId>1572026505</FileId>
      <FileSize>951380</FileSize>
      <FileType>0</FileType>
    </extensions>
  </wpt>
  <wpt lat="29.1851095" lon="119.6990112">
    <ele>222.2</ele>
    <time>2026-03-16T02:42:17Z</time>
    <name><![CDATA[
        ]]>
    </name>
    <cmt>
        </cmt>
    <desc><![CDATA[]]>
    </desc>
    <sym>Flag, Blue</sym>
    <type>user</type>
    <extensions>
      <PosType>0</PosType>
      <Speed>0.61149</Speed>
      <Accuracy>1.4</Accuracy>
      <Time>1773628937527</Time>
      <description><![CDATA[]]>
      </description>
      <FileId>1572026502</FileId>
      <FileSize>1434718</FileSize>
      <FileType>0</FileType>
    </extensions>
  </wpt>
  <wpt lat="29.1851733" lon="119.69914">
    <ele>222.7</ele>
    <time>2026-03-16T02:43:47Z</time>
    <name><![CDATA[
        ]]>
    </name>
    <cmt>
        </cmt>
    <desc><![CDATA[]]>
    </desc>
    <sym>Flag, Blue</sym>
    <type>user</type>
    <extensions>
      <PosType>0</PosType>
      <Speed>0.28155306</Speed>
      <Accuracy>1.4</Accuracy>
      <Time>1773629027501</Time>
      <description><![CDATA[]]>
      </description>
      <FileId>1572026498</FileId>
      <FileSize>1579824</FileSize>
      <FileType>0</FileType>
    </extensions>
  </wpt>
  <wpt lat="29.1852583" lon="119.6991017">
    <ele>237.6</ele>
    <time>2026-03-16T02:48:35Z</time>
    <name><![CDATA[
        ]]>
    </name>
    <cmt>
        </cmt>
    <desc><![CDATA[]]>
    </desc>
    <sym>Flag, Blue</sym>
    <type>user</type>
    <extensions>
      <PosType>0</PosType>
      <Speed>0.0</Speed>
      <Accuracy>1.4</Accuracy>
      <Time>1773629315438</Time>
      <description><![CDATA[]]>
      </description>
      <FileId>1572026491</FileId>
      <FileSize>547917</FileSize>
      <FileType>0</FileType>
    </extensions>
  </wpt>
  <wpt lat="29.1855084" lon="119.6995682">
    <ele>241.8</ele>
    <time>2026-03-16T02:55:41Z</time>
    <name><![CDATA[龟岩
        ]]>
    </name>
    <cmt>龟岩
        </cmt>
    <desc><![CDATA[]]>
    </desc>
    <sym>Flag, Blue</sym>
    <type>user</type>
    <extensions>
      <PosType>0</PosType>
      <Speed>0.76539195</Speed>
      <Accuracy>1.2</Accuracy>
      <Time>1773629741508</Time>
      <description><![CDATA[]]>
      </description>
      <FileId>1572026486</FileId>
      <FileSize>1560578</FileSize>
      <FileType>0</FileType>
    </extensions>
  </wpt>
  <wpt lat="29.1859507" lon="119.700125">
    <ele>266.2</ele>
    <time>2026-03-16T02:58:05Z</time>
    <name><![CDATA[
        ]]>
    </name>
    <cmt>
        </cmt>
    <desc><![CDATA[]]>
    </desc>
    <sym>Flag, Blue</sym>
    <type>user</type>
    <extensions>
      <PosType>0</PosType>
      <Speed>0.8359089</Speed>
      <Accuracy>1.3</Accuracy>
      <Time>1773629885508</Time>
      <description><![CDATA[]]>
      </description>
      <FileId>1572026484</FileId>
      <FileSize>1514284</FileSize>
      <FileType>0</FileType>
    </extensions>
  </wpt>
  <wpt lat="29.1860693" lon="119.7004689">
    <ele>282.1</ele>
    <time>2026-03-16T02:59:07Z</time>
    <name><![CDATA[
        ]]>
    </name>
    <cmt>
        </cmt>
    <desc><![CDATA[]]>
    </desc>
    <sym>Flag, Blue</sym>
    <type>user</type>
    <extensions>
      <PosType>0</PosType>
      <Speed>0.89819026</Speed>
      <Accuracy>1.4</Accuracy>
      <Time>1773629947542</Time>
      <description><![CDATA[]]>
      </description>
      <FileId>1572026479</FileId>
      <FileSize>699664</FileSize>
      <FileType>0</FileType>
    </extensions>
  </wpt>
  <wpt lat="29.1860693" lon="119.7004689">
    <ele>282.1</ele>
    <time>2026-03-16T02:59:07Z</time>
    <name><![CDATA[
        ]]>
    </name>
    <cmt>
        </cmt>
    <desc><![CDATA[]]>
    </desc>
    <sym>Flag, Blue</sym>
    <type>user</type>
    <extensions>
      <PosType>0</PosType>
      <Speed>0.89819026</Speed>
      <Accuracy>1.4</Accuracy>
      <Time>1773629947542</Time>
      <description><![CDATA[]]>
      </description>
      <FileId>1572026476</FileId>
      <FileSize>784974</FileSize>
      <FileType>0</FileType>
    </extensions>
  </wpt>
  <wpt lat="29.1860693" lon="119.7004689">
    <ele>282.1</ele>
    <time>2026-03-16T02:59:07Z</time>
    <name><![CDATA[凉亭对面继续往前
        ]]>
    </name>
    <cmt>凉亭对面继续往前
        </cmt>
    <desc><![CDATA[]]>
    </desc>
    <sym>Flag, Blue</sym>
    <type>user</type>
    <extensions>
      <PosType>0</PosType>
      <Speed>0.89819026</Speed>
      <Accuracy>1.4</Accuracy>
      <Time>1773629947542</Time>
      <description><![CDATA[]]>
      </description>
      <FileId>1572026423</FileId>
      <FileSize>2167005</FileSize>
      <FileType>0</FileType>
    </extensions>
  </wpt>
  <wpt lat="29.1866756" lon="119.7003824">
    <ele>275.2</ele>
    <time>2026-03-16T03:02:35Z</time>
    <name><![CDATA[标记桩
        ]]>
    </name>
    <cmt>标记桩
        </cmt>
    <desc><![CDATA[]]>
    </desc>
    <sym>Flag, Blue</sym>
    <type>user</type>
    <extensions>
      <PosType>0</PosType>
      <Speed>1.3099681</Speed>
      <Accuracy>1.3</Accuracy>
      <Time>1773630155479</Time>
      <description><![CDATA[]]>
      </description>
    </extensions>
  </wpt>
  <wpt lat="29.1866756" lon="119.7003824">
    <ele>275.2</ele>
    <time>2026-03-16T03:02:35Z</time>
    <name><![CDATA[
        ]]>
    </name>
    <cmt>
        </cmt>
    <desc><![CDATA[]]>
    </desc>
    <sym>Flag, Blue</sym>
    <type>user</type>
    <extensions>
      <PosType>0</PosType>
      <Speed>1.3099681</Speed>
      <Accuracy>1.3</Accuracy>
      <Time>1773630155479</Time>
      <description><![CDATA[]]>
      </description>
      <FileId>1572026421</FileId>
      <FileSize>1349930</FileSize>
      <FileType>0</FileType>
    </extensions>
  </wpt>
  <wpt lat="29.1874516" lon="119.7000284">
    <ele>288.5</ele>
    <time>2026-03-16T03:04:17Z</time>
    <name><![CDATA[标记桩
        ]]>
    </name>
    <cmt>标记桩
        </cmt>
    <desc><![CDATA[]]>
    </desc>
    <sym>Flag, Blue</sym>
    <type>user</type>
    <extensions>
      <PosType>0</PosType>
      <Speed>1.2188622</Speed>
      <Accuracy>1.3</Accuracy>
      <Time>1773630257448</Time>
      <description><![CDATA[]]>
      </description>
    </extensions>
  </wpt>
  <wpt lat="29.1875554" lon="119.699811">
    <ele>290.1</ele>
    <time>2026-03-16T03:04:35Z</time>
    <name><![CDATA[
        ]]>
    </name>
    <cmt>
        </cmt>
    <desc><![CDATA[]]>
    </desc>
    <sym>Flag, Blue</sym>
    <type>user</type>
    <extensions>
      <PosType>0</PosType>
      <Speed>1.5729911</Speed>
      <Accuracy>1.1</Accuracy>
      <Time>1773630275464</Time>
      <description><![CDATA[]]>
      </description>
      <FileId>1572026418</FileId>
      <FileSize>747374</FileSize>
      <FileType>0</FileType>
    </extensions>
  </wpt>
  <wpt lat="29.1876729" lon="119.6996042">
    <ele>292.2</ele>
    <time>2026-03-16T03:04:53Z</time>
    <name><![CDATA[
        ]]>
    </name>
    <cmt>
        </cmt>
    <desc><![CDATA[]]>
    </desc>
    <sym>Flag, Blue</sym>
    <type>user</type>
    <extensions>
      <PosType>0</PosType>
      <Speed>1.430413</Speed>
      <Accuracy>1.2</Accuracy>
      <Time>1773630293473</Time>
      <description><![CDATA[]]>
      </description>
      <FileId>1572026416</FileId>
      <FileSize>1559311</FileSize>
      <FileType>0</FileType>
    </extensions>
  </wpt>
  <wpt lat="29.1879619" lon="119.6993272">
    <ele>291.2</ele>
    <time>2026-03-16T03:06:15Z</time>
    <name><![CDATA[下坡
        ]]>
    </name>
    <cmt>下坡
        </cmt>
    <desc><![CDATA[]]>
    </desc>
    <sym>Flag, Blue</sym>
    <type>user</type>
    <extensions>
      <PosType>0</PosType>
      <Speed>0.78958386</Speed>
      <Accuracy>1.3</Accuracy>
      <Time>1773630375475</Time>
      <description><![CDATA[]]>
      </description>
    </extensions>
  </wpt>
  <wpt lat="29.1880411" lon="119.6993696">
    <ele>287.8</ele>
    <time>2026-03-16T03:06:35Z</time>
    <name><![CDATA[左转
        ]]>
    </name>
    <cmt>左转
        </cmt>
    <desc><![CDATA[]]>
    </desc>
    <sym>Flag, Blue</sym>
    <type>user</type>
    <extensions>
      <PosType>0</PosType>
      <Speed>0.62435806</Speed>
      <Accuracy>1.4</Accuracy>
      <Time>1773630395447</Time>
      <description><![CDATA[]]>
      </description>
      <FileId>1572026410</FileId>
      <FileSize>2734463</FileSize>
      <FileType>0</FileType>
    </extensions>
  </wpt>
  <wpt lat="29.1888658" lon="119.6997551">
    <ele>300.1</ele>
    <time>2026-03-16T03:09:23Z</time>
    <name><![CDATA[下坡
        ]]>
    </name>
    <cmt>下坡
        </cmt>
    <desc><![CDATA[]]>
    </desc>
    <sym>Flag, Blue</sym>
    <type>user</type>
    <extensions>
      <PosType>0</PosType>
      <Speed>0.0</Speed>
      <Accuracy>1.2</Accuracy>
      <Time>1773630563414</Time>
      <description><![CDATA[]]>
      </description>
    </extensions>
  </wpt>
  <wpt lat="29.1890337" lon="119.6998293">
    <ele>291.8</ele>
    <time>2026-03-16T03:10:07Z</time>
    <name><![CDATA[汇合，另外一边比较好走
        ]]>
    </name>
    <cmt>汇合，另外一边比较好走
        </cmt>
    <desc><![CDATA[]]>
    </desc>
    <sym>Flag, Blue</sym>
    <type>user</type>
    <extensions>
      <PosType>0</PosType>
      <Speed>0.5981072</Speed>
      <Accuracy>1.3</Accuracy>
      <Time>1773630607476</Time>
      <description><![CDATA[]]>
      </description>
      <FileId>1572026408</FileId>
      <FileSize>1646353</FileSize>
      <FileType>0</FileType>
    </extensions>
  </wpt>
  <wpt lat="29.1891173" lon="119.6997881">
    <ele>286.7</ele>
    <time>2026-03-16T03:10:31Z</time>
    <name><![CDATA[
        ]]>
    </name>
    <cmt>
        </cmt>
    <desc><![CDATA[]]>
    </desc>
    <sym>Flag, Blue</sym>
    <type>user</type>
    <extensions>
      <PosType>0</PosType>
      <Speed>0.40766</Speed>
      <Accuracy>1.2</Accuracy>
      <Time>1773630631447</Time>
      <description><![CDATA[]]>
      </description>
      <FileId>1572026405</FileId>
      <FileSize>1070465</FileSize>
      <FileType>0</FileType>
    </extensions>
  </wpt>
  <wpt lat="29.1896553" lon="119.6994125">
    <ele>268.9</ele>
    <time>2026-03-16T03:12:13Z</time>
    <name><![CDATA[一直都是土路
        ]]>
    </name>
    <cmt>一直都是土路
        </cmt>
    <desc><![CDATA[]]>
    </desc>
    <sym>Flag, Blue</sym>
    <type>user</type>
    <extensions>
      <PosType>0</PosType>
      <Speed>1.0706222</Speed>
      <Accuracy>1.4</Accuracy>
      <Time>1773630733450</Time>
      <description><![CDATA[]]>
      </description>
      <FileId>1572026401</FileId>
      <FileSize>1372602</FileSize>
      <FileType>0</FileType>
    </extensions>
  </wpt>
  <wpt lat="29.1901508" lon="119.6987932">
    <ele>263.1</ele>
    <time>2026-03-16T03:13:09Z</time>
    <name><![CDATA[远看水库
        ]]>
    </name>
    <cmt>远看水库
        </cmt>
    <desc><![CDATA[]]>
    </desc>
    <sym>Flag, Blue</sym>
    <type>user</type>
    <extensions>
      <PosType>0</PosType>
      <Speed>1.7037306</Speed>
      <Accuracy>1.3</Accuracy>
      <Time>1773630789427</Time>
      <description><![CDATA[]]>
      </description>
      <FileId>1572026395</FileId>
      <FileSize>1425020</FileSize>
      <FileType>0</FileType>
    </extensions>
  </wpt>
  <wpt lat="29.190319" lon="119.6985361">
    <ele>255.7</ele>
    <time>2026-03-16T03:13:39Z</time>
    <name><![CDATA[右转
        ]]>
    </name>
    <cmt>右转
        </cmt>
    <desc><![CDATA[]]>
    </desc>
    <sym>Flag, Blue</sym>
    <type>user</type>
    <extensions>
      <PosType>0</PosType>
      <Speed>1.3882059</Speed>
      <Accuracy>1.2</Accuracy>
      <Time>1773630819449</Time>
      <description><![CDATA[]]>
      </description>
      <FileId>1572026391</FileId>
      <FileSize>2701135</FileSize>
      <FileType>0</FileType>
    </extensions>
  </wpt>
  <wpt lat="29.191287" lon="119.7000828">
    <ele>255.4</ele>
    <time>2026-03-16T03:16:33Z</time>
    <name><![CDATA[右侧绕过
        ]]>
    </name>
    <cmt>右侧绕过
        </cmt>
    <desc><![CDATA[]]>
    </desc>
    <sym>Flag, Blue</sym>
    <type>user</type>
    <extensions>
      <PosType>0</PosType>
      <Speed>1.3485723</Speed>
      <Accuracy>1.1</Accuracy>
      <Time>1773630993449</Time>
      <description><![CDATA[]]>
      </description>
      <FileId>1572026386</FileId>
      <FileSize>929667</FileSize>
      <FileType>0</FileType>
    </extensions>
  </wpt>
  <wpt lat="29.1916029" lon="119.700464">
    <ele>255.8</ele>
    <time>2026-03-16T03:18:29Z</time>
    <name><![CDATA[
        ]]>
    </name>
    <cmt>
        </cmt>
    <desc><![CDATA[]]>
    </desc>
    <sym>Flag, Blue</sym>
    <type>user</type>
    <extensions>
      <PosType>0</PosType>
      <Speed>1.3233508</Speed>
      <Accuracy>1.5</Accuracy>
      <Time>1773631109422</Time>
      <description><![CDATA[]]>
      </description>
      <FileId>1572026383</FileId>
      <FileSize>1288014</FileSize>
      <FileType>0</FileType>
    </extensions>
  </wpt>
  <wpt lat="29.1918407" lon="119.7005744">
    <ele>260.8</ele>
    <time>2026-03-16T03:19:13Z</time>
    <name><![CDATA[
        ]]>
    </name>
    <cmt>
        </cmt>
    <desc><![CDATA[]]>
    </desc>
    <sym>Flag, Blue</sym>
    <type>user</type>
    <extensions>
      <PosType>0</PosType>
      <Speed>0.9259853</Speed>
      <Accuracy>1.4</Accuracy>
      <Time>1773631153411</Time>
      <description><![CDATA[]]>
      </description>
      <FileId>1572026377</FileId>
      <FileSize>1097422</FileSize>
      <FileType>0</FileType>
    </extensions>
  </wpt>
  <wpt lat="29.1921791" lon="119.7003441">
    <ele>263.8</ele>
    <time>2026-03-16T03:19:51Z</time>
    <name><![CDATA[
        ]]>
    </name>
    <cmt>
        </cmt>
    <desc><![CDATA[]]>
    </desc>
    <sym>Flag, Blue</sym>
    <type>user</type>
    <extensions>
      <PosType>0</PosType>
      <Speed>1.0685633</Speed>
      <Accuracy>1.5</Accuracy>
      <Time>1773631191448</Time>
      <description><![CDATA[]]>
      </description>
      <FileId>1572026373</FileId>
      <FileSize>1264708</FileSize>
      <FileType>0</FileType>
    </extensions>
  </wpt>
  <wpt lat="29.1926347" lon="119.7005695">
    <ele>264.6</ele>
    <time>2026-03-16T03:20:39Z</time>
    <name><![CDATA[
        ]]>
    </name>
    <cmt>
        </cmt>
    <desc><![CDATA[]]>
    </desc>
    <sym>Flag, Blue</sym>
    <type>user</type>
    <extensions>
      <PosType>0</PosType>
      <Speed>0.90899944</Speed>
      <Accuracy>1.2</Accuracy>
      <Time>1773631239487</Time>
      <description><![CDATA[]]>
      </description>
      <FileId>1572026366</FileId>
      <FileSize>832386</FileSize>
      <FileType>0</FileType>
    </extensions>
  </wpt>
  <wpt lat="29.1926347" lon="119.7005695">
    <ele>264.6</ele>
    <time>2026-03-16T03:20:39Z</time>
    <name><![CDATA[
        ]]>
    </name>
    <cmt>
        </cmt>
    <desc><![CDATA[]]>
    </desc>
    <sym>Flag, Blue</sym>
    <type>user</type>
    <extensions>
      <PosType>0</PosType>
      <Speed>0.90899944</Speed>
      <Accuracy>1.2</Accuracy>
      <Time>1773631239487</Time>
      <description><![CDATA[]]>
      </description>
      <FileId>1572026361</FileId>
      <FileSize>1288595</FileSize>
      <FileType>0</FileType>
    </extensions>
  </wpt>
  <wpt lat="29.19281" lon="119.70056">
    <ele>270.0</ele>
    <time>2026-03-16T03:22:51Z</time>
    <name><![CDATA[
        ]]>
    </name>
    <cmt>
        </cmt>
    <desc><![CDATA[]]>
    </desc>
    <sym>Flag, Blue</sym>
    <type>user</type>
    <extensions>
      <PosType>0</PosType>
      <Speed>0.9012786</Speed>
      <Accuracy>1.2</Accuracy>
      <Time>1773631371438</Time>
      <description><![CDATA[]]>
      </description>
      <FileId>1572026353</FileId>
      <FileSize>1575190</FileSize>
      <FileType>0</FileType>
    </extensions>
  </wpt>
  <wpt lat="29.19281" lon="119.70056">
    <ele>270.0</ele>
    <time>2026-03-16T03:22:51Z</time>
    <name><![CDATA[卫生间
        ]]>
    </name>
    <cmt>卫生间
        </cmt>
    <desc><![CDATA[]]>
    </desc>
    <sym>Flag, Blue</sym>
    <type>user</type>
    <extensions>
      <PosType>0</PosType>
      <Speed>0.9012786</Speed>
      <Accuracy>1.2</Accuracy>
      <Time>1773631371438</Time>
      <description><![CDATA[]]>
      </description>
      <FileId>1572026347</FileId>
      <FileSize>1501260</FileSize>
      <FileType>0</FileType>
    </extensions>
  </wpt>
  <wpt lat="29.1932573" lon="119.7000859">
    <ele>273.5</ele>
    <time>2026-03-16T03:24:41Z</time>
    <name><![CDATA[走出去
        ]]>
    </name>
    <cmt>走出去
        </cmt>
    <desc><![CDATA[]]>
    </desc>
    <sym>Flag, Blue</sym>
    <type>user</type>
    <extensions>
      <PosType>0</PosType>
      <Speed>0.6784039</Speed>
      <Accuracy>1.3</Accuracy>
      <Time>1773631481434</Time>
      <description><![CDATA[]]>
      </description>
      <FileId>1572026339</FileId>
      <FileSize>1019588</FileSize>
      <FileType>0</FileType>
    </extensions>
  </wpt>
  <wpt lat="29.1932533" lon="119.6997167">
    <ele>268.1</ele>
    <time>2026-03-16T03:29:03Z</time>
    <name><![CDATA[
        ]]>
    </name>
    <cmt>
        </cmt>
    <desc><![CDATA[]]>
    </desc>
    <sym>Flag, Blue</sym>
    <type>user</type>
    <extensions>
      <PosType>0</PosType>
      <Speed>0.32736334</Speed>
      <Accuracy>1.5</Accuracy>
      <Time>1773631743355</Time>
      <description><![CDATA[]]>
      </description>
      <FileId>1572026334</FileId>
      <FileSize>1169950</FileSize>
      <FileType>0</FileType>
    </extensions>
  </wpt>
  <wpt lat="29.1932617" lon="119.69983">
    <ele>270.1</ele>
    <time>2026-03-16T03:29:55Z</time>
    <name><![CDATA[继续前进
        ]]>
    </name>
    <cmt>继续前进
        </cmt>
    <desc><![CDATA[]]>
    </desc>
    <sym>Flag, Blue</sym>
    <type>user</type>
    <extensions>
      <PosType>0</PosType>
      <Speed>0.0</Speed>
      <Accuracy>1.4</Accuracy>
      <Time>1773631795433</Time>
      <description><![CDATA[]]>
      </description>
      <FileId>1572026329</FileId>
      <FileSize>1422688</FileSize>
      <FileType>0</FileType>
    </extensions>
  </wpt>
  <wpt lat="29.1937241" lon="119.6998566">
    <ele>270.6</ele>
    <time>2026-03-16T03:31:07Z</time>
    <name><![CDATA[走出去
        ]]>
    </name>
    <cmt>走出去
        </cmt>
    <desc><![CDATA[]]>
    </desc>
    <sym>Flag, Blue</sym>
    <type>user</type>
    <extensions>
      <PosType>0</PosType>
      <Speed>0.84826225</Speed>
      <Accuracy>1.5</Accuracy>
      <Time>1773631867368</Time>
      <description><![CDATA[]]>
      </description>
      <FileId>1572026325</FileId>
      <FileSize>1736397</FileSize>
      <FileType>0</FileType>
    </extensions>
  </wpt>
  <wpt lat="29.1940935" lon="119.7001435">
    <ele>272.3</ele>
    <time>2026-03-16T03:32:47Z</time>
    <name><![CDATA[过不去了，改往下
        ]]>
    </name>
    <cmt>过不去了，改往下
        </cmt>
    <desc><![CDATA[]]>
    </desc>
    <sym>Flag, Blue</sym>
    <type>user</type>
    <extensions>
      <PosType>0</PosType>
      <Speed>0.74017054</Speed>
      <Accuracy>1.6</Accuracy>
      <Time>1773631967427</Time>
      <description><![CDATA[]]>
      </description>
      <FileId>1572026316</FileId>
      <FileSize>1796192</FileSize>
      <FileType>0</FileType>
    </extensions>
  </wpt>
  <wpt lat="29.1941273" lon="119.7002454">
    <ele>271.4</ele>
    <time>2026-03-16T03:33:19Z</time>
    <name><![CDATA[这里有路
        ]]>
    </name>
    <cmt>这里有路
        </cmt>
    <desc><![CDATA[]]>
    </desc>
    <sym>Flag, Blue</sym>
    <type>user</type>
    <extensions>
      <PosType>0</PosType>
      <Speed>0.92547053</Speed>
      <Accuracy>1.4</Accuracy>
      <Time>1773631999428</Time>
      <description><![CDATA[]]>
      </description>
      <FileId>1572026309</FileId>
      <FileSize>1774047</FileSize>
      <FileType>0</FileType>
    </extensions>
  </wpt>
  <wpt lat="29.1954273" lon="119.7022429">
    <ele>245.7</ele>
    <time>2026-03-16T03:38:47Z</time>
    <name><![CDATA[都是田间小路
        ]]>
    </name>
    <cmt>都是田间小路
        </cmt>
    <desc><![CDATA[]]>
    </desc>
    <sym>Flag, Blue</sym>
    <type>user</type>
    <extensions>
      <PosType>0</PosType>
      <Speed>1.0294445</Speed>
      <Accuracy>1.5</Accuracy>
      <Time>1773632327389</Time>
      <description><![CDATA[]]>
      </description>
      <FileId>1572026304</FileId>
      <FileSize>1754482</FileSize>
      <FileType>0</FileType>
    </extensions>
  </wpt>
  <wpt lat="29.1962294" lon="119.7026197">
    <ele>216.6</ele>
    <time>2026-03-16T03:41:49Z</time>
    <name><![CDATA[有坟墓
        ]]>
    </name>
    <cmt>有坟墓
        </cmt>
    <desc><![CDATA[]]>
    </desc>
    <sym>Flag, Blue</sym>
    <type>user</type>
    <extensions>
      <PosType>0</PosType>
      <Speed>0.7417147</Speed>
      <Accuracy>1.4</Accuracy>
      <Time>1773632509430</Time>
      <description><![CDATA[]]>
      </description>
    </extensions>
  </wpt>
  <wpt lat="29.1964207" lon="119.7026297">
    <ele>209.6</ele>
    <time>2026-03-16T03:42:17Z</time>
    <name><![CDATA[
        ]]>
    </name>
    <cmt>
        </cmt>
    <desc><![CDATA[]]>
    </desc>
    <sym>Flag, Blue</sym>
    <type>user</type>
    <extensions>
      <PosType>0</PosType>
      <Speed>0.92547053</Speed>
      <Accuracy>1.2</Accuracy>
      <Time>1773632537401</Time>
      <description><![CDATA[]]>
      </description>
      <FileId>1572026297</FileId>
      <FileSize>1521620</FileSize>
      <FileType>0</FileType>
    </extensions>
  </wpt>
  <wpt lat="29.1969035" lon="119.702896">
    <ele>202.9</ele>
    <time>2026-03-16T03:43:35Z</time>
    <name><![CDATA[
        ]]>
    </name>
    <cmt>
        </cmt>
    <desc><![CDATA[]]>
    </desc>
    <sym>Flag, Blue</sym>
    <type>user</type>
    <extensions>
      <PosType>0</PosType>
      <Speed>0.9151761</Speed>
      <Accuracy>1.3</Accuracy>
      <Time>1773632615425</Time>
      <description><![CDATA[]]>
      </description>
      <FileId>1572026288</FileId>
      <FileSize>1513812</FileSize>
      <FileType>0</FileType>
    </extensions>
  </wpt>
  <wpt lat="29.1971808" lon="119.7033485">
    <ele>189.3</ele>
    <time>2026-03-16T03:45:19Z</time>
    <name><![CDATA[老房子
        ]]>
    </name>
    <cmt>老房子
        </cmt>
    <desc><![CDATA[]]>
    </desc>
    <sym>Flag, Blue</sym>
    <type>user</type>
    <extensions>
      <PosType>0</PosType>
      <Speed>0.0</Speed>
      <Accuracy>1.5</Accuracy>
      <Time>1773632719360</Time>
      <description><![CDATA[]]>
      </description>
      <FileId>1572026280</FileId>
      <FileSize>763304</FileSize>
      <FileType>0</FileType>
    </extensions>
  </wpt>
  <wpt lat="29.1971906" lon="119.7044545">
    <ele>194.9</ele>
    <time>2026-03-16T03:48:15Z</time>
    <name><![CDATA[台阶往下
        ]]>
    </name>
    <cmt>台阶往下
        </cmt>
    <desc><![CDATA[]]>
    </desc>
    <sym>Flag, Blue</sym>
    <type>user</type>
    <extensions>
      <PosType>0</PosType>
      <Speed>1.3681316</Speed>
      <Accuracy>1.5</Accuracy>
      <Time>1773632895408</Time>
      <description><![CDATA[]]>
      </description>
      <FileId>1572026276</FileId>
      <FileSize>1945610</FileSize>
      <FileType>0</FileType>
    </extensions>
  </wpt>
  <wpt lat="29.1971808" lon="119.7045093">
    <ele>193.1</ele>
    <time>2026-03-16T03:48:27Z</time>
    <name><![CDATA[小卖部
        ]]>
    </name>
    <cmt>小卖部
        </cmt>
    <desc><![CDATA[]]>
    </desc>
    <sym>Flag, Blue</sym>
    <type>user</type>
    <extensions>
      <PosType>0</PosType>
      <Speed>0.0</Speed>
      <Accuracy>1.3</Accuracy>
      <Time>1773632907440</Time>
      <description><![CDATA[]]>
      </description>
      <FileId>1572026272</FileId>
      <FileSize>842285</FileSize>
      <FileType>0</FileType>
    </extensions>
  </wpt>
  <wpt lat="29.197366" lon="119.7046611">
    <ele>192.9</ele>
    <time>2026-03-16T03:49:47Z</time>
    <name><![CDATA[养老中心
        ]]>
    </name>
    <cmt>养老中心
        </cmt>
    <desc><![CDATA[]]>
    </desc>
    <sym>Flag, Blue</sym>
    <type>user</type>
    <extensions>
      <PosType>0</PosType>
      <Speed>0.9481183</Speed>
      <Accuracy>1.6</Accuracy>
      <Time>1773632987422</Time>
      <description><![CDATA[]]>
      </description>
      <FileId>1572026267</FileId>
      <FileSize>690343</FileSize>
      <FileType>0</FileType>
    </extensions>
  </wpt>
  <wpt lat="29.1971212" lon="119.7054144">
    <ele>190.3</ele>
    <time>2026-03-16T03:51:15Z</time>
    <name><![CDATA[大樟树
        ]]>
    </name>
    <cmt>大樟树
        </cmt>
    <desc><![CDATA[]]>
    </desc>
    <sym>Flag, Blue</sym>
    <type>user</type>
    <extensions>
      <PosType>0</PosType>
      <Speed>1.0052525</Speed>
      <Accuracy>1.5</Accuracy>
      <Time>1773633075432</Time>
      <description><![CDATA[]]>
      </description>
      <FileId>1572026263</FileId>
      <FileSize>1086961</FileSize>
      <FileType>0</FileType>
    </extensions>
  </wpt>
  <wpt lat="29.1970886" lon="119.7055312">
    <ele>189.6</ele>
    <time>2026-03-16T03:51:27Z</time>
    <name><![CDATA[左转
        ]]>
    </name>
    <cmt>左转
        </cmt>
    <desc><![CDATA[]]>
    </desc>
    <sym>Flag, Blue</sym>
    <type>user</type>
    <extensions>
      <PosType>0</PosType>
      <Speed>1.0170912</Speed>
      <Accuracy>1.3</Accuracy>
      <Time>1773633087445</Time>
      <description><![CDATA[]]>
      </description>
    </extensions>
  </wpt>
  <wpt lat="29.1976131" lon="119.7057986">
    <ele>184.1</ele>
    <time>2026-03-16T03:52:47Z</time>
    <name><![CDATA[
        ]]>
    </name>
    <cmt>
        </cmt>
    <desc><![CDATA[]]>
    </desc>
    <sym>Flag, Blue</sym>
    <type>user</type>
    <extensions>
      <PosType>0</PosType>
      <Speed>0.86318916</Speed>
      <Accuracy>1.3</Accuracy>
      <Time>1773633167450</Time>
      <description><![CDATA[]]>
      </description>
      <FileId>1572026257</FileId>
      <FileSize>877014</FileSize>
      <FileType>0</FileType>
    </extensions>
  </wpt>
  <wpt lat="29.1972733" lon="119.70622">
    <ele>175.5</ele>
    <time>2026-03-16T04:01:20Z</time>
    <name><![CDATA[卫生间
        ]]>
    </name>
    <cmt>卫生间
        </cmt>
    <desc><![CDATA[]]>
    </desc>
    <sym>Flag, Blue</sym>
    <type>user</type>
    <extensions>
      <PosType>0</PosType>
      <Speed>0.74892086</Speed>
      <Accuracy>1.6</Accuracy>
      <Time>1773633680435</Time>
      <description><![CDATA[]]>
      </description>
      <FileId>1572026250</FileId>
      <FileSize>678291</FileSize>
      <FileType>0</FileType>
    </extensions>
  </wpt>
  <wpt lat="29.1971429" lon="119.7068857">
    <ele>177.0</ele>
    <time>2026-03-16T04:05:00Z</time>
    <name><![CDATA[
        ]]>
    </name>
    <cmt>
        </cmt>
    <desc><![CDATA[]]>
    </desc>
    <sym>Flag, Blue</sym>
    <type>user</type>
    <extensions>
      <PosType>0</PosType>
      <Speed>0.8132611</Speed>
      <Accuracy>1.3</Accuracy>
      <Time>1773633900441</Time>
      <description><![CDATA[]]>
      </description>
      <FileId>1572026245</FileId>
      <FileSize>825110</FileSize>
      <FileType>0</FileType>
    </extensions>
  </wpt>
  <wpt lat="29.197089" lon="119.7069773">
    <ele>176.7</ele>
    <time>2026-03-16T04:05:12Z</time>
    <name><![CDATA[走下面看看水库
        ]]>
    </name>
    <cmt>走下面看看水库
        </cmt>
    <desc><![CDATA[]]>
    </desc>
    <sym>Flag, Blue</sym>
    <type>user</type>
    <extensions>
      <PosType>0</PosType>
      <Speed>1.013488</Speed>
      <Accuracy>1.3</Accuracy>
      <Time>1773633912447</Time>
      <description><![CDATA[]]>
      </description>
    </extensions>
  </wpt>
  <wpt lat="29.1965916" lon="119.7077075">
    <ele>175.9</ele>
    <time>2026-03-16T04:07:00Z</time>
    <name><![CDATA[水坑有鱼
        ]]>
    </name>
    <cmt>水坑有鱼
        </cmt>
    <desc><![CDATA[]]>
    </desc>
    <sym>Flag, Blue</sym>
    <type>user</type>
    <extensions>
      <PosType>0</PosType>
      <Speed>0.0</Speed>
      <Accuracy>1.1</Accuracy>
      <Time>1773634020433</Time>
      <description><![CDATA[]]>
      </description>
      <FileId>1572026240</FileId>
      <FileSize>1222185</FileSize>
      <FileType>0</FileType>
    </extensions>
  </wpt>
  <wpt lat="29.196354" lon="119.7080357">
    <ele>173.4</ele>
    <time>2026-03-16T04:08:14Z</time>
    <name><![CDATA[走回公路
        ]]>
    </name>
    <cmt>走回公路
        </cmt>
    <desc><![CDATA[]]>
    </desc>
    <sym>Flag, Blue</sym>
    <type>user</type>
    <extensions>
      <PosType>0</PosType>
      <Speed>0.9620158</Speed>
      <Accuracy>1.3</Accuracy>
      <Time>1773634094437</Time>
      <description><![CDATA[]]>
      </description>
      <FileId>1572026233</FileId>
      <FileSize>1266253</FileSize>
      <FileType>0</FileType>
    </extensions>
  </wpt>
  <wpt lat="29.1967888" lon="119.7082591">
    <ele>181.4</ele>
    <time>2026-03-16T04:09:42Z</time>
    <name><![CDATA[
        ]]>
    </name>
    <cmt>
        </cmt>
    <desc><![CDATA[]]>
    </desc>
    <sym>Flag, Blue</sym>
    <type>user</type>
    <extensions>
      <PosType>0</PosType>
      <Speed>0.98517835</Speed>
      <Accuracy>1.3</Accuracy>
      <Time>1773634182452</Time>
      <description><![CDATA[]]>
      </description>
      <FileId>1572026227</FileId>
      <FileSize>1975745</FileSize>
      <FileType>0</FileType>
    </extensions>
  </wpt>
  <wpt lat="29.1968789" lon="119.7089416">
    <ele>192.4</ele>
    <time>2026-03-16T04:11:10Z</time>
    <name><![CDATA[公路
        ]]>
    </name>
    <cmt>公路
        </cmt>
    <desc><![CDATA[]]>
    </desc>
    <sym>Flag, Blue</sym>
    <type>user</type>
    <extensions>
      <PosType>0</PosType>
      <Speed>1.3357042</Speed>
      <Accuracy>1.2</Accuracy>
      <Time>1773634270461</Time>
      <description><![CDATA[]]>
      </description>
      <FileId>1572026172</FileId>
      <FileSize>997747</FileSize>
      <FileType>0</FileType>
    </extensions>
  </wpt>
  <wpt lat="29.1968703" lon="119.709767">
    <ele>197.9</ele>
    <time>2026-03-16T04:12:14Z</time>
    <name><![CDATA[左转
        ]]>
    </name>
    <cmt>左转
        </cmt>
    <desc><![CDATA[]]>
    </desc>
    <sym>Flag, Blue</sym>
    <type>user</type>
    <extensions>
      <PosType>0</PosType>
      <Speed>1.4571786</Speed>
      <Accuracy>1.3</Accuracy>
      <Time>1773634334436</Time>
      <description><![CDATA[]]>
      </description>
      <FileId>1572026157</FileId>
      <FileSize>1620030</FileSize>
      <FileType>0</FileType>
    </extensions>
  </wpt>
  <wpt lat="29.1967369" lon="119.7102337">
    <ele>204.2</ele>
    <time>2026-03-16T04:13:10Z</time>
    <name><![CDATA[松缘居
        ]]>
    </name>
    <cmt>松缘居
        </cmt>
    <desc><![CDATA[]]>
    </desc>
    <sym>Flag, Blue</sym>
    <type>user</type>
    <extensions>
      <PosType>0</PosType>
      <Speed>1.2497456</Speed>
      <Accuracy>1.3</Accuracy>
      <Time>1773634390469</Time>
      <description><![CDATA[]]>
      </description>
      <FileId>1572026153</FileId>
      <FileSize>864796</FileSize>
      <FileType>0</FileType>
    </extensions>
  </wpt>
  <wpt lat="29.1967409" lon="119.7102891">
    <ele>208.2</ele>
    <time>2026-03-16T04:13:30Z</time>
    <name><![CDATA[凉亭
        ]]>
    </name>
    <cmt>凉亭
        </cmt>
    <desc><![CDATA[]]>
    </desc>
    <sym>Flag, Blue</sym>
    <type>user</type>
    <extensions>
      <PosType>0</PosType>
      <Speed>0.0</Speed>
      <Accuracy>1.1</Accuracy>
      <Time>1773634410433</Time>
      <description><![CDATA[]]>
      </description>
      <FileId>1572026147</FileId>
      <FileSize>1127531</FileSize>
      <FileType>0</FileType>
    </extensions>
  </wpt>
  <wpt lat="29.1967945" lon="119.7107265">
    <ele>206.7</ele>
    <time>2026-03-16T04:15:38Z</time>
    <name><![CDATA[
        ]]>
    </name>
    <cmt>
        </cmt>
    <desc><![CDATA[]]>
    </desc>
    <sym>Flag, Blue</sym>
    <type>user</type>
    <extensions>
      <PosType>0</PosType>
      <Speed>1.1694489</Speed>
      <Accuracy>1.4</Accuracy>
      <Time>1773634538426</Time>
      <description><![CDATA[]]>
      </description>
      <FileId>1572026142</FileId>
      <FileSize>605067</FileSize>
      <FileType>0</FileType>
    </extensions>
  </wpt>
  <wpt lat="29.1969401" lon="119.7108645">
    <ele>210.8</ele>
    <time>2026-03-16T04:16:38Z</time>
    <name><![CDATA[
        ]]>
    </name>
    <cmt>
        </cmt>
    <desc><![CDATA[]]>
    </desc>
    <sym>Flag, Blue</sym>
    <type>user</type>
    <extensions>
      <PosType>0</PosType>
      <Speed>1.0721664</Speed>
      <Accuracy>1.4</Accuracy>
      <Time>1773634598435</Time>
      <description><![CDATA[]]>
      </description>
      <FileId>1572026135</FileId>
      <FileSize>778685</FileSize>
      <FileType>0</FileType>
    </extensions>
  </wpt>
  <wpt lat="29.1971644" lon="119.7109342">
    <ele>207.1</ele>
    <time>2026-03-16T04:17:38Z</time>
    <name><![CDATA[
        ]]>
    </name>
    <cmt>
        </cmt>
    <desc><![CDATA[]]>
    </desc>
    <sym>Flag, Blue</sym>
    <type>user</type>
    <extensions>
      <PosType>0</PosType>
      <Speed>0.8081139</Speed>
      <Accuracy>1.6</Accuracy>
      <Time>1773634658408</Time>
      <description><![CDATA[]]>
      </description>
      <FileId>1572026130</FileId>
      <FileSize>667097</FileSize>
      <FileType>0</FileType>
    </extensions>
  </wpt>
  <wpt lat="29.1971159" lon="119.7111699">
    <ele>209.0</ele>
    <time>2026-03-16T04:18:56Z</time>
    <name><![CDATA[
        ]]>
    </name>
    <cmt>
        </cmt>
    <desc><![CDATA[]]>
    </desc>
    <sym>Flag, Blue</sym>
    <type>user</type>
    <extensions>
      <PosType>0</PosType>
      <Speed>0.6547267</Speed>
      <Accuracy>1.4</Accuracy>
      <Time>1773634736438</Time>
      <description><![CDATA[]]>
      </description>
      <FileId>1572026125</FileId>
      <FileSize>779667</FileSize>
      <FileType>0</FileType>
    </extensions>
  </wpt>
  <wpt lat="29.1972614" lon="119.7116268">
    <ele>220.0</ele>
    <time>2026-03-16T04:20:08Z</time>
    <name><![CDATA[寺庙
        ]]>
    </name>
    <cmt>寺庙
        </cmt>
    <desc><![CDATA[]]>
    </desc>
    <sym>Flag, Blue</sym>
    <type>user</type>
    <extensions>
      <PosType>0</PosType>
      <Speed>1.0196648</Speed>
      <Accuracy>1.4</Accuracy>
      <Time>1773634808432</Time>
      <description><![CDATA[]]>
      </description>
      <FileId>1572026116</FileId>
      <FileSize>1048084</FileSize>
      <FileType>0</FileType>
    </extensions>
  </wpt>
  <wpt lat="29.1972197" lon="119.7117354">
    <ele>228.9</ele>
    <time>2026-03-16T04:20:56Z</time>
    <name><![CDATA[
        ]]>
    </name>
    <cmt>
        </cmt>
    <desc><![CDATA[]]>
    </desc>
    <sym>Flag, Blue</sym>
    <type>user</type>
    <extensions>
      <PosType>0</PosType>
      <Speed>1.028415</Speed>
      <Accuracy>1.4</Accuracy>
      <Time>1773634856445</Time>
      <description><![CDATA[]]>
      </description>
      <FileId>1572026110</FileId>
      <FileSize>2195131</FileSize>
      <FileType>0</FileType>
    </extensions>
  </wpt>
  <wpt lat="29.1969475" lon="119.7117728">
    <ele>226.3</ele>
    <time>2026-03-16T04:22:10Z</time>
    <name><![CDATA[右转
        ]]>
    </name>
    <cmt>右转
        </cmt>
    <desc><![CDATA[]]>
    </desc>
    <sym>Flag, Blue</sym>
    <type>user</type>
    <extensions>
      <PosType>0</PosType>
      <Speed>0.87914556</Speed>
      <Accuracy>1.2</Accuracy>
      <Time>1773634930431</Time>
      <description><![CDATA[]]>
      </description>
      <FileId>1572026106</FileId>
      <FileSize>1969163</FileSize>
      <FileType>0</FileType>
    </extensions>
  </wpt>
  <wpt lat="29.1963905" lon="119.7125412">
    <ele>220.3</ele>
    <time>2026-03-16T04:25:16Z</time>
    <name><![CDATA[一直都是这种路
        ]]>
    </name>
    <cmt>一直都是这种路
        </cmt>
    <desc><![CDATA[]]>
    </desc>
    <sym>Flag, Blue</sym>
    <type>user</type>
    <extensions>
      <PosType>0</PosType>
      <Speed>1.124668</Speed>
      <Accuracy>1.4</Accuracy>
      <Time>1773635116434</Time>
      <description><![CDATA[]]>
      </description>
      <FileId>1572026103</FileId>
      <FileSize>1369979</FileSize>
      <FileType>0</FileType>
    </extensions>
  </wpt>
  <wpt lat="29.1934063" lon="119.7118614">
    <ele>211.1</ele>
    <time>2026-03-16T04:43:50Z</time>
    <name><![CDATA[走错了
        ]]>
    </name>
    <cmt>走错了
        </cmt>
    <desc><![CDATA[]]>
    </desc>
    <sym>Flag, Blue</sym>
    <type>user</type>
    <extensions>
      <PosType>0</PosType>
      <Speed>0.8240703</Speed>
      <Accuracy>1.7</Accuracy>
      <Time>1773636230448</Time>
      <description><![CDATA[]]>
      </description>
    </extensions>
  </wpt>
  <wpt lat="29.1935294" lon="119.7115419">
    <ele>207.1</ele>
    <time>2026-03-16T04:44:22Z</time>
    <name><![CDATA[右转
        ]]>
    </name>
    <cmt>右转
        </cmt>
    <desc><![CDATA[]]>
    </desc>
    <sym>Flag, Blue</sym>
    <type>user</type>
    <extensions>
      <PosType>0</PosType>
      <Speed>1.0742253</Speed>
      <Accuracy>1.6</Accuracy>
      <Time>1773636262432</Time>
      <description><![CDATA[]]>
      </description>
      <FileId>1572026091</FileId>
      <FileSize>2441489</FileSize>
      <FileType>0</FileType>
    </extensions>
  </wpt>
  <wpt lat="29.1913618" lon="119.7082859">
    <ele>186.1</ele>
    <time>2026-03-16T04:54:46Z</time>
    <name><![CDATA[
        ]]>
    </name>
    <cmt>
        </cmt>
    <desc><![CDATA[]]>
    </desc>
    <sym>Flag, Blue</sym>
    <type>user</type>
    <extensions>
      <PosType>0</PosType>
      <Speed>0.0</Speed>
      <Accuracy>1.1</Accuracy>
      <Time>1773636886439</Time>
      <description><![CDATA[]]>
      </description>
      <FileId>1572026084</FileId>
      <FileSize>954349</FileSize>
      <FileType>0</FileType>
    </extensions>
  </wpt>
  <wpt lat="29.1907013" lon="119.707827">
    <ele>178.8</ele>
    <time>2026-03-16T05:05:26Z</time>
    <name><![CDATA[楼梯下
        ]]>
    </name>
    <cmt>楼梯下
        </cmt>
    <desc><![CDATA[]]>
    </desc>
    <sym>Flag, Blue</sym>
    <type>user</type>
    <extensions>
      <PosType>0</PosType>
      <Speed>0.92752945</Speed>
      <Accuracy>1.3</Accuracy>
      <Time>1773637526437</Time>
      <description><![CDATA[]]>
      </description>
      <FileId>1572026076</FileId>
      <FileSize>2058535</FileSize>
      <FileType>0</FileType>
    </extensions>
  </wpt>
  <wpt lat="29.190396" lon="119.7084741">
    <ele>150.0</ele>
    <time>2026-03-16T05:08:00Z</time>
    <name><![CDATA[
        ]]>
    </name>
    <cmt>
        </cmt>
    <desc><![CDATA[]]>
    </desc>
    <sym>Flag, Blue</sym>
    <type>user</type>
    <extensions>
      <PosType>0</PosType>
      <Speed>1.4803411</Speed>
      <Accuracy>1.4</Accuracy>
      <Time>1773637680465</Time>
      <description><![CDATA[]]>
      </description>
      <FileId>1572026020</FileId>
      <FileSize>1323887</FileSize>
      <FileType>0</FileType>
    </extensions>
  </wpt>
  <wpt lat="29.1904045" lon="119.708689">
    <ele>160.0</ele>
    <time>2026-03-16T05:08:48Z</time>
    <name><![CDATA[
        ]]>
    </name>
    <cmt>
        </cmt>
    <desc><![CDATA[]]>
    </desc>
    <sym>Flag, Blue</sym>
    <type>user</type>
    <extensions>
      <PosType>0</PosType>
      <Speed>0.9898108</Speed>
      <Accuracy>1.3</Accuracy>
      <Time>1773637728482</Time>
      <description><![CDATA[]]>
      </description>
      <FileId>1572026010</FileId>
      <FileSize>1090281</FileSize>
      <FileType>0</FileType>
    </extensions>
  </wpt>
  <wpt lat="29.1904045" lon="119.708689">
    <ele>160.0</ele>
    <time>2026-03-16T05:08:48Z</time>
    <name><![CDATA[
        ]]>
    </name>
    <cmt>
        </cmt>
    <desc><![CDATA[]]>
    </desc>
    <sym>Flag, Blue</sym>
    <type>user</type>
    <extensions>
      <PosType>0</PosType>
      <Speed>0.9898108</Speed>
      <Accuracy>1.3</Accuracy>
      <Time>1773637728482</Time>
      <description><![CDATA[]]>
      </description>
      <FileId>1572026001</FileId>
      <FileSize>1144703</FileSize>
      <FileType>0</FileType>
    </extensions>
  </wpt>
  <wpt lat="29.1896579" lon="119.7087448">
    <ele>158.3</ele>
    <time>2026-03-16T05:10:22Z</time>
    <name><![CDATA[土路
        ]]>
    </name>
    <cmt>土路
        </cmt>
    <desc><![CDATA[]]>
    </desc>
    <sym>Flag, Blue</sym>
    <type>user</type>
    <extensions>
      <PosType>0</PosType>
      <Speed>0.94091225</Speed>
      <Accuracy>1.4</Accuracy>
      <Time>1773637822426</Time>
      <description><![CDATA[]]>
      </description>
      <FileId>1572025994</FileId>
      <FileSize>1392110</FileSize>
      <FileType>0</FileType>
    </extensions>
  </wpt>
  <wpt lat="29.1868661" lon="119.7085039">
    <ele>156.0</ele>
    <time>2026-03-16T05:15:40Z</time>
    <name><![CDATA[
        ]]>
    </name>
    <cmt>
        </cmt>
    <desc><![CDATA[]]>
    </desc>
    <sym>Flag, Blue</sym>
    <type>user</type>
    <extensions>
      <PosType>0</PosType>
      <Speed>1.269305</Speed>
      <Accuracy>1.5</Accuracy>
      <Time>1773638140467</Time>
      <description><![CDATA[]]>
      </description>
      <FileId>1572025985</FileId>
      <FileSize>1714528</FileSize>
      <FileType>0</FileType>
    </extensions>
  </wpt>
  <wpt lat="29.1860704" lon="119.7084939">
    <ele>152.6</ele>
    <time>2026-03-16T05:21:56Z</time>
    <name><![CDATA[
        ]]>
    </name>
    <cmt>
        </cmt>
    <desc><![CDATA[]]>
    </desc>
    <sym>Flag, Blue</sym>
    <type>user</type>
    <extensions>
      <PosType>0</PosType>
      <Speed>0.71855223</Speed>
      <Accuracy>6.7</Accuracy>
      <Time>1773638516797</Time>
      <description><![CDATA[]]>
      </description>
      <FileId>1572025972</FileId>
      <FileSize>1659230</FileSize>
      <FileType>0</FileType>
    </extensions>
  </wpt>
  <wpt lat="29.185094" lon="119.7088396">
    <ele>134.1</ele>
    <time>2026-03-16T05:25:24Z</time>
    <name><![CDATA[
        ]]>
    </name>
    <cmt>
        </cmt>
    <desc><![CDATA[]]>
    </desc>
    <sym>Flag, Blue</sym>
    <type>user</type>
    <extensions>
      <PosType>0</PosType>
      <Speed>1.4880619</Speed>
      <Accuracy>1.4</Accuracy>
      <Time>1773638724484</Time>
      <description><![CDATA[]]>
      </description>
      <FileId>1572025963</FileId>
      <FileSize>1093899</FileSize>
      <FileType>0</FileType>
    </extensions>
  </wpt>
  <wpt lat="29.1850432" lon="119.7089825">
    <ele>150.5</ele>
    <time>2026-03-16T05:28:34Z</time>
    <name><![CDATA[左转鹤岩山，右转公路回
        ]]>
    </name>
    <cmt>左转鹤岩山，右转公路回
        </cmt>
    <desc><![CDATA[]]>
    </desc>
    <sym>Flag, Blue</sym>
    <type>user</type>
    <extensions>
      <PosType>0</PosType>
      <Speed>0.9512067</Speed>
      <Accuracy>1.2</Accuracy>
      <Time>1773638914459</Time>
      <description><![CDATA[]]>
      </description>
      <FileId>1572025952</FileId>
      <FileSize>2548847</FileSize>
      <FileType>0</FileType>
    </extensions>
  </wpt>
  <wpt lat="29.185095" lon="119.709085">
    <ele>150.7</ele>
    <time>2026-03-16T05:30:45Z</time>
    <name><![CDATA[飘带
        ]]>
    </name>
    <cmt>飘带
        </cmt>
    <desc><![CDATA[]]>
    </desc>
    <sym>Flag, Blue</sym>
    <type>user</type>
    <extensions>
      <PosType>0</PosType>
      <Speed>0.0</Speed>
      <Accuracy>1.0</Accuracy>
      <Time>1773639045484</Time>
      <description><![CDATA[]]>
      </description>
      <FileId>1572025950</FileId>
      <FileSize>2185177</FileSize>
      <FileType>0</FileType>
    </extensions>
  </wpt>
  <wpt lat="29.1860621" lon="119.7092446">
    <ele>183.4</ele>
    <time>2026-03-16T05:35:47Z</time>
    <name><![CDATA[都是枯叶，注意防滑
        ]]>
    </name>
    <cmt>都是枯叶，注意防滑
        </cmt>
    <desc><![CDATA[]]>
    </desc>
    <sym>Flag, Blue</sym>
    <type>user</type>
    <extensions>
      <PosType>0</PosType>
      <Speed>0.71958166</Speed>
      <Accuracy>1.4</Accuracy>
      <Time>1773639347462</Time>
      <description><![CDATA[]]>
      </description>
      <FileId>1572025947</FileId>
      <FileSize>1406995</FileSize>
      <FileType>0</FileType>
    </extensions>
  </wpt>
  <wpt lat="29.1863145" lon="119.7108171">
    <ele>238.4</ele>
    <time>2026-03-16T05:41:05Z</time>
    <name><![CDATA[一直都是上坡
        ]]>
    </name>
    <cmt>一直都是上坡
        </cmt>
    <desc><![CDATA[]]>
    </desc>
    <sym>Flag, Blue</sym>
    <type>user</type>
    <extensions>
      <PosType>0</PosType>
      <Speed>1.0675339</Speed>
      <Accuracy>1.4</Accuracy>
      <Time>1773639665452</Time>
      <description><![CDATA[]]>
      </description>
    </extensions>
  </wpt>
  <wpt lat="29.1871469" lon="119.71186">
    <ele>270.5</ele>
    <time>2026-03-16T05:44:57Z</time>
    <name><![CDATA[
        ]]>
    </name>
    <cmt>
        </cmt>
    <desc><![CDATA[]]>
    </desc>
    <sym>Flag, Blue</sym>
    <type>user</type>
    <extensions>
      <PosType>0</PosType>
      <Speed>0.4308225</Speed>
      <Accuracy>1.3</Accuracy>
      <Time>1773639897422</Time>
      <description><![CDATA[]]>
      </description>
      <FileId>1572025939</FileId>
      <FileSize>1542145</FileSize>
      <FileType>0</FileType>
    </extensions>
  </wpt>
  <wpt lat="29.1874233" lon="119.7121717">
    <ele>281.2</ele>
    <time>2026-03-16T05:48:23Z</time>
    <name><![CDATA[撑腰石
        ]]>
    </name>
    <cmt>撑腰石
        </cmt>
    <desc><![CDATA[]]>
    </desc>
    <sym>Flag, Blue</sym>
    <type>user</type>
    <extensions>
      <PosType>0</PosType>
      <Speed>0.0</Speed>
      <Accuracy>1.6</Accuracy>
      <Time>1773640103449</Time>
      <description><![CDATA[]]>
      </description>
      <FileId>1572025931</FileId>
      <FileSize>1407403</FileSize>
      <FileType>0</FileType>
    </extensions>
  </wpt>
  <wpt lat="29.187485" lon="119.712215">
    <ele>280.0</ele>
    <time>2026-03-16T05:48:37Z</time>
    <name><![CDATA[风景点
        ]]>
    </name>
    <cmt>风景点
        </cmt>
    <desc><![CDATA[]]>
    </desc>
    <sym>Flag, Blue</sym>
    <type>user</type>
    <extensions>
      <PosType>0</PosType>
      <Speed>0.72112584</Speed>
      <Accuracy>1.3</Accuracy>
      <Time>1773640117439</Time>
      <description><![CDATA[]]>
      </description>
      <FileId>1572025926</FileId>
      <FileSize>1288005</FileSize>
      <FileType>0</FileType>
    </extensions>
  </wpt>
  <wpt lat="29.1878475" lon="119.7123294">
    <ele>281.5</ele>
    <time>2026-03-16T05:49:43Z</time>
    <name><![CDATA[
        ]]>
    </name>
    <cmt>
        </cmt>
    <desc><![CDATA[]]>
    </desc>
    <sym>Flag, Blue</sym>
    <type>user</type>
    <extensions>
      <PosType>0</PosType>
      <Speed>0.6490647</Speed>
      <Accuracy>1.3</Accuracy>
      <Time>1773640183469</Time>
      <description><![CDATA[]]>
      </description>
      <FileId>1572025918</FileId>
      <FileSize>1380016</FileSize>
      <FileType>0</FileType>
    </extensions>
  </wpt>
  <wpt lat="29.1880385" lon="119.7123191">
    <ele>278.4</ele>
    <time>2026-03-16T05:50:11Z</time>
    <name><![CDATA[废墟
        ]]>
    </name>
    <cmt>废墟
        </cmt>
    <desc><![CDATA[]]>
    </desc>
    <sym>Flag, Blue</sym>
    <type>user</type>
    <extensions>
      <PosType>0</PosType>
      <Speed>0.8518653</Speed>
      <Accuracy>1.4</Accuracy>
      <Time>1773640211448</Time>
      <description><![CDATA[]]>
      </description>
      <FileId>1572025913</FileId>
      <FileSize>1489723</FileSize>
      <FileType>0</FileType>
    </extensions>
  </wpt>
  <wpt lat="29.1884064" lon="119.7127863">
    <ele>275.1</ele>
    <time>2026-03-16T05:51:33Z</time>
    <name><![CDATA[
        ]]>
    </name>
    <cmt>
        </cmt>
    <desc><![CDATA[]]>
    </desc>
    <sym>Flag, Blue</sym>
    <type>user</type>
    <extensions>
      <PosType>0</PosType>
      <Speed>0.90179336</Speed>
      <Accuracy>1.7</Accuracy>
      <Time>1773640293453</Time>
      <description><![CDATA[]]>
      </description>
      <FileId>1572025901</FileId>
      <FileSize>733709</FileSize>
      <FileType>0</FileType>
    </extensions>
  </wpt>
  <wpt lat="29.188687" lon="119.7129892">
    <ele>266.8</ele>
    <time>2026-03-16T05:52:35Z</time>
    <name><![CDATA[厕所
        ]]>
    </name>
    <cmt>厕所
        </cmt>
    <desc><![CDATA[]]>
    </desc>
    <sym>Flag, Blue</sym>
    <type>user</type>
    <extensions>
      <PosType>0</PosType>
      <Speed>0.9053964</Speed>
      <Accuracy>1.4</Accuracy>
      <Time>1773640355418</Time>
      <description><![CDATA[]]>
      </description>
      <FileId>1572025893</FileId>
      <FileSize>757202</FileSize>
      <FileType>0</FileType>
    </extensions>
  </wpt>
  <wpt lat="29.1888777" lon="119.7130794">
    <ele>268.2</ele>
    <time>2026-03-16T05:53:05Z</time>
    <name><![CDATA[
        ]]>
    </name>
    <cmt>
        </cmt>
    <desc><![CDATA[]]>
    </desc>
    <sym>Flag, Blue</sym>
    <type>user</type>
    <extensions>
      <PosType>0</PosType>
      <Speed>0.8590714</Speed>
      <Accuracy>1.6</Accuracy>
      <Time>1773640385428</Time>
      <description><![CDATA[]]>
      </description>
      <FileId>1572025887</FileId>
      <FileSize>907599</FileSize>
      <FileType>0</FileType>
    </extensions>
  </wpt>
  <wpt lat="29.1890217" lon="119.7131917">
    <ele>272.0</ele>
    <time>2026-03-16T05:54:19Z</time>
    <name><![CDATA[天王殿
        ]]>
    </name>
    <cmt>天王殿
        </cmt>
    <desc><![CDATA[]]>
    </desc>
    <sym>Flag, Blue</sym>
    <type>user</type>
    <extensions>
      <PosType>0</PosType>
      <Speed>0.60273975</Speed>
      <Accuracy>1.5</Accuracy>
      <Time>1773640459447</Time>
      <description><![CDATA[]]>
      </description>
      <FileId>1572025880</FileId>
      <FileSize>1067627</FileSize>
      <FileType>0</FileType>
    </extensions>
  </wpt>
  <wpt lat="29.1892412" lon="119.7134346">
    <ele>252.5</ele>
    <time>2026-03-16T05:56:21Z</time>
    <name><![CDATA[
        ]]>
    </name>
    <cmt>
        </cmt>
    <desc><![CDATA[]]>
    </desc>
    <sym>Flag, Blue</sym>
    <type>user</type>
    <extensions>
      <PosType>0</PosType>
      <Speed>1.2368774</Speed>
      <Accuracy>1.5</Accuracy>
      <Time>1773640581415</Time>
      <description><![CDATA[]]>
      </description>
      <FileId>1572025868</FileId>
      <FileSize>1667654</FileSize>
      <FileType>0</FileType>
    </extensions>
  </wpt>
  <wpt lat="29.1892827" lon="119.7135724">
    <ele>258.4</ele>
    <time>2026-03-16T05:57:11Z</time>
    <name><![CDATA[鹤岩山
        ]]>
    </name>
    <cmt>鹤岩山
        </cmt>
    <desc><![CDATA[]]>
    </desc>
    <sym>Flag, Blue</sym>
    <type>user</type>
    <extensions>
      <PosType>0</PosType>
      <Speed>0.27897945</Speed>
      <Accuracy>1.3</Accuracy>
      <Time>1773640631444</Time>
      <description><![CDATA[]]>
      </description>
      <FileId>1572025860</FileId>
      <FileSize>1340895</FileSize>
      <FileType>0</FileType>
    </extensions>
  </wpt>
  <wpt lat="29.1890115" lon="119.7139716">
    <ele>250.4</ele>
    <time>2026-03-16T05:58:45Z</time>
    <name><![CDATA[湖边走
        ]]>
    </name>
    <cmt>湖边走
        </cmt>
    <desc><![CDATA[]]>
    </desc>
    <sym>Flag, Blue</sym>
    <type>user</type>
    <extensions>
      <PosType>0</PosType>
      <Speed>1.2476866</Speed>
      <Accuracy>1.4</Accuracy>
      <Time>1773640725459</Time>
      <description><![CDATA[]]>
      </description>
      <FileId>1572025852</FileId>
      <FileSize>2717974</FileSize>
      <FileType>0</FileType>
    </extensions>
  </wpt>
  <wpt lat="29.1885878" lon="119.7143415">
    <ele>244.2</ele>
    <time>2026-03-16T06:00:43Z</time>
    <name><![CDATA[地藏殿
        ]]>
    </name>
    <cmt>地藏殿
        </cmt>
    <desc><![CDATA[]]>
    </desc>
    <sym>Flag, Blue</sym>
    <type>user</type>
    <extensions>
      <PosType>0</PosType>
      <Speed>0.39427722</Speed>
      <Accuracy>1.4</Accuracy>
      <Time>1773640843432</Time>
      <description><![CDATA[]]>
      </description>
      <FileId>1572025848</FileId>
      <FileSize>1246678</FileSize>
      <FileType>0</FileType>
    </extensions>
  </wpt>
  <wpt lat="29.1886289" lon="119.714544">
    <ele>239.1</ele>
    <time>2026-03-16T06:01:19Z</time>
    <name><![CDATA[台阶下山
        ]]>
    </name>
    <cmt>台阶下山
        </cmt>
    <desc><![CDATA[]]>
    </desc>
    <sym>Flag, Blue</sym>
    <type>user</type>
    <extensions>
      <PosType>0</PosType>
      <Speed>0.79679</Speed>
      <Accuracy>1.4</Accuracy>
      <Time>1773640879404</Time>
      <description><![CDATA[]]>
      </description>
    </extensions>
  </wpt>
  <wpt lat="29.188725" lon="119.7150791">
    <ele>225.0</ele>
    <time>2026-03-16T06:02:41Z</time>
    <name><![CDATA[
        ]]>
    </name>
    <cmt>
        </cmt>
    <desc><![CDATA[]]>
    </desc>
    <sym>Flag, Blue</sym>
    <type>user</type>
    <extensions>
      <PosType>0</PosType>
      <Speed>1.0459156</Speed>
      <Accuracy>1.5</Accuracy>
      <Time>1773640961450</Time>
      <description><![CDATA[]]>
      </description>
      <FileId>1572025839</FileId>
      <FileSize>1667119</FileSize>
      <FileType>0</FileType>
    </extensions>
  </wpt>
  <wpt lat="29.188725" lon="119.7150791">
    <ele>225.0</ele>
    <time>2026-03-16T06:02:41Z</time>
    <name><![CDATA[右转
        ]]>
    </name>
    <cmt>右转
        </cmt>
    <desc><![CDATA[]]>
    </desc>
    <sym>Flag, Blue</sym>
    <type>user</type>
    <extensions>
      <PosType>0</PosType>
      <Speed>1.0459156</Speed>
      <Accuracy>1.5</Accuracy>
      <Time>1773640961450</Time>
      <description><![CDATA[]]>
      </description>
      <FileId>1572025832</FileId>
      <FileSize>2585995</FileSize>
      <FileType>0</FileType>
    </extensions>
  </wpt>
  <wpt lat="29.1887222" lon="119.7151944">
    <ele>213.7</ele>
    <time>2026-03-16T06:03:29Z</time>
    <name><![CDATA[
        ]]>
    </name>
    <cmt>
        </cmt>
    <desc><![CDATA[]]>
    </desc>
    <sym>Flag, Blue</sym>
    <type>user</type>
    <extensions>
      <PosType>0</PosType>
      <Speed>0.6871542</Speed>
      <Accuracy>1.5</Accuracy>
      <Time>1773641009440</Time>
      <description><![CDATA[]]>
      </description>
      <FileId>1572025828</FileId>
      <FileSize>1268649</FileSize>
      <FileType>0</FileType>
    </extensions>
  </wpt>
  <wpt lat="29.1881905" lon="119.7156008">
    <ele>208.1</ele>
    <time>2026-03-16T06:04:51Z</time>
    <name><![CDATA[土路
        ]]>
    </name>
    <cmt>土路
        </cmt>
    <desc><![CDATA[]]>
    </desc>
    <sym>Flag, Blue</sym>
    <type>user</type>
    <extensions>
      <PosType>0</PosType>
      <Speed>1.2852614</Speed>
      <Accuracy>1.5</Accuracy>
      <Time>1773641091478</Time>
      <description><![CDATA[]]>
      </description>
    </extensions>
  </wpt>
  <wpt lat="29.1875564" lon="119.7159086">
    <ele>190.9</ele>
    <time>2026-03-16T06:06:19Z</time>
    <name><![CDATA[凉亭
        ]]>
    </name>
    <cmt>凉亭
        </cmt>
    <desc><![CDATA[]]>
    </desc>
    <sym>Flag, Blue</sym>
    <type>user</type>
    <extensions>
      <PosType>0</PosType>
      <Speed>1.0402536</Speed>
      <Accuracy>1.4</Accuracy>
      <Time>1773641179474</Time>
      <description><![CDATA[]]>
      </description>
      <FileId>1572025822</FileId>
      <FileSize>1207777</FileSize>
      <FileType>0</FileType>
    </extensions>
  </wpt>
  <wpt lat="29.1874028" lon="119.7167636">
    <ele>163.9</ele>
    <time>2026-03-16T06:08:59Z</time>
    <name><![CDATA[凉亭后面都是台阶
        ]]>
    </name>
    <cmt>凉亭后面都是台阶
        </cmt>
    <desc><![CDATA[]]>
    </desc>
    <sym>Flag, Blue</sym>
    <type>user</type>
    <extensions>
      <PosType>0</PosType>
      <Speed>0.67943335</Speed>
      <Accuracy>1.3</Accuracy>
      <Time>1773641339483</Time>
      <description><![CDATA[]]>
      </description>
    </extensions>
  </wpt>
  <wpt lat="29.1870594" lon="119.7176141">
    <ele>122.1</ele>
    <time>2026-03-16T06:11:53Z</time>
    <name><![CDATA[左边全是紫荆花
        ]]>
    </name>
    <cmt>左边全是紫荆花
        </cmt>
    <desc><![CDATA[]]>
    </desc>
    <sym>Flag, Blue</sym>
    <type>user</type>
    <extensions>
      <PosType>0</PosType>
      <Speed>0.9105436</Speed>
      <Accuracy>1.3</Accuracy>
      <Time>1773641513496</Time>
      <description><![CDATA[]]>
      </description>
      <FileId>1572025818</FileId>
      <FileSize>1083649</FileSize>
      <FileType>0</FileType>
    </extensions>
  </wpt>
  <wpt lat="29.1862964" lon="119.7184038">
    <ele>91.7</ele>
    <time>2026-03-16T06:15:56Z</time>
    <name><![CDATA[
        ]]>
    </name>
    <cmt>
        </cmt>
    <desc><![CDATA[]]>
    </desc>
    <sym>Flag, Blue</sym>
    <type>user</type>
    <extensions>
      <PosType>0</PosType>
      <Speed>0.5996514</Speed>
      <Accuracy>1.3</Accuracy>
      <Time>1773641756466</Time>
      <description><![CDATA[]]>
      </description>
      <FileId>1572025813</FileId>
      <FileSize>860658</FileSize>
      <FileType>0</FileType>
    </extensions>
  </wpt>
  <wpt lat="29.1862964" lon="119.7184038">
    <ele>91.7</ele>
    <time>2026-03-16T06:15:56Z</time>
    <name><![CDATA[右转
        ]]>
    </name>
    <cmt>右转
        </cmt>
    <desc><![CDATA[]]>
    </desc>
    <sym>Flag, Blue</sym>
    <type>user</type>
    <extensions>
      <PosType>0</PosType>
      <Speed>0.5996514</Speed>
      <Accuracy>1.3</Accuracy>
      <Time>1773641756466</Time>
      <description><![CDATA[]]>
      </description>
    </extensions>
  </wpt>
  <wpt lat="29.1858888" lon="119.7176146">
    <ele>103.8</ele>
    <time>2026-03-16T06:17:44Z</time>
    <name><![CDATA[左转
        ]]>
    </name>
    <cmt>左转
        </cmt>
    <desc><![CDATA[]]>
    </desc>
    <sym>Flag, Blue</sym>
    <type>user</type>
    <extensions>
      <PosType>0</PosType>
      <Speed>1.3115122</Speed>
      <Accuracy>1.1</Accuracy>
      <Time>1773641864470</Time>
      <description><![CDATA[]]>
      </description>
    </extensions>
  </wpt>
  <wpt lat="29.1858888" lon="119.7176146">
    <ele>103.8</ele>
    <time>2026-03-16T06:17:44Z</time>
    <name><![CDATA[
        ]]>
    </name>
    <cmt>
        </cmt>
    <desc><![CDATA[]]>
    </desc>
    <sym>Flag, Blue</sym>
    <type>user</type>
    <extensions>
      <PosType>0</PosType>
      <Speed>1.3115122</Speed>
      <Accuracy>1.1</Accuracy>
      <Time>1773641864470</Time>
      <description><![CDATA[]]>
      </description>
      <FileId>1572025810</FileId>
      <FileSize>591032</FileSize>
      <FileType>0</FileType>
    </extensions>
  </wpt>
  <wpt lat="29.1849586" lon="119.7188316">
    <ele>90.1</ele>
    <time>2026-03-16T06:21:04Z</time>
    <name><![CDATA[公路
        ]]>
    </name>
    <cmt>公路
        </cmt>
    <desc><![CDATA[]]>
    </desc>
    <sym>Flag, Blue</sym>
    <type>user</type>
    <extensions>
      <PosType>0</PosType>
      <Speed>1.0263561</Speed>
      <Accuracy>1.2</Accuracy>
      <Time>1773642064472</Time>
      <description><![CDATA[]]>
      </description>
    </extensions>
  </wpt>
  <wpt lat="29.1848234" lon="119.7190111">
    <ele>91.3</ele>
    <time>2026-03-16T06:21:24Z</time>
    <name><![CDATA[
        ]]>
    </name>
    <cmt>
        </cmt>
    <desc><![CDATA[]]>
    </desc>
    <sym>Flag, Blue</sym>
    <type>user</type>
    <extensions>
      <PosType>0</PosType>
      <Speed>1.4093094</Speed>
      <Accuracy>1.1</Accuracy>
      <Time>1773642084466</Time>
      <description><![CDATA[]]>
      </description>
      <FileId>1572025806</FileId>
      <FileSize>1048594</FileSize>
      <FileType>0</FileType>
    </extensions>
  </wpt>
  <wpt lat="29.1844472" lon="119.7194862">
    <ele>98.6</ele>
    <time>2026-03-16T06:22:32Z</time>
    <name><![CDATA[右转
        ]]>
    </name>
    <cmt>右转
        </cmt>
    <desc><![CDATA[]]>
    </desc>
    <sym>Flag, Blue</sym>
    <type>user</type>
    <extensions>
      <PosType>0</PosType>
      <Speed>1.1781992</Speed>
      <Accuracy>1.3</Accuracy>
      <Time>1773642152475</Time>
      <description><![CDATA[]]>
      </description>
      <FileId>1572025800</FileId>
      <FileSize>1836790</FileSize>
      <FileType>0</FileType>
    </extensions>
  </wpt>
  <wpt lat="29.1838543" lon="119.7171416">
    <ele>104.1</ele>
    <time>2026-03-16T06:26:54Z</time>
    <name><![CDATA[
        ]]>
    </name>
    <cmt>
        </cmt>
    <desc><![CDATA[]]>
    </desc>
    <sym>Flag, Blue</sym>
    <type>user</type>
    <extensions>
      <PosType>0</PosType>
      <Speed>1.5297544</Speed>
      <Accuracy>1.1</Accuracy>
      <Time>1773642414484</Time>
      <description><![CDATA[]]>
      </description>
      <FileId>1572025797</FileId>
      <FileSize>1376219</FileSize>
      <FileType>0</FileType>
    </extensions>
  </wpt>
  <wpt lat="29.1837891" lon="119.7166675">
    <ele>108.7</ele>
    <time>2026-03-16T06:27:38Z</time>
    <name><![CDATA[上坡
        ]]>
    </name>
    <cmt>上坡
        </cmt>
    <desc><![CDATA[]]>
    </desc>
    <sym>Flag, Blue</sym>
    <type>user</type>
    <extensions>
      <PosType>0</PosType>
      <Speed>1.6126248</Speed>
      <Accuracy>1.1</Accuracy>
      <Time>1773642458496</Time>
      <description><![CDATA[]]>
      </description>
      <FileId>1572025793</FileId>
      <FileSize>1176890</FileSize>
      <FileType>0</FileType>
    </extensions>
  </wpt>
  <wpt lat="29.1828005" lon="119.7169573">
    <ele>113.2</ele>
    <time>2026-03-16T06:29:32Z</time>
    <name><![CDATA[水库
        ]]>
    </name>
    <cmt>水库
        </cmt>
    <desc><![CDATA[]]>
    </desc>
    <sym>Flag, Blue</sym>
    <type>user</type>
    <extensions>
      <PosType>0</PosType>
      <Speed>1.2250389</Speed>
      <Accuracy>1.0</Accuracy>
      <Time>1773642572466</Time>
      <description><![CDATA[]]>
      </description>
      <FileId>1572025790</FileId>
      <FileSize>390347</FileSize>
      <FileType>0</FileType>
    </extensions>
  </wpt>
  <wpt lat="29.1810455" lon="119.7137176">
    <ele>125.2</ele>
    <time>2026-03-16T06:39:30Z</time>
    <name><![CDATA[公墓
        ]]>
    </name>
    <cmt>公墓
        </cmt>
    <desc><![CDATA[]]>
    </desc>
    <sym>Flag, Blue</sym>
    <type>user</type>
    <extensions>
      <PosType>0</PosType>
      <Speed>0.7020811</Speed>
      <Accuracy>1.2</Accuracy>
      <Time>1773643170479</Time>
      <description><![CDATA[]]>
      </description>
    </extensions>
  </wpt>
  <wpt lat="29.181909" lon="119.7074553">
    <ele>116.6</ele>
    <time>2026-03-16T06:48:08Z</time>
    <name><![CDATA[右转
        ]]>
    </name>
    <cmt>右转
        </cmt>
    <desc><![CDATA[]]>
    </desc>
    <sym>Flag, Blue</sym>
    <type>user</type>
    <extensions>
      <PosType>0</PosType>
      <Speed>1.3449692</Speed>
      <Accuracy>1.1</Accuracy>
      <Time>1773643688497</Time>
      <description><![CDATA[]]>
      </description>
      <FileId>1572025786</FileId>
      <FileSize>1674290</FileSize>
      <FileType>0</FileType>
    </extensions>
  </wpt>
  <wpt lat="29.1826089" lon="119.7072997">
    <ele>111.5</ele>
    <time>2026-03-16T06:49:24Z</time>
    <name><![CDATA[厕所
        ]]>
    </name>
    <cmt>厕所
        </cmt>
    <desc><![CDATA[]]>
    </desc>
    <sym>Flag, Blue</sym>
    <type>user</type>
    <extensions>
      <PosType>0</PosType>
      <Speed>1.1833464</Speed>
      <Accuracy>1.2</Accuracy>
      <Time>1773643764503</Time>
      <description><![CDATA[]]>
      </description>
      <FileId>1572025783</FileId>
      <FileSize>619438</FileSize>
      <FileType>0</FileType>
    </extensions>
  </wpt>
  <wpt lat="29.183198" lon="119.70693">
    <ele>115.6</ele>
    <time>2026-03-16T06:50:42Z</time>
    <name><![CDATA[
        ]]>
    </name>
    <cmt>
        </cmt>
    <desc><![CDATA[]]>
    </desc>
    <sym>Flag, Blue</sym>
    <type>user</type>
    <extensions>
      <PosType>0</PosType>
      <Speed>0.5713417</Speed>
      <Accuracy>1.1</Accuracy>
      <Time>1773643842498</Time>
      <description><![CDATA[]]>
      </description>
      <FileId>1572025778</FileId>
      <FileSize>1627022</FileSize>
      <FileType>0</FileType>
    </extensions>
  </wpt>
  <wpt lat="29.1833615" lon="119.7068606">
    <ele>121.5</ele>
    <time>2026-03-16T06:51:32Z</time>
    <name><![CDATA[
        ]]>
    </name>
    <cmt>
        </cmt>
    <desc><![CDATA[]]>
    </desc>
    <sym>Flag, Blue</sym>
    <type>user</type>
    <extensions>
      <PosType>0</PosType>
      <Speed>1.3274686</Speed>
      <Accuracy>1.2</Accuracy>
      <Time>1773643892486</Time>
      <description><![CDATA[]]>
      </description>
      <FileId>1572025774</FileId>
      <FileSize>1252578</FileSize>
      <FileType>0</FileType>
    </extensions>
  </wpt>
  <wpt lat="29.1839808" lon="119.7063706">
    <ele>138.9</ele>
    <time>2026-03-16T06:53:06Z</time>
    <name><![CDATA[右转
        ]]>
    </name>
    <cmt>右转
        </cmt>
    <desc><![CDATA[]]>
    </desc>
    <sym>Flag, Blue</sym>
    <type>user</type>
    <extensions>
      <PosType>0</PosType>
      <Speed>0.0</Speed>
      <Accuracy>1.3</Accuracy>
      <Time>1773643986492</Time>
      <description><![CDATA[]]>
      </description>
      <FileId>1572025720</FileId>
      <FileSize>1395169</FileSize>
      <FileType>0</FileType>
    </extensions>
  </wpt>
  <wpt lat="29.1844384" lon="119.706435">
    <ele>137.7</ele>
    <time>2026-03-16T06:54:50Z</time>
    <name><![CDATA[公路返回
        ]]>
    </name>
    <cmt>公路返回
        </cmt>
    <desc><![CDATA[]]>
    </desc>
    <sym>Flag, Blue</sym>
    <type>user</type>
    <extensions>
      <PosType>0</PosType>
      <Speed>0.8112022</Speed>
      <Accuracy>1.2</Accuracy>
      <Time>1773644090515</Time>
      <description><![CDATA[]]>
      </description>
      <FileId>1572025717</FileId>
      <FileSize>786585</FileSize>
      <FileType>0</FileType>
    </extensions>
  </wpt>
  <wpt lat="29.1838172" lon="119.7025605">
    <ele>142.0</ele>
    <time>2026-03-16T07:06:27Z</time>
    <name><![CDATA[一直走公路返回
        ]]>
    </name>
    <cmt>一直走公路返回
        </cmt>
    <desc><![CDATA[]]>
    </desc>
    <sym>Flag, Blue</sym>
    <type>user</type>
    <extensions>
      <PosType>0</PosType>
      <Speed>1.2832025</Speed>
      <Accuracy>1.1</Accuracy>
      <Time>1773644787526</Time>
      <description><![CDATA[]]>
      </description>
    </extensions>
  </wpt>
  <wpt lat="29.1830907" lon="119.6990272">
    <ele>138.6</ele>
    <time>2026-03-16T07:11:19Z</time>
    <name><![CDATA[
        ]]>
    </name>
    <cmt>
        </cmt>
    <desc><![CDATA[]]>
    </desc>
    <sym>Flag, Blue</sym>
    <type>user</type>
    <extensions>
      <PosType>0</PosType>
      <Speed>0.84877694</Speed>
      <Accuracy>1.1</Accuracy>
      <Time>1773645079502</Time>
      <description><![CDATA[]]>
      </description>
      <FileId>1572025713</FileId>
      <FileSize>657853</FileSize>
      <FileType>0</FileType>
    </extensions>
  </wpt>
</gpx>