<?xml version='1.0' encoding='UTF-8' standalone='yes' ?>
<gpx version="1.1" creator="GPSBabel - http://www.gpsbabel.org" xmlns:xsi="http://www.w3.org/2001/XMLSchema-instance" xmlns="http://www.topografix.com/GPX/1/1" xsi:schemaLocation="http://www.topografix.com/GPX/1/1 http://www.topografix.com/GPX/1/1/gpx.xsd">
  <metadata>
    <link href="http://www.garmin.com">
      <text>Garmin International</text>
    </link>
    <time>2026-03-25T02:37:51Z</time>
    <bounds minlat="29.3188502" minlon="119.7586" maxlat="29.3327912" maxlon="119.7780524" />
  </metadata>
  <extensions>
    <name><![CDATA[转轮岩260325]]>
    </name>
    <description><![CDATA[可以直接开车到山脚下，少走近两公里。抖音有详细视频可参考。]]>
    </description>
    <TrackId>81027433</TrackId>
    <TrackTypeId>8</TrackTypeId>
    <TrackTags>徒步</TrackTags>
    <BeginTime>1774406271000</BeginTime>
    <EndTime>1774420647000</EndTime>
    <TimeUsed>14376000</TimeUsed>
    <PauseTime>242887</PauseTime>
    <PosStartName>观岩陈路口(公交站)</PosStartName>
    <PosEndName>兰溪市人民法院共享法庭(观岩陈村)</PosEndName>
    <ProductVersion>and_8.1.5</ProductVersion>
    <StartDistrictId>9659</StartDistrictId>
    <EndDistrictId>9659</EndDistrictId>
    <CreaterId>64771087</CreaterId>
    <CreaterName><![CDATA[步履赴山野]]>
    </CreaterName>
    <CreaterIcon>1523534626</CreaterIcon>
    <OriginCreaterId>64771087</OriginCreaterId>
    <OriginCreaterNickname><![CDATA[步履赴山野]]>
    </OriginCreaterNickname>
    <OriginCreaterName><![CDATA[null]]>
    </OriginCreaterName>
    <OriginCreaterIcon>1523534626</OriginCreaterIcon>
    <ThumbnailId>1577589337</ThumbnailId>
    <Distance>7005.0</Distance>
    <ElevationGain>463.5999999999999</ElevationGain>
    <ElevationLoss>444.62000000000006</ElevationLoss>
    <SportAvgSpeed>0.4956445193638514</SportAvgSpeed>
  </extensions>
  <trk>
    <trkseg>
      <trkpt lat="29.3327533" lon="119.7586">
        <ele>95.5</ele>
        <time>2026-03-25T02:37:52Z</time>
        <speed>0.20280056</speed>
      </trkpt>
      <trkpt lat="29.3327912" lon="119.7586671">
        <ele>95.5</ele>
        <time>2026-03-25T02:38:06Z</time>
        <speed>0.7715686</speed>
      </trkpt>
      <trkpt lat="29.3327801" lon="119.7587722">
        <ele>95.2</ele>
        <time>2026-03-25T02:38:26Z</time>
        <speed>0.87245417</speed>
      </trkpt>
      <trkpt lat="29.3327254" lon="119.7588787">
        <ele>95.46</ele>
        <time>2026-03-25T02:38:36Z</time>
        <speed>1.1818023</speed>
      </trkpt>
      <trkpt lat="29.3326852" lon="119.758919">
        <ele>96.64</ele>
        <time>2026-03-25T02:38:50Z</time>
        <speed>0.0</speed>
      </trkpt>
      <trkpt lat="29.3326089" lon="119.7589497">
        <ele>96.41</ele>
        <time>2026-03-25T02:39:12Z</time>
        <speed>1.0737106</speed>
      </trkpt>
      <trkpt lat="29.3325111" lon="119.7589464">
        <ele>96.79</ele>
        <time>2026-03-25T02:39:22Z</time>
        <speed>1.250775</speed>
      </trkpt>
      <trkpt lat="29.3324103" lon="119.7589473">
        <ele>96.92</ele>
        <time>2026-03-25T02:39:34Z</time>
        <speed>0.9702514</speed>
      </trkpt>
      <trkpt lat="29.3323121" lon="119.7589662">
        <ele>96.44</ele>
        <time>2026-03-25T02:39:46Z</time>
        <speed>0.89510196</speed>
      </trkpt>
      <trkpt lat="29.3322337" lon="119.759023">
        <ele>95.56</ele>
        <time>2026-03-25T02:40:14Z</time>
        <speed>0.9774575</speed>
      </trkpt>
      <trkpt lat="29.3321695" lon="119.7591234">
        <ele>95.28</ele>
        <time>2026-03-25T02:40:28Z</time>
        <speed>0.7164933</speed>
      </trkpt>
      <trkpt lat="29.3321361" lon="119.7592323">
        <ele>95.8</ele>
        <time>2026-03-25T02:40:36Z</time>
        <speed>1.4108536</speed>
      </trkpt>
      <trkpt lat="29.3321251" lon="119.7593496">
        <ele>96.71</ele>
        <time>2026-03-25T02:40:46Z</time>
        <speed>1.2281272</speed>
      </trkpt>
      <trkpt lat="29.3321001" lon="119.7594714">
        <ele>98.72</ele>
        <time>2026-03-25T02:40:58Z</time>
        <speed>0.8961314</speed>
      </trkpt>
      <trkpt lat="29.332065" lon="119.7595767">
        <ele>99.96</ele>
        <time>2026-03-25T02:41:06Z</time>
        <speed>0.7540681</speed>
      </trkpt>
      <trkpt lat="29.3320093" lon="119.75969">
        <ele>101.05</ele>
        <time>2026-03-25T02:41:16Z</time>
        <speed>1.1009909</speed>
      </trkpt>
      <trkpt lat="29.3319439" lon="119.7597813">
        <ele>101.46</ele>
        <time>2026-03-25T02:41:24Z</time>
        <speed>1.3598961</speed>
      </trkpt>
      <trkpt lat="29.3318638" lon="119.7598732">
        <ele>100.7</ele>
        <time>2026-03-25T02:41:34Z</time>
        <speed>1.2965853</speed>
      </trkpt>
      <trkpt lat="29.3317831" lon="119.7599463">
        <ele>100.74</ele>
        <time>2026-03-25T02:41:42Z</time>
        <speed>1.2991589</speed>
      </trkpt>
      <trkpt lat="29.3316988" lon="119.7599917">
        <ele>100.94</ele>
        <time>2026-03-25T02:41:58Z</time>
        <speed>0.0</speed>
      </trkpt>
      <trkpt lat="29.3316326" lon="119.7600646">
        <ele>101.44</ele>
        <time>2026-03-25T02:42:22Z</time>
        <speed>0.95841277</speed>
      </trkpt>
      <trkpt lat="29.3315613" lon="119.7601398">
        <ele>100.65</ele>
        <time>2026-03-25T02:42:32Z</time>
        <speed>0.9337061</speed>
      </trkpt>
      <trkpt lat="29.331476" lon="119.760173">
        <ele>99.85</ele>
        <time>2026-03-25T02:42:46Z</time>
        <speed>0.9146614</speed>
      </trkpt>
      <trkpt lat="29.3313919" lon="119.7602205">
        <ele>99.06</ele>
        <time>2026-03-25T02:42:56Z</time>
        <speed>0.9898108</speed>
      </trkpt>
      <trkpt lat="29.331304" lon="119.7602666">
        <ele>99.59</ele>
        <time>2026-03-25T02:43:02Z</time>
        <speed>1.33416</speed>
      </trkpt>
      <trkpt lat="29.3312362" lon="119.7603401">
        <ele>100.76</ele>
        <time>2026-03-25T02:43:10Z</time>
        <speed>1.210112</speed>
      </trkpt>
      <trkpt lat="29.3311649" lon="119.7604126">
        <ele>101.51</ele>
        <time>2026-03-25T02:43:18Z</time>
        <speed>1.0901817</speed>
      </trkpt>
      <trkpt lat="29.3310739" lon="119.7604734">
        <ele>102.15</ele>
        <time>2026-03-25T02:43:26Z</time>
        <speed>1.2054795</speed>
      </trkpt>
      <trkpt lat="29.3310143" lon="119.7605643">
        <ele>102.43</ele>
        <time>2026-03-25T02:43:34Z</time>
        <speed>1.0834903</speed>
      </trkpt>
      <trkpt lat="29.3309469" lon="119.760669">
        <ele>103.36</ele>
        <time>2026-03-25T02:43:44Z</time>
        <speed>1.3079091</speed>
      </trkpt>
      <trkpt lat="29.3308743" lon="119.7607496">
        <ele>103.94</ele>
        <time>2026-03-25T02:43:52Z</time>
        <speed>1.682627</speed>
      </trkpt>
      <trkpt lat="29.3307921" lon="119.76082">
        <ele>104.22</ele>
        <time>2026-03-25T02:44:00Z</time>
        <speed>1.9039575</speed>
      </trkpt>
      <trkpt lat="29.3307077" lon="119.7608758">
        <ele>104.43</ele>
        <time>2026-03-25T02:44:08Z</time>
        <speed>2.113964</speed>
      </trkpt>
      <trkpt lat="29.3307033" lon="119.7609872">
        <ele>105.32</ele>
        <time>2026-03-25T02:44:14Z</time>
        <speed>1.4942386</speed>
      </trkpt>
      <trkpt lat="29.3306797" lon="119.7611014">
        <ele>106.39</ele>
        <time>2026-03-25T02:44:24Z</time>
        <speed>0.87966025</speed>
      </trkpt>
      <trkpt lat="29.3306325" lon="119.7612005">
        <ele>106.99</ele>
        <time>2026-03-25T02:44:30Z</time>
        <speed>1.2373922</speed>
      </trkpt>
      <trkpt lat="29.3306218" lon="119.7613076">
        <ele>107.47</ele>
        <time>2026-03-25T02:44:38Z</time>
        <speed>0.9846636</speed>
      </trkpt>
      <trkpt lat="29.3306163" lon="119.7614127">
        <ele>108.39</ele>
        <time>2026-03-25T02:44:44Z</time>
        <speed>1.2162886</speed>
      </trkpt>
      <trkpt lat="29.3306375" lon="119.7615167">
        <ele>108.61</ele>
        <time>2026-03-25T02:44:52Z</time>
        <speed>1.1781992</speed>
      </trkpt>
      <trkpt lat="29.3306071" lon="119.7616202">
        <ele>108.0</ele>
        <time>2026-03-25T02:45:02Z</time>
        <speed>0.87657195</speed>
      </trkpt>
      <trkpt lat="29.3305495" lon="119.761706">
        <ele>107.14</ele>
        <time>2026-03-25T02:45:18Z</time>
        <speed>0.6784039</speed>
      </trkpt>
      <trkpt lat="29.3305176" lon="119.7618091">
        <ele>106.99</ele>
        <time>2026-03-25T02:45:27Z</time>
        <speed>1.1982733</speed>
      </trkpt>
      <trkpt lat="29.3304936" lon="119.7619258">
        <ele>107.38</ele>
        <time>2026-03-25T02:45:37Z</time>
        <speed>1.1606987</speed>
      </trkpt>
      <trkpt lat="29.3304787" lon="119.7620496">
        <ele>108.17</ele>
        <time>2026-03-25T02:45:55Z</time>
        <speed>0.71700805</speed>
      </trkpt>
      <trkpt lat="29.3304353" lon="119.7621636">
        <ele>109.08</ele>
        <time>2026-03-25T02:46:03Z</time>
        <speed>1.2554075</speed>
      </trkpt>
      <trkpt lat="29.3303757" lon="119.762272">
        <ele>109.69</ele>
        <time>2026-03-25T02:46:11Z</time>
        <speed>1.2291566</speed>
      </trkpt>
      <trkpt lat="29.3303176" lon="119.7623684">
        <ele>110.3</ele>
        <time>2026-03-25T02:46:21Z</time>
        <speed>1.3315864</speed>
      </trkpt>
      <trkpt lat="29.3302992" lon="119.7624695">
        <ele>109.87</ele>
        <time>2026-03-25T02:46:35Z</time>
        <speed>0.9228969</speed>
      </trkpt>
      <trkpt lat="29.3302997" lon="119.7625819">
        <ele>108.72</ele>
        <time>2026-03-25T02:46:43Z</time>
        <speed>1.4767381</speed>
      </trkpt>
      <trkpt lat="29.3302852" lon="119.7626973">
        <ele>108.28</ele>
        <time>2026-03-25T02:46:53Z</time>
        <speed>1.4057064</speed>
      </trkpt>
      <trkpt lat="29.3302521" lon="119.7628059">
        <ele>108.29</ele>
        <time>2026-03-25T02:47:01Z</time>
        <speed>1.4777675</speed>
      </trkpt>
      <trkpt lat="29.3302044" lon="119.7629002">
        <ele>108.08</ele>
        <time>2026-03-25T02:47:09Z</time>
        <speed>1.2111413</speed>
      </trkpt>
      <trkpt lat="29.3301372" lon="119.7629932">
        <ele>108.26</ele>
        <time>2026-03-25T02:47:19Z</time>
        <speed>1.5637261</speed>
      </trkpt>
      <trkpt lat="29.3300717" lon="119.7630816">
        <ele>107.5</ele>
        <time>2026-03-25T02:47:27Z</time>
        <speed>1.4582081</speed>
      </trkpt>
      <trkpt lat="29.3300273" lon="119.76318">
        <ele>106.51</ele>
        <time>2026-03-25T02:47:35Z</time>
        <speed>1.2615842</speed>
      </trkpt>
      <trkpt lat="29.3300078" lon="119.763294">
        <ele>105.99</ele>
        <time>2026-03-25T02:47:43Z</time>
        <speed>1.35269</speed>
      </trkpt>
      <trkpt lat="29.3300305" lon="119.7634146">
        <ele>106.25</ele>
        <time>2026-03-25T02:47:57Z</time>
        <speed>0.7684803</speed>
      </trkpt>
      <trkpt lat="29.330053" lon="119.7635329">
        <ele>106.83</ele>
        <time>2026-03-25T02:48:05Z</time>
        <speed>1.2240094</speed>
      </trkpt>
      <trkpt lat="29.3300447" lon="119.7636282">
        <ele>107.42</ele>
        <time>2026-03-25T02:48:23Z</time>
        <speed>0.0</speed>
      </trkpt>
      <trkpt lat="29.3300447" lon="119.7636282">
        <ele>107.42</ele>
        <time>2026-03-25T02:48:43Z</time>
        <speed>0.0</speed>
      </trkpt>
      <extensions>
        <PauseTimes>1774406923000:pause</PauseTimes>
      </extensions>
    </trkseg>
  </trk>
  <trk>
    <trkseg>
      <trkpt lat="29.3299617" lon="119.7636733">
        <ele>109.0</ele>
        <time>2026-03-25T02:50:30Z</time>
        <speed>0.69436026</speed>
      </trkpt>
      <trkpt lat="29.3299617" lon="119.7636733">
        <ele>109.0</ele>
        <time>2026-03-25T02:51:02Z</time>
        <speed>0.69436026</speed>
      </trkpt>
      <trkpt lat="29.329875" lon="119.7637117">
        <ele>110.68</ele>
        <time>2026-03-25T02:51:22Z</time>
        <speed>0.0</speed>
      </trkpt>
      <trkpt lat="29.3297827" lon="119.7637472">
        <ele>110.82</ele>
        <time>2026-03-25T02:51:38Z</time>
        <speed>0.7046547</speed>
      </trkpt>
      <trkpt lat="29.3296894" lon="119.7637835">
        <ele>112.06</ele>
        <time>2026-03-25T02:52:08Z</time>
        <speed>0.9589275</speed>
      </trkpt>
      <trkpt lat="29.3295932" lon="119.7638012">
        <ele>113.84</ele>
        <time>2026-03-25T02:52:20Z</time>
        <speed>0.991355</speed>
      </trkpt>
      <trkpt lat="29.3294949" lon="119.763816">
        <ele>115.54</ele>
        <time>2026-03-25T02:52:32Z</time>
        <speed>1.0834903</speed>
      </trkpt>
      <trkpt lat="29.329396" lon="119.7638332">
        <ele>116.34</ele>
        <time>2026-03-25T02:52:44Z</time>
        <speed>1.1771697</speed>
      </trkpt>
      <trkpt lat="29.3293272" lon="119.7638544">
        <ele>115.94</ele>
        <time>2026-03-25T02:53:04Z</time>
        <speed>0.0</speed>
      </trkpt>
      <trkpt lat="29.3292383" lon="119.7638762">
        <ele>114.67</ele>
        <time>2026-03-25T02:53:44Z</time>
        <speed>0.52656084</speed>
      </trkpt>
      <trkpt lat="29.3291468" lon="119.7638993">
        <ele>114.08</ele>
        <time>2026-03-25T02:54:14Z</time>
        <speed>0.45089668</speed>
      </trkpt>
      <trkpt lat="29.3291071" lon="119.7639804">
        <ele>114.91</ele>
        <time>2026-03-25T02:54:34Z</time>
        <speed>0.5852392</speed>
      </trkpt>
      <trkpt lat="29.3290691" lon="119.7640789">
        <ele>118.0</ele>
        <time>2026-03-25T02:55:00Z</time>
        <speed>0.57803303</speed>
      </trkpt>
      <trkpt lat="29.3290354" lon="119.7641829">
        <ele>122.0</ele>
        <time>2026-03-25T02:55:18Z</time>
        <speed>0.84877694</speed>
      </trkpt>
      <trkpt lat="29.3290092" lon="119.7642964">
        <ele>124.41</ele>
        <time>2026-03-25T02:56:08Z</time>
        <speed>0.8312764</speed>
      </trkpt>
      <trkpt lat="29.3289671" lon="119.764394">
        <ele>128.54</ele>
        <time>2026-03-25T02:56:24Z</time>
        <speed>0.6222992</speed>
      </trkpt>
      <trkpt lat="29.3289159" lon="119.7645069">
        <ele>130.93</ele>
        <time>2026-03-25T02:57:12Z</time>
        <speed>0.2455225</speed>
      </trkpt>
      <trkpt lat="29.3288841" lon="119.7646131">
        <ele>134.66</ele>
        <time>2026-03-25T02:57:30Z</time>
        <speed>0.63259363</speed>
      </trkpt>
      <trkpt lat="29.3288639" lon="119.7647172">
        <ele>137.47</ele>
        <time>2026-03-25T02:57:44Z</time>
        <speed>0.5878128</speed>
      </trkpt>
      <trkpt lat="29.3288448" lon="119.764818">
        <ele>140.19</ele>
        <time>2026-03-25T02:57:52Z</time>
        <speed>1.1370214</speed>
      </trkpt>
      <trkpt lat="29.3287962" lon="119.7649115">
        <ele>143.21</ele>
        <time>2026-03-25T02:58:02Z</time>
        <speed>1.0999614</speed>
      </trkpt>
      <trkpt lat="29.3287112" lon="119.7649311">
        <ele>146.95</ele>
        <time>2026-03-25T02:58:08Z</time>
        <speed>1.3032767</speed>
      </trkpt>
      <trkpt lat="29.3286706" lon="119.7650082">
        <ele>149.72</ele>
        <time>2026-03-25T02:58:24Z</time>
        <speed>0.8333353</speed>
      </trkpt>
      <trkpt lat="29.3286464" lon="119.7651093">
        <ele>151.99</ele>
        <time>2026-03-25T02:58:30Z</time>
        <speed>1.3259244</speed>
      </trkpt>
      <trkpt lat="29.3285995" lon="119.7652109">
        <ele>153.11</ele>
        <time>2026-03-25T02:58:38Z</time>
        <speed>1.4757086</speed>
      </trkpt>
      <trkpt lat="29.3285381" lon="119.7653233">
        <ele>154.1</ele>
        <time>2026-03-25T02:58:46Z</time>
        <speed>1.6810827</speed>
      </trkpt>
      <trkpt lat="29.3284592" lon="119.7653874">
        <ele>154.87</ele>
        <time>2026-03-25T02:58:52Z</time>
        <speed>1.8833686</speed>
      </trkpt>
      <trkpt lat="29.3283749" lon="119.7654579">
        <ele>155.66</ele>
        <time>2026-03-25T02:59:00Z</time>
        <speed>1.4566638</speed>
      </trkpt>
      <trkpt lat="29.3282828" lon="119.7655401">
        <ele>157.1</ele>
        <time>2026-03-25T02:59:08Z</time>
        <speed>1.5786531</speed>
      </trkpt>
      <trkpt lat="29.3282402" lon="119.7656413">
        <ele>159.03</ele>
        <time>2026-03-25T02:59:18Z</time>
        <speed>0.9630453</speed>
      </trkpt>
      <trkpt lat="29.3281854" lon="119.7657453">
        <ele>161.3</ele>
        <time>2026-03-25T02:59:26Z</time>
        <speed>1.0927553</speed>
      </trkpt>
      <trkpt lat="29.3281052" lon="119.7658154">
        <ele>163.24</ele>
        <time>2026-03-25T02:59:32Z</time>
        <speed>1.6857153</speed>
      </trkpt>
      <trkpt lat="29.3280227" lon="119.7658736">
        <ele>165.2</ele>
        <time>2026-03-25T02:59:38Z</time>
        <speed>2.160289</speed>
      </trkpt>
      <trkpt lat="29.327913" lon="119.7658975">
        <ele>166.19</ele>
        <time>2026-03-25T02:59:46Z</time>
        <speed>2.201467</speed>
      </trkpt>
      <trkpt lat="29.3278166" lon="119.7659305">
        <ele>165.51</ele>
        <time>2026-03-25T02:59:54Z</time>
        <speed>1.682627</speed>
      </trkpt>
      <trkpt lat="29.3277132" lon="119.7659517">
        <ele>164.77</ele>
        <time>2026-03-25T03:00:04Z</time>
        <speed>1.4010739</speed>
      </trkpt>
      <trkpt lat="29.3276275" lon="119.7660185">
        <ele>165.77</ele>
        <time>2026-03-25T03:00:16Z</time>
        <speed>1.1138589</speed>
      </trkpt>
      <trkpt lat="29.3275538" lon="119.7661068">
        <ele>167.98</ele>
        <time>2026-03-25T03:00:26Z</time>
        <speed>1.4654142</speed>
      </trkpt>
      <trkpt lat="29.3274675" lon="119.7661672">
        <ele>170.35</ele>
        <time>2026-03-25T03:00:36Z</time>
        <speed>1.096873</speed>
      </trkpt>
      <trkpt lat="29.3273769" lon="119.7662065">
        <ele>171.58</ele>
        <time>2026-03-25T03:00:46Z</time>
        <speed>1.2157739</speed>
      </trkpt>
      <trkpt lat="29.3273049" lon="119.766271">
        <ele>172.49</ele>
        <time>2026-03-25T03:01:20Z</time>
        <speed>1.2183475</speed>
      </trkpt>
      <trkpt lat="29.3272474" lon="119.7663623">
        <ele>173.7</ele>
        <time>2026-03-25T03:01:30Z</time>
        <speed>1.0438566</speed>
      </trkpt>
      <trkpt lat="29.3271682" lon="119.7664165">
        <ele>174.56</ele>
        <time>2026-03-25T03:01:42Z</time>
        <speed>1.0809166</speed>
      </trkpt>
      <trkpt lat="29.327096" lon="119.7664915">
        <ele>175.7</ele>
        <time>2026-03-25T03:01:58Z</time>
        <speed>0.8039961</speed>
      </trkpt>
      <trkpt lat="29.3270094" lon="119.7665289">
        <ele>177.29</ele>
        <time>2026-03-25T03:02:08Z</time>
        <speed>0.8760572</speed>
      </trkpt>
      <trkpt lat="29.3269217" lon="119.7666117">
        <ele>178.46</ele>
        <time>2026-03-25T03:08:10Z</time>
        <speed>0.9496625</speed>
      </trkpt>
      <trkpt lat="29.3268333" lon="119.766665">
        <ele>181.61</ele>
        <time>2026-03-25T03:08:22Z</time>
        <speed>0.8426003</speed>
      </trkpt>
      <trkpt lat="29.3267408" lon="119.7667141">
        <ele>182.34</ele>
        <time>2026-03-25T03:08:36Z</time>
        <speed>0.83642364</speed>
      </trkpt>
      <trkpt lat="29.3266617" lon="119.7667733">
        <ele>183.23</ele>
        <time>2026-03-25T03:10:54Z</time>
        <speed>0.6464911</speed>
      </trkpt>
      <trkpt lat="29.3265917" lon="119.7668433">
        <ele>182.14</ele>
        <time>2026-03-25T03:11:06Z</time>
        <speed>0.82973224</speed>
      </trkpt>
      <trkpt lat="29.3265118" lon="119.7669021">
        <ele>182.38</ele>
        <time>2026-03-25T03:11:20Z</time>
        <speed>0.8920136</speed>
      </trkpt>
      <trkpt lat="29.3264147" lon="119.7669536">
        <ele>184.45</ele>
        <time>2026-03-25T03:11:30Z</time>
        <speed>1.3923236</speed>
      </trkpt>
      <trkpt lat="29.3263198" lon="119.7670155">
        <ele>185.85</ele>
        <time>2026-03-25T03:11:42Z</time>
        <speed>1.0345917</speed>
      </trkpt>
      <trkpt lat="29.3262237" lon="119.7670738">
        <ele>187.46</ele>
        <time>2026-03-25T03:11:50Z</time>
        <speed>1.3799703</speed>
      </trkpt>
      <trkpt lat="29.3261327" lon="119.767147">
        <ele>188.43</ele>
        <time>2026-03-25T03:11:58Z</time>
        <speed>1.478797</speed>
      </trkpt>
      <trkpt lat="29.326064" lon="119.7672495">
        <ele>188.72</ele>
        <time>2026-03-25T03:12:06Z</time>
        <speed>1.74182</speed>
      </trkpt>
      <trkpt lat="29.3259857" lon="119.7673344">
        <ele>187.89</ele>
        <time>2026-03-25T03:12:14Z</time>
        <speed>1.9559444</speed>
      </trkpt>
      <trkpt lat="29.3259165" lon="119.7674321">
        <ele>186.95</ele>
        <time>2026-03-25T03:12:24Z</time>
        <speed>1.7016717</speed>
      </trkpt>
      <trkpt lat="29.3258317" lon="119.7674931">
        <ele>186.63</ele>
        <time>2026-03-25T03:12:32Z</time>
        <speed>1.6054186</speed>
      </trkpt>
      <trkpt lat="29.3257643" lon="119.7675824">
        <ele>186.31</ele>
        <time>2026-03-25T03:12:42Z</time>
        <speed>1.4185745</speed>
      </trkpt>
      <trkpt lat="29.3257177" lon="119.7676863">
        <ele>186.22</ele>
        <time>2026-03-25T03:12:52Z</time>
        <speed>1.1658459</speed>
      </trkpt>
      <trkpt lat="29.3256842" lon="119.7677972">
        <ele>186.56</ele>
        <time>2026-03-25T03:13:00Z</time>
        <speed>1.2801142</speed>
      </trkpt>
      <trkpt lat="29.3256578" lon="119.7679084">
        <ele>187.56</ele>
        <time>2026-03-25T03:13:10Z</time>
        <speed>1.0613573</speed>
      </trkpt>
      <trkpt lat="29.3256413" lon="119.7680186">
        <ele>189.3</ele>
        <time>2026-03-25T03:13:20Z</time>
        <speed>1.139595</speed>
      </trkpt>
      <trkpt lat="29.3256121" lon="119.7681191">
        <ele>191.11</ele>
        <time>2026-03-25T03:13:28Z</time>
        <speed>1.158125</speed>
      </trkpt>
      <trkpt lat="29.3255759" lon="119.7682134">
        <ele>192.74</ele>
        <time>2026-03-25T03:13:36Z</time>
        <speed>1.2430542</speed>
      </trkpt>
      <trkpt lat="29.3255334" lon="119.7683133">
        <ele>194.18</ele>
        <time>2026-03-25T03:13:44Z</time>
        <speed>1.3696759</speed>
      </trkpt>
      <trkpt lat="29.3254954" lon="119.7684145">
        <ele>194.92</ele>
        <time>2026-03-25T03:13:56Z</time>
        <speed>0.82612914</speed>
      </trkpt>
      <trkpt lat="29.3254357" lon="119.7685087">
        <ele>196.89</ele>
        <time>2026-03-25T03:14:04Z</time>
        <speed>1.1349626</speed>
      </trkpt>
      <trkpt lat="29.3253669" lon="119.768594">
        <ele>199.05</ele>
        <time>2026-03-25T03:14:12Z</time>
        <speed>1.1457716</speed>
      </trkpt>
      <trkpt lat="29.325286" lon="119.7686589">
        <ele>201.56</ele>
        <time>2026-03-25T03:14:20Z</time>
        <speed>1.7243195</speed>
      </trkpt>
      <trkpt lat="29.3252068" lon="119.7687395">
        <ele>203.6</ele>
        <time>2026-03-25T03:14:32Z</time>
        <speed>1.1071675</speed>
      </trkpt>
      <trkpt lat="29.3251283" lon="119.7688148">
        <ele>205.67</ele>
        <time>2026-03-25T03:14:42Z</time>
        <speed>0.89561665</speed>
      </trkpt>
      <trkpt lat="29.3250556" lon="119.7688969">
        <ele>205.25</ele>
        <time>2026-03-25T03:14:50Z</time>
        <speed>1.0479745</speed>
      </trkpt>
      <trkpt lat="29.3249703" lon="119.7689403">
        <ele>205.62</ele>
        <time>2026-03-25T03:15:06Z</time>
        <speed>0.59604836</speed>
      </trkpt>
      <trkpt lat="29.3248927" lon="119.7689932">
        <ele>208.36</ele>
        <time>2026-03-25T03:15:24Z</time>
        <speed>0.6464911</speed>
      </trkpt>
      <trkpt lat="29.3248523" lon="119.7690791">
        <ele>212.29</ele>
        <time>2026-03-25T03:15:36Z</time>
        <speed>0.68766886</speed>
      </trkpt>
      <trkpt lat="29.3248267" lon="119.769195">
        <ele>215.52</ele>
        <time>2026-03-25T03:17:04Z</time>
        <speed>0.31758362</speed>
      </trkpt>
      <trkpt lat="29.3247883" lon="119.76929">
        <ele>218.61</ele>
        <time>2026-03-25T03:17:10Z</time>
        <speed>1.1884936</speed>
      </trkpt>
      <trkpt lat="29.3246978" lon="119.7693159">
        <ele>220.89</ele>
        <time>2026-03-25T03:17:32Z</time>
        <speed>0.62178445</speed>
      </trkpt>
      <trkpt lat="29.3246109" lon="119.7693553">
        <ele>224.76</ele>
        <time>2026-03-25T03:17:44Z</time>
        <speed>0.9496625</speed>
      </trkpt>
      <trkpt lat="29.3245174" lon="119.7693446">
        <ele>228.22</ele>
        <time>2026-03-25T03:17:54Z</time>
        <speed>1.1910672</speed>
      </trkpt>
      <trkpt lat="29.3244621" lon="119.7694103">
        <ele>230.84</ele>
        <time>2026-03-25T03:18:06Z</time>
        <speed>0.88841057</speed>
      </trkpt>
      <trkpt lat="29.3243903" lon="119.7694706">
        <ele>232.63</ele>
        <time>2026-03-25T03:18:16Z</time>
        <speed>1.2126856</speed>
      </trkpt>
      <trkpt lat="29.3243323" lon="119.7695529">
        <ele>233.65</ele>
        <time>2026-03-25T03:18:26Z</time>
        <speed>0.9687072</speed>
      </trkpt>
      <trkpt lat="29.3242768" lon="119.7696421">
        <ele>234.32</ele>
        <time>2026-03-25T03:18:34Z</time>
        <speed>1.3480575</speed>
      </trkpt>
      <trkpt lat="29.3241978" lon="119.7697209">
        <ele>235.08</ele>
        <time>2026-03-25T03:18:46Z</time>
        <speed>1.0402536</speed>
      </trkpt>
      <trkpt lat="29.3241146" lon="119.7697859">
        <ele>236.55</ele>
        <time>2026-03-25T03:18:54Z</time>
        <speed>1.40828</speed>
      </trkpt>
      <trkpt lat="29.3240898" lon="119.7698055">
        <ele>237.22</ele>
        <time>2026-03-25T03:19:06Z</time>
        <speed>0.0</speed>
      </trkpt>
      <trkpt lat="29.3240345" lon="119.7698732">
        <ele>237.81</ele>
        <time>2026-03-25T03:19:46Z</time>
        <speed>0.9167203</speed>
      </trkpt>
      <trkpt lat="29.3239802" lon="119.7699613">
        <ele>237.72</ele>
        <time>2026-03-25T03:19:54Z</time>
        <speed>1.4149714</speed>
      </trkpt>
      <trkpt lat="29.3239191" lon="119.7700507">
        <ele>238.62</ele>
        <time>2026-03-25T03:20:10Z</time>
        <speed>0.99084026</speed>
      </trkpt>
      <trkpt lat="29.3238429" lon="119.7701264">
        <ele>243.68</ele>
        <time>2026-03-25T03:20:24Z</time>
        <speed>0.7293614</speed>
      </trkpt>
      <trkpt lat="29.3237867" lon="119.7702186">
        <ele>249.37</ele>
        <time>2026-03-25T03:20:38Z</time>
        <speed>0.87451303</speed>
      </trkpt>
      <trkpt lat="29.3237476" lon="119.7703284">
        <ele>253.9</ele>
        <time>2026-03-25T03:20:50Z</time>
        <speed>1.2904086</speed>
      </trkpt>
      <trkpt lat="29.3237079" lon="119.7704325">
        <ele>257.47</ele>
        <time>2026-03-25T03:21:02Z</time>
        <speed>0.99186975</speed>
      </trkpt>
      <trkpt lat="29.3236593" lon="119.7705344">
        <ele>259.68</ele>
        <time>2026-03-25T03:21:12Z</time>
        <speed>1.0855491</speed>
      </trkpt>
      <trkpt lat="29.3236106" lon="119.7706438">
        <ele>261.45</ele>
        <time>2026-03-25T03:21:22Z</time>
        <speed>1.1761403</speed>
      </trkpt>
      <trkpt lat="29.3235419" lon="119.7707272">
        <ele>262.29</ele>
        <time>2026-03-25T03:21:34Z</time>
        <speed>0.82304084</speed>
      </trkpt>
      <trkpt lat="29.3234635" lon="119.7707879">
        <ele>262.29</ele>
        <time>2026-03-25T03:21:44Z</time>
        <speed>1.0320181</speed>
      </trkpt>
      <trkpt lat="29.3233915" lon="119.7708654">
        <ele>262.98</ele>
        <time>2026-03-25T03:21:56Z</time>
        <speed>0.87657195</speed>
      </trkpt>
      <trkpt lat="29.3233355" lon="119.7709522">
        <ele>263.55</ele>
        <time>2026-03-25T03:22:10Z</time>
        <speed>0.6722272</speed>
      </trkpt>
      <trkpt lat="29.3232919" lon="119.7710511">
        <ele>264.17</ele>
        <time>2026-03-25T03:22:24Z</time>
        <speed>0.93164724</speed>
      </trkpt>
      <trkpt lat="29.3232482" lon="119.7711453">
        <ele>265.39</ele>
        <time>2026-03-25T03:22:40Z</time>
        <speed>0.8359089</speed>
      </trkpt>
      <trkpt lat="29.3231747" lon="119.7712218">
        <ele>266.77</ele>
        <time>2026-03-25T03:22:54Z</time>
        <speed>0.73862636</speed>
      </trkpt>
      <trkpt lat="29.3230998" lon="119.7712979">
        <ele>267.51</ele>
        <time>2026-03-25T03:23:04Z</time>
        <speed>1.1498895</speed>
      </trkpt>
      <trkpt lat="29.3230456" lon="119.7713846">
        <ele>268.2</ele>
        <time>2026-03-25T03:23:12Z</time>
        <speed>1.232245</speed>
      </trkpt>
      <trkpt lat="29.3229911" lon="119.7714846">
        <ele>268.63</ele>
        <time>2026-03-25T03:23:22Z</time>
        <speed>1.139595</speed>
      </trkpt>
      <trkpt lat="29.3229208" lon="119.7715777">
        <ele>268.75</ele>
        <time>2026-03-25T03:23:32Z</time>
        <speed>1.1864347</speed>
      </trkpt>
      <trkpt lat="29.3228743" lon="119.7716862">
        <ele>269.37</ele>
        <time>2026-03-25T03:23:42Z</time>
        <speed>1.2765111</speed>
      </trkpt>
      <trkpt lat="29.3228009" lon="119.7717602">
        <ele>270.11</ele>
        <time>2026-03-25T03:23:52Z</time>
        <speed>0.8081139</speed>
      </trkpt>
      <trkpt lat="29.3227342" lon="119.7718382">
        <ele>269.55</ele>
        <time>2026-03-25T03:24:00Z</time>
        <speed>1.250775</speed>
      </trkpt>
      <trkpt lat="29.3226622" lon="119.7719166">
        <ele>270.17</ele>
        <time>2026-03-25T03:24:10Z</time>
        <speed>1.1807728</speed>
      </trkpt>
      <trkpt lat="29.3225897" lon="119.7719956">
        <ele>272.94</ele>
        <time>2026-03-25T03:24:20Z</time>
        <speed>1.195185</speed>
      </trkpt>
      <trkpt lat="29.3225111" lon="119.7720639">
        <ele>276.28</ele>
        <time>2026-03-25T03:24:30Z</time>
        <speed>1.043342</speed>
      </trkpt>
      <trkpt lat="29.3224492" lon="119.7721496">
        <ele>279.6</ele>
        <time>2026-03-25T03:24:42Z</time>
        <speed>0.99907583</speed>
      </trkpt>
      <trkpt lat="29.322394" lon="119.7722374">
        <ele>282.61</ele>
        <time>2026-03-25T03:24:54Z</time>
        <speed>0.88635164</speed>
      </trkpt>
      <trkpt lat="29.322348" lon="119.772344">
        <ele>285.01</ele>
        <time>2026-03-25T03:25:06Z</time>
        <speed>0.97436917</speed>
      </trkpt>
      <trkpt lat="29.3222983" lon="119.7724571">
        <ele>288.54</ele>
        <time>2026-03-25T03:25:14Z</time>
        <speed>1.3146006</speed>
      </trkpt>
      <trkpt lat="29.3222215" lon="119.7725225">
        <ele>291.53</ele>
        <time>2026-03-25T03:25:24Z</time>
        <speed>1.2940117</speed>
      </trkpt>
      <trkpt lat="29.3221319" lon="119.7725644">
        <ele>294.53</ele>
        <time>2026-03-25T03:25:42Z</time>
        <speed>0.7674508</speed>
      </trkpt>
      <trkpt lat="29.322054" lon="119.7726186">
        <ele>296.71</ele>
        <time>2026-03-25T03:25:58Z</time>
        <speed>0.56001776</speed>
      </trkpt>
      <trkpt lat="29.3220131" lon="119.7725531">
        <ele>298.08</ele>
        <time>2026-03-25T03:26:30Z</time>
        <speed>0.58729804</speed>
      </trkpt>
      <trkpt lat="29.3220434" lon="119.7724534">
        <ele>299.38</ele>
        <time>2026-03-25T03:26:40Z</time>
        <speed>0.9470889</speed>
      </trkpt>
      <trkpt lat="29.3220333" lon="119.7725183">
        <ele>301.63</ele>
        <time>2026-03-25T03:37:33Z</time>
        <speed>1.2497456</speed>
      </trkpt>
      <trkpt lat="29.3219983" lon="119.77262">
        <ele>307.16</ele>
        <time>2026-03-25T03:37:47Z</time>
        <speed>0.7643625</speed>
      </trkpt>
      <trkpt lat="29.3219788" lon="119.7727245">
        <ele>308.08</ele>
        <time>2026-03-25T03:38:37Z</time>
        <speed>0.7952458</speed>
      </trkpt>
      <trkpt lat="29.3219608" lon="119.7728295">
        <ele>308.22</ele>
        <time>2026-03-25T03:38:55Z</time>
        <speed>0.74943554</speed>
      </trkpt>
      <trkpt lat="29.3219283" lon="119.7729259">
        <ele>311.48</ele>
        <time>2026-03-25T03:39:13Z</time>
        <speed>0.5270755</speed>
      </trkpt>
      <trkpt lat="29.32188" lon="119.773025">
        <ele>316.26</ele>
        <time>2026-03-25T03:41:01Z</time>
        <speed>0.6346525</speed>
      </trkpt>
      <trkpt lat="29.3218933" lon="119.7731333">
        <ele>318.9</ele>
        <time>2026-03-25T03:41:23Z</time>
        <speed>0.50648665</speed>
      </trkpt>
      <trkpt lat="29.3218686" lon="119.7732374">
        <ele>320.67</ele>
        <time>2026-03-25T03:41:51Z</time>
        <speed>0.37214416</speed>
      </trkpt>
      <trkpt lat="29.3218448" lon="119.7733408">
        <ele>324.81</ele>
        <time>2026-03-25T03:42:05Z</time>
        <speed>0.87091</speed>
      </trkpt>
      <trkpt lat="29.3218425" lon="119.7734564">
        <ele>329.32</ele>
        <time>2026-03-25T03:42:37Z</time>
        <speed>0.8971608</speed>
      </trkpt>
      <trkpt lat="29.3218667" lon="119.7735667">
        <ele>334.56</ele>
        <time>2026-03-25T03:44:35Z</time>
        <speed>0.73296446</speed>
      </trkpt>
      <trkpt lat="29.3218717" lon="119.7736767">
        <ele>336.6</ele>
        <time>2026-03-25T03:44:55Z</time>
        <speed>0.29956833</speed>
      </trkpt>
      <trkpt lat="29.3218442" lon="119.7737796">
        <ele>338.02</ele>
        <time>2026-03-25T03:45:07Z</time>
        <speed>0.7283319</speed>
      </trkpt>
      <trkpt lat="29.3218265" lon="119.773889">
        <ele>339.65</ele>
        <time>2026-03-25T03:45:29Z</time>
        <speed>0.5275903</speed>
      </trkpt>
      <trkpt lat="29.3218442" lon="119.7739942">
        <ele>343.28</ele>
        <time>2026-03-25T03:45:45Z</time>
        <speed>0.6830364</speed>
      </trkpt>
      <trkpt lat="29.3218198" lon="119.7740964">
        <ele>347.2</ele>
        <time>2026-03-25T03:46:15Z</time>
        <speed>0.41589555</speed>
      </trkpt>
      <trkpt lat="29.3218559" lon="119.7741952">
        <ele>352.36</ele>
        <time>2026-03-25T03:47:07Z</time>
        <speed>0.46427944</speed>
      </trkpt>
      <trkpt lat="29.321903" lon="119.774288">
        <ele>357.37</ele>
        <time>2026-03-25T03:47:21Z</time>
        <speed>0.5790625</speed>
      </trkpt>
      <trkpt lat="29.3218776" lon="119.7743714">
        <ele>361.3</ele>
        <time>2026-03-25T03:48:09Z</time>
        <speed>0.42721945</speed>
      </trkpt>
      <trkpt lat="29.321934" lon="119.7744243">
        <ele>366.03</ele>
        <time>2026-03-25T03:48:23Z</time>
        <speed>1.071137</speed>
      </trkpt>
      <trkpt lat="29.3218941" lon="119.7744768">
        <ele>370.19</ele>
        <time>2026-03-25T03:48:39Z</time>
        <speed>0.0</speed>
      </trkpt>
      <trkpt lat="29.3218274" lon="119.7745563">
        <ele>374.84</ele>
        <time>2026-03-25T03:49:29Z</time>
        <speed>0.38810056</speed>
      </trkpt>
      <trkpt lat="29.321751" lon="119.7746343">
        <ele>380.07</ele>
        <time>2026-03-25T03:50:13Z</time>
        <speed>0.40199804</speed>
      </trkpt>
      <trkpt lat="29.3216968" lon="119.7747335">
        <ele>382.88</ele>
        <time>2026-03-25T03:50:33Z</time>
        <speed>0.83951193</speed>
      </trkpt>
      <trkpt lat="29.321627" lon="119.7748274">
        <ele>385.51</ele>
        <time>2026-03-25T03:50:45Z</time>
        <speed>0.97179556</speed>
      </trkpt>
      <trkpt lat="29.3215564" lon="119.7749155">
        <ele>387.79</ele>
        <time>2026-03-25T03:51:05Z</time>
        <speed>0.46530887</speed>
      </trkpt>
      <trkpt lat="29.3214676" lon="119.7749686">
        <ele>390.59</ele>
        <time>2026-03-25T03:51:43Z</time>
        <speed>0.46633834</speed>
      </trkpt>
      <trkpt lat="29.321384" lon="119.7749362">
        <ele>394.85</ele>
        <time>2026-03-25T03:51:53Z</time>
        <speed>1.1926113</speed>
      </trkpt>
      <trkpt lat="29.3213486" lon="119.7749874">
        <ele>398.4</ele>
        <time>2026-03-25T03:52:13Z</time>
        <speed>0.0</speed>
      </trkpt>
      <trkpt lat="29.3213667" lon="119.7751">
        <ele>402.79</ele>
        <time>2026-03-25T03:53:27Z</time>
        <speed>0.43957278</speed>
      </trkpt>
      <trkpt lat="29.32134" lon="119.7752083">
        <ele>407.65</ele>
        <time>2026-03-25T03:53:43Z</time>
        <speed>0.8250997</speed>
      </trkpt>
      <trkpt lat="29.3213119" lon="119.7753138">
        <ele>411.42</ele>
        <time>2026-03-25T03:54:03Z</time>
        <speed>0.6665653</speed>
      </trkpt>
      <trkpt lat="29.3212592" lon="119.7753983">
        <ele>414.85</ele>
        <time>2026-03-25T03:54:27Z</time>
        <speed>0.42670473</speed>
      </trkpt>
      <trkpt lat="29.3212563" lon="119.7755012">
        <ele>420.03</ele>
        <time>2026-03-25T03:55:03Z</time>
        <speed>0.59193057</speed>
      </trkpt>
      <trkpt lat="29.3212372" lon="119.7756014">
        <ele>424.97</ele>
        <time>2026-03-25T03:55:31Z</time>
        <speed>0.47200027</speed>
      </trkpt>
      <trkpt lat="29.3212354" lon="119.7757116">
        <ele>431.61</ele>
        <time>2026-03-25T03:56:09Z</time>
        <speed>0.32633388</speed>
      </trkpt>
      <trkpt lat="29.3212709" lon="119.775814">
        <ele>437.32</ele>
        <time>2026-03-25T03:56:57Z</time>
        <speed>0.47354445</speed>
      </trkpt>
      <trkpt lat="29.3213104" lon="119.7759169">
        <ele>446.52</ele>
        <time>2026-03-25T03:57:21Z</time>
        <speed>0.43905807</speed>
      </trkpt>
      <trkpt lat="29.3212547" lon="119.7759574">
        <ele>453.35</ele>
        <time>2026-03-25T03:57:53Z</time>
        <speed>0.59656304</speed>
      </trkpt>
      <trkpt lat="29.3211639" lon="119.7760028">
        <ele>457.85</ele>
        <time>2026-03-25T03:58:27Z</time>
        <speed>1.8406466</speed>
      </trkpt>
      <trkpt lat="29.3211674" lon="119.776012">
        <ele>462.56</ele>
        <time>2026-03-25T03:58:41Z</time>
        <speed>0.0</speed>
      </trkpt>
      <trkpt lat="29.321167" lon="119.7759281">
        <ele>466.79</ele>
        <time>2026-03-25T03:59:07Z</time>
        <speed>0.5486939</speed>
      </trkpt>
      <trkpt lat="29.3211509" lon="119.7758131">
        <ele>471.35</ele>
        <time>2026-03-25T03:59:19Z</time>
        <speed>0.7669361</speed>
      </trkpt>
      <trkpt lat="29.3211303" lon="119.7758561">
        <ele>476.41</ele>
        <time>2026-03-25T03:59:33Z</time>
        <speed>0.58678335</speed>
      </trkpt>
      <trkpt lat="29.3211233" lon="119.7757767">
        <ele>479.97</ele>
        <time>2026-03-25T04:01:01Z</time>
        <speed>1.05621</speed>
      </trkpt>
      <trkpt lat="29.3211633" lon="119.7757433">
        <ele>480.5</ele>
        <time>2026-03-25T04:01:15Z</time>
        <speed>0.0</speed>
      </trkpt>
      <trkpt lat="29.3211583" lon="119.7758733">
        <ele>479.6</ele>
        <time>2026-03-25T04:12:25Z</time>
        <speed>0.25839055</speed>
      </trkpt>
      <trkpt lat="29.3210733" lon="119.77595">
        <ele>479.17</ele>
        <time>2026-03-25T04:12:35Z</time>
        <speed>1.0140028</speed>
      </trkpt>
      <trkpt lat="29.3210504" lon="119.7759745">
        <ele>479.44</ele>
        <time>2026-03-25T04:12:47Z</time>
        <speed>0.0</speed>
      </trkpt>
      <trkpt lat="29.3210153" lon="119.7760631">
        <ele>480.67</ele>
        <time>2026-03-25T04:12:59Z</time>
        <speed>1.5081362</speed>
      </trkpt>
      <trkpt lat="29.3209666" lon="119.7761639">
        <ele>482.83</ele>
        <time>2026-03-25T04:13:09Z</time>
        <speed>1.4957827</speed>
      </trkpt>
      <trkpt lat="29.3208789" lon="119.7762241">
        <ele>485.36</ele>
        <time>2026-03-25T04:13:19Z</time>
        <speed>1.4160008</speed>
      </trkpt>
      <trkpt lat="29.3208234" lon="119.7762252">
        <ele>487.78</ele>
        <time>2026-03-25T04:13:35Z</time>
        <speed>0.0</speed>
      </trkpt>
      <trkpt lat="29.3207531" lon="119.7762748">
        <ele>488.69</ele>
        <time>2026-03-25T04:14:17Z</time>
        <speed>0.7684803</speed>
      </trkpt>
      <trkpt lat="29.3207517" lon="119.776385">
        <ele>485.21</ele>
        <time>2026-03-25T04:15:27Z</time>
        <speed>0.9388533</speed>
      </trkpt>
      <trkpt lat="29.32073" lon="119.7764917">
        <ele>484.91</ele>
        <time>2026-03-25T04:15:43Z</time>
        <speed>0.5018542</speed>
      </trkpt>
      <trkpt lat="29.3206505" lon="119.7765729">
        <ele>486.19</ele>
        <time>2026-03-25T04:16:05Z</time>
        <speed>1.3562931</speed>
      </trkpt>
      <trkpt lat="29.3206084" lon="119.7765674">
        <ele>487.06</ele>
        <time>2026-03-25T04:16:21Z</time>
        <speed>0.0</speed>
      </trkpt>
      <trkpt lat="29.3205463" lon="119.7766174">
        <ele>485.91</ele>
        <time>2026-03-25T04:16:43Z</time>
        <speed>0.90230805</speed>
      </trkpt>
      <trkpt lat="29.3204742" lon="119.7766839">
        <ele>485.0</ele>
        <time>2026-03-25T04:16:51Z</time>
        <speed>1.5271808</speed>
      </trkpt>
      <trkpt lat="29.3204041" lon="119.7767552">
        <ele>482.89</ele>
        <time>2026-03-25T04:17:01Z</time>
        <speed>1.2605547</speed>
      </trkpt>
      <trkpt lat="29.3203445" lon="119.7768372">
        <ele>479.93</ele>
        <time>2026-03-25T04:17:21Z</time>
        <speed>1.0217236</speed>
      </trkpt>
      <trkpt lat="29.3203292" lon="119.7769487">
        <ele>480.78</ele>
        <time>2026-03-25T04:17:35Z</time>
        <speed>0.96664834</speed>
      </trkpt>
      <trkpt lat="29.3203147" lon="119.7770812">
        <ele>481.73</ele>
        <time>2026-03-25T04:17:45Z</time>
        <speed>1.1133442</speed>
      </trkpt>
      <trkpt lat="29.3203104" lon="119.7772041">
        <ele>482.24</ele>
        <time>2026-03-25T04:17:55Z</time>
        <speed>1.2054795</speed>
      </trkpt>
      <trkpt lat="29.3203234" lon="119.7773226">
        <ele>483.12</ele>
        <time>2026-03-25T04:18:05Z</time>
        <speed>1.0119439</speed>
      </trkpt>
      <trkpt lat="29.3202625" lon="119.7773423">
        <ele>483.33</ele>
        <time>2026-03-25T04:18:31Z</time>
        <speed>1.1200355</speed>
      </trkpt>
      <trkpt lat="29.3202256" lon="119.7772544">
        <ele>483.7</ele>
        <time>2026-03-25T04:18:39Z</time>
        <speed>1.5307839</speed>
      </trkpt>
      <trkpt lat="29.3202206" lon="119.7771576">
        <ele>482.33</ele>
        <time>2026-03-25T04:18:57Z</time>
        <speed>0.0</speed>
      </trkpt>
      <trkpt lat="29.32024" lon="119.7770133">
        <ele>478.74</ele>
        <time>2026-03-25T04:21:37Z</time>
        <speed>0.96407473</speed>
      </trkpt>
      <trkpt lat="29.3201483" lon="119.7770083">
        <ele>474.68</ele>
        <time>2026-03-25T04:21:55Z</time>
        <speed>0.62590224</speed>
      </trkpt>
      <trkpt lat="29.3201046" lon="119.7771006">
        <ele>471.12</ele>
        <time>2026-03-25T04:22:05Z</time>
        <speed>1.0289297</speed>
      </trkpt>
      <trkpt lat="29.3200578" lon="119.7772127">
        <ele>469.52</ele>
        <time>2026-03-25T04:22:15Z</time>
        <speed>1.26004</speed>
      </trkpt>
      <trkpt lat="29.3199865" lon="119.7773027">
        <ele>470.8</ele>
        <time>2026-03-25T04:22:25Z</time>
        <speed>1.3568078</speed>
      </trkpt>
      <trkpt lat="29.319902" lon="119.777379">
        <ele>471.79</ele>
        <time>2026-03-25T04:22:35Z</time>
        <speed>1.1776844</speed>
      </trkpt>
      <trkpt lat="29.3198384" lon="119.7774598">
        <ele>472.35</ele>
        <time>2026-03-25T04:22:43Z</time>
        <speed>1.4443105</speed>
      </trkpt>
      <trkpt lat="29.3197774" lon="119.7775526">
        <ele>472.12</ele>
        <time>2026-03-25T04:22:55Z</time>
        <speed>0.95069194</speed>
      </trkpt>
      <trkpt lat="29.3197006" lon="119.7776322">
        <ele>471.16</ele>
        <time>2026-03-25T04:23:03Z</time>
        <speed>1.5210042</speed>
      </trkpt>
      <trkpt lat="29.3196137" lon="119.7776775">
        <ele>469.76</ele>
        <time>2026-03-25T04:23:13Z</time>
        <speed>1.50093</speed>
      </trkpt>
      <trkpt lat="29.3195314" lon="119.7777532">
        <ele>466.77</ele>
        <time>2026-03-25T04:23:29Z</time>
        <speed>0.6629622</speed>
      </trkpt>
      <trkpt lat="29.3194766" lon="119.7778472">
        <ele>464.07</ele>
        <time>2026-03-25T04:23:41Z</time>
        <speed>0.7900986</speed>
      </trkpt>
      <trkpt lat="29.3194196" lon="119.7779384">
        <ele>461.89</ele>
        <time>2026-03-25T04:23:49Z</time>
        <speed>0.71855223</speed>
      </trkpt>
      <trkpt lat="29.3193354" lon="119.7780036">
        <ele>460.86</ele>
        <time>2026-03-25T04:23:57Z</time>
        <speed>1.3408514</speed>
      </trkpt>
      <trkpt lat="29.3192443" lon="119.7780524">
        <ele>460.36</ele>
        <time>2026-03-25T04:24:07Z</time>
        <speed>0.92804414</speed>
      </trkpt>
      <trkpt lat="29.3191494" lon="119.7780513">
        <ele>459.65</ele>
        <time>2026-03-25T04:24:33Z</time>
        <speed>1.0695928</speed>
      </trkpt>
      <trkpt lat="29.3190492" lon="119.7780185">
        <ele>459.8</ele>
        <time>2026-03-25T04:24:45Z</time>
        <speed>0.9928992</speed>
      </trkpt>
      <trkpt lat="29.3189752" lon="119.77793">
        <ele>460.4</ele>
        <time>2026-03-25T04:24:57Z</time>
        <speed>1.158125</speed>
      </trkpt>
      <trkpt lat="29.3189353" lon="119.7778573">
        <ele>460.62</ele>
        <time>2026-03-25T04:25:15Z</time>
        <speed>0.0</speed>
      </trkpt>
      <trkpt lat="29.3189506" lon="119.7777529">
        <ele>461.6</ele>
        <time>2026-03-25T04:25:53Z</time>
        <speed>0.7314203</speed>
      </trkpt>
      <trkpt lat="29.3189836" lon="119.7776335">
        <ele>459.88</ele>
        <time>2026-03-25T04:26:17Z</time>
        <speed>0.82818806</speed>
      </trkpt>
      <trkpt lat="29.3189575" lon="119.7775227">
        <ele>457.22</ele>
        <time>2026-03-25T04:26:33Z</time>
        <speed>0.9712808</speed>
      </trkpt>
      <trkpt lat="29.3188789" lon="119.7774773">
        <ele>454.24</ele>
        <time>2026-03-25T04:26:43Z</time>
        <speed>1.0181205</speed>
      </trkpt>
      <trkpt lat="29.3188502" lon="119.7774804">
        <ele>452.16</ele>
        <time>2026-03-25T04:26:57Z</time>
        <speed>0.0</speed>
      </trkpt>
      <trkpt lat="29.318855" lon="119.7774">
        <ele>451.7</ele>
        <time>2026-03-25T04:29:33Z</time>
        <speed>0.7834072</speed>
      </trkpt>
      <trkpt lat="29.3189017" lon="119.7773117">
        <ele>451.1</ele>
        <time>2026-03-25T04:29:43Z</time>
        <speed>0.95738333</speed>
      </trkpt>
      <trkpt lat="29.3189878" lon="119.7772656">
        <ele>450.71</ele>
        <time>2026-03-25T04:29:57Z</time>
        <speed>0.7365675</speed>
      </trkpt>
      <trkpt lat="29.3190424" lon="119.7771834">
        <ele>449.93</ele>
        <time>2026-03-25T04:30:07Z</time>
        <speed>0.8009078</speed>
      </trkpt>
      <trkpt lat="29.319096" lon="119.7770787">
        <ele>448.89</ele>
        <time>2026-03-25T04:30:16Z</time>
        <speed>1.1555514</speed>
      </trkpt>
      <trkpt lat="29.3190985" lon="119.7769702">
        <ele>447.34</ele>
        <time>2026-03-25T04:30:30Z</time>
        <speed>0.7983342</speed>
      </trkpt>
      <trkpt lat="29.3191539" lon="119.7769746">
        <ele>444.87</ele>
        <time>2026-03-25T04:30:46Z</time>
        <speed>0.60273975</speed>
      </trkpt>
      <trkpt lat="29.319188" lon="119.7770652">
        <ele>442.6</ele>
        <time>2026-03-25T04:31:06Z</time>
        <speed>0.48280945</speed>
      </trkpt>
      <trkpt lat="29.3192079" lon="119.7771918">
        <ele>438.04</ele>
        <time>2026-03-25T04:31:14Z</time>
        <speed>1.0335622</speed>
      </trkpt>
      <trkpt lat="29.3192032" lon="119.7772487">
        <ele>433.98</ele>
        <time>2026-03-25T04:31:26Z</time>
        <speed>0.0</speed>
      </trkpt>
      <trkpt lat="29.3191954" lon="119.7771739">
        <ele>431.28</ele>
        <time>2026-03-25T04:31:38Z</time>
        <speed>0.74222946</speed>
      </trkpt>
      <trkpt lat="29.3192273" lon="119.7770728">
        <ele>429.95</ele>
        <time>2026-03-25T04:32:00Z</time>
        <speed>0.77517164</speed>
      </trkpt>
      <trkpt lat="29.3192298" lon="119.7769447">
        <ele>428.25</ele>
        <time>2026-03-25T04:32:14Z</time>
        <speed>0.70722836</speed>
      </trkpt>
      <trkpt lat="29.3191936" lon="119.7768272">
        <ele>426.12</ele>
        <time>2026-03-25T04:32:24Z</time>
        <speed>1.1020203</speed>
      </trkpt>
      <trkpt lat="29.319193" lon="119.7767128">
        <ele>423.27</ele>
        <time>2026-03-25T04:32:34Z</time>
        <speed>1.1771697</speed>
      </trkpt>
      <trkpt lat="29.3191441" lon="119.7766202">
        <ele>420.88</ele>
        <time>2026-03-25T04:33:08Z</time>
        <speed>0.9707661</speed>
      </trkpt>
      <trkpt lat="29.3191457" lon="119.7765225">
        <ele>419.51</ele>
        <time>2026-03-25T04:33:28Z</time>
        <speed>0.5219283</speed>
      </trkpt>
      <trkpt lat="29.3192083" lon="119.7764309">
        <ele>419.72</ele>
        <time>2026-03-25T04:34:08Z</time>
        <speed>0.73605275</speed>
      </trkpt>
      <trkpt lat="29.3192026" lon="119.7763288">
        <ele>417.86</ele>
        <time>2026-03-25T04:34:24Z</time>
        <speed>0.7247289</speed>
      </trkpt>
      <trkpt lat="29.3192054" lon="119.7762225">
        <ele>415.08</ele>
        <time>2026-03-25T04:34:44Z</time>
        <speed>0.602225</speed>
      </trkpt>
      <trkpt lat="29.319268" lon="119.7762528">
        <ele>412.34</ele>
        <time>2026-03-25T04:35:08Z</time>
        <speed>0.7154639</speed>
      </trkpt>
      <trkpt lat="29.3193152" lon="119.7763484">
        <ele>407.37</ele>
        <time>2026-03-25T04:35:36Z</time>
        <speed>0.26714084</speed>
      </trkpt>
      <trkpt lat="29.3193975" lon="119.7764319">
        <ele>402.22</ele>
        <time>2026-03-25T04:35:54Z</time>
        <speed>0.41177776</speed>
      </trkpt>
      <trkpt lat="29.3194568" lon="119.776541">
        <ele>398.21</ele>
        <time>2026-03-25T04:36:08Z</time>
        <speed>0.47766224</speed>
      </trkpt>
      <trkpt lat="29.3194439" lon="119.7766487">
        <ele>395.45</ele>
        <time>2026-03-25T04:37:08Z</time>
        <speed>0.0</speed>
      </trkpt>
      <trkpt lat="29.3194386" lon="119.7766012">
        <ele>392.89</ele>
        <time>2026-03-25T04:37:18Z</time>
        <speed>0.9120878</speed>
      </trkpt>
      <trkpt lat="29.319505" lon="119.7765706">
        <ele>390.92</ele>
        <time>2026-03-25T04:37:40Z</time>
        <speed>0.6722272</speed>
      </trkpt>
      <trkpt lat="29.319538" lon="119.7764774">
        <ele>389.83</ele>
        <time>2026-03-25T04:38:04Z</time>
        <speed>0.89252836</speed>
      </trkpt>
      <trkpt lat="29.319577" lon="119.7763733">
        <ele>389.95</ele>
        <time>2026-03-25T04:38:20Z</time>
        <speed>0.43030778</speed>
      </trkpt>
      <trkpt lat="29.3196498" lon="119.7762903">
        <ele>389.11</ele>
        <time>2026-03-25T04:38:48Z</time>
        <speed>0.46736777</speed>
      </trkpt>
      <trkpt lat="29.3197209" lon="119.7762108">
        <ele>386.57</ele>
        <time>2026-03-25T04:38:56Z</time>
        <speed>1.0953289</speed>
      </trkpt>
      <trkpt lat="29.319787" lon="119.7761243">
        <ele>385.64</ele>
        <time>2026-03-25T04:39:10Z</time>
        <speed>0.8292175</speed>
      </trkpt>
      <trkpt lat="29.3198327" lon="119.7760193">
        <ele>385.28</ele>
        <time>2026-03-25T04:39:24Z</time>
        <speed>1.0520922</speed>
      </trkpt>
      <trkpt lat="29.3198607" lon="119.7758978">
        <ele>383.74</ele>
        <time>2026-03-25T04:39:34Z</time>
        <speed>1.6373314</speed>
      </trkpt>
      <trkpt lat="29.3198945" lon="119.7758555">
        <ele>381.57</ele>
        <time>2026-03-25T04:39:48Z</time>
        <speed>0.0</speed>
      </trkpt>
      <trkpt lat="29.3199345" lon="119.7757836">
        <ele>378.36</ele>
        <time>2026-03-25T04:40:26Z</time>
        <speed>0.9110583</speed>
      </trkpt>
      <trkpt lat="29.3199734" lon="119.7756961">
        <ele>377.0</ele>
        <time>2026-03-25T04:40:40Z</time>
        <speed>0.59913665</speed>
      </trkpt>
      <trkpt lat="29.3200607" lon="119.7756515">
        <ele>376.35</ele>
        <time>2026-03-25T04:40:52Z</time>
        <speed>1.0649602</speed>
      </trkpt>
      <trkpt lat="29.3201732" lon="119.7756421">
        <ele>376.5</ele>
        <time>2026-03-25T04:41:06Z</time>
        <speed>0.9512067</speed>
      </trkpt>
      <trkpt lat="29.3202522" lon="119.7755734">
        <ele>378.52</ele>
        <time>2026-03-25T04:41:22Z</time>
        <speed>1.01915</speed>
      </trkpt>
      <trkpt lat="29.3202698" lon="119.7754676">
        <ele>381.4</ele>
        <time>2026-03-25T04:41:34Z</time>
        <speed>0.8729689</speed>
      </trkpt>
      <trkpt lat="29.3202942" lon="119.7753512">
        <ele>382.69</ele>
        <time>2026-03-25T04:41:44Z</time>
        <speed>1.1293006</speed>
      </trkpt>
      <trkpt lat="29.3203734" lon="119.7752802">
        <ele>382.0</ele>
        <time>2026-03-25T04:41:54Z</time>
        <speed>1.2270977</speed>
      </trkpt>
      <trkpt lat="29.3204691" lon="119.7752591">
        <ele>380.2</ele>
        <time>2026-03-25T04:42:04Z</time>
        <speed>1.0665045</speed>
      </trkpt>
      <trkpt lat="29.3205312" lon="119.775245">
        <ele>378.31</ele>
        <time>2026-03-25T04:42:16Z</time>
        <speed>0.0</speed>
      </trkpt>
      <trkpt lat="29.3205538" lon="119.775166">
        <ele>378.13</ele>
        <time>2026-03-25T04:42:28Z</time>
        <speed>0.74634725</speed>
      </trkpt>
      <trkpt lat="29.320569" lon="119.7750574">
        <ele>379.19</ele>
        <time>2026-03-25T04:42:40Z</time>
        <speed>1.2862909</speed>
      </trkpt>
      <trkpt lat="29.3206166" lon="119.7749516">
        <ele>378.77</ele>
        <time>2026-03-25T04:42:48Z</time>
        <speed>1.4273248</speed>
      </trkpt>
      <trkpt lat="29.3206816" lon="119.7748535">
        <ele>377.58</ele>
        <time>2026-03-25T04:42:58Z</time>
        <speed>1.3912941</speed>
      </trkpt>
      <trkpt lat="29.3207821" lon="119.774811">
        <ele>376.25</ele>
        <time>2026-03-25T04:43:08Z</time>
        <speed>1.2898939</speed>
      </trkpt>
      <trkpt lat="29.3208879" lon="119.7748002">
        <ele>374.42</ele>
        <time>2026-03-25T04:43:16Z</time>
        <speed>1.2852614</speed>
      </trkpt>
      <trkpt lat="29.3209931" lon="119.7747845">
        <ele>372.48</ele>
        <time>2026-03-25T04:43:26Z</time>
        <speed>1.250775</speed>
      </trkpt>
      <trkpt lat="29.3210649" lon="119.7747173">
        <ele>370.81</ele>
        <time>2026-03-25T04:43:38Z</time>
        <speed>1.0428272</speed>
      </trkpt>
      <trkpt lat="29.3210811" lon="119.7746737">
        <ele>369.17</ele>
        <time>2026-03-25T04:43:50Z</time>
        <speed>0.0</speed>
      </trkpt>
      <trkpt lat="29.3210508" lon="119.7747397">
        <ele>368.62</ele>
        <time>2026-03-25T04:44:00Z</time>
        <speed>0.7767158</speed>
      </trkpt>
      <trkpt lat="29.3210636" lon="119.7746777">
        <ele>368.83</ele>
        <time>2026-03-25T04:44:12Z</time>
        <speed>0.9980464</speed>
      </trkpt>
      <trkpt lat="29.321098" lon="119.7745842">
        <ele>369.33</ele>
        <time>2026-03-25T04:44:20Z</time>
        <speed>1.1715078</speed>
      </trkpt>
      <trkpt lat="29.3211679" lon="119.7745079">
        <ele>369.83</ele>
        <time>2026-03-25T04:44:30Z</time>
        <speed>1.0212089</speed>
      </trkpt>
      <trkpt lat="29.3212621" lon="119.7745093">
        <ele>369.95</ele>
        <time>2026-03-25T04:44:42Z</time>
        <speed>0.8173789</speed>
      </trkpt>
      <trkpt lat="29.3213689" lon="119.7745037">
        <ele>369.11</ele>
        <time>2026-03-25T04:45:00Z</time>
        <speed>0.6629622</speed>
      </trkpt>
      <trkpt lat="29.3214726" lon="119.7744907">
        <ele>367.3</ele>
        <time>2026-03-25T04:45:22Z</time>
        <speed>0.63104945</speed>
      </trkpt>
      <trkpt lat="29.3215668" lon="119.7744721">
        <ele>365.88</ele>
        <time>2026-03-25T04:45:45Z</time>
        <speed>0.5790625</speed>
      </trkpt>
      <trkpt lat="29.321629" lon="119.7744022">
        <ele>362.75</ele>
        <time>2026-03-25T04:46:07Z</time>
        <speed>0.9645894</speed>
      </trkpt>
      <trkpt lat="29.3216657" lon="119.7742986">
        <ele>359.2</ele>
        <time>2026-03-25T04:46:21Z</time>
        <speed>0.9151761</speed>
      </trkpt>
      <trkpt lat="29.3216824" lon="119.7741793">
        <ele>356.4</ele>
        <time>2026-03-25T04:46:37Z</time>
        <speed>0.8853222</speed>
      </trkpt>
      <trkpt lat="29.3217042" lon="119.7740488">
        <ele>355.28</ele>
        <time>2026-03-25T04:47:05Z</time>
        <speed>0.7293614</speed>
      </trkpt>
      <trkpt lat="29.3217338" lon="119.7739332">
        <ele>354.9</ele>
        <time>2026-03-25T04:47:13Z</time>
        <speed>1.3068798</speed>
      </trkpt>
      <trkpt lat="29.3217523" lon="119.7738163">
        <ele>354.39</ele>
        <time>2026-03-25T04:47:43Z</time>
        <speed>0.89252836</speed>
      </trkpt>
      <trkpt lat="29.3218106" lon="119.7737379">
        <ele>351.04</ele>
        <time>2026-03-25T04:47:55Z</time>
        <speed>0.8467181</speed>
      </trkpt>
      <trkpt lat="29.3218578" lon="119.7736501">
        <ele>348.48</ele>
        <time>2026-03-25T04:48:05Z</time>
        <speed>1.0495186</speed>
      </trkpt>
      <trkpt lat="29.3218928" lon="119.773578">
        <ele>346.21</ele>
        <time>2026-03-25T04:48:21Z</time>
        <speed>0.0</speed>
      </trkpt>
      <trkpt lat="29.3218967" lon="119.7734767">
        <ele>345.82</ele>
        <time>2026-03-25T04:50:59Z</time>
        <speed>0.58729804</speed>
      </trkpt>
      <trkpt lat="29.3219267" lon="119.7733567">
        <ele>345.29</ele>
        <time>2026-03-25T04:51:47Z</time>
        <speed>0.32942224</speed>
      </trkpt>
      <trkpt lat="29.3218817" lon="119.7734717">
        <ele>344.57</ele>
        <time>2026-03-25T05:05:40Z</time>
        <speed>0.53839946</speed>
      </trkpt>
      <trkpt lat="29.3219017" lon="119.7735817">
        <ele>347.03</ele>
        <time>2026-03-25T05:05:48Z</time>
        <speed>1.1298152</speed>
      </trkpt>
      <trkpt lat="29.3219104" lon="119.7736903">
        <ele>348.22</ele>
        <time>2026-03-25T05:05:58Z</time>
        <speed>0.8719394</speed>
      </trkpt>
      <trkpt lat="29.3219068" lon="119.7736326">
        <ele>349.25</ele>
        <time>2026-03-25T05:06:32Z</time>
        <speed>0.71855223</speed>
      </trkpt>
      <trkpt lat="29.3218968" lon="119.7735155">
        <ele>349.1</ele>
        <time>2026-03-25T05:06:42Z</time>
        <speed>1.1251827</speed>
      </trkpt>
      <trkpt lat="29.3218938" lon="119.7734095">
        <ele>348.54</ele>
        <time>2026-03-25T05:06:58Z</time>
        <speed>0.0</speed>
      </trkpt>
      <trkpt lat="29.3218604" lon="119.7732874">
        <ele>347.79</ele>
        <time>2026-03-25T05:07:50Z</time>
        <speed>1.1421686</speed>
      </trkpt>
      <trkpt lat="29.3219047" lon="119.7732046">
        <ele>346.55</ele>
        <time>2026-03-25T05:08:02Z</time>
        <speed>0.9378239</speed>
      </trkpt>
      <trkpt lat="29.3219267" lon="119.7731052">
        <ele>343.3</ele>
        <time>2026-03-25T05:08:12Z</time>
        <speed>1.3691611</speed>
      </trkpt>
      <trkpt lat="29.3219533" lon="119.7729928">
        <ele>339.77</ele>
        <time>2026-03-25T05:08:24Z</time>
        <speed>1.1848905</speed>
      </trkpt>
      <trkpt lat="29.3219561" lon="119.7728688">
        <ele>336.3</ele>
        <time>2026-03-25T05:08:36Z</time>
        <speed>1.256437</speed>
      </trkpt>
      <trkpt lat="29.321981" lon="119.7727565">
        <ele>332.56</ele>
        <time>2026-03-25T05:08:46Z</time>
        <speed>1.2008469</speed>
      </trkpt>
      <trkpt lat="29.3220186" lon="119.772656">
        <ele>328.27</ele>
        <time>2026-03-25T05:08:56Z</time>
        <speed>1.1699636</speed>
      </trkpt>
      <trkpt lat="29.3220377" lon="119.7726137">
        <ele>323.64</ele>
        <time>2026-03-25T05:09:08Z</time>
        <speed>0.0</speed>
      </trkpt>
      <trkpt lat="29.322044" lon="119.7725293">
        <ele>320.27</ele>
        <time>2026-03-25T05:10:04Z</time>
        <speed>0.18118222</speed>
      </trkpt>
      <trkpt lat="29.322021" lon="119.7724172">
        <ele>317.7</ele>
        <time>2026-03-25T05:10:22Z</time>
        <speed>1.0124586</speed>
      </trkpt>
      <trkpt lat="29.3219921" lon="119.7723318">
        <ele>314.99</ele>
        <time>2026-03-25T05:10:36Z</time>
        <speed>0.0</speed>
      </trkpt>
      <trkpt lat="29.3219817" lon="119.7722283">
        <ele>312.93</ele>
        <time>2026-03-25T05:11:38Z</time>
        <speed>0.45449972</speed>
      </trkpt>
      <trkpt lat="29.3218933" lon="119.7721917">
        <ele>311.88</ele>
        <time>2026-03-25T05:12:08Z</time>
        <speed>0.46685305</speed>
      </trkpt>
      <trkpt lat="29.3218262" lon="119.7721212">
        <ele>307.29</ele>
        <time>2026-03-25T05:12:56Z</time>
        <speed>1.0160617</speed>
      </trkpt>
      <trkpt lat="29.3218888" lon="119.772073">
        <ele>303.47</ele>
        <time>2026-03-25T05:13:14Z</time>
        <speed>0.84826225</speed>
      </trkpt>
      <trkpt lat="29.3219445" lon="119.7719764">
        <ele>300.68</ele>
        <time>2026-03-25T05:13:26Z</time>
        <speed>0.8878958</speed>
      </trkpt>
      <trkpt lat="29.3219822" lon="119.7718647">
        <ele>297.98</ele>
        <time>2026-03-25T05:13:40Z</time>
        <speed>1.0268708</speed>
      </trkpt>
      <trkpt lat="29.3220051" lon="119.7717547">
        <ele>295.41</ele>
        <time>2026-03-25T05:13:52Z</time>
        <speed>0.73450863</speed>
      </trkpt>
      <trkpt lat="29.3220577" lon="119.7716662">
        <ele>292.57</ele>
        <time>2026-03-25T05:14:04Z</time>
        <speed>0.7108314</speed>
      </trkpt>
      <trkpt lat="29.322079" lon="119.7715592">
        <ele>290.0</ele>
        <time>2026-03-25T05:14:16Z</time>
        <speed>0.8317911</speed>
      </trkpt>
      <trkpt lat="29.3220722" lon="119.7714372">
        <ele>286.56</ele>
        <time>2026-03-25T05:14:28Z</time>
        <speed>0.99186975</speed>
      </trkpt>
      <trkpt lat="29.32207" lon="119.7713079">
        <ele>282.32</ele>
        <time>2026-03-25T05:14:42Z</time>
        <speed>0.98775196</speed>
      </trkpt>
      <trkpt lat="29.3220689" lon="119.7711946">
        <ele>279.17</ele>
        <time>2026-03-25T05:14:52Z</time>
        <speed>1.084005</speed>
      </trkpt>
      <trkpt lat="29.3220666" lon="119.7710821">
        <ele>276.99</ele>
        <time>2026-03-25T05:15:02Z</time>
        <speed>1.0829755</speed>
      </trkpt>
      <trkpt lat="29.3220304" lon="119.7709844">
        <ele>274.58</ele>
        <time>2026-03-25T05:15:10Z</time>
        <speed>1.2461425</speed>
      </trkpt>
      <trkpt lat="29.3220146" lon="119.7708832">
        <ele>272.27</ele>
        <time>2026-03-25T05:15:20Z</time>
        <speed>1.1143736</speed>
      </trkpt>
      <trkpt lat="29.3219795" lon="119.7707823">
        <ele>269.92</ele>
        <time>2026-03-25T05:15:36Z</time>
        <speed>0.75973</speed>
      </trkpt>
      <trkpt lat="29.321906" lon="119.770715">
        <ele>268.27</ele>
        <time>2026-03-25T05:15:48Z</time>
        <speed>1.1215798</speed>
      </trkpt>
      <trkpt lat="29.321956" lon="119.7706861">
        <ele>265.62</ele>
        <time>2026-03-25T05:16:04Z</time>
        <speed>0.95275086</speed>
      </trkpt>
      <trkpt lat="29.3220324" lon="119.7707382">
        <ele>261.61</ele>
        <time>2026-03-25T05:16:16Z</time>
        <speed>0.7082578</speed>
      </trkpt>
      <trkpt lat="29.3221156" lon="119.770818">
        <ele>258.59</ele>
        <time>2026-03-25T05:16:24Z</time>
        <speed>1.5220336</speed>
      </trkpt>
      <trkpt lat="29.322172" lon="119.7709318">
        <ele>256.53</ele>
        <time>2026-03-25T05:16:32Z</time>
        <speed>2.0249171</speed>
      </trkpt>
      <trkpt lat="29.3221985" lon="119.7710672">
        <ele>253.89</ele>
        <time>2026-03-25T05:16:42Z</time>
        <speed>1.7706444</speed>
      </trkpt>
      <trkpt lat="29.322239" lon="119.7711934">
        <ele>250.28</ele>
        <time>2026-03-25T05:16:52Z</time>
        <speed>1.436075</speed>
      </trkpt>
      <trkpt lat="29.3223177" lon="119.7712415">
        <ele>246.29</ele>
        <time>2026-03-25T05:17:04Z</time>
        <speed>0.7283319</speed>
      </trkpt>
      <trkpt lat="29.322408" lon="119.7712271">
        <ele>244.7</ele>
        <time>2026-03-25T05:17:58Z</time>
        <speed>0.2522139</speed>
      </trkpt>
      <trkpt lat="29.322508" lon="119.7711934">
        <ele>246.16</ele>
        <time>2026-03-25T05:18:10Z</time>
        <speed>0.8359089</speed>
      </trkpt>
      <trkpt lat="29.3226083" lon="119.77116">
        <ele>246.31</ele>
        <time>2026-03-25T05:19:26Z</time>
        <speed>0.39221832</speed>
      </trkpt>
      <trkpt lat="29.3226867" lon="119.7710967">
        <ele>245.87</ele>
        <time>2026-03-25T05:19:46Z</time>
        <speed>0.8492917</speed>
      </trkpt>
      <trkpt lat="29.3227594" lon="119.7710277">
        <ele>245.37</ele>
        <time>2026-03-25T05:19:54Z</time>
        <speed>1.1740814</speed>
      </trkpt>
      <trkpt lat="29.3228156" lon="119.7709371">
        <ele>244.74</ele>
        <time>2026-03-25T05:20:04Z</time>
        <speed>1.0881227</speed>
      </trkpt>
      <trkpt lat="29.3228354" lon="119.7708248">
        <ele>243.77</ele>
        <time>2026-03-25T05:20:14Z</time>
        <speed>1.0387094</speed>
      </trkpt>
      <trkpt lat="29.3228775" lon="119.7707165">
        <ele>242.84</ele>
        <time>2026-03-25T05:20:24Z</time>
        <speed>1.8010131</speed>
      </trkpt>
      <trkpt lat="29.3229053" lon="119.7706127">
        <ele>240.41</ele>
        <time>2026-03-25T05:20:38Z</time>
        <speed>0.89149886</speed>
      </trkpt>
      <trkpt lat="29.3229616" lon="119.7705265">
        <ele>239.72</ele>
        <time>2026-03-25T05:20:50Z</time>
        <speed>0.79987836</speed>
      </trkpt>
      <trkpt lat="29.3230256" lon="119.7704505">
        <ele>240.31</ele>
        <time>2026-03-25T05:20:58Z</time>
        <speed>0.91311723</speed>
      </trkpt>
      <trkpt lat="29.3230825" lon="119.7703561">
        <ele>241.51</ele>
        <time>2026-03-25T05:21:10Z</time>
        <speed>0.8369383</speed>
      </trkpt>
      <trkpt lat="29.3231295" lon="119.7702591">
        <ele>242.28</ele>
        <time>2026-03-25T05:21:20Z</time>
        <speed>1.0464302</speed>
      </trkpt>
      <trkpt lat="29.323209" lon="119.770209">
        <ele>242.03</ele>
        <time>2026-03-25T05:21:30Z</time>
        <speed>1.078343</speed>
      </trkpt>
      <trkpt lat="29.323301" lon="119.7701591">
        <ele>240.38</ele>
        <time>2026-03-25T05:21:38Z</time>
        <speed>1.4448253</speed>
      </trkpt>
      <trkpt lat="29.3233646" lon="119.7700779">
        <ele>239.01</ele>
        <time>2026-03-25T05:21:46Z</time>
        <speed>1.5925505</speed>
      </trkpt>
      <trkpt lat="29.3233763" lon="119.7699679">
        <ele>237.59</ele>
        <time>2026-03-25T05:21:54Z</time>
        <speed>2.0321233</speed>
      </trkpt>
      <trkpt lat="29.3233184" lon="119.7698684">
        <ele>235.66</ele>
        <time>2026-03-25T05:22:04Z</time>
        <speed>1.3660728</speed>
      </trkpt>
      <trkpt lat="29.3232397" lon="119.7697761">
        <ele>235.12</ele>
        <time>2026-03-25T05:22:12Z</time>
        <speed>1.5781384</speed>
      </trkpt>
      <trkpt lat="29.3232402" lon="119.7696669">
        <ele>233.13</ele>
        <time>2026-03-25T05:22:36Z</time>
        <speed>1.0176058</speed>
      </trkpt>
      <trkpt lat="29.3232825" lon="119.7695515">
        <ele>230.79</ele>
        <time>2026-03-25T05:22:46Z</time>
        <speed>1.3068798</speed>
      </trkpt>
      <trkpt lat="29.3232879" lon="119.7694247">
        <ele>228.22</ele>
        <time>2026-03-25T05:23:04Z</time>
        <speed>0.4822947</speed>
      </trkpt>
      <trkpt lat="29.3232562" lon="119.7692995">
        <ele>226.19</ele>
        <time>2026-03-25T05:23:14Z</time>
        <speed>1.3166595</speed>
      </trkpt>
      <trkpt lat="29.3231824" lon="119.7692148">
        <ele>224.64</ele>
        <time>2026-03-25T05:23:26Z</time>
        <speed>0.96253055</speed>
      </trkpt>
      <trkpt lat="29.3231042" lon="119.7691303">
        <ele>222.47</ele>
        <time>2026-03-25T05:23:40Z</time>
        <speed>0.9687072</speed>
      </trkpt>
      <trkpt lat="29.3230933" lon="119.7690267">
        <ele>220.38</ele>
        <time>2026-03-25T05:31:57Z</time>
        <speed>0.453985</speed>
      </trkpt>
      <trkpt lat="29.32313" lon="119.7689167">
        <ele>221.89</ele>
        <time>2026-03-25T05:32:13Z</time>
        <speed>0.84414446</speed>
      </trkpt>
      <trkpt lat="29.3231385" lon="119.7687996">
        <ele>221.42</ele>
        <time>2026-03-25T05:32:29Z</time>
        <speed>1.0690781</speed>
      </trkpt>
      <trkpt lat="29.3231304" lon="119.7687482">
        <ele>218.79</ele>
        <time>2026-03-25T05:32:49Z</time>
        <speed>0.0</speed>
      </trkpt>
      <trkpt lat="29.3231106" lon="119.7686634">
        <ele>215.35</ele>
        <time>2026-03-25T05:33:05Z</time>
        <speed>0.9167203</speed>
      </trkpt>
      <trkpt lat="29.3231026" lon="119.7685559">
        <ele>215.16</ele>
        <time>2026-03-25T05:33:19Z</time>
        <speed>0.880175</speed>
      </trkpt>
      <trkpt lat="29.3231341" lon="119.7684413">
        <ele>214.32</ele>
        <time>2026-03-25T05:33:31Z</time>
        <speed>0.84465915</speed>
      </trkpt>
      <trkpt lat="29.3232202" lon="119.7683968">
        <ele>212.29</ele>
        <time>2026-03-25T05:33:43Z</time>
        <speed>0.8307617</speed>
      </trkpt>
      <trkpt lat="29.3233105" lon="119.7684316">
        <ele>209.71</ele>
        <time>2026-03-25T05:33:53Z</time>
        <speed>0.86730695</speed>
      </trkpt>
      <trkpt lat="29.3233982" lon="119.7684995">
        <ele>207.38</ele>
        <time>2026-03-25T05:34:09Z</time>
        <speed>0.6161225</speed>
      </trkpt>
      <trkpt lat="29.3234725" lon="119.768581">
        <ele>204.12</ele>
        <time>2026-03-25T05:34:19Z</time>
        <speed>0.97333974</speed>
      </trkpt>
      <trkpt lat="29.3235345" lon="119.7686724">
        <ele>200.97</ele>
        <time>2026-03-25T05:34:29Z</time>
        <speed>0.8786308</speed>
      </trkpt>
      <trkpt lat="29.3235896" lon="119.7687653">
        <ele>197.71</ele>
        <time>2026-03-25T05:34:39Z</time>
        <speed>0.8971608</speed>
      </trkpt>
      <trkpt lat="29.3236568" lon="119.7688513">
        <ele>195.17</ele>
        <time>2026-03-25T05:34:51Z</time>
        <speed>0.78958386</speed>
      </trkpt>
      <trkpt lat="29.3237154" lon="119.768936">
        <ele>192.86</ele>
        <time>2026-03-25T05:35:01Z</time>
        <speed>0.78186303</speed>
      </trkpt>
      <trkpt lat="29.3238031" lon="119.7689799">
        <ele>191.03</ele>
        <time>2026-03-25T05:35:11Z</time>
        <speed>0.92804414</speed>
      </trkpt>
      <trkpt lat="29.3238868" lon="119.768941">
        <ele>190.03</ele>
        <time>2026-03-25T05:35:21Z</time>
        <speed>1.0124586</speed>
      </trkpt>
      <trkpt lat="29.32392" lon="119.7688416">
        <ele>189.89</ele>
        <time>2026-03-25T05:35:31Z</time>
        <speed>1.1890084</speed>
      </trkpt>
      <trkpt lat="29.3239205" lon="119.7687207">
        <ele>190.45</ele>
        <time>2026-03-25T05:35:43Z</time>
        <speed>0.87708664</speed>
      </trkpt>
      <trkpt lat="29.3239002" lon="119.7686046">
        <ele>191.81</ele>
        <time>2026-03-25T05:35:53Z</time>
        <speed>0.9244411</speed>
      </trkpt>
      <trkpt lat="29.3239017" lon="119.7684823">
        <ele>193.44</ele>
        <time>2026-03-25T05:36:05Z</time>
        <speed>0.9615011</speed>
      </trkpt>
      <trkpt lat="29.3239203" lon="119.7683736">
        <ele>192.65</ele>
        <time>2026-03-25T05:36:15Z</time>
        <speed>0.8575272</speed>
      </trkpt>
      <trkpt lat="29.3239153" lon="119.7682676">
        <ele>191.29</ele>
        <time>2026-03-25T05:36:23Z</time>
        <speed>1.0922406</speed>
      </trkpt>
      <trkpt lat="29.3238871" lon="119.7681563">
        <ele>190.09</ele>
        <time>2026-03-25T05:36:37Z</time>
        <speed>0.6531825</speed>
      </trkpt>
      <trkpt lat="29.3238689" lon="119.7680405">
        <ele>190.65</ele>
        <time>2026-03-25T05:36:49Z</time>
        <speed>0.92341167</speed>
      </trkpt>
      <trkpt lat="29.3238323" lon="119.7679408">
        <ele>191.88</ele>
        <time>2026-03-25T05:36:59Z</time>
        <speed>1.0222384</speed>
      </trkpt>
      <trkpt lat="29.3237956" lon="119.7678436">
        <ele>194.0</ele>
        <time>2026-03-25T05:37:11Z</time>
        <speed>0.8945872</speed>
      </trkpt>
      <trkpt lat="29.3237588" lon="119.7677304">
        <ele>196.23</ele>
        <time>2026-03-25T05:37:21Z</time>
        <speed>1.2914381</speed>
      </trkpt>
      <trkpt lat="29.3237151" lon="119.767622">
        <ele>197.25</ele>
        <time>2026-03-25T05:37:31Z</time>
        <speed>1.1895231</speed>
      </trkpt>
      <trkpt lat="29.3236679" lon="119.7675261">
        <ele>197.19</ele>
        <time>2026-03-25T05:37:45Z</time>
        <speed>0.639285</speed>
      </trkpt>
      <trkpt lat="29.3236464" lon="119.7674247">
        <ele>196.76</ele>
        <time>2026-03-25T05:37:55Z</time>
        <speed>0.99084026</speed>
      </trkpt>
      <trkpt lat="29.3235909" lon="119.7673332">
        <ele>194.97</ele>
        <time>2026-03-25T05:38:05Z</time>
        <speed>1.1287858</speed>
      </trkpt>
      <trkpt lat="29.3235243" lon="119.7672528">
        <ele>192.36</ele>
        <time>2026-03-25T05:38:15Z</time>
        <speed>1.2394512</speed>
      </trkpt>
      <trkpt lat="29.3234487" lon="119.7671759">
        <ele>190.01</ele>
        <time>2026-03-25T05:38:27Z</time>
        <speed>1.0222384</speed>
      </trkpt>
      <trkpt lat="29.3233861" lon="119.7670881">
        <ele>187.86</ele>
        <time>2026-03-25T05:38:37Z</time>
        <speed>1.0500333</speed>
      </trkpt>
      <trkpt lat="29.3233344" lon="119.7669906">
        <ele>186.54</ele>
        <time>2026-03-25T05:38:49Z</time>
        <speed>0.9110583</speed>
      </trkpt>
      <trkpt lat="29.3233129" lon="119.7668836">
        <ele>185.71</ele>
        <time>2026-03-25T05:38:59Z</time>
        <speed>1.245113</speed>
      </trkpt>
      <trkpt lat="29.3233081" lon="119.7667612">
        <ele>185.53</ele>
        <time>2026-03-25T05:39:09Z</time>
        <speed>1.2348186</speed>
      </trkpt>
      <trkpt lat="29.3233236" lon="119.7666353">
        <ele>185.39</ele>
        <time>2026-03-25T05:39:19Z</time>
        <speed>1.115403</speed>
      </trkpt>
      <trkpt lat="29.3233371" lon="119.7665157">
        <ele>184.49</ele>
        <time>2026-03-25T05:39:27Z</time>
        <speed>1.2976147</speed>
      </trkpt>
      <trkpt lat="29.3233426" lon="119.7663968">
        <ele>184.41</ele>
        <time>2026-03-25T05:39:35Z</time>
        <speed>1.5904917</speed>
      </trkpt>
      <trkpt lat="29.323353" lon="119.7662745">
        <ele>181.95</ele>
        <time>2026-03-25T05:39:47Z</time>
        <speed>0.7859808</speed>
      </trkpt>
      <trkpt lat="29.3233964" lon="119.7661623">
        <ele>177.8</ele>
        <time>2026-03-25T05:39:55Z</time>
        <speed>1.121065</speed>
      </trkpt>
      <trkpt lat="29.323459" lon="119.7660552">
        <ele>173.93</ele>
        <time>2026-03-25T05:40:03Z</time>
        <speed>1.510195</speed>
      </trkpt>
      <trkpt lat="29.3235328" lon="119.7659508">
        <ele>171.85</ele>
        <time>2026-03-25T05:40:11Z</time>
        <speed>1.5050478</speed>
      </trkpt>
      <trkpt lat="29.3236" lon="119.7658443">
        <ele>170.97</ele>
        <time>2026-03-25T05:40:19Z</time>
        <speed>1.5117391</speed>
      </trkpt>
      <trkpt lat="29.3236579" lon="119.7657492">
        <ele>170.21</ele>
        <time>2026-03-25T05:40:27Z</time>
        <speed>1.4247512</speed>
      </trkpt>
      <trkpt lat="29.3236969" lon="119.7656431">
        <ele>169.9</ele>
        <time>2026-03-25T05:40:33Z</time>
        <speed>1.736158</speed>
      </trkpt>
      <trkpt lat="29.3237505" lon="119.7655423">
        <ele>169.26</ele>
        <time>2026-03-25T05:40:43Z</time>
        <speed>1.2765111</speed>
      </trkpt>
      <trkpt lat="29.3238131" lon="119.765455">
        <ele>167.98</ele>
        <time>2026-03-25T05:40:51Z</time>
        <speed>1.2734228</speed>
      </trkpt>
      <trkpt lat="29.3238612" lon="119.7653587">
        <ele>166.83</ele>
        <time>2026-03-25T05:40:59Z</time>
        <speed>1.3959267</speed>
      </trkpt>
      <trkpt lat="29.3238784" lon="119.7652545">
        <ele>165.78</ele>
        <time>2026-03-25T05:41:05Z</time>
        <speed>1.8046161</speed>
      </trkpt>
      <trkpt lat="29.3238084" lon="119.7651887">
        <ele>164.54</ele>
        <time>2026-03-25T05:41:15Z</time>
        <speed>1.2487161</speed>
      </trkpt>
      <trkpt lat="29.323721" lon="119.7651325">
        <ele>163.58</ele>
        <time>2026-03-25T05:41:23Z</time>
        <speed>1.3336452</speed>
      </trkpt>
      <trkpt lat="29.3236932" lon="119.7650204">
        <ele>162.68</ele>
        <time>2026-03-25T05:41:31Z</time>
        <speed>1.7294667</speed>
      </trkpt>
      <trkpt lat="29.3236687" lon="119.7649087">
        <ele>161.83</ele>
        <time>2026-03-25T05:41:49Z</time>
        <speed>0.7206111</speed>
      </trkpt>
      <trkpt lat="29.3236805" lon="119.7647971">
        <ele>162.25</ele>
        <time>2026-03-25T05:41:59Z</time>
        <speed>0.99444336</speed>
      </trkpt>
      <trkpt lat="29.323686" lon="119.7646804">
        <ele>162.06</ele>
        <time>2026-03-25T05:42:21Z</time>
        <speed>0.583695</speed>
      </trkpt>
      <trkpt lat="29.3236919" lon="119.7645661">
        <ele>161.95</ele>
        <time>2026-03-25T05:42:29Z</time>
        <speed>0.99495804</speed>
      </trkpt>
      <trkpt lat="29.3236919" lon="119.7645661">
        <ele>161.95</ele>
        <time>2026-03-25T05:42:36Z</time>
        <speed>0.99495804</speed>
      </trkpt>
      <extensions>
        <PauseTimes>1774417356000:pause</PauseTimes>
      </extensions>
    </trkseg>
  </trk>
  <trk>
    <trkseg>
      <trkpt lat="29.3237983" lon="119.76437">
        <ele>161.24</ele>
        <time>2026-03-25T05:43:51Z</time>
        <speed>0.84414446</speed>
      </trkpt>
      <trkpt lat="29.3237983" lon="119.76437">
        <ele>161.24</ele>
        <time>2026-03-25T05:43:53Z</time>
        <speed>0.84414446</speed>
      </trkpt>
      <trkpt lat="29.3237577" lon="119.7644419">
        <ele>157.39</ele>
        <time>2026-03-25T05:44:05Z</time>
        <speed>1.0057672</speed>
      </trkpt>
      <trkpt lat="29.3237127" lon="119.7645377">
        <ele>155.55</ele>
        <time>2026-03-25T05:44:15Z</time>
        <speed>1.0809166</speed>
      </trkpt>
      <trkpt lat="29.323736" lon="119.7644749">
        <ele>154.19</ele>
        <time>2026-03-25T05:44:25Z</time>
        <speed>1.3918089</speed>
      </trkpt>
      <trkpt lat="29.3237992" lon="119.7643722">
        <ele>153.16</ele>
        <time>2026-03-25T05:44:31Z</time>
        <speed>2.2503655</speed>
      </trkpt>
      <trkpt lat="29.3238761" lon="119.764274">
        <ele>153.01</ele>
        <time>2026-03-25T05:44:39Z</time>
        <speed>1.7665267</speed>
      </trkpt>
      <trkpt lat="29.3239646" lon="119.7641927">
        <ele>152.62</ele>
        <time>2026-03-25T05:44:47Z</time>
        <speed>1.5225483</speed>
      </trkpt>
      <trkpt lat="29.3240459" lon="119.7641064">
        <ele>151.45</ele>
        <time>2026-03-25T05:44:55Z</time>
        <speed>1.7001275</speed>
      </trkpt>
      <trkpt lat="29.3241452" lon="119.7640288">
        <ele>149.36</ele>
        <time>2026-03-25T05:45:03Z</time>
        <speed>1.6893183</speed>
      </trkpt>
      <trkpt lat="29.3242229" lon="119.7639448">
        <ele>146.97</ele>
        <time>2026-03-25T05:45:15Z</time>
        <speed>0.93164724</speed>
      </trkpt>
      <trkpt lat="29.3243" lon="119.7638733">
        <ele>146.9</ele>
        <time>2026-03-25T05:45:39Z</time>
        <speed>0.69384557</speed>
      </trkpt>
      <trkpt lat="29.3243098" lon="119.7639469">
        <ele>145.05</ele>
        <time>2026-03-25T05:45:51Z</time>
        <speed>1.1704783</speed>
      </trkpt>
      <trkpt lat="29.3242453" lon="119.7640391">
        <ele>143.44</ele>
        <time>2026-03-25T05:45:59Z</time>
        <speed>1.3377631</speed>
      </trkpt>
      <trkpt lat="29.3241711" lon="119.7641374">
        <ele>141.83</ele>
        <time>2026-03-25T05:46:07Z</time>
        <speed>1.1920967</speed>
      </trkpt>
      <trkpt lat="29.3240908" lon="119.7642199">
        <ele>140.1</ele>
        <time>2026-03-25T05:46:15Z</time>
        <speed>1.1823169</speed>
      </trkpt>
      <trkpt lat="29.3240208" lon="119.7643161">
        <ele>138.46</ele>
        <time>2026-03-25T05:46:23Z</time>
        <speed>1.3681316</speed>
      </trkpt>
      <trkpt lat="29.3239681" lon="119.7644115">
        <ele>137.36</ele>
        <time>2026-03-25T05:46:31Z</time>
        <speed>1.2641578</speed>
      </trkpt>
      <trkpt lat="29.323925" lon="119.7645241">
        <ele>136.17</ele>
        <time>2026-03-25T05:46:41Z</time>
        <speed>1.1828316</speed>
      </trkpt>
      <trkpt lat="29.3238847" lon="119.7646349">
        <ele>134.89</ele>
        <time>2026-03-25T05:46:49Z</time>
        <speed>1.2713639</speed>
      </trkpt>
      <trkpt lat="29.3238747" lon="119.7647413">
        <ele>133.91</ele>
        <time>2026-03-25T05:46:57Z</time>
        <speed>1.3238655</speed>
      </trkpt>
      <trkpt lat="29.323914" lon="119.7648368">
        <ele>133.78</ele>
        <time>2026-03-25T05:47:07Z</time>
        <speed>1.0320181</speed>
      </trkpt>
      <trkpt lat="29.3239981" lon="119.7648793">
        <ele>133.83</ele>
        <time>2026-03-25T05:47:17Z</time>
        <speed>0.90436697</speed>
      </trkpt>
      <trkpt lat="29.3241037" lon="119.7648743">
        <ele>133.82</ele>
        <time>2026-03-25T05:47:25Z</time>
        <speed>1.5004153</speed>
      </trkpt>
      <trkpt lat="29.3242201" lon="119.7648577">
        <ele>133.81</ele>
        <time>2026-03-25T05:47:37Z</time>
        <speed>1.0448861</speed>
      </trkpt>
      <trkpt lat="29.3243294" lon="119.764851">
        <ele>134.28</ele>
        <time>2026-03-25T05:47:49Z</time>
        <speed>0.95326555</speed>
      </trkpt>
      <trkpt lat="29.324435" lon="119.7648423">
        <ele>133.9</ele>
        <time>2026-03-25T05:48:03Z</time>
        <speed>0.57443</speed>
      </trkpt>
      <trkpt lat="29.3245282" lon="119.7648174">
        <ele>133.08</ele>
        <time>2026-03-25T05:48:13Z</time>
        <speed>0.63259363</speed>
      </trkpt>
      <trkpt lat="29.3246304" lon="119.7647848">
        <ele>133.18</ele>
        <time>2026-03-25T05:48:23Z</time>
        <speed>1.2595253</speed>
      </trkpt>
      <trkpt lat="29.3247239" lon="119.7647945">
        <ele>132.89</ele>
        <time>2026-03-25T05:48:35Z</time>
        <speed>0.89921975</speed>
      </trkpt>
      <trkpt lat="29.3248089" lon="119.7648457">
        <ele>131.73</ele>
        <time>2026-03-25T05:48:45Z</time>
        <speed>1.1715078</speed>
      </trkpt>
      <trkpt lat="29.32487" lon="119.7649291">
        <ele>129.31</ele>
        <time>2026-03-25T05:48:57Z</time>
        <speed>0.7669361</speed>
      </trkpt>
      <trkpt lat="29.3249305" lon="119.7650186">
        <ele>127.41</ele>
        <time>2026-03-25T05:49:17Z</time>
        <speed>0.68561</speed>
      </trkpt>
      <trkpt lat="29.3250067" lon="119.7650933">
        <ele>125.86</ele>
        <time>2026-03-25T05:52:57Z</time>
        <speed>0.74017054</speed>
      </trkpt>
      <trkpt lat="29.3251083" lon="119.7651233">
        <ele>126.13</ele>
        <time>2026-03-25T05:54:01Z</time>
        <speed>1.2909234</speed>
      </trkpt>
      <trkpt lat="29.3251617" lon="119.7652233">
        <ele>127.45</ele>
        <time>2026-03-25T05:54:09Z</time>
        <speed>1.4427664</speed>
      </trkpt>
      <trkpt lat="29.3252221" lon="119.765305">
        <ele>128.38</ele>
        <time>2026-03-25T05:54:27Z</time>
        <speed>0.5579589</speed>
      </trkpt>
      <trkpt lat="29.325294" lon="119.7653693">
        <ele>126.28</ele>
        <time>2026-03-25T05:54:37Z</time>
        <speed>1.1287858</speed>
      </trkpt>
      <trkpt lat="29.3253056" lon="119.7653841">
        <ele>124.35</ele>
        <time>2026-03-25T05:54:45Z</time>
        <speed>0.0</speed>
      </trkpt>
      <trkpt lat="29.3253676" lon="119.7654057">
        <ele>123.86</ele>
        <time>2026-03-25T05:55:09Z</time>
        <speed>0.898705</speed>
      </trkpt>
      <trkpt lat="29.3254382" lon="119.7653441">
        <ele>124.56</ele>
        <time>2026-03-25T05:55:21Z</time>
        <speed>1.0659897</speed>
      </trkpt>
      <trkpt lat="29.3254682" lon="119.7653085">
        <ele>124.92</ele>
        <time>2026-03-25T05:55:35Z</time>
        <speed>0.0</speed>
      </trkpt>
      <trkpt lat="29.32555" lon="119.765295">
        <ele>124.4</ele>
        <time>2026-03-25T05:57:03Z</time>
        <speed>0.5085456</speed>
      </trkpt>
      <trkpt lat="29.3256167" lon="119.765365">
        <ele>124.57</ele>
        <time>2026-03-25T05:57:45Z</time>
        <speed>0.69178665</speed>
      </trkpt>
      <trkpt lat="29.3257087" lon="119.7654195">
        <ele>126.26</ele>
        <time>2026-03-25T05:58:01Z</time>
        <speed>0.89149886</speed>
      </trkpt>
      <trkpt lat="29.3257641" lon="119.7655111">
        <ele>127.31</ele>
        <time>2026-03-25T05:58:23Z</time>
        <speed>0.7633331</speed>
      </trkpt>
      <trkpt lat="29.3258119" lon="119.765618">
        <ele>126.83</ele>
        <time>2026-03-25T05:58:37Z</time>
        <speed>0.93319136</speed>
      </trkpt>
      <trkpt lat="29.3258552" lon="119.7657233">
        <ele>126.82</ele>
        <time>2026-03-25T05:58:47Z</time>
        <speed>1.1843759</speed>
      </trkpt>
      <trkpt lat="29.3259042" lon="119.7658201">
        <ele>127.15</ele>
        <time>2026-03-25T05:58:57Z</time>
        <speed>0.98826665</speed>
      </trkpt>
      <trkpt lat="29.3259862" lon="119.765888">
        <ele>128.16</ele>
        <time>2026-03-25T05:59:09Z</time>
        <speed>0.9836342</speed>
      </trkpt>
      <trkpt lat="29.3260729" lon="119.7659553">
        <ele>130.07</ele>
        <time>2026-03-25T05:59:17Z</time>
        <speed>1.4983563</speed>
      </trkpt>
      <trkpt lat="29.3261182" lon="119.7660153">
        <ele>131.76</ele>
        <time>2026-03-25T05:59:31Z</time>
        <speed>0.0</speed>
      </trkpt>
      <trkpt lat="29.3261999" lon="119.7660559">
        <ele>132.51</ele>
        <time>2026-03-25T06:00:25Z</time>
        <speed>0.43494028</speed>
      </trkpt>
      <trkpt lat="29.3263002" lon="119.7660665">
        <ele>131.9</ele>
        <time>2026-03-25T06:00:41Z</time>
        <speed>0.5445761</speed>
      </trkpt>
      <trkpt lat="29.3263524" lon="119.7659875">
        <ele>131.77</ele>
        <time>2026-03-25T06:01:27Z</time>
        <speed>0.31912777</speed>
      </trkpt>
      <trkpt lat="29.3264417" lon="119.76592">
        <ele>133.63</ele>
        <time>2026-03-25T06:03:13Z</time>
        <speed>0.34126082</speed>
      </trkpt>
      <trkpt lat="29.32651" lon="119.7658483">
        <ele>139.86</ele>
        <time>2026-03-25T06:03:57Z</time>
        <speed>0.66862416</speed>
      </trkpt>
      <trkpt lat="29.326595" lon="119.7658867">
        <ele>144.87</ele>
        <time>2026-03-25T06:05:13Z</time>
        <speed>0.0</speed>
      </trkpt>
      <trkpt lat="29.3266817" lon="119.7658183">
        <ele>151.93</ele>
        <time>2026-03-25T06:07:05Z</time>
        <speed>0.41743973</speed>
      </trkpt>
      <trkpt lat="29.3267717" lon="119.765845">
        <ele>157.68</ele>
        <time>2026-03-25T06:08:37Z</time>
        <speed>0.2892739</speed>
      </trkpt>
      <trkpt lat="29.3268067" lon="119.765745">
        <ele>162.77</ele>
        <time>2026-03-25T06:08:51Z</time>
        <speed>0.81634945</speed>
      </trkpt>
      <trkpt lat="29.3267429" lon="119.7656845">
        <ele>167.04</ele>
        <time>2026-03-25T06:09:37Z</time>
        <speed>0.97900164</speed>
      </trkpt>
      <trkpt lat="29.3267518" lon="119.7655937">
        <ele>168.31</ele>
        <time>2026-03-25T06:09:49Z</time>
        <speed>0.7149492</speed>
      </trkpt>
      <trkpt lat="29.3267916" lon="119.7654948">
        <ele>167.4</ele>
        <time>2026-03-25T06:10:33Z</time>
        <speed>0.7448031</speed>
      </trkpt>
      <trkpt lat="29.3268605" lon="119.765411">
        <ele>168.13</ele>
        <time>2026-03-25T06:11:17Z</time>
        <speed>0.0</speed>
      </trkpt>
      <trkpt lat="29.3269503" lon="119.7653634">
        <ele>168.85</ele>
        <time>2026-03-25T06:11:53Z</time>
        <speed>0.85804194</speed>
      </trkpt>
      <trkpt lat="29.3270072" lon="119.7652861">
        <ele>168.57</ele>
        <time>2026-03-25T06:12:23Z</time>
        <speed>0.5878128</speed>
      </trkpt>
      <trkpt lat="29.3270293" lon="119.7651883">
        <ele>168.33</ele>
        <time>2026-03-25T06:13:15Z</time>
        <speed>0.64443225</speed>
      </trkpt>
      <trkpt lat="29.3270917" lon="119.7651217">
        <ele>168.01</ele>
        <time>2026-03-25T06:15:26Z</time>
        <speed>0.66347694</speed>
      </trkpt>
      <trkpt lat="29.3271" lon="119.7652317">
        <ele>168.52</ele>
        <time>2026-03-25T06:15:58Z</time>
        <speed>0.3386872</speed>
      </trkpt>
      <trkpt lat="29.3271117" lon="119.7653533">
        <ele>169.12</ele>
        <time>2026-03-25T06:17:32Z</time>
        <speed>1.0731958</speed>
      </trkpt>
      <trkpt lat="29.3271017" lon="119.7654567">
        <ele>169.28</ele>
        <time>2026-03-25T06:17:46Z</time>
        <speed>0.64957947</speed>
      </trkpt>
      <trkpt lat="29.3271017" lon="119.7654567">
        <ele>169.28</ele>
        <time>2026-03-25T06:18:13Z</time>
        <speed>0.64957947</speed>
      </trkpt>
      <extensions>
        <PauseTimes>1774419493000:pause</PauseTimes>
      </extensions>
    </trkseg>
  </trk>
  <trk>
    <trkseg>
      <trkpt lat="29.3270567" lon="119.765545">
        <ele>168.82</ele>
        <time>2026-03-25T06:19:08Z</time>
        <speed>0.37265888</speed>
      </trkpt>
      <trkpt lat="29.3270567" lon="119.765545">
        <ele>168.82</ele>
        <time>2026-03-25T06:20:38Z</time>
        <speed>0.37265888</speed>
      </trkpt>
      <trkpt lat="29.327015" lon="119.7656367">
        <ele>167.48</ele>
        <time>2026-03-25T06:21:00Z</time>
        <speed>0.5785478</speed>
      </trkpt>
      <trkpt lat="29.3270128" lon="119.7657438">
        <ele>168.65</ele>
        <time>2026-03-25T06:21:10Z</time>
        <speed>1.3058503</speed>
      </trkpt>
      <trkpt lat="29.3270035" lon="119.7658486">
        <ele>170.26</ele>
        <time>2026-03-25T06:21:20Z</time>
        <speed>1.3737936</speed>
      </trkpt>
      <trkpt lat="29.3269946" lon="119.7658963">
        <ele>171.48</ele>
        <time>2026-03-25T06:21:36Z</time>
        <speed>0.0</speed>
      </trkpt>
      <trkpt lat="29.3270044" lon="119.7659808">
        <ele>171.88</ele>
        <time>2026-03-25T06:21:58Z</time>
        <speed>0.88738114</speed>
      </trkpt>
      <trkpt lat="29.3270331" lon="119.7660791">
        <ele>173.26</ele>
        <time>2026-03-25T06:22:56Z</time>
        <speed>1.1735667</speed>
      </trkpt>
      <trkpt lat="29.3270289" lon="119.7661632">
        <ele>173.71</ele>
        <time>2026-03-25T06:23:12Z</time>
        <speed>0.0</speed>
      </trkpt>
      <trkpt lat="29.3270835" lon="119.7662399">
        <ele>175.56</ele>
        <time>2026-03-25T06:24:02Z</time>
        <speed>0.7247289</speed>
      </trkpt>
      <trkpt lat="29.3270979" lon="119.7663418">
        <ele>175.83</ele>
        <time>2026-03-25T06:24:10Z</time>
        <speed>1.1643016</speed>
      </trkpt>
      <trkpt lat="29.3270385" lon="119.7664195">
        <ele>176.89</ele>
        <time>2026-03-25T06:24:20Z</time>
        <speed>1.1982733</speed>
      </trkpt>
      <trkpt lat="29.3270681" lon="119.7663671">
        <ele>177.93</ele>
        <time>2026-03-25T06:24:36Z</time>
        <speed>1.2209212</speed>
      </trkpt>
      <trkpt lat="29.3271422" lon="119.7663944">
        <ele>179.16</ele>
        <time>2026-03-25T06:24:46Z</time>
        <speed>1.0073113</speed>
      </trkpt>
      <trkpt lat="29.3272463" lon="119.7664083">
        <ele>180.04</ele>
        <time>2026-03-25T06:24:56Z</time>
        <speed>1.1622428</speed>
      </trkpt>
      <trkpt lat="29.3273438" lon="119.7663492">
        <ele>179.51</ele>
        <time>2026-03-25T06:25:08Z</time>
        <speed>1.2873203</speed>
      </trkpt>
      <trkpt lat="29.327419" lon="119.7662565">
        <ele>178.69</ele>
        <time>2026-03-25T06:25:14Z</time>
        <speed>1.6126248</speed>
      </trkpt>
      <trkpt lat="29.327497" lon="119.7661583">
        <ele>177.92</ele>
        <time>2026-03-25T06:25:20Z</time>
        <speed>2.041903</speed>
      </trkpt>
      <trkpt lat="29.3275839" lon="119.7660848">
        <ele>177.09</ele>
        <time>2026-03-25T06:25:28Z</time>
        <speed>1.5637261</speed>
      </trkpt>
      <trkpt lat="29.3276653" lon="119.7660228">
        <ele>175.98</ele>
        <time>2026-03-25T06:25:36Z</time>
        <speed>1.4999006</speed>
      </trkpt>
      <trkpt lat="29.327688" lon="119.7660187">
        <ele>175.17</ele>
        <time>2026-03-25T06:25:44Z</time>
        <speed>0.0</speed>
      </trkpt>
      <trkpt lat="29.327728" lon="119.7659601">
        <ele>174.62</ele>
        <time>2026-03-25T06:25:58Z</time>
        <speed>1.1679047</speed>
      </trkpt>
      <trkpt lat="29.3278089" lon="119.7658918">
        <ele>173.54</ele>
        <time>2026-03-25T06:26:06Z</time>
        <speed>1.5791677</speed>
      </trkpt>
      <trkpt lat="29.3279131" lon="119.7658762">
        <ele>172.23</ele>
        <time>2026-03-25T06:26:14Z</time>
        <speed>1.6100512</speed>
      </trkpt>
      <trkpt lat="29.3280289" lon="119.7658559">
        <ele>170.8</ele>
        <time>2026-03-25T06:26:20Z</time>
        <speed>1.9152814</speed>
      </trkpt>
      <trkpt lat="29.3281305" lon="119.7658278">
        <ele>168.82</ele>
        <time>2026-03-25T06:26:24Z</time>
        <speed>2.354854</speed>
      </trkpt>
      <trkpt lat="29.3282488" lon="119.7657672">
        <ele>166.23</ele>
        <time>2026-03-25T06:26:30Z</time>
        <speed>2.7120714</speed>
      </trkpt>
      <trkpt lat="29.328328" lon="119.7656595">
        <ele>164.32</ele>
        <time>2026-03-25T06:26:36Z</time>
        <speed>2.6672904</speed>
      </trkpt>
      <trkpt lat="29.3283581" lon="119.7655439">
        <ele>164.83</ele>
        <time>2026-03-25T06:26:42Z</time>
        <speed>2.1978638</speed>
      </trkpt>
      <trkpt lat="29.3283956" lon="119.7654388">
        <ele>166.24</ele>
        <time>2026-03-25T06:26:50Z</time>
        <speed>1.9024134</speed>
      </trkpt>
      <trkpt lat="29.3284681" lon="119.7653738">
        <ele>166.35</ele>
        <time>2026-03-25T06:26:56Z</time>
        <speed>1.7387316</speed>
      </trkpt>
      <trkpt lat="29.328555" lon="119.7653015">
        <ele>165.55</ele>
        <time>2026-03-25T06:27:04Z</time>
        <speed>1.7521144</speed>
      </trkpt>
      <trkpt lat="29.3286308" lon="119.7652134">
        <ele>164.15</ele>
        <time>2026-03-25T06:27:12Z</time>
        <speed>1.5112244</speed>
      </trkpt>
      <trkpt lat="29.3286913" lon="119.7651151">
        <ele>162.41</ele>
        <time>2026-03-25T06:27:18Z</time>
        <speed>1.7027011</speed>
      </trkpt>
      <trkpt lat="29.3287511" lon="119.7649887">
        <ele>160.69</ele>
        <time>2026-03-25T06:27:26Z</time>
        <speed>2.2411005</speed>
      </trkpt>
      <trkpt lat="29.3287963" lon="119.7648842">
        <ele>159.83</ele>
        <time>2026-03-25T06:27:34Z</time>
        <speed>1.7588059</speed>
      </trkpt>
      <trkpt lat="29.3288629" lon="119.7647996">
        <ele>158.57</ele>
        <time>2026-03-25T06:27:44Z</time>
        <speed>1.5395342</speed>
      </trkpt>
      <trkpt lat="29.3289133" lon="119.7647109">
        <ele>156.09</ele>
        <time>2026-03-25T06:27:52Z</time>
        <speed>1.3732789</speed>
      </trkpt>
      <trkpt lat="29.3289535" lon="119.7646046">
        <ele>152.7</ele>
        <time>2026-03-25T06:28:02Z</time>
        <speed>1.041283</speed>
      </trkpt>
      <trkpt lat="29.3289992" lon="119.7644826">
        <ele>149.77</ele>
        <time>2026-03-25T06:28:12Z</time>
        <speed>0.98517835</speed>
      </trkpt>
      <trkpt lat="29.3290253" lon="119.7643732">
        <ele>146.77</ele>
        <time>2026-03-25T06:28:18Z</time>
        <speed>1.5210042</speed>
      </trkpt>
      <trkpt lat="29.3290669" lon="119.7642722">
        <ele>144.07</ele>
        <time>2026-03-25T06:28:28Z</time>
        <speed>1.3223214</speed>
      </trkpt>
      <trkpt lat="29.3291116" lon="119.7641679">
        <ele>139.83</ele>
        <time>2026-03-25T06:28:38Z</time>
        <speed>0.9965022</speed>
      </trkpt>
      <trkpt lat="29.3291371" lon="119.7640444">
        <ele>136.03</ele>
        <time>2026-03-25T06:28:48Z</time>
        <speed>1.4777675</speed>
      </trkpt>
      <trkpt lat="29.3291878" lon="119.7639402">
        <ele>130.12</ele>
        <time>2026-03-25T06:28:56Z</time>
        <speed>1.547255</speed>
      </trkpt>
      <trkpt lat="29.329255" lon="119.7638666">
        <ele>124.99</ele>
        <time>2026-03-25T06:29:08Z</time>
        <speed>0.86318916</speed>
      </trkpt>
      <trkpt lat="29.329356" lon="119.7638173">
        <ele>120.44</ele>
        <time>2026-03-25T06:29:16Z</time>
        <speed>1.3326159</speed>
      </trkpt>
      <trkpt lat="29.3294555" lon="119.7638064">
        <ele>116.76</ele>
        <time>2026-03-25T06:29:22Z</time>
        <speed>1.6059333</speed>
      </trkpt>
      <trkpt lat="29.3295582" lon="119.7638071">
        <ele>114.89</ele>
        <time>2026-03-25T06:29:30Z</time>
        <speed>1.3624697</speed>
      </trkpt>
      <trkpt lat="29.3296669" lon="119.7637923">
        <ele>114.12</ele>
        <time>2026-03-25T06:29:38Z</time>
        <speed>1.5065919</speed>
      </trkpt>
      <trkpt lat="29.329767" lon="119.7637809">
        <ele>114.15</ele>
        <time>2026-03-25T06:29:44Z</time>
        <speed>1.6321841</speed>
      </trkpt>
      <trkpt lat="29.3298569" lon="119.7637426">
        <ele>115.29</ele>
        <time>2026-03-25T06:29:50Z</time>
        <speed>1.6290958</speed>
      </trkpt>
      <trkpt lat="29.3299494" lon="119.7636865">
        <ele>116.67</ele>
        <time>2026-03-25T06:30:00Z</time>
        <speed>1.2801142</speed>
      </trkpt>
      <trkpt lat="29.3300346" lon="119.7636391">
        <ele>117.59</ele>
        <time>2026-03-25T06:30:10Z</time>
        <speed>1.2492309</speed>
      </trkpt>
      <trkpt lat="29.3301174" lon="119.7635939">
        <ele>116.43</ele>
        <time>2026-03-25T06:30:18Z</time>
        <speed>1.4345309</speed>
      </trkpt>
      <trkpt lat="29.3301484" lon="119.7634998">
        <ele>114.87</ele>
        <time>2026-03-25T06:30:26Z</time>
        <speed>1.5554906</speed>
      </trkpt>
      <trkpt lat="29.3301271" lon="119.7633692">
        <ele>112.69</ele>
        <time>2026-03-25T06:30:34Z</time>
        <speed>1.4556345</speed>
      </trkpt>
      <trkpt lat="29.3301222" lon="119.7632404">
        <ele>111.4</ele>
        <time>2026-03-25T06:30:42Z</time>
        <speed>1.5987272</speed>
      </trkpt>
      <trkpt lat="29.3301317" lon="119.7631258">
        <ele>110.58</ele>
        <time>2026-03-25T06:30:50Z</time>
        <speed>1.2497456</speed>
      </trkpt>
      <trkpt lat="29.3301716" lon="119.7630157">
        <ele>109.47</ele>
        <time>2026-03-25T06:30:58Z</time>
        <speed>1.4180597</speed>
      </trkpt>
      <trkpt lat="29.3302314" lon="119.7629122">
        <ele>109.18</ele>
        <time>2026-03-25T06:31:06Z</time>
        <speed>1.7938069</speed>
      </trkpt>
      <trkpt lat="29.3302918" lon="119.7628073">
        <ele>109.06</ele>
        <time>2026-03-25T06:31:14Z</time>
        <speed>1.5369606</speed>
      </trkpt>
      <trkpt lat="29.3303504" lon="119.7626965">
        <ele>109.25</ele>
        <time>2026-03-25T06:31:22Z</time>
        <speed>1.5673292</speed>
      </trkpt>
      <trkpt lat="29.3303961" lon="119.7625782">
        <ele>109.57</ele>
        <time>2026-03-25T06:31:30Z</time>
        <speed>1.6188014</speed>
      </trkpt>
      <trkpt lat="29.3304177" lon="119.7624675">
        <ele>109.8</ele>
        <time>2026-03-25T06:31:38Z</time>
        <speed>1.5771089</speed>
      </trkpt>
      <trkpt lat="29.3304323" lon="119.7623476">
        <ele>109.93</ele>
        <time>2026-03-25T06:31:46Z</time>
        <speed>1.5976977</speed>
      </trkpt>
      <trkpt lat="29.3304597" lon="119.7622455">
        <ele>109.49</ele>
        <time>2026-03-25T06:31:54Z</time>
        <speed>1.3202626</speed>
      </trkpt>
      <trkpt lat="29.3305092" lon="119.7621391">
        <ele>108.2</ele>
        <time>2026-03-25T06:32:02Z</time>
        <speed>1.1226091</speed>
      </trkpt>
      <trkpt lat="29.3305567" lon="119.7620353">
        <ele>107.04</ele>
        <time>2026-03-25T06:32:08Z</time>
        <speed>1.6079922</speed>
      </trkpt>
      <trkpt lat="29.3305997" lon="119.7619348">
        <ele>106.08</ele>
        <time>2026-03-25T06:32:16Z</time>
        <speed>1.4741645</speed>
      </trkpt>
      <trkpt lat="29.3306168" lon="119.7618203">
        <ele>105.83</ele>
        <time>2026-03-25T06:32:24Z</time>
        <speed>1.7001275</speed>
      </trkpt>
      <trkpt lat="29.3306168" lon="119.7617117">
        <ele>105.64</ele>
        <time>2026-03-25T06:32:32Z</time>
        <speed>1.4705614</speed>
      </trkpt>
      <trkpt lat="29.3306633" lon="119.7616083">
        <ele>105.37</ele>
        <time>2026-03-25T06:32:40Z</time>
        <speed>1.5503433</speed>
      </trkpt>
      <trkpt lat="29.3307147" lon="119.7615105">
        <ele>105.12</ele>
        <time>2026-03-25T06:32:48Z</time>
        <speed>1.2862909</speed>
      </trkpt>
      <trkpt lat="29.3307162" lon="119.7614008">
        <ele>106.45</ele>
        <time>2026-03-25T06:32:56Z</time>
        <speed>1.0484892</speed>
      </trkpt>
      <trkpt lat="29.3306845" lon="119.7612975">
        <ele>108.15</ele>
        <time>2026-03-25T06:33:02Z</time>
        <speed>1.5745353</speed>
      </trkpt>
      <trkpt lat="29.3306853" lon="119.761187">
        <ele>108.99</ele>
        <time>2026-03-25T06:33:10Z</time>
        <speed>1.5143127</speed>
      </trkpt>
      <trkpt lat="29.3307424" lon="119.7611087">
        <ele>107.92</ele>
        <time>2026-03-25T06:33:16Z</time>
        <speed>1.4993858</speed>
      </trkpt>
      <trkpt lat="29.3307884" lon="119.761">
        <ele>106.75</ele>
        <time>2026-03-25T06:33:24Z</time>
        <speed>1.2801142</speed>
      </trkpt>
      <trkpt lat="29.3308435" lon="119.760886">
        <ele>107.89</ele>
        <time>2026-03-25T06:33:32Z</time>
        <speed>1.324895</speed>
      </trkpt>
      <trkpt lat="29.3309246" lon="119.7608073">
        <ele>110.26</ele>
        <time>2026-03-25T06:33:40Z</time>
        <speed>1.521519</speed>
      </trkpt>
      <trkpt lat="29.3310041" lon="119.7607397">
        <ele>114.45</ele>
        <time>2026-03-25T06:33:46Z</time>
        <speed>1.6965245</speed>
      </trkpt>
      <trkpt lat="29.3310635" lon="119.7606521">
        <ele>117.4</ele>
        <time>2026-03-25T06:33:56Z</time>
        <speed>1.1272416</speed>
      </trkpt>
      <trkpt lat="29.3311246" lon="119.7605732">
        <ele>119.2</ele>
        <time>2026-03-25T06:34:04Z</time>
        <speed>1.2687902</speed>
      </trkpt>
      <trkpt lat="29.3311757" lon="119.7604816">
        <ele>119.25</ele>
        <time>2026-03-25T06:34:12Z</time>
        <speed>1.4793117</speed>
      </trkpt>
      <trkpt lat="29.331217" lon="119.76037">
        <ele>119.4</ele>
        <time>2026-03-25T06:34:20Z</time>
        <speed>1.3321011</speed>
      </trkpt>
      <trkpt lat="29.3312843" lon="119.7602742">
        <ele>120.35</ele>
        <time>2026-03-25T06:34:28Z</time>
        <speed>1.7613795</speed>
      </trkpt>
      <trkpt lat="29.3313681" lon="119.7602231">
        <ele>122.09</ele>
        <time>2026-03-25T06:34:36Z</time>
        <speed>1.4999006</speed>
      </trkpt>
      <trkpt lat="29.3314634" lon="119.7601694">
        <ele>122.65</ele>
        <time>2026-03-25T06:34:46Z</time>
        <speed>1.3439398</speed>
      </trkpt>
      <trkpt lat="29.3315538" lon="119.7601323">
        <ele>121.08</ele>
        <time>2026-03-25T06:34:52Z</time>
        <speed>1.3511459</speed>
      </trkpt>
      <trkpt lat="29.3316525" lon="119.7600851">
        <ele>116.96</ele>
        <time>2026-03-25T06:35:02Z</time>
        <speed>1.2327597</speed>
      </trkpt>
      <trkpt lat="29.3317348" lon="119.7600288">
        <ele>111.0</ele>
        <time>2026-03-25T06:35:10Z</time>
        <speed>1.4298984</speed>
      </trkpt>
      <trkpt lat="29.331813" lon="119.7599602">
        <ele>106.96</ele>
        <time>2026-03-25T06:35:18Z</time>
        <speed>1.3146006</speed>
      </trkpt>
      <trkpt lat="29.331894" lon="119.7598912">
        <ele>104.91</ele>
        <time>2026-03-25T06:35:26Z</time>
        <speed>1.534387</speed>
      </trkpt>
      <trkpt lat="29.3319715" lon="119.7598142">
        <ele>105.34</ele>
        <time>2026-03-25T06:35:34Z</time>
        <speed>1.4582081</speed>
      </trkpt>
      <trkpt lat="29.3320504" lon="119.759731">
        <ele>106.27</ele>
        <time>2026-03-25T06:35:42Z</time>
        <speed>1.6126248</speed>
      </trkpt>
      <trkpt lat="29.3321149" lon="119.7596399">
        <ele>106.75</ele>
        <time>2026-03-25T06:35:50Z</time>
        <speed>1.7567469</speed>
      </trkpt>
      <trkpt lat="29.332163" lon="119.7595341">
        <ele>106.9</ele>
        <time>2026-03-25T06:35:58Z</time>
        <speed>1.5678439</speed>
      </trkpt>
      <trkpt lat="29.3321709" lon="119.7594025">
        <ele>108.15</ele>
        <time>2026-03-25T06:36:04Z</time>
        <speed>1.9986664</speed>
      </trkpt>
      <trkpt lat="29.3322005" lon="119.759294">
        <ele>110.32</ele>
        <time>2026-03-25T06:36:16Z</time>
        <speed>1.0804019</speed>
      </trkpt>
      <trkpt lat="29.3322184" lon="119.759191">
        <ele>113.84</ele>
        <time>2026-03-25T06:36:24Z</time>
        <speed>1.3084239</speed>
      </trkpt>
      <trkpt lat="29.3322548" lon="119.7590923">
        <ele>115.59</ele>
        <time>2026-03-25T06:36:32Z</time>
        <speed>1.4437958</speed>
      </trkpt>
      <trkpt lat="29.332304" lon="119.7590049">
        <ele>116.11</ele>
        <time>2026-03-25T06:36:40Z</time>
        <speed>1.0618719</speed>
      </trkpt>
      <trkpt lat="29.3323884" lon="119.7589474">
        <ele>114.86</ele>
        <time>2026-03-25T06:36:48Z</time>
        <speed>1.3218067</speed>
      </trkpt>
      <trkpt lat="29.3324823" lon="119.7589475">
        <ele>111.91</ele>
        <time>2026-03-25T06:36:58Z</time>
        <speed>1.096873</speed>
      </trkpt>
      <trkpt lat="29.3325847" lon="119.7589179">
        <ele>108.29</ele>
        <time>2026-03-25T06:37:08Z</time>
        <speed>0.85083586</speed>
      </trkpt>
      <trkpt lat="29.3325847" lon="119.7589179">
        <ele>108.29</ele>
        <time>2026-03-25T06:37:24Z</time>
        <speed>0.85083586</speed>
      </trkpt>
      <extensions>
        <PauseTimes>1774420644000:pause</PauseTimes>
      </extensions>
    </trkseg>
  </trk>
  <wpt lat="29.3327912" lon="119.7586671">
    <ele>94.8</ele>
    <time>2026-03-25T02:38:06Z</time>
    <name><![CDATA[停车场
        ]]>
    </name>
    <cmt>停车场
        </cmt>
    <desc><![CDATA[]]>
    </desc>
    <sym>Flag, Blue</sym>
    <type>user</type>
    <extensions>
      <PosType>0</PosType>
      <Speed>0.7715686</Speed>
      <Accuracy>1.4</Accuracy>
      <Time>1774406286501</Time>
      <description><![CDATA[]]>
      </description>
      <FileId>1577589325</FileId>
      <FileSize>747846</FileSize>
      <FileType>0</FileType>
    </extensions>
  </wpt>
  <wpt lat="29.3327254" lon="119.7588787">
    <ele>98.2</ele>
    <time>2026-03-25T02:38:36Z</time>
    <name><![CDATA[右转
        ]]>
    </name>
    <cmt>右转
        </cmt>
    <desc><![CDATA[]]>
    </desc>
    <sym>Flag, Blue</sym>
    <type>user</type>
    <extensions>
      <PosType>0</PosType>
      <Speed>1.1818023</Speed>
      <Accuracy>1.2</Accuracy>
      <Time>1774406316548</Time>
      <description><![CDATA[]]>
      </description>
      <FileId>1577589220</FileId>
      <FileSize>1662500</FileSize>
      <FileType>0</FileType>
    </extensions>
  </wpt>
  <wpt lat="29.332065" lon="119.7595767">
    <ele>102.5</ele>
    <time>2026-03-25T02:41:06Z</time>
    <name><![CDATA[开始是公路
        ]]>
    </name>
    <cmt>开始是公路
        </cmt>
    <desc><![CDATA[]]>
    </desc>
    <sym>Flag, Blue</sym>
    <type>user</type>
    <extensions>
      <PosType>0</PosType>
      <Speed>0.7540681</Speed>
      <Accuracy>1.5</Accuracy>
      <Time>1774406466531</Time>
      <description><![CDATA[]]>
      </description>
      <FileId>1577589218</FileId>
      <FileSize>817464</FileSize>
      <FileType>0</FileType>
    </extensions>
  </wpt>
  <wpt lat="29.3305176" lon="119.7618091">
    <ele>107.9</ele>
    <time>2026-03-25T02:45:27Z</time>
    <name><![CDATA[小卖部，也可停车
        ]]>
    </name>
    <cmt>小卖部，也可停车
        </cmt>
    <desc><![CDATA[]]>
    </desc>
    <sym>Flag, Blue</sym>
    <type>user</type>
    <extensions>
      <PosType>0</PosType>
      <Speed>1.1982733</Speed>
      <Accuracy>1.4</Accuracy>
      <Time>1774406727464</Time>
      <description><![CDATA[]]>
      </description>
      <FileId>1577589215</FileId>
      <FileSize>938102</FileSize>
      <FileType>0</FileType>
    </extensions>
  </wpt>
  <wpt lat="29.330053" lon="119.7635329">
    <ele>108.2</ele>
    <time>2026-03-25T02:48:05Z</time>
    <name><![CDATA[开始上山
        ]]>
    </name>
    <cmt>开始上山
        </cmt>
    <desc><![CDATA[]]>
    </desc>
    <sym>Flag, Blue</sym>
    <type>user</type>
    <extensions>
      <PosType>0</PosType>
      <Speed>1.2240094</Speed>
      <Accuracy>1.5</Accuracy>
      <Time>1774406885508</Time>
      <description><![CDATA[]]>
      </description>
      <FileId>1577589213</FileId>
      <FileSize>1220331</FileSize>
      <FileType>0</FileType>
    </extensions>
  </wpt>
  <wpt lat="29.3297827" lon="119.7637472">
    <ele>113.7</ele>
    <time>2026-03-25T02:51:38Z</time>
    <name><![CDATA[水库
        ]]>
    </name>
    <cmt>水库
        </cmt>
    <desc><![CDATA[]]>
    </desc>
    <sym>Flag, Blue</sym>
    <type>user</type>
    <extensions>
      <PosType>0</PosType>
      <Speed>0.7046547</Speed>
      <Accuracy>1.2</Accuracy>
      <Time>1774407098526</Time>
      <description><![CDATA[]]>
      </description>
      <FileId>1577589209</FileId>
      <FileSize>1449350</FileSize>
      <FileType>0</FileType>
    </extensions>
  </wpt>
  <wpt lat="29.329396" lon="119.7638332">
    <ele>115.4</ele>
    <time>2026-03-25T02:52:44Z</time>
    <name><![CDATA[许愿树
        ]]>
    </name>
    <cmt>许愿树
        </cmt>
    <desc><![CDATA[]]>
    </desc>
    <sym>Flag, Blue</sym>
    <type>user</type>
    <extensions>
      <PosType>0</PosType>
      <Speed>1.1771697</Speed>
      <Accuracy>1.3</Accuracy>
      <Time>1774407164486</Time>
      <description><![CDATA[]]>
      </description>
      <FileId>1577589208</FileId>
      <FileSize>1644408</FileSize>
      <FileType>0</FileType>
    </extensions>
  </wpt>
  <wpt lat="29.3291071" lon="119.7639804">
    <ele>122.1</ele>
    <time>2026-03-25T02:54:34Z</time>
    <name><![CDATA[台阶上山
        ]]>
    </name>
    <cmt>台阶上山
        </cmt>
    <desc><![CDATA[]]>
    </desc>
    <sym>Flag, Blue</sym>
    <type>user</type>
    <extensions>
      <PosType>0</PosType>
      <Speed>0.5852392</Speed>
      <Accuracy>1.4</Accuracy>
      <Time>1774407274524</Time>
      <description><![CDATA[]]>
      </description>
      <FileId>1577589202</FileId>
      <FileSize>1237622</FileSize>
      <FileType>0</FileType>
    </extensions>
  </wpt>
  <wpt lat="29.3287112" lon="119.7649311">
    <ele>153.4</ele>
    <time>2026-03-25T02:58:08Z</time>
    <name><![CDATA[凉亭
        ]]>
    </name>
    <cmt>凉亭
        </cmt>
    <desc><![CDATA[]]>
    </desc>
    <sym>Flag, Blue</sym>
    <type>user</type>
    <extensions>
      <PosType>0</PosType>
      <Speed>1.3032767</Speed>
      <Accuracy>1.3</Accuracy>
      <Time>1774407488576</Time>
      <description><![CDATA[]]>
      </description>
      <FileId>1577589196</FileId>
      <FileSize>1221834</FileSize>
      <FileType>0</FileType>
    </extensions>
  </wpt>
  <wpt lat="29.3282828" lon="119.7655401">
    <ele>161.6</ele>
    <time>2026-03-25T02:59:08Z</time>
    <name><![CDATA[土路
        ]]>
    </name>
    <cmt>土路
        </cmt>
    <desc><![CDATA[]]>
    </desc>
    <sym>Flag, Blue</sym>
    <type>user</type>
    <extensions>
      <PosType>0</PosType>
      <Speed>1.5786531</Speed>
      <Accuracy>1.3</Accuracy>
      <Time>1774407548522</Time>
      <description><![CDATA[]]>
      </description>
    </extensions>
  </wpt>
  <wpt lat="29.327096" lon="119.7664915">
    <ele>179.4</ele>
    <time>2026-03-25T03:01:58Z</time>
    <name><![CDATA[凉亭
        ]]>
    </name>
    <cmt>凉亭
        </cmt>
    <desc><![CDATA[]]>
    </desc>
    <sym>Flag, Blue</sym>
    <type>user</type>
    <extensions>
      <PosType>0</PosType>
      <Speed>0.8039961</Speed>
      <Accuracy>1.3</Accuracy>
      <Time>1774407718541</Time>
      <description><![CDATA[]]>
      </description>
      <FileId>1577589185</FileId>
      <FileSize>921444</FileSize>
      <FileType>0</FileType>
    </extensions>
  </wpt>
  <wpt lat="29.3264147" lon="119.7669536">
    <ele>187.7</ele>
    <time>2026-03-25T03:11:30Z</time>
    <name><![CDATA[一直土路
        ]]>
    </name>
    <cmt>一直土路
        </cmt>
    <desc><![CDATA[]]>
    </desc>
    <sym>Flag, Blue</sym>
    <type>user</type>
    <extensions>
      <PosType>0</PosType>
      <Speed>1.3923236</Speed>
      <Accuracy>1.3</Accuracy>
      <Time>1774408290513</Time>
      <description><![CDATA[]]>
      </description>
    </extensions>
  </wpt>
  <wpt lat="29.3252068" lon="119.7687395">
    <ele>208.4</ele>
    <time>2026-03-25T03:14:32Z</time>
    <name><![CDATA[
        ]]>
    </name>
    <cmt>
        </cmt>
    <desc><![CDATA[]]>
    </desc>
    <sym>Flag, Blue</sym>
    <type>user</type>
    <extensions>
      <PosType>0</PosType>
      <Speed>1.1071675</Speed>
      <Accuracy>1.4</Accuracy>
      <Time>1774408472459</Time>
      <description><![CDATA[]]>
      </description>
      <FileId>1577589182</FileId>
      <FileSize>1473385</FileSize>
      <FileType>0</FileType>
    </extensions>
  </wpt>
  <wpt lat="29.3248523" lon="119.7690791">
    <ele>219.8</ele>
    <time>2026-03-25T03:15:36Z</time>
    <name><![CDATA[厕所边上继续前进
        ]]>
    </name>
    <cmt>厕所边上继续前进
        </cmt>
    <desc><![CDATA[]]>
    </desc>
    <sym>Flag, Blue</sym>
    <type>user</type>
    <extensions>
      <PosType>0</PosType>
      <Speed>0.68766886</Speed>
      <Accuracy>1.3</Accuracy>
      <Time>1774408536657</Time>
      <description><![CDATA[]]>
      </description>
      <FileId>1577589178</FileId>
      <FileSize>1095447</FileSize>
      <FileType>0</FileType>
    </extensions>
  </wpt>
  <wpt lat="29.3248523" lon="119.7690791">
    <ele>219.8</ele>
    <time>2026-03-25T03:15:36Z</time>
    <name><![CDATA[两边都可走，下面缓点
        ]]>
    </name>
    <cmt>两边都可走，下面缓点
        </cmt>
    <desc><![CDATA[]]>
    </desc>
    <sym>Flag, Blue</sym>
    <type>user</type>
    <extensions>
      <PosType>0</PosType>
      <Speed>0.68766886</Speed>
      <Accuracy>1.3</Accuracy>
      <Time>1774408536657</Time>
      <description><![CDATA[]]>
      </description>
      <FileId>1577589174</FileId>
      <FileSize>2552355</FileSize>
      <FileType>0</FileType>
    </extensions>
  </wpt>
  <wpt lat="29.3244621" lon="119.7694103">
    <ele>235.0</ele>
    <time>2026-03-25T03:18:06Z</time>
    <name><![CDATA[
        ]]>
    </name>
    <cmt>
        </cmt>
    <desc><![CDATA[]]>
    </desc>
    <sym>Flag, Blue</sym>
    <type>user</type>
    <extensions>
      <PosType>0</PosType>
      <Speed>0.88841057</Speed>
      <Accuracy>1.4</Accuracy>
      <Time>1774408686556</Time>
      <description><![CDATA[]]>
      </description>
      <FileId>1577589122</FileId>
      <FileSize>1262406</FileSize>
      <FileType>0</FileType>
    </extensions>
  </wpt>
  <wpt lat="29.3240898" lon="119.7698055">
    <ele>238.6</ele>
    <time>2026-03-25T03:19:06Z</time>
    <name><![CDATA[两边都可走，左边好走
        ]]>
    </name>
    <cmt>两边都可走，左边好走
        </cmt>
    <desc><![CDATA[]]>
    </desc>
    <sym>Flag, Blue</sym>
    <type>user</type>
    <extensions>
      <PosType>0</PosType>
      <Speed>0.0</Speed>
      <Accuracy>1.3</Accuracy>
      <Time>1774408746580</Time>
      <description><![CDATA[]]>
      </description>
      <FileId>1577589118</FileId>
      <FileSize>2462266</FileSize>
      <FileType>0</FileType>
    </extensions>
  </wpt>
  <wpt lat="29.3236106" lon="119.7706438">
    <ele>263.4</ele>
    <time>2026-03-25T03:21:22Z</time>
    <name><![CDATA[汇合点
        ]]>
    </name>
    <cmt>汇合点
        </cmt>
    <desc><![CDATA[]]>
    </desc>
    <sym>Flag, Blue</sym>
    <type>user</type>
    <extensions>
      <PosType>0</PosType>
      <Speed>1.1761403</Speed>
      <Accuracy>1.2</Accuracy>
      <Time>1774408882545</Time>
      <description><![CDATA[]]>
      </description>
    </extensions>
  </wpt>
  <wpt lat="29.3222215" lon="119.7725225">
    <ele>298.5</ele>
    <time>2026-03-25T03:25:24Z</time>
    <name><![CDATA[台阶
        ]]>
    </name>
    <cmt>台阶
        </cmt>
    <desc><![CDATA[]]>
    </desc>
    <sym>Flag, Blue</sym>
    <type>user</type>
    <extensions>
      <PosType>0</PosType>
      <Speed>1.2940117</Speed>
      <Accuracy>1.4</Accuracy>
      <Time>1774409124558</Time>
      <description><![CDATA[]]>
      </description>
    </extensions>
  </wpt>
  <wpt lat="29.322054" lon="119.7726186">
    <ele>299.9</ele>
    <time>2026-03-25T03:25:58Z</time>
    <name><![CDATA[凤凰亭
        ]]>
    </name>
    <cmt>凤凰亭
        </cmt>
    <desc><![CDATA[]]>
    </desc>
    <sym>Flag, Blue</sym>
    <type>user</type>
    <extensions>
      <PosType>0</PosType>
      <Speed>0.56001776</Speed>
      <Accuracy>1.3</Accuracy>
      <Time>1774409158515</Time>
      <description><![CDATA[]]>
      </description>
      <FileId>1577589117</FileId>
      <FileSize>1263628</FileSize>
      <FileType>0</FileType>
    </extensions>
  </wpt>
  <wpt lat="29.3219283" lon="119.7729259">
    <ele>322.6</ele>
    <time>2026-03-25T03:39:13Z</time>
    <name><![CDATA[紫云亭，可休息
        ]]>
    </name>
    <cmt>紫云亭，可休息
        </cmt>
    <desc><![CDATA[]]>
    </desc>
    <sym>Flag, Blue</sym>
    <type>user</type>
    <extensions>
      <PosType>0</PosType>
      <Speed>0.5270755</Speed>
      <Accuracy>1.3</Accuracy>
      <Time>1774409953603</Time>
      <description><![CDATA[]]>
      </description>
      <FileId>1577588332</FileId>
      <FileSize>993920</FileSize>
      <FileType>0</FileType>
    </extensions>
  </wpt>
  <wpt lat="29.3218198" lon="119.7740964">
    <ele>359.2</ele>
    <time>2026-03-25T03:46:15Z</time>
    <name><![CDATA[全是台阶
        ]]>
    </name>
    <cmt>全是台阶
        </cmt>
    <desc><![CDATA[]]>
    </desc>
    <sym>Flag, Blue</sym>
    <type>user</type>
    <extensions>
      <PosType>0</PosType>
      <Speed>0.41589555</Speed>
      <Accuracy>1.3</Accuracy>
      <Time>1774410375584</Time>
      <description><![CDATA[]]>
      </description>
    </extensions>
  </wpt>
  <wpt lat="29.3218941" lon="119.7744768">
    <ele>381.0</ele>
    <time>2026-03-25T03:48:39Z</time>
    <name><![CDATA[
        ]]>
    </name>
    <cmt>
        </cmt>
    <desc><![CDATA[]]>
    </desc>
    <sym>Flag, Blue</sym>
    <type>user</type>
    <extensions>
      <PosType>0</PosType>
      <Speed>0.0</Speed>
      <Accuracy>1.3</Accuracy>
      <Time>1774410519573</Time>
      <description><![CDATA[]]>
      </description>
      <FileId>1577588331</FileId>
      <FileSize>1311561</FileSize>
      <FileType>0</FileType>
    </extensions>
  </wpt>
  <wpt lat="29.3213486" lon="119.7749874">
    <ele>408.6</ele>
    <time>2026-03-25T03:52:13Z</time>
    <name><![CDATA[雨伞石
        ]]>
    </name>
    <cmt>雨伞石
        </cmt>
    <desc><![CDATA[]]>
    </desc>
    <sym>Flag, Blue</sym>
    <type>user</type>
    <extensions>
      <PosType>0</PosType>
      <Speed>0.0</Speed>
      <Accuracy>1.3</Accuracy>
      <Time>1774410733544</Time>
      <description><![CDATA[]]>
      </description>
      <FileId>1577588330</FileId>
      <FileSize>1679235</FileSize>
      <FileType>0</FileType>
    </extensions>
  </wpt>
  <wpt lat="29.3213667" lon="119.7751">
    <ele>414.1</ele>
    <time>2026-03-25T03:53:27Z</time>
    <name><![CDATA[
        ]]>
    </name>
    <cmt>
        </cmt>
    <desc><![CDATA[]]>
    </desc>
    <sym>Flag, Blue</sym>
    <type>user</type>
    <extensions>
      <PosType>0</PosType>
      <Speed>0.43957278</Speed>
      <Accuracy>1.3</Accuracy>
      <Time>1774410807569</Time>
      <description><![CDATA[]]>
      </description>
      <FileId>1577588327</FileId>
      <FileSize>1353864</FileSize>
      <FileType>0</FileType>
    </extensions>
  </wpt>
  <wpt lat="29.3212372" lon="119.7756014">
    <ele>440.4</ele>
    <time>2026-03-25T03:55:31Z</time>
    <name><![CDATA[台阶
        ]]>
    </name>
    <cmt>台阶
        </cmt>
    <desc><![CDATA[]]>
    </desc>
    <sym>Flag, Blue</sym>
    <type>user</type>
    <extensions>
      <PosType>0</PosType>
      <Speed>0.47200027</Speed>
      <Accuracy>1.4</Accuracy>
      <Time>1774410931542</Time>
      <description><![CDATA[]]>
      </description>
      <FileId>1577588324</FileId>
      <FileSize>1171128</FileSize>
      <FileType>0</FileType>
    </extensions>
  </wpt>
  <wpt lat="29.3211639" lon="119.7760028">
    <ele>468.8</ele>
    <time>2026-03-25T03:58:27Z</time>
    <name><![CDATA[天门
        ]]>
    </name>
    <cmt>天门
        </cmt>
    <desc><![CDATA[]]>
    </desc>
    <sym>Flag, Blue</sym>
    <type>user</type>
    <extensions>
      <PosType>0</PosType>
      <Speed>1.8406466</Speed>
      <Accuracy>2.0</Accuracy>
      <Time>1774411107504</Time>
      <description><![CDATA[]]>
      </description>
      <FileId>1577588169</FileId>
      <FileSize>5262055</FileSize>
      <FileType>0</FileType>
    </extensions>
  </wpt>
  <wpt lat="29.3211303" lon="119.7758561">
    <ele>484.7</ele>
    <time>2026-03-25T03:59:33Z</time>
    <name><![CDATA[
        ]]>
    </name>
    <cmt>
        </cmt>
    <desc><![CDATA[]]>
    </desc>
    <sym>Flag, Blue</sym>
    <type>user</type>
    <extensions>
      <PosType>0</PosType>
      <Speed>0.58678335</Speed>
      <Accuracy>1.3</Accuracy>
      <Time>1774411173572</Time>
      <description><![CDATA[]]>
      </description>
      <FileId>1577588164</FileId>
      <FileSize>546886</FileSize>
      <FileType>0</FileType>
    </extensions>
  </wpt>
  <wpt lat="29.3210733" lon="119.77595">
    <ele>479.8</ele>
    <time>2026-03-25T04:12:35Z</time>
    <name><![CDATA[右侧前进
        ]]>
    </name>
    <cmt>右侧前进
        </cmt>
    <desc><![CDATA[]]>
    </desc>
    <sym>Flag, Blue</sym>
    <type>user</type>
    <extensions>
      <PosType>0</PosType>
      <Speed>1.0140028</Speed>
      <Accuracy>1.3</Accuracy>
      <Time>1774411955494</Time>
      <description><![CDATA[]]>
      </description>
      <FileId>1577588162</FileId>
      <FileSize>1954393</FileSize>
      <FileType>0</FileType>
    </extensions>
  </wpt>
  <wpt lat="29.3207517" lon="119.776385">
    <ele>484.5</ele>
    <time>2026-03-25T04:15:27Z</time>
    <name><![CDATA[汽车路下山
        ]]>
    </name>
    <cmt>汽车路下山
        </cmt>
    <desc><![CDATA[]]>
    </desc>
    <sym>Flag, Blue</sym>
    <type>user</type>
    <extensions>
      <PosType>0</PosType>
      <Speed>0.9388533</Speed>
      <Accuracy>1.4</Accuracy>
      <Time>1774412127482</Time>
      <description><![CDATA[]]>
      </description>
      <FileId>1577588161</FileId>
      <FileSize>1197752</FileSize>
      <FileType>0</FileType>
    </extensions>
  </wpt>
  <wpt lat="29.3204041" lon="119.7767552">
    <ele>476.0</ele>
    <time>2026-03-25T04:17:01Z</time>
    <name><![CDATA[厕所
        ]]>
    </name>
    <cmt>厕所
        </cmt>
    <desc><![CDATA[]]>
    </desc>
    <sym>Flag, Blue</sym>
    <type>user</type>
    <extensions>
      <PosType>0</PosType>
      <Speed>1.2605547</Speed>
      <Accuracy>1.4</Accuracy>
      <Time>1774412221514</Time>
      <description><![CDATA[]]>
      </description>
      <FileId>1577588157</FileId>
      <FileSize>1158965</FileSize>
      <FileType>0</FileType>
    </extensions>
  </wpt>
  <wpt lat="29.3201483" lon="119.7770083">
    <ele>466.4</ele>
    <time>2026-03-25T04:21:55Z</time>
    <name><![CDATA[下山路
        ]]>
    </name>
    <cmt>下山路
        </cmt>
    <desc><![CDATA[]]>
    </desc>
    <sym>Flag, Blue</sym>
    <type>user</type>
    <extensions>
      <PosType>0</PosType>
      <Speed>0.62590224</Speed>
      <Accuracy>1.4</Accuracy>
      <Time>1774412515513</Time>
      <description><![CDATA[]]>
      </description>
      <FileId>1577588154</FileId>
      <FileSize>1258620</FileSize>
      <FileType>0</FileType>
    </extensions>
  </wpt>
  <wpt lat="29.3192443" lon="119.7780524">
    <ele>458.7</ele>
    <time>2026-03-25T04:24:07Z</time>
    <name><![CDATA[椒湖明镜
        ]]>
    </name>
    <cmt>椒湖明镜
        </cmt>
    <desc><![CDATA[]]>
    </desc>
    <sym>Flag, Blue</sym>
    <type>user</type>
    <extensions>
      <PosType>0</PosType>
      <Speed>0.92804414</Speed>
      <Accuracy>1.2</Accuracy>
      <Time>1774412647474</Time>
      <description><![CDATA[]]>
      </description>
      <FileId>1577588153</FileId>
      <FileSize>956494</FileSize>
      <FileType>0</FileType>
    </extensions>
  </wpt>
  <wpt lat="29.3189752" lon="119.77793">
    <ele>460.9</ele>
    <time>2026-03-25T04:24:57Z</time>
    <name><![CDATA[水库边台阶下山
        ]]>
    </name>
    <cmt>水库边台阶下山
        </cmt>
    <desc><![CDATA[]]>
    </desc>
    <sym>Flag, Blue</sym>
    <type>user</type>
    <extensions>
      <PosType>0</PosType>
      <Speed>1.158125</Speed>
      <Accuracy>1.1</Accuracy>
      <Time>1774412697532</Time>
      <description><![CDATA[]]>
      </description>
      <FileId>1577588151</FileId>
      <FileSize>2547545</FileSize>
      <FileType>0</FileType>
    </extensions>
  </wpt>
  <wpt lat="29.3188017" lon="119.77746">
    <ele>454.1</ele>
    <time>2026-03-25T04:29:09Z</time>
    <name><![CDATA[这里下山
        ]]>
    </name>
    <cmt>这里下山
        </cmt>
    <desc><![CDATA[]]>
    </desc>
    <sym>Flag, Blue</sym>
    <type>user</type>
    <extensions>
      <PosType>0</PosType>
      <Speed>0.0</Speed>
      <Accuracy>1.2</Accuracy>
      <Time>1774412949444</Time>
      <description><![CDATA[]]>
      </description>
      <FileId>1577588150</FileId>
      <FileSize>1659850</FileSize>
      <FileType>0</FileType>
    </extensions>
  </wpt>
  <wpt lat="29.3190985" lon="119.7769702">
    <ele>441.6</ele>
    <time>2026-03-25T04:30:30Z</time>
    <name><![CDATA[野路还好走
        ]]>
    </name>
    <cmt>野路还好走
        </cmt>
    <desc><![CDATA[]]>
    </desc>
    <sym>Flag, Blue</sym>
    <type>user</type>
    <extensions>
      <PosType>0</PosType>
      <Speed>0.7983342</Speed>
      <Accuracy>1.5</Accuracy>
      <Time>1774413030510</Time>
      <description><![CDATA[]]>
      </description>
      <FileId>1577588145</FileId>
      <FileSize>1610079</FileSize>
      <FileType>0</FileType>
    </extensions>
  </wpt>
  <wpt lat="29.3192079" lon="119.7771918">
    <ele>428.6</ele>
    <time>2026-03-25T04:31:14Z</time>
    <name><![CDATA[小瀑布
        ]]>
    </name>
    <cmt>小瀑布
        </cmt>
    <desc><![CDATA[]]>
    </desc>
    <sym>Flag, Blue</sym>
    <type>user</type>
    <extensions>
      <PosType>0</PosType>
      <Speed>1.0335622</Speed>
      <Accuracy>1.6</Accuracy>
      <Time>1774413074502</Time>
      <description><![CDATA[]]>
      </description>
      <FileId>1577588143</FileId>
      <FileSize>1566016</FileSize>
      <FileType>0</FileType>
    </extensions>
  </wpt>
  <wpt lat="29.3194568" lon="119.776541">
    <ele>391.8</ele>
    <time>2026-03-25T04:36:08Z</time>
    <name><![CDATA[虎坎飞瀑，今天没水
        ]]>
    </name>
    <cmt>虎坎飞瀑，今天没水
        </cmt>
    <desc><![CDATA[]]>
    </desc>
    <sym>Flag, Blue</sym>
    <type>user</type>
    <extensions>
      <PosType>0</PosType>
      <Speed>0.47766224</Speed>
      <Accuracy>1.6</Accuracy>
      <Time>1774413368524</Time>
      <description><![CDATA[]]>
      </description>
      <FileId>1577588138</FileId>
      <FileSize>1613261</FileSize>
      <FileType>0</FileType>
    </extensions>
  </wpt>
  <wpt lat="29.319577" lon="119.7763733">
    <ele>388.0</ele>
    <time>2026-03-25T04:38:20Z</time>
    <name><![CDATA[紫荆花长廊，婺严古道
        ]]>
    </name>
    <cmt>紫荆花长廊，婺严古道
        </cmt>
    <desc><![CDATA[]]>
    </desc>
    <sym>Flag, Blue</sym>
    <type>user</type>
    <extensions>
      <PosType>0</PosType>
      <Speed>0.43030778</Speed>
      <Accuracy>1.5</Accuracy>
      <Time>1774413500505</Time>
      <description><![CDATA[]]>
      </description>
      <FileId>1577588135</FileId>
      <FileSize>1820419</FileSize>
      <FileType>0</FileType>
    </extensions>
  </wpt>
  <wpt lat="29.3204691" lon="119.7752591">
    <ele>375.8</ele>
    <time>2026-03-25T04:42:04Z</time>
    <name><![CDATA[紫荆花长廊，婺严古道
        ]]>
    </name>
    <cmt>紫荆花长廊，婺严古道
        </cmt>
    <desc><![CDATA[]]>
    </desc>
    <sym>Flag, Blue</sym>
    <type>user</type>
    <extensions>
      <PosType>0</PosType>
      <Speed>1.0665045</Speed>
      <Accuracy>1.4</Accuracy>
      <Time>1774413724519</Time>
      <description><![CDATA[]]>
      </description>
      <FileId>1577588133</FileId>
      <FileSize>1950138</FileSize>
      <FileType>0</FileType>
    </extensions>
  </wpt>
  <wpt lat="29.3216824" lon="119.7741793">
    <ele>353.8</ele>
    <time>2026-03-25T04:46:37Z</time>
    <name><![CDATA[紫荆花长廊，婺严古道
        ]]>
    </name>
    <cmt>紫荆花长廊，婺严古道
        </cmt>
    <desc><![CDATA[]]>
    </desc>
    <sym>Flag, Blue</sym>
    <type>user</type>
    <extensions>
      <PosType>0</PosType>
      <Speed>0.8853222</Speed>
      <Accuracy>1.3</Accuracy>
      <Time>1774413997543</Time>
      <description><![CDATA[]]>
      </description>
      <FileId>1577588130</FileId>
      <FileSize>1855113</FileSize>
      <FileType>0</FileType>
    </extensions>
  </wpt>
  <wpt lat="29.32189" lon="119.7735867">
    <ele>349.3</ele>
    <time>2026-03-25T04:50:29Z</time>
    <name><![CDATA[
        ]]>
    </name>
    <cmt>
        </cmt>
    <desc><![CDATA[]]>
    </desc>
    <sym>Flag, Blue</sym>
    <type>user</type>
    <extensions>
      <PosType>0</PosType>
      <Speed>0.0</Speed>
      <Accuracy>1.4</Accuracy>
      <Time>1774414229439</Time>
      <description><![CDATA[]]>
      </description>
      <FileId>1577588129</FileId>
      <FileSize>1361870</FileSize>
      <FileType>0</FileType>
    </extensions>
  </wpt>
  <wpt lat="29.3219068" lon="119.7736326">
    <ele>348.9</ele>
    <time>2026-03-25T05:06:32Z</time>
    <name><![CDATA[原路下山
        ]]>
    </name>
    <cmt>原路下山
        </cmt>
    <desc><![CDATA[]]>
    </desc>
    <sym>Flag, Blue</sym>
    <type>user</type>
    <extensions>
      <PosType>0</PosType>
      <Speed>0.71855223</Speed>
      <Accuracy>1.4</Accuracy>
      <Time>1774415192569</Time>
      <description><![CDATA[]]>
      </description>
      <FileId>1577588127</FileId>
      <FileSize>1444916</FileSize>
      <FileType>0</FileType>
    </extensions>
  </wpt>
  <wpt lat="29.3220377" lon="119.7726137">
    <ele>315.8</ele>
    <time>2026-03-25T05:09:08Z</time>
    <name><![CDATA[左侧下山
        ]]>
    </name>
    <cmt>左侧下山
        </cmt>
    <desc><![CDATA[]]>
    </desc>
    <sym>Flag, Blue</sym>
    <type>user</type>
    <extensions>
      <PosType>0</PosType>
      <Speed>0.0</Speed>
      <Accuracy>1.1</Accuracy>
      <Time>1774415348575</Time>
      <description><![CDATA[]]>
      </description>
      <FileId>1577584882</FileId>
      <FileSize>2320000</FileSize>
      <FileType>0</FileType>
    </extensions>
  </wpt>
  <wpt lat="29.3219921" lon="119.7723318">
    <ele>310.2</ele>
    <time>2026-03-25T05:10:36Z</time>
    <name><![CDATA[这里拍照不错
        ]]>
    </name>
    <cmt>这里拍照不错
        </cmt>
    <desc><![CDATA[]]>
    </desc>
    <sym>Flag, Blue</sym>
    <type>user</type>
    <extensions>
      <PosType>0</PosType>
      <Speed>0.0</Speed>
      <Accuracy>1.4</Accuracy>
      <Time>1774415436578</Time>
      <description><![CDATA[]]>
      </description>
      <FileId>1577584881</FileId>
      <FileSize>1717942</FileSize>
      <FileType>0</FileType>
    </extensions>
  </wpt>
  <wpt lat="29.3218262" lon="119.7721212">
    <ele>298.4</ele>
    <time>2026-03-25T05:12:56Z</time>
    <name><![CDATA[
        ]]>
    </name>
    <cmt>
        </cmt>
    <desc><![CDATA[]]>
    </desc>
    <sym>Flag, Blue</sym>
    <type>user</type>
    <extensions>
      <PosType>0</PosType>
      <Speed>1.0160617</Speed>
      <Accuracy>1.3</Accuracy>
      <Time>1774415576652</Time>
      <description><![CDATA[]]>
      </description>
      <FileId>1577584880</FileId>
      <FileSize>1216410</FileSize>
      <FileType>0</FileType>
    </extensions>
  </wpt>
  <wpt lat="29.3219822" lon="119.7718647">
    <ele>292.0</ele>
    <time>2026-03-25T05:13:40Z</time>
    <name><![CDATA[土路
        ]]>
    </name>
    <cmt>土路
        </cmt>
    <desc><![CDATA[]]>
    </desc>
    <sym>Flag, Blue</sym>
    <type>user</type>
    <extensions>
      <PosType>0</PosType>
      <Speed>1.0268708</Speed>
      <Accuracy>1.3</Accuracy>
      <Time>1774415620571</Time>
      <description><![CDATA[]]>
      </description>
      <FileId>1577584879</FileId>
      <FileSize>1753454</FileSize>
      <FileType>0</FileType>
    </extensions>
  </wpt>
  <wpt lat="29.3220146" lon="119.7708832">
    <ele>266.8</ele>
    <time>2026-03-25T05:15:20Z</time>
    <name><![CDATA[公路汇合
        ]]>
    </name>
    <cmt>公路汇合
        </cmt>
    <desc><![CDATA[]]>
    </desc>
    <sym>Flag, Blue</sym>
    <type>user</type>
    <extensions>
      <PosType>0</PosType>
      <Speed>1.1143736</Speed>
      <Accuracy>1.1</Accuracy>
      <Time>1774415720581</Time>
      <description><![CDATA[]]>
      </description>
      <FileId>1577584876</FileId>
      <FileSize>1334536</FileSize>
      <FileType>0</FileType>
    </extensions>
  </wpt>
  <wpt lat="29.321906" lon="119.770715">
    <ele>262.1</ele>
    <time>2026-03-25T05:15:48Z</time>
    <name><![CDATA[右转
        ]]>
    </name>
    <cmt>右转
        </cmt>
    <desc><![CDATA[]]>
    </desc>
    <sym>Flag, Blue</sym>
    <type>user</type>
    <extensions>
      <PosType>0</PosType>
      <Speed>1.1215798</Speed>
      <Accuracy>1.3</Accuracy>
      <Time>1774415748567</Time>
      <description><![CDATA[]]>
      </description>
    </extensions>
  </wpt>
  <wpt lat="29.3223177" lon="119.7712415">
    <ele>242.6</ele>
    <time>2026-03-25T05:17:04Z</time>
    <name><![CDATA[公路赏花
        ]]>
    </name>
    <cmt>公路赏花
        </cmt>
    <desc><![CDATA[]]>
    </desc>
    <sym>Flag, Blue</sym>
    <type>user</type>
    <extensions>
      <PosType>0</PosType>
      <Speed>0.7283319</Speed>
      <Accuracy>1.6</Accuracy>
      <Time>1774415824559</Time>
      <description><![CDATA[]]>
      </description>
      <FileId>1577584875</FileId>
      <FileSize>1411294</FileSize>
      <FileType>0</FileType>
    </extensions>
  </wpt>
  <wpt lat="29.3232397" lon="119.7697761">
    <ele>230.5</ele>
    <time>2026-03-25T05:22:12Z</time>
    <name><![CDATA[赏花点
        ]]>
    </name>
    <cmt>赏花点
        </cmt>
    <desc><![CDATA[]]>
    </desc>
    <sym>Flag, Blue</sym>
    <type>user</type>
    <extensions>
      <PosType>0</PosType>
      <Speed>1.5781384</Speed>
      <Accuracy>1.3</Accuracy>
      <Time>1774416132601</Time>
      <description><![CDATA[]]>
      </description>
      <FileId>1577584820</FileId>
      <FileSize>1755387</FileSize>
      <FileType>0</FileType>
    </extensions>
  </wpt>
  <wpt lat="29.3231042" lon="119.7691303">
    <ele>217.6</ele>
    <time>2026-03-25T05:23:40Z</time>
    <name><![CDATA[
        ]]>
    </name>
    <cmt>
        </cmt>
    <desc><![CDATA[]]>
    </desc>
    <sym>Flag, Blue</sym>
    <type>user</type>
    <extensions>
      <PosType>0</PosType>
      <Speed>0.9687072</Speed>
      <Accuracy>1.3</Accuracy>
      <Time>1774416220594</Time>
      <description><![CDATA[]]>
      </description>
      <FileId>1577584817</FileId>
      <FileSize>1655742</FileSize>
      <FileType>0</FileType>
    </extensions>
  </wpt>
  <wpt lat="29.3233129" lon="119.7668836">
    <ele>185.3</ele>
    <time>2026-03-25T05:38:59Z</time>
    <name><![CDATA[停车场
        ]]>
    </name>
    <cmt>停车场
        </cmt>
    <desc><![CDATA[]]>
    </desc>
    <sym>Flag, Blue</sym>
    <type>user</type>
    <extensions>
      <PosType>0</PosType>
      <Speed>1.245113</Speed>
      <Accuracy>1.2</Accuracy>
      <Time>1774417139583</Time>
      <description><![CDATA[]]>
      </description>
      <FileId>1577584815</FileId>
      <FileSize>890382</FileSize>
      <FileType>0</FileType>
    </extensions>
  </wpt>
  <wpt lat="29.3236687" lon="119.7649087">
    <ele>162.8</ele>
    <time>2026-03-25T05:41:49Z</time>
    <name><![CDATA[停车场往右
        ]]>
    </name>
    <cmt>停车场往右
        </cmt>
    <desc><![CDATA[]]>
    </desc>
    <sym>Flag, Blue</sym>
    <type>user</type>
    <extensions>
      <PosType>0</PosType>
      <Speed>0.7206111</Speed>
      <Accuracy>1.3</Accuracy>
      <Time>1774417309559</Time>
      <description><![CDATA[]]>
      </description>
      <FileId>1577584812</FileId>
      <FileSize>2122935</FileSize>
      <FileType>0</FileType>
    </extensions>
  </wpt>
  <wpt lat="29.3241452" lon="119.7640288">
    <ele>143.8</ele>
    <time>2026-03-25T05:45:03Z</time>
    <name><![CDATA[右转
        ]]>
    </name>
    <cmt>右转
        </cmt>
    <desc><![CDATA[]]>
    </desc>
    <sym>Flag, Blue</sym>
    <type>user</type>
    <extensions>
      <PosType>0</PosType>
      <Speed>1.6893183</Speed>
      <Accuracy>1.4</Accuracy>
      <Time>1774417503560</Time>
      <description><![CDATA[]]>
      </description>
      <FileId>1577584811</FileId>
      <FileSize>1803287</FileSize>
      <FileType>0</FileType>
    </extensions>
  </wpt>
  <wpt lat="29.3243294" lon="119.764851">
    <ele>133.4</ele>
    <time>2026-03-25T05:47:49Z</time>
    <name><![CDATA[直行
        ]]>
    </name>
    <cmt>直行
        </cmt>
    <desc><![CDATA[]]>
    </desc>
    <sym>Flag, Blue</sym>
    <type>user</type>
    <extensions>
      <PosType>0</PosType>
      <Speed>0.95326555</Speed>
      <Accuracy>1.5</Accuracy>
      <Time>1774417669548</Time>
      <description><![CDATA[]]>
      </description>
      <FileId>1577584810</FileId>
      <FileSize>1031481</FileSize>
      <FileType>0</FileType>
    </extensions>
  </wpt>
  <wpt lat="29.32487" lon="119.7649291">
    <ele>124.9</ele>
    <time>2026-03-25T05:48:57Z</time>
    <name><![CDATA[这里赏花一绝
        ]]>
    </name>
    <cmt>这里赏花一绝
        </cmt>
    <desc><![CDATA[]]>
    </desc>
    <sym>Flag, Blue</sym>
    <type>user</type>
    <extensions>
      <PosType>0</PosType>
      <Speed>0.7669361</Speed>
      <Accuracy>1.4</Accuracy>
      <Time>1774417737571</Time>
      <description><![CDATA[]]>
      </description>
      <FileId>1577584808</FileId>
      <FileSize>945048</FileSize>
      <FileType>0</FileType>
    </extensions>
  </wpt>
  <wpt lat="29.3251083" lon="119.7651233">
    <ele>129.2</ele>
    <time>2026-03-25T05:54:01Z</time>
    <name><![CDATA[水库
        ]]>
    </name>
    <cmt>水库
        </cmt>
    <desc><![CDATA[]]>
    </desc>
    <sym>Flag, Blue</sym>
    <type>user</type>
    <extensions>
      <PosType>0</PosType>
      <Speed>1.2909234</Speed>
      <Accuracy>1.3</Accuracy>
      <Time>1774418041586</Time>
      <description><![CDATA[]]>
      </description>
      <FileId>1577584807</FileId>
      <FileSize>1011825</FileSize>
      <FileType>0</FileType>
    </extensions>
  </wpt>
  <wpt lat="29.325294" lon="119.7653693">
    <ele>121.8</ele>
    <time>2026-03-25T05:54:37Z</time>
    <name><![CDATA[左转
        ]]>
    </name>
    <cmt>左转
        </cmt>
    <desc><![CDATA[]]>
    </desc>
    <sym>Flag, Blue</sym>
    <type>user</type>
    <extensions>
      <PosType>0</PosType>
      <Speed>1.1287858</Speed>
      <Accuracy>1.2</Accuracy>
      <Time>1774418077584</Time>
      <description><![CDATA[]]>
      </description>
      <FileId>1577584805</FileId>
      <FileSize>2397074</FileSize>
      <FileType>0</FileType>
    </extensions>
  </wpt>
  <wpt lat="29.3254682" lon="119.7653085">
    <ele>123.7</ele>
    <time>2026-03-25T05:55:35Z</time>
    <name><![CDATA[飘带
        ]]>
    </name>
    <cmt>飘带
        </cmt>
    <desc><![CDATA[]]>
    </desc>
    <sym>Flag, Blue</sym>
    <type>user</type>
    <extensions>
      <PosType>0</PosType>
      <Speed>0.0</Speed>
      <Accuracy>1.3</Accuracy>
      <Time>1774418135589</Time>
      <description><![CDATA[]]>
      </description>
      <FileId>1577584803</FileId>
      <FileSize>1621265</FileSize>
      <FileType>0</FileType>
    </extensions>
  </wpt>
  <wpt lat="29.3254682" lon="119.7653085">
    <ele>123.7</ele>
    <time>2026-03-25T05:55:35Z</time>
    <name><![CDATA[左转
        ]]>
    </name>
    <cmt>左转
        </cmt>
    <desc><![CDATA[]]>
    </desc>
    <sym>Flag, Blue</sym>
    <type>user</type>
    <extensions>
      <PosType>0</PosType>
      <Speed>0.0</Speed>
      <Accuracy>1.3</Accuracy>
      <Time>1774418135589</Time>
      <description><![CDATA[]]>
      </description>
      <FileId>1577584801</FileId>
      <FileSize>2970422</FileSize>
      <FileType>0</FileType>
    </extensions>
  </wpt>
  <wpt lat="29.3257087" lon="119.7654195">
    <ele>128.7</ele>
    <time>2026-03-25T05:58:01Z</time>
    <name><![CDATA[紫荆花长廊
        ]]>
    </name>
    <cmt>紫荆花长廊
        </cmt>
    <desc><![CDATA[]]>
    </desc>
    <sym>Flag, Blue</sym>
    <type>user</type>
    <extensions>
      <PosType>0</PosType>
      <Speed>0.89149886</Speed>
      <Accuracy>1.3</Accuracy>
      <Time>1774418281578</Time>
      <description><![CDATA[]]>
      </description>
      <FileId>1577584800</FileId>
      <FileSize>1802965</FileSize>
      <FileType>0</FileType>
    </extensions>
  </wpt>
  <wpt lat="29.3263002" lon="119.7660665">
    <ele>131.6</ele>
    <time>2026-03-25T06:00:41Z</time>
    <name><![CDATA[
        ]]>
    </name>
    <cmt>
        </cmt>
    <desc><![CDATA[]]>
    </desc>
    <sym>Flag, Blue</sym>
    <type>user</type>
    <extensions>
      <PosType>0</PosType>
      <Speed>0.5445761</Speed>
      <Accuracy>1.5</Accuracy>
      <Time>1774418441504</Time>
      <description><![CDATA[]]>
      </description>
      <FileId>1577584784</FileId>
      <FileSize>2356085</FileSize>
      <FileType>0</FileType>
    </extensions>
  </wpt>
  <wpt lat="29.3263524" lon="119.7659875">
    <ele>136.1</ele>
    <time>2026-03-25T06:01:27Z</time>
    <name><![CDATA[
        ]]>
    </name>
    <cmt>
        </cmt>
    <desc><![CDATA[]]>
    </desc>
    <sym>Flag, Blue</sym>
    <type>user</type>
    <extensions>
      <PosType>0</PosType>
      <Speed>0.31912777</Speed>
      <Accuracy>1.3</Accuracy>
      <Time>1774418487576</Time>
      <description><![CDATA[]]>
      </description>
      <FileId>1577584778</FileId>
      <FileSize>2675268</FileSize>
      <FileType>0</FileType>
    </extensions>
  </wpt>
  <wpt lat="29.32651" lon="119.7658483">
    <ele>151.5</ele>
    <time>2026-03-25T06:03:57Z</time>
    <name><![CDATA[看飘带
        ]]>
    </name>
    <cmt>看飘带
        </cmt>
    <desc><![CDATA[]]>
    </desc>
    <sym>Flag, Blue</sym>
    <type>user</type>
    <extensions>
      <PosType>0</PosType>
      <Speed>0.66862416</Speed>
      <Accuracy>1.4</Accuracy>
      <Time>1774418637570</Time>
      <description><![CDATA[]]>
      </description>
      <FileId>1577584774</FileId>
      <FileSize>1928884</FileSize>
      <FileType>0</FileType>
    </extensions>
  </wpt>
  <wpt lat="29.3266817" lon="119.7658183">
    <ele>165.3</ele>
    <time>2026-03-25T06:07:05Z</time>
    <name><![CDATA[飘带
        ]]>
    </name>
    <cmt>飘带
        </cmt>
    <desc><![CDATA[]]>
    </desc>
    <sym>Flag, Blue</sym>
    <type>user</type>
    <extensions>
      <PosType>0</PosType>
      <Speed>0.41743973</Speed>
      <Accuracy>1.3</Accuracy>
      <Time>1774418825564</Time>
      <description><![CDATA[]]>
      </description>
      <FileId>1577584558</FileId>
      <FileSize>1838652</FileSize>
      <FileType>0</FileType>
    </extensions>
  </wpt>
  <wpt lat="29.3268605" lon="119.765411">
    <ele>169.8</ele>
    <time>2026-03-25T06:11:17Z</time>
    <name><![CDATA[沿途都有飘带
        ]]>
    </name>
    <cmt>沿途都有飘带
        </cmt>
    <desc><![CDATA[]]>
    </desc>
    <sym>Flag, Blue</sym>
    <type>user</type>
    <extensions>
      <PosType>0</PosType>
      <Speed>0.0</Speed>
      <Accuracy>1.2</Accuracy>
      <Time>1774419077571</Time>
      <description><![CDATA[]]>
      </description>
      <FileId>1577584545</FileId>
      <FileSize>2646920</FileSize>
      <FileType>0</FileType>
    </extensions>
  </wpt>
  <wpt lat="29.3270072" lon="119.7652861">
    <ele>168.0</ele>
    <time>2026-03-25T06:12:23Z</time>
    <name><![CDATA[
        ]]>
    </name>
    <cmt>
        </cmt>
    <desc><![CDATA[]]>
    </desc>
    <sym>Flag, Blue</sym>
    <type>user</type>
    <extensions>
      <PosType>0</PosType>
      <Speed>0.5878128</Speed>
      <Accuracy>1.2</Accuracy>
      <Time>1774419143588</Time>
      <description><![CDATA[]]>
      </description>
      <FileId>1577584540</FileId>
      <FileSize>2641595</FileSize>
      <FileType>0</FileType>
    </extensions>
  </wpt>
  <wpt lat="29.3270293" lon="119.7651883">
    <ele>167.6</ele>
    <time>2026-03-25T06:13:15Z</time>
    <name><![CDATA[右转上坡
        ]]>
    </name>
    <cmt>右转上坡
        </cmt>
    <desc><![CDATA[]]>
    </desc>
    <sym>Flag, Blue</sym>
    <type>user</type>
    <extensions>
      <PosType>0</PosType>
      <Speed>0.64443225</Speed>
      <Accuracy>1.3</Accuracy>
      <Time>1774419195567</Time>
      <description><![CDATA[]]>
      </description>
      <FileId>1577584534</FileId>
      <FileSize>2515619</FileSize>
      <FileType>0</FileType>
    </extensions>
  </wpt>
  <wpt lat="29.3271" lon="119.7652317">
    <ele>169.9</ele>
    <time>2026-03-25T06:15:58Z</time>
    <name><![CDATA[
        ]]>
    </name>
    <cmt>
        </cmt>
    <desc><![CDATA[]]>
    </desc>
    <sym>Flag, Blue</sym>
    <type>user</type>
    <extensions>
      <PosType>0</PosType>
      <Speed>0.3386872</Speed>
      <Accuracy>1.3</Accuracy>
      <Time>1774419358546</Time>
      <description><![CDATA[]]>
      </description>
      <FileId>1577584528</FileId>
      <FileSize>2276259</FileSize>
      <FileType>0</FileType>
    </extensions>
  </wpt>
  <wpt lat="29.3271026" lon="119.7654121">
    <ele>164.7</ele>
    <time>2026-03-25T06:19:04Z</time>
    <name><![CDATA[返回凉亭
        ]]>
    </name>
    <cmt>返回凉亭
        </cmt>
    <desc><![CDATA[]]>
    </desc>
    <sym>Flag, Blue</sym>
    <type>user</type>
    <extensions>
      <PosType>0</PosType>
      <Speed>0.86576277</Speed>
      <Accuracy>1.2</Accuracy>
      <Time>1774419544542</Time>
      <description><![CDATA[]]>
      </description>
      <FileId>1577584527</FileId>
      <FileSize>1751746</FileSize>
      <FileType>0</FileType>
    </extensions>
  </wpt>
  <wpt lat="29.3270035" lon="119.7658486">
    <ele>173.1</ele>
    <time>2026-03-25T06:21:20Z</time>
    <name><![CDATA[
        ]]>
    </name>
    <cmt>
        </cmt>
    <desc><![CDATA[]]>
    </desc>
    <sym>Flag, Blue</sym>
    <type>user</type>
    <extensions>
      <PosType>0</PosType>
      <Speed>1.3737936</Speed>
      <Accuracy>1.2</Accuracy>
      <Time>1774419680554</Time>
      <description><![CDATA[]]>
      </description>
      <FileId>1577584421</FileId>
      <FileSize>916013</FileSize>
      <FileType>0</FileType>
    </extensions>
  </wpt>
  <wpt lat="29.3270289" lon="119.7661632">
    <ele>178.0</ele>
    <time>2026-03-25T06:23:12Z</time>
    <name><![CDATA[回望转轮岩
        ]]>
    </name>
    <cmt>回望转轮岩
        </cmt>
    <desc><![CDATA[]]>
    </desc>
    <sym>Flag, Blue</sym>
    <type>user</type>
    <extensions>
      <PosType>0</PosType>
      <Speed>0.0</Speed>
      <Accuracy>1.2</Accuracy>
      <Time>1774419792576</Time>
      <description><![CDATA[]]>
      </description>
      <FileId>1577584416</FileId>
      <FileSize>6657754</FileSize>
      <FileType>0</FileType>
    </extensions>
  </wpt>
  <wpt lat="29.3271422" lon="119.7663944">
    <ele>181.2</ele>
    <time>2026-03-25T06:24:46Z</time>
    <name><![CDATA[完成闭环
        ]]>
    </name>
    <cmt>完成闭环
        </cmt>
    <desc><![CDATA[]]>
    </desc>
    <sym>Flag, Blue</sym>
    <type>user</type>
    <extensions>
      <PosType>0</PosType>
      <Speed>1.0073113</Speed>
      <Accuracy>1.3</Accuracy>
      <Time>1774419886550</Time>
      <description><![CDATA[]]>
      </description>
    </extensions>
  </wpt>
  <wpt lat="29.3325847" lon="119.7589179">
    <ele>102.9</ele>
    <time>2026-03-25T06:37:08Z</time>
    <name><![CDATA[返回停车场
        ]]>
    </name>
    <cmt>返回停车场
        </cmt>
    <desc><![CDATA[]]>
    </desc>
    <sym>Flag, Blue</sym>
    <type>user</type>
    <extensions>
      <PosType>0</PosType>
      <Speed>0.85083586</Speed>
      <Accuracy>1.3</Accuracy>
      <Time>1774420628621</Time>
      <description><![CDATA[]]>
      </description>
      <FileId>1577584408</FileId>
      <FileSize>2021414</FileSize>
      <FileType>0</FileType>
    </extensions>
  </wpt>
</gpx>