<?xml version='1.0' encoding='UTF-8' standalone='yes' ?>
<gpx version="1.1" creator="GPSBabel - http://www.gpsbabel.org" xmlns:xsi="http://www.w3.org/2001/XMLSchema-instance" xmlns="http://www.topografix.com/GPX/1/1" xsi:schemaLocation="http://www.topografix.com/GPX/1/1 http://www.topografix.com/GPX/1/1/gpx.xsd">
  <metadata>
    <link href="http://www.garmin.com">
      <text>Garmin International</text>
    </link>
    <time>2026-06-15T04:20:48Z</time>
    <bounds minlat="29.2320933" minlon="119.7199919" maxlat="29.2504678" maxlon="119.741755" />
  </metadata>
  <extensions>
    <name><![CDATA[金兰古道小环线260614]]>
    </name>
    <description><![CDATA[不上鸬鹚尖]]>
    </description>
    <TrackId>85871840</TrackId>
    <TrackTypeId>8</TrackTypeId>
    <TrackTags>徒步</TrackTags>
    <BeginTime>1781497248000</BeginTime>
    <EndTime>1781509326000</EndTime>
    <TimeUsed>12078000</TimeUsed>
    <PauseTime>3365</PauseTime>
    <PosStartName>岩后村</PosStartName>
    <PosEndName>岩后村</PosEndName>
    <ProductVersion>and_9.0.2</ProductVersion>
    <StartDistrictId>9655</StartDistrictId>
    <EndDistrictId>9655</EndDistrictId>
    <CreaterId>64771087</CreaterId>
    <CreaterName><![CDATA[步履赴山野]]>
    </CreaterName>
    <CreaterIcon>1523534626</CreaterIcon>
    <OriginCreaterId>64771087</OriginCreaterId>
    <OriginCreaterNickname><![CDATA[步履赴山野]]>
    </OriginCreaterNickname>
    <OriginCreaterName><![CDATA[null]]>
    </OriginCreaterName>
    <OriginCreaterIcon>1523534626</OriginCreaterIcon>
    <ThumbnailId>1629126932</ThumbnailId>
    <Distance>9222.0</Distance>
    <ElevationGain>472.3199999999999</ElevationGain>
    <ElevationLoss>461.3899999999999</ElevationLoss>
    <SportAvgSpeed>0.763749794507246</SportAvgSpeed>
  </extensions>
  <trk>
    <trkseg>
      <trkpt lat="29.2320933" lon="119.741755">
        <ele>212.8</ele>
        <time>2026-06-15T04:20:49Z</time>
        <speed>0.64340276</speed>
      </trkpt>
      <trkpt lat="29.2321617" lon="119.7416894">
        <ele>212.8</ele>
        <time>2026-06-15T04:21:30Z</time>
        <speed>0.7381117</speed>
      </trkpt>
      <trkpt lat="29.2322236" lon="119.7416039">
        <ele>212.11</ele>
        <time>2026-06-15T04:21:41Z</time>
        <speed>0.86061555</speed>
      </trkpt>
      <trkpt lat="29.232281" lon="119.7415093">
        <ele>212.06</ele>
        <time>2026-06-15T04:21:54Z</time>
        <speed>0.9563539</speed>
      </trkpt>
      <trkpt lat="29.2323444" lon="119.741417">
        <ele>212.51</ele>
        <time>2026-06-15T04:22:08Z</time>
        <speed>0.5955336</speed>
      </trkpt>
      <trkpt lat="29.2323967" lon="119.7413239">
        <ele>212.68</ele>
        <time>2026-06-15T04:22:20Z</time>
        <speed>0.7792894</speed>
      </trkpt>
      <trkpt lat="29.2324336" lon="119.7412268">
        <ele>213.29</ele>
        <time>2026-06-15T04:22:52Z</time>
        <speed>0.5054572</speed>
      </trkpt>
      <trkpt lat="29.2324127" lon="119.7411188">
        <ele>213.72</ele>
        <time>2026-06-15T04:23:00Z</time>
        <speed>1.14886</speed>
      </trkpt>
      <trkpt lat="29.2323758" lon="119.7410098">
        <ele>215.05</ele>
        <time>2026-06-15T04:23:10Z</time>
        <speed>1.3902647</speed>
      </trkpt>
      <trkpt lat="29.2323466" lon="119.7409015">
        <ele>215.97</ele>
        <time>2026-06-15T04:23:20Z</time>
        <speed>1.2950411</speed>
      </trkpt>
      <trkpt lat="29.2323408" lon="119.7407864">
        <ele>216.67</ele>
        <time>2026-06-15T04:23:28Z</time>
        <speed>1.3732789</speed>
      </trkpt>
      <trkpt lat="29.2323696" lon="119.7406715">
        <ele>217.11</ele>
        <time>2026-06-15T04:23:40Z</time>
        <speed>0.8822339</speed>
      </trkpt>
      <trkpt lat="29.2323942" lon="119.7405573">
        <ele>218.05</ele>
        <time>2026-06-15T04:23:48Z</time>
        <speed>1.3701905</speed>
      </trkpt>
      <trkpt lat="29.2324061" lon="119.7404898">
        <ele>218.5</ele>
        <time>2026-06-15T04:24:02Z</time>
        <speed>0.0</speed>
      </trkpt>
      <trkpt lat="29.2324112" lon="119.7404008">
        <ele>218.42</ele>
        <time>2026-06-15T04:24:25Z</time>
        <speed>1.0649602</speed>
      </trkpt>
      <trkpt lat="29.2324202" lon="119.7402938">
        <ele>219.83</ele>
        <time>2026-06-15T04:24:34Z</time>
        <speed>1.4041622</speed>
      </trkpt>
      <trkpt lat="29.2324624" lon="119.7401951">
        <ele>221.19</ele>
        <time>2026-06-15T04:24:44Z</time>
        <speed>1.4504873</speed>
      </trkpt>
      <trkpt lat="29.2325144" lon="119.7401029">
        <ele>221.28</ele>
        <time>2026-06-15T04:24:54Z</time>
        <speed>1.1709931</speed>
      </trkpt>
      <trkpt lat="29.2325943" lon="119.7400294">
        <ele>220.26</ele>
        <time>2026-06-15T04:25:04Z</time>
        <speed>1.3171742</speed>
      </trkpt>
      <trkpt lat="29.2326767" lon="119.7399473">
        <ele>219.29</ele>
        <time>2026-06-15T04:25:15Z</time>
        <speed>1.300703</speed>
      </trkpt>
      <trkpt lat="29.2327715" lon="119.7399072">
        <ele>219.59</ele>
        <time>2026-06-15T04:25:34Z</time>
        <speed>0.77053916</speed>
      </trkpt>
      <trkpt lat="29.2328695" lon="119.7398786">
        <ele>218.43</ele>
        <time>2026-06-15T04:25:48Z</time>
        <speed>0.94348586</speed>
      </trkpt>
      <trkpt lat="29.2329671" lon="119.7398805">
        <ele>217.9</ele>
        <time>2026-06-15T04:25:57Z</time>
        <speed>0.9748839</speed>
      </trkpt>
      <trkpt lat="29.2330588" lon="119.7399042">
        <ele>218.12</ele>
        <time>2026-06-15T04:26:12Z</time>
        <speed>0.9285589</speed>
      </trkpt>
      <trkpt lat="29.2331503" lon="119.739942">
        <ele>218.88</ele>
        <time>2026-06-15T04:26:23Z</time>
        <speed>0.89921975</speed>
      </trkpt>
      <trkpt lat="29.2332468" lon="119.7399848">
        <ele>220.1</ele>
        <time>2026-06-15T04:26:33Z</time>
        <speed>1.0155469</speed>
      </trkpt>
      <trkpt lat="29.233344" lon="119.7400159">
        <ele>220.83</ele>
        <time>2026-06-15T04:26:45Z</time>
        <speed>0.7828925</speed>
      </trkpt>
      <trkpt lat="29.2334383" lon="119.7400133">
        <ele>220.17</ele>
        <time>2026-06-15T04:28:02Z</time>
        <speed>0.6923014</speed>
      </trkpt>
      <trkpt lat="29.2335283" lon="119.7399783">
        <ele>217.26</ele>
        <time>2026-06-15T04:28:10Z</time>
        <speed>0.94400054</speed>
      </trkpt>
      <trkpt lat="29.2336" lon="119.7399123">
        <ele>215.56</ele>
        <time>2026-06-15T04:28:22Z</time>
        <speed>0.88377804</speed>
      </trkpt>
      <trkpt lat="29.2336787" lon="119.7398459">
        <ele>215.19</ele>
        <time>2026-06-15T04:28:33Z</time>
        <speed>0.8009078</speed>
      </trkpt>
      <trkpt lat="29.2337533" lon="119.7397693">
        <ele>215.15</ele>
        <time>2026-06-15T04:28:49Z</time>
        <speed>0.91157305</speed>
      </trkpt>
      <trkpt lat="29.2338289" lon="119.7397018">
        <ele>215.09</ele>
        <time>2026-06-15T04:29:22Z</time>
        <speed>0.4488378</speed>
      </trkpt>
      <trkpt lat="29.2339126" lon="119.7396412">
        <ele>215.87</ele>
        <time>2026-06-15T04:29:32Z</time>
        <speed>0.9259853</speed>
      </trkpt>
      <trkpt lat="29.2340094" lon="119.7396181">
        <ele>216.53</ele>
        <time>2026-06-15T04:30:08Z</time>
        <speed>0.58987164</speed>
      </trkpt>
      <trkpt lat="29.2340893" lon="119.7395658">
        <ele>216.94</ele>
        <time>2026-06-15T04:30:15Z</time>
        <speed>0.96407473</speed>
      </trkpt>
      <trkpt lat="29.2341633" lon="119.7394993">
        <ele>217.23</ele>
        <time>2026-06-15T04:30:32Z</time>
        <speed>0.7314203</speed>
      </trkpt>
      <trkpt lat="29.2341768" lon="119.739393">
        <ele>217.77</ele>
        <time>2026-06-15T04:30:42Z</time>
        <speed>1.1231239</speed>
      </trkpt>
      <trkpt lat="29.2341812" lon="119.7392757">
        <ele>218.99</ele>
        <time>2026-06-15T04:30:52Z</time>
        <speed>0.92083806</speed>
      </trkpt>
      <trkpt lat="29.2342235" lon="119.739172">
        <ele>221.19</ele>
        <time>2026-06-15T04:31:04Z</time>
        <speed>1.0387094</speed>
      </trkpt>
      <trkpt lat="29.2342921" lon="119.7390917">
        <ele>224.59</ele>
        <time>2026-06-15T04:31:12Z</time>
        <speed>1.2657019</speed>
      </trkpt>
      <trkpt lat="29.2343807" lon="119.7390365">
        <ele>226.79</ele>
        <time>2026-06-15T04:31:22Z</time>
        <speed>1.1565808</speed>
      </trkpt>
      <trkpt lat="29.234456" lon="119.7389643">
        <ele>227.14</ele>
        <time>2026-06-15T04:31:31Z</time>
        <speed>1.0948142</speed>
      </trkpt>
      <trkpt lat="29.2345219" lon="119.7388815">
        <ele>226.3</ele>
        <time>2026-06-15T04:31:44Z</time>
        <speed>1.0279002</speed>
      </trkpt>
      <trkpt lat="29.2345865" lon="119.7387884">
        <ele>226.04</ele>
        <time>2026-06-15T04:31:57Z</time>
        <speed>0.98826665</speed>
      </trkpt>
      <trkpt lat="29.2346208" lon="119.7386871">
        <ele>226.54</ele>
        <time>2026-06-15T04:32:08Z</time>
        <speed>1.0160617</speed>
      </trkpt>
      <trkpt lat="29.2346531" lon="119.7385886">
        <ele>227.47</ele>
        <time>2026-06-15T04:32:17Z</time>
        <speed>1.324895</speed>
      </trkpt>
      <trkpt lat="29.2346438" lon="119.7384708">
        <ele>227.65</ele>
        <time>2026-06-15T04:32:39Z</time>
        <speed>0.8276733</speed>
      </trkpt>
      <trkpt lat="29.2346355" lon="119.7383549">
        <ele>227.37</ele>
        <time>2026-06-15T04:32:48Z</time>
        <speed>1.2126856</speed>
      </trkpt>
      <trkpt lat="29.2345789" lon="119.7382624">
        <ele>226.74</ele>
        <time>2026-06-15T04:33:06Z</time>
        <speed>1.1993028</speed>
      </trkpt>
      <trkpt lat="29.234515" lon="119.7381676">
        <ele>226.12</ele>
        <time>2026-06-15T04:33:15Z</time>
        <speed>1.5662997</speed>
      </trkpt>
      <trkpt lat="29.2345107" lon="119.7381574">
        <ele>224.43</ele>
        <time>2026-06-15T04:33:27Z</time>
        <speed>0.0</speed>
      </trkpt>
      <trkpt lat="29.2344978" lon="119.7380763">
        <ele>223.77</ele>
        <time>2026-06-15T04:34:17Z</time>
        <speed>0.8173789</speed>
      </trkpt>
      <trkpt lat="29.2344922" lon="119.7379594">
        <ele>223.1</ele>
        <time>2026-06-15T04:34:40Z</time>
        <speed>0.86576277</speed>
      </trkpt>
      <trkpt lat="29.2344911" lon="119.7378332">
        <ele>221.42</ele>
        <time>2026-06-15T04:34:48Z</time>
        <speed>1.3094534</speed>
      </trkpt>
      <trkpt lat="29.234511" lon="119.7377214">
        <ele>220.94</ele>
        <time>2026-06-15T04:34:59Z</time>
        <speed>0.99186975</speed>
      </trkpt>
      <trkpt lat="29.234588" lon="119.7376706">
        <ele>221.27</ele>
        <time>2026-06-15T04:35:43Z</time>
        <speed>1.3151153</speed>
      </trkpt>
      <trkpt lat="29.2345942" lon="119.737646">
        <ele>222.7</ele>
        <time>2026-06-15T04:35:59Z</time>
        <speed>0.0</speed>
      </trkpt>
      <trkpt lat="29.2345833" lon="119.7375433">
        <ele>222.92</ele>
        <time>2026-06-15T04:37:39Z</time>
        <speed>0.90899944</speed>
      </trkpt>
      <trkpt lat="29.2346483" lon="119.7374283">
        <ele>220.2</ele>
        <time>2026-06-15T04:37:48Z</time>
        <speed>1.1658459</speed>
      </trkpt>
      <trkpt lat="29.2347035" lon="119.7373317">
        <ele>219.64</ele>
        <time>2026-06-15T04:37:55Z</time>
        <speed>1.4278394</speed>
      </trkpt>
      <trkpt lat="29.2347517" lon="119.7372331">
        <ele>220.05</ele>
        <time>2026-06-15T04:38:05Z</time>
        <speed>1.1601839</speed>
      </trkpt>
      <trkpt lat="29.2347425" lon="119.7373071">
        <ele>220.2</ele>
        <time>2026-06-15T04:38:17Z</time>
        <speed>0.8868664</speed>
      </trkpt>
      <trkpt lat="29.2347819" lon="119.7372817">
        <ele>220.67</ele>
        <time>2026-06-15T04:38:57Z</time>
        <speed>1.1344478</speed>
      </trkpt>
      <trkpt lat="29.2348209" lon="119.7371834">
        <ele>224.17</ele>
        <time>2026-06-15T04:39:05Z</time>
        <speed>1.504533</speed>
      </trkpt>
      <trkpt lat="29.2348753" lon="119.7370637">
        <ele>225.52</ele>
        <time>2026-06-15T04:39:14Z</time>
        <speed>1.5740205</speed>
      </trkpt>
      <trkpt lat="29.2349624" lon="119.7369779">
        <ele>225.72</ele>
        <time>2026-06-15T04:39:24Z</time>
        <speed>0.8266439</speed>
      </trkpt>
      <trkpt lat="29.2350455" lon="119.7369016">
        <ele>224.98</ele>
        <time>2026-06-15T04:39:31Z</time>
        <speed>0.8492917</speed>
      </trkpt>
      <trkpt lat="29.2351184" lon="119.73682">
        <ele>224.56</ele>
        <time>2026-06-15T04:39:39Z</time>
        <speed>1.1478306</speed>
      </trkpt>
      <trkpt lat="29.2351904" lon="119.7367321">
        <ele>223.8</ele>
        <time>2026-06-15T04:39:49Z</time>
        <speed>1.328498</speed>
      </trkpt>
      <trkpt lat="29.2352632" lon="119.7366631">
        <ele>222.47</ele>
        <time>2026-06-15T04:39:59Z</time>
        <speed>1.0335622</speed>
      </trkpt>
      <trkpt lat="29.2353315" lon="119.7366065">
        <ele>222.09</ele>
        <time>2026-06-15T04:40:17Z</time>
        <speed>0.0</speed>
      </trkpt>
      <trkpt lat="29.2354018" lon="119.736541">
        <ele>221.8</ele>
        <time>2026-06-15T04:40:27Z</time>
        <speed>0.9846636</speed>
      </trkpt>
      <trkpt lat="29.2354918" lon="119.7365162">
        <ele>221.67</ele>
        <time>2026-06-15T04:40:54Z</time>
        <speed>0.6511236</speed>
      </trkpt>
      <trkpt lat="29.2355816" lon="119.7364598">
        <ele>222.93</ele>
        <time>2026-06-15T04:41:03Z</time>
        <speed>1.0984172</speed>
      </trkpt>
      <trkpt lat="29.2356728" lon="119.7364171">
        <ele>223.73</ele>
        <time>2026-06-15T04:41:13Z</time>
        <speed>1.1437128</speed>
      </trkpt>
      <trkpt lat="29.2357275" lon="119.7363224">
        <ele>225.05</ele>
        <time>2026-06-15T04:41:23Z</time>
        <speed>1.2142297</speed>
      </trkpt>
      <trkpt lat="29.2357836" lon="119.7362344">
        <ele>225.98</ele>
        <time>2026-06-15T04:41:33Z</time>
        <speed>1.0258414</speed>
      </trkpt>
      <trkpt lat="29.2358646" lon="119.7361728">
        <ele>227.19</ele>
        <time>2026-06-15T04:41:53Z</time>
        <speed>0.5461203</speed>
      </trkpt>
      <trkpt lat="29.2359405" lon="119.7361031">
        <ele>228.83</ele>
        <time>2026-06-15T04:42:07Z</time>
        <speed>0.74892086</speed>
      </trkpt>
      <trkpt lat="29.2360362" lon="119.7360508">
        <ele>228.86</ele>
        <time>2026-06-15T04:42:17Z</time>
        <speed>0.8039961</speed>
      </trkpt>
      <trkpt lat="29.2360988" lon="119.7359697">
        <ele>228.27</ele>
        <time>2026-06-15T04:42:25Z</time>
        <speed>1.121065</speed>
      </trkpt>
      <trkpt lat="29.2361795" lon="119.7359085">
        <ele>228.11</ele>
        <time>2026-06-15T04:42:37Z</time>
        <speed>0.90642583</speed>
      </trkpt>
      <trkpt lat="29.2362792" lon="119.7358819">
        <ele>230.0</ele>
        <time>2026-06-15T04:43:09Z</time>
        <speed>0.89304304</speed>
      </trkpt>
      <trkpt lat="29.2363655" lon="119.7358298">
        <ele>230.9</ele>
        <time>2026-06-15T04:43:19Z</time>
        <speed>0.98157525</speed>
      </trkpt>
      <trkpt lat="29.2364506" lon="119.7357875">
        <ele>231.98</ele>
        <time>2026-06-15T04:43:31Z</time>
        <speed>0.84414446</speed>
      </trkpt>
      <trkpt lat="29.2365304" lon="119.7357316">
        <ele>232.59</ele>
        <time>2026-06-15T04:43:41Z</time>
        <speed>0.97333974</speed>
      </trkpt>
      <trkpt lat="29.2366084" lon="119.7356739">
        <ele>232.77</ele>
        <time>2026-06-15T04:43:51Z</time>
        <speed>0.8410561</speed>
      </trkpt>
      <trkpt lat="29.2366848" lon="119.7356162">
        <ele>233.25</ele>
        <time>2026-06-15T04:43:59Z</time>
        <speed>0.8945872</speed>
      </trkpt>
      <trkpt lat="29.2367771" lon="119.7355676">
        <ele>233.75</ele>
        <time>2026-06-15T04:44:09Z</time>
        <speed>1.0026789</speed>
      </trkpt>
      <trkpt lat="29.2368706" lon="119.7355276">
        <ele>234.46</ele>
        <time>2026-06-15T04:44:19Z</time>
        <speed>0.98414886</speed>
      </trkpt>
      <trkpt lat="29.2369599" lon="119.7354765">
        <ele>234.73</ele>
        <time>2026-06-15T04:44:29Z</time>
        <speed>1.0577542</speed>
      </trkpt>
      <trkpt lat="29.2370034" lon="119.735467">
        <ele>234.55</ele>
        <time>2026-06-15T04:44:43Z</time>
        <speed>0.0</speed>
      </trkpt>
      <trkpt lat="29.2370553" lon="119.7354129">
        <ele>234.1</ele>
        <time>2026-06-15T04:44:53Z</time>
        <speed>0.72267</speed>
      </trkpt>
      <trkpt lat="29.2371151" lon="119.7353403">
        <ele>232.59</ele>
        <time>2026-06-15T04:45:05Z</time>
        <speed>0.78546613</speed>
      </trkpt>
      <trkpt lat="29.23723" lon="119.73533">
        <ele>230.83</ele>
        <time>2026-06-15T04:47:07Z</time>
        <speed>0.0</speed>
      </trkpt>
      <trkpt lat="29.2372833" lon="119.735245">
        <ele>228.93</ele>
        <time>2026-06-15T04:48:49Z</time>
        <speed>0.40920416</speed>
      </trkpt>
      <trkpt lat="29.2372633" lon="119.7353717">
        <ele>228.87</ele>
        <time>2026-06-15T04:49:53Z</time>
        <speed>0.0</speed>
      </trkpt>
      <trkpt lat="29.2372117" lon="119.7352717">
        <ele>228.41</ele>
        <time>2026-06-15T04:51:05Z</time>
        <speed>0.37420306</speed>
      </trkpt>
      <trkpt lat="29.2372367" lon="119.7351583">
        <ele>229.48</ele>
        <time>2026-06-15T04:51:29Z</time>
        <speed>0.0</speed>
      </trkpt>
      <trkpt lat="29.2373012" lon="119.7350506">
        <ele>231.25</ele>
        <time>2026-06-15T04:51:39Z</time>
        <speed>0.90745527</speed>
      </trkpt>
      <trkpt lat="29.2373032" lon="119.7349401">
        <ele>232.86</ele>
        <time>2026-06-15T04:51:57Z</time>
        <speed>1.2245241</speed>
      </trkpt>
      <trkpt lat="29.2372846" lon="119.734865">
        <ele>233.22</ele>
        <time>2026-06-15T04:51:59Z</time>
        <speed>0.0</speed>
      </trkpt>
      <trkpt lat="29.2373075" lon="119.7347728">
        <ele>232.44</ele>
        <time>2026-06-15T04:52:03Z</time>
        <speed>1.7809389</speed>
      </trkpt>
      <trkpt lat="29.2373766" lon="119.7347838">
        <ele>230.19</ele>
        <time>2026-06-15T04:52:09Z</time>
        <speed>1.4705614</speed>
      </trkpt>
      <trkpt lat="29.2374654" lon="119.7348814">
        <ele>226.92</ele>
        <time>2026-06-15T04:52:15Z</time>
        <speed>1.143198</speed>
      </trkpt>
      <trkpt lat="29.237542" lon="119.7349911">
        <ele>225.75</ele>
        <time>2026-06-15T04:52:29Z</time>
        <speed>1.0994467</speed>
      </trkpt>
      <trkpt lat="29.2375652" lon="119.7350123">
        <ele>226.5</ele>
        <time>2026-06-15T04:52:39Z</time>
        <speed>0.0</speed>
      </trkpt>
      <trkpt lat="29.2374842" lon="119.7349926">
        <ele>228.18</ele>
        <time>2026-06-15T04:53:01Z</time>
        <speed>0.7061989</speed>
      </trkpt>
      <trkpt lat="29.23744" lon="119.7348367">
        <ele>229.35</ele>
        <time>2026-06-15T04:54:05Z</time>
        <speed>1.5899769</speed>
      </trkpt>
      <trkpt lat="29.2375317" lon="119.7348733">
        <ele>230.79</ele>
        <time>2026-06-15T04:54:17Z</time>
        <speed>1.0335622</speed>
      </trkpt>
      <trkpt lat="29.237519" lon="119.734886">
        <ele>232.86</ele>
        <time>2026-06-15T04:54:25Z</time>
        <speed>0.0</speed>
      </trkpt>
      <trkpt lat="29.237493" lon="119.7348031">
        <ele>234.6</ele>
        <time>2026-06-15T04:54:31Z</time>
        <speed>1.2667314</speed>
      </trkpt>
      <trkpt lat="29.2375049" lon="119.7347354">
        <ele>235.46</ele>
        <time>2026-06-15T04:54:33Z</time>
        <speed>0.0</speed>
      </trkpt>
      <trkpt lat="29.2375848" lon="119.7347075">
        <ele>235.82</ele>
        <time>2026-06-15T04:54:39Z</time>
        <speed>1.701157</speed>
      </trkpt>
      <trkpt lat="29.2376918" lon="119.7346914">
        <ele>236.2</ele>
        <time>2026-06-15T04:54:49Z</time>
        <speed>1.2445984</speed>
      </trkpt>
      <trkpt lat="29.2377699" lon="119.7346209">
        <ele>237.02</ele>
        <time>2026-06-15T04:55:01Z</time>
        <speed>0.898705</speed>
      </trkpt>
      <trkpt lat="29.2378175" lon="119.7345182">
        <ele>239.85</ele>
        <time>2026-06-15T04:55:13Z</time>
        <speed>0.78958386</speed>
      </trkpt>
      <trkpt lat="29.237786" lon="119.7344124">
        <ele>242.75</ele>
        <time>2026-06-15T04:55:55Z</time>
        <speed>0.8132611</speed>
      </trkpt>
      <trkpt lat="29.2377472" lon="119.7342971">
        <ele>244.45</ele>
        <time>2026-06-15T04:56:07Z</time>
        <speed>1.0798873</speed>
      </trkpt>
      <trkpt lat="29.2377284" lon="119.7341827">
        <ele>247.66</ele>
        <time>2026-06-15T04:56:15Z</time>
        <speed>1.2126856</speed>
      </trkpt>
      <trkpt lat="29.2377175" lon="119.7340726">
        <ele>249.95</ele>
        <time>2026-06-15T04:56:29Z</time>
        <speed>0.7602447</speed>
      </trkpt>
      <trkpt lat="29.2376788" lon="119.7339735">
        <ele>252.99</ele>
        <time>2026-06-15T04:56:35Z</time>
        <speed>1.349087</speed>
      </trkpt>
      <trkpt lat="29.2376585" lon="119.7338723">
        <ele>255.01</ele>
        <time>2026-06-15T04:56:43Z</time>
        <speed>1.3882059</speed>
      </trkpt>
      <trkpt lat="29.2376678" lon="119.7337636">
        <ele>255.61</ele>
        <time>2026-06-15T04:57:01Z</time>
        <speed>0.6691389</speed>
      </trkpt>
      <trkpt lat="29.237655" lon="119.7336608">
        <ele>256.94</ele>
        <time>2026-06-15T04:57:27Z</time>
        <speed>0.7957606</speed>
      </trkpt>
      <trkpt lat="29.2376237" lon="119.7335529">
        <ele>257.05</ele>
        <time>2026-06-15T04:58:07Z</time>
        <speed>0.41538084</speed>
      </trkpt>
      <trkpt lat="29.2376748" lon="119.7334617">
        <ele>254.49</ele>
        <time>2026-06-15T04:58:15Z</time>
        <speed>0.95069194</speed>
      </trkpt>
      <trkpt lat="29.2377284" lon="119.7333657">
        <ele>252.6</ele>
        <time>2026-06-15T04:58:23Z</time>
        <speed>1.3099681</speed>
      </trkpt>
      <trkpt lat="29.2378027" lon="119.7332996">
        <ele>252.39</ele>
        <time>2026-06-15T04:58:41Z</time>
        <speed>0.0</speed>
      </trkpt>
      <trkpt lat="29.2378487" lon="119.7331979">
        <ele>254.8</ele>
        <time>2026-06-15T04:58:59Z</time>
        <speed>0.787525</speed>
      </trkpt>
      <trkpt lat="29.2379095" lon="119.7331053">
        <ele>258.03</ele>
        <time>2026-06-15T04:59:05Z</time>
        <speed>1.436075</speed>
      </trkpt>
      <trkpt lat="29.2379861" lon="119.7330371">
        <ele>260.55</ele>
        <time>2026-06-15T04:59:15Z</time>
        <speed>0.9548097</speed>
      </trkpt>
      <trkpt lat="29.2380803" lon="119.7330029">
        <ele>263.11</ele>
        <time>2026-06-15T04:59:25Z</time>
        <speed>0.9259853</speed>
      </trkpt>
      <trkpt lat="29.2381673" lon="119.7329547">
        <ele>264.96</ele>
        <time>2026-06-15T04:59:33Z</time>
        <speed>1.0886375</speed>
      </trkpt>
      <trkpt lat="29.2382399" lon="119.7328914">
        <ele>266.65</ele>
        <time>2026-06-15T04:59:41Z</time>
        <speed>1.0335622</speed>
      </trkpt>
      <trkpt lat="29.2383195" lon="119.7328132">
        <ele>268.09</ele>
        <time>2026-06-15T04:59:49Z</time>
        <speed>1.1895231</speed>
      </trkpt>
      <trkpt lat="29.2383845" lon="119.7327477">
        <ele>268.96</ele>
        <time>2026-06-15T04:59:59Z</time>
        <speed>0.0</speed>
      </trkpt>
      <trkpt lat="29.2384767" lon="119.7326903">
        <ele>269.32</ele>
        <time>2026-06-15T05:00:11Z</time>
        <speed>0.0</speed>
      </trkpt>
      <trkpt lat="29.2385408" lon="119.7326032">
        <ele>267.63</ele>
        <time>2026-06-15T05:00:23Z</time>
        <speed>0.9872372</speed>
      </trkpt>
      <trkpt lat="29.2386048" lon="119.7325198">
        <ele>266.93</ele>
        <time>2026-06-15T05:00:37Z</time>
        <speed>0.78134835</speed>
      </trkpt>
      <trkpt lat="29.2386835" lon="119.7324604">
        <ele>267.91</ele>
        <time>2026-06-15T05:00:53Z</time>
        <speed>0.42721945</speed>
      </trkpt>
      <trkpt lat="29.2387317" lon="119.7323702">
        <ele>268.25</ele>
        <time>2026-06-15T05:01:09Z</time>
        <speed>0.9270147</speed>
      </trkpt>
      <trkpt lat="29.2387721" lon="119.7322652">
        <ele>268.01</ele>
        <time>2026-06-15T05:01:53Z</time>
        <speed>0.98260474</speed>
      </trkpt>
      <trkpt lat="29.2388472" lon="119.7321948">
        <ele>269.56</ele>
        <time>2026-06-15T05:01:59Z</time>
        <speed>1.7001275</speed>
      </trkpt>
      <trkpt lat="29.2389425" lon="119.7321271">
        <ele>270.56</ele>
        <time>2026-06-15T05:02:07Z</time>
        <speed>1.552917</speed>
      </trkpt>
      <trkpt lat="29.2390302" lon="119.7320543">
        <ele>272.34</ele>
        <time>2026-06-15T05:02:17Z</time>
        <speed>1.3532047</speed>
      </trkpt>
      <trkpt lat="29.2391232" lon="119.7319638">
        <ele>274.22</ele>
        <time>2026-06-15T05:02:25Z</time>
        <speed>1.4561492</speed>
      </trkpt>
      <trkpt lat="29.2392177" lon="119.7319018">
        <ele>276.19</ele>
        <time>2026-06-15T05:02:33Z</time>
        <speed>1.3851175</speed>
      </trkpt>
      <trkpt lat="29.2393221" lon="119.7318712">
        <ele>278.17</ele>
        <time>2026-06-15T05:02:43Z</time>
        <speed>1.1200355</speed>
      </trkpt>
      <trkpt lat="29.2394236" lon="119.7318622">
        <ele>280.81</ele>
        <time>2026-06-15T05:02:53Z</time>
        <speed>1.0639309</speed>
      </trkpt>
      <trkpt lat="29.2395219" lon="119.73185">
        <ele>283.21</ele>
        <time>2026-06-15T05:03:07Z</time>
        <speed>0.82149667</speed>
      </trkpt>
      <trkpt lat="29.2396001" lon="119.7317842">
        <ele>285.53</ele>
        <time>2026-06-15T05:03:17Z</time>
        <speed>0.0</speed>
      </trkpt>
      <trkpt lat="29.2396673" lon="119.7316915">
        <ele>286.81</ele>
        <time>2026-06-15T05:03:29Z</time>
        <speed>0.88841057</speed>
      </trkpt>
      <trkpt lat="29.2397515" lon="119.73163">
        <ele>288.22</ele>
        <time>2026-06-15T05:03:39Z</time>
        <speed>0.9059111</speed>
      </trkpt>
      <trkpt lat="29.2398407" lon="119.7316191">
        <ele>289.81</ele>
        <time>2026-06-15T05:03:49Z</time>
        <speed>0.7473767</speed>
      </trkpt>
      <trkpt lat="29.2398801" lon="119.7315449">
        <ele>290.92</ele>
        <time>2026-06-15T05:04:05Z</time>
        <speed>0.6279611</speed>
      </trkpt>
      <trkpt lat="29.2399284" lon="119.7314635">
        <ele>290.09</ele>
        <time>2026-06-15T05:04:19Z</time>
        <speed>0.8220114</speed>
      </trkpt>
      <trkpt lat="29.239995" lon="119.7313952">
        <ele>289.84</ele>
        <time>2026-06-15T05:04:43Z</time>
        <speed>0.0</speed>
      </trkpt>
      <trkpt lat="29.2400628" lon="119.7313205">
        <ele>288.88</ele>
        <time>2026-06-15T05:04:51Z</time>
        <speed>1.1133442</speed>
      </trkpt>
      <trkpt lat="29.240098" lon="119.7312899">
        <ele>288.41</ele>
        <time>2026-06-15T05:04:53Z</time>
        <speed>0.0</speed>
      </trkpt>
      <trkpt lat="29.2401684" lon="119.731257">
        <ele>288.15</ele>
        <time>2026-06-15T05:05:01Z</time>
        <speed>1.1663605</speed>
      </trkpt>
      <trkpt lat="29.2402484" lon="119.731206">
        <ele>288.09</ele>
        <time>2026-06-15T05:05:11Z</time>
        <speed>1.1982733</speed>
      </trkpt>
      <trkpt lat="29.2403294" lon="119.731151">
        <ele>288.18</ele>
        <time>2026-06-15T05:05:25Z</time>
        <speed>0.0</speed>
      </trkpt>
      <trkpt lat="29.2404136" lon="119.7310788">
        <ele>290.98</ele>
        <time>2026-06-15T05:05:35Z</time>
        <speed>1.006282</speed>
      </trkpt>
      <trkpt lat="29.2404945" lon="119.730997">
        <ele>293.1</ele>
        <time>2026-06-15T05:05:43Z</time>
        <speed>1.3032767</speed>
      </trkpt>
      <trkpt lat="29.240541" lon="119.7308965">
        <ele>295.64</ele>
        <time>2026-06-15T05:05:55Z</time>
        <speed>0.9167203</speed>
      </trkpt>
      <trkpt lat="29.2406063" lon="119.730818">
        <ele>301.26</ele>
        <time>2026-06-15T05:06:29Z</time>
        <speed>0.0</speed>
      </trkpt>
      <trkpt lat="29.2406239" lon="119.7307153">
        <ele>305.49</ele>
        <time>2026-06-15T05:06:37Z</time>
        <speed>0.9774575</speed>
      </trkpt>
      <trkpt lat="29.2406541" lon="119.7306121">
        <ele>307.34</ele>
        <time>2026-06-15T05:06:45Z</time>
        <speed>1.3918089</speed>
      </trkpt>
      <trkpt lat="29.2407278" lon="119.7305751">
        <ele>308.27</ele>
        <time>2026-06-15T05:06:53Z</time>
        <speed>1.3717347</speed>
      </trkpt>
      <trkpt lat="29.240808" lon="119.7305279">
        <ele>309.23</ele>
        <time>2026-06-15T05:07:05Z</time>
        <speed>0.9470889</speed>
      </trkpt>
      <trkpt lat="29.2408811" lon="119.7304385">
        <ele>310.38</ele>
        <time>2026-06-15T05:07:15Z</time>
        <speed>0.0</speed>
      </trkpt>
      <trkpt lat="29.2409326" lon="119.7303275">
        <ele>310.3</ele>
        <time>2026-06-15T05:07:25Z</time>
        <speed>1.1540072</speed>
      </trkpt>
      <trkpt lat="29.2409997" lon="119.7302417">
        <ele>309.96</ele>
        <time>2026-06-15T05:07:35Z</time>
        <speed>1.1668752</speed>
      </trkpt>
      <trkpt lat="29.2410421" lon="119.7301383">
        <ele>310.23</ele>
        <time>2026-06-15T05:07:49Z</time>
        <speed>0.6809775</speed>
      </trkpt>
      <trkpt lat="29.2410965" lon="119.7301759">
        <ele>310.26</ele>
        <time>2026-06-15T05:07:59Z</time>
        <speed>0.4869272</speed>
      </trkpt>
      <trkpt lat="29.241065" lon="119.7301382">
        <ele>309.16</ele>
        <time>2026-06-15T05:08:25Z</time>
        <speed>0.0</speed>
      </trkpt>
      <trkpt lat="29.2411" lon="119.7300367">
        <ele>309.56</ele>
        <time>2026-06-15T05:09:39Z</time>
        <speed>0.57443</speed>
      </trkpt>
      <trkpt lat="29.2411667" lon="119.7299633">
        <ele>314.44</ele>
        <time>2026-06-15T05:09:53Z</time>
        <speed>0.46994138</speed>
      </trkpt>
      <trkpt lat="29.2412178" lon="119.7298703">
        <ele>318.85</ele>
        <time>2026-06-15T05:10:05Z</time>
        <speed>0.0</speed>
      </trkpt>
      <trkpt lat="29.2412714" lon="119.7297711">
        <ele>322.62</ele>
        <time>2026-06-15T05:10:15Z</time>
        <speed>0.80965805</speed>
      </trkpt>
      <trkpt lat="29.2413344" lon="119.7296925">
        <ele>326.65</ele>
        <time>2026-06-15T05:10:25Z</time>
        <speed>0.62435806</speed>
      </trkpt>
      <trkpt lat="29.2414259" lon="119.7296518">
        <ele>328.95</ele>
        <time>2026-06-15T05:10:55Z</time>
        <speed>0.5420025</speed>
      </trkpt>
      <trkpt lat="29.2415001" lon="119.7295818">
        <ele>333.19</ele>
        <time>2026-06-15T05:11:17Z</time>
        <speed>0.45552915</speed>
      </trkpt>
      <trkpt lat="29.2415573" lon="119.7294949">
        <ele>333.84</ele>
        <time>2026-06-15T05:11:25Z</time>
        <speed>1.1365067</speed>
      </trkpt>
      <trkpt lat="29.2416347" lon="119.7294422">
        <ele>333.65</ele>
        <time>2026-06-15T05:11:37Z</time>
        <speed>0.8410561</speed>
      </trkpt>
      <trkpt lat="29.2417253" lon="119.7293892">
        <ele>334.06</ele>
        <time>2026-06-15T05:11:53Z</time>
        <speed>0.83385</speed>
      </trkpt>
      <trkpt lat="29.2418127" lon="119.7293187">
        <ele>335.15</ele>
        <time>2026-06-15T05:12:05Z</time>
        <speed>0.92907363</speed>
      </trkpt>
      <trkpt lat="29.2419104" lon="119.7292723">
        <ele>338.4</ele>
        <time>2026-06-15T05:12:17Z</time>
        <speed>0.89819026</speed>
      </trkpt>
      <trkpt lat="29.2420152" lon="119.7292441">
        <ele>342.57</ele>
        <time>2026-06-15T05:12:29Z</time>
        <speed>0.80554026</speed>
      </trkpt>
      <trkpt lat="29.2421093" lon="119.7292128">
        <ele>345.04</ele>
        <time>2026-06-15T05:12:43Z</time>
        <speed>0.7206111</speed>
      </trkpt>
      <trkpt lat="29.2422012" lon="119.7291964">
        <ele>348.38</ele>
        <time>2026-06-15T05:12:53Z</time>
        <speed>0.94142693</speed>
      </trkpt>
      <trkpt lat="29.2423083" lon="119.729155">
        <ele>350.75</ele>
        <time>2026-06-15T05:14:17Z</time>
        <speed>0.3911889</speed>
      </trkpt>
      <trkpt lat="29.24237" lon="119.7290783">
        <ele>354.39</ele>
        <time>2026-06-15T05:14:27Z</time>
        <speed>0.84826225</speed>
      </trkpt>
      <trkpt lat="29.2424458" lon="119.7290031">
        <ele>355.9</ele>
        <time>2026-06-15T05:14:41Z</time>
        <speed>0.7499503</speed>
      </trkpt>
      <trkpt lat="29.2425292" lon="119.7289409">
        <ele>356.37</ele>
        <time>2026-06-15T05:14:59Z</time>
        <speed>0.0</speed>
      </trkpt>
      <trkpt lat="29.2425975" lon="119.7288691">
        <ele>357.85</ele>
        <time>2026-06-15T05:15:19Z</time>
        <speed>0.47148556</speed>
      </trkpt>
      <trkpt lat="29.2426787" lon="119.7288109">
        <ele>361.48</ele>
        <time>2026-06-15T05:15:39Z</time>
        <speed>0.5502381</speed>
      </trkpt>
      <trkpt lat="29.2427663" lon="119.7287478">
        <ele>365.4</ele>
        <time>2026-06-15T05:15:53Z</time>
        <speed>0.694875</speed>
      </trkpt>
      <trkpt lat="29.2428407" lon="119.7286772">
        <ele>368.89</ele>
        <time>2026-06-15T05:16:05Z</time>
        <speed>0.657815</speed>
      </trkpt>
      <trkpt lat="29.2428972" lon="119.72859">
        <ele>372.29</ele>
        <time>2026-06-15T05:16:17Z</time>
        <speed>0.7061989</speed>
      </trkpt>
      <trkpt lat="29.2429325" lon="119.7284896">
        <ele>374.4</ele>
        <time>2026-06-15T05:16:27Z</time>
        <speed>0.84980637</speed>
      </trkpt>
      <trkpt lat="29.2429963" lon="119.7284105">
        <ele>375.26</ele>
        <time>2026-06-15T05:16:39Z</time>
        <speed>0.7020811</speed>
      </trkpt>
      <trkpt lat="29.2430698" lon="119.728348">
        <ele>375.67</ele>
        <time>2026-06-15T05:16:53Z</time>
        <speed>0.5492086</speed>
      </trkpt>
      <trkpt lat="29.2431463" lon="119.7282923">
        <ele>376.15</ele>
        <time>2026-06-15T05:17:11Z</time>
        <speed>0.51986945</speed>
      </trkpt>
      <trkpt lat="29.2431704" lon="119.7282017">
        <ele>376.47</ele>
        <time>2026-06-15T05:17:33Z</time>
        <speed>0.7849514</speed>
      </trkpt>
      <trkpt lat="29.2431972" lon="119.7280998">
        <ele>377.22</ele>
        <time>2026-06-15T05:17:45Z</time>
        <speed>0.63516724</speed>
      </trkpt>
      <trkpt lat="29.2432427" lon="119.727999">
        <ele>378.07</ele>
        <time>2026-06-15T05:17:57Z</time>
        <speed>0.0</speed>
      </trkpt>
      <trkpt lat="29.2433249" lon="119.7279224">
        <ele>379.59</ele>
        <time>2026-06-15T05:18:07Z</time>
        <speed>0.7056842</speed>
      </trkpt>
      <trkpt lat="29.2434215" lon="119.7278704">
        <ele>380.54</ele>
        <time>2026-06-15T05:18:17Z</time>
        <speed>1.0556953</speed>
      </trkpt>
      <trkpt lat="29.2435123" lon="119.7278164">
        <ele>382.37</ele>
        <time>2026-06-15T05:18:27Z</time>
        <speed>0.99907583</speed>
      </trkpt>
      <trkpt lat="29.2436003" lon="119.7277747">
        <ele>385.78</ele>
        <time>2026-06-15T05:18:37Z</time>
        <speed>0.9496625</speed>
      </trkpt>
      <trkpt lat="29.2436953" lon="119.7277506">
        <ele>389.27</ele>
        <time>2026-06-15T05:18:49Z</time>
        <speed>0.88377804</speed>
      </trkpt>
      <trkpt lat="29.2437813" lon="119.7277128">
        <ele>392.3</ele>
        <time>2026-06-15T05:19:01Z</time>
        <speed>0.75355333</speed>
      </trkpt>
      <trkpt lat="29.2438661" lon="119.7276673">
        <ele>394.92</ele>
        <time>2026-06-15T05:19:27Z</time>
        <speed>0.4488378</speed>
      </trkpt>
      <trkpt lat="29.2439557" lon="119.7276276">
        <ele>395.47</ele>
        <time>2026-06-15T05:19:55Z</time>
        <speed>0.3824386</speed>
      </trkpt>
      <trkpt lat="29.2440359" lon="119.7275629">
        <ele>395.05</ele>
        <time>2026-06-15T05:20:09Z</time>
        <speed>0.6573003</speed>
      </trkpt>
      <trkpt lat="29.2441075" lon="119.7274802">
        <ele>395.93</ele>
        <time>2026-06-15T05:20:21Z</time>
        <speed>0.7530386</speed>
      </trkpt>
      <trkpt lat="29.244184" lon="119.7274022">
        <ele>397.12</ele>
        <time>2026-06-15T05:20:37Z</time>
        <speed>0.69436026</speed>
      </trkpt>
      <trkpt lat="29.2442503" lon="119.7273138">
        <ele>398.58</ele>
        <time>2026-06-15T05:20:49Z</time>
        <speed>0.7200964</speed>
      </trkpt>
      <trkpt lat="29.2443019" lon="119.7272173">
        <ele>399.58</ele>
        <time>2026-06-15T05:20:59Z</time>
        <speed>0.9645894</speed>
      </trkpt>
      <trkpt lat="29.2443598" lon="119.7271187">
        <ele>399.5</ele>
        <time>2026-06-15T05:21:11Z</time>
        <speed>0.9177497</speed>
      </trkpt>
      <trkpt lat="29.2444363" lon="119.7270515">
        <ele>399.72</ele>
        <time>2026-06-15T05:21:23Z</time>
        <speed>0.8142906</speed>
      </trkpt>
      <trkpt lat="29.2445161" lon="119.7269815">
        <ele>400.44</ele>
        <time>2026-06-15T05:21:33Z</time>
        <speed>0.9337061</speed>
      </trkpt>
      <trkpt lat="29.2445861" lon="119.7269064">
        <ele>401.5</ele>
        <time>2026-06-15T05:21:43Z</time>
        <speed>1.03768</speed>
      </trkpt>
      <trkpt lat="29.2446345" lon="119.7268127">
        <ele>402.23</ele>
        <time>2026-06-15T05:21:53Z</time>
        <speed>1.0443714</speed>
      </trkpt>
      <trkpt lat="29.2446963" lon="119.7267284">
        <ele>402.3</ele>
        <time>2026-06-15T05:22:05Z</time>
        <speed>0.9100289</speed>
      </trkpt>
      <trkpt lat="29.2447782" lon="119.7266586">
        <ele>403.38</ele>
        <time>2026-06-15T05:22:17Z</time>
        <speed>0.8976756</speed>
      </trkpt>
      <trkpt lat="29.244851" lon="119.7265803">
        <ele>404.51</ele>
        <time>2026-06-15T05:22:29Z</time>
        <speed>0.95738333</speed>
      </trkpt>
      <trkpt lat="29.244912" lon="119.7264956">
        <ele>405.79</ele>
        <time>2026-06-15T05:22:39Z</time>
        <speed>0.9326767</speed>
      </trkpt>
      <trkpt lat="29.2449471" lon="119.7263961">
        <ele>406.91</ele>
        <time>2026-06-15T05:22:49Z</time>
        <speed>0.96253055</speed>
      </trkpt>
      <trkpt lat="29.2449722" lon="119.7262866">
        <ele>407.47</ele>
        <time>2026-06-15T05:23:01Z</time>
        <speed>0.9630453</speed>
      </trkpt>
      <trkpt lat="29.2450016" lon="119.7261844">
        <ele>406.71</ele>
        <time>2026-06-15T05:23:11Z</time>
        <speed>0.89252836</speed>
      </trkpt>
      <trkpt lat="29.2450933" lon="119.7261717">
        <ele>405.54</ele>
        <time>2026-06-15T05:24:19Z</time>
        <speed>0.71031666</speed>
      </trkpt>
      <trkpt lat="29.2451933" lon="119.7261567">
        <ele>405.57</ele>
        <time>2026-06-15T05:24:29Z</time>
        <speed>0.89046943</speed>
      </trkpt>
      <trkpt lat="29.2452327" lon="119.7260542">
        <ele>407.04</ele>
        <time>2026-06-15T05:24:59Z</time>
        <speed>0.82561445</speed>
      </trkpt>
      <trkpt lat="29.245206" lon="119.7259389">
        <ele>409.26</ele>
        <time>2026-06-15T05:25:07Z</time>
        <speed>1.1807728</speed>
      </trkpt>
      <trkpt lat="29.2452411" lon="119.7258479">
        <ele>410.14</ele>
        <time>2026-06-15T05:25:21Z</time>
        <speed>0.6681094</speed>
      </trkpt>
      <trkpt lat="29.2453125" lon="119.7258748">
        <ele>409.22</ele>
        <time>2026-06-15T05:25:35Z</time>
        <speed>0.80708444</speed>
      </trkpt>
      <trkpt lat="29.2453666" lon="119.7258112">
        <ele>409.08</ele>
        <time>2026-06-15T05:26:11Z</time>
        <speed>0.54097307</speed>
      </trkpt>
      <trkpt lat="29.2454107" lon="119.7257031">
        <ele>411.28</ele>
        <time>2026-06-15T05:26:21Z</time>
        <speed>1.0582689</speed>
      </trkpt>
      <trkpt lat="29.2454935" lon="119.7256492">
        <ele>411.46</ele>
        <time>2026-06-15T05:26:27Z</time>
        <speed>1.3871764</speed>
      </trkpt>
      <trkpt lat="29.2455845" lon="119.7256622">
        <ele>411.69</ele>
        <time>2026-06-15T05:26:37Z</time>
        <speed>1.0294445</speed>
      </trkpt>
      <trkpt lat="29.2456854" lon="119.7257135">
        <ele>412.77</ele>
        <time>2026-06-15T05:26:47Z</time>
        <speed>0.96922195</speed>
      </trkpt>
      <trkpt lat="29.2457896" lon="119.7257281">
        <ele>414.33</ele>
        <time>2026-06-15T05:26:59Z</time>
        <speed>0.5584736</speed>
      </trkpt>
      <trkpt lat="29.2458701" lon="119.725681">
        <ele>415.61</ele>
        <time>2026-06-15T05:27:07Z</time>
        <speed>0.7082578</speed>
      </trkpt>
      <trkpt lat="29.2459622" lon="119.7256325">
        <ele>416.68</ele>
        <time>2026-06-15T05:27:19Z</time>
        <speed>0.79730475</speed>
      </trkpt>
      <trkpt lat="29.2460506" lon="119.7255527">
        <ele>417.81</ele>
        <time>2026-06-15T05:27:29Z</time>
        <speed>1.030474</speed>
      </trkpt>
      <trkpt lat="29.2461174" lon="119.7254634">
        <ele>419.78</ele>
        <time>2026-06-15T05:27:41Z</time>
        <speed>0.95583916</speed>
      </trkpt>
      <trkpt lat="29.2462016" lon="119.7254358">
        <ele>421.98</ele>
        <time>2026-06-15T05:27:57Z</time>
        <speed>0.9187792</speed>
      </trkpt>
      <trkpt lat="29.2461968" lon="119.7253525">
        <ele>423.11</ele>
        <time>2026-06-15T05:28:03Z</time>
        <speed>1.226583</speed>
      </trkpt>
      <trkpt lat="29.2461493" lon="119.7252491">
        <ele>423.32</ele>
        <time>2026-06-15T05:28:11Z</time>
        <speed>1.2584958</speed>
      </trkpt>
      <trkpt lat="29.2461897" lon="119.7251664">
        <ele>424.77</ele>
        <time>2026-06-15T05:28:27Z</time>
        <speed>0.8101728</speed>
      </trkpt>
      <trkpt lat="29.2462372" lon="119.7250771">
        <ele>429.78</ele>
        <time>2026-06-15T05:28:43Z</time>
        <speed>0.9239264</speed>
      </trkpt>
      <trkpt lat="29.2462849" lon="119.7249652">
        <ele>434.6</ele>
        <time>2026-06-15T05:28:57Z</time>
        <speed>0.78803974</speed>
      </trkpt>
      <trkpt lat="29.246306" lon="119.7248392">
        <ele>438.22</ele>
        <time>2026-06-15T05:29:07Z</time>
        <speed>0.87142473</speed>
      </trkpt>
      <trkpt lat="29.246328" lon="119.7247295">
        <ele>441.13</ele>
        <time>2026-06-15T05:29:15Z</time>
        <speed>1.1164325</speed>
      </trkpt>
      <trkpt lat="29.2463749" lon="119.7246824">
        <ele>443.14</ele>
        <time>2026-06-15T05:29:29Z</time>
        <speed>0.0</speed>
      </trkpt>
      <trkpt lat="29.2464604" lon="119.7246317">
        <ele>443.98</ele>
        <time>2026-06-15T05:29:53Z</time>
        <speed>0.8112022</speed>
      </trkpt>
      <trkpt lat="29.2465375" lon="119.7245663">
        <ele>442.74</ele>
        <time>2026-06-15T05:30:01Z</time>
        <speed>1.1076822</speed>
      </trkpt>
      <trkpt lat="29.2465624" lon="119.7244687">
        <ele>441.39</ele>
        <time>2026-06-15T05:30:13Z</time>
        <speed>0.8477475</speed>
      </trkpt>
      <trkpt lat="29.24659" lon="119.7243519">
        <ele>441.7</ele>
        <time>2026-06-15T05:30:23Z</time>
        <speed>0.99907583</speed>
      </trkpt>
      <trkpt lat="29.2465895" lon="119.7242373">
        <ele>441.48</ele>
        <time>2026-06-15T05:30:33Z</time>
        <speed>0.9965022</speed>
      </trkpt>
      <trkpt lat="29.2465836" lon="119.7241266">
        <ele>440.93</ele>
        <time>2026-06-15T05:30:43Z</time>
        <speed>1.0629014</speed>
      </trkpt>
      <trkpt lat="29.2465741" lon="119.7240209">
        <ele>440.4</ele>
        <time>2026-06-15T05:30:55Z</time>
        <speed>0.89304304</speed>
      </trkpt>
      <trkpt lat="29.2465935" lon="119.723916">
        <ele>440.23</ele>
        <time>2026-06-15T05:31:05Z</time>
        <speed>0.7942164</speed>
      </trkpt>
      <trkpt lat="29.2465781" lon="119.7238037">
        <ele>439.49</ele>
        <time>2026-06-15T05:31:21Z</time>
        <speed>0.6737714</speed>
      </trkpt>
      <trkpt lat="29.2465301" lon="119.72371">
        <ele>439.02</ele>
        <time>2026-06-15T05:31:31Z</time>
        <speed>0.7803189</speed>
      </trkpt>
      <trkpt lat="29.2464928" lon="119.7236095">
        <ele>439.18</ele>
        <time>2026-06-15T05:31:47Z</time>
        <speed>0.59347475</speed>
      </trkpt>
      <trkpt lat="29.2464982" lon="119.7235021">
        <ele>440.95</ele>
        <time>2026-06-15T05:32:03Z</time>
        <speed>0.5337669</speed>
      </trkpt>
      <trkpt lat="29.2465526" lon="119.7234158">
        <ele>443.25</ele>
        <time>2026-06-15T05:32:21Z</time>
        <speed>1.0721664</speed>
      </trkpt>
      <trkpt lat="29.246574" lon="119.7233864">
        <ele>444.95</ele>
        <time>2026-06-15T05:32:29Z</time>
        <speed>0.0</speed>
      </trkpt>
      <trkpt lat="29.2466367" lon="119.723295">
        <ele>445.66</ele>
        <time>2026-06-15T05:33:55Z</time>
        <speed>0.33096638</speed>
      </trkpt>
      <trkpt lat="29.246735" lon="119.723275">
        <ele>447.18</ele>
        <time>2026-06-15T05:34:25Z</time>
        <speed>0.62899053</speed>
      </trkpt>
      <trkpt lat="29.2467924" lon="119.7231972">
        <ele>450.59</ele>
        <time>2026-06-15T05:34:33Z</time>
        <speed>1.1308447</speed>
      </trkpt>
      <trkpt lat="29.2468388" lon="119.7230847">
        <ele>454.59</ele>
        <time>2026-06-15T05:34:41Z</time>
        <speed>1.4057064</speed>
      </trkpt>
      <trkpt lat="29.2469078" lon="119.7230087">
        <ele>458.51</ele>
        <time>2026-06-15T05:34:51Z</time>
        <speed>1.1926113</speed>
      </trkpt>
      <trkpt lat="29.2469983" lon="119.7229627">
        <ele>461.3</ele>
        <time>2026-06-15T05:34:59Z</time>
        <speed>1.2626137</speed>
      </trkpt>
      <trkpt lat="29.2470713" lon="119.7228924">
        <ele>462.76</ele>
        <time>2026-06-15T05:35:11Z</time>
        <speed>0.9192939</speed>
      </trkpt>
      <trkpt lat="29.2471604" lon="119.7228515">
        <ele>463.9</ele>
        <time>2026-06-15T05:35:21Z</time>
        <speed>0.90797</speed>
      </trkpt>
      <trkpt lat="29.2472117" lon="119.722763">
        <ele>465.36</ele>
        <time>2026-06-15T05:35:31Z</time>
        <speed>0.79627526</speed>
      </trkpt>
      <trkpt lat="29.247271" lon="119.7226793">
        <ele>466.97</ele>
        <time>2026-06-15T05:35:39Z</time>
        <speed>1.0984172</speed>
      </trkpt>
      <trkpt lat="29.2473211" lon="119.7225882">
        <ele>467.89</ele>
        <time>2026-06-15T05:35:53Z</time>
        <speed>0.8050256</speed>
      </trkpt>
      <trkpt lat="29.247327" lon="119.7224849">
        <ele>468.67</ele>
        <time>2026-06-15T05:36:13Z</time>
        <speed>0.4009686</speed>
      </trkpt>
      <trkpt lat="29.2474117" lon="119.72248">
        <ele>469.15</ele>
        <time>2026-06-15T05:37:21Z</time>
        <speed>0.5857539</speed>
      </trkpt>
      <trkpt lat="29.2474967" lon="119.7223833">
        <ele>468.74</ele>
        <time>2026-06-15T05:37:47Z</time>
        <speed>0.0</speed>
      </trkpt>
      <trkpt lat="29.2475662" lon="119.7222867">
        <ele>471.0</ele>
        <time>2026-06-15T05:37:55Z</time>
        <speed>1.1812875</speed>
      </trkpt>
      <trkpt lat="29.2476483" lon="119.7222427">
        <ele>472.68</ele>
        <time>2026-06-15T05:38:05Z</time>
        <speed>0.88377804</speed>
      </trkpt>
      <trkpt lat="29.2477357" lon="119.7222191">
        <ele>474.19</ele>
        <time>2026-06-15T05:38:17Z</time>
        <speed>0.7123756</speed>
      </trkpt>
      <trkpt lat="29.2478184" lon="119.7221686">
        <ele>477.21</ele>
        <time>2026-06-15T05:38:41Z</time>
        <speed>0.7983342</speed>
      </trkpt>
      <trkpt lat="29.2478765" lon="119.7220883">
        <ele>481.08</ele>
        <time>2026-06-15T05:38:51Z</time>
        <speed>0.7916428</speed>
      </trkpt>
      <trkpt lat="29.247962" lon="119.7220448">
        <ele>484.4</ele>
        <time>2026-06-15T05:39:07Z</time>
        <speed>0.6902425</speed>
      </trkpt>
      <trkpt lat="29.2480337" lon="119.7219776">
        <ele>485.73</ele>
        <time>2026-06-15T05:39:33Z</time>
        <speed>0.50906026</speed>
      </trkpt>
      <trkpt lat="29.2481247" lon="119.7219243">
        <ele>487.4</ele>
        <time>2026-06-15T05:39:41Z</time>
        <speed>1.1035645</speed>
      </trkpt>
      <trkpt lat="29.2482193" lon="119.7218781">
        <ele>488.3</ele>
        <time>2026-06-15T05:40:05Z</time>
        <speed>0.38861528</speed>
      </trkpt>
      <trkpt lat="29.2482831" lon="119.721794">
        <ele>490.71</ele>
        <time>2026-06-15T05:40:31Z</time>
        <speed>0.8065697</speed>
      </trkpt>
      <trkpt lat="29.2482886" lon="119.7216879">
        <ele>494.49</ele>
        <time>2026-06-15T05:40:47Z</time>
        <speed>0.7900986</speed>
      </trkpt>
      <trkpt lat="29.2482578" lon="119.7215681">
        <ele>497.98</ele>
        <time>2026-06-15T05:40:59Z</time>
        <speed>1.4427664</speed>
      </trkpt>
      <trkpt lat="29.2482553" lon="119.7214541">
        <ele>501.64</ele>
        <time>2026-06-15T05:41:13Z</time>
        <speed>0.6696536</speed>
      </trkpt>
      <trkpt lat="29.2483035" lon="119.721368">
        <ele>504.64</ele>
        <time>2026-06-15T05:41:25Z</time>
        <speed>1.0335622</speed>
      </trkpt>
      <trkpt lat="29.2483696" lon="119.7212877">
        <ele>507.5</ele>
        <time>2026-06-15T05:41:43Z</time>
        <speed>0.47405916</speed>
      </trkpt>
      <trkpt lat="29.2484271" lon="119.7211971">
        <ele>510.38</ele>
        <time>2026-06-15T05:41:57Z</time>
        <speed>0.72884667</speed>
      </trkpt>
      <trkpt lat="29.2485157" lon="119.7211832">
        <ele>511.85</ele>
        <time>2026-06-15T05:42:07Z</time>
        <speed>1.0279002</speed>
      </trkpt>
      <trkpt lat="29.2485797" lon="119.7211122">
        <ele>512.73</ele>
        <time>2026-06-15T05:42:21Z</time>
        <speed>0.7921575</speed>
      </trkpt>
      <trkpt lat="29.2486415" lon="119.7210325">
        <ele>510.91</ele>
        <time>2026-06-15T05:42:31Z</time>
        <speed>1.07474</speed>
      </trkpt>
      <trkpt lat="29.2487152" lon="119.7209705">
        <ele>510.43</ele>
        <time>2026-06-15T05:42:55Z</time>
        <speed>0.5353111</speed>
      </trkpt>
      <trkpt lat="29.2487734" lon="119.7208898">
        <ele>511.19</ele>
        <time>2026-06-15T05:43:29Z</time>
        <speed>0.6331083</speed>
      </trkpt>
      <trkpt lat="29.2488443" lon="119.7208217">
        <ele>515.2</ele>
        <time>2026-06-15T05:43:53Z</time>
        <speed>0.59296</speed>
      </trkpt>
      <trkpt lat="29.24891" lon="119.720745">
        <ele>516.75</ele>
        <time>2026-06-15T05:45:05Z</time>
        <speed>0.4380286</speed>
      </trkpt>
      <trkpt lat="29.2489767" lon="119.7206733">
        <ele>520.08</ele>
        <time>2026-06-15T05:46:45Z</time>
        <speed>0.45038193</speed>
      </trkpt>
      <trkpt lat="29.249035" lon="119.7205933">
        <ele>522.54</ele>
        <time>2026-06-15T05:47:03Z</time>
        <speed>0.5275903</speed>
      </trkpt>
      <trkpt lat="29.2490792" lon="119.7205035">
        <ele>524.12</ele>
        <time>2026-06-15T05:47:27Z</time>
        <speed>0.7623036</speed>
      </trkpt>
      <trkpt lat="29.2491287" lon="119.7204054">
        <ele>526.0</ele>
        <time>2026-06-15T05:48:19Z</time>
        <speed>0.8966461</speed>
      </trkpt>
      <trkpt lat="29.249211" lon="119.7203474">
        <ele>529.83</ele>
        <time>2026-06-15T05:48:35Z</time>
        <speed>0.7231847</speed>
      </trkpt>
      <trkpt lat="29.2492878" lon="119.7202741">
        <ele>532.57</ele>
        <time>2026-06-15T05:48:45Z</time>
        <speed>0.97848696</speed>
      </trkpt>
      <trkpt lat="29.2493646" lon="119.7202049">
        <ele>533.36</ele>
        <time>2026-06-15T05:48:55Z</time>
        <speed>0.8456886</speed>
      </trkpt>
      <trkpt lat="29.2494345" lon="119.7201357">
        <ele>533.29</ele>
        <time>2026-06-15T05:49:09Z</time>
        <speed>0.48126528</speed>
      </trkpt>
      <trkpt lat="29.2495216" lon="119.7201051">
        <ele>534.84</ele>
        <time>2026-06-15T05:49:23Z</time>
        <speed>0.57443</speed>
      </trkpt>
      <trkpt lat="29.2496152" lon="119.7200934">
        <ele>537.75</ele>
        <time>2026-06-15T05:49:39Z</time>
        <speed>0.59604836</speed>
      </trkpt>
      <trkpt lat="29.2497053" lon="119.7200726">
        <ele>541.0</ele>
        <time>2026-06-15T05:50:07Z</time>
        <speed>0.6253875</speed>
      </trkpt>
      <trkpt lat="29.2497908" lon="119.7200313">
        <ele>544.44</ele>
        <time>2026-06-15T05:50:21Z</time>
        <speed>0.6902425</speed>
      </trkpt>
      <trkpt lat="29.2498756" lon="119.7199919">
        <ele>546.83</ele>
        <time>2026-06-15T05:50:35Z</time>
        <speed>0.60582805</speed>
      </trkpt>
      <trkpt lat="29.249965" lon="119.7200067">
        <ele>549.05</ele>
        <time>2026-06-15T05:52:27Z</time>
        <speed>0.44317582</speed>
      </trkpt>
      <trkpt lat="29.2500533" lon="119.7200333">
        <ele>551.18</ele>
        <time>2026-06-15T05:52:55Z</time>
        <speed>0.84414446</speed>
      </trkpt>
      <trkpt lat="29.2500965" lon="119.7201291">
        <ele>551.92</ele>
        <time>2026-06-15T05:53:31Z</time>
        <speed>0.0</speed>
      </trkpt>
      <trkpt lat="29.2501215" lon="119.7202358">
        <ele>552.34</ele>
        <time>2026-06-15T05:53:41Z</time>
        <speed>0.9265</speed>
      </trkpt>
      <trkpt lat="29.2500915" lon="119.7203413">
        <ele>552.5</ele>
        <time>2026-06-15T05:53:53Z</time>
        <speed>0.0</speed>
      </trkpt>
      <trkpt lat="29.2500455" lon="119.7204476">
        <ele>552.37</ele>
        <time>2026-06-15T05:54:01Z</time>
        <speed>1.2569517</speed>
      </trkpt>
      <trkpt lat="29.2499523" lon="119.720488">
        <ele>553.03</ele>
        <time>2026-06-15T05:54:11Z</time>
        <speed>0.6881836</speed>
      </trkpt>
      <trkpt lat="29.2498525" lon="119.7205162">
        <ele>555.08</ele>
        <time>2026-06-15T05:54:21Z</time>
        <speed>0.88841057</speed>
      </trkpt>
      <trkpt lat="29.2497544" lon="119.7205493">
        <ele>557.37</ele>
        <time>2026-06-15T05:54:31Z</time>
        <speed>1.0206941</speed>
      </trkpt>
      <trkpt lat="29.2496822" lon="119.7206131">
        <ele>560.22</ele>
        <time>2026-06-15T05:54:45Z</time>
        <speed>0.74017054</speed>
      </trkpt>
      <trkpt lat="29.249617" lon="119.7207065">
        <ele>562.45</ele>
        <time>2026-06-15T05:54:59Z</time>
        <speed>0.7602447</speed>
      </trkpt>
      <trkpt lat="29.2495611" lon="119.7208171">
        <ele>565.57</ele>
        <time>2026-06-15T05:55:11Z</time>
        <speed>0.8601008</speed>
      </trkpt>
      <trkpt lat="29.2495191" lon="119.7209206">
        <ele>566.49</ele>
        <time>2026-06-15T05:55:25Z</time>
        <speed>0.3824386</speed>
      </trkpt>
      <trkpt lat="29.2495051" lon="119.7210405">
        <ele>565.24</ele>
        <time>2026-06-15T05:55:35Z</time>
        <speed>0.6933308</speed>
      </trkpt>
      <trkpt lat="29.2495739" lon="119.7211057">
        <ele>565.01</ele>
        <time>2026-06-15T05:55:45Z</time>
        <speed>0.79473114</speed>
      </trkpt>
      <trkpt lat="29.2496607" lon="119.7211783">
        <ele>565.39</ele>
        <time>2026-06-15T05:55:57Z</time>
        <speed>0.8652481</speed>
      </trkpt>
      <trkpt lat="29.2497598" lon="119.7212196">
        <ele>566.94</ele>
        <time>2026-06-15T05:56:09Z</time>
        <speed>0.8703953</speed>
      </trkpt>
      <trkpt lat="29.2498555" lon="119.7212704">
        <ele>569.03</ele>
        <time>2026-06-15T05:56:23Z</time>
        <speed>0.6933308</speed>
      </trkpt>
      <trkpt lat="29.2499334" lon="119.7213431">
        <ele>571.13</ele>
        <time>2026-06-15T05:56:33Z</time>
        <speed>0.7823778</speed>
      </trkpt>
      <trkpt lat="29.2499885" lon="119.7214406">
        <ele>572.71</ele>
        <time>2026-06-15T05:56:43Z</time>
        <speed>0.8966461</speed>
      </trkpt>
      <trkpt lat="29.250033" lon="119.7215414">
        <ele>574.25</ele>
        <time>2026-06-15T05:56:59Z</time>
        <speed>0.5018542</speed>
      </trkpt>
      <trkpt lat="29.2500538" lon="119.7216516">
        <ele>575.86</ele>
        <time>2026-06-15T05:57:07Z</time>
        <speed>0.7607595</speed>
      </trkpt>
      <trkpt lat="29.2500321" lon="119.721759">
        <ele>576.57</ele>
        <time>2026-06-15T05:57:17Z</time>
        <speed>0.73039085</speed>
      </trkpt>
      <trkpt lat="29.2499507" lon="119.721828">
        <ele>577.36</ele>
        <time>2026-06-15T05:57:27Z</time>
        <speed>0.7890692</speed>
      </trkpt>
      <trkpt lat="29.2498545" lon="119.7218687">
        <ele>578.24</ele>
        <time>2026-06-15T05:57:37Z</time>
        <speed>0.80451083</speed>
      </trkpt>
      <trkpt lat="29.2497542" lon="119.7218797">
        <ele>579.08</ele>
        <time>2026-06-15T05:57:48Z</time>
        <speed>0.6480353</speed>
      </trkpt>
      <trkpt lat="29.2496522" lon="119.7218673">
        <ele>579.82</ele>
        <time>2026-06-15T05:57:59Z</time>
        <speed>0.89973444</speed>
      </trkpt>
      <trkpt lat="29.2495567" lon="119.7218543">
        <ele>581.32</ele>
        <time>2026-06-15T05:58:09Z</time>
        <speed>0.75973</speed>
      </trkpt>
      <trkpt lat="29.2494547" lon="119.7218691">
        <ele>583.33</ele>
        <time>2026-06-15T05:58:19Z</time>
        <speed>0.93319136</speed>
      </trkpt>
      <trkpt lat="29.2493494" lon="119.7218805">
        <ele>585.3</ele>
        <time>2026-06-15T05:58:30Z</time>
        <speed>1.0417978</speed>
      </trkpt>
      <trkpt lat="29.2493235" lon="119.7219689">
        <ele>586.2</ele>
        <time>2026-06-15T05:58:43Z</time>
        <speed>0.80451083</speed>
      </trkpt>
      <trkpt lat="29.2493646" lon="119.7220677">
        <ele>584.61</ele>
        <time>2026-06-15T05:58:55Z</time>
        <speed>0.6387703</speed>
      </trkpt>
      <trkpt lat="29.2494474" lon="119.7221485">
        <ele>581.94</ele>
        <time>2026-06-15T05:59:07Z</time>
        <speed>0.7648772</speed>
      </trkpt>
      <trkpt lat="29.2495459" lon="119.7222198">
        <ele>579.13</ele>
        <time>2026-06-15T05:59:21Z</time>
        <speed>0.9053964</speed>
      </trkpt>
      <trkpt lat="29.2496371" lon="119.7222933">
        <ele>576.79</ele>
        <time>2026-06-15T05:59:31Z</time>
        <speed>0.9620158</speed>
      </trkpt>
      <trkpt lat="29.2497296" lon="119.7223379">
        <ele>574.47</ele>
        <time>2026-06-15T05:59:41Z</time>
        <speed>0.9661336</speed>
      </trkpt>
      <trkpt lat="29.2498208" lon="119.7223882">
        <ele>572.59</ele>
        <time>2026-06-15T05:59:53Z</time>
        <speed>0.9218675</speed>
      </trkpt>
      <trkpt lat="29.2499058" lon="119.7224434">
        <ele>571.43</ele>
        <time>2026-06-15T06:00:07Z</time>
        <speed>0.7849514</speed>
      </trkpt>
      <trkpt lat="29.2499642" lon="119.7225247">
        <ele>571.68</ele>
        <time>2026-06-15T06:00:17Z</time>
        <speed>0.8549536</speed>
      </trkpt>
      <trkpt lat="29.2500005" lon="119.7226356">
        <ele>572.42</ele>
        <time>2026-06-15T06:00:29Z</time>
        <speed>0.92238224</speed>
      </trkpt>
      <trkpt lat="29.2499902" lon="119.7227472">
        <ele>573.06</ele>
        <time>2026-06-15T06:00:39Z</time>
        <speed>0.96922195</speed>
      </trkpt>
      <trkpt lat="29.2499136" lon="119.7228077">
        <ele>574.06</ele>
        <time>2026-06-15T06:00:48Z</time>
        <speed>0.84826225</speed>
      </trkpt>
      <trkpt lat="29.2498564" lon="119.7228984">
        <ele>575.89</ele>
        <time>2026-06-15T06:00:55Z</time>
        <speed>0.9553245</speed>
      </trkpt>
      <trkpt lat="29.2497705" lon="119.7229259">
        <ele>576.92</ele>
        <time>2026-06-15T06:01:09Z</time>
        <speed>0.27640584</speed>
      </trkpt>
      <trkpt lat="29.2496773" lon="119.7229435">
        <ele>576.83</ele>
        <time>2026-06-15T06:01:25Z</time>
        <speed>0.44420528</speed>
      </trkpt>
      <trkpt lat="29.2495865" lon="119.7229782">
        <ele>576.47</ele>
        <time>2026-06-15T06:01:35Z</time>
        <speed>0.7859808</speed>
      </trkpt>
      <trkpt lat="29.2495071" lon="119.7230476">
        <ele>577.26</ele>
        <time>2026-06-15T06:01:45Z</time>
        <speed>0.861645</speed>
      </trkpt>
      <trkpt lat="29.2494189" lon="119.7230849">
        <ele>578.95</ele>
        <time>2026-06-15T06:01:55Z</time>
        <speed>0.92547053</speed>
      </trkpt>
      <trkpt lat="29.2493286" lon="119.723075">
        <ele>580.69</ele>
        <time>2026-06-15T06:02:03Z</time>
        <speed>0.91157305</speed>
      </trkpt>
      <trkpt lat="29.2492391" lon="119.7230335">
        <ele>581.99</ele>
        <time>2026-06-15T06:02:15Z</time>
        <speed>0.9352503</speed>
      </trkpt>
      <trkpt lat="29.2491414" lon="119.7229923">
        <ele>582.81</ele>
        <time>2026-06-15T06:02:29Z</time>
        <speed>0.8106875</speed>
      </trkpt>
      <trkpt lat="29.2490409" lon="119.722982">
        <ele>583.75</ele>
        <time>2026-06-15T06:02:39Z</time>
        <speed>0.9033375</speed>
      </trkpt>
      <trkpt lat="29.2489386" lon="119.7230174">
        <ele>584.68</ele>
        <time>2026-06-15T06:02:53Z</time>
        <speed>0.58987164</speed>
      </trkpt>
      <trkpt lat="29.2488549" lon="119.723075">
        <ele>584.47</ele>
        <time>2026-06-15T06:03:03Z</time>
        <speed>0.639285</speed>
      </trkpt>
      <trkpt lat="29.2487758" lon="119.7231503">
        <ele>582.12</ele>
        <time>2026-06-15T06:03:11Z</time>
        <speed>0.6480353</speed>
      </trkpt>
      <trkpt lat="29.2487413" lon="119.7232569">
        <ele>578.8</ele>
        <time>2026-06-15T06:03:25Z</time>
        <speed>0.0</speed>
      </trkpt>
      <trkpt lat="29.2487675" lon="119.7233636">
        <ele>574.76</ele>
        <time>2026-06-15T06:03:31Z</time>
        <speed>0.0</speed>
      </trkpt>
      <trkpt lat="29.2488194" lon="119.723475">
        <ele>571.46</ele>
        <time>2026-06-15T06:03:41Z</time>
        <speed>0.9177497</speed>
      </trkpt>
      <trkpt lat="29.2488921" lon="119.7235864">
        <ele>569.07</ele>
        <time>2026-06-15T06:03:55Z</time>
        <speed>0.6130342</speed>
      </trkpt>
      <trkpt lat="29.2489421" lon="119.7236918">
        <ele>567.79</ele>
        <time>2026-06-15T06:04:05Z</time>
        <speed>0.7767158</speed>
      </trkpt>
      <trkpt lat="29.2489543" lon="119.7237981">
        <ele>567.49</ele>
        <time>2026-06-15T06:04:13Z</time>
        <speed>0.93061775</speed>
      </trkpt>
      <trkpt lat="29.2489197" lon="119.7238997">
        <ele>567.71</ele>
        <time>2026-06-15T06:04:21Z</time>
        <speed>0.8719394</speed>
      </trkpt>
      <trkpt lat="29.2488597" lon="119.7239921">
        <ele>568.83</ele>
        <time>2026-06-15T06:04:29Z</time>
        <speed>0.9630453</speed>
      </trkpt>
      <trkpt lat="29.2487527" lon="119.7240213">
        <ele>570.32</ele>
        <time>2026-06-15T06:04:42Z</time>
        <speed>0.8132611</speed>
      </trkpt>
      <trkpt lat="29.2486443" lon="119.7240154">
        <ele>572.59</ele>
        <time>2026-06-15T06:04:51Z</time>
        <speed>0.84054136</speed>
      </trkpt>
      <trkpt lat="29.2485459" lon="119.7240206">
        <ele>576.08</ele>
        <time>2026-06-15T06:04:59Z</time>
        <speed>0.8966461</speed>
      </trkpt>
      <trkpt lat="29.2484411" lon="119.7240526">
        <ele>579.19</ele>
        <time>2026-06-15T06:05:09Z</time>
        <speed>0.8940725</speed>
      </trkpt>
      <trkpt lat="29.2484134" lon="119.7241509">
        <ele>581.13</ele>
        <time>2026-06-15T06:05:23Z</time>
        <speed>0.75355333</speed>
      </trkpt>
      <trkpt lat="29.2484624" lon="119.7242402">
        <ele>579.74</ele>
        <time>2026-06-15T06:05:35Z</time>
        <speed>0.7700244</speed>
      </trkpt>
      <trkpt lat="29.2485529" lon="119.7243122">
        <ele>577.53</ele>
        <time>2026-06-15T06:05:45Z</time>
        <speed>0.9162056</speed>
      </trkpt>
      <trkpt lat="29.2486487" lon="119.7243725">
        <ele>575.62</ele>
        <time>2026-06-15T06:05:59Z</time>
        <speed>0.0</speed>
      </trkpt>
      <trkpt lat="29.2487395" lon="119.7244399">
        <ele>574.62</ele>
        <time>2026-06-15T06:06:09Z</time>
        <speed>0.9095142</speed>
      </trkpt>
      <trkpt lat="29.248799" lon="119.7245418">
        <ele>573.93</ele>
        <time>2026-06-15T06:06:19Z</time>
        <speed>0.9213528</speed>
      </trkpt>
      <trkpt lat="29.2488456" lon="119.7246414">
        <ele>573.83</ele>
        <time>2026-06-15T06:06:33Z</time>
        <speed>0.6140636</speed>
      </trkpt>
      <trkpt lat="29.2488922" lon="119.7247606">
        <ele>574.76</ele>
        <time>2026-06-15T06:06:55Z</time>
        <speed>0.0</speed>
      </trkpt>
      <trkpt lat="29.2488736" lon="119.7248775">
        <ele>575.34</ele>
        <time>2026-06-15T06:07:05Z</time>
        <speed>0.70053697</speed>
      </trkpt>
      <trkpt lat="29.2488281" lon="119.7249882">
        <ele>575.92</ele>
        <time>2026-06-15T06:07:15Z</time>
        <speed>1.0325328</speed>
      </trkpt>
      <trkpt lat="29.2487679" lon="119.7250871">
        <ele>576.0</ele>
        <time>2026-06-15T06:07:27Z</time>
        <speed>0.9167203</speed>
      </trkpt>
      <trkpt lat="29.248761" lon="119.725193">
        <ele>577.42</ele>
        <time>2026-06-15T06:07:41Z</time>
        <speed>0.82304084</speed>
      </trkpt>
      <trkpt lat="29.2487963" lon="119.7252959">
        <ele>578.49</ele>
        <time>2026-06-15T06:07:49Z</time>
        <speed>0.0</speed>
      </trkpt>
      <trkpt lat="29.2488818" lon="119.7253712">
        <ele>579.31</ele>
        <time>2026-06-15T06:08:01Z</time>
        <speed>0.81223166</speed>
      </trkpt>
      <trkpt lat="29.2489612" lon="119.725458">
        <ele>579.65</ele>
        <time>2026-06-15T06:08:15Z</time>
        <speed>0.8384825</speed>
      </trkpt>
      <trkpt lat="29.2490328" lon="119.7255404">
        <ele>580.06</ele>
        <time>2026-06-15T06:08:23Z</time>
        <speed>1.0155469</speed>
      </trkpt>
      <trkpt lat="29.2491259" lon="119.7255802">
        <ele>580.16</ele>
        <time>2026-06-15T06:08:33Z</time>
        <speed>0.9898108</speed>
      </trkpt>
      <trkpt lat="29.2492073" lon="119.7256461">
        <ele>578.72</ele>
        <time>2026-06-15T06:09:09Z</time>
        <speed>0.59604836</speed>
      </trkpt>
      <trkpt lat="29.2493018" lon="119.7256702">
        <ele>575.22</ele>
        <time>2026-06-15T06:09:21Z</time>
        <speed>0.5445761</speed>
      </trkpt>
      <trkpt lat="29.2494022" lon="119.7256451">
        <ele>573.32</ele>
        <time>2026-06-15T06:09:33Z</time>
        <speed>0.67943335</speed>
      </trkpt>
      <trkpt lat="29.2494713" lon="119.725568">
        <ele>572.15</ele>
        <time>2026-06-15T06:09:41Z</time>
        <speed>0.82973224</speed>
      </trkpt>
      <trkpt lat="29.2495495" lon="119.725492">
        <ele>571.7</ele>
        <time>2026-06-15T06:09:51Z</time>
        <speed>0.0</speed>
      </trkpt>
      <trkpt lat="29.2496374" lon="119.7254452">
        <ele>570.97</ele>
        <time>2026-06-15T06:10:05Z</time>
        <speed>0.47405916</speed>
      </trkpt>
      <trkpt lat="29.2497303" lon="119.7254591">
        <ele>570.81</ele>
        <time>2026-06-15T06:10:17Z</time>
        <speed>0.83642364</speed>
      </trkpt>
      <trkpt lat="29.2498234" lon="119.72551">
        <ele>570.33</ele>
        <time>2026-06-15T06:10:33Z</time>
        <speed>0.39273307</speed>
      </trkpt>
      <trkpt lat="29.2499272" lon="119.7255209">
        <ele>570.36</ele>
        <time>2026-06-15T06:10:43Z</time>
        <speed>0.87399834</speed>
      </trkpt>
      <trkpt lat="29.2500297" lon="119.7255408">
        <ele>570.59</ele>
        <time>2026-06-15T06:10:57Z</time>
        <speed>0.0</speed>
      </trkpt>
      <trkpt lat="29.250121" lon="119.7255855">
        <ele>572.19</ele>
        <time>2026-06-15T06:11:07Z</time>
        <speed>0.0</speed>
      </trkpt>
      <trkpt lat="29.2502167" lon="119.7255949">
        <ele>574.0</ele>
        <time>2026-06-15T06:11:19Z</time>
        <speed>0.0</speed>
      </trkpt>
      <trkpt lat="29.2503106" lon="119.7255862">
        <ele>574.99</ele>
        <time>2026-06-15T06:11:35Z</time>
        <speed>0.57803303</speed>
      </trkpt>
      <trkpt lat="29.2504063" lon="119.7256045">
        <ele>573.79</ele>
        <time>2026-06-15T06:11:49Z</time>
        <speed>0.43185195</speed>
      </trkpt>
      <trkpt lat="29.2504678" lon="119.725698">
        <ele>574.48</ele>
        <time>2026-06-15T06:12:09Z</time>
        <speed>0.54560554</speed>
      </trkpt>
      <trkpt lat="29.2504253" lon="119.7257821">
        <ele>575.61</ele>
        <time>2026-06-15T06:12:21Z</time>
        <speed>0.5564147</speed>
      </trkpt>
      <trkpt lat="29.250358" lon="119.7258809">
        <ele>578.44</ele>
        <time>2026-06-15T06:12:37Z</time>
        <speed>0.5203842</speed>
      </trkpt>
      <trkpt lat="29.2502632" lon="119.7259431">
        <ele>583.03</ele>
        <time>2026-06-15T06:12:49Z</time>
        <speed>0.70414</speed>
      </trkpt>
      <trkpt lat="29.2502058" lon="119.7260364">
        <ele>587.02</ele>
        <time>2026-06-15T06:13:01Z</time>
        <speed>0.5795772</speed>
      </trkpt>
      <trkpt lat="29.2501712" lon="119.7261447">
        <ele>590.36</ele>
        <time>2026-06-15T06:13:17Z</time>
        <speed>0.3911889</speed>
      </trkpt>
      <trkpt lat="29.25011" lon="119.7262335">
        <ele>592.87</ele>
        <time>2026-06-15T06:13:27Z</time>
        <speed>0.75355333</speed>
      </trkpt>
      <trkpt lat="29.2500204" lon="119.7262838">
        <ele>594.13</ele>
        <time>2026-06-15T06:13:49Z</time>
        <speed>0.6439175</speed>
      </trkpt>
      <trkpt lat="29.2499287" lon="119.7263427">
        <ele>594.16</ele>
        <time>2026-06-15T06:13:59Z</time>
        <speed>0.83539414</speed>
      </trkpt>
      <trkpt lat="29.2498759" lon="119.7264385">
        <ele>594.52</ele>
        <time>2026-06-15T06:14:15Z</time>
        <speed>0.5764889</speed>
      </trkpt>
      <trkpt lat="29.2498222" lon="119.7265321">
        <ele>594.0</ele>
        <time>2026-06-15T06:14:25Z</time>
        <speed>0.79781944</speed>
      </trkpt>
      <trkpt lat="29.2497741" lon="119.7266359">
        <ele>593.52</ele>
        <time>2026-06-15T06:14:35Z</time>
        <speed>1.043342</speed>
      </trkpt>
      <trkpt lat="29.2497899" lon="119.7267439">
        <ele>593.39</ele>
        <time>2026-06-15T06:14:49Z</time>
        <speed>0.60273975</speed>
      </trkpt>
      <trkpt lat="29.2498272" lon="119.7268474">
        <ele>593.31</ele>
        <time>2026-06-15T06:14:57Z</time>
        <speed>0.0</speed>
      </trkpt>
      <trkpt lat="29.2498458" lon="119.7269599">
        <ele>594.08</ele>
        <time>2026-06-15T06:15:17Z</time>
        <speed>0.0</speed>
      </trkpt>
      <trkpt lat="29.2497855" lon="119.7270216">
        <ele>595.98</ele>
        <time>2026-06-15T06:15:25Z</time>
        <speed>0.6120047</speed>
      </trkpt>
      <trkpt lat="29.2496895" lon="119.727063">
        <ele>597.24</ele>
        <time>2026-06-15T06:15:35Z</time>
        <speed>0.9712808</speed>
      </trkpt>
      <trkpt lat="29.2495856" lon="119.7271044">
        <ele>598.51</ele>
        <time>2026-06-15T06:15:45Z</time>
        <speed>1.0052525</speed>
      </trkpt>
      <trkpt lat="29.249513" lon="119.7271771">
        <ele>599.37</ele>
        <time>2026-06-15T06:15:55Z</time>
        <speed>0.9244411</speed>
      </trkpt>
      <trkpt lat="29.2495019" lon="119.7272813">
        <ele>600.89</ele>
        <time>2026-06-15T06:16:07Z</time>
        <speed>0.6742861</speed>
      </trkpt>
      <trkpt lat="29.2494854" lon="119.7273922">
        <ele>602.96</ele>
        <time>2026-06-15T06:16:19Z</time>
        <speed>0.8400267</speed>
      </trkpt>
      <trkpt lat="29.2494434" lon="119.7274895">
        <ele>604.74</ele>
        <time>2026-06-15T06:16:31Z</time>
        <speed>0.70722836</speed>
      </trkpt>
      <trkpt lat="29.2493779" lon="119.7275702">
        <ele>606.53</ele>
        <time>2026-06-15T06:17:01Z</time>
        <speed>0.79987836</speed>
      </trkpt>
      <trkpt lat="29.2492944" lon="119.7276197">
        <ele>605.66</ele>
        <time>2026-06-15T06:17:09Z</time>
        <speed>0.7298761</speed>
      </trkpt>
      <trkpt lat="29.2491946" lon="119.7275974">
        <ele>604.26</ele>
        <time>2026-06-15T06:17:21Z</time>
        <speed>1.0186353</speed>
      </trkpt>
      <trkpt lat="29.2490944" lon="119.7275672">
        <ele>603.24</ele>
        <time>2026-06-15T06:17:29Z</time>
        <speed>1.2904086</speed>
      </trkpt>
      <trkpt lat="29.2489985" lon="119.7275355">
        <ele>602.36</ele>
        <time>2026-06-15T06:17:41Z</time>
        <speed>0.8559831</speed>
      </trkpt>
      <trkpt lat="29.2489189" lon="119.7274551">
        <ele>602.08</ele>
        <time>2026-06-15T06:17:51Z</time>
        <speed>1.145257</speed>
      </trkpt>
      <trkpt lat="29.2488656" lon="119.7273498">
        <ele>601.66</ele>
        <time>2026-06-15T06:18:01Z</time>
        <speed>1.2198917</speed>
      </trkpt>
      <trkpt lat="29.2487974" lon="119.7272703">
        <ele>601.46</ele>
        <time>2026-06-15T06:18:11Z</time>
        <speed>1.09327</speed>
      </trkpt>
      <trkpt lat="29.2487006" lon="119.7272235">
        <ele>601.39</ele>
        <time>2026-06-15T06:18:21Z</time>
        <speed>1.071137</speed>
      </trkpt>
      <trkpt lat="29.2486008" lon="119.7272066">
        <ele>601.14</ele>
        <time>2026-06-15T06:18:35Z</time>
        <speed>0.61509305</speed>
      </trkpt>
      <trkpt lat="29.2485088" lon="119.7272403">
        <ele>598.37</ele>
        <time>2026-06-15T06:18:43Z</time>
        <speed>0.0</speed>
      </trkpt>
      <trkpt lat="29.2483994" lon="119.7272699">
        <ele>596.19</ele>
        <time>2026-06-15T06:18:51Z</time>
        <speed>1.0299592</speed>
      </trkpt>
      <trkpt lat="29.2483074" lon="119.7273152">
        <ele>595.03</ele>
        <time>2026-06-15T06:18:59Z</time>
        <speed>1.3022472</speed>
      </trkpt>
      <trkpt lat="29.2482704" lon="119.7274219">
        <ele>594.93</ele>
        <time>2026-06-15T06:19:09Z</time>
        <speed>0.8940725</speed>
      </trkpt>
      <trkpt lat="29.2482594" lon="119.7275417">
        <ele>595.35</ele>
        <time>2026-06-15T06:19:21Z</time>
        <speed>0.6295053</speed>
      </trkpt>
      <trkpt lat="29.248242" lon="119.7276518">
        <ele>596.83</ele>
        <time>2026-06-15T06:19:27Z</time>
        <speed>0.95069194</speed>
      </trkpt>
      <trkpt lat="29.2482205" lon="119.7277566">
        <ele>597.98</ele>
        <time>2026-06-15T06:19:35Z</time>
        <speed>1.1967292</speed>
      </trkpt>
      <trkpt lat="29.2481873" lon="119.7278634">
        <ele>598.5</ele>
        <time>2026-06-15T06:19:47Z</time>
        <speed>0.9501772</speed>
      </trkpt>
      <trkpt lat="29.2481294" lon="119.7279544">
        <ele>600.05</ele>
        <time>2026-06-15T06:20:01Z</time>
        <speed>0.0</speed>
      </trkpt>
      <trkpt lat="29.2480366" lon="119.7279993">
        <ele>601.97</ele>
        <time>2026-06-15T06:20:13Z</time>
        <speed>0.9429711</speed>
      </trkpt>
      <trkpt lat="29.2479375" lon="119.7280105">
        <ele>603.96</ele>
        <time>2026-06-15T06:20:23Z</time>
        <speed>0.9805458</speed>
      </trkpt>
      <trkpt lat="29.2478414" lon="119.7280098">
        <ele>605.31</ele>
        <time>2026-06-15T06:20:33Z</time>
        <speed>0.94245636</speed>
      </trkpt>
      <trkpt lat="29.2477445" lon="119.7280144">
        <ele>605.78</ele>
        <time>2026-06-15T06:20:41Z</time>
        <speed>0.9321619</speed>
      </trkpt>
      <trkpt lat="29.2476493" lon="119.7280097">
        <ele>605.23</ele>
        <time>2026-06-15T06:20:51Z</time>
        <speed>1.0392241</speed>
      </trkpt>
      <trkpt lat="29.2475564" lon="119.7280288">
        <ele>602.21</ele>
        <time>2026-06-15T06:21:03Z</time>
        <speed>1.0042231</speed>
      </trkpt>
      <trkpt lat="29.2475259" lon="119.7280402">
        <ele>597.99</ele>
        <time>2026-06-15T06:21:05Z</time>
        <speed>0.0</speed>
      </trkpt>
      <trkpt lat="29.247458" lon="119.7280667">
        <ele>595.07</ele>
        <time>2026-06-15T06:21:13Z</time>
        <speed>0.84414446</speed>
      </trkpt>
      <trkpt lat="29.2473755" lon="119.7281026">
        <ele>592.41</ele>
        <time>2026-06-15T06:21:21Z</time>
        <speed>0.99907583</speed>
      </trkpt>
      <trkpt lat="29.247308" lon="119.7281812">
        <ele>591.03</ele>
        <time>2026-06-15T06:21:31Z</time>
        <speed>0.94400054</speed>
      </trkpt>
      <trkpt lat="29.2472368" lon="119.7282781">
        <ele>590.37</ele>
        <time>2026-06-15T06:21:45Z</time>
        <speed>0.7957606</speed>
      </trkpt>
      <trkpt lat="29.2471452" lon="119.7283464">
        <ele>591.89</ele>
        <time>2026-06-15T06:21:59Z</time>
        <speed>0.80039304</speed>
      </trkpt>
      <trkpt lat="29.2470549" lon="119.7284055">
        <ele>595.21</ele>
        <time>2026-06-15T06:22:09Z</time>
        <speed>0.8678217</speed>
      </trkpt>
      <trkpt lat="29.2469586" lon="119.7284313">
        <ele>597.66</ele>
        <time>2026-06-15T06:22:19Z</time>
        <speed>0.8878958</speed>
      </trkpt>
      <trkpt lat="29.2468708" lon="119.728487">
        <ele>598.58</ele>
        <time>2026-06-15T06:22:29Z</time>
        <speed>1.0073113</speed>
      </trkpt>
      <trkpt lat="29.2468255" lon="119.7285833">
        <ele>597.73</ele>
        <time>2026-06-15T06:22:37Z</time>
        <speed>1.0268708</speed>
      </trkpt>
      <trkpt lat="29.2468093" lon="119.7286965">
        <ele>596.12</ele>
        <time>2026-06-15T06:22:49Z</time>
        <speed>0.8853222</speed>
      </trkpt>
      <trkpt lat="29.2468277" lon="119.728822">
        <ele>594.05</ele>
        <time>2026-06-15T06:22:59Z</time>
        <speed>0.0</speed>
      </trkpt>
      <trkpt lat="29.246822" lon="119.7289349">
        <ele>592.61</ele>
        <time>2026-06-15T06:23:07Z</time>
        <speed>0.95583916</speed>
      </trkpt>
      <trkpt lat="29.2468317" lon="119.72906">
        <ele>590.93</ele>
        <time>2026-06-15T06:23:15Z</time>
        <speed>1.1411391</speed>
      </trkpt>
      <trkpt lat="29.2468339" lon="119.7291805">
        <ele>588.68</ele>
        <time>2026-06-15T06:23:27Z</time>
        <speed>0.6989928</speed>
      </trkpt>
      <trkpt lat="29.2468186" lon="119.7292898">
        <ele>587.4</ele>
        <time>2026-06-15T06:23:39Z</time>
        <speed>0.0</speed>
      </trkpt>
      <trkpt lat="29.2467465" lon="119.7293584">
        <ele>588.26</ele>
        <time>2026-06-15T06:23:47Z</time>
        <speed>0.9486331</speed>
      </trkpt>
      <trkpt lat="29.2466672" lon="119.729429">
        <ele>590.77</ele>
        <time>2026-06-15T06:23:57Z</time>
        <speed>0.9985611</speed>
      </trkpt>
      <trkpt lat="29.2466038" lon="119.7295204">
        <ele>593.79</ele>
        <time>2026-06-15T06:24:07Z</time>
        <speed>1.028415</speed>
      </trkpt>
      <trkpt lat="29.2465321" lon="119.7296105">
        <ele>597.02</ele>
        <time>2026-06-15T06:24:17Z</time>
        <speed>0.9270147</speed>
      </trkpt>
      <trkpt lat="29.2464604" lon="119.7296822">
        <ele>600.37</ele>
        <time>2026-06-15T06:24:45Z</time>
        <speed>0.0</speed>
      </trkpt>
      <trkpt lat="29.2463955" lon="119.7297694">
        <ele>603.74</ele>
        <time>2026-06-15T06:25:01Z</time>
        <speed>0.0</speed>
      </trkpt>
      <trkpt lat="29.2463084" lon="119.7298132">
        <ele>605.05</ele>
        <time>2026-06-15T06:25:09Z</time>
        <speed>0.0</speed>
      </trkpt>
      <trkpt lat="29.2462042" lon="119.729832">
        <ele>605.33</ele>
        <time>2026-06-15T06:25:19Z</time>
        <speed>1.0299592</speed>
      </trkpt>
      <trkpt lat="29.2461012" lon="119.7298375">
        <ele>605.32</ele>
        <time>2026-06-15T06:25:31Z</time>
        <speed>0.88377804</speed>
      </trkpt>
      <trkpt lat="29.2460051" lon="119.7298482">
        <ele>605.27</ele>
        <time>2026-06-15T06:25:39Z</time>
        <speed>1.1478306</speed>
      </trkpt>
      <trkpt lat="29.2459348" lon="119.7299118">
        <ele>604.42</ele>
        <time>2026-06-15T06:25:47Z</time>
        <speed>0.9995906</speed>
      </trkpt>
      <trkpt lat="29.2458765" lon="119.7299992">
        <ele>602.73</ele>
        <time>2026-06-15T06:25:55Z</time>
        <speed>1.2126856</speed>
      </trkpt>
      <trkpt lat="29.2458162" lon="119.7300954">
        <ele>601.17</ele>
        <time>2026-06-15T06:26:05Z</time>
        <speed>1.2147444</speed>
      </trkpt>
      <trkpt lat="29.2458125" lon="119.7302122">
        <ele>599.38</ele>
        <time>2026-06-15T06:26:17Z</time>
        <speed>0.82612914</speed>
      </trkpt>
      <trkpt lat="29.2458528" lon="119.7303184">
        <ele>597.67</ele>
        <time>2026-06-15T06:26:25Z</time>
        <speed>0.77208334</speed>
      </trkpt>
      <trkpt lat="29.2458693" lon="119.7304298">
        <ele>595.83</ele>
        <time>2026-06-15T06:26:33Z</time>
        <speed>0.5631061</speed>
      </trkpt>
      <trkpt lat="29.2458479" lon="119.7305439">
        <ele>594.53</ele>
        <time>2026-06-15T06:26:43Z</time>
        <speed>0.61921084</speed>
      </trkpt>
      <trkpt lat="29.2457741" lon="119.7306384">
        <ele>594.0</ele>
        <time>2026-06-15T06:26:49Z</time>
        <speed>1.09327</speed>
      </trkpt>
      <trkpt lat="29.2457253" lon="119.7306739">
        <ele>594.04</ele>
        <time>2026-06-15T06:26:51Z</time>
        <speed>0.0</speed>
      </trkpt>
      <trkpt lat="29.2456305" lon="119.7306936">
        <ele>594.15</ele>
        <time>2026-06-15T06:26:59Z</time>
        <speed>1.1982733</speed>
      </trkpt>
      <trkpt lat="29.2455382" lon="119.7307514">
        <ele>594.99</ele>
        <time>2026-06-15T06:27:09Z</time>
        <speed>0.8729689</speed>
      </trkpt>
      <trkpt lat="29.2454423" lon="119.7308096">
        <ele>596.5</ele>
        <time>2026-06-15T06:27:17Z</time>
        <speed>0.972825</speed>
      </trkpt>
      <trkpt lat="29.2453751" lon="119.7308937">
        <ele>598.87</ele>
        <time>2026-06-15T06:27:47Z</time>
        <speed>0.58060664</speed>
      </trkpt>
      <trkpt lat="29.2452969" lon="119.7309455">
        <ele>597.76</ele>
        <time>2026-06-15T06:27:57Z</time>
        <speed>0.954295</speed>
      </trkpt>
      <trkpt lat="29.2452072" lon="119.7309928">
        <ele>597.13</ele>
        <time>2026-06-15T06:28:09Z</time>
        <speed>0.98569304</speed>
      </trkpt>
      <trkpt lat="29.2451485" lon="119.7310794">
        <ele>598.24</ele>
        <time>2026-06-15T06:28:21Z</time>
        <speed>0.87399834</speed>
      </trkpt>
      <trkpt lat="29.2450867" lon="119.7311723">
        <ele>600.03</ele>
        <time>2026-06-15T06:28:29Z</time>
        <speed>1.1658459</speed>
      </trkpt>
      <trkpt lat="29.24509" lon="119.7312882">
        <ele>601.22</ele>
        <time>2026-06-15T06:28:47Z</time>
        <speed>0.5790625</speed>
      </trkpt>
      <trkpt lat="29.2451642" lon="119.7313638">
        <ele>602.03</ele>
        <time>2026-06-15T06:29:25Z</time>
        <speed>0.36390862</speed>
      </trkpt>
      <trkpt lat="29.2451264" lon="119.7314026">
        <ele>603.44</ele>
        <time>2026-06-15T06:30:00Z</time>
        <speed>1.1092263</speed>
      </trkpt>
      <trkpt lat="29.2451018" lon="119.7313691">
        <ele>604.5</ele>
        <time>2026-06-15T06:30:09Z</time>
        <speed>0.0</speed>
      </trkpt>
      <trkpt lat="29.2451728" lon="119.7313643">
        <ele>603.68</ele>
        <time>2026-06-15T06:30:23Z</time>
        <speed>0.53067863</speed>
      </trkpt>
      <trkpt lat="29.2452783" lon="119.7313579">
        <ele>604.12</ele>
        <time>2026-06-15T06:30:37Z</time>
        <speed>0.82612914</speed>
      </trkpt>
      <trkpt lat="29.245379" lon="119.7313234">
        <ele>605.27</ele>
        <time>2026-06-15T06:30:47Z</time>
        <speed>0.82149667</speed>
      </trkpt>
      <trkpt lat="29.2454937" lon="119.7313245">
        <ele>605.54</ele>
        <time>2026-06-15T06:30:55Z</time>
        <speed>0.8693658</speed>
      </trkpt>
      <trkpt lat="29.2455951" lon="119.731358">
        <ele>604.32</ele>
        <time>2026-06-15T06:31:03Z</time>
        <speed>0.843115</speed>
      </trkpt>
      <trkpt lat="29.2456747" lon="119.7314275">
        <ele>603.54</ele>
        <time>2026-06-15T06:31:15Z</time>
        <speed>0.7571564</speed>
      </trkpt>
      <trkpt lat="29.2457611" lon="119.7314853">
        <ele>602.14</ele>
        <time>2026-06-15T06:31:29Z</time>
        <speed>0.48589778</speed>
      </trkpt>
      <trkpt lat="29.2458649" lon="119.7314957">
        <ele>600.88</ele>
        <time>2026-06-15T06:31:51Z</time>
        <speed>0.47148556</speed>
      </trkpt>
      <trkpt lat="29.2459664" lon="119.7314563">
        <ele>599.08</ele>
        <time>2026-06-15T06:32:03Z</time>
        <speed>0.7509797</speed>
      </trkpt>
      <trkpt lat="29.2460549" lon="119.7313846">
        <ele>597.28</ele>
        <time>2026-06-15T06:32:11Z</time>
        <speed>0.9239264</speed>
      </trkpt>
      <trkpt lat="29.2461409" lon="119.7313249">
        <ele>596.13</ele>
        <time>2026-06-15T06:32:17Z</time>
        <speed>1.1524631</speed>
      </trkpt>
      <trkpt lat="29.2462353" lon="119.7313322">
        <ele>595.9</ele>
        <time>2026-06-15T06:32:27Z</time>
        <speed>1.0047377</speed>
      </trkpt>
      <trkpt lat="29.2463331" lon="119.7313478">
        <ele>596.2</ele>
        <time>2026-06-15T06:32:37Z</time>
        <speed>0.8343647</speed>
      </trkpt>
      <trkpt lat="29.2464357" lon="119.7313735">
        <ele>596.29</ele>
        <time>2026-06-15T06:32:47Z</time>
        <speed>0.87914556</speed>
      </trkpt>
      <trkpt lat="29.2465348" lon="119.7313934">
        <ele>596.21</ele>
        <time>2026-06-15T06:32:55Z</time>
        <speed>1.0577542</speed>
      </trkpt>
      <trkpt lat="29.2466259" lon="119.7313807">
        <ele>596.59</ele>
        <time>2026-06-15T06:33:11Z</time>
        <speed>0.63516724</speed>
      </trkpt>
      <trkpt lat="29.2466727" lon="119.7313005">
        <ele>598.57</ele>
        <time>2026-06-15T06:33:23Z</time>
        <speed>0.55332637</speed>
      </trkpt>
      <trkpt lat="29.2466924" lon="119.7311946">
        <ele>599.79</ele>
        <time>2026-06-15T06:33:31Z</time>
        <speed>0.95583916</speed>
      </trkpt>
      <trkpt lat="29.246735" lon="119.7310738">
        <ele>601.43</ele>
        <time>2026-06-15T06:33:49Z</time>
        <speed>0.88944</speed>
      </trkpt>
      <trkpt lat="29.2467726" lon="119.7309613">
        <ele>602.96</ele>
        <time>2026-06-15T06:33:59Z</time>
        <speed>1.0294445</speed>
      </trkpt>
      <trkpt lat="29.2468561" lon="119.7308885">
        <ele>603.28</ele>
        <time>2026-06-15T06:34:11Z</time>
        <speed>0.72627306</speed>
      </trkpt>
      <trkpt lat="29.2469319" lon="119.7308075">
        <ele>603.25</ele>
        <time>2026-06-15T06:34:19Z</time>
        <speed>0.94605947</speed>
      </trkpt>
      <trkpt lat="29.2470113" lon="119.7307194">
        <ele>603.66</ele>
        <time>2026-06-15T06:34:29Z</time>
        <speed>0.98517835</speed>
      </trkpt>
      <trkpt lat="29.2470674" lon="119.7306195">
        <ele>604.71</ele>
        <time>2026-06-15T06:34:41Z</time>
        <speed>0.9620158</speed>
      </trkpt>
      <trkpt lat="29.2471457" lon="119.7305304">
        <ele>604.45</ele>
        <time>2026-06-15T06:34:53Z</time>
        <speed>0.99444336</speed>
      </trkpt>
      <trkpt lat="29.2472356" lon="119.7304636">
        <ele>603.65</ele>
        <time>2026-06-15T06:35:01Z</time>
        <speed>1.0773137</speed>
      </trkpt>
      <trkpt lat="29.2473339" lon="119.7304261">
        <ele>603.54</ele>
        <time>2026-06-15T06:35:09Z</time>
        <speed>1.1576103</speed>
      </trkpt>
      <trkpt lat="29.2474307" lon="119.7304141">
        <ele>603.96</ele>
        <time>2026-06-15T06:35:21Z</time>
        <speed>0.9120878</speed>
      </trkpt>
      <trkpt lat="29.2475345" lon="119.7304105">
        <ele>604.88</ele>
        <time>2026-06-15T06:35:31Z</time>
        <speed>0.68612474</speed>
      </trkpt>
      <trkpt lat="29.2476293" lon="119.7304048">
        <ele>604.97</ele>
        <time>2026-06-15T06:35:47Z</time>
        <speed>0.5795772</speed>
      </trkpt>
      <trkpt lat="29.2477189" lon="119.7303902">
        <ele>604.6</ele>
        <time>2026-06-15T06:35:55Z</time>
        <speed>0.75200915</speed>
      </trkpt>
      <trkpt lat="29.247813" lon="119.7303852">
        <ele>604.64</ele>
        <time>2026-06-15T06:36:09Z</time>
        <speed>0.9403975</speed>
      </trkpt>
      <trkpt lat="29.2478666" lon="119.7304602">
        <ele>605.79</ele>
        <time>2026-06-15T06:36:31Z</time>
        <speed>0.5044278</speed>
      </trkpt>
      <trkpt lat="29.247874" lon="119.7305752">
        <ele>607.77</ele>
        <time>2026-06-15T06:36:43Z</time>
        <speed>0.7957606</speed>
      </trkpt>
      <trkpt lat="29.2478454" lon="119.7306963">
        <ele>609.76</ele>
        <time>2026-06-15T06:36:57Z</time>
        <speed>0.69538975</speed>
      </trkpt>
      <trkpt lat="29.2477899" lon="119.7308051">
        <ele>612.02</ele>
        <time>2026-06-15T06:37:29Z</time>
        <speed>0.23883112</speed>
      </trkpt>
      <trkpt lat="29.2477447" lon="119.730914">
        <ele>612.44</ele>
        <time>2026-06-15T06:37:41Z</time>
        <speed>0.8039961</speed>
      </trkpt>
      <trkpt lat="29.2477607" lon="119.7310222">
        <ele>612.25</ele>
        <time>2026-06-15T06:37:51Z</time>
        <speed>0.95583916</speed>
      </trkpt>
      <trkpt lat="29.2478066" lon="119.7311158">
        <ele>611.54</ele>
        <time>2026-06-15T06:38:01Z</time>
        <speed>0.9687072</speed>
      </trkpt>
      <trkpt lat="29.2478746" lon="119.7311978">
        <ele>609.37</ele>
        <time>2026-06-15T06:38:11Z</time>
        <speed>0.9429711</speed>
      </trkpt>
      <trkpt lat="29.2479489" lon="119.7312673">
        <ele>605.94</ele>
        <time>2026-06-15T06:38:23Z</time>
        <speed>0.8961314</speed>
      </trkpt>
      <trkpt lat="29.2480514" lon="119.7312933">
        <ele>602.4</ele>
        <time>2026-06-15T06:38:47Z</time>
        <speed>0.40868944</speed>
      </trkpt>
      <trkpt lat="29.2481562" lon="119.7312946">
        <ele>599.73</ele>
        <time>2026-06-15T06:39:01Z</time>
        <speed>0.5121486</speed>
      </trkpt>
      <trkpt lat="29.2482529" lon="119.7313337">
        <ele>597.91</ele>
        <time>2026-06-15T06:39:11Z</time>
        <speed>0.861645</speed>
      </trkpt>
      <trkpt lat="29.2483115" lon="119.7314121">
        <ele>596.4</ele>
        <time>2026-06-15T06:39:21Z</time>
        <speed>0.6737714</speed>
      </trkpt>
      <trkpt lat="29.2483421" lon="119.7315106">
        <ele>594.68</ele>
        <time>2026-06-15T06:40:05Z</time>
        <speed>0.24449305</speed>
      </trkpt>
      <trkpt lat="29.2483255" lon="119.7316303">
        <ele>595.81</ele>
        <time>2026-06-15T06:40:15Z</time>
        <speed>1.1658459</speed>
      </trkpt>
      <trkpt lat="29.2482816" lon="119.7317367">
        <ele>596.15</ele>
        <time>2026-06-15T06:40:23Z</time>
        <speed>1.0484892</speed>
      </trkpt>
      <trkpt lat="29.2482243" lon="119.7318569">
        <ele>595.78</ele>
        <time>2026-06-15T06:40:31Z</time>
        <speed>1.3717347</speed>
      </trkpt>
      <trkpt lat="29.2482044" lon="119.731973">
        <ele>595.49</ele>
        <time>2026-06-15T06:40:43Z</time>
        <speed>0.8276733</speed>
      </trkpt>
      <trkpt lat="29.2481633" lon="119.7320802">
        <ele>594.76</ele>
        <time>2026-06-15T06:41:21Z</time>
        <speed>0.89921975</speed>
      </trkpt>
      <trkpt lat="29.2481288" lon="119.7321801">
        <ele>594.39</ele>
        <time>2026-06-15T06:41:31Z</time>
        <speed>0.99341387</speed>
      </trkpt>
      <trkpt lat="29.2481125" lon="119.7323001">
        <ele>594.61</ele>
        <time>2026-06-15T06:41:49Z</time>
        <speed>0.78855443</speed>
      </trkpt>
      <trkpt lat="29.2481544" lon="119.7323943">
        <ele>592.54</ele>
        <time>2026-06-15T06:42:01Z</time>
        <speed>0.96253055</speed>
      </trkpt>
      <trkpt lat="29.248249" lon="119.7324357">
        <ele>590.2</ele>
        <time>2026-06-15T06:42:11Z</time>
        <speed>1.1318742</speed>
      </trkpt>
      <trkpt lat="29.248348" lon="119.7324712">
        <ele>587.62</ele>
        <time>2026-06-15T06:42:19Z</time>
        <speed>1.18592</speed>
      </trkpt>
      <trkpt lat="29.2484037" lon="119.7325056">
        <ele>586.66</ele>
        <time>2026-06-15T06:42:42Z</time>
        <speed>0.0</speed>
      </trkpt>
      <trkpt lat="29.2484945" lon="119.7325053">
        <ele>585.09</ele>
        <time>2026-06-15T06:43:08Z</time>
        <speed>1.4319572</speed>
      </trkpt>
      <trkpt lat="29.2485891" lon="119.7324698">
        <ele>583.85</ele>
        <time>2026-06-15T06:43:21Z</time>
        <speed>0.9553245</speed>
      </trkpt>
      <trkpt lat="29.2486848" lon="119.7324214">
        <ele>582.75</ele>
        <time>2026-06-15T06:43:39Z</time>
        <speed>0.8050256</speed>
      </trkpt>
      <trkpt lat="29.2487825" lon="119.732423">
        <ele>581.65</ele>
        <time>2026-06-15T06:43:53Z</time>
        <speed>0.7113461</speed>
      </trkpt>
      <trkpt lat="29.248869" lon="119.732459">
        <ele>579.52</ele>
        <time>2026-06-15T06:44:08Z</time>
        <speed>0.7092872</speed>
      </trkpt>
      <trkpt lat="29.248936" lon="119.7325525">
        <ele>577.32</ele>
        <time>2026-06-15T06:44:20Z</time>
        <speed>0.75973</speed>
      </trkpt>
      <trkpt lat="29.2490038" lon="119.7326518">
        <ele>575.46</ele>
        <time>2026-06-15T06:44:32Z</time>
        <speed>0.8878958</speed>
      </trkpt>
      <trkpt lat="29.2490506" lon="119.73276">
        <ele>573.89</ele>
        <time>2026-06-15T06:44:41Z</time>
        <speed>1.0088556</speed>
      </trkpt>
      <trkpt lat="29.2490641" lon="119.7328824">
        <ele>573.81</ele>
        <time>2026-06-15T06:44:52Z</time>
        <speed>1.0454009</speed>
      </trkpt>
      <trkpt lat="29.2490632" lon="119.7330069">
        <ele>574.88</ele>
        <time>2026-06-15T06:44:59Z</time>
        <speed>1.5874033</speed>
      </trkpt>
      <trkpt lat="29.2490395" lon="119.7331227">
        <ele>575.53</ele>
        <time>2026-06-15T06:45:09Z</time>
        <speed>1.3336452</speed>
      </trkpt>
      <trkpt lat="29.2490097" lon="119.7332357">
        <ele>574.83</ele>
        <time>2026-06-15T06:45:19Z</time>
        <speed>1.2126856</speed>
      </trkpt>
      <trkpt lat="29.2490051" lon="119.7333424">
        <ele>572.88</ele>
        <time>2026-06-15T06:45:29Z</time>
        <speed>0.97333974</speed>
      </trkpt>
      <trkpt lat="29.2490014" lon="119.7334583">
        <ele>570.78</ele>
        <time>2026-06-15T06:45:43Z</time>
        <speed>0.7823778</speed>
      </trkpt>
      <trkpt lat="29.2489836" lon="119.7335741">
        <ele>569.93</ele>
        <time>2026-06-15T06:45:51Z</time>
        <speed>1.5364459</speed>
      </trkpt>
      <trkpt lat="29.2489729" lon="119.7336245">
        <ele>569.01</ele>
        <time>2026-06-15T06:46:05Z</time>
        <speed>0.0</speed>
      </trkpt>
      <trkpt lat="29.2489033" lon="119.7336783">
        <ele>568.53</ele>
        <time>2026-06-15T06:47:11Z</time>
        <speed>0.0</speed>
      </trkpt>
      <trkpt lat="29.248925" lon="119.733795">
        <ele>567.53</ele>
        <time>2026-06-15T06:47:35Z</time>
        <speed>0.0</speed>
      </trkpt>
      <trkpt lat="29.2489833" lon="119.7338863">
        <ele>565.75</ele>
        <time>2026-06-15T06:47:45Z</time>
        <speed>0.9738544</speed>
      </trkpt>
      <trkpt lat="29.2490301" lon="119.7339808">
        <ele>563.54</ele>
        <time>2026-06-15T06:48:01Z</time>
        <speed>0.972825</speed>
      </trkpt>
      <trkpt lat="29.2490886" lon="119.7340674">
        <ele>560.34</ele>
        <time>2026-06-15T06:48:21Z</time>
        <speed>0.6212697</speed>
      </trkpt>
      <trkpt lat="29.2491598" lon="119.7341389">
        <ele>555.85</ele>
        <time>2026-06-15T06:48:37Z</time>
        <speed>0.64082915</speed>
      </trkpt>
      <trkpt lat="29.2492413" lon="119.734193">
        <ele>550.75</ele>
        <time>2026-06-15T06:48:49Z</time>
        <speed>0.81634945</speed>
      </trkpt>
      <trkpt lat="29.2493292" lon="119.7342581">
        <ele>546.04</ele>
        <time>2026-06-15T06:49:03Z</time>
        <speed>0.59296</speed>
      </trkpt>
      <trkpt lat="29.2493881" lon="119.7343414">
        <ele>542.84</ele>
        <time>2026-06-15T06:49:13Z</time>
        <speed>0.8518653</speed>
      </trkpt>
      <trkpt lat="29.2494731" lon="119.7343953">
        <ele>540.28</ele>
        <time>2026-06-15T06:49:29Z</time>
        <speed>0.7808336</speed>
      </trkpt>
      <trkpt lat="29.249565" lon="119.7344025">
        <ele>537.88</ele>
        <time>2026-06-15T06:49:47Z</time>
        <speed>0.85546833</speed>
      </trkpt>
      <trkpt lat="29.2496159" lon="119.7344777">
        <ele>535.74</ele>
        <time>2026-06-15T06:50:19Z</time>
        <speed>0.31861305</speed>
      </trkpt>
      <trkpt lat="29.2495583" lon="119.7345358">
        <ele>535.98</ele>
        <time>2026-06-15T06:50:49Z</time>
        <speed>0.83487946</speed>
      </trkpt>
      <trkpt lat="29.2495907" lon="119.7346044">
        <ele>536.12</ele>
        <time>2026-06-15T06:51:03Z</time>
        <speed>0.64288807</speed>
      </trkpt>
      <trkpt lat="29.2495927" lon="119.7347105">
        <ele>535.29</ele>
        <time>2026-06-15T06:51:33Z</time>
        <speed>0.0</speed>
      </trkpt>
      <trkpt lat="29.2495372" lon="119.7347946">
        <ele>532.41</ele>
        <time>2026-06-15T06:51:55Z</time>
        <speed>0.68355113</speed>
      </trkpt>
      <trkpt lat="29.2494818" lon="119.7348908">
        <ele>531.38</ele>
        <time>2026-06-15T06:52:05Z</time>
        <speed>0.8503211</speed>
      </trkpt>
      <trkpt lat="29.2493987" lon="119.73496">
        <ele>531.47</ele>
        <time>2026-06-15T06:52:15Z</time>
        <speed>0.9645894</speed>
      </trkpt>
      <trkpt lat="29.2492963" lon="119.7349323">
        <ele>531.79</ele>
        <time>2026-06-15T06:52:23Z</time>
        <speed>1.1236386</speed>
      </trkpt>
      <trkpt lat="29.2492105" lon="119.7348602">
        <ele>532.22</ele>
        <time>2026-06-15T06:52:33Z</time>
        <speed>0.9609864</speed>
      </trkpt>
      <trkpt lat="29.2491183" lon="119.7348217">
        <ele>532.6</ele>
        <time>2026-06-15T06:52:43Z</time>
        <speed>1.0366505</speed>
      </trkpt>
      <trkpt lat="29.2490191" lon="119.7347735">
        <ele>533.16</ele>
        <time>2026-06-15T06:52:53Z</time>
        <speed>1.0361358</speed>
      </trkpt>
      <trkpt lat="29.2489128" lon="119.7347415">
        <ele>532.92</ele>
        <time>2026-06-15T06:53:03Z</time>
        <speed>1.0706222</speed>
      </trkpt>
      <trkpt lat="29.248831" lon="119.7346729">
        <ele>533.08</ele>
        <time>2026-06-15T06:53:15Z</time>
        <speed>1.0392241</speed>
      </trkpt>
      <trkpt lat="29.2487375" lon="119.734613">
        <ele>534.04</ele>
        <time>2026-06-15T06:53:27Z</time>
        <speed>1.065475</speed>
      </trkpt>
      <trkpt lat="29.2486902" lon="119.7345432">
        <ele>534.54</ele>
        <time>2026-06-15T06:53:45Z</time>
        <speed>0.0</speed>
      </trkpt>
      <trkpt lat="29.2486097" lon="119.7344991">
        <ele>532.84</ele>
        <time>2026-06-15T06:53:59Z</time>
        <speed>0.88944</speed>
      </trkpt>
      <trkpt lat="29.2485298" lon="119.7344451">
        <ele>530.93</ele>
        <time>2026-06-15T06:54:09Z</time>
        <speed>1.0299592</speed>
      </trkpt>
      <trkpt lat="29.2484468" lon="119.7343941">
        <ele>529.37</ele>
        <time>2026-06-15T06:54:19Z</time>
        <speed>1.0253266</speed>
      </trkpt>
      <trkpt lat="29.2483554" lon="119.7343517">
        <ele>527.36</ele>
        <time>2026-06-15T06:54:33Z</time>
        <speed>0.7942164</speed>
      </trkpt>
      <trkpt lat="29.2482587" lon="119.7343198">
        <ele>524.54</ele>
        <time>2026-06-15T06:54:47Z</time>
        <speed>0.9362797</speed>
      </trkpt>
      <trkpt lat="29.2481858" lon="119.734246">
        <ele>520.78</ele>
        <time>2026-06-15T06:55:01Z</time>
        <speed>0.8729689</speed>
      </trkpt>
      <trkpt lat="29.2481259" lon="119.734165">
        <ele>516.23</ele>
        <time>2026-06-15T06:55:11Z</time>
        <speed>1.0577542</speed>
      </trkpt>
      <trkpt lat="29.2480873" lon="119.7340642">
        <ele>511.83</ele>
        <time>2026-06-15T06:55:27Z</time>
        <speed>0.69796336</speed>
      </trkpt>
      <trkpt lat="29.2480403" lon="119.7339677">
        <ele>507.73</ele>
        <time>2026-06-15T06:55:37Z</time>
        <speed>1.0351064</speed>
      </trkpt>
      <trkpt lat="29.2479708" lon="119.7338883">
        <ele>505.82</ele>
        <time>2026-06-15T06:55:49Z</time>
        <speed>0.0</speed>
      </trkpt>
      <trkpt lat="29.2478864" lon="119.733841">
        <ele>505.25</ele>
        <time>2026-06-15T06:55:59Z</time>
        <speed>0.9378239</speed>
      </trkpt>
      <trkpt lat="29.2477849" lon="119.7338148">
        <ele>505.4</ele>
        <time>2026-06-15T06:56:13Z</time>
        <speed>0.89304304</speed>
      </trkpt>
      <trkpt lat="29.2476861" lon="119.7338043">
        <ele>506.86</ele>
        <time>2026-06-15T06:56:21Z</time>
        <speed>0.92238224</speed>
      </trkpt>
      <trkpt lat="29.2476023" lon="119.7337622">
        <ele>508.9</ele>
        <time>2026-06-15T06:56:33Z</time>
        <speed>0.75973</speed>
      </trkpt>
      <trkpt lat="29.2475173" lon="119.7337892">
        <ele>509.29</ele>
        <time>2026-06-15T06:56:43Z</time>
        <speed>0.0</speed>
      </trkpt>
      <trkpt lat="29.2474427" lon="119.7338546">
        <ele>509.29</ele>
        <time>2026-06-15T06:57:03Z</time>
        <speed>0.47920638</speed>
      </trkpt>
      <trkpt lat="29.2473517" lon="119.733898">
        <ele>507.02</ele>
        <time>2026-06-15T06:57:23Z</time>
        <speed>0.5811214</speed>
      </trkpt>
      <trkpt lat="29.2472602" lon="119.7339144">
        <ele>504.64</ele>
        <time>2026-06-15T06:57:35Z</time>
        <speed>0.8750278</speed>
      </trkpt>
      <trkpt lat="29.2471692" lon="119.7338963">
        <ele>502.99</ele>
        <time>2026-06-15T06:57:51Z</time>
        <speed>0.74789137</speed>
      </trkpt>
      <trkpt lat="29.2470736" lon="119.7338754">
        <ele>502.82</ele>
        <time>2026-06-15T06:58:27Z</time>
        <speed>0.32581916</speed>
      </trkpt>
      <trkpt lat="29.2469903" lon="119.733817">
        <ele>499.41</ele>
        <time>2026-06-15T06:59:09Z</time>
        <speed>0.4771475</speed>
      </trkpt>
      <trkpt lat="29.2469118" lon="119.7337552">
        <ele>493.73</ele>
        <time>2026-06-15T06:59:27Z</time>
        <speed>0.768995</speed>
      </trkpt>
      <trkpt lat="29.2468283" lon="119.7337137">
        <ele>490.36</ele>
        <time>2026-06-15T06:59:37Z</time>
        <speed>1.1550367</speed>
      </trkpt>
      <trkpt lat="29.2467362" lon="119.7336863">
        <ele>488.1</ele>
        <time>2026-06-15T06:59:47Z</time>
        <speed>1.089667</speed>
      </trkpt>
      <trkpt lat="29.2466471" lon="119.7336488">
        <ele>486.68</ele>
        <time>2026-06-15T06:59:59Z</time>
        <speed>0.8626744</speed>
      </trkpt>
      <trkpt lat="29.2465685" lon="119.733578">
        <ele>485.31</ele>
        <time>2026-06-15T07:00:07Z</time>
        <speed>1.0906963</speed>
      </trkpt>
      <trkpt lat="29.2464874" lon="119.7335038">
        <ele>484.19</ele>
        <time>2026-06-15T07:00:15Z</time>
        <speed>0.99495804</speed>
      </trkpt>
      <trkpt lat="29.2463987" lon="119.7334315">
        <ele>482.77</ele>
        <time>2026-06-15T07:00:23Z</time>
        <speed>1.2003322</speed>
      </trkpt>
      <trkpt lat="29.2463697" lon="119.7333385">
        <ele>481.24</ele>
        <time>2026-06-15T07:00:35Z</time>
        <speed>0.0</speed>
      </trkpt>
      <trkpt lat="29.2462889" lon="119.7333086">
        <ele>480.45</ele>
        <time>2026-06-15T07:01:03Z</time>
        <speed>0.9033375</speed>
      </trkpt>
      <trkpt lat="29.2461999" lon="119.7333483">
        <ele>478.32</ele>
        <time>2026-06-15T07:01:15Z</time>
        <speed>1.0340769</speed>
      </trkpt>
      <trkpt lat="29.2461579" lon="119.7334445">
        <ele>476.29</ele>
        <time>2026-06-15T07:01:29Z</time>
        <speed>0.73450863</speed>
      </trkpt>
      <trkpt lat="29.2460741" lon="119.7334909">
        <ele>475.09</ele>
        <time>2026-06-15T07:02:03Z</time>
        <speed>0.7123756</speed>
      </trkpt>
      <trkpt lat="29.2459818" lon="119.7335409">
        <ele>469.63</ele>
        <time>2026-06-15T07:02:13Z</time>
        <speed>0.6480353</speed>
      </trkpt>
      <trkpt lat="29.2458938" lon="119.7335041">
        <ele>466.18</ele>
        <time>2026-06-15T07:02:19Z</time>
        <speed>1.6460817</speed>
      </trkpt>
      <trkpt lat="29.2458223" lon="119.7335504">
        <ele>463.82</ele>
        <time>2026-06-15T07:02:41Z</time>
        <speed>0.8760572</speed>
      </trkpt>
      <trkpt lat="29.2457573" lon="119.7336216">
        <ele>460.59</ele>
        <time>2026-06-15T07:02:51Z</time>
        <speed>0.9589275</speed>
      </trkpt>
      <trkpt lat="29.2456976" lon="119.7337059">
        <ele>458.23</ele>
        <time>2026-06-15T07:03:07Z</time>
        <speed>0.70414</speed>
      </trkpt>
      <trkpt lat="29.2456491" lon="119.7337977">
        <ele>455.46</ele>
        <time>2026-06-15T07:03:19Z</time>
        <speed>0.6439175</speed>
      </trkpt>
      <trkpt lat="29.2455703" lon="119.7338712">
        <ele>452.68</ele>
        <time>2026-06-15T07:03:31Z</time>
        <speed>0.96407473</speed>
      </trkpt>
      <trkpt lat="29.2454818" lon="119.7339304">
        <ele>448.9</ele>
        <time>2026-06-15T07:03:43Z</time>
        <speed>0.6624475</speed>
      </trkpt>
      <trkpt lat="29.2454074" lon="119.7339971">
        <ele>446.06</ele>
        <time>2026-06-15T07:04:13Z</time>
        <speed>0.36493805</speed>
      </trkpt>
      <trkpt lat="29.2453216" lon="119.734031">
        <ele>446.34</ele>
        <time>2026-06-15T07:04:31Z</time>
        <speed>0.5852392</speed>
      </trkpt>
      <trkpt lat="29.245229" lon="119.7340832">
        <ele>445.81</ele>
        <time>2026-06-15T07:04:47Z</time>
        <speed>0.59604836</speed>
      </trkpt>
      <trkpt lat="29.2451319" lon="119.7341025">
        <ele>444.68</ele>
        <time>2026-06-15T07:04:59Z</time>
        <speed>0.6521531</speed>
      </trkpt>
      <trkpt lat="29.2450326" lon="119.734136">
        <ele>443.06</ele>
        <time>2026-06-15T07:05:14Z</time>
        <speed>0.47405916</speed>
      </trkpt>
      <trkpt lat="29.2449344" lon="119.7341653">
        <ele>440.71</ele>
        <time>2026-06-15T07:05:31Z</time>
        <speed>0.43957278</speed>
      </trkpt>
      <trkpt lat="29.2448482" lon="119.734222">
        <ele>436.15</ele>
        <time>2026-06-15T07:05:50Z</time>
        <speed>0.45295554</speed>
      </trkpt>
      <trkpt lat="29.2447704" lon="119.734289">
        <ele>432.81</ele>
        <time>2026-06-15T07:06:02Z</time>
        <speed>0.62899053</speed>
      </trkpt>
      <trkpt lat="29.244675" lon="119.7343196">
        <ele>430.61</ele>
        <time>2026-06-15T07:06:12Z</time>
        <speed>0.85340947</speed>
      </trkpt>
      <trkpt lat="29.2446101" lon="119.7343883">
        <ele>428.97</ele>
        <time>2026-06-15T07:06:24Z</time>
        <speed>0.0</speed>
      </trkpt>
      <trkpt lat="29.2445342" lon="119.7344446">
        <ele>427.65</ele>
        <time>2026-06-15T07:06:48Z</time>
        <speed>0.6511236</speed>
      </trkpt>
      <trkpt lat="29.2444593" lon="119.7345039">
        <ele>426.51</ele>
        <time>2026-06-15T07:06:58Z</time>
        <speed>0.87399834</speed>
      </trkpt>
      <trkpt lat="29.2444384" lon="119.7346029">
        <ele>426.89</ele>
        <time>2026-06-15T07:07:22Z</time>
        <speed>0.46016166</speed>
      </trkpt>
      <trkpt lat="29.2443645" lon="119.7346399">
        <ele>427.46</ele>
        <time>2026-06-15T07:08:20Z</time>
        <speed>0.6197256</speed>
      </trkpt>
      <trkpt lat="29.2443258" lon="119.734563">
        <ele>424.51</ele>
        <time>2026-06-15T07:08:36Z</time>
        <speed>0.70774305</speed>
      </trkpt>
      <trkpt lat="29.2443589" lon="119.7346171">
        <ele>421.62</ele>
        <time>2026-06-15T07:08:52Z</time>
        <speed>0.5661944</speed>
      </trkpt>
      <trkpt lat="29.2443118" lon="119.7346712">
        <ele>419.63</ele>
        <time>2026-06-15T07:09:00Z</time>
        <speed>0.69590443</speed>
      </trkpt>
      <trkpt lat="29.2442321" lon="119.7347159">
        <ele>418.54</ele>
        <time>2026-06-15T07:09:06Z</time>
        <speed>0.7957606</speed>
      </trkpt>
      <trkpt lat="29.2441286" lon="119.7347392">
        <ele>417.97</ele>
        <time>2026-06-15T07:09:18Z</time>
        <speed>0.0</speed>
      </trkpt>
      <trkpt lat="29.2440192" lon="119.7347942">
        <ele>418.63</ele>
        <time>2026-06-15T07:09:26Z</time>
        <speed>1.0860639</speed>
      </trkpt>
      <trkpt lat="29.2439243" lon="119.7347767">
        <ele>419.04</ele>
        <time>2026-06-15T07:09:32Z</time>
        <speed>1.2487161</speed>
      </trkpt>
      <trkpt lat="29.2438866" lon="119.7347165">
        <ele>419.07</ele>
        <time>2026-06-15T07:09:46Z</time>
        <speed>0.0</speed>
      </trkpt>
      <trkpt lat="29.2438061" lon="119.7347028">
        <ele>417.71</ele>
        <time>2026-06-15T07:10:16Z</time>
        <speed>0.6773744</speed>
      </trkpt>
      <trkpt lat="29.2437444" lon="119.7347628">
        <ele>420.46</ele>
        <time>2026-06-15T07:10:26Z</time>
        <speed>0.91569084</speed>
      </trkpt>
      <trkpt lat="29.2436503" lon="119.7347829">
        <ele>421.77</ele>
        <time>2026-06-15T07:10:36Z</time>
        <speed>1.1900377</speed>
      </trkpt>
      <trkpt lat="29.2435512" lon="119.7348119">
        <ele>421.61</ele>
        <time>2026-06-15T07:10:52Z</time>
        <speed>0.5471497</speed>
      </trkpt>
      <trkpt lat="29.2434518" lon="119.7348189">
        <ele>419.28</ele>
        <time>2026-06-15T07:11:00Z</time>
        <speed>0.935765</speed>
      </trkpt>
      <trkpt lat="29.2433494" lon="119.734825">
        <ele>416.75</ele>
        <time>2026-06-15T07:11:14Z</time>
        <speed>0.69693387</speed>
      </trkpt>
      <trkpt lat="29.2432554" lon="119.7348441">
        <ele>412.69</ele>
        <time>2026-06-15T07:11:22Z</time>
        <speed>0.88944</speed>
      </trkpt>
      <trkpt lat="29.2431598" lon="119.7348911">
        <ele>408.65</ele>
        <time>2026-06-15T07:11:34Z</time>
        <speed>0.7417147</speed>
      </trkpt>
      <trkpt lat="29.2430647" lon="119.7348977">
        <ele>405.32</ele>
        <time>2026-06-15T07:11:44Z</time>
        <speed>0.9270147</speed>
      </trkpt>
      <trkpt lat="29.2429698" lon="119.7348741">
        <ele>403.85</ele>
        <time>2026-06-15T07:11:52Z</time>
        <speed>0.83899724</speed>
      </trkpt>
      <trkpt lat="29.2428624" lon="119.7349221">
        <ele>402.79</ele>
        <time>2026-06-15T07:12:04Z</time>
        <speed>0.917235</speed>
      </trkpt>
      <trkpt lat="29.2427666" lon="119.7349598">
        <ele>402.67</ele>
        <time>2026-06-15T07:12:16Z</time>
        <speed>0.57494473</speed>
      </trkpt>
      <trkpt lat="29.242677" lon="119.7350161">
        <ele>401.61</ele>
        <time>2026-06-15T07:12:46Z</time>
        <speed>0.83230585</speed>
      </trkpt>
      <trkpt lat="29.2425982" lon="119.7350883">
        <ele>399.02</ele>
        <time>2026-06-15T07:12:56Z</time>
        <speed>0.87708664</speed>
      </trkpt>
      <trkpt lat="29.2425479" lon="119.7351799">
        <ele>397.77</ele>
        <time>2026-06-15T07:13:04Z</time>
        <speed>1.0891522</speed>
      </trkpt>
      <trkpt lat="29.2424783" lon="119.7352569">
        <ele>397.09</ele>
        <time>2026-06-15T07:13:14Z</time>
        <speed>1.0767989</speed>
      </trkpt>
      <trkpt lat="29.2423971" lon="119.7353091">
        <ele>396.06</ele>
        <time>2026-06-15T07:13:28Z</time>
        <speed>0.74222946</speed>
      </trkpt>
      <trkpt lat="29.2422992" lon="119.735332">
        <ele>393.89</ele>
        <time>2026-06-15T07:13:42Z</time>
        <speed>0.79112804</speed>
      </trkpt>
      <trkpt lat="29.2422134" lon="119.7353817">
        <ele>391.31</ele>
        <time>2026-06-15T07:14:04Z</time>
        <speed>0.47148556</speed>
      </trkpt>
      <trkpt lat="29.2421256" lon="119.7354247">
        <ele>389.24</ele>
        <time>2026-06-15T07:14:22Z</time>
        <speed>0.6120047</speed>
      </trkpt>
      <trkpt lat="29.2420297" lon="119.735465">
        <ele>387.03</ele>
        <time>2026-06-15T07:14:36Z</time>
        <speed>0.78186303</speed>
      </trkpt>
      <trkpt lat="29.2419597" lon="119.7355408">
        <ele>384.57</ele>
        <time>2026-06-15T07:15:18Z</time>
        <speed>0.6784039</speed>
      </trkpt>
      <trkpt lat="29.2418671" lon="119.7355935">
        <ele>378.77</ele>
        <time>2026-06-15T07:15:30Z</time>
        <speed>0.78701025</speed>
      </trkpt>
      <trkpt lat="29.2418277" lon="119.7356911">
        <ele>374.4</ele>
        <time>2026-06-15T07:16:18Z</time>
        <speed>0.45501444</speed>
      </trkpt>
      <trkpt lat="29.2417445" lon="119.735724">
        <ele>370.05</ele>
        <time>2026-06-15T07:16:38Z</time>
        <speed>1.2080531</speed>
      </trkpt>
      <trkpt lat="29.2416979" lon="119.7357586">
        <ele>365.47</ele>
        <time>2026-06-15T07:16:58Z</time>
        <speed>0.0</speed>
      </trkpt>
      <trkpt lat="29.2416405" lon="119.7358198">
        <ele>358.77</ele>
        <time>2026-06-15T07:17:18Z</time>
        <speed>0.8302469</speed>
      </trkpt>
      <trkpt lat="29.2415641" lon="119.7358945">
        <ele>354.78</ele>
        <time>2026-06-15T07:17:28Z</time>
        <speed>1.0253266</speed>
      </trkpt>
      <trkpt lat="29.2414666" lon="119.7359269">
        <ele>351.99</ele>
        <time>2026-06-15T07:17:40Z</time>
        <speed>0.81480527</speed>
      </trkpt>
      <trkpt lat="29.2413725" lon="119.7359801">
        <ele>350.66</ele>
        <time>2026-06-15T07:17:50Z</time>
        <speed>0.71186084</speed>
      </trkpt>
      <trkpt lat="29.2413001" lon="119.7360591">
        <ele>350.81</ele>
        <time>2026-06-15T07:18:08Z</time>
        <speed>0.6464911</speed>
      </trkpt>
      <trkpt lat="29.2412199" lon="119.7361283">
        <ele>347.41</ele>
        <time>2026-06-15T07:18:18Z</time>
        <speed>0.74686193</speed>
      </trkpt>
      <trkpt lat="29.2411236" lon="119.7361649">
        <ele>343.19</ele>
        <time>2026-06-15T07:18:28Z</time>
        <speed>1.0325328</speed>
      </trkpt>
      <trkpt lat="29.24109" lon="119.7362183">
        <ele>337.69</ele>
        <time>2026-06-15T07:19:36Z</time>
        <speed>0.0</speed>
      </trkpt>
      <trkpt lat="29.24118" lon="119.7362367">
        <ele>329.39</ele>
        <time>2026-06-15T07:19:54Z</time>
        <speed>0.0</speed>
      </trkpt>
      <trkpt lat="29.2411473" lon="119.7363283">
        <ele>324.49</ele>
        <time>2026-06-15T07:20:20Z</time>
        <speed>0.5656797</speed>
      </trkpt>
      <trkpt lat="29.2411263" lon="119.7362477">
        <ele>321.01</ele>
        <time>2026-06-15T07:20:28Z</time>
        <speed>0.5435467</speed>
      </trkpt>
      <trkpt lat="29.2411548" lon="119.7362805">
        <ele>319.37</ele>
        <time>2026-06-15T07:20:50Z</time>
        <speed>0.9362797</speed>
      </trkpt>
      <trkpt lat="29.2411598" lon="119.7362092">
        <ele>318.01</ele>
        <time>2026-06-15T07:21:08Z</time>
        <speed>0.54560554</speed>
      </trkpt>
      <trkpt lat="29.2410633" lon="119.73622">
        <ele>318.91</ele>
        <time>2026-06-15T07:24:46Z</time>
        <speed>0.39736557</speed>
      </trkpt>
      <trkpt lat="29.2410817" lon="119.7363233">
        <ele>318.43</ele>
        <time>2026-06-15T07:24:58Z</time>
        <speed>0.8456886</speed>
      </trkpt>
      <trkpt lat="29.2410097" lon="119.7363703">
        <ele>318.8</ele>
        <time>2026-06-15T07:25:12Z</time>
        <speed>0.5785478</speed>
      </trkpt>
      <trkpt lat="29.2409244" lon="119.7364046">
        <ele>318.33</ele>
        <time>2026-06-15T07:25:28Z</time>
        <speed>0.5420025</speed>
      </trkpt>
      <trkpt lat="29.2408407" lon="119.7364523">
        <ele>317.33</ele>
        <time>2026-06-15T07:25:54Z</time>
        <speed>0.62693167</speed>
      </trkpt>
      <trkpt lat="29.2407579" lon="119.7364234">
        <ele>317.7</ele>
        <time>2026-06-15T07:26:08Z</time>
        <speed>0.79781944</speed>
      </trkpt>
      <trkpt lat="29.2406706" lon="119.7364831">
        <ele>318.56</ele>
        <time>2026-06-15T07:26:24Z</time>
        <speed>1.013488</speed>
      </trkpt>
      <trkpt lat="29.2406162" lon="119.7365534">
        <ele>319.18</ele>
        <time>2026-06-15T07:26:28Z</time>
        <speed>0.0</speed>
      </trkpt>
      <trkpt lat="29.2405407" lon="119.7366">
        <ele>319.36</ele>
        <time>2026-06-15T07:26:38Z</time>
        <speed>1.1045939</speed>
      </trkpt>
      <trkpt lat="29.2404422" lon="119.7366286">
        <ele>319.46</ele>
        <time>2026-06-15T07:26:44Z</time>
        <speed>1.3887205</speed>
      </trkpt>
      <trkpt lat="29.2403357" lon="119.736632">
        <ele>318.92</ele>
        <time>2026-06-15T07:26:48Z</time>
        <speed>1.8967514</speed>
      </trkpt>
      <trkpt lat="29.2402365" lon="119.7366399">
        <ele>318.05</ele>
        <time>2026-06-15T07:26:52Z</time>
        <speed>2.2225707</speed>
      </trkpt>
      <trkpt lat="29.2401349" lon="119.7366664">
        <ele>317.13</ele>
        <time>2026-06-15T07:26:56Z</time>
        <speed>2.4058115</speed>
      </trkpt>
      <trkpt lat="29.2400252" lon="119.7366993">
        <ele>315.95</ele>
        <time>2026-06-15T07:27:02Z</time>
        <speed>2.086684</speed>
      </trkpt>
      <trkpt lat="29.2399215" lon="119.7367415">
        <ele>315.63</ele>
        <time>2026-06-15T07:27:10Z</time>
        <speed>1.4067358</speed>
      </trkpt>
      <trkpt lat="29.2398244" lon="119.7368039">
        <ele>314.8</ele>
        <time>2026-06-15T07:27:16Z</time>
        <speed>1.3645287</speed>
      </trkpt>
      <trkpt lat="29.2397159" lon="119.7367902">
        <ele>313.64</ele>
        <time>2026-06-15T07:27:28Z</time>
        <speed>0.75870055</speed>
      </trkpt>
      <trkpt lat="29.2396367" lon="119.7367258">
        <ele>313.15</ele>
        <time>2026-06-15T07:27:36Z</time>
        <speed>1.1020203</speed>
      </trkpt>
      <trkpt lat="29.2395435" lon="119.7366538">
        <ele>312.31</ele>
        <time>2026-06-15T07:27:46Z</time>
        <speed>1.0263561</speed>
      </trkpt>
      <trkpt lat="29.2394552" lon="119.736606">
        <ele>311.4</ele>
        <time>2026-06-15T07:27:52Z</time>
        <speed>1.4293836</speed>
      </trkpt>
      <trkpt lat="29.2393586" lon="119.7365863">
        <ele>310.11</ele>
        <time>2026-06-15T07:27:58Z</time>
        <speed>1.5210042</speed>
      </trkpt>
      <trkpt lat="29.239265" lon="119.7365732">
        <ele>308.69</ele>
        <time>2026-06-15T07:28:08Z</time>
        <speed>0.95069194</speed>
      </trkpt>
      <trkpt lat="29.2391704" lon="119.7365185">
        <ele>307.32</ele>
        <time>2026-06-15T07:28:18Z</time>
        <speed>1.1684195</speed>
      </trkpt>
      <trkpt lat="29.2390803" lon="119.7364625">
        <ele>303.22</ele>
        <time>2026-06-15T07:28:26Z</time>
        <speed>1.2888645</speed>
      </trkpt>
      <trkpt lat="29.2389845" lon="119.7363889">
        <ele>299.0</ele>
        <time>2026-06-15T07:28:36Z</time>
        <speed>1.3809997</speed>
      </trkpt>
      <trkpt lat="29.2389027" lon="119.7363186">
        <ele>295.21</ele>
        <time>2026-06-15T07:28:42Z</time>
        <speed>1.4314425</speed>
      </trkpt>
      <trkpt lat="29.2388036" lon="119.7362924">
        <ele>292.67</ele>
        <time>2026-06-15T07:28:50Z</time>
        <speed>1.3192331</speed>
      </trkpt>
      <trkpt lat="29.2387088" lon="119.736249">
        <ele>290.75</ele>
        <time>2026-06-15T07:28:56Z</time>
        <speed>1.2420248</speed>
      </trkpt>
      <trkpt lat="29.2386049" lon="119.7361872">
        <ele>290.0</ele>
        <time>2026-06-15T07:29:02Z</time>
        <speed>1.7706444</speed>
      </trkpt>
      <trkpt lat="29.238489" lon="119.7361636">
        <ele>289.14</ele>
        <time>2026-06-15T07:29:10Z</time>
        <speed>1.5683587</speed>
      </trkpt>
      <trkpt lat="29.2383793" lon="119.7361537">
        <ele>287.53</ele>
        <time>2026-06-15T07:29:18Z</time>
        <speed>1.4329866</speed>
      </trkpt>
      <trkpt lat="29.2382891" lon="119.7361872">
        <ele>285.93</ele>
        <time>2026-06-15T07:29:24Z</time>
        <speed>1.6007861</speed>
      </trkpt>
      <trkpt lat="29.2382161" lon="119.7362537">
        <ele>283.55</ele>
        <time>2026-06-15T07:29:32Z</time>
        <speed>1.1570956</speed>
      </trkpt>
      <trkpt lat="29.238126" lon="119.7362815">
        <ele>280.69</ele>
        <time>2026-06-15T07:29:40Z</time>
        <speed>0.9095142</speed>
      </trkpt>
      <trkpt lat="29.2380256" lon="119.7362804">
        <ele>278.93</ele>
        <time>2026-06-15T07:29:46Z</time>
        <speed>0.0</speed>
      </trkpt>
      <trkpt lat="29.2379304" lon="119.7362226">
        <ele>277.93</ele>
        <time>2026-06-15T07:29:52Z</time>
        <speed>1.5889475</speed>
      </trkpt>
      <trkpt lat="29.2378665" lon="119.7361258">
        <ele>277.27</ele>
        <time>2026-06-15T07:29:58Z</time>
        <speed>1.682627</speed>
      </trkpt>
      <trkpt lat="29.2377753" lon="119.7360563">
        <ele>276.9</ele>
        <time>2026-06-15T07:30:08Z</time>
        <speed>1.2759964</speed>
      </trkpt>
      <trkpt lat="29.2377351" lon="119.7359435">
        <ele>276.3</ele>
        <time>2026-06-15T07:30:16Z</time>
        <speed>1.3737936</speed>
      </trkpt>
      <trkpt lat="29.2376665" lon="119.7358594">
        <ele>275.39</ele>
        <time>2026-06-15T07:30:24Z</time>
        <speed>1.4335014</speed>
      </trkpt>
      <trkpt lat="29.2375888" lon="119.7357924">
        <ele>273.85</ele>
        <time>2026-06-15T07:30:32Z</time>
        <speed>1.1720225</speed>
      </trkpt>
      <trkpt lat="29.2375018" lon="119.7357377">
        <ele>272.19</ele>
        <time>2026-06-15T07:30:44Z</time>
        <speed>0.6464911</speed>
      </trkpt>
      <trkpt lat="29.2374095" lon="119.7356729">
        <ele>269.23</ele>
        <time>2026-06-15T07:30:56Z</time>
        <speed>0.8225261</speed>
      </trkpt>
      <trkpt lat="29.2373699" lon="119.7355705">
        <ele>265.09</ele>
        <time>2026-06-15T07:31:02Z</time>
        <speed>1.0201794</speed>
      </trkpt>
      <trkpt lat="29.2373391" lon="119.7354681">
        <ele>261.91</ele>
        <time>2026-06-15T07:31:08Z</time>
        <speed>1.4396781</speed>
      </trkpt>
      <trkpt lat="29.237314" lon="119.7353653">
        <ele>259.45</ele>
        <time>2026-06-15T07:31:18Z</time>
        <speed>0.8760572</speed>
      </trkpt>
      <trkpt lat="29.2372554" lon="119.7352745">
        <ele>256.89</ele>
        <time>2026-06-15T07:31:52Z</time>
        <speed>0.64031446</speed>
      </trkpt>
      <trkpt lat="29.237192" lon="119.7353166">
        <ele>252.38</ele>
        <time>2026-06-15T07:32:04Z</time>
        <speed>0.9192939</speed>
      </trkpt>
      <trkpt lat="29.237138" lon="119.7354118">
        <ele>249.64</ele>
        <time>2026-06-15T07:32:08Z</time>
        <speed>1.4824</speed>
      </trkpt>
      <trkpt lat="29.2370483" lon="119.7354965">
        <ele>247.64</ele>
        <time>2026-06-15T07:32:16Z</time>
        <speed>1.5457108</speed>
      </trkpt>
      <trkpt lat="29.2369393" lon="119.7355842">
        <ele>245.82</ele>
        <time>2026-06-15T07:32:22Z</time>
        <speed>1.7793947</speed>
      </trkpt>
      <trkpt lat="29.2368288" lon="119.7356511">
        <ele>244.78</ele>
        <time>2026-06-15T07:32:28Z</time>
        <speed>1.8231461</speed>
      </trkpt>
      <trkpt lat="29.2367262" lon="119.7357037">
        <ele>243.97</ele>
        <time>2026-06-15T07:32:34Z</time>
        <speed>1.7804241</speed>
      </trkpt>
      <trkpt lat="29.2366276" lon="119.7357474">
        <ele>243.6</ele>
        <time>2026-06-15T07:32:40Z</time>
        <speed>1.7505703</speed>
      </trkpt>
      <trkpt lat="29.2365408" lon="119.7357913">
        <ele>243.68</ele>
        <time>2026-06-15T07:32:46Z</time>
        <speed>1.6352725</speed>
      </trkpt>
      <trkpt lat="29.2364505" lon="119.7358463">
        <ele>243.95</ele>
        <time>2026-06-15T07:32:52Z</time>
        <speed>1.7068189</speed>
      </trkpt>
      <trkpt lat="29.2363671" lon="119.7358945">
        <ele>244.01</ele>
        <time>2026-06-15T07:32:56Z</time>
        <speed>1.9559444</speed>
      </trkpt>
      <trkpt lat="29.2362748" lon="119.7359587">
        <ele>243.66</ele>
        <time>2026-06-15T07:33:02Z</time>
        <speed>2.014108</speed>
      </trkpt>
      <trkpt lat="29.2361874" lon="119.7360238">
        <ele>243.72</ele>
        <time>2026-06-15T07:33:08Z</time>
        <speed>1.7799095</speed>
      </trkpt>
      <trkpt lat="29.2361009" lon="119.7361062">
        <ele>244.57</ele>
        <time>2026-06-15T07:33:16Z</time>
        <speed>1.6188014</speed>
      </trkpt>
      <trkpt lat="29.2359958" lon="119.736163">
        <ele>245.88</ele>
        <time>2026-06-15T07:33:24Z</time>
        <speed>1.4180597</speed>
      </trkpt>
      <trkpt lat="29.2359087" lon="119.7362293">
        <ele>246.88</ele>
        <time>2026-06-15T07:33:30Z</time>
        <speed>1.6949803</speed>
      </trkpt>
      <trkpt lat="29.2358142" lon="119.7363062">
        <ele>246.76</ele>
        <time>2026-06-15T07:33:38Z</time>
        <speed>1.8653533</speed>
      </trkpt>
      <trkpt lat="29.2357491" lon="119.736398">
        <ele>244.93</ele>
        <time>2026-06-15T07:33:44Z</time>
        <speed>1.8179989</speed>
      </trkpt>
      <trkpt lat="29.2356573" lon="119.7364759">
        <ele>242.68</ele>
        <time>2026-06-15T07:33:52Z</time>
        <speed>1.5333575</speed>
      </trkpt>
      <trkpt lat="29.2355679" lon="119.736535">
        <ele>240.06</ele>
        <time>2026-06-15T07:33:58Z</time>
        <speed>1.7634383</speed>
      </trkpt>
      <trkpt lat="29.2354676" lon="119.7365737">
        <ele>237.97</ele>
        <time>2026-06-15T07:34:06Z</time>
        <speed>1.4144567</speed>
      </trkpt>
      <trkpt lat="29.2353898" lon="119.736636">
        <ele>235.7</ele>
        <time>2026-06-15T07:34:14Z</time>
        <speed>1.2296714</speed>
      </trkpt>
      <trkpt lat="29.2353009" lon="119.7366899">
        <ele>233.85</ele>
        <time>2026-06-15T07:34:20Z</time>
        <speed>1.2523192</speed>
      </trkpt>
      <trkpt lat="29.2352247" lon="119.7367591">
        <ele>232.02</ele>
        <time>2026-06-15T07:34:26Z</time>
        <speed>1.4201186</speed>
      </trkpt>
      <trkpt lat="29.2351494" lon="119.7368429">
        <ele>230.64</ele>
        <time>2026-06-15T07:34:34Z</time>
        <speed>1.580712</speed>
      </trkpt>
      <trkpt lat="29.2350601" lon="119.7369276">
        <ele>230.41</ele>
        <time>2026-06-15T07:34:42Z</time>
        <speed>1.6558614</speed>
      </trkpt>
      <trkpt lat="29.2349766" lon="119.7370052">
        <ele>230.92</ele>
        <time>2026-06-15T07:34:50Z</time>
        <speed>1.4129125</speed>
      </trkpt>
      <trkpt lat="29.2348895" lon="119.7370833">
        <ele>232.12</ele>
        <time>2026-06-15T07:34:58Z</time>
        <speed>1.4185745</speed>
      </trkpt>
      <trkpt lat="29.2348486" lon="119.7371453">
        <ele>234.0</ele>
        <time>2026-06-15T07:35:10Z</time>
        <speed>0.0</speed>
      </trkpt>
      <trkpt lat="29.2347973" lon="119.7372415">
        <ele>235.08</ele>
        <time>2026-06-15T07:35:40Z</time>
        <speed>1.0031936</speed>
      </trkpt>
      <trkpt lat="29.2347498" lon="119.7373548">
        <ele>235.43</ele>
        <time>2026-06-15T07:35:48Z</time>
        <speed>1.4340161</speed>
      </trkpt>
      <trkpt lat="29.2346879" lon="119.7374655">
        <ele>235.16</ele>
        <time>2026-06-15T07:35:56Z</time>
        <speed>1.3624697</speed>
      </trkpt>
      <trkpt lat="29.2346301" lon="119.7375559">
        <ele>234.19</ele>
        <time>2026-06-15T07:36:02Z</time>
        <speed>1.347028</speed>
      </trkpt>
      <trkpt lat="29.2345581" lon="119.7376283">
        <ele>233.16</ele>
        <time>2026-06-15T07:36:08Z</time>
        <speed>1.3650433</speed>
      </trkpt>
      <trkpt lat="29.234516" lon="119.7377323">
        <ele>231.63</ele>
        <time>2026-06-15T07:36:16Z</time>
        <speed>1.347028</speed>
      </trkpt>
      <trkpt lat="29.2345156" lon="119.7378379">
        <ele>229.77</ele>
        <time>2026-06-15T07:36:22Z</time>
        <speed>1.3604108</speed>
      </trkpt>
      <trkpt lat="29.2345205" lon="119.7379582">
        <ele>227.8</ele>
        <time>2026-06-15T07:36:33Z</time>
        <speed>1.2605547</speed>
      </trkpt>
      <trkpt lat="29.2345257" lon="119.7380744">
        <ele>225.95</ele>
        <time>2026-06-15T07:36:40Z</time>
        <speed>1.4818853</speed>
      </trkpt>
      <trkpt lat="29.2345604" lon="119.7381742">
        <ele>225.11</ele>
        <time>2026-06-15T07:36:46Z</time>
        <speed>1.6846858</speed>
      </trkpt>
      <trkpt lat="29.2346262" lon="119.7382814">
        <ele>225.28</ele>
        <time>2026-06-15T07:36:55Z</time>
        <speed>1.8710153</speed>
      </trkpt>
      <trkpt lat="29.2346711" lon="119.7383908">
        <ele>227.18</ele>
        <time>2026-06-15T07:37:06Z</time>
        <speed>1.1426834</speed>
      </trkpt>
      <trkpt lat="29.2346981" lon="119.7384997">
        <ele>229.77</ele>
        <time>2026-06-15T07:37:14Z</time>
        <speed>1.191582</speed>
      </trkpt>
      <trkpt lat="29.2347044" lon="119.7386058">
        <ele>230.69</ele>
        <time>2026-06-15T07:37:22Z</time>
        <speed>1.3238655</speed>
      </trkpt>
      <trkpt lat="29.2346701" lon="119.7387195">
        <ele>230.22</ele>
        <time>2026-06-15T07:37:30Z</time>
        <speed>1.5210042</speed>
      </trkpt>
      <trkpt lat="29.2346162" lon="119.7388325">
        <ele>229.44</ele>
        <time>2026-06-15T07:37:38Z</time>
        <speed>1.6682147</speed>
      </trkpt>
      <trkpt lat="29.234537" lon="119.738921">
        <ele>228.86</ele>
        <time>2026-06-15T07:37:46Z</time>
        <speed>1.5457108</speed>
      </trkpt>
      <trkpt lat="29.2344675" lon="119.7389991">
        <ele>228.71</ele>
        <time>2026-06-15T07:37:52Z</time>
        <speed>1.5585788</speed>
      </trkpt>
      <trkpt lat="29.2343793" lon="119.7390886">
        <ele>228.57</ele>
        <time>2026-06-15T07:38:00Z</time>
        <speed>1.6357872</speed>
      </trkpt>
      <trkpt lat="29.2342952" lon="119.7391771">
        <ele>227.98</ele>
        <time>2026-06-15T07:38:08Z</time>
        <speed>1.7793947</speed>
      </trkpt>
      <trkpt lat="29.2342242" lon="119.7392691">
        <ele>227.52</ele>
        <time>2026-06-15T07:38:16Z</time>
        <speed>1.5570347</speed>
      </trkpt>
      <trkpt lat="29.2341699" lon="119.7393687">
        <ele>227.64</ele>
        <time>2026-06-15T07:38:24Z</time>
        <speed>1.6877742</speed>
      </trkpt>
      <trkpt lat="29.2341237" lon="119.7394796">
        <ele>227.58</ele>
        <time>2026-06-15T07:38:32Z</time>
        <speed>1.6615233</speed>
      </trkpt>
      <trkpt lat="29.2340618" lon="119.7395655">
        <ele>227.63</ele>
        <time>2026-06-15T07:38:38Z</time>
        <speed>1.7902039</speed>
      </trkpt>
      <trkpt lat="29.2339794" lon="119.7396099">
        <ele>227.36</ele>
        <time>2026-06-15T07:38:46Z</time>
        <speed>1.287835</speed>
      </trkpt>
      <trkpt lat="29.2338861" lon="119.739659">
        <ele>227.25</ele>
        <time>2026-06-15T07:38:52Z</time>
        <speed>1.4247512</speed>
      </trkpt>
      <trkpt lat="29.2337913" lon="119.7397036">
        <ele>227.14</ele>
        <time>2026-06-15T07:39:00Z</time>
        <speed>1.1884936</speed>
      </trkpt>
      <trkpt lat="29.2337085" lon="119.739778">
        <ele>227.73</ele>
        <time>2026-06-15T07:39:06Z</time>
        <speed>1.6460817</speed>
      </trkpt>
      <trkpt lat="29.233622" lon="119.7398453">
        <ele>228.62</ele>
        <time>2026-06-15T07:39:14Z</time>
        <speed>1.3964413</speed>
      </trkpt>
      <trkpt lat="29.2335453" lon="119.7399239">
        <ele>228.78</ele>
        <time>2026-06-15T07:39:20Z</time>
        <speed>1.6960098</speed>
      </trkpt>
      <trkpt lat="29.2334572" lon="119.7399788">
        <ele>227.93</ele>
        <time>2026-06-15T07:39:26Z</time>
        <speed>2.160289</speed>
      </trkpt>
      <trkpt lat="29.2333631" lon="119.739993">
        <ele>226.71</ele>
        <time>2026-06-15T07:39:32Z</time>
        <speed>2.2374976</speed>
      </trkpt>
      <trkpt lat="29.2332547" lon="119.7399908">
        <ele>226.41</ele>
        <time>2026-06-15T07:39:42Z</time>
        <speed>1.4582081</speed>
      </trkpt>
      <trkpt lat="29.2331592" lon="119.7399489">
        <ele>226.79</ele>
        <time>2026-06-15T07:39:50Z</time>
        <speed>1.7515997</speed>
      </trkpt>
      <trkpt lat="29.2330643" lon="119.7399">
        <ele>228.0</ele>
        <time>2026-06-15T07:39:58Z</time>
        <speed>1.4262953</speed>
      </trkpt>
      <trkpt lat="29.2329571" lon="119.7398981">
        <ele>228.0</ele>
        <time>2026-06-15T07:40:06Z</time>
        <speed>1.6496847</speed>
      </trkpt>
      <trkpt lat="29.2328402" lon="119.7398969">
        <ele>227.91</ele>
        <time>2026-06-15T07:40:16Z</time>
        <speed>1.4206333</speed>
      </trkpt>
      <trkpt lat="29.2327442" lon="119.7399196">
        <ele>227.13</ele>
        <time>2026-06-15T07:40:22Z</time>
        <speed>1.6646117</speed>
      </trkpt>
      <trkpt lat="29.2326554" lon="119.739989">
        <ele>226.9</ele>
        <time>2026-06-15T07:40:30Z</time>
        <speed>1.6800534</speed>
      </trkpt>
      <trkpt lat="29.2325673" lon="119.7400775">
        <ele>226.99</ele>
        <time>2026-06-15T07:40:38Z</time>
        <speed>1.8015277</speed>
      </trkpt>
      <trkpt lat="29.2324938" lon="119.7401771">
        <ele>227.04</ele>
        <time>2026-06-15T07:40:46Z</time>
        <speed>1.6095364</speed>
      </trkpt>
      <trkpt lat="29.2324464" lon="119.740284">
        <ele>226.72</ele>
        <time>2026-06-15T07:40:52Z</time>
        <speed>1.6574056</speed>
      </trkpt>
      <trkpt lat="29.2324313" lon="119.7403928">
        <ele>225.98</ele>
        <time>2026-06-15T07:40:58Z</time>
        <speed>1.8221166</speed>
      </trkpt>
      <trkpt lat="29.2324235" lon="119.740517">
        <ele>225.04</ele>
        <time>2026-06-15T07:41:07Z</time>
        <speed>1.7927775</speed>
      </trkpt>
      <trkpt lat="29.2324031" lon="119.7406421">
        <ele>223.73</ele>
        <time>2026-06-15T07:41:13Z</time>
        <speed>1.8174841</speed>
      </trkpt>
      <trkpt lat="29.2323812" lon="119.740755">
        <ele>222.69</ele>
        <time>2026-06-15T07:41:18Z</time>
        <speed>1.8334405</speed>
      </trkpt>
      <trkpt lat="29.2323671" lon="119.7408751">
        <ele>222.35</ele>
        <time>2026-06-15T07:41:26Z</time>
        <speed>1.4664437</speed>
      </trkpt>
      <trkpt lat="29.2323747" lon="119.7409907">
        <ele>221.94</ele>
        <time>2026-06-15T07:41:33Z</time>
        <speed>1.2971</speed>
      </trkpt>
      <trkpt lat="29.2324096" lon="119.7410918">
        <ele>221.97</ele>
        <time>2026-06-15T07:41:38Z</time>
        <speed>1.6764503</speed>
      </trkpt>
      <trkpt lat="29.232442" lon="119.7411915">
        <ele>221.89</ele>
        <time>2026-06-15T07:41:44Z</time>
        <speed>1.6718178</speed>
      </trkpt>
      <trkpt lat="29.232436" lon="119.7413204">
        <ele>221.47</ele>
        <time>2026-06-15T07:41:50Z</time>
        <speed>2.006902</speed>
      </trkpt>
      <trkpt lat="29.2323773" lon="119.7414216">
        <ele>220.71</ele>
        <time>2026-06-15T07:41:57Z</time>
        <speed>2.3028672</speed>
      </trkpt>
      <trkpt lat="29.2323073" lon="119.7415039">
        <ele>220.53</ele>
        <time>2026-06-15T07:42:02Z</time>
        <speed>2.0954342</speed>
      </trkpt>
      <trkpt lat="29.2323073" lon="119.7415039">
        <ele>220.53</ele>
        <time>2026-06-15T07:42:04Z</time>
        <speed>2.0954342</speed>
      </trkpt>
      <extensions>
        <PauseTimes>1781509324000:pause</PauseTimes>
      </extensions>
    </trkseg>
  </trk>
  <wpt lat="29.2320933" lon="119.741755">
    <ele>212.8</ele>
    <time>2026-06-15T04:20:49Z</time>
    <name><![CDATA[左边停车场
        ]]>
    </name>
    <cmt>左边停车场
        </cmt>
    <desc><![CDATA[]]>
    </desc>
    <sym>Flag, Blue</sym>
    <type>user</type>
    <extensions>
      <PosType>0</PosType>
      <Speed>0.64340276</Speed>
      <Accuracy>1.8</Accuracy>
      <Time>1781497249328</Time>
      <description><![CDATA[]]>
      </description>
      <FileId>1629126871</FileId>
      <FileSize>1829334</FileSize>
      <FileType>0</FileType>
    </extensions>
  </wpt>
  <wpt lat="29.2339126" lon="119.7396412">
    <ele>217.4</ele>
    <time>2026-06-15T04:29:32Z</time>
    <name><![CDATA[这边停车10元，有补给
        ]]>
    </name>
    <cmt>这边停车10元，有补给
        </cmt>
    <desc><![CDATA[]]>
    </desc>
    <sym>Flag, Blue</sym>
    <type>user</type>
    <extensions>
      <PosType>0</PosType>
      <Speed>0.9259853</Speed>
      <Accuracy>1.5</Accuracy>
      <Time>1781497772009</Time>
      <description><![CDATA[]]>
      </description>
      <FileId>1629126869</FileId>
      <FileSize>1156587</FileSize>
      <FileType>0</FileType>
    </extensions>
  </wpt>
  <wpt lat="29.2346531" lon="119.7385886">
    <ele>227.9</ele>
    <time>2026-06-15T04:32:17Z</time>
    <name><![CDATA[
        ]]>
    </name>
    <cmt>
        </cmt>
    <desc><![CDATA[]]>
    </desc>
    <sym>Flag, Blue</sym>
    <type>user</type>
    <extensions>
      <PosType>0</PosType>
      <Speed>1.324895</Speed>
      <Accuracy>1.5</Accuracy>
      <Time>1781497937993</Time>
      <description><![CDATA[]]>
      </description>
      <FileId>1629126867</FileId>
      <FileSize>1196637</FileSize>
      <FileType>0</FileType>
    </extensions>
  </wpt>
  <wpt lat="29.2344978" lon="119.7380763">
    <ele>222.2</ele>
    <time>2026-06-15T04:34:17Z</time>
    <name><![CDATA[
        ]]>
    </name>
    <cmt>
        </cmt>
    <desc><![CDATA[]]>
    </desc>
    <sym>Flag, Blue</sym>
    <type>user</type>
    <extensions>
      <PosType>0</PosType>
      <Speed>0.8173789</Speed>
      <Accuracy>1.4</Accuracy>
      <Time>1781498057936</Time>
      <description><![CDATA[]]>
      </description>
      <FileId>1629126865</FileId>
      <FileSize>1231520</FileSize>
      <FileType>0</FileType>
    </extensions>
  </wpt>
  <wpt lat="29.2347425" lon="119.7373071">
    <ele>221.3</ele>
    <time>2026-06-15T04:38:17Z</time>
    <name><![CDATA[卫生间
        ]]>
    </name>
    <cmt>卫生间
        </cmt>
    <desc><![CDATA[]]>
    </desc>
    <sym>Flag, Blue</sym>
    <type>user</type>
    <extensions>
      <PosType>0</PosType>
      <Speed>0.8868664</Speed>
      <Accuracy>1.6</Accuracy>
      <Time>1781498297962</Time>
      <description><![CDATA[]]>
      </description>
      <FileId>1629126862</FileId>
      <FileSize>444450</FileSize>
      <FileType>0</FileType>
    </extensions>
  </wpt>
  <wpt lat="29.2354018" lon="119.736541">
    <ele>221.5</ele>
    <time>2026-06-15T04:40:27Z</time>
    <name><![CDATA[补给点
        ]]>
    </name>
    <cmt>补给点
        </cmt>
    <desc><![CDATA[]]>
    </desc>
    <sym>Flag, Blue</sym>
    <type>user</type>
    <extensions>
      <PosType>0</PosType>
      <Speed>0.9846636</Speed>
      <Accuracy>1.4</Accuracy>
      <Time>1781498427992</Time>
      <description><![CDATA[]]>
      </description>
      <FileId>1629126859</FileId>
      <FileSize>764164</FileSize>
      <FileType>0</FileType>
    </extensions>
  </wpt>
  <wpt lat="29.2371151" lon="119.7353403">
    <ele>228.5</ele>
    <time>2026-06-15T04:45:05Z</time>
    <name><![CDATA[左转
        ]]>
    </name>
    <cmt>左转
        </cmt>
    <desc><![CDATA[]]>
    </desc>
    <sym>Flag, Blue</sym>
    <type>user</type>
    <extensions>
      <PosType>0</PosType>
      <Speed>0.78546613</Speed>
      <Accuracy>1.8</Accuracy>
      <Time>1781498705957</Time>
      <description><![CDATA[]]>
      </description>
      <FileId>1629126857</FileId>
      <FileSize>2379100</FileSize>
      <FileType>0</FileType>
    </extensions>
  </wpt>
  <wpt lat="29.23744" lon="119.7348367">
    <ele>232.7</ele>
    <time>2026-06-15T04:54:05Z</time>
    <name><![CDATA[直行
        ]]>
    </name>
    <cmt>直行
        </cmt>
    <desc><![CDATA[]]>
    </desc>
    <sym>Flag, Blue</sym>
    <type>user</type>
    <extensions>
      <PosType>0</PosType>
      <Speed>1.5899769</Speed>
      <Accuracy>2.3</Accuracy>
      <Time>1781499245914</Time>
      <description><![CDATA[]]>
      </description>
    </extensions>
  </wpt>
  <wpt lat="29.23744" lon="119.7348367">
    <ele>232.7</ele>
    <time>2026-06-15T04:54:05Z</time>
    <name><![CDATA[
        ]]>
    </name>
    <cmt>
        </cmt>
    <desc><![CDATA[]]>
    </desc>
    <sym>Flag, Blue</sym>
    <type>user</type>
    <extensions>
      <PosType>0</PosType>
      <Speed>1.5899769</Speed>
      <Accuracy>2.3</Accuracy>
      <Time>1781499245914</Time>
      <description><![CDATA[]]>
      </description>
      <FileId>1629126856</FileId>
      <FileSize>1478938</FileSize>
      <FileType>0</FileType>
    </extensions>
  </wpt>
  <wpt lat="29.237655" lon="119.7336608">
    <ele>257.2</ele>
    <time>2026-06-15T04:57:27Z</time>
    <name><![CDATA[小溪涧
        ]]>
    </name>
    <cmt>小溪涧
        </cmt>
    <desc><![CDATA[]]>
    </desc>
    <sym>Flag, Blue</sym>
    <type>user</type>
    <extensions>
      <PosType>0</PosType>
      <Speed>0.7957606</Speed>
      <Accuracy>2.0</Accuracy>
      <Time>1781499447958</Time>
      <description><![CDATA[]]>
      </description>
      <FileId>1629126854</FileId>
      <FileSize>1646018</FileSize>
      <FileType>0</FileType>
    </extensions>
  </wpt>
  <wpt lat="29.240541" lon="119.7308965">
    <ele>308.7</ele>
    <time>2026-06-15T05:05:55Z</time>
    <name><![CDATA[厕所
        ]]>
    </name>
    <cmt>厕所
        </cmt>
    <desc><![CDATA[]]>
    </desc>
    <sym>Flag, Blue</sym>
    <type>user</type>
    <extensions>
      <PosType>0</PosType>
      <Speed>0.9167203</Speed>
      <Accuracy>1.7</Accuracy>
      <Time>1781499955934</Time>
      <description><![CDATA[]]>
      </description>
      <FileId>1629126849</FileId>
      <FileSize>1418252</FileSize>
      <FileType>0</FileType>
    </extensions>
  </wpt>
  <wpt lat="29.2450016" lon="119.7261844">
    <ele>404.0</ele>
    <time>2026-06-15T05:23:11Z</time>
    <name><![CDATA[
        ]]>
    </name>
    <cmt>
        </cmt>
    <desc><![CDATA[]]>
    </desc>
    <sym>Flag, Blue</sym>
    <type>user</type>
    <extensions>
      <PosType>0</PosType>
      <Speed>0.89252836</Speed>
      <Accuracy>1.8</Accuracy>
      <Time>1781500991931</Time>
      <description><![CDATA[]]>
      </description>
      <FileId>1629126847</FileId>
      <FileSize>1406847</FileSize>
      <FileType>0</FileType>
    </extensions>
  </wpt>
  <wpt lat="29.2451933" lon="119.7261567">
    <ele>409.0</ele>
    <time>2026-06-15T05:24:29Z</time>
    <name><![CDATA[左转
        ]]>
    </name>
    <cmt>左转
        </cmt>
    <desc><![CDATA[]]>
    </desc>
    <sym>Flag, Blue</sym>
    <type>user</type>
    <extensions>
      <PosType>0</PosType>
      <Speed>0.89046943</Speed>
      <Accuracy>1.7</Accuracy>
      <Time>1781501069924</Time>
      <description><![CDATA[]]>
      </description>
      <FileId>1629126845</FileId>
      <FileSize>2617103</FileSize>
      <FileType>0</FileType>
    </extensions>
  </wpt>
  <wpt lat="29.2453125" lon="119.7258748">
    <ele>408.9</ele>
    <time>2026-06-15T05:25:35Z</time>
    <name><![CDATA[寺庙，边上可以休息
        ]]>
    </name>
    <cmt>寺庙，边上可以休息
        </cmt>
    <desc><![CDATA[]]>
    </desc>
    <sym>Flag, Blue</sym>
    <type>user</type>
    <extensions>
      <PosType>0</PosType>
      <Speed>0.80708444</Speed>
      <Accuracy>1.7</Accuracy>
      <Time>1781501135962</Time>
      <description><![CDATA[]]>
      </description>
      <FileId>1629126843</FileId>
      <FileSize>620694</FileSize>
      <FileType>0</FileType>
    </extensions>
  </wpt>
  <wpt lat="29.246574" lon="119.7233864">
    <ele>446.6</ele>
    <time>2026-06-15T05:32:29Z</time>
    <name><![CDATA[右转横腊坑方向
        ]]>
    </name>
    <cmt>右转横腊坑方向
        </cmt>
    <desc><![CDATA[]]>
    </desc>
    <sym>Flag, Blue</sym>
    <type>user</type>
    <extensions>
      <PosType>0</PosType>
      <Speed>0.0</Speed>
      <Accuracy>1.5</Accuracy>
      <Time>1781501549905</Time>
      <description><![CDATA[]]>
      </description>
      <FileId>1629126842</FileId>
      <FileSize>2720912</FileSize>
      <FileType>0</FileType>
    </extensions>
  </wpt>
  <wpt lat="29.2474117" lon="119.72248">
    <ele>468.2</ele>
    <time>2026-06-15T05:37:21Z</time>
    <name><![CDATA[进入竹林
        ]]>
    </name>
    <cmt>进入竹林
        </cmt>
    <desc><![CDATA[]]>
    </desc>
    <sym>Flag, Blue</sym>
    <type>user</type>
    <extensions>
      <PosType>0</PosType>
      <Speed>0.5857539</Speed>
      <Accuracy>1.7</Accuracy>
      <Time>1781501841939</Time>
      <description><![CDATA[]]>
      </description>
      <FileId>1629126840</FileId>
      <FileSize>1528947</FileSize>
      <FileType>0</FileType>
    </extensions>
  </wpt>
  <wpt lat="29.2487152" lon="119.7209705">
    <ele>512.2</ele>
    <time>2026-06-15T05:42:55Z</time>
    <name><![CDATA[清泉石上流
        ]]>
    </name>
    <cmt>清泉石上流
        </cmt>
    <desc><![CDATA[]]>
    </desc>
    <sym>Flag, Blue</sym>
    <type>user</type>
    <extensions>
      <PosType>0</PosType>
      <Speed>0.5353111</Speed>
      <Accuracy>1.6</Accuracy>
      <Time>1781502175955</Time>
      <description><![CDATA[]]>
      </description>
    </extensions>
  </wpt>
  <wpt lat="29.2487734" lon="119.7208898">
    <ele>520.5</ele>
    <time>2026-06-15T05:43:29Z</time>
    <name><![CDATA[进入竹林
        ]]>
    </name>
    <cmt>进入竹林
        </cmt>
    <desc><![CDATA[]]>
    </desc>
    <sym>Flag, Blue</sym>
    <type>user</type>
    <extensions>
      <PosType>0</PosType>
      <Speed>0.6331083</Speed>
      <Accuracy>1.6</Accuracy>
      <Time>1781502209901</Time>
      <description><![CDATA[]]>
      </description>
      <FileId>1629126837</FileId>
      <FileSize>1491683</FileSize>
      <FileType>0</FileType>
    </extensions>
  </wpt>
  <wpt lat="29.2498756" lon="119.7199919">
    <ele>552.0</ele>
    <time>2026-06-15T05:50:35Z</time>
    <name><![CDATA[右转，和大环线分岔路口
        ]]>
    </name>
    <cmt>右转，和大环线分岔路口
        </cmt>
    <desc><![CDATA[]]>
    </desc>
    <sym>Flag, Blue</sym>
    <type>user</type>
    <extensions>
      <PosType>0</PosType>
      <Speed>0.60582805</Speed>
      <Accuracy>1.6</Accuracy>
      <Time>1781502635957</Time>
      <description><![CDATA[]]>
      </description>
      <FileId>1629126835</FileId>
      <FileSize>2847774</FileSize>
      <FileType>0</FileType>
    </extensions>
  </wpt>
  <wpt lat="29.2501215" lon="119.7202358">
    <ele>552.7</ele>
    <time>2026-06-15T05:53:41Z</time>
    <name><![CDATA[
        ]]>
    </name>
    <cmt>
        </cmt>
    <desc><![CDATA[]]>
    </desc>
    <sym>Flag, Blue</sym>
    <type>user</type>
    <extensions>
      <PosType>0</PosType>
      <Speed>0.9265</Speed>
      <Accuracy>1.8</Accuracy>
      <Time>1781502821886</Time>
      <description><![CDATA[]]>
      </description>
      <FileId>1629126833</FileId>
      <FileSize>1628448</FileSize>
      <FileType>0</FileType>
    </extensions>
  </wpt>
  <wpt lat="29.2498564" lon="119.7228984">
    <ele>578.3</ele>
    <time>2026-06-15T06:00:55Z</time>
    <name><![CDATA[路况挺好
        ]]>
    </name>
    <cmt>路况挺好
        </cmt>
    <desc><![CDATA[]]>
    </desc>
    <sym>Flag, Blue</sym>
    <type>user</type>
    <extensions>
      <PosType>0</PosType>
      <Speed>0.9553245</Speed>
      <Accuracy>2.0</Accuracy>
      <Time>1781503255909</Time>
      <description><![CDATA[]]>
      </description>
    </extensions>
  </wpt>
  <wpt lat="29.2489386" lon="119.7230174">
    <ele>584.2</ele>
    <time>2026-06-15T06:02:53Z</time>
    <name><![CDATA[
        ]]>
    </name>
    <cmt>
        </cmt>
    <desc><![CDATA[]]>
    </desc>
    <sym>Flag, Blue</sym>
    <type>user</type>
    <extensions>
      <PosType>0</PosType>
      <Speed>0.58987164</Speed>
      <Accuracy>2.0</Accuracy>
      <Time>1781503373953</Time>
      <description><![CDATA[]]>
      </description>
      <FileId>1629126831</FileId>
      <FileSize>1362381</FileSize>
      <FileType>0</FileType>
    </extensions>
  </wpt>
  <wpt lat="29.2504063" lon="119.7256045">
    <ele>575.4</ele>
    <time>2026-06-15T06:11:49Z</time>
    <name><![CDATA[
        ]]>
    </name>
    <cmt>
        </cmt>
    <desc><![CDATA[]]>
    </desc>
    <sym>Flag, Blue</sym>
    <type>user</type>
    <extensions>
      <PosType>0</PosType>
      <Speed>0.43185195</Speed>
      <Accuracy>1.9</Accuracy>
      <Time>1781503909944</Time>
      <description><![CDATA[]]>
      </description>
      <FileId>1629126827</FileId>
      <FileSize>1698542</FileSize>
      <FileType>0</FileType>
    </extensions>
  </wpt>
  <wpt lat="29.2494434" lon="119.7274895">
    <ele>608.9</ele>
    <time>2026-06-15T06:16:31Z</time>
    <name><![CDATA[乱石堆，就这一小段
        ]]>
    </name>
    <cmt>乱石堆，就这一小段
        </cmt>
    <desc><![CDATA[]]>
    </desc>
    <sym>Flag, Blue</sym>
    <type>user</type>
    <extensions>
      <PosType>0</PosType>
      <Speed>0.70722836</Speed>
      <Accuracy>1.7</Accuracy>
      <Time>1781504191893</Time>
      <description><![CDATA[]]>
      </description>
      <FileId>1629126824</FileId>
      <FileSize>1504999</FileSize>
      <FileType>0</FileType>
    </extensions>
  </wpt>
  <wpt lat="29.2464604" lon="119.7296822">
    <ele>608.2</ele>
    <time>2026-06-15T06:24:45Z</time>
    <name><![CDATA[钢索
        ]]>
    </name>
    <cmt>钢索
        </cmt>
    <desc><![CDATA[]]>
    </desc>
    <sym>Flag, Blue</sym>
    <type>user</type>
    <extensions>
      <PosType>0</PosType>
      <Speed>0.0</Speed>
      <Accuracy>1.8</Accuracy>
      <Time>1781504685905</Time>
      <description><![CDATA[]]>
      </description>
    </extensions>
  </wpt>
  <wpt lat="29.24509" lon="119.7312882">
    <ele>603.1</ele>
    <time>2026-06-15T06:28:47Z</time>
    <name><![CDATA[左转
        ]]>
    </name>
    <cmt>左转
        </cmt>
    <desc><![CDATA[]]>
    </desc>
    <sym>Flag, Blue</sym>
    <type>user</type>
    <extensions>
      <PosType>0</PosType>
      <Speed>0.5790625</Speed>
      <Accuracy>1.6</Accuracy>
      <Time>1781504927997</Time>
      <description><![CDATA[]]>
      </description>
      <FileId>1629126820</FileId>
      <FileSize>2626887</FileSize>
      <FileType>0</FileType>
    </extensions>
  </wpt>
  <wpt lat="29.2482529" lon="119.7313337">
    <ele>594.4</ele>
    <time>2026-06-15T06:39:11Z</time>
    <name><![CDATA[右转
        ]]>
    </name>
    <cmt>右转
        </cmt>
    <desc><![CDATA[]]>
    </desc>
    <sym>Flag, Blue</sym>
    <type>user</type>
    <extensions>
      <PosType>0</PosType>
      <Speed>0.861645</Speed>
      <Accuracy>1.6</Accuracy>
      <Time>1781505551928</Time>
      <description><![CDATA[]]>
      </description>
      <FileId>1629126818</FileId>
      <FileSize>2638681</FileSize>
      <FileType>0</FileType>
    </extensions>
  </wpt>
  <wpt lat="29.248348" lon="119.7324712">
    <ele>585.4</ele>
    <time>2026-06-15T06:42:19Z</time>
    <name><![CDATA[右转，和大环线交汇的分叉口
        ]]>
    </name>
    <cmt>右转，和大环线交汇的分叉口
        </cmt>
    <desc><![CDATA[]]>
    </desc>
    <sym>Flag, Blue</sym>
    <type>user</type>
    <extensions>
      <PosType>0</PosType>
      <Speed>1.18592</Speed>
      <Accuracy>1.4</Accuracy>
      <Time>1781505739928</Time>
      <description><![CDATA[]]>
      </description>
      <FileId>1629126815</FileId>
      <FileSize>2626944</FileSize>
      <FileType>0</FileType>
    </extensions>
  </wpt>
  <wpt lat="29.2489729" lon="119.7336245">
    <ele>567.9</ele>
    <time>2026-06-15T06:46:05Z</time>
    <name><![CDATA[右转
        ]]>
    </name>
    <cmt>右转
        </cmt>
    <desc><![CDATA[]]>
    </desc>
    <sym>Flag, Blue</sym>
    <type>user</type>
    <extensions>
      <PosType>0</PosType>
      <Speed>0.0</Speed>
      <Accuracy>1.5</Accuracy>
      <Time>1781505965940</Time>
      <description><![CDATA[]]>
      </description>
      <FileId>1629126811</FileId>
      <FileSize>2009181</FileSize>
      <FileType>0</FileType>
    </extensions>
  </wpt>
  <wpt lat="29.2489033" lon="119.7336783">
    <ele>566.2</ele>
    <time>2026-06-15T06:47:11Z</time>
    <name><![CDATA[陡下坡
        ]]>
    </name>
    <cmt>陡下坡
        </cmt>
    <desc><![CDATA[]]>
    </desc>
    <sym>Flag, Blue</sym>
    <type>user</type>
    <extensions>
      <PosType>0</PosType>
      <Speed>0.0</Speed>
      <Accuracy>1.4</Accuracy>
      <Time>1781506031974</Time>
      <description><![CDATA[]]>
      </description>
    </extensions>
  </wpt>
  <wpt lat="29.2495907" lon="119.7346044">
    <ele>534.2</ele>
    <time>2026-06-15T06:51:03Z</time>
    <name><![CDATA[溪流
        ]]>
    </name>
    <cmt>溪流
        </cmt>
    <desc><![CDATA[]]>
    </desc>
    <sym>Flag, Blue</sym>
    <type>user</type>
    <extensions>
      <PosType>0</PosType>
      <Speed>0.64288807</Speed>
      <Accuracy>1.5</Accuracy>
      <Time>1781506263979</Time>
      <description><![CDATA[]]>
      </description>
      <FileId>1629126808</FileId>
      <FileSize>1510036</FileSize>
      <FileType>0</FileType>
    </extensions>
  </wpt>
  <wpt lat="29.2470736" lon="119.7338754">
    <ele>494.9</ele>
    <time>2026-06-15T06:58:27Z</time>
    <name><![CDATA[过溪
        ]]>
    </name>
    <cmt>过溪
        </cmt>
    <desc><![CDATA[]]>
    </desc>
    <sym>Flag, Blue</sym>
    <type>user</type>
    <extensions>
      <PosType>0</PosType>
      <Speed>0.32581916</Speed>
      <Accuracy>1.8</Accuracy>
      <Time>1781506707919</Time>
      <description><![CDATA[]]>
      </description>
      <FileId>1629126803</FileId>
      <FileSize>1311821</FileSize>
      <FileType>0</FileType>
    </extensions>
  </wpt>
  <wpt lat="29.2463987" lon="119.7334315">
    <ele>479.2</ele>
    <time>2026-06-15T07:00:23Z</time>
    <name><![CDATA[
        ]]>
    </name>
    <cmt>
        </cmt>
    <desc><![CDATA[]]>
    </desc>
    <sym>Flag, Blue</sym>
    <type>user</type>
    <extensions>
      <PosType>0</PosType>
      <Speed>1.2003322</Speed>
      <Accuracy>1.8</Accuracy>
      <Time>1781506823935</Time>
      <description><![CDATA[]]>
      </description>
      <FileId>1629126801</FileId>
      <FileSize>1520473</FileSize>
      <FileType>0</FileType>
    </extensions>
  </wpt>
  <wpt lat="29.2444593" lon="119.7345039">
    <ele>427.4</ele>
    <time>2026-06-15T07:06:58Z</time>
    <name><![CDATA[过溪
        ]]>
    </name>
    <cmt>过溪
        </cmt>
    <desc><![CDATA[]]>
    </desc>
    <sym>Flag, Blue</sym>
    <type>user</type>
    <extensions>
      <PosType>0</PosType>
      <Speed>0.87399834</Speed>
      <Accuracy>2.0</Accuracy>
      <Time>1781507218967</Time>
      <description><![CDATA[]]>
      </description>
      <FileId>1629126793</FileId>
      <FileSize>1443082</FileSize>
      <FileType>0</FileType>
    </extensions>
  </wpt>
  <wpt lat="29.2438866" lon="119.7347165">
    <ele>415.9</ele>
    <time>2026-06-15T07:09:46Z</time>
    <name><![CDATA[过溪
        ]]>
    </name>
    <cmt>过溪
        </cmt>
    <desc><![CDATA[]]>
    </desc>
    <sym>Flag, Blue</sym>
    <type>user</type>
    <extensions>
      <PosType>0</PosType>
      <Speed>0.0</Speed>
      <Accuracy>1.8</Accuracy>
      <Time>1781507386899</Time>
      <description><![CDATA[]]>
      </description>
      <FileId>1629126789</FileId>
      <FileSize>1231397</FileSize>
      <FileType>0</FileType>
    </extensions>
  </wpt>
  <wpt lat="29.2420297" lon="119.735465">
    <ele>381.3</ele>
    <time>2026-06-15T07:14:36Z</time>
    <name><![CDATA[右转，左边是近道
        ]]>
    </name>
    <cmt>右转，左边是近道
        </cmt>
    <desc><![CDATA[]]>
    </desc>
    <sym>Flag, Blue</sym>
    <type>user</type>
    <extensions>
      <PosType>0</PosType>
      <Speed>0.78186303</Speed>
      <Accuracy>1.9</Accuracy>
      <Time>1781507676940</Time>
      <description><![CDATA[]]>
      </description>
      <FileId>1629126785</FileId>
      <FileSize>1733291</FileSize>
      <FileType>0</FileType>
    </extensions>
  </wpt>
  <wpt lat="29.2411236" lon="119.7361649">
    <ele>330.4</ele>
    <time>2026-06-15T07:18:28Z</time>
    <name><![CDATA[左转去瀑布
        ]]>
    </name>
    <cmt>左转去瀑布
        </cmt>
    <desc><![CDATA[]]>
    </desc>
    <sym>Flag, Blue</sym>
    <type>user</type>
    <extensions>
      <PosType>0</PosType>
      <Speed>1.0325328</Speed>
      <Accuracy>1.9</Accuracy>
      <Time>1781507908944</Time>
      <description><![CDATA[]]>
      </description>
      <FileId>1629126781</FileId>
      <FileSize>2461231</FileSize>
      <FileType>0</FileType>
    </extensions>
  </wpt>
  <wpt lat="29.2411548" lon="119.7362805">
    <ele>316.2</ele>
    <time>2026-06-15T07:20:50Z</time>
    <name><![CDATA[瀑布
        ]]>
    </name>
    <cmt>瀑布
        </cmt>
    <desc><![CDATA[]]>
    </desc>
    <sym>Flag, Blue</sym>
    <type>user</type>
    <extensions>
      <PosType>0</PosType>
      <Speed>0.9362797</Speed>
      <Accuracy>2.0</Accuracy>
      <Time>1781508050846</Time>
      <description><![CDATA[]]>
      </description>
      <FileId>1629126776</FileId>
      <FileSize>1111683</FileSize>
      <FileType>0</FileType>
    </extensions>
  </wpt>
  <wpt lat="29.2410817" lon="119.7363233">
    <ele>319.3</ele>
    <time>2026-06-15T07:24:58Z</time>
    <name><![CDATA[和主路汇合
        ]]>
    </name>
    <cmt>和主路汇合
        </cmt>
    <desc><![CDATA[]]>
    </desc>
    <sym>Flag, Blue</sym>
    <type>user</type>
    <extensions>
      <PosType>0</PosType>
      <Speed>0.8456886</Speed>
      <Accuracy>2.0</Accuracy>
      <Time>1781508298946</Time>
      <description><![CDATA[]]>
      </description>
      <FileId>1629126773</FileId>
      <FileSize>1186942</FileSize>
      <FileType>0</FileType>
    </extensions>
  </wpt>
  <wpt lat="29.2393586" lon="119.7365863">
    <ele>306.8</ele>
    <time>2026-06-15T07:27:58Z</time>
    <name><![CDATA[
        ]]>
    </name>
    <cmt>
        </cmt>
    <desc><![CDATA[]]>
    </desc>
    <sym>Flag, Blue</sym>
    <type>user</type>
    <extensions>
      <PosType>0</PosType>
      <Speed>1.5210042</Speed>
      <Accuracy>1.8</Accuracy>
      <Time>1781508478942</Time>
      <description><![CDATA[]]>
      </description>
      <FileId>1629126769</FileId>
      <FileSize>1383508</FileSize>
      <FileType>0</FileType>
    </extensions>
  </wpt>
  <wpt lat="29.237314" lon="119.7353653">
    <ele>253.5</ele>
    <time>2026-06-15T07:31:18Z</time>
    <name><![CDATA[过桥左转，完成闭环
        ]]>
    </name>
    <cmt>过桥左转，完成闭环
        </cmt>
    <desc><![CDATA[]]>
    </desc>
    <sym>Flag, Blue</sym>
    <type>user</type>
    <extensions>
      <PosType>0</PosType>
      <Speed>0.8760572</Speed>
      <Accuracy>1.7</Accuracy>
      <Time>1781508678974</Time>
      <description><![CDATA[]]>
      </description>
      <FileId>1629126764</FileId>
      <FileSize>2238617</FileSize>
      <FileType>0</FileType>
    </extensions>
  </wpt>
</gpx>