<?xml version='1.0' encoding='UTF-8' standalone='yes' ?>
<gpx version="1.1" creator="GPSBabel - http://www.gpsbabel.org" xmlns:xsi="http://www.w3.org/2001/XMLSchema-instance" xmlns="http://www.topografix.com/GPX/1/1" xsi:schemaLocation="http://www.topografix.com/GPX/1/1 http://www.topografix.com/GPX/1/1/gpx.xsd">
  <metadata>
    <link href="http://www.garmin.com">
      <text>Garmin International</text>
    </link>
    <time>2026-02-15T01:01:00Z</time>
    <bounds minlat="29.2343967" minlon="119.715685" maxlat="29.2562293" maxlon="119.73899" />
  </metadata>
  <extensions>
    <name><![CDATA[金兰古道260215]]>
    </name>
    <description><![CDATA[鸬鹚尖，黄马尖，]]>
    </description>
    <TrackId>79714391</TrackId>
    <TrackTypeId>8</TrackTypeId>
    <TrackTags>外部导入,爬山</TrackTags>
    <BeginTime>1771117260000</BeginTime>
    <EndTime>1771130730000</EndTime>
    <TimeUsed>13470000</TimeUsed>
    <PauseTime>125081</PauseTime>
    <PosStartName>岩后村金兰古道停车场</PosStartName>
    <PosEndName>岩后村金兰古道停车场</PosEndName>
    <ProductVersion>and_8.1.2</ProductVersion>
    <StartDistrictId>9655</StartDistrictId>
    <EndDistrictId>9655</EndDistrictId>
    <CreaterId>64771087</CreaterId>
    <CreaterName><![CDATA[步履赴山野]]>
    </CreaterName>
    <CreaterIcon>1523534626</CreaterIcon>
    <OriginCreaterId>64771087</OriginCreaterId>
    <OriginCreaterNickname><![CDATA[步履赴山野]]>
    </OriginCreaterNickname>
    <OriginCreaterName><![CDATA[null]]>
    </OriginCreaterName>
    <OriginCreaterIcon>1523534626</OriginCreaterIcon>
    <ThumbnailId>1557904574</ThumbnailId>
    <Distance>9107.0</Distance>
    <ElevationGain>717.7399999999998</ElevationGain>
    <ElevationLoss>725.7699999999995</ElevationLoss>
    <SportAvgSpeed>0.6824320177589688</SportAvgSpeed>
  </extensions>
  <trk>
    <trkseg>
      <trkpt lat="29.2343967" lon="119.73899">
        <ele>229.7</ele>
        <time>2026-02-15T01:01:01Z</time>
        <speed>0.8611303</speed>
      </trkpt>
      <trkpt lat="29.2344442" lon="119.7389158">
        <ele>229.7</ele>
        <time>2026-02-15T01:01:09Z</time>
        <speed>1.3959267</speed>
      </trkpt>
      <trkpt lat="29.2345178" lon="119.7388285">
        <ele>226.99</ele>
        <time>2026-02-15T01:01:19Z</time>
        <speed>0.9445153</speed>
      </trkpt>
      <trkpt lat="29.2345761" lon="119.7387258">
        <ele>224.41</ele>
        <time>2026-02-15T01:01:25Z</time>
        <speed>1.6239486</speed>
      </trkpt>
      <trkpt lat="29.2346194" lon="119.7386208">
        <ele>222.47</ele>
        <time>2026-02-15T01:01:33Z</time>
        <speed>2.0027843</speed>
      </trkpt>
      <trkpt lat="29.2346273" lon="119.7384899">
        <ele>220.68</ele>
        <time>2026-02-15T01:01:41Z</time>
        <speed>1.6414492</speed>
      </trkpt>
      <trkpt lat="29.2346137" lon="119.7383669">
        <ele>219.35</ele>
        <time>2026-02-15T01:01:49Z</time>
        <speed>1.1282711</speed>
      </trkpt>
      <trkpt lat="29.2345854" lon="119.7382612">
        <ele>218.86</ele>
        <time>2026-02-15T01:02:03Z</time>
        <speed>0.6037692</speed>
      </trkpt>
      <trkpt lat="29.2345178" lon="119.7381774">
        <ele>219.22</ele>
        <time>2026-02-15T01:02:11Z</time>
        <speed>1.5163716</speed>
      </trkpt>
      <trkpt lat="29.2344828" lon="119.7380759">
        <ele>219.81</ele>
        <time>2026-02-15T01:02:21Z</time>
        <speed>1.2023911</speed>
      </trkpt>
      <trkpt lat="29.2344756" lon="119.7379665">
        <ele>221.18</ele>
        <time>2026-02-15T01:02:29Z</time>
        <speed>1.4015886</speed>
      </trkpt>
      <trkpt lat="29.2344721" lon="119.7379306">
        <ele>222.05</ele>
        <time>2026-02-15T01:02:37Z</time>
        <speed>0.0</speed>
      </trkpt>
      <trkpt lat="29.2344759" lon="119.7378471">
        <ele>222.07</ele>
        <time>2026-02-15T01:02:49Z</time>
        <speed>0.843115</speed>
      </trkpt>
      <trkpt lat="29.2344877" lon="119.7377423">
        <ele>221.44</ele>
        <time>2026-02-15T01:02:59Z</time>
        <speed>0.9707661</speed>
      </trkpt>
      <trkpt lat="29.2345251" lon="119.7376367">
        <ele>220.86</ele>
        <time>2026-02-15T01:03:19Z</time>
        <speed>0.49413332</speed>
      </trkpt>
      <trkpt lat="29.2345748" lon="119.7375361">
        <ele>219.93</ele>
        <time>2026-02-15T01:03:25Z</time>
        <speed>1.1761403</speed>
      </trkpt>
      <trkpt lat="29.2346421" lon="119.737448">
        <ele>219.27</ele>
        <time>2026-02-15T01:03:33Z</time>
        <speed>1.3743083</speed>
      </trkpt>
      <trkpt lat="29.2347041" lon="119.7373348">
        <ele>219.54</ele>
        <time>2026-02-15T01:03:41Z</time>
        <speed>1.5091655</speed>
      </trkpt>
      <trkpt lat="29.2347436" lon="119.7372254">
        <ele>220.08</ele>
        <time>2026-02-15T01:03:49Z</time>
        <speed>1.3351895</speed>
      </trkpt>
      <trkpt lat="29.2348054" lon="119.7371211">
        <ele>219.14</ele>
        <time>2026-02-15T01:03:55Z</time>
        <speed>1.3146006</speed>
      </trkpt>
      <trkpt lat="29.2348624" lon="119.737014">
        <ele>218.95</ele>
        <time>2026-02-15T01:04:01Z</time>
        <speed>1.5390195</speed>
      </trkpt>
      <trkpt lat="29.2349371" lon="119.7369383">
        <ele>219.7</ele>
        <time>2026-02-15T01:04:07Z</time>
        <speed>1.6599792</speed>
      </trkpt>
      <trkpt lat="29.2350167" lon="119.7368654">
        <ele>220.95</ele>
        <time>2026-02-15T01:04:13Z</time>
        <speed>1.79741</speed>
      </trkpt>
      <trkpt lat="29.2351034" lon="119.7367969">
        <ele>220.24</ele>
        <time>2026-02-15T01:04:17Z</time>
        <speed>2.0383</speed>
      </trkpt>
      <trkpt lat="29.235193" lon="119.7367026">
        <ele>218.98</ele>
        <time>2026-02-15T01:04:21Z</time>
        <speed>2.549934</speed>
      </trkpt>
      <trkpt lat="29.2352905" lon="119.7366095">
        <ele>218.43</ele>
        <time>2026-02-15T01:04:25Z</time>
        <speed>2.9344313</speed>
      </trkpt>
      <trkpt lat="29.2353852" lon="119.7365565">
        <ele>218.59</ele>
        <time>2026-02-15T01:04:29Z</time>
        <speed>2.9823005</speed>
      </trkpt>
      <trkpt lat="29.2354831" lon="119.736525">
        <ele>219.15</ele>
        <time>2026-02-15T01:04:35Z</time>
        <speed>2.3589718</speed>
      </trkpt>
      <trkpt lat="29.2355607" lon="119.7364705">
        <ele>220.16</ele>
        <time>2026-02-15T01:04:43Z</time>
        <speed>1.6188014</speed>
      </trkpt>
      <trkpt lat="29.2356469" lon="119.7364117">
        <ele>220.87</ele>
        <time>2026-02-15T01:04:51Z</time>
        <speed>1.4165156</speed>
      </trkpt>
      <trkpt lat="29.2357258" lon="119.7363276">
        <ele>221.35</ele>
        <time>2026-02-15T01:04:59Z</time>
        <speed>1.4463694</speed>
      </trkpt>
      <trkpt lat="29.2357922" lon="119.7362483">
        <ele>222.19</ele>
        <time>2026-02-15T01:05:05Z</time>
        <speed>1.4659289</speed>
      </trkpt>
      <trkpt lat="29.2358881" lon="119.7361661">
        <ele>223.53</ele>
        <time>2026-02-15T01:05:11Z</time>
        <speed>1.671303</speed>
      </trkpt>
      <trkpt lat="29.2359745" lon="119.7361046">
        <ele>224.12</ele>
        <time>2026-02-15T01:05:15Z</time>
        <speed>2.0089607</speed>
      </trkpt>
      <trkpt lat="29.2360538" lon="119.7360298">
        <ele>225.53</ele>
        <time>2026-02-15T01:05:21Z</time>
        <speed>1.9986664</speed>
      </trkpt>
      <trkpt lat="29.2361391" lon="119.7359606">
        <ele>227.02</ele>
        <time>2026-02-15T01:05:27Z</time>
        <speed>2.0429325</speed>
      </trkpt>
      <trkpt lat="29.2362333" lon="119.7359238">
        <ele>228.91</ele>
        <time>2026-02-15T01:05:33Z</time>
        <speed>1.9960928</speed>
      </trkpt>
      <trkpt lat="29.2363318" lon="119.7358697">
        <ele>230.45</ele>
        <time>2026-02-15T01:05:39Z</time>
        <speed>1.8957219</speed>
      </trkpt>
      <trkpt lat="29.2364488" lon="119.7358226">
        <ele>231.07</ele>
        <time>2026-02-15T01:05:45Z</time>
        <speed>1.8272638</speed>
      </trkpt>
      <trkpt lat="29.2365583" lon="119.7357566">
        <ele>230.57</ele>
        <time>2026-02-15T01:05:51Z</time>
        <speed>1.6615233</speed>
      </trkpt>
      <trkpt lat="29.23666" lon="119.7357072">
        <ele>229.46</ele>
        <time>2026-02-15T01:05:57Z</time>
        <speed>1.8241756</speed>
      </trkpt>
      <trkpt lat="29.2367711" lon="119.7356633">
        <ele>230.08</ele>
        <time>2026-02-15T01:06:05Z</time>
        <speed>1.8411614</speed>
      </trkpt>
      <trkpt lat="29.2368609" lon="119.735606">
        <ele>231.29</ele>
        <time>2026-02-15T01:06:11Z</time>
        <speed>1.8509411</speed>
      </trkpt>
      <trkpt lat="29.23696" lon="119.7355532">
        <ele>232.97</ele>
        <time>2026-02-15T01:06:19Z</time>
        <speed>1.6296105</speed>
      </trkpt>
      <trkpt lat="29.2370485" lon="119.7354901">
        <ele>233.89</ele>
        <time>2026-02-15T01:06:27Z</time>
        <speed>1.6707883</speed>
      </trkpt>
      <trkpt lat="29.2371044" lon="119.7353905">
        <ele>233.59</ele>
        <time>2026-02-15T01:06:37Z</time>
        <speed>0.98209</speed>
      </trkpt>
      <trkpt lat="29.2371601" lon="119.735297">
        <ele>229.77</ele>
        <time>2026-02-15T01:06:45Z</time>
        <speed>0.8678217</speed>
      </trkpt>
      <trkpt lat="29.237215" lon="119.7351983">
        <ele>227.72</ele>
        <time>2026-02-15T01:07:51Z</time>
        <speed>1.2116561</speed>
      </trkpt>
      <trkpt lat="29.237215" lon="119.735175">
        <ele>228.35</ele>
        <time>2026-02-15T01:07:53Z</time>
        <speed>0.0</speed>
      </trkpt>
      <trkpt lat="29.2372855" lon="119.7350995">
        <ele>228.59</ele>
        <time>2026-02-15T01:08:05Z</time>
        <speed>0.9594422</speed>
      </trkpt>
      <trkpt lat="29.2373222" lon="119.7350019">
        <ele>228.55</ele>
        <time>2026-02-15T01:08:11Z</time>
        <speed>1.2960706</speed>
      </trkpt>
      <trkpt lat="29.2373938" lon="119.7349309">
        <ele>227.24</ele>
        <time>2026-02-15T01:08:17Z</time>
        <speed>1.473135</speed>
      </trkpt>
      <trkpt lat="29.2374906" lon="119.7348835">
        <ele>227.31</ele>
        <time>2026-02-15T01:08:25Z</time>
        <speed>1.6141689</speed>
      </trkpt>
      <trkpt lat="29.2375673" lon="119.7348095">
        <ele>227.69</ele>
        <time>2026-02-15T01:08:35Z</time>
        <speed>1.1550367</speed>
      </trkpt>
      <trkpt lat="29.2376281" lon="119.7347156">
        <ele>229.42</ele>
        <time>2026-02-15T01:08:47Z</time>
        <speed>0.9445153</speed>
      </trkpt>
      <trkpt lat="29.2376791" lon="119.7346165">
        <ele>232.51</ele>
        <time>2026-02-15T01:08:57Z</time>
        <speed>1.217318</speed>
      </trkpt>
      <trkpt lat="29.2377549" lon="119.7345532">
        <ele>235.3</ele>
        <time>2026-02-15T01:09:09Z</time>
        <speed>0.7777453</speed>
      </trkpt>
      <trkpt lat="29.2377333" lon="119.7344517">
        <ele>237.49</ele>
        <time>2026-02-15T01:10:23Z</time>
        <speed>0.86318916</speed>
      </trkpt>
      <trkpt lat="29.2377267" lon="119.734335">
        <ele>238.61</ele>
        <time>2026-02-15T01:10:33Z</time>
        <speed>1.0613573</speed>
      </trkpt>
      <trkpt lat="29.2377214" lon="119.7342917">
        <ele>239.47</ele>
        <time>2026-02-15T01:10:35Z</time>
        <speed>0.0</speed>
      </trkpt>
      <trkpt lat="29.2376804" lon="119.7342021">
        <ele>240.04</ele>
        <time>2026-02-15T01:10:43Z</time>
        <speed>1.1926113</speed>
      </trkpt>
      <trkpt lat="29.2376633" lon="119.7340835">
        <ele>241.96</ele>
        <time>2026-02-15T01:10:53Z</time>
        <speed>1.1087117</speed>
      </trkpt>
      <trkpt lat="29.2376734" lon="119.7340323">
        <ele>243.7</ele>
        <time>2026-02-15T01:11:01Z</time>
        <speed>0.0</speed>
      </trkpt>
      <trkpt lat="29.2376368" lon="119.7339614">
        <ele>244.69</ele>
        <time>2026-02-15T01:11:11Z</time>
        <speed>1.550858</speed>
      </trkpt>
      <trkpt lat="29.2376104" lon="119.7338593">
        <ele>244.87</ele>
        <time>2026-02-15T01:11:19Z</time>
        <speed>1.3532047</speed>
      </trkpt>
      <trkpt lat="29.2375856" lon="119.733738">
        <ele>244.58</ele>
        <time>2026-02-15T01:11:29Z</time>
        <speed>1.2667314</speed>
      </trkpt>
      <trkpt lat="29.2375754" lon="119.7336825">
        <ele>244.76</ele>
        <time>2026-02-15T01:11:37Z</time>
        <speed>0.0</speed>
      </trkpt>
      <trkpt lat="29.237582" lon="119.7335904">
        <ele>245.29</ele>
        <time>2026-02-15T01:11:57Z</time>
        <speed>0.7391411</speed>
      </trkpt>
      <trkpt lat="29.2376178" lon="119.7336488">
        <ele>246.84</ele>
        <time>2026-02-15T01:12:07Z</time>
        <speed>0.6212697</speed>
      </trkpt>
      <trkpt lat="29.2375802" lon="119.7336239">
        <ele>248.68</ele>
        <time>2026-02-15T01:12:19Z</time>
        <speed>1.0881227</speed>
      </trkpt>
      <trkpt lat="29.2375987" lon="119.7335342">
        <ele>250.15</ele>
        <time>2026-02-15T01:12:27Z</time>
        <speed>1.0829755</speed>
      </trkpt>
      <trkpt lat="29.2376506" lon="119.7334376">
        <ele>251.89</ele>
        <time>2026-02-15T01:12:35Z</time>
        <speed>1.1426834</speed>
      </trkpt>
      <trkpt lat="29.2377004" lon="119.7333372">
        <ele>253.44</ele>
        <time>2026-02-15T01:12:43Z</time>
        <speed>1.2301861</speed>
      </trkpt>
      <trkpt lat="29.2377782" lon="119.7332565">
        <ele>254.11</ele>
        <time>2026-02-15T01:12:51Z</time>
        <speed>1.2687902</speed>
      </trkpt>
      <trkpt lat="29.2378624" lon="119.7331707">
        <ele>254.88</ele>
        <time>2026-02-15T01:13:01Z</time>
        <speed>1.1061381</speed>
      </trkpt>
      <trkpt lat="29.2379367" lon="119.7330878">
        <ele>256.27</ele>
        <time>2026-02-15T01:13:11Z</time>
        <speed>0.6506089</speed>
      </trkpt>
      <trkpt lat="29.2380209" lon="119.733016">
        <ele>256.62</ele>
        <time>2026-02-15T01:13:19Z</time>
        <speed>1.1550367</speed>
      </trkpt>
      <trkpt lat="29.2381009" lon="119.732957">
        <ele>258.12</ele>
        <time>2026-02-15T01:13:27Z</time>
        <speed>1.2538633</speed>
      </trkpt>
      <trkpt lat="29.2381849" lon="119.7329032">
        <ele>260.18</ele>
        <time>2026-02-15T01:13:35Z</time>
        <speed>1.09327</speed>
      </trkpt>
      <trkpt lat="29.2382753" lon="119.7328491">
        <ele>261.13</ele>
        <time>2026-02-15T01:13:43Z</time>
        <speed>0.0</speed>
      </trkpt>
      <trkpt lat="29.2383752" lon="119.7328002">
        <ele>261.33</ele>
        <time>2026-02-15T01:13:49Z</time>
        <speed>1.4396781</speed>
      </trkpt>
      <trkpt lat="29.2384756" lon="119.7327316">
        <ele>261.96</ele>
        <time>2026-02-15T01:13:57Z</time>
        <speed>1.4875473</speed>
      </trkpt>
      <trkpt lat="29.2385404" lon="119.7326552">
        <ele>263.83</ele>
        <time>2026-02-15T01:14:07Z</time>
        <speed>0.0</speed>
      </trkpt>
      <trkpt lat="29.2385991" lon="119.7325542">
        <ele>264.42</ele>
        <time>2026-02-15T01:14:17Z</time>
        <speed>1.2157739</speed>
      </trkpt>
      <trkpt lat="29.23866" lon="119.7324601">
        <ele>265.36</ele>
        <time>2026-02-15T01:14:25Z</time>
        <speed>1.2399658</speed>
      </trkpt>
      <trkpt lat="29.2387215" lon="119.7323629">
        <ele>266.49</ele>
        <time>2026-02-15T01:14:33Z</time>
        <speed>1.1823169</speed>
      </trkpt>
      <trkpt lat="29.2387864" lon="119.7322763">
        <ele>268.6</ele>
        <time>2026-02-15T01:14:45Z</time>
        <speed>0.82973224</speed>
      </trkpt>
      <trkpt lat="29.2388665" lon="119.7322104">
        <ele>270.58</ele>
        <time>2026-02-15T01:14:53Z</time>
        <speed>1.176655</speed>
      </trkpt>
      <trkpt lat="29.2389471" lon="119.732143">
        <ele>272.31</ele>
        <time>2026-02-15T01:15:01Z</time>
        <speed>1.2898939</speed>
      </trkpt>
      <trkpt lat="29.2389957" lon="119.7321087">
        <ele>273.6</ele>
        <time>2026-02-15T01:15:05Z</time>
        <speed>0.0</speed>
      </trkpt>
      <trkpt lat="29.2390735" lon="119.7320597">
        <ele>274.63</ele>
        <time>2026-02-15T01:15:13Z</time>
        <speed>0.8158347</speed>
      </trkpt>
      <trkpt lat="29.2391684" lon="119.7320019">
        <ele>276.04</ele>
        <time>2026-02-15T01:15:21Z</time>
        <speed>1.1169472</speed>
      </trkpt>
      <trkpt lat="29.2392701" lon="119.7319555">
        <ele>277.7</ele>
        <time>2026-02-15T01:15:30Z</time>
        <speed>1.1956997</speed>
      </trkpt>
      <trkpt lat="29.2393728" lon="119.7319199">
        <ele>279.46</ele>
        <time>2026-02-15T01:15:40Z</time>
        <speed>1.0834903</speed>
      </trkpt>
      <trkpt lat="29.2394536" lon="119.731859">
        <ele>280.86</ele>
        <time>2026-02-15T01:15:48Z</time>
        <speed>1.1056234</speed>
      </trkpt>
      <trkpt lat="29.2395607" lon="119.7318193">
        <ele>282.34</ele>
        <time>2026-02-15T01:15:54Z</time>
        <speed>1.4283541</speed>
      </trkpt>
      <trkpt lat="29.2396408" lon="119.7317382">
        <ele>284.21</ele>
        <time>2026-02-15T01:16:02Z</time>
        <speed>1.6738766</speed>
      </trkpt>
      <trkpt lat="29.2396987" lon="119.7316489">
        <ele>286.1</ele>
        <time>2026-02-15T01:16:10Z</time>
        <speed>0.97848696</speed>
      </trkpt>
      <trkpt lat="29.2397809" lon="119.7315835">
        <ele>287.05</ele>
        <time>2026-02-15T01:16:18Z</time>
        <speed>0.9928992</speed>
      </trkpt>
      <trkpt lat="29.2398698" lon="119.731527">
        <ele>288.02</ele>
        <time>2026-02-15T01:16:30Z</time>
        <speed>0.94348586</speed>
      </trkpt>
      <trkpt lat="29.2399557" lon="119.7314507">
        <ele>289.08</ele>
        <time>2026-02-15T01:16:46Z</time>
        <speed>0.0</speed>
      </trkpt>
      <trkpt lat="29.2400401" lon="119.7313865">
        <ele>289.82</ele>
        <time>2026-02-15T01:16:56Z</time>
        <speed>1.0716517</speed>
      </trkpt>
      <trkpt lat="29.2401236" lon="119.7313173">
        <ele>290.24</ele>
        <time>2026-02-15T01:17:06Z</time>
        <speed>0.9620158</speed>
      </trkpt>
      <trkpt lat="29.2402069" lon="119.7312561">
        <ele>291.08</ele>
        <time>2026-02-15T01:17:14Z</time>
        <speed>1.2029058</speed>
      </trkpt>
      <trkpt lat="29.2402876" lon="119.7312016">
        <ele>292.42</ele>
        <time>2026-02-15T01:17:22Z</time>
        <speed>1.1560661</speed>
      </trkpt>
      <trkpt lat="29.2403587" lon="119.7311366">
        <ele>293.79</ele>
        <time>2026-02-15T01:17:34Z</time>
        <speed>0.8590714</speed>
      </trkpt>
      <trkpt lat="29.2404327" lon="119.7310636">
        <ele>295.69</ele>
        <time>2026-02-15T01:17:54Z</time>
        <speed>0.6387703</speed>
      </trkpt>
      <trkpt lat="29.2404996" lon="119.7309865">
        <ele>297.63</ele>
        <time>2026-02-15T01:18:26Z</time>
        <speed>1.3212919</speed>
      </trkpt>
      <trkpt lat="29.2405214" lon="119.7309187">
        <ele>298.69</ele>
        <time>2026-02-15T01:19:00Z</time>
        <speed>0.0</speed>
      </trkpt>
      <trkpt lat="29.2405674" lon="119.7308371">
        <ele>300.59</ele>
        <time>2026-02-15T01:19:16Z</time>
        <speed>0.6902425</speed>
      </trkpt>
      <trkpt lat="29.2405936" lon="119.7307241">
        <ele>301.8</ele>
        <time>2026-02-15T01:19:32Z</time>
        <speed>0.78958386</speed>
      </trkpt>
      <trkpt lat="29.2405801" lon="119.7307893">
        <ele>301.88</ele>
        <time>2026-02-15T01:19:54Z</time>
        <speed>0.84054136</speed>
      </trkpt>
      <trkpt lat="29.2406122" lon="119.7307563">
        <ele>301.29</ele>
        <time>2026-02-15T01:20:20Z</time>
        <speed>0.79627526</speed>
      </trkpt>
      <trkpt lat="29.2406611" lon="119.7306626">
        <ele>301.64</ele>
        <time>2026-02-15T01:20:32Z</time>
        <speed>0.8585567</speed>
      </trkpt>
      <trkpt lat="29.2407516" lon="119.730585">
        <ele>302.05</ele>
        <time>2026-02-15T01:20:40Z</time>
        <speed>1.1776844</speed>
      </trkpt>
      <trkpt lat="29.2408131" lon="119.7304807">
        <ele>302.85</ele>
        <time>2026-02-15T01:20:48Z</time>
        <speed>1.3439398</speed>
      </trkpt>
      <trkpt lat="29.2408686" lon="119.7303803">
        <ele>303.43</ele>
        <time>2026-02-15T01:21:04Z</time>
        <speed>0.39993918</speed>
      </trkpt>
      <trkpt lat="29.2409218" lon="119.7302746">
        <ele>302.26</ele>
        <time>2026-02-15T01:21:14Z</time>
        <speed>0.7890692</speed>
      </trkpt>
      <trkpt lat="29.2409857" lon="119.7301878">
        <ele>302.19</ele>
        <time>2026-02-15T01:21:24Z</time>
        <speed>0.74274415</speed>
      </trkpt>
      <trkpt lat="29.2410501" lon="119.730095">
        <ele>302.71</ele>
        <time>2026-02-15T01:21:48Z</time>
        <speed>0.0</speed>
      </trkpt>
      <trkpt lat="29.2411268" lon="119.7300118">
        <ele>302.75</ele>
        <time>2026-02-15T01:22:00Z</time>
        <speed>1.1972439</speed>
      </trkpt>
      <trkpt lat="29.2411801" lon="119.7299146">
        <ele>304.62</ele>
        <time>2026-02-15T01:22:10Z</time>
        <speed>1.054151</speed>
      </trkpt>
      <trkpt lat="29.2412166" lon="119.7298118">
        <ele>306.68</ele>
        <time>2026-02-15T01:22:22Z</time>
        <speed>0.379865</speed>
      </trkpt>
      <trkpt lat="29.2412729" lon="119.7297149">
        <ele>309.83</ele>
        <time>2026-02-15T01:22:34Z</time>
        <speed>0.6784039</speed>
      </trkpt>
      <trkpt lat="29.2413477" lon="119.7296432">
        <ele>313.39</ele>
        <time>2026-02-15T01:22:44Z</time>
        <speed>0.8518653</speed>
      </trkpt>
      <trkpt lat="29.241429" lon="119.7295833">
        <ele>317.56</ele>
        <time>2026-02-15T01:22:54Z</time>
        <speed>1.2950411</speed>
      </trkpt>
      <trkpt lat="29.2415177" lon="119.7295275">
        <ele>322.31</ele>
        <time>2026-02-15T01:23:04Z</time>
        <speed>0.90745527</speed>
      </trkpt>
      <trkpt lat="29.2416144" lon="119.7294769">
        <ele>326.74</ele>
        <time>2026-02-15T01:23:14Z</time>
        <speed>0.9167203</speed>
      </trkpt>
      <trkpt lat="29.2417093" lon="119.7294272">
        <ele>331.37</ele>
        <time>2026-02-15T01:23:22Z</time>
        <speed>1.0603278</speed>
      </trkpt>
      <trkpt lat="29.2418063" lon="119.729387">
        <ele>335.47</ele>
        <time>2026-02-15T01:23:30Z</time>
        <speed>1.1416539</speed>
      </trkpt>
      <trkpt lat="29.241895" lon="119.7293436">
        <ele>338.36</ele>
        <time>2026-02-15T01:23:38Z</time>
        <speed>1.1699636</speed>
      </trkpt>
      <trkpt lat="29.2419916" lon="119.7293083">
        <ele>340.36</ele>
        <time>2026-02-15T01:23:48Z</time>
        <speed>1.1910672</speed>
      </trkpt>
      <trkpt lat="29.2420789" lon="119.7292431">
        <ele>341.84</ele>
        <time>2026-02-15T01:23:58Z</time>
        <speed>1.0804019</speed>
      </trkpt>
      <trkpt lat="29.2421624" lon="119.7291852">
        <ele>343.76</ele>
        <time>2026-02-15T01:24:08Z</time>
        <speed>1.0778283</speed>
      </trkpt>
      <trkpt lat="29.2421936" lon="119.7291476">
        <ele>345.84</ele>
        <time>2026-02-15T01:24:22Z</time>
        <speed>0.0</speed>
      </trkpt>
      <trkpt lat="29.2422762" lon="119.7291265">
        <ele>344.1</ele>
        <time>2026-02-15T01:24:40Z</time>
        <speed>0.64082915</speed>
      </trkpt>
      <trkpt lat="29.2423769" lon="119.7290767">
        <ele>343.84</ele>
        <time>2026-02-15T01:25:04Z</time>
        <speed>0.83796775</speed>
      </trkpt>
      <trkpt lat="29.2424555" lon="119.7290087">
        <ele>345.07</ele>
        <time>2026-02-15T01:25:10Z</time>
        <speed>1.2307009</speed>
      </trkpt>
      <trkpt lat="29.2424141" lon="119.7290513">
        <ele>345.99</ele>
        <time>2026-02-15T01:25:20Z</time>
        <speed>1.2111413</speed>
      </trkpt>
      <trkpt lat="29.2423281" lon="119.7291308">
        <ele>347.84</ele>
        <time>2026-02-15T01:25:30Z</time>
        <speed>1.399015</speed>
      </trkpt>
      <trkpt lat="29.2423515" lon="119.7291045">
        <ele>350.53</ele>
        <time>2026-02-15T01:25:42Z</time>
        <speed>0.0</speed>
      </trkpt>
      <trkpt lat="29.2424146" lon="119.7290385">
        <ele>351.08</ele>
        <time>2026-02-15T01:26:02Z</time>
        <speed>0.31809834</speed>
      </trkpt>
      <trkpt lat="29.2424982" lon="119.72897">
        <ele>352.77</ele>
        <time>2026-02-15T01:26:16Z</time>
        <speed>0.5636208</speed>
      </trkpt>
      <trkpt lat="29.242568" lon="119.7288819">
        <ele>354.67</ele>
        <time>2026-02-15T01:26:28Z</time>
        <speed>0.7314203</speed>
      </trkpt>
      <trkpt lat="29.2426449" lon="119.7288076">
        <ele>357.48</ele>
        <time>2026-02-15T01:26:38Z</time>
        <speed>0.6624475</speed>
      </trkpt>
      <trkpt lat="29.2427284" lon="119.7287444">
        <ele>360.8</ele>
        <time>2026-02-15T01:26:46Z</time>
        <speed>1.0587837</speed>
      </trkpt>
      <trkpt lat="29.2428173" lon="119.7286719">
        <ele>364.07</ele>
        <time>2026-02-15T01:26:52Z</time>
        <speed>1.1977586</speed>
      </trkpt>
      <trkpt lat="29.242891" lon="119.7285755">
        <ele>366.49</ele>
        <time>2026-02-15T01:27:02Z</time>
        <speed>1.1030498</speed>
      </trkpt>
      <trkpt lat="29.2429447" lon="119.7284808">
        <ele>368.17</ele>
        <time>2026-02-15T01:27:10Z</time>
        <speed>1.2559222</speed>
      </trkpt>
      <trkpt lat="29.2430053" lon="119.7283907">
        <ele>369.69</ele>
        <time>2026-02-15T01:27:20Z</time>
        <speed>1.0042231</speed>
      </trkpt>
      <trkpt lat="29.2430848" lon="119.7283092">
        <ele>370.51</ele>
        <time>2026-02-15T01:27:28Z</time>
        <speed>1.330557</speed>
      </trkpt>
      <trkpt lat="29.243149" lon="119.7282297">
        <ele>372.27</ele>
        <time>2026-02-15T01:27:42Z</time>
        <speed>0.8106875</speed>
      </trkpt>
      <trkpt lat="29.2431917" lon="119.728128">
        <ele>374.86</ele>
        <time>2026-02-15T01:27:50Z</time>
        <speed>0.9594422</speed>
      </trkpt>
      <trkpt lat="29.2432494" lon="119.7280416">
        <ele>377.76</ele>
        <time>2026-02-15T01:27:58Z</time>
        <speed>1.1323888</speed>
      </trkpt>
      <trkpt lat="29.2433216" lon="119.7279606">
        <ele>380.01</ele>
        <time>2026-02-15T01:28:08Z</time>
        <speed>0.898705</speed>
      </trkpt>
      <trkpt lat="29.2433964" lon="119.7278788">
        <ele>382.07</ele>
        <time>2026-02-15T01:28:16Z</time>
        <speed>0.0</speed>
      </trkpt>
      <trkpt lat="29.2434902" lon="119.7278251">
        <ele>382.21</ele>
        <time>2026-02-15T01:28:24Z</time>
        <speed>1.00062</speed>
      </trkpt>
      <trkpt lat="29.2435915" lon="119.7277714">
        <ele>380.96</ele>
        <time>2026-02-15T01:28:32Z</time>
        <speed>1.2512897</speed>
      </trkpt>
      <trkpt lat="29.2436855" lon="119.7277336">
        <ele>380.42</ele>
        <time>2026-02-15T01:28:46Z</time>
        <speed>0.59913665</speed>
      </trkpt>
      <trkpt lat="29.2437844" lon="119.7276882">
        <ele>381.36</ele>
        <time>2026-02-15T01:29:36Z</time>
        <speed>0.71443444</speed>
      </trkpt>
      <trkpt lat="29.2438749" lon="119.7276413">
        <ele>382.36</ele>
        <time>2026-02-15T01:29:44Z</time>
        <speed>1.1030498</speed>
      </trkpt>
      <trkpt lat="29.2439607" lon="119.7275846">
        <ele>382.9</ele>
        <time>2026-02-15T01:29:56Z</time>
        <speed>1.0232677</speed>
      </trkpt>
      <trkpt lat="29.2440401" lon="119.7275257">
        <ele>383.11</ele>
        <time>2026-02-15T01:30:06Z</time>
        <speed>0.94245636</speed>
      </trkpt>
      <trkpt lat="29.24412" lon="119.7274651">
        <ele>384.14</ele>
        <time>2026-02-15T01:30:14Z</time>
        <speed>1.2615842</speed>
      </trkpt>
      <trkpt lat="29.2441781" lon="119.7273793">
        <ele>385.33</ele>
        <time>2026-02-15T01:30:22Z</time>
        <speed>1.2904086</speed>
      </trkpt>
      <trkpt lat="29.244231" lon="119.7272883">
        <ele>386.52</ele>
        <time>2026-02-15T01:30:30Z</time>
        <speed>1.0057672</speed>
      </trkpt>
      <trkpt lat="29.2442946" lon="119.7272145">
        <ele>387.76</ele>
        <time>2026-02-15T01:30:40Z</time>
        <speed>0.6197256</speed>
      </trkpt>
      <trkpt lat="29.2443632" lon="119.7271343">
        <ele>388.46</ele>
        <time>2026-02-15T01:30:48Z</time>
        <speed>0.9470889</speed>
      </trkpt>
      <trkpt lat="29.244446" lon="119.7270464">
        <ele>389.08</ele>
        <time>2026-02-15T01:30:56Z</time>
        <speed>1.2548928</speed>
      </trkpt>
      <trkpt lat="29.2445274" lon="119.7269571">
        <ele>390.04</ele>
        <time>2026-02-15T01:31:06Z</time>
        <speed>1.0500333</speed>
      </trkpt>
      <trkpt lat="29.2445874" lon="119.7268678">
        <ele>391.23</ele>
        <time>2026-02-15T01:31:16Z</time>
        <speed>0.8451739</speed>
      </trkpt>
      <trkpt lat="29.2446491" lon="119.7267813">
        <ele>392.59</ele>
        <time>2026-02-15T01:31:28Z</time>
        <speed>0.7540681</speed>
      </trkpt>
      <trkpt lat="29.2447438" lon="119.7266923">
        <ele>395.95</ele>
        <time>2026-02-15T01:31:36Z</time>
        <speed>0.917235</speed>
      </trkpt>
      <trkpt lat="29.2448107" lon="119.7265986">
        <ele>398.34</ele>
        <time>2026-02-15T01:31:44Z</time>
        <speed>1.3233508</speed>
      </trkpt>
      <trkpt lat="29.2448735" lon="119.7265032">
        <ele>399.7</ele>
        <time>2026-02-15T01:31:52Z</time>
        <speed>1.1653311</speed>
      </trkpt>
      <trkpt lat="29.2449192" lon="119.7263938">
        <ele>400.21</ele>
        <time>2026-02-15T01:32:00Z</time>
        <speed>1.1020203</speed>
      </trkpt>
      <trkpt lat="29.2449479" lon="119.7262858">
        <ele>400.12</ele>
        <time>2026-02-15T01:32:10Z</time>
        <speed>0.93319136</speed>
      </trkpt>
      <trkpt lat="29.2450118" lon="119.7261979">
        <ele>399.98</ele>
        <time>2026-02-15T01:32:24Z</time>
        <speed>0.96356</speed>
      </trkpt>
      <trkpt lat="29.2450976" lon="119.7261667">
        <ele>398.18</ele>
        <time>2026-02-15T01:32:38Z</time>
        <speed>0.74892086</speed>
      </trkpt>
      <trkpt lat="29.24519" lon="119.7261433">
        <ele>397.33</ele>
        <time>2026-02-15T01:34:06Z</time>
        <speed>0.42824888</speed>
      </trkpt>
      <trkpt lat="29.24519" lon="119.72603">
        <ele>398.31</ele>
        <time>2026-02-15T01:34:14Z</time>
        <speed>0.92907363</speed>
      </trkpt>
      <trkpt lat="29.2451674" lon="119.7259153">
        <ele>398.95</ele>
        <time>2026-02-15T01:34:22Z</time>
        <speed>1.154522</speed>
      </trkpt>
      <trkpt lat="29.2451975" lon="119.725853">
        <ele>399.49</ele>
        <time>2026-02-15T01:34:36Z</time>
        <speed>0.0</speed>
      </trkpt>
      <trkpt lat="29.2452815" lon="119.725836">
        <ele>400.09</ele>
        <time>2026-02-15T01:35:04Z</time>
        <speed>0.6506089</speed>
      </trkpt>
      <trkpt lat="29.2453586" lon="119.7257825">
        <ele>402.46</ele>
        <time>2026-02-15T01:35:42Z</time>
        <speed>0.77465695</speed>
      </trkpt>
      <trkpt lat="29.2454319" lon="119.7257169">
        <ele>404.5</ele>
        <time>2026-02-15T01:36:16Z</time>
        <speed>0.35927612</speed>
      </trkpt>
      <trkpt lat="29.2455294" lon="119.7256993">
        <ele>405.36</ele>
        <time>2026-02-15T01:36:20Z</time>
        <speed>1.2121708</speed>
      </trkpt>
      <trkpt lat="29.2456388" lon="119.7257387">
        <ele>405.76</ele>
        <time>2026-02-15T01:36:30Z</time>
        <speed>1.2250389</speed>
      </trkpt>
      <trkpt lat="29.2457558" lon="119.7257741">
        <ele>407.03</ele>
        <time>2026-02-15T01:36:38Z</time>
        <speed>1.4396781</speed>
      </trkpt>
      <trkpt lat="29.2458526" lon="119.7257334">
        <ele>408.87</ele>
        <time>2026-02-15T01:36:44Z</time>
        <speed>1.5354164</speed>
      </trkpt>
      <trkpt lat="29.2459397" lon="119.7256592">
        <ele>410.64</ele>
        <time>2026-02-15T01:36:50Z</time>
        <speed>1.6522583</speed>
      </trkpt>
      <trkpt lat="29.2460248" lon="119.7255921">
        <ele>411.79</ele>
        <time>2026-02-15T01:36:54Z</time>
        <speed>1.849397</speed>
      </trkpt>
      <trkpt lat="29.2461075" lon="119.725516">
        <ele>412.35</ele>
        <time>2026-02-15T01:36:58Z</time>
        <speed>2.0923457</speed>
      </trkpt>
      <trkpt lat="29.2461735" lon="119.7254367">
        <ele>412.46</ele>
        <time>2026-02-15T01:37:02Z</time>
        <speed>2.2122762</speed>
      </trkpt>
      <trkpt lat="29.2461862" lon="119.7253213">
        <ele>411.96</ele>
        <time>2026-02-15T01:37:08Z</time>
        <speed>2.1381562</speed>
      </trkpt>
      <trkpt lat="29.2462458" lon="119.7252324">
        <ele>411.76</ele>
        <time>2026-02-15T01:37:18Z</time>
        <speed>1.50093</speed>
      </trkpt>
      <trkpt lat="29.2462959" lon="119.7251405">
        <ele>412.94</ele>
        <time>2026-02-15T01:37:28Z</time>
        <speed>0.9522361</speed>
      </trkpt>
      <trkpt lat="29.2463231" lon="119.725036">
        <ele>415.76</ele>
        <time>2026-02-15T01:37:36Z</time>
        <speed>1.0423125</speed>
      </trkpt>
      <trkpt lat="29.2463433" lon="119.7249209">
        <ele>417.89</ele>
        <time>2026-02-15T01:37:46Z</time>
        <speed>0.7139197</speed>
      </trkpt>
      <trkpt lat="29.246361" lon="119.72481">
        <ele>419.53</ele>
        <time>2026-02-15T01:37:52Z</time>
        <speed>1.2168033</speed>
      </trkpt>
      <trkpt lat="29.2463839" lon="119.7247055">
        <ele>420.55</ele>
        <time>2026-02-15T01:38:02Z</time>
        <speed>1.0793725</speed>
      </trkpt>
      <trkpt lat="29.2464533" lon="119.7246123">
        <ele>421.52</ele>
        <time>2026-02-15T01:38:12Z</time>
        <speed>1.0001053</speed>
      </trkpt>
      <trkpt lat="29.2464996" lon="119.7245568">
        <ele>423.4</ele>
        <time>2026-02-15T01:38:18Z</time>
        <speed>0.0</speed>
      </trkpt>
      <trkpt lat="29.2465363" lon="119.7244481">
        <ele>425.6</ele>
        <time>2026-02-15T01:38:26Z</time>
        <speed>1.0994467</speed>
      </trkpt>
      <trkpt lat="29.2465744" lon="119.724335">
        <ele>427.66</ele>
        <time>2026-02-15T01:38:34Z</time>
        <speed>1.1514336</speed>
      </trkpt>
      <trkpt lat="29.2465547" lon="119.7242306">
        <ele>428.93</ele>
        <time>2026-02-15T01:38:44Z</time>
        <speed>1.1179767</speed>
      </trkpt>
      <trkpt lat="29.2465529" lon="119.7241218">
        <ele>431.28</ele>
        <time>2026-02-15T01:38:54Z</time>
        <speed>1.0124586</speed>
      </trkpt>
      <trkpt lat="29.2465396" lon="119.724014">
        <ele>432.75</ele>
        <time>2026-02-15T01:39:00Z</time>
        <speed>1.0484892</speed>
      </trkpt>
      <trkpt lat="29.2465278" lon="119.7239055">
        <ele>433.72</ele>
        <time>2026-02-15T01:39:08Z</time>
        <speed>1.2482014</speed>
      </trkpt>
      <trkpt lat="29.2465389" lon="119.7237895">
        <ele>435.52</ele>
        <time>2026-02-15T01:39:16Z</time>
        <speed>1.2502602</speed>
      </trkpt>
      <trkpt lat="29.2465388" lon="119.723677">
        <ele>437.19</ele>
        <time>2026-02-15T01:39:24Z</time>
        <speed>1.2523192</speed>
      </trkpt>
      <trkpt lat="29.2465299" lon="119.7235587">
        <ele>438.31</ele>
        <time>2026-02-15T01:39:32Z</time>
        <speed>1.3259244</speed>
      </trkpt>
      <trkpt lat="29.2465478" lon="119.723451">
        <ele>439.21</ele>
        <time>2026-02-15T01:39:50Z</time>
        <speed>0.676345</speed>
      </trkpt>
      <trkpt lat="29.2465936" lon="119.7233574">
        <ele>438.39</ele>
        <time>2026-02-15T01:40:30Z</time>
        <speed>0.50133944</speed>
      </trkpt>
      <trkpt lat="29.2467017" lon="119.7233233">
        <ele>439.08</ele>
        <time>2026-02-15T01:42:08Z</time>
        <speed>0.9028228</speed>
      </trkpt>
      <trkpt lat="29.246765" lon="119.723215">
        <ele>439.3</ele>
        <time>2026-02-15T01:42:24Z</time>
        <speed>0.71031666</speed>
      </trkpt>
      <trkpt lat="29.2468269" lon="119.7231278">
        <ele>440.03</ele>
        <time>2026-02-15T01:42:32Z</time>
        <speed>0.97333974</speed>
      </trkpt>
      <trkpt lat="29.2469079" lon="119.7230573">
        <ele>440.71</ele>
        <time>2026-02-15T01:42:40Z</time>
        <speed>1.2569517</speed>
      </trkpt>
      <trkpt lat="29.2470048" lon="119.7230246">
        <ele>440.7</ele>
        <time>2026-02-15T01:42:48Z</time>
        <speed>1.4350456</speed>
      </trkpt>
      <trkpt lat="29.247077" lon="119.7229635">
        <ele>440.06</ele>
        <time>2026-02-15T01:42:56Z</time>
        <speed>0.93164724</speed>
      </trkpt>
      <trkpt lat="29.2471637" lon="119.7228994">
        <ele>440.59</ele>
        <time>2026-02-15T01:43:06Z</time>
        <speed>1.009885</speed>
      </trkpt>
      <trkpt lat="29.2472139" lon="119.7228092">
        <ele>442.23</ele>
        <time>2026-02-15T01:43:14Z</time>
        <speed>1.0495186</speed>
      </trkpt>
      <trkpt lat="29.2472765" lon="119.7227309">
        <ele>445.01</ele>
        <time>2026-02-15T01:43:22Z</time>
        <speed>1.2950411</speed>
      </trkpt>
      <trkpt lat="29.2473278" lon="119.7226285">
        <ele>448.41</ele>
        <time>2026-02-15T01:43:32Z</time>
        <speed>1.1442275</speed>
      </trkpt>
      <trkpt lat="29.2473591" lon="119.7225236">
        <ele>452.06</ele>
        <time>2026-02-15T01:43:44Z</time>
        <speed>0.6145783</speed>
      </trkpt>
      <trkpt lat="29.2474062" lon="119.7224343">
        <ele>455.56</ele>
        <time>2026-02-15T01:43:54Z</time>
        <speed>0.9707661</speed>
      </trkpt>
      <trkpt lat="29.2474832" lon="119.7223704">
        <ele>458.33</ele>
        <time>2026-02-15T01:44:06Z</time>
        <speed>0.8652481</speed>
      </trkpt>
      <trkpt lat="29.247556" lon="119.7222978">
        <ele>461.07</ele>
        <time>2026-02-15T01:44:24Z</time>
        <speed>0.55178225</speed>
      </trkpt>
      <trkpt lat="29.2476394" lon="119.7222554">
        <ele>464.31</ele>
        <time>2026-02-15T01:44:34Z</time>
        <speed>0.0</speed>
      </trkpt>
      <trkpt lat="29.2477297" lon="119.7222314">
        <ele>467.75</ele>
        <time>2026-02-15T01:44:44Z</time>
        <speed>0.8940725</speed>
      </trkpt>
      <trkpt lat="29.2478167" lon="119.7221795">
        <ele>469.15</ele>
        <time>2026-02-15T01:44:56Z</time>
        <speed>0.0</speed>
      </trkpt>
      <trkpt lat="29.2479203" lon="119.7221368">
        <ele>471.45</ele>
        <time>2026-02-15T01:45:12Z</time>
        <speed>0.80708444</speed>
      </trkpt>
      <trkpt lat="29.2480209" lon="119.7220503">
        <ele>474.83</ele>
        <time>2026-02-15T01:45:38Z</time>
        <speed>0.94503</speed>
      </trkpt>
      <trkpt lat="29.2481082" lon="119.7219814">
        <ele>475.55</ele>
        <time>2026-02-15T01:45:44Z</time>
        <speed>1.7593205</speed>
      </trkpt>
      <trkpt lat="29.2481387" lon="119.7219275">
        <ele>476.34</ele>
        <time>2026-02-15T01:45:54Z</time>
        <speed>0.0</speed>
      </trkpt>
      <trkpt lat="29.2481367" lon="119.7219932">
        <ele>478.35</ele>
        <time>2026-02-15T01:46:04Z</time>
        <speed>0.0</speed>
      </trkpt>
      <trkpt lat="29.2481899" lon="119.7219729">
        <ele>480.43</ele>
        <time>2026-02-15T01:46:16Z</time>
        <speed>0.60788697</speed>
      </trkpt>
      <trkpt lat="29.2482518" lon="119.7218955">
        <ele>482.01</ele>
        <time>2026-02-15T01:46:36Z</time>
        <speed>0.6094311</speed>
      </trkpt>
      <trkpt lat="29.2482808" lon="119.7217858">
        <ele>485.32</ele>
        <time>2026-02-15T01:46:46Z</time>
        <speed>0.92547053</speed>
      </trkpt>
      <trkpt lat="29.2482753" lon="119.7216579">
        <ele>487.63</ele>
        <time>2026-02-15T01:46:56Z</time>
        <speed>0.0</speed>
      </trkpt>
      <trkpt lat="29.2483062" lon="119.7215547">
        <ele>490.07</ele>
        <time>2026-02-15T01:47:08Z</time>
        <speed>0.7046547</speed>
      </trkpt>
      <trkpt lat="29.2483402" lon="119.7214384">
        <ele>494.43</ele>
        <time>2026-02-15T01:47:18Z</time>
        <speed>0.8688511</speed>
      </trkpt>
      <trkpt lat="29.2483798" lon="119.7213351">
        <ele>497.08</ele>
        <time>2026-02-15T01:47:32Z</time>
        <speed>0.73090553</speed>
      </trkpt>
      <trkpt lat="29.2484272" lon="119.7212411">
        <ele>498.08</ele>
        <time>2026-02-15T01:47:54Z</time>
        <speed>0.45552915</speed>
      </trkpt>
      <trkpt lat="29.2484769" lon="119.7211464">
        <ele>499.16</ele>
        <time>2026-02-15T01:48:08Z</time>
        <speed>0.7684803</speed>
      </trkpt>
      <trkpt lat="29.2485617" lon="119.7211086">
        <ele>501.5</ele>
        <time>2026-02-15T01:48:34Z</time>
        <speed>0.98414886</speed>
      </trkpt>
      <trkpt lat="29.2486413" lon="119.7210397">
        <ele>501.97</ele>
        <time>2026-02-15T01:48:46Z</time>
        <speed>0.81892306</speed>
      </trkpt>
      <trkpt lat="29.2487043" lon="119.7209476">
        <ele>503.66</ele>
        <time>2026-02-15T01:49:22Z</time>
        <speed>0.768995</speed>
      </trkpt>
      <trkpt lat="29.2487629" lon="119.7208606">
        <ele>504.88</ele>
        <time>2026-02-15T01:49:36Z</time>
        <speed>0.63516724</speed>
      </trkpt>
      <trkpt lat="29.2488415" lon="119.7207856">
        <ele>506.4</ele>
        <time>2026-02-15T01:49:46Z</time>
        <speed>0.8817192</speed>
      </trkpt>
      <trkpt lat="29.2489255" lon="119.7207278">
        <ele>508.59</ele>
        <time>2026-02-15T01:49:56Z</time>
        <speed>0.77465695</speed>
      </trkpt>
      <trkpt lat="29.2489893" lon="119.7206471">
        <ele>512.42</ele>
        <time>2026-02-15T01:50:06Z</time>
        <speed>0.80296665</speed>
      </trkpt>
      <trkpt lat="29.2490412" lon="119.7205543">
        <ele>516.03</ele>
        <time>2026-02-15T01:50:18Z</time>
        <speed>0.5795772</speed>
      </trkpt>
      <trkpt lat="29.2490945" lon="119.7204478">
        <ele>520.62</ele>
        <time>2026-02-15T01:50:26Z</time>
        <speed>1.0829755</speed>
      </trkpt>
      <trkpt lat="29.2491731" lon="119.7203722">
        <ele>523.66</ele>
        <time>2026-02-15T01:50:42Z</time>
        <speed>0.9105436</speed>
      </trkpt>
      <trkpt lat="29.2492489" lon="119.720308">
        <ele>525.1</ele>
        <time>2026-02-15T01:50:52Z</time>
        <speed>0.73039085</speed>
      </trkpt>
      <trkpt lat="29.2493339" lon="119.7202469">
        <ele>526.73</ele>
        <time>2026-02-15T01:51:00Z</time>
        <speed>0.9259853</speed>
      </trkpt>
      <trkpt lat="29.2494254" lon="119.7202084">
        <ele>527.58</ele>
        <time>2026-02-15T01:51:10Z</time>
        <speed>0.86576277</speed>
      </trkpt>
      <trkpt lat="29.2495112" lon="119.7201685">
        <ele>529.44</ele>
        <time>2026-02-15T01:51:36Z</time>
        <speed>0.28206778</speed>
      </trkpt>
      <trkpt lat="29.2496078" lon="119.720139">
        <ele>532.52</ele>
        <time>2026-02-15T01:52:32Z</time>
        <speed>0.7061989</speed>
      </trkpt>
      <trkpt lat="29.2495631" lon="119.7201513">
        <ele>535.22</ele>
        <time>2026-02-15T01:52:46Z</time>
        <speed>0.78649557</speed>
      </trkpt>
      <trkpt lat="29.2496101" lon="119.7201416">
        <ele>536.24</ele>
        <time>2026-02-15T01:53:14Z</time>
        <speed>0.88583696</speed>
      </trkpt>
      <trkpt lat="29.2496892" lon="119.7201097">
        <ele>536.91</ele>
        <time>2026-02-15T01:53:34Z</time>
        <speed>0.87142473</speed>
      </trkpt>
      <trkpt lat="29.2497802" lon="119.720057">
        <ele>537.42</ele>
        <time>2026-02-15T01:53:46Z</time>
        <speed>0.86988056</speed>
      </trkpt>
      <trkpt lat="29.2498745" lon="119.7200077">
        <ele>538.7</ele>
        <time>2026-02-15T01:53:58Z</time>
        <speed>0.670683</speed>
      </trkpt>
      <trkpt lat="29.2499781" lon="119.7199814">
        <ele>540.6</ele>
        <time>2026-02-15T01:54:48Z</time>
        <speed>1.0865786</speed>
      </trkpt>
      <trkpt lat="29.2500664" lon="119.7199354">
        <ele>542.1</ele>
        <time>2026-02-15T01:54:56Z</time>
        <speed>1.3506311</speed>
      </trkpt>
      <trkpt lat="29.250153" lon="119.7198763">
        <ele>543.61</ele>
        <time>2026-02-15T01:55:08Z</time>
        <speed>0.79370165</speed>
      </trkpt>
      <trkpt lat="29.2502291" lon="119.7198005">
        <ele>545.58</ele>
        <time>2026-02-15T01:55:18Z</time>
        <speed>0.9038522</speed>
      </trkpt>
      <trkpt lat="29.2503155" lon="119.7197448">
        <ele>548.34</ele>
        <time>2026-02-15T01:55:42Z</time>
        <speed>0.8693658</speed>
      </trkpt>
      <trkpt lat="29.250395" lon="119.7196852">
        <ele>552.67</ele>
        <time>2026-02-15T01:55:58Z</time>
        <speed>0.54303193</speed>
      </trkpt>
      <trkpt lat="29.2504943" lon="119.7196603">
        <ele>556.21</ele>
        <time>2026-02-15T01:56:14Z</time>
        <speed>0.7046547</speed>
      </trkpt>
      <trkpt lat="29.2505936" lon="119.7196844">
        <ele>559.0</ele>
        <time>2026-02-15T01:56:24Z</time>
        <speed>1.0212089</speed>
      </trkpt>
      <trkpt lat="29.250697" lon="119.7197045">
        <ele>561.67</ele>
        <time>2026-02-15T01:56:36Z</time>
        <speed>0.79730475</speed>
      </trkpt>
      <trkpt lat="29.2507927" lon="119.7196919">
        <ele>564.18</ele>
        <time>2026-02-15T01:56:50Z</time>
        <speed>0.7056842</speed>
      </trkpt>
      <trkpt lat="29.2508674" lon="119.7196268">
        <ele>565.0</ele>
        <time>2026-02-15T01:57:20Z</time>
        <speed>0.7767158</speed>
      </trkpt>
      <trkpt lat="29.2509523" lon="119.7195685">
        <ele>564.96</ele>
        <time>2026-02-15T01:57:30Z</time>
        <speed>1.14886</speed>
      </trkpt>
      <trkpt lat="29.2510145" lon="119.7194896">
        <ele>567.26</ele>
        <time>2026-02-15T01:57:46Z</time>
        <speed>0.47457388</speed>
      </trkpt>
      <trkpt lat="29.2510873" lon="119.7194172">
        <ele>572.78</ele>
        <time>2026-02-15T01:58:04Z</time>
        <speed>0.45038193</speed>
      </trkpt>
      <trkpt lat="29.2511503" lon="119.7193402">
        <ele>576.7</ele>
        <time>2026-02-15T01:58:22Z</time>
        <speed>0.6145783</speed>
      </trkpt>
      <trkpt lat="29.2512235" lon="119.719271">
        <ele>580.49</ele>
        <time>2026-02-15T01:58:44Z</time>
        <speed>0.3865564</speed>
      </trkpt>
      <trkpt lat="29.2512861" lon="119.7191927">
        <ele>582.51</ele>
        <time>2026-02-15T01:59:06Z</time>
        <speed>0.59347475</speed>
      </trkpt>
      <trkpt lat="29.251347" lon="119.7191034">
        <ele>584.79</ele>
        <time>2026-02-15T01:59:46Z</time>
        <speed>0.60171026</speed>
      </trkpt>
      <trkpt lat="29.2513865" lon="119.7190068">
        <ele>588.32</ele>
        <time>2026-02-15T02:00:08Z</time>
        <speed>0.24912556</speed>
      </trkpt>
      <trkpt lat="29.2514247" lon="119.7189046">
        <ele>592.87</ele>
        <time>2026-02-15T02:00:28Z</time>
        <speed>0.5394289</speed>
      </trkpt>
      <trkpt lat="29.2514426" lon="119.7187936">
        <ele>597.92</ele>
        <time>2026-02-15T02:00:40Z</time>
        <speed>0.7252436</speed>
      </trkpt>
      <trkpt lat="29.2514538" lon="119.718684">
        <ele>601.18</ele>
        <time>2026-02-15T02:00:58Z</time>
        <speed>0.46376473</speed>
      </trkpt>
      <trkpt lat="29.2514941" lon="119.7185871">
        <ele>603.64</ele>
        <time>2026-02-15T02:01:12Z</time>
        <speed>0.6974486</speed>
      </trkpt>
      <trkpt lat="29.2515037" lon="119.7184839">
        <ele>606.42</ele>
        <time>2026-02-15T02:01:34Z</time>
        <speed>0.40457165</speed>
      </trkpt>
      <trkpt lat="29.2515537" lon="119.7183966">
        <ele>608.73</ele>
        <time>2026-02-15T02:01:46Z</time>
        <speed>0.79627526</speed>
      </trkpt>
      <trkpt lat="29.2516209" lon="119.7183204">
        <ele>611.13</ele>
        <time>2026-02-15T02:02:28Z</time>
        <speed>0.0</speed>
      </trkpt>
      <trkpt lat="29.25162" lon="119.71822">
        <ele>615.93</ele>
        <time>2026-02-15T02:04:22Z</time>
        <speed>0.5486939</speed>
      </trkpt>
      <trkpt lat="29.2517133" lon="119.7181667">
        <ele>620.74</ele>
        <time>2026-02-15T02:05:00Z</time>
        <speed>0.53170806</speed>
      </trkpt>
      <trkpt lat="29.2517799" lon="119.7180879">
        <ele>624.46</ele>
        <time>2026-02-15T02:05:14Z</time>
        <speed>0.68355113</speed>
      </trkpt>
      <trkpt lat="29.251685" lon="119.7180217">
        <ele>627.53</ele>
        <time>2026-02-15T02:06:28Z</time>
        <speed>0.7252436</speed>
      </trkpt>
      <trkpt lat="29.251635" lon="119.7179167">
        <ele>633.84</ele>
        <time>2026-02-15T02:06:46Z</time>
        <speed>0.5085456</speed>
      </trkpt>
      <trkpt lat="29.2516033" lon="119.7178103">
        <ele>636.96</ele>
        <time>2026-02-15T02:07:02Z</time>
        <speed>0.6331083</speed>
      </trkpt>
      <trkpt lat="29.2516006" lon="119.717701">
        <ele>639.3</ele>
        <time>2026-02-15T02:07:28Z</time>
        <speed>0.3587614</speed>
      </trkpt>
      <trkpt lat="29.2516272" lon="119.7175934">
        <ele>642.4</ele>
        <time>2026-02-15T02:07:42Z</time>
        <speed>0.670683</speed>
      </trkpt>
      <trkpt lat="29.2516531" lon="119.7174902">
        <ele>646.06</ele>
        <time>2026-02-15T02:07:54Z</time>
        <speed>1.0170912</speed>
      </trkpt>
      <trkpt lat="29.2516838" lon="119.7173824">
        <ele>650.25</ele>
        <time>2026-02-15T02:08:12Z</time>
        <speed>0.7391411</speed>
      </trkpt>
      <trkpt lat="29.2516774" lon="119.7172802">
        <ele>653.93</ele>
        <time>2026-02-15T02:08:46Z</time>
        <speed>0.53737</speed>
      </trkpt>
      <trkpt lat="29.2516563" lon="119.7171739">
        <ele>658.95</ele>
        <time>2026-02-15T02:09:06Z</time>
        <speed>0.3587614</speed>
      </trkpt>
      <trkpt lat="29.2516439" lon="119.7170584">
        <ele>663.53</ele>
        <time>2026-02-15T02:09:28Z</time>
        <speed>0.65009415</speed>
      </trkpt>
      <trkpt lat="29.2516476" lon="119.7169458">
        <ele>666.83</ele>
        <time>2026-02-15T02:09:50Z</time>
        <speed>0.6439175</speed>
      </trkpt>
      <trkpt lat="29.2516462" lon="119.7168386">
        <ele>669.78</ele>
        <time>2026-02-15T02:10:10Z</time>
        <speed>0.5625914</speed>
      </trkpt>
      <trkpt lat="29.251651" lon="119.7167336">
        <ele>673.06</ele>
        <time>2026-02-15T02:10:34Z</time>
        <speed>0.57803303</speed>
      </trkpt>
      <trkpt lat="29.251645" lon="119.7166033">
        <ele>677.25</ele>
        <time>2026-02-15T02:11:46Z</time>
        <speed>0.7803189</speed>
      </trkpt>
      <trkpt lat="29.251625" lon="119.7164983">
        <ele>680.88</ele>
        <time>2026-02-15T02:12:06Z</time>
        <speed>0.35515833</speed>
      </trkpt>
      <trkpt lat="29.251636" lon="119.7163919">
        <ele>684.12</ele>
        <time>2026-02-15T02:12:18Z</time>
        <speed>0.8333353</speed>
      </trkpt>
      <trkpt lat="29.2516706" lon="119.716284">
        <ele>685.92</ele>
        <time>2026-02-15T02:12:30Z</time>
        <speed>0.7983342</speed>
      </trkpt>
      <trkpt lat="29.2517113" lon="119.7161831">
        <ele>687.89</ele>
        <time>2026-02-15T02:12:52Z</time>
        <speed>0.69384557</speed>
      </trkpt>
      <trkpt lat="29.2517508" lon="119.7160873">
        <ele>690.26</ele>
        <time>2026-02-15T02:13:04Z</time>
        <speed>0.78803974</speed>
      </trkpt>
      <trkpt lat="29.2517921" lon="119.715988">
        <ele>692.94</ele>
        <time>2026-02-15T02:13:16Z</time>
        <speed>0.9228969</speed>
      </trkpt>
      <trkpt lat="29.2518347" lon="119.7158946">
        <ele>695.46</ele>
        <time>2026-02-15T02:13:50Z</time>
        <speed>0.89819026</speed>
      </trkpt>
      <trkpt lat="29.2518748" lon="119.7157982">
        <ele>698.71</ele>
        <time>2026-02-15T02:14:08Z</time>
        <speed>0.7375969</speed>
      </trkpt>
      <trkpt lat="29.2518683" lon="119.715685">
        <ele>701.71</ele>
        <time>2026-02-15T02:16:46Z</time>
        <speed>0.6068575</speed>
      </trkpt>
      <trkpt lat="29.251905" lon="119.7157867">
        <ele>704.55</ele>
        <time>2026-02-15T02:17:12Z</time>
        <speed>0.9537803</speed>
      </trkpt>
      <trkpt lat="29.25201" lon="119.7158183">
        <ele>707.45</ele>
        <time>2026-02-15T02:18:14Z</time>
        <speed>0.3098628</speed>
      </trkpt>
      <trkpt lat="29.2521183" lon="119.7158433">
        <ele>707.09</ele>
        <time>2026-02-15T02:19:48Z</time>
        <speed>0.47302973</speed>
      </trkpt>
      <trkpt lat="29.2522117" lon="119.7158883">
        <ele>709.67</ele>
        <time>2026-02-15T02:20:00Z</time>
        <speed>0.0</speed>
      </trkpt>
      <trkpt lat="29.2523163" lon="119.7158938">
        <ele>710.37</ele>
        <time>2026-02-15T02:20:08Z</time>
        <speed>1.0330476</speed>
      </trkpt>
      <trkpt lat="29.2524165" lon="119.715922">
        <ele>709.57</ele>
        <time>2026-02-15T02:20:14Z</time>
        <speed>1.3048208</speed>
      </trkpt>
      <trkpt lat="29.2525228" lon="119.7159757">
        <ele>709.02</ele>
        <time>2026-02-15T02:20:20Z</time>
        <speed>1.5997567</speed>
      </trkpt>
      <trkpt lat="29.2526039" lon="119.7160661">
        <ele>708.8</ele>
        <time>2026-02-15T02:20:26Z</time>
        <speed>1.8298374</speed>
      </trkpt>
      <trkpt lat="29.2526754" lon="119.7161861">
        <ele>708.28</ele>
        <time>2026-02-15T02:20:32Z</time>
        <speed>2.0321233</speed>
      </trkpt>
      <trkpt lat="29.2527282" lon="119.716309">
        <ele>708.38</ele>
        <time>2026-02-15T02:20:36Z</time>
        <speed>2.420224</speed>
      </trkpt>
      <trkpt lat="29.2527792" lon="119.7164198">
        <ele>710.62</ele>
        <time>2026-02-15T02:20:40Z</time>
        <speed>2.694056</speed>
      </trkpt>
      <trkpt lat="29.2528361" lon="119.7165207">
        <ele>713.24</ele>
        <time>2026-02-15T02:20:46Z</time>
        <speed>2.1582303</speed>
      </trkpt>
      <trkpt lat="29.2528962" lon="119.7166063">
        <ele>716.28</ele>
        <time>2026-02-15T02:20:52Z</time>
        <speed>1.3948972</speed>
      </trkpt>
      <trkpt lat="29.2529614" lon="119.7166917">
        <ele>718.52</ele>
        <time>2026-02-15T02:21:00Z</time>
        <speed>1.4273248</speed>
      </trkpt>
      <trkpt lat="29.2530384" lon="119.7167694">
        <ele>720.19</ele>
        <time>2026-02-15T02:21:16Z</time>
        <speed>0.66862416</speed>
      </trkpt>
      <trkpt lat="29.2531006" lon="119.7168535">
        <ele>720.58</ele>
        <time>2026-02-15T02:21:28Z</time>
        <speed>0.8276733</speed>
      </trkpt>
      <trkpt lat="29.2531503" lon="119.7169457">
        <ele>721.41</ele>
        <time>2026-02-15T02:21:48Z</time>
        <speed>0.53634053</speed>
      </trkpt>
      <trkpt lat="29.2531796" lon="119.7170535">
        <ele>723.6</ele>
        <time>2026-02-15T02:22:00Z</time>
        <speed>0.7741422</speed>
      </trkpt>
      <trkpt lat="29.2531422" lon="119.7171515">
        <ele>726.35</ele>
        <time>2026-02-15T02:22:14Z</time>
        <speed>0.491045</speed>
      </trkpt>
      <trkpt lat="29.2530982" lon="119.7172498">
        <ele>728.61</ele>
        <time>2026-02-15T02:22:42Z</time>
        <speed>0.6089164</speed>
      </trkpt>
      <trkpt lat="29.2530502" lon="119.7173457">
        <ele>729.21</ele>
        <time>2026-02-15T02:22:54Z</time>
        <speed>0.71855223</speed>
      </trkpt>
      <trkpt lat="29.2530058" lon="119.7174519">
        <ele>730.02</ele>
        <time>2026-02-15T02:23:06Z</time>
        <speed>1.0623866</speed>
      </trkpt>
      <trkpt lat="29.2529971" lon="119.7175045">
        <ele>730.53</ele>
        <time>2026-02-15T02:23:18Z</time>
        <speed>0.0</speed>
      </trkpt>
      <trkpt lat="29.2530659" lon="119.7175256">
        <ele>730.95</ele>
        <time>2026-02-15T02:23:46Z</time>
        <speed>0.6923014</speed>
      </trkpt>
      <trkpt lat="29.2531653" lon="119.717558">
        <ele>729.77</ele>
        <time>2026-02-15T02:24:02Z</time>
        <speed>0.66347694</speed>
      </trkpt>
      <trkpt lat="29.2532293" lon="119.7176365">
        <ele>727.37</ele>
        <time>2026-02-15T02:24:16Z</time>
        <speed>0.5378847</speed>
      </trkpt>
      <trkpt lat="29.2532786" lon="119.7177453">
        <ele>724.07</ele>
        <time>2026-02-15T02:24:32Z</time>
        <speed>0.6933308</speed>
      </trkpt>
      <trkpt lat="29.2533359" lon="119.7178483">
        <ele>721.12</ele>
        <time>2026-02-15T02:24:42Z</time>
        <speed>1.0556953</speed>
      </trkpt>
      <trkpt lat="29.2533893" lon="119.7179401">
        <ele>720.51</ele>
        <time>2026-02-15T02:24:54Z</time>
        <speed>0.79679</speed>
      </trkpt>
      <trkpt lat="29.2534673" lon="119.7180017">
        <ele>721.92</ele>
        <time>2026-02-15T02:25:36Z</time>
        <speed>0.44986722</speed>
      </trkpt>
      <trkpt lat="29.253527" lon="119.7180849">
        <ele>725.78</ele>
        <time>2026-02-15T02:25:56Z</time>
        <speed>0.5795772</speed>
      </trkpt>
      <trkpt lat="29.2536025" lon="119.71817">
        <ele>729.49</ele>
        <time>2026-02-15T02:26:16Z</time>
        <speed>0.83230585</speed>
      </trkpt>
      <trkpt lat="29.2536591" lon="119.7182594">
        <ele>733.07</ele>
        <time>2026-02-15T02:26:32Z</time>
        <speed>1.1658459</speed>
      </trkpt>
      <trkpt lat="29.2537143" lon="119.7183488">
        <ele>736.99</ele>
        <time>2026-02-15T02:26:50Z</time>
        <speed>0.53634053</speed>
      </trkpt>
      <trkpt lat="29.25377" lon="119.718435">
        <ele>742.37</ele>
        <time>2026-02-15T02:31:44Z</time>
        <speed>0.5559</speed>
      </trkpt>
      <trkpt lat="29.2538217" lon="119.71852">
        <ele>746.21</ele>
        <time>2026-02-15T02:32:32Z</time>
        <speed>0.54303193</speed>
      </trkpt>
      <trkpt lat="29.2538508" lon="119.7186247">
        <ele>748.96</ele>
        <time>2026-02-15T02:32:50Z</time>
        <speed>0.54148775</speed>
      </trkpt>
      <trkpt lat="29.2538926" lon="119.7187265">
        <ele>752.16</ele>
        <time>2026-02-15T02:33:12Z</time>
        <speed>0.4025128</speed>
      </trkpt>
      <trkpt lat="29.253932" lon="119.7188238">
        <ele>756.01</ele>
        <time>2026-02-15T02:33:28Z</time>
        <speed>0.6120047</speed>
      </trkpt>
      <trkpt lat="29.253963" lon="119.7189379">
        <ele>759.23</ele>
        <time>2026-02-15T02:33:38Z</time>
        <speed>1.3295275</speed>
      </trkpt>
      <trkpt lat="29.2539934" lon="119.7190409">
        <ele>760.94</ele>
        <time>2026-02-15T02:33:44Z</time>
        <speed>1.9441059</speed>
      </trkpt>
      <trkpt lat="29.2540229" lon="119.7191438">
        <ele>761.57</ele>
        <time>2026-02-15T02:33:58Z</time>
        <speed>0.68921304</speed>
      </trkpt>
      <trkpt lat="29.2540123" lon="119.7192456">
        <ele>763.43</ele>
        <time>2026-02-15T02:34:26Z</time>
        <speed>0.0</speed>
      </trkpt>
      <trkpt lat="29.2540022" lon="119.7193484">
        <ele>765.05</ele>
        <time>2026-02-15T02:34:44Z</time>
        <speed>0.70362526</speed>
      </trkpt>
      <trkpt lat="29.2539909" lon="119.7194528">
        <ele>766.62</ele>
        <time>2026-02-15T02:34:56Z</time>
        <speed>0.8760572</speed>
      </trkpt>
      <trkpt lat="29.2539641" lon="119.7195528">
        <ele>770.1</ele>
        <time>2026-02-15T02:35:20Z</time>
        <speed>0.34589332</speed>
      </trkpt>
      <trkpt lat="29.2539786" lon="119.7196537">
        <ele>774.79</ele>
        <time>2026-02-15T02:35:34Z</time>
        <speed>0.6531825</speed>
      </trkpt>
      <trkpt lat="29.2540557" lon="119.7197124">
        <ele>778.19</ele>
        <time>2026-02-15T02:35:46Z</time>
        <speed>0.73553807</speed>
      </trkpt>
      <trkpt lat="29.2541329" lon="119.7197985">
        <ele>780.86</ele>
        <time>2026-02-15T02:35:58Z</time>
        <speed>0.9615011</speed>
      </trkpt>
      <trkpt lat="29.2541732" lon="119.7199043">
        <ele>782.86</ele>
        <time>2026-02-15T02:36:08Z</time>
        <speed>0.8637039</speed>
      </trkpt>
      <trkpt lat="29.2541728" lon="119.7200221">
        <ele>784.64</ele>
        <time>2026-02-15T02:36:20Z</time>
        <speed>0.8559831</speed>
      </trkpt>
      <trkpt lat="29.254187" lon="119.7201368">
        <ele>787.68</ele>
        <time>2026-02-15T02:36:30Z</time>
        <speed>1.0891522</speed>
      </trkpt>
      <trkpt lat="29.2542231" lon="119.7202341">
        <ele>790.61</ele>
        <time>2026-02-15T02:36:38Z</time>
        <speed>1.1504042</speed>
      </trkpt>
      <trkpt lat="29.2542639" lon="119.7202531">
        <ele>793.06</ele>
        <time>2026-02-15T02:36:50Z</time>
        <speed>0.0</speed>
      </trkpt>
      <trkpt lat="29.2543257" lon="119.7203193">
        <ele>795.4</ele>
        <time>2026-02-15T02:37:10Z</time>
        <speed>0.8626744</speed>
      </trkpt>
      <trkpt lat="29.2543744" lon="119.7204124">
        <ele>796.17</ele>
        <time>2026-02-15T02:37:20Z</time>
        <speed>0.8436297</speed>
      </trkpt>
      <trkpt lat="29.2544005" lon="119.7205277">
        <ele>797.09</ele>
        <time>2026-02-15T02:37:48Z</time>
        <speed>0.64855</speed>
      </trkpt>
      <trkpt lat="29.2544157" lon="119.7206371">
        <ele>798.64</ele>
        <time>2026-02-15T02:37:58Z</time>
        <speed>0.78803974</speed>
      </trkpt>
      <trkpt lat="29.2544319" lon="119.7207436">
        <ele>800.22</ele>
        <time>2026-02-15T02:38:12Z</time>
        <speed>0.7020811</speed>
      </trkpt>
      <trkpt lat="29.2544397" lon="119.7208519">
        <ele>803.13</ele>
        <time>2026-02-15T02:38:28Z</time>
        <speed>0.55075276</speed>
      </trkpt>
      <trkpt lat="29.2544913" lon="119.7209345">
        <ele>806.99</ele>
        <time>2026-02-15T02:38:42Z</time>
        <speed>0.8827486</speed>
      </trkpt>
      <trkpt lat="29.2545522" lon="119.7210136">
        <ele>810.31</ele>
        <time>2026-02-15T02:39:02Z</time>
        <speed>0.44163167</speed>
      </trkpt>
      <trkpt lat="29.2546058" lon="119.7210978">
        <ele>813.49</ele>
        <time>2026-02-15T02:39:28Z</time>
        <speed>0.4215575</speed>
      </trkpt>
      <trkpt lat="29.2546651" lon="119.7211772">
        <ele>815.82</ele>
        <time>2026-02-15T02:39:50Z</time>
        <speed>0.37420306</speed>
      </trkpt>
      <trkpt lat="29.2547067" lon="119.7212683">
        <ele>818.22</ele>
        <time>2026-02-15T02:41:14Z</time>
        <speed>0.0</speed>
      </trkpt>
      <trkpt lat="29.2547217" lon="119.7213733">
        <ele>822.81</ele>
        <time>2026-02-15T02:44:26Z</time>
        <speed>0.37677667</speed>
      </trkpt>
      <trkpt lat="29.2547367" lon="119.7214917">
        <ele>828.23</ele>
        <time>2026-02-15T02:46:44Z</time>
        <speed>0.7643625</speed>
      </trkpt>
      <trkpt lat="29.25478" lon="119.7216333">
        <ele>835.7</ele>
        <time>2026-02-15T02:47:24Z</time>
        <speed>0.46222055</speed>
      </trkpt>
      <trkpt lat="29.2547951" lon="119.721744">
        <ele>840.13</ele>
        <time>2026-02-15T02:47:34Z</time>
        <speed>0.76796556</speed>
      </trkpt>
      <trkpt lat="29.2547808" lon="119.7216896">
        <ele>843.52</ele>
        <time>2026-02-15T02:48:00Z</time>
        <speed>1.2245241</speed>
      </trkpt>
      <trkpt lat="29.2548023" lon="119.7217415">
        <ele>846.56</ele>
        <time>2026-02-15T02:48:30Z</time>
        <speed>0.77980417</speed>
      </trkpt>
      <trkpt lat="29.2548142" lon="119.7218432">
        <ele>847.57</ele>
        <time>2026-02-15T02:48:42Z</time>
        <speed>0.93422085</speed>
      </trkpt>
      <trkpt lat="29.2548156" lon="119.7219539">
        <ele>848.83</ele>
        <time>2026-02-15T02:48:52Z</time>
        <speed>0.917235</speed>
      </trkpt>
      <trkpt lat="29.2548145" lon="119.7220773">
        <ele>848.9</ele>
        <time>2026-02-15T02:49:00Z</time>
        <speed>1.2620989</speed>
      </trkpt>
      <trkpt lat="29.2547719" lon="119.7221783">
        <ele>848.94</ele>
        <time>2026-02-15T02:49:08Z</time>
        <speed>1.1035645</speed>
      </trkpt>
      <trkpt lat="29.2547297" lon="119.7222955">
        <ele>849.05</ele>
        <time>2026-02-15T02:49:18Z</time>
        <speed>0.9455447</speed>
      </trkpt>
      <trkpt lat="29.2547101" lon="119.7224051">
        <ele>849.98</ele>
        <time>2026-02-15T02:49:34Z</time>
        <speed>0.5697975</speed>
      </trkpt>
      <trkpt lat="29.2546913" lon="119.72251">
        <ele>852.31</ele>
        <time>2026-02-15T02:49:48Z</time>
        <speed>0.79987836</speed>
      </trkpt>
      <trkpt lat="29.2547024" lon="119.7226194">
        <ele>855.66</ele>
        <time>2026-02-15T02:50:18Z</time>
        <speed>0.46273527</speed>
      </trkpt>
      <trkpt lat="29.2547027" lon="119.7227294">
        <ele>859.12</ele>
        <time>2026-02-15T02:50:36Z</time>
        <speed>0.51060444</speed>
      </trkpt>
      <trkpt lat="29.2546873" lon="119.7228321">
        <ele>863.84</ele>
        <time>2026-02-15T02:51:10Z</time>
        <speed>0.0</speed>
      </trkpt>
      <trkpt lat="29.2546959" lon="119.7229433">
        <ele>869.55</ele>
        <time>2026-02-15T02:51:56Z</time>
        <speed>0.7756864</speed>
      </trkpt>
      <trkpt lat="29.2547326" lon="119.7230467">
        <ele>874.43</ele>
        <time>2026-02-15T02:52:14Z</time>
        <speed>0.72627306</speed>
      </trkpt>
      <trkpt lat="29.254701" lon="119.7231432">
        <ele>880.1</ele>
        <time>2026-02-15T02:52:48Z</time>
        <speed>0.6413439</speed>
      </trkpt>
      <trkpt lat="29.254701" lon="119.7231432">
        <ele>880.1</ele>
        <time>2026-02-15T02:55:20Z</time>
        <speed>0.6413439</speed>
      </trkpt>
      <extensions>
        <PauseTimes>1771124120000:pause</PauseTimes>
      </extensions>
    </trkseg>
  </trk>
  <trk>
    <trkseg>
      <trkpt lat="29.25462" lon="119.7232333">
        <ele>884.66</ele>
        <time>2026-02-15T02:55:24Z</time>
        <speed>0.9867225</speed>
      </trkpt>
      <trkpt lat="29.25462" lon="119.7232333">
        <ele>884.66</ele>
        <time>2026-02-15T03:03:11Z</time>
        <speed>0.9867225</speed>
      </trkpt>
      <trkpt lat="29.2545367" lon="119.72331">
        <ele>888.03</ele>
        <time>2026-02-15T03:03:37Z</time>
        <speed>0.5790625</speed>
      </trkpt>
      <trkpt lat="29.2545633" lon="119.7234022">
        <ele>889.61</ele>
        <time>2026-02-15T03:03:59Z</time>
        <speed>0.54097307</speed>
      </trkpt>
      <trkpt lat="29.2546313" lon="119.7234842">
        <ele>889.82</ele>
        <time>2026-02-15T03:04:19Z</time>
        <speed>0.5888422</speed>
      </trkpt>
      <trkpt lat="29.254689" lon="119.7235808">
        <ele>888.44</ele>
        <time>2026-02-15T03:04:41Z</time>
        <speed>0.6140636</speed>
      </trkpt>
      <trkpt lat="29.2547353" lon="119.7236851">
        <ele>885.54</ele>
        <time>2026-02-15T03:04:49Z</time>
        <speed>1.2023911</speed>
      </trkpt>
      <trkpt lat="29.2547741" lon="119.7237917">
        <ele>882.77</ele>
        <time>2026-02-15T03:05:01Z</time>
        <speed>0.8410561</speed>
      </trkpt>
      <trkpt lat="29.2548136" lon="119.723892">
        <ele>880.2</ele>
        <time>2026-02-15T03:05:13Z</time>
        <speed>0.71186084</speed>
      </trkpt>
      <trkpt lat="29.2548371" lon="119.7239982">
        <ele>877.49</ele>
        <time>2026-02-15T03:05:23Z</time>
        <speed>0.8559831</speed>
      </trkpt>
      <trkpt lat="29.254831" lon="119.7241204">
        <ele>874.91</ele>
        <time>2026-02-15T03:05:33Z</time>
        <speed>0.9995906</speed>
      </trkpt>
      <trkpt lat="29.254805" lon="119.7242332">
        <ele>872.41</ele>
        <time>2026-02-15T03:05:39Z</time>
        <speed>1.3686464</speed>
      </trkpt>
      <trkpt lat="29.2547725" lon="119.7243477">
        <ele>871.29</ele>
        <time>2026-02-15T03:05:51Z</time>
        <speed>0.93422085</speed>
      </trkpt>
      <trkpt lat="29.2547875" lon="119.7244477">
        <ele>870.13</ele>
        <time>2026-02-15T03:05:59Z</time>
        <speed>0.92238224</speed>
      </trkpt>
      <trkpt lat="29.2547938" lon="119.7245688">
        <ele>868.87</ele>
        <time>2026-02-15T03:06:07Z</time>
        <speed>1.5060772</speed>
      </trkpt>
      <trkpt lat="29.2547751" lon="119.7246819">
        <ele>866.99</ele>
        <time>2026-02-15T03:06:17Z</time>
        <speed>0.98260474</speed>
      </trkpt>
      <trkpt lat="29.2547681" lon="119.7247988">
        <ele>864.59</ele>
        <time>2026-02-15T03:06:25Z</time>
        <speed>1.059813</speed>
      </trkpt>
      <trkpt lat="29.2547501" lon="119.7249235">
        <ele>861.58</ele>
        <time>2026-02-15T03:06:35Z</time>
        <speed>1.2162886</speed>
      </trkpt>
      <trkpt lat="29.2547357" lon="119.725042">
        <ele>857.93</ele>
        <time>2026-02-15T03:06:43Z</time>
        <speed>1.4463694</speed>
      </trkpt>
      <trkpt lat="29.2547669" lon="119.725149">
        <ele>855.51</ele>
        <time>2026-02-15T03:06:51Z</time>
        <speed>1.0876081</speed>
      </trkpt>
      <trkpt lat="29.2548287" lon="119.7252356">
        <ele>853.96</ele>
        <time>2026-02-15T03:06:59Z</time>
        <speed>1.0963583</speed>
      </trkpt>
      <trkpt lat="29.254888" lon="119.7253266">
        <ele>851.91</ele>
        <time>2026-02-15T03:07:05Z</time>
        <speed>1.2723933</speed>
      </trkpt>
      <trkpt lat="29.2549083" lon="119.7254445">
        <ele>850.27</ele>
        <time>2026-02-15T03:07:13Z</time>
        <speed>1.2281272</speed>
      </trkpt>
      <trkpt lat="29.2549016" lon="119.7255665">
        <ele>849.47</ele>
        <time>2026-02-15T03:07:23Z</time>
        <speed>1.0145175</speed>
      </trkpt>
      <trkpt lat="29.2549116" lon="119.7256638">
        <ele>849.48</ele>
        <time>2026-02-15T03:07:45Z</time>
        <speed>0.0</speed>
      </trkpt>
      <trkpt lat="29.2548897" lon="119.7257775">
        <ele>849.75</ele>
        <time>2026-02-15T03:08:05Z</time>
        <speed>1.0752547</speed>
      </trkpt>
      <trkpt lat="29.2548577" lon="119.7258855">
        <ele>849.55</ele>
        <time>2026-02-15T03:08:27Z</time>
        <speed>1.1931261</speed>
      </trkpt>
      <trkpt lat="29.254854" lon="119.7258796">
        <ele>849.02</ele>
        <time>2026-02-15T03:08:59Z</time>
        <speed>0.0</speed>
      </trkpt>
      <trkpt lat="29.2548267" lon="119.72596">
        <ele>847.89</ele>
        <time>2026-02-15T03:10:05Z</time>
        <speed>0.90230805</speed>
      </trkpt>
      <trkpt lat="29.254785" lon="119.7260683">
        <ele>848.28</ele>
        <time>2026-02-15T03:10:21Z</time>
        <speed>0.7576711</speed>
      </trkpt>
      <trkpt lat="29.2547462" lon="119.7261668">
        <ele>846.7</ele>
        <time>2026-02-15T03:10:41Z</time>
        <speed>0.6186961</speed>
      </trkpt>
      <trkpt lat="29.2546756" lon="119.7262326">
        <ele>846.18</ele>
        <time>2026-02-15T03:11:33Z</time>
        <speed>0.52398723</speed>
      </trkpt>
      <trkpt lat="29.254594" lon="119.7262907">
        <ele>844.3</ele>
        <time>2026-02-15T03:11:59Z</time>
        <speed>1.2034205</speed>
      </trkpt>
      <trkpt lat="29.2545493" lon="119.7262921">
        <ele>842.1</ele>
        <time>2026-02-15T03:12:17Z</time>
        <speed>0.0</speed>
      </trkpt>
      <trkpt lat="29.2544717" lon="119.7263383">
        <ele>838.7</ele>
        <time>2026-02-15T03:13:41Z</time>
        <speed>0.9846636</speed>
      </trkpt>
      <trkpt lat="29.2545633" lon="119.7262917">
        <ele>837.8</ele>
        <time>2026-02-15T03:14:15Z</time>
        <speed>1.1704783</speed>
      </trkpt>
      <trkpt lat="29.2546536" lon="119.7262619">
        <ele>836.68</ele>
        <time>2026-02-15T03:14:31Z</time>
        <speed>0.9604717</speed>
      </trkpt>
      <trkpt lat="29.2547127" lon="119.7263355">
        <ele>837.03</ele>
        <time>2026-02-15T03:15:17Z</time>
        <speed>1.0330476</speed>
      </trkpt>
      <trkpt lat="29.254717" lon="119.7264465">
        <ele>838.27</ele>
        <time>2026-02-15T03:15:37Z</time>
        <speed>0.7298761</speed>
      </trkpt>
      <trkpt lat="29.2547074" lon="119.7265702">
        <ele>836.43</ele>
        <time>2026-02-15T03:15:53Z</time>
        <speed>1.1102558</speed>
      </trkpt>
      <trkpt lat="29.2547252" lon="119.7266098">
        <ele>832.59</ele>
        <time>2026-02-15T03:16:11Z</time>
        <speed>0.0</speed>
      </trkpt>
      <trkpt lat="29.2547007" lon="119.726684">
        <ele>829.07</ele>
        <time>2026-02-15T03:16:23Z</time>
        <speed>0.90797</speed>
      </trkpt>
      <trkpt lat="29.2547097" lon="119.7267785">
        <ele>826.11</ele>
        <time>2026-02-15T03:16:29Z</time>
        <speed>1.5261514</speed>
      </trkpt>
      <trkpt lat="29.2547521" lon="119.7269088">
        <ele>823.14</ele>
        <time>2026-02-15T03:16:35Z</time>
        <speed>2.0151374</speed>
      </trkpt>
      <trkpt lat="29.2547847" lon="119.7270333">
        <ele>820.03</ele>
        <time>2026-02-15T03:16:47Z</time>
        <speed>0.8734836</speed>
      </trkpt>
      <trkpt lat="29.2548241" lon="119.7271681">
        <ele>816.1</ele>
        <time>2026-02-15T03:16:53Z</time>
        <speed>1.7315255</speed>
      </trkpt>
      <trkpt lat="29.2548705" lon="119.7272992">
        <ele>812.83</ele>
        <time>2026-02-15T03:17:01Z</time>
        <speed>1.9724156</speed>
      </trkpt>
      <trkpt lat="29.2549011" lon="119.7274128">
        <ele>809.72</ele>
        <time>2026-02-15T03:17:07Z</time>
        <speed>1.8308669</speed>
      </trkpt>
      <trkpt lat="29.2549453" lon="119.7275196">
        <ele>807.22</ele>
        <time>2026-02-15T03:17:13Z</time>
        <speed>1.6481405</speed>
      </trkpt>
      <trkpt lat="29.2550212" lon="119.7275921">
        <ele>805.14</ele>
        <time>2026-02-15T03:17:21Z</time>
        <speed>1.5251219</speed>
      </trkpt>
      <trkpt lat="29.2551133" lon="119.7276591">
        <ele>804.78</ele>
        <time>2026-02-15T03:17:29Z</time>
        <speed>1.4021033</speed>
      </trkpt>
      <trkpt lat="29.2552066" lon="119.7277277">
        <ele>805.43</ele>
        <time>2026-02-15T03:17:41Z</time>
        <speed>0.7890692</speed>
      </trkpt>
      <trkpt lat="29.2552836" lon="119.7277958">
        <ele>807.91</ele>
        <time>2026-02-15T03:17:53Z</time>
        <speed>0.73090553</speed>
      </trkpt>
      <trkpt lat="29.2553371" lon="119.7278795">
        <ele>811.01</ele>
        <time>2026-02-15T03:18:07Z</time>
        <speed>0.61509305</speed>
      </trkpt>
      <trkpt lat="29.2553961" lon="119.7279618">
        <ele>814.96</ele>
        <time>2026-02-15T03:18:19Z</time>
        <speed>0.73708224</speed>
      </trkpt>
      <trkpt lat="29.2554411" lon="119.7280529">
        <ele>818.07</ele>
        <time>2026-02-15T03:18:31Z</time>
        <speed>0.7581858</speed>
      </trkpt>
      <trkpt lat="29.2554865" lon="119.728162">
        <ele>820.49</ele>
        <time>2026-02-15T03:18:45Z</time>
        <speed>0.7803189</speed>
      </trkpt>
      <trkpt lat="29.2554941" lon="119.7282696">
        <ele>822.43</ele>
        <time>2026-02-15T03:18:55Z</time>
        <speed>0.8302469</speed>
      </trkpt>
      <trkpt lat="29.2554785" lon="119.7283828">
        <ele>823.49</ele>
        <time>2026-02-15T03:19:17Z</time>
        <speed>0.42979306</speed>
      </trkpt>
      <trkpt lat="29.2554505" lon="119.7284887">
        <ele>825.17</ele>
        <time>2026-02-15T03:19:33Z</time>
        <speed>0.58318025</speed>
      </trkpt>
      <trkpt lat="29.2554092" lon="119.7285926">
        <ele>827.21</ele>
        <time>2026-02-15T03:20:11Z</time>
        <speed>0.8590714</speed>
      </trkpt>
      <trkpt lat="29.2553475" lon="119.7286882">
        <ele>827.2</ele>
        <time>2026-02-15T03:20:23Z</time>
        <speed>1.0793725</speed>
      </trkpt>
      <trkpt lat="29.2552889" lon="119.728776">
        <ele>826.17</ele>
        <time>2026-02-15T03:20:35Z</time>
        <speed>0.95738333</speed>
      </trkpt>
      <trkpt lat="29.2552323" lon="119.7288702">
        <ele>823.9</ele>
        <time>2026-02-15T03:20:45Z</time>
        <speed>1.3418808</speed>
      </trkpt>
      <trkpt lat="29.2552162" lon="119.7289824">
        <ele>821.15</ele>
        <time>2026-02-15T03:20:57Z</time>
        <speed>1.0690781</speed>
      </trkpt>
      <trkpt lat="29.2551989" lon="119.7290901">
        <ele>818.25</ele>
        <time>2026-02-15T03:21:07Z</time>
        <speed>1.028415</speed>
      </trkpt>
      <trkpt lat="29.2551955" lon="119.7291988">
        <ele>816.98</ele>
        <time>2026-02-15T03:21:21Z</time>
        <speed>0.7442883</speed>
      </trkpt>
      <trkpt lat="29.2552488" lon="119.7292889">
        <ele>818.58</ele>
        <time>2026-02-15T03:22:11Z</time>
        <speed>0.85546833</speed>
      </trkpt>
      <trkpt lat="29.2553365" lon="119.7293669">
        <ele>820.61</ele>
        <time>2026-02-15T03:22:19Z</time>
        <speed>1.1828316</speed>
      </trkpt>
      <trkpt lat="29.2554179" lon="119.7294402">
        <ele>821.98</ele>
        <time>2026-02-15T03:22:31Z</time>
        <speed>0.7473767</speed>
      </trkpt>
      <trkpt lat="29.2554907" lon="119.7295318">
        <ele>824.44</ele>
        <time>2026-02-15T03:22:43Z</time>
        <speed>0.8199525</speed>
      </trkpt>
      <trkpt lat="29.255536" lon="119.7296408">
        <ele>826.45</ele>
        <time>2026-02-15T03:22:53Z</time>
        <speed>0.8734836</speed>
      </trkpt>
      <trkpt lat="29.2555746" lon="119.7297457">
        <ele>827.33</ele>
        <time>2026-02-15T03:23:03Z</time>
        <speed>0.8750278</speed>
      </trkpt>
      <trkpt lat="29.2556221" lon="119.7298579">
        <ele>827.19</ele>
        <time>2026-02-15T03:23:31Z</time>
        <speed>0.94503</speed>
      </trkpt>
      <trkpt lat="29.2556726" lon="119.7299547">
        <ele>826.59</ele>
        <time>2026-02-15T03:23:39Z</time>
        <speed>1.2379069</speed>
      </trkpt>
      <trkpt lat="29.2557355" lon="119.7300391">
        <ele>825.78</ele>
        <time>2026-02-15T03:23:49Z</time>
        <speed>1.0237825</speed>
      </trkpt>
      <trkpt lat="29.2558053" lon="119.7301257">
        <ele>825.01</ele>
        <time>2026-02-15T03:24:03Z</time>
        <speed>0.68869835</speed>
      </trkpt>
      <trkpt lat="29.2558794" lon="119.7302027">
        <ele>824.41</ele>
        <time>2026-02-15T03:24:31Z</time>
        <speed>0.5270755</speed>
      </trkpt>
      <trkpt lat="29.2559543" lon="119.7302955">
        <ele>822.9</ele>
        <time>2026-02-15T03:24:43Z</time>
        <speed>0.86730695</speed>
      </trkpt>
      <trkpt lat="29.2560414" lon="119.7303559">
        <ele>821.69</ele>
        <time>2026-02-15T03:24:53Z</time>
        <speed>0.87399834</speed>
      </trkpt>
      <trkpt lat="29.2561325" lon="119.7303764">
        <ele>823.5</ele>
        <time>2026-02-15T03:25:51Z</time>
        <speed>0.6758303</speed>
      </trkpt>
      <trkpt lat="29.2562293" lon="119.7303501">
        <ele>824.23</ele>
        <time>2026-02-15T03:26:03Z</time>
        <speed>0.67685974</speed>
      </trkpt>
      <trkpt lat="29.2561984" lon="119.7303798">
        <ele>824.69</ele>
        <time>2026-02-15T03:26:19Z</time>
        <speed>0.9887814</speed>
      </trkpt>
      <trkpt lat="29.256139" lon="119.7304591">
        <ele>825.0</ele>
        <time>2026-02-15T03:26:45Z</time>
        <speed>0.41383666</speed>
      </trkpt>
      <trkpt lat="29.2560571" lon="119.7305407">
        <ele>825.43</ele>
        <time>2026-02-15T03:26:59Z</time>
        <speed>0.87142473</speed>
      </trkpt>
      <trkpt lat="29.2560221" lon="119.7306425">
        <ele>826.23</ele>
        <time>2026-02-15T03:27:15Z</time>
        <speed>0.41486612</speed>
      </trkpt>
      <trkpt lat="29.2560157" lon="119.7307649">
        <ele>826.39</ele>
        <time>2026-02-15T03:27:29Z</time>
        <speed>1.0001053</speed>
      </trkpt>
      <trkpt lat="29.256043" lon="119.730884">
        <ele>825.96</ele>
        <time>2026-02-15T03:27:45Z</time>
        <speed>0.6181814</speed>
      </trkpt>
      <trkpt lat="29.2560458" lon="119.7310034">
        <ele>825.33</ele>
        <time>2026-02-15T03:27:55Z</time>
        <speed>0.8827486</speed>
      </trkpt>
      <trkpt lat="29.2560455" lon="119.7311131">
        <ele>825.53</ele>
        <time>2026-02-15T03:28:09Z</time>
        <speed>0.56413555</speed>
      </trkpt>
      <trkpt lat="29.2560565" lon="119.73123">
        <ele>828.36</ele>
        <time>2026-02-15T03:28:19Z</time>
        <speed>1.03768</speed>
      </trkpt>
      <trkpt lat="29.2560718" lon="119.7313411">
        <ele>831.56</ele>
        <time>2026-02-15T03:28:41Z</time>
        <speed>0.38037974</speed>
      </trkpt>
      <trkpt lat="29.2560992" lon="119.731456">
        <ele>835.75</ele>
        <time>2026-02-15T03:29:07Z</time>
        <speed>0.68766886</speed>
      </trkpt>
      <trkpt lat="29.2560906" lon="119.7315599">
        <ele>836.24</ele>
        <time>2026-02-15T03:29:17Z</time>
        <speed>0.9831194</speed>
      </trkpt>
      <trkpt lat="29.2560377" lon="119.7316447">
        <ele>835.84</ele>
        <time>2026-02-15T03:29:29Z</time>
        <speed>1.1215798</speed>
      </trkpt>
      <trkpt lat="29.2559964" lon="119.7316717">
        <ele>835.26</ele>
        <time>2026-02-15T03:29:39Z</time>
        <speed>0.0</speed>
      </trkpt>
      <trkpt lat="29.2559501" lon="119.7317529">
        <ele>834.98</ele>
        <time>2026-02-15T03:30:27Z</time>
        <speed>0.5203842</speed>
      </trkpt>
      <trkpt lat="29.2558829" lon="119.7318225">
        <ele>833.01</ele>
        <time>2026-02-15T03:30:43Z</time>
        <speed>0.67016834</speed>
      </trkpt>
      <trkpt lat="29.255794" lon="119.7318183">
        <ele>832.79</ele>
        <time>2026-02-15T03:31:19Z</time>
        <speed>0.60788697</speed>
      </trkpt>
      <trkpt lat="29.2556867" lon="119.7317967">
        <ele>832.23</ele>
        <time>2026-02-15T03:33:41Z</time>
        <speed>0.36699694</speed>
      </trkpt>
      <trkpt lat="29.2555917" lon="119.7317733">
        <ele>827.66</ele>
        <time>2026-02-15T03:34:29Z</time>
        <speed>0.57082695</speed>
      </trkpt>
      <trkpt lat="29.2555037" lon="119.7317937">
        <ele>822.17</ele>
        <time>2026-02-15T03:34:53Z</time>
        <speed>0.5713417</speed>
      </trkpt>
      <trkpt lat="29.2554286" lon="119.7317369">
        <ele>818.18</ele>
        <time>2026-02-15T03:35:09Z</time>
        <speed>0.80245197</speed>
      </trkpt>
      <trkpt lat="29.2553462" lon="119.7316738">
        <ele>812.94</ele>
        <time>2026-02-15T03:35:19Z</time>
        <speed>1.1890084</speed>
      </trkpt>
      <trkpt lat="29.255252" lon="119.7316289">
        <ele>807.42</ele>
        <time>2026-02-15T03:35:37Z</time>
        <speed>0.68458056</speed>
      </trkpt>
      <trkpt lat="29.2551534" lon="119.7316087">
        <ele>799.45</ele>
        <time>2026-02-15T03:35:45Z</time>
        <speed>1.2430542</speed>
      </trkpt>
      <trkpt lat="29.2550613" lon="119.7316303">
        <ele>791.99</ele>
        <time>2026-02-15T03:35:51Z</time>
        <speed>1.4679878</speed>
      </trkpt>
      <trkpt lat="29.2549809" lon="119.7316909">
        <ele>785.58</ele>
        <time>2026-02-15T03:36:03Z</time>
        <speed>0.8019372</speed>
      </trkpt>
      <trkpt lat="29.2548935" lon="119.7317439">
        <ele>779.1</ele>
        <time>2026-02-15T03:36:41Z</time>
        <speed>0.19147667</speed>
      </trkpt>
      <trkpt lat="29.2548041" lon="119.7317867">
        <ele>773.42</ele>
        <time>2026-02-15T03:37:01Z</time>
        <speed>0.43699917</speed>
      </trkpt>
      <trkpt lat="29.2547215" lon="119.7318355">
        <ele>768.21</ele>
        <time>2026-02-15T03:37:41Z</time>
        <speed>0.3515553</speed>
      </trkpt>
      <trkpt lat="29.2546327" lon="119.7318211">
        <ele>761.88</ele>
        <time>2026-02-15T03:38:01Z</time>
        <speed>0.4287636</speed>
      </trkpt>
      <trkpt lat="29.2545376" lon="119.7318282">
        <ele>756.25</ele>
        <time>2026-02-15T03:38:21Z</time>
        <speed>0.6248728</speed>
      </trkpt>
      <trkpt lat="29.254458" lon="119.7318777">
        <ele>750.38</ele>
        <time>2026-02-15T03:38:49Z</time>
        <speed>0.37008527</speed>
      </trkpt>
      <trkpt lat="29.2543731" lon="119.7319306">
        <ele>743.85</ele>
        <time>2026-02-15T03:39:43Z</time>
        <speed>0.398395</speed>
      </trkpt>
      <trkpt lat="29.2542807" lon="119.7319515">
        <ele>737.25</ele>
        <time>2026-02-15T03:40:33Z</time>
        <speed>0.213095</speed>
      </trkpt>
      <trkpt lat="29.2541868" lon="119.7319507">
        <ele>730.22</ele>
        <time>2026-02-15T03:41:01Z</time>
        <speed>0.47766224</speed>
      </trkpt>
      <trkpt lat="29.2540902" lon="119.7319567">
        <ele>724.87</ele>
        <time>2026-02-15T03:41:37Z</time>
        <speed>0.3541289</speed>
      </trkpt>
      <trkpt lat="29.2540033" lon="119.7319867">
        <ele>718.26</ele>
        <time>2026-02-15T03:43:55Z</time>
        <speed>0.3706</speed>
      </trkpt>
      <trkpt lat="29.2539117" lon="119.73199">
        <ele>710.75</ele>
        <time>2026-02-15T03:44:25Z</time>
        <speed>0.48023584</speed>
      </trkpt>
      <trkpt lat="29.2538158" lon="119.7319905">
        <ele>703.46</ele>
        <time>2026-02-15T03:44:57Z</time>
        <speed>0.23059556</speed>
      </trkpt>
      <trkpt lat="29.2537268" lon="119.7320291">
        <ele>697.2</ele>
        <time>2026-02-15T03:45:30Z</time>
        <speed>0.2825825</speed>
      </trkpt>
      <trkpt lat="29.2536288" lon="119.7320407">
        <ele>690.36</ele>
        <time>2026-02-15T03:46:24Z</time>
        <speed>0.4560439</speed>
      </trkpt>
      <trkpt lat="29.2535398" lon="119.7320766">
        <ele>683.62</ele>
        <time>2026-02-15T03:46:52Z</time>
        <speed>0.50082475</speed>
      </trkpt>
      <trkpt lat="29.253452" lon="119.7321042">
        <ele>678.19</ele>
        <time>2026-02-15T03:47:12Z</time>
        <speed>0.0</speed>
      </trkpt>
      <trkpt lat="29.2533617" lon="119.7321176">
        <ele>673.64</ele>
        <time>2026-02-15T03:47:36Z</time>
        <speed>0.44111696</speed>
      </trkpt>
      <trkpt lat="29.2532879" lon="119.7321808">
        <ele>669.06</ele>
        <time>2026-02-15T03:48:08Z</time>
        <speed>0.52501667</speed>
      </trkpt>
      <trkpt lat="29.2532026" lon="119.7322604">
        <ele>662.75</ele>
        <time>2026-02-15T03:48:52Z</time>
        <speed>0.27795</speed>
      </trkpt>
      <trkpt lat="29.253131" lon="119.7323411">
        <ele>656.32</ele>
        <time>2026-02-15T03:49:40Z</time>
        <speed>0.342805</speed>
      </trkpt>
      <trkpt lat="29.2530858" lon="119.7324388">
        <ele>651.02</ele>
        <time>2026-02-15T03:50:32Z</time>
        <speed>0.88944</speed>
      </trkpt>
      <trkpt lat="29.2529983" lon="119.7324617">
        <ele>646.58</ele>
        <time>2026-02-15T03:52:34Z</time>
        <speed>0.76950973</speed>
      </trkpt>
      <trkpt lat="29.2529" lon="119.7323867">
        <ele>643.23</ele>
        <time>2026-02-15T03:52:44Z</time>
        <speed>1.3578372</speed>
      </trkpt>
      <trkpt lat="29.2528496" lon="119.7323751">
        <ele>640.9</ele>
        <time>2026-02-15T03:53:06Z</time>
        <speed>0.0</speed>
      </trkpt>
      <trkpt lat="29.2527678" lon="119.7323723">
        <ele>637.28</ele>
        <time>2026-02-15T03:53:42Z</time>
        <speed>0.9831194</speed>
      </trkpt>
      <trkpt lat="29.252674" lon="119.7324075">
        <ele>635.44</ele>
        <time>2026-02-15T03:53:54Z</time>
        <speed>1.013488</speed>
      </trkpt>
      <trkpt lat="29.2525836" lon="119.7324542">
        <ele>634.26</ele>
        <time>2026-02-15T03:54:06Z</time>
        <speed>0.917235</speed>
      </trkpt>
      <trkpt lat="29.2524853" lon="119.732482">
        <ele>633.12</ele>
        <time>2026-02-15T03:54:20Z</time>
        <speed>0.92495584</speed>
      </trkpt>
      <trkpt lat="29.2523857" lon="119.7325032">
        <ele>631.43</ele>
        <time>2026-02-15T03:54:44Z</time>
        <speed>0.55075276</speed>
      </trkpt>
      <trkpt lat="29.2522825" lon="119.7325192">
        <ele>629.22</ele>
        <time>2026-02-15T03:54:56Z</time>
        <speed>1.3377631</speed>
      </trkpt>
      <trkpt lat="29.2521896" lon="119.7325536">
        <ele>627.88</ele>
        <time>2026-02-15T03:55:04Z</time>
        <speed>1.6229192</speed>
      </trkpt>
      <trkpt lat="29.2520933" lon="119.7325701">
        <ele>627.37</ele>
        <time>2026-02-15T03:55:10Z</time>
        <speed>1.8797655</speed>
      </trkpt>
      <trkpt lat="29.2519892" lon="119.732578">
        <ele>626.83</ele>
        <time>2026-02-15T03:55:18Z</time>
        <speed>1.9523414</speed>
      </trkpt>
      <trkpt lat="29.2518886" lon="119.7325983">
        <ele>626.08</ele>
        <time>2026-02-15T03:55:24Z</time>
        <speed>1.9152814</speed>
      </trkpt>
      <trkpt lat="29.2517733" lon="119.7326603">
        <ele>625.01</ele>
        <time>2026-02-15T03:55:30Z</time>
        <speed>2.2184527</speed>
      </trkpt>
      <trkpt lat="29.2516778" lon="119.7327223">
        <ele>623.85</ele>
        <time>2026-02-15T03:55:34Z</time>
        <speed>2.5226536</speed>
      </trkpt>
      <trkpt lat="29.2515627" lon="119.7327967">
        <ele>622.19</ele>
        <time>2026-02-15T03:55:40Z</time>
        <speed>2.7949417</speed>
      </trkpt>
      <trkpt lat="29.2514637" lon="119.732872">
        <ele>619.14</ele>
        <time>2026-02-15T03:55:44Z</time>
        <speed>2.881415</speed>
      </trkpt>
      <trkpt lat="29.2513637" lon="119.7329462">
        <ele>616.16</ele>
        <time>2026-02-15T03:55:48Z</time>
        <speed>3.0698032</speed>
      </trkpt>
      <trkpt lat="29.2512679" lon="119.7329767">
        <ele>613.77</ele>
        <time>2026-02-15T03:55:54Z</time>
        <speed>2.4114735</speed>
      </trkpt>
      <trkpt lat="29.2511822" lon="119.7329457">
        <ele>612.66</ele>
        <time>2026-02-15T03:56:00Z</time>
        <speed>1.96418</speed>
      </trkpt>
      <trkpt lat="29.2511036" lon="119.732882">
        <ele>611.6</ele>
        <time>2026-02-15T03:56:06Z</time>
        <speed>1.5868886</speed>
      </trkpt>
      <trkpt lat="29.2510269" lon="119.7327921">
        <ele>611.13</ele>
        <time>2026-02-15T03:56:14Z</time>
        <speed>1.6970391</speed>
      </trkpt>
      <trkpt lat="29.2509901" lon="119.7326868">
        <ele>610.21</ele>
        <time>2026-02-15T03:56:22Z</time>
        <speed>1.46387</speed>
      </trkpt>
      <trkpt lat="29.2509687" lon="119.7325758">
        <ele>609.95</ele>
        <time>2026-02-15T03:56:30Z</time>
        <speed>1.5060772</speed>
      </trkpt>
      <trkpt lat="29.2509617" lon="119.7324555">
        <ele>609.63</ele>
        <time>2026-02-15T03:56:38Z</time>
        <speed>1.5863739</speed>
      </trkpt>
      <trkpt lat="29.2509428" lon="119.7323436">
        <ele>608.88</ele>
        <time>2026-02-15T03:56:46Z</time>
        <speed>1.6815975</speed>
      </trkpt>
      <trkpt lat="29.2508938" lon="119.73225">
        <ele>608.8</ele>
        <time>2026-02-15T03:56:54Z</time>
        <speed>1.5791677</speed>
      </trkpt>
      <trkpt lat="29.2508196" lon="119.7321583">
        <ele>610.05</ele>
        <time>2026-02-15T03:57:02Z</time>
        <speed>1.6671853</speed>
      </trkpt>
      <trkpt lat="29.2507753" lon="119.7320591">
        <ele>611.19</ele>
        <time>2026-02-15T03:57:08Z</time>
        <speed>1.9034427</speed>
      </trkpt>
      <trkpt lat="29.2507829" lon="119.7319352">
        <ele>611.28</ele>
        <time>2026-02-15T03:57:18Z</time>
        <speed>1.6460817</speed>
      </trkpt>
      <trkpt lat="29.2508415" lon="119.731835">
        <ele>611.33</ele>
        <time>2026-02-15T03:57:26Z</time>
        <speed>1.2914381</speed>
      </trkpt>
      <trkpt lat="29.2509419" lon="119.73177">
        <ele>612.05</ele>
        <time>2026-02-15T03:57:34Z</time>
        <speed>1.2759964</speed>
      </trkpt>
      <trkpt lat="29.2510494" lon="119.7317347">
        <ele>612.93</ele>
        <time>2026-02-15T03:57:40Z</time>
        <speed>1.7526292</speed>
      </trkpt>
      <trkpt lat="29.2511248" lon="119.7316668">
        <ele>614.68</ele>
        <time>2026-02-15T03:57:48Z</time>
        <speed>1.5838003</speed>
      </trkpt>
      <trkpt lat="29.2511105" lon="119.7315704">
        <ele>616.67</ele>
        <time>2026-02-15T03:57:56Z</time>
        <speed>1.2631283</speed>
      </trkpt>
      <trkpt lat="29.2510536" lon="119.7314526">
        <ele>617.24</ele>
        <time>2026-02-15T03:58:04Z</time>
        <speed>1.361955</speed>
      </trkpt>
      <trkpt lat="29.2510075" lon="119.7313375">
        <ele>616.66</ele>
        <time>2026-02-15T03:58:12Z</time>
        <speed>1.4824</speed>
      </trkpt>
      <trkpt lat="29.2509966" lon="119.7312191">
        <ele>615.99</ele>
        <time>2026-02-15T03:58:20Z</time>
        <speed>1.5107098</speed>
      </trkpt>
      <trkpt lat="29.2509819" lon="119.7311044">
        <ele>615.61</ele>
        <time>2026-02-15T03:58:28Z</time>
        <speed>1.4504873</speed>
      </trkpt>
      <trkpt lat="29.2509337" lon="119.7310053">
        <ele>614.31</ele>
        <time>2026-02-15T03:59:00Z</time>
        <speed>0.39993918</speed>
      </trkpt>
      <trkpt lat="29.2508467" lon="119.7309761">
        <ele>612.42</ele>
        <time>2026-02-15T03:59:10Z</time>
        <speed>1.0922406</speed>
      </trkpt>
      <trkpt lat="29.2507447" lon="119.7309666">
        <ele>609.7</ele>
        <time>2026-02-15T03:59:20Z</time>
        <speed>1.2754817</speed>
      </trkpt>
      <trkpt lat="29.2506465" lon="119.7310239">
        <ele>607.16</ele>
        <time>2026-02-15T03:59:28Z</time>
        <speed>1.37122</speed>
      </trkpt>
      <trkpt lat="29.2505522" lon="119.7310998">
        <ele>605.41</ele>
        <time>2026-02-15T03:59:36Z</time>
        <speed>1.6203456</speed>
      </trkpt>
      <trkpt lat="29.2504453" lon="119.7311758">
        <ele>604.03</ele>
        <time>2026-02-15T03:59:44Z</time>
        <speed>1.6692442</speed>
      </trkpt>
      <trkpt lat="29.2503292" lon="119.7312429">
        <ele>603.07</ele>
        <time>2026-02-15T03:59:50Z</time>
        <speed>2.2719839</speed>
      </trkpt>
      <trkpt lat="29.2502206" lon="119.7313085">
        <ele>601.28</ele>
        <time>2026-02-15T03:59:54Z</time>
        <speed>2.6755261</speed>
      </trkpt>
      <trkpt lat="29.2500982" lon="119.7313967">
        <ele>599.78</ele>
        <time>2026-02-15T03:59:58Z</time>
        <speed>2.6755261</speed>
      </trkpt>
      <trkpt lat="29.2499797" lon="119.7314541">
        <ele>597.68</ele>
        <time>2026-02-15T04:00:02Z</time>
        <speed>2.6755261</speed>
      </trkpt>
      <trkpt lat="29.2498758" lon="119.7314764">
        <ele>595.62</ele>
        <time>2026-02-15T04:00:06Z</time>
        <speed>3.357533</speed>
      </trkpt>
      <trkpt lat="29.2497839" lon="119.7315268">
        <ele>594.15</ele>
        <time>2026-02-15T04:00:14Z</time>
        <speed>2.069698</speed>
      </trkpt>
      <trkpt lat="29.2497068" lon="119.7316138">
        <ele>593.79</ele>
        <time>2026-02-15T04:00:24Z</time>
        <speed>1.5230631</speed>
      </trkpt>
      <trkpt lat="29.2496267" lon="119.7316788">
        <ele>594.57</ele>
        <time>2026-02-15T04:00:28Z</time>
        <speed>1.8818245</speed>
      </trkpt>
      <trkpt lat="29.2495315" lon="119.7317373">
        <ele>595.48</ele>
        <time>2026-02-15T04:00:32Z</time>
        <speed>2.3260298</speed>
      </trkpt>
      <trkpt lat="29.2494279" lon="119.7317761">
        <ele>597.13</ele>
        <time>2026-02-15T04:00:36Z</time>
        <speed>2.670379</speed>
      </trkpt>
      <trkpt lat="29.2493279" lon="119.731758">
        <ele>599.14</ele>
        <time>2026-02-15T04:00:40Z</time>
        <speed>2.6837616</speed>
      </trkpt>
      <trkpt lat="29.249245" lon="119.731699">
        <ele>600.8</ele>
        <time>2026-02-15T04:00:46Z</time>
        <speed>2.1762455</speed>
      </trkpt>
      <trkpt lat="29.249151" lon="119.7316878">
        <ele>602.3</ele>
        <time>2026-02-15T04:01:02Z</time>
        <speed>1.0876081</speed>
      </trkpt>
      <trkpt lat="29.2490809" lon="119.7317522">
        <ele>602.47</ele>
        <time>2026-02-15T04:01:06Z</time>
        <speed>1.9966075</speed>
      </trkpt>
      <trkpt lat="29.2490336" lon="119.7318576">
        <ele>600.89</ele>
        <time>2026-02-15T04:01:12Z</time>
        <speed>2.4104443</speed>
      </trkpt>
      <trkpt lat="29.2489745" lon="119.7319585">
        <ele>597.37</ele>
        <time>2026-02-15T04:01:22Z</time>
        <speed>1.2327597</speed>
      </trkpt>
      <trkpt lat="29.2489217" lon="119.7320647">
        <ele>592.18</ele>
        <time>2026-02-15T04:01:36Z</time>
        <speed>0.670683</speed>
      </trkpt>
      <trkpt lat="29.2489824" lon="119.7321329">
        <ele>587.89</ele>
        <time>2026-02-15T04:01:50Z</time>
        <speed>1.0979025</speed>
      </trkpt>
      <trkpt lat="29.2489437" lon="119.7321196">
        <ele>585.18</ele>
        <time>2026-02-15T04:02:08Z</time>
        <speed>1.4582081</speed>
      </trkpt>
      <trkpt lat="29.2488572" lon="119.7321002">
        <ele>583.99</ele>
        <time>2026-02-15T04:02:16Z</time>
        <speed>1.4556345</speed>
      </trkpt>
      <trkpt lat="29.2487552" lon="119.7321502">
        <ele>584.16</ele>
        <time>2026-02-15T04:02:24Z</time>
        <speed>1.6249781</speed>
      </trkpt>
      <trkpt lat="29.2486801" lon="119.7322437">
        <ele>584.44</ele>
        <time>2026-02-15T04:02:32Z</time>
        <speed>1.5405636</speed>
      </trkpt>
      <trkpt lat="29.248605" lon="119.7323395">
        <ele>585.45</ele>
        <time>2026-02-15T04:02:40Z</time>
        <speed>1.3511459</speed>
      </trkpt>
      <trkpt lat="29.24852" lon="119.7324265">
        <ele>586.29</ele>
        <time>2026-02-15T04:02:48Z</time>
        <speed>1.4113684</speed>
      </trkpt>
      <trkpt lat="29.2484401" lon="119.7324944">
        <ele>587.03</ele>
        <time>2026-02-15T04:02:56Z</time>
        <speed>1.22298</speed>
      </trkpt>
      <trkpt lat="29.2483763" lon="119.7325461">
        <ele>587.92</ele>
        <time>2026-02-15T04:03:14Z</time>
        <speed>0.0</speed>
      </trkpt>
      <trkpt lat="29.2484287" lon="119.7325311">
        <ele>587.52</ele>
        <time>2026-02-15T04:03:20Z</time>
        <speed>1.0438566</speed>
      </trkpt>
      <trkpt lat="29.2485214" lon="119.7324919">
        <ele>587.0</ele>
        <time>2026-02-15T04:03:26Z</time>
        <speed>1.7593205</speed>
      </trkpt>
      <trkpt lat="29.2486258" lon="119.7324632">
        <ele>586.05</ele>
        <time>2026-02-15T04:03:32Z</time>
        <speed>1.8730742</speed>
      </trkpt>
      <trkpt lat="29.2487323" lon="119.7324519">
        <ele>585.26</ele>
        <time>2026-02-15T04:03:40Z</time>
        <speed>1.5318134</speed>
      </trkpt>
      <trkpt lat="29.2488209" lon="119.7324922">
        <ele>584.5</ele>
        <time>2026-02-15T04:03:46Z</time>
        <speed>1.8576325</speed>
      </trkpt>
      <trkpt lat="29.248912" lon="119.7325648">
        <ele>583.6</ele>
        <time>2026-02-15T04:03:54Z</time>
        <speed>1.8869717</speed>
      </trkpt>
      <trkpt lat="29.2489828" lon="119.7326689">
        <ele>582.65</ele>
        <time>2026-02-15T04:04:02Z</time>
        <speed>1.5318134</speed>
      </trkpt>
      <trkpt lat="29.2490282" lon="119.7327811">
        <ele>581.73</ele>
        <time>2026-02-15T04:04:12Z</time>
        <speed>1.0114292</speed>
      </trkpt>
      <trkpt lat="29.2490342" lon="119.7328728">
        <ele>579.95</ele>
        <time>2026-02-15T04:04:26Z</time>
        <speed>0.0</speed>
      </trkpt>
      <trkpt lat="29.2490289" lon="119.7329909">
        <ele>578.64</ele>
        <time>2026-02-15T04:04:56Z</time>
        <speed>0.70414</speed>
      </trkpt>
      <trkpt lat="29.2490102" lon="119.7331224">
        <ele>577.93</ele>
        <time>2026-02-15T04:05:04Z</time>
        <speed>1.7500556</speed>
      </trkpt>
      <trkpt lat="29.2489988" lon="119.7332473">
        <ele>576.93</ele>
        <time>2026-02-15T04:05:10Z</time>
        <speed>2.0887427</speed>
      </trkpt>
      <trkpt lat="29.2489746" lon="119.7333782">
        <ele>575.33</ele>
        <time>2026-02-15T04:05:20Z</time>
        <speed>1.5328428</speed>
      </trkpt>
      <trkpt lat="29.2489664" lon="119.7335109">
        <ele>574.84</ele>
        <time>2026-02-15T04:05:28Z</time>
        <speed>1.6054186</speed>
      </trkpt>
      <trkpt lat="29.2489425" lon="119.7336387">
        <ele>574.52</ele>
        <time>2026-02-15T04:05:44Z</time>
        <speed>1.0670192</speed>
      </trkpt>
      <trkpt lat="29.24889" lon="119.7337367">
        <ele>574.73</ele>
        <time>2026-02-15T04:05:52Z</time>
        <speed>1.4021033</speed>
      </trkpt>
      <trkpt lat="29.2488941" lon="119.7337513">
        <ele>574.63</ele>
        <time>2026-02-15T04:06:04Z</time>
        <speed>0.0</speed>
      </trkpt>
      <trkpt lat="29.2489" lon="119.7338267">
        <ele>573.67</ele>
        <time>2026-02-15T04:07:12Z</time>
        <speed>0.6814922</speed>
      </trkpt>
      <trkpt lat="29.2489433" lon="119.7339183">
        <ele>571.75</ele>
        <time>2026-02-15T04:07:24Z</time>
        <speed>0.772598</speed>
      </trkpt>
      <trkpt lat="29.2490163" lon="119.7339804">
        <ele>570.14</ele>
        <time>2026-02-15T04:07:38Z</time>
        <speed>0.84877694</speed>
      </trkpt>
      <trkpt lat="29.2490662" lon="119.7340681">
        <ele>566.72</ele>
        <time>2026-02-15T04:07:48Z</time>
        <speed>0.8142906</speed>
      </trkpt>
      <trkpt lat="29.2491228" lon="119.7341523">
        <ele>563.62</ele>
        <time>2026-02-15T04:07:54Z</time>
        <speed>1.1529778</speed>
      </trkpt>
      <trkpt lat="29.2492234" lon="119.7342187">
        <ele>560.81</ele>
        <time>2026-02-15T04:08:02Z</time>
        <speed>1.689833</speed>
      </trkpt>
      <trkpt lat="29.249305" lon="119.7342934">
        <ele>556.89</ele>
        <time>2026-02-15T04:08:06Z</time>
        <speed>1.8360142</speed>
      </trkpt>
      <trkpt lat="29.2493823" lon="119.7343796">
        <ele>553.28</ele>
        <time>2026-02-15T04:08:12Z</time>
        <speed>1.717628</speed>
      </trkpt>
      <trkpt lat="29.2494701" lon="119.7344311">
        <ele>549.16</ele>
        <time>2026-02-15T04:08:18Z</time>
        <speed>1.5838003</speed>
      </trkpt>
      <trkpt lat="29.2495632" lon="119.7344657">
        <ele>544.92</ele>
        <time>2026-02-15T04:08:26Z</time>
        <speed>1.4479136</speed>
      </trkpt>
      <trkpt lat="29.2496076" lon="119.7345481">
        <ele>538.93</ele>
        <time>2026-02-15T04:08:38Z</time>
        <speed>1.2399658</speed>
      </trkpt>
      <trkpt lat="29.2496149" lon="119.7346524">
        <ele>533.84</ele>
        <time>2026-02-15T04:08:50Z</time>
        <speed>1.3634992</speed>
      </trkpt>
      <trkpt lat="29.2495984" lon="119.7347591">
        <ele>529.82</ele>
        <time>2026-02-15T04:09:00Z</time>
        <speed>1.2430542</speed>
      </trkpt>
      <trkpt lat="29.2495866" lon="119.7347796">
        <ele>526.63</ele>
        <time>2026-02-15T04:09:18Z</time>
        <speed>0.0</speed>
      </trkpt>
      <trkpt lat="29.2495244" lon="119.7348286">
        <ele>524.85</ele>
        <time>2026-02-15T04:09:48Z</time>
        <speed>0.8601008</speed>
      </trkpt>
      <trkpt lat="29.2494213" lon="119.7349046">
        <ele>525.91</ele>
        <time>2026-02-15T04:09:56Z</time>
        <speed>1.3701905</speed>
      </trkpt>
      <trkpt lat="29.2493031" lon="119.7349673">
        <ele>527.02</ele>
        <time>2026-02-15T04:10:02Z</time>
        <speed>1.6759355</speed>
      </trkpt>
      <trkpt lat="29.2491947" lon="119.7349501">
        <ele>527.87</ele>
        <time>2026-02-15T04:10:08Z</time>
        <speed>1.7021863</speed>
      </trkpt>
      <trkpt lat="29.2491016" lon="119.7349101">
        <ele>528.79</ele>
        <time>2026-02-15T04:10:12Z</time>
        <speed>1.7490261</speed>
      </trkpt>
      <trkpt lat="29.2490127" lon="119.7348587">
        <ele>529.48</ele>
        <time>2026-02-15T04:10:16Z</time>
        <speed>1.79741</speed>
      </trkpt>
      <trkpt lat="29.2489288" lon="119.7348004">
        <ele>529.96</ele>
        <time>2026-02-15T04:10:20Z</time>
        <speed>1.8735889</speed>
      </trkpt>
      <trkpt lat="29.2488463" lon="119.7347484">
        <ele>529.98</ele>
        <time>2026-02-15T04:10:24Z</time>
        <speed>1.9055017</speed>
      </trkpt>
      <trkpt lat="29.2487414" lon="119.7346742">
        <ele>529.13</ele>
        <time>2026-02-15T04:10:28Z</time>
        <speed>2.2889698</speed>
      </trkpt>
      <trkpt lat="29.2486103" lon="119.7345686">
        <ele>527.57</ele>
        <time>2026-02-15T04:10:32Z</time>
        <speed>2.9385493</speed>
      </trkpt>
      <trkpt lat="29.2485009" lon="119.7344631">
        <ele>525.56</ele>
        <time>2026-02-15T04:10:36Z</time>
        <speed>2.9385493</speed>
      </trkpt>
      <trkpt lat="29.2484063" lon="119.7343889">
        <ele>522.31</ele>
        <time>2026-02-15T04:10:40Z</time>
        <speed>3.1367173</speed>
      </trkpt>
      <trkpt lat="29.2483096" lon="119.7343714">
        <ele>519.81</ele>
        <time>2026-02-15T04:10:44Z</time>
        <speed>2.5453014</speed>
      </trkpt>
      <trkpt lat="29.2482174" lon="119.7343359">
        <ele>517.53</ele>
        <time>2026-02-15T04:10:50Z</time>
        <speed>1.9044722</speed>
      </trkpt>
      <trkpt lat="29.2481541" lon="119.734239">
        <ele>513.26</ele>
        <time>2026-02-15T04:10:56Z</time>
        <speed>1.6815975</speed>
      </trkpt>
      <trkpt lat="29.2481109" lon="119.7341386">
        <ele>509.45</ele>
        <time>2026-02-15T04:11:02Z</time>
        <speed>1.6836563</speed>
      </trkpt>
      <trkpt lat="29.248102" lon="119.7340299">
        <ele>506.07</ele>
        <time>2026-02-15T04:11:12Z</time>
        <speed>1.1107706</speed>
      </trkpt>
      <trkpt lat="29.2480235" lon="119.7339624">
        <ele>502.94</ele>
        <time>2026-02-15T04:11:22Z</time>
        <speed>0.9702514</speed>
      </trkpt>
      <trkpt lat="29.2479416" lon="119.7339051">
        <ele>501.68</ele>
        <time>2026-02-15T04:11:30Z</time>
        <speed>1.1643016</speed>
      </trkpt>
      <trkpt lat="29.2478507" lon="119.73389">
        <ele>501.04</ele>
        <time>2026-02-15T04:11:40Z</time>
        <speed>0.69538975</speed>
      </trkpt>
      <trkpt lat="29.2477466" lon="119.7338889">
        <ele>501.11</ele>
        <time>2026-02-15T04:11:46Z</time>
        <speed>0.9038522</speed>
      </trkpt>
      <trkpt lat="29.2476452" lon="119.7338512">
        <ele>500.98</ele>
        <time>2026-02-15T04:11:56Z</time>
        <speed>1.0701075</speed>
      </trkpt>
      <trkpt lat="29.2475473" lon="119.7338051">
        <ele>499.83</ele>
        <time>2026-02-15T04:12:04Z</time>
        <speed>1.2759964</speed>
      </trkpt>
      <trkpt lat="29.2474577" lon="119.733842">
        <ele>498.95</ele>
        <time>2026-02-15T04:12:14Z</time>
        <speed>1.1102558</speed>
      </trkpt>
      <trkpt lat="29.2473686" lon="119.7338661">
        <ele>498.76</ele>
        <time>2026-02-15T04:12:20Z</time>
        <speed>1.3109975</speed>
      </trkpt>
      <trkpt lat="29.2472881" lon="119.7339166">
        <ele>498.6</ele>
        <time>2026-02-15T04:12:30Z</time>
        <speed>1.1169472</speed>
      </trkpt>
      <trkpt lat="29.2471942" lon="119.7339276">
        <ele>497.57</ele>
        <time>2026-02-15T04:12:42Z</time>
        <speed>1.176655</speed>
      </trkpt>
      <trkpt lat="29.2471336" lon="119.7339157">
        <ele>495.35</ele>
        <time>2026-02-15T04:13:00Z</time>
        <speed>0.0</speed>
      </trkpt>
      <trkpt lat="29.24705" lon="119.73387">
        <ele>490.51</ele>
        <time>2026-02-15T04:14:36Z</time>
        <speed>0.9270147</speed>
      </trkpt>
      <trkpt lat="29.2469867" lon="119.7337817">
        <ele>483.75</ele>
        <time>2026-02-15T04:14:56Z</time>
        <speed>0.28567085</speed>
      </trkpt>
      <trkpt lat="29.2468867" lon="119.7337596">
        <ele>478.91</ele>
        <time>2026-02-15T04:15:24Z</time>
        <speed>0.9748839</speed>
      </trkpt>
      <trkpt lat="29.2467763" lon="119.7337544">
        <ele>475.68</ele>
        <time>2026-02-15T04:15:32Z</time>
        <speed>1.2667314</speed>
      </trkpt>
      <trkpt lat="29.2466876" lon="119.7337047">
        <ele>474.23</ele>
        <time>2026-02-15T04:15:38Z</time>
        <speed>1.4021033</speed>
      </trkpt>
      <trkpt lat="29.2465875" lon="119.7336326">
        <ele>473.14</ele>
        <time>2026-02-15T04:15:44Z</time>
        <speed>1.6651264</speed>
      </trkpt>
      <trkpt lat="29.2465004" lon="119.7335432">
        <ele>471.7</ele>
        <time>2026-02-15T04:15:50Z</time>
        <speed>1.6481405</speed>
      </trkpt>
      <trkpt lat="29.2464021" lon="119.733443">
        <ele>470.33</ele>
        <time>2026-02-15T04:15:56Z</time>
        <speed>1.9425616</speed>
      </trkpt>
      <trkpt lat="29.246303" lon="119.7333633">
        <ele>469.2</ele>
        <time>2026-02-15T04:16:00Z</time>
        <speed>2.3301475</speed>
      </trkpt>
      <trkpt lat="29.2462003" lon="119.7333629">
        <ele>468.12</ele>
        <time>2026-02-15T04:16:04Z</time>
        <speed>2.503609</speed>
      </trkpt>
      <trkpt lat="29.2461064" lon="119.7334412">
        <ele>466.44</ele>
        <time>2026-02-15T04:16:10Z</time>
        <speed>2.1283765</speed>
      </trkpt>
      <trkpt lat="29.2460049" lon="119.733505">
        <ele>463.93</ele>
        <time>2026-02-15T04:16:14Z</time>
        <speed>2.133009</speed>
      </trkpt>
      <trkpt lat="29.2458902" lon="119.7335581">
        <ele>461.85</ele>
        <time>2026-02-15T04:16:18Z</time>
        <speed>2.6806734</speed>
      </trkpt>
      <trkpt lat="29.2457459" lon="119.7335956">
        <ele>459.46</ele>
        <time>2026-02-15T04:16:22Z</time>
        <speed>3.1320846</speed>
      </trkpt>
      <trkpt lat="29.2456192" lon="119.7336768">
        <ele>456.9</ele>
        <time>2026-02-15T04:16:26Z</time>
        <speed>3.4615068</speed>
      </trkpt>
      <trkpt lat="29.2455348" lon="119.7337755">
        <ele>454.1</ele>
        <time>2026-02-15T04:16:30Z</time>
        <speed>3.1784098</speed>
      </trkpt>
      <trkpt lat="29.2454484" lon="119.7338484">
        <ele>451.0</ele>
        <time>2026-02-15T04:16:34Z</time>
        <speed>2.616333</speed>
      </trkpt>
      <trkpt lat="29.2453792" lon="119.7339335">
        <ele>448.16</ele>
        <time>2026-02-15T04:16:40Z</time>
        <speed>1.8514558</speed>
      </trkpt>
      <trkpt lat="29.2453139" lon="119.7340297">
        <ele>445.51</ele>
        <time>2026-02-15T04:16:46Z</time>
        <speed>1.7099072</speed>
      </trkpt>
      <trkpt lat="29.2452334" lon="119.7340918">
        <ele>442.02</ele>
        <time>2026-02-15T04:16:50Z</time>
        <speed>2.041903</speed>
      </trkpt>
      <trkpt lat="29.2451151" lon="119.7341243">
        <ele>438.83</ele>
        <time>2026-02-15T04:16:54Z</time>
        <speed>2.5900822</speed>
      </trkpt>
      <trkpt lat="29.2449958" lon="119.7341799">
        <ele>436.75</ele>
        <time>2026-02-15T04:17:00Z</time>
        <speed>2.698174</speed>
      </trkpt>
      <trkpt lat="29.2448984" lon="119.7342339">
        <ele>434.75</ele>
        <time>2026-02-15T04:17:06Z</time>
        <speed>1.9749892</speed>
      </trkpt>
      <trkpt lat="29.2447939" lon="119.7342922">
        <ele>432.36</ele>
        <time>2026-02-15T04:17:22Z</time>
        <speed>0.7983342</speed>
      </trkpt>
      <trkpt lat="29.2446914" lon="119.7343659">
        <ele>427.95</ele>
        <time>2026-02-15T04:17:28Z</time>
        <speed>1.6218897</speed>
      </trkpt>
      <trkpt lat="29.2445971" lon="119.7344401">
        <ele>424.92</ele>
        <time>2026-02-15T04:17:36Z</time>
        <speed>1.4355602</speed>
      </trkpt>
      <trkpt lat="29.2445196" lon="119.7345161">
        <ele>422.24</ele>
        <time>2026-02-15T04:17:46Z</time>
        <speed>1.0891522</speed>
      </trkpt>
      <trkpt lat="29.2444289" lon="119.7345746">
        <ele>419.34</ele>
        <time>2026-02-15T04:17:56Z</time>
        <speed>1.0263561</speed>
      </trkpt>
      <trkpt lat="29.2443886" lon="119.7346777">
        <ele>416.96</ele>
        <time>2026-02-15T04:18:10Z</time>
        <speed>0.0</speed>
      </trkpt>
      <trkpt lat="29.2442955" lon="119.7347152">
        <ele>414.09</ele>
        <time>2026-02-15T04:18:16Z</time>
        <speed>1.3264391</speed>
      </trkpt>
      <trkpt lat="29.2442028" lon="119.7347479">
        <ele>411.77</ele>
        <time>2026-02-15T04:18:20Z</time>
        <speed>1.7644678</speed>
      </trkpt>
      <trkpt lat="29.2441106" lon="119.7347803">
        <ele>410.32</ele>
        <time>2026-02-15T04:18:26Z</time>
        <speed>1.9003544</speed>
      </trkpt>
      <trkpt lat="29.244018" lon="119.7348015">
        <ele>408.85</ele>
        <time>2026-02-15T04:18:32Z</time>
        <speed>1.6671853</speed>
      </trkpt>
      <trkpt lat="29.2439231" lon="119.7348308">
        <ele>406.59</ele>
        <time>2026-02-15T04:18:44Z</time>
        <speed>0.8503211</speed>
      </trkpt>
      <trkpt lat="29.2438339" lon="119.7348027">
        <ele>403.46</ele>
        <time>2026-02-15T04:18:54Z</time>
        <speed>1.0984172</speed>
      </trkpt>
      <trkpt lat="29.243737" lon="119.7348027">
        <ele>399.78</ele>
        <time>2026-02-15T04:19:00Z</time>
        <speed>1.9724156</speed>
      </trkpt>
      <trkpt lat="29.243627" lon="119.7348236">
        <ele>397.29</ele>
        <time>2026-02-15T04:19:10Z</time>
        <speed>1.5740205</speed>
      </trkpt>
      <trkpt lat="29.2435314" lon="119.7348524">
        <ele>396.65</ele>
        <time>2026-02-15T04:19:18Z</time>
        <speed>1.6033597</speed>
      </trkpt>
      <trkpt lat="29.2434269" lon="119.7348904">
        <ele>398.22</ele>
        <time>2026-02-15T04:19:28Z</time>
        <speed>1.0767989</speed>
      </trkpt>
      <trkpt lat="29.2433239" lon="119.7348871">
        <ele>399.8</ele>
        <time>2026-02-15T04:19:32Z</time>
        <speed>1.6368166</speed>
      </trkpt>
      <trkpt lat="29.2432229" lon="119.7348788">
        <ele>400.53</ele>
        <time>2026-02-15T04:19:36Z</time>
        <speed>1.9389586</speed>
      </trkpt>
      <trkpt lat="29.2431153" lon="119.734863">
        <ele>401.03</ele>
        <time>2026-02-15T04:19:42Z</time>
        <speed>1.7938069</speed>
      </trkpt>
      <trkpt lat="29.243014" lon="119.7348781">
        <ele>400.93</ele>
        <time>2026-02-15T04:19:58Z</time>
        <speed>1.1097411</speed>
      </trkpt>
      <trkpt lat="29.2429203" lon="119.734883">
        <ele>399.33</ele>
        <time>2026-02-15T04:20:04Z</time>
        <speed>1.3856323</speed>
      </trkpt>
      <trkpt lat="29.2428304" lon="119.7349194">
        <ele>397.81</ele>
        <time>2026-02-15T04:20:12Z</time>
        <speed>1.3640139</speed>
      </trkpt>
      <trkpt lat="29.2427415" lon="119.7349548">
        <ele>396.9</ele>
        <time>2026-02-15T04:20:18Z</time>
        <speed>1.3846028</speed>
      </trkpt>
      <trkpt lat="29.2426436" lon="119.7350092">
        <ele>395.61</ele>
        <time>2026-02-15T04:20:24Z</time>
        <speed>1.7037306</speed>
      </trkpt>
      <trkpt lat="29.2425372" lon="119.7351061">
        <ele>394.44</ele>
        <time>2026-02-15T04:20:30Z</time>
        <speed>1.9533708</speed>
      </trkpt>
      <trkpt lat="29.2424443" lon="119.7351832">
        <ele>392.83</ele>
        <time>2026-02-15T04:20:34Z</time>
        <speed>2.1839664</speed>
      </trkpt>
      <trkpt lat="29.2423719" lon="119.7352612">
        <ele>390.45</ele>
        <time>2026-02-15T04:20:40Z</time>
        <speed>1.8982955</speed>
      </trkpt>
      <trkpt lat="29.2422841" lon="119.7353051">
        <ele>386.65</ele>
        <time>2026-02-15T04:20:48Z</time>
        <speed>1.5580642</speed>
      </trkpt>
      <trkpt lat="29.2422032" lon="119.7353764">
        <ele>382.24</ele>
        <time>2026-02-15T04:21:00Z</time>
        <speed>1.1998175</speed>
      </trkpt>
      <trkpt lat="29.2421086" lon="119.7354329">
        <ele>376.72</ele>
        <time>2026-02-15T04:21:12Z</time>
        <speed>1.26004</speed>
      </trkpt>
      <trkpt lat="29.2419999" lon="119.7354773">
        <ele>372.06</ele>
        <time>2026-02-15T04:21:18Z</time>
        <speed>1.5786531</speed>
      </trkpt>
      <trkpt lat="29.2418904" lon="119.7355427">
        <ele>368.72</ele>
        <time>2026-02-15T04:21:24Z</time>
        <speed>1.784542</speed>
      </trkpt>
      <trkpt lat="29.241808" lon="119.7356104">
        <ele>366.86</ele>
        <time>2026-02-15T04:21:32Z</time>
        <speed>1.4396781</speed>
      </trkpt>
      <trkpt lat="29.2418539" lon="119.7356584">
        <ele>365.59</ele>
        <time>2026-02-15T04:21:44Z</time>
        <speed>1.1066527</speed>
      </trkpt>
      <trkpt lat="29.2418039" lon="119.7357011">
        <ele>362.37</ele>
        <time>2026-02-15T04:21:58Z</time>
        <speed>0.98209</speed>
      </trkpt>
      <trkpt lat="29.2417125" lon="119.7357414">
        <ele>358.34</ele>
        <time>2026-02-15T04:22:10Z</time>
        <speed>0.8827486</speed>
      </trkpt>
      <trkpt lat="29.2416348" lon="119.735813">
        <ele>354.67</ele>
        <time>2026-02-15T04:22:22Z</time>
        <speed>0.8822339</speed>
      </trkpt>
      <trkpt lat="29.2415487" lon="119.7358727">
        <ele>350.98</ele>
        <time>2026-02-15T04:22:30Z</time>
        <speed>1.1174619</speed>
      </trkpt>
      <trkpt lat="29.241449" lon="119.7359504">
        <ele>347.85</ele>
        <time>2026-02-15T04:22:36Z</time>
        <speed>1.6661558</speed>
      </trkpt>
      <trkpt lat="29.2413402" lon="119.7359844">
        <ele>345.07</ele>
        <time>2026-02-15T04:22:46Z</time>
        <speed>1.1627575</speed>
      </trkpt>
      <trkpt lat="29.241287" lon="119.7360654">
        <ele>342.2</ele>
        <time>2026-02-15T04:23:00Z</time>
        <speed>0.5811214</speed>
      </trkpt>
      <trkpt lat="29.2412138" lon="119.7361227">
        <ele>338.42</ele>
        <time>2026-02-15T04:23:26Z</time>
        <speed>0.8091433</speed>
      </trkpt>
      <trkpt lat="29.2411196" lon="119.7361648">
        <ele>333.59</ele>
        <time>2026-02-15T04:23:38Z</time>
        <speed>0.9028228</speed>
      </trkpt>
      <trkpt lat="29.2410339" lon="119.7362156">
        <ele>329.94</ele>
        <time>2026-02-15T04:23:52Z</time>
        <speed>0.54406136</speed>
      </trkpt>
      <trkpt lat="29.2410775" lon="119.736253">
        <ele>326.35</ele>
        <time>2026-02-15T04:24:46Z</time>
        <speed>0.6691389</speed>
      </trkpt>
      <trkpt lat="29.2411283" lon="119.7363567">
        <ele>322.85</ele>
        <time>2026-02-15T04:26:28Z</time>
        <speed>1.0973878</speed>
      </trkpt>
      <trkpt lat="29.241035" lon="119.736385">
        <ele>321.66</ele>
        <time>2026-02-15T04:26:58Z</time>
        <speed>0.9712808</speed>
      </trkpt>
      <trkpt lat="29.2409544" lon="119.7363315">
        <ele>322.2</ele>
        <time>2026-02-15T04:27:26Z</time>
        <speed>0.4889861</speed>
      </trkpt>
      <trkpt lat="29.2408811" lon="119.7362482">
        <ele>319.92</ele>
        <time>2026-02-15T04:28:06Z</time>
        <speed>0.0</speed>
      </trkpt>
      <trkpt lat="29.2408867" lon="119.736303">
        <ele>319.31</ele>
        <time>2026-02-15T04:28:20Z</time>
        <speed>0.7391411</speed>
      </trkpt>
      <trkpt lat="29.2408478" lon="119.7363883">
        <ele>321.2</ele>
        <time>2026-02-15T04:28:32Z</time>
        <speed>0.83385</speed>
      </trkpt>
      <trkpt lat="29.2407882" lon="119.7364733">
        <ele>322.06</ele>
        <time>2026-02-15T04:28:40Z</time>
        <speed>1.1771697</speed>
      </trkpt>
      <trkpt lat="29.2406997" lon="119.7365273">
        <ele>322.12</ele>
        <time>2026-02-15T04:28:48Z</time>
        <speed>1.2348186</speed>
      </trkpt>
      <trkpt lat="29.240593" lon="119.7365712">
        <ele>322.37</ele>
        <time>2026-02-15T04:28:58Z</time>
        <speed>1.2034205</speed>
      </trkpt>
      <trkpt lat="29.2405068" lon="119.7366356">
        <ele>321.61</ele>
        <time>2026-02-15T04:29:18Z</time>
        <speed>0.4308225</speed>
      </trkpt>
      <trkpt lat="29.2404189" lon="119.7366908">
        <ele>316.44</ele>
        <time>2026-02-15T04:29:24Z</time>
        <speed>0.6145783</speed>
      </trkpt>
      <trkpt lat="29.2403292" lon="119.7367105">
        <ele>312.94</ele>
        <time>2026-02-15T04:29:32Z</time>
        <speed>0.81377584</speed>
      </trkpt>
      <trkpt lat="29.2402252" lon="119.7367324">
        <ele>309.22</ele>
        <time>2026-02-15T04:29:42Z</time>
        <speed>0.9656189</speed>
      </trkpt>
      <trkpt lat="29.2401124" lon="119.7367621">
        <ele>305.21</ele>
        <time>2026-02-15T04:29:50Z</time>
        <speed>1.1586397</speed>
      </trkpt>
      <trkpt lat="29.2400097" lon="119.7367869">
        <ele>302.15</ele>
        <time>2026-02-15T04:29:56Z</time>
        <speed>1.6254928</speed>
      </trkpt>
      <trkpt lat="29.2399029" lon="119.7367811">
        <ele>300.5</ele>
        <time>2026-02-15T04:30:04Z</time>
        <speed>1.6146836</speed>
      </trkpt>
      <trkpt lat="29.2398007" lon="119.7368021">
        <ele>299.51</ele>
        <time>2026-02-15T04:30:16Z</time>
        <speed>1.0119439</speed>
      </trkpt>
      <trkpt lat="29.2397106" lon="119.7368321">
        <ele>299.2</ele>
        <time>2026-02-15T04:30:26Z</time>
        <speed>0.83230585</speed>
      </trkpt>
      <trkpt lat="29.2396271" lon="119.7367936">
        <ele>298.73</ele>
        <time>2026-02-15T04:30:38Z</time>
        <speed>0.7623036</speed>
      </trkpt>
      <trkpt lat="29.2395566" lon="119.7367155">
        <ele>298.16</ele>
        <time>2026-02-15T04:30:52Z</time>
        <speed>1.0320181</speed>
      </trkpt>
      <trkpt lat="29.2394626" lon="119.7366614">
        <ele>297.87</ele>
        <time>2026-02-15T04:31:04Z</time>
        <speed>1.0845197</speed>
      </trkpt>
      <trkpt lat="29.2393701" lon="119.7366287">
        <ele>296.29</ele>
        <time>2026-02-15T04:31:12Z</time>
        <speed>1.1735667</speed>
      </trkpt>
      <trkpt lat="29.2392939" lon="119.7366561">
        <ele>294.75</ele>
        <time>2026-02-15T04:31:30Z</time>
        <speed>0.0</speed>
      </trkpt>
      <trkpt lat="29.2392126" lon="119.7366093">
        <ele>292.23</ele>
        <time>2026-02-15T04:31:38Z</time>
        <speed>1.0680486</speed>
      </trkpt>
      <trkpt lat="29.2391351" lon="119.7365432">
        <ele>289.51</ele>
        <time>2026-02-15T04:31:50Z</time>
        <speed>0.7834072</speed>
      </trkpt>
      <trkpt lat="29.2390487" lon="119.736487">
        <ele>287.14</ele>
        <time>2026-02-15T04:32:04Z</time>
        <speed>0.9002492</speed>
      </trkpt>
      <trkpt lat="29.2389777" lon="119.7364154">
        <ele>285.06</ele>
        <time>2026-02-15T04:32:16Z</time>
        <speed>1.0659897</speed>
      </trkpt>
      <trkpt lat="29.2389076" lon="119.7363413">
        <ele>282.84</ele>
        <time>2026-02-15T04:32:24Z</time>
        <speed>1.1164325</speed>
      </trkpt>
      <trkpt lat="29.2388196" lon="119.7362861">
        <ele>281.53</ele>
        <time>2026-02-15T04:32:36Z</time>
        <speed>1.3027619</speed>
      </trkpt>
      <trkpt lat="29.2387222" lon="119.7362688">
        <ele>280.18</ele>
        <time>2026-02-15T04:32:46Z</time>
        <speed>1.1004761</speed>
      </trkpt>
      <trkpt lat="29.2386222" lon="119.7362383">
        <ele>277.35</ele>
        <time>2026-02-15T04:32:56Z</time>
        <speed>1.0937847</speed>
      </trkpt>
      <trkpt lat="29.2385246" lon="119.7361906">
        <ele>275.35</ele>
        <time>2026-02-15T04:33:06Z</time>
        <speed>1.2039353</speed>
      </trkpt>
      <trkpt lat="29.2384185" lon="119.7361711">
        <ele>273.91</ele>
        <time>2026-02-15T04:33:20Z</time>
        <speed>0.787525</speed>
      </trkpt>
      <trkpt lat="29.238307" lon="119.7361713">
        <ele>272.4</ele>
        <time>2026-02-15T04:33:30Z</time>
        <speed>0.9928992</speed>
      </trkpt>
      <trkpt lat="29.2382191" lon="119.7362376">
        <ele>271.02</ele>
        <time>2026-02-15T04:33:40Z</time>
        <speed>1.1359919</speed>
      </trkpt>
      <trkpt lat="29.2381367" lon="119.7362963">
        <ele>269.29</ele>
        <time>2026-02-15T04:33:48Z</time>
        <speed>1.1787139</speed>
      </trkpt>
      <trkpt lat="29.2380491" lon="119.7363227">
        <ele>267.75</ele>
        <time>2026-02-15T04:33:54Z</time>
        <speed>1.2003322</speed>
      </trkpt>
      <trkpt lat="29.2379425" lon="119.7363064">
        <ele>266.57</ele>
        <time>2026-02-15T04:34:04Z</time>
        <speed>1.2348186</speed>
      </trkpt>
      <trkpt lat="29.2378726" lon="119.7362214">
        <ele>265.25</ele>
        <time>2026-02-15T04:34:12Z</time>
        <speed>1.1159178</speed>
      </trkpt>
      <trkpt lat="29.2378096" lon="119.7361354">
        <ele>264.28</ele>
        <time>2026-02-15T04:34:20Z</time>
        <speed>1.1550367</speed>
      </trkpt>
      <trkpt lat="29.237725" lon="119.7360729">
        <ele>263.43</ele>
        <time>2026-02-15T04:34:30Z</time>
        <speed>0.9995906</speed>
      </trkpt>
      <trkpt lat="29.2376953" lon="119.7359755">
        <ele>262.51</ele>
        <time>2026-02-15T04:34:38Z</time>
        <speed>1.0752547</speed>
      </trkpt>
      <trkpt lat="29.2376536" lon="119.7359107">
        <ele>261.99</ele>
        <time>2026-02-15T04:34:46Z</time>
        <speed>0.0</speed>
      </trkpt>
      <trkpt lat="29.2375886" lon="119.7358535">
        <ele>261.26</ele>
        <time>2026-02-15T04:35:04Z</time>
        <speed>0.5723711</speed>
      </trkpt>
      <trkpt lat="29.237528" lon="119.7357796">
        <ele>260.55</ele>
        <time>2026-02-15T04:35:14Z</time>
        <speed>0.5955336</speed>
      </trkpt>
      <trkpt lat="29.2374436" lon="119.7357527">
        <ele>259.71</ele>
        <time>2026-02-15T04:35:48Z</time>
        <speed>0.67994803</speed>
      </trkpt>
      <trkpt lat="29.2373795" lon="119.7356645">
        <ele>255.36</ele>
        <time>2026-02-15T04:35:58Z</time>
        <speed>0.9136319</speed>
      </trkpt>
      <trkpt lat="29.2373355" lon="119.7355542">
        <ele>251.55</ele>
        <time>2026-02-15T04:36:10Z</time>
        <speed>0.64031446</speed>
      </trkpt>
      <trkpt lat="29.2373086" lon="119.7354428">
        <ele>249.03</ele>
        <time>2026-02-15T04:37:02Z</time>
        <speed>0.4400875</speed>
      </trkpt>
      <trkpt lat="29.2372464" lon="119.7353686">
        <ele>242.39</ele>
        <time>2026-02-15T04:37:20Z</time>
        <speed>0.3963361</speed>
      </trkpt>
      <trkpt lat="29.2371761" lon="119.7353029">
        <ele>238.7</ele>
        <time>2026-02-15T04:37:28Z</time>
        <speed>1.0196648</speed>
      </trkpt>
      <trkpt lat="29.2371214" lon="119.7353667">
        <ele>236.12</ele>
        <time>2026-02-15T04:37:36Z</time>
        <speed>1.1643016</speed>
      </trkpt>
      <trkpt lat="29.2370521" lon="119.7354716">
        <ele>235.12</ele>
        <time>2026-02-15T04:37:44Z</time>
        <speed>1.5385047</speed>
      </trkpt>
      <trkpt lat="29.2369797" lon="119.7355689">
        <ele>235.8</ele>
        <time>2026-02-15T04:37:52Z</time>
        <speed>1.3593814</speed>
      </trkpt>
      <trkpt lat="29.2369018" lon="119.7356419">
        <ele>236.4</ele>
        <time>2026-02-15T04:37:58Z</time>
        <speed>1.44534</speed>
      </trkpt>
      <trkpt lat="29.2368035" lon="119.7356756">
        <ele>237.43</ele>
        <time>2026-02-15T04:38:08Z</time>
        <speed>1.306365</speed>
      </trkpt>
      <trkpt lat="29.2367035" lon="119.7357072">
        <ele>239.48</ele>
        <time>2026-02-15T04:38:16Z</time>
        <speed>1.2806289</speed>
      </trkpt>
      <trkpt lat="29.2366117" lon="119.7357501">
        <ele>241.68</ele>
        <time>2026-02-15T04:38:22Z</time>
        <speed>1.3995297</speed>
      </trkpt>
      <trkpt lat="29.236515" lon="119.7358033">
        <ele>244.01</ele>
        <time>2026-02-15T04:38:32Z</time>
        <speed>1.2909234</speed>
      </trkpt>
      <trkpt lat="29.2364139" lon="119.7358428">
        <ele>247.28</ele>
        <time>2026-02-15T04:38:42Z</time>
        <speed>1.2209212</speed>
      </trkpt>
      <trkpt lat="29.2363179" lon="119.7358867">
        <ele>251.89</ele>
        <time>2026-02-15T04:38:48Z</time>
        <speed>1.6095364</speed>
      </trkpt>
      <trkpt lat="29.2362303" lon="119.7359464">
        <ele>255.98</ele>
        <time>2026-02-15T04:38:56Z</time>
        <speed>1.5271808</speed>
      </trkpt>
      <trkpt lat="29.2361345" lon="119.7359982">
        <ele>258.27</ele>
        <time>2026-02-15T04:39:04Z</time>
        <speed>1.2260684</speed>
      </trkpt>
      <trkpt lat="29.2360376" lon="119.7360574">
        <ele>258.84</ele>
        <time>2026-02-15T04:39:12Z</time>
        <speed>1.324895</speed>
      </trkpt>
      <trkpt lat="29.2359531" lon="119.7361232">
        <ele>258.61</ele>
        <time>2026-02-15T04:39:20Z</time>
        <speed>1.3043061</speed>
      </trkpt>
      <trkpt lat="29.2358732" lon="119.7361933">
        <ele>257.57</ele>
        <time>2026-02-15T04:39:28Z</time>
        <speed>1.2348186</speed>
      </trkpt>
      <trkpt lat="29.2357819" lon="119.7362621">
        <ele>256.29</ele>
        <time>2026-02-15T04:39:36Z</time>
        <speed>1.4499725</speed>
      </trkpt>
      <trkpt lat="29.2356985" lon="119.7363497">
        <ele>254.36</ele>
        <time>2026-02-15T04:39:44Z</time>
        <speed>1.33416</speed>
      </trkpt>
      <trkpt lat="29.2356319" lon="119.7364516">
        <ele>252.66</ele>
        <time>2026-02-15T04:39:52Z</time>
        <speed>1.4952681</speed>
      </trkpt>
      <trkpt lat="29.2355538" lon="119.7365337">
        <ele>250.52</ele>
        <time>2026-02-15T04:40:00Z</time>
        <speed>1.1926113</speed>
      </trkpt>
      <trkpt lat="29.2354666" lon="119.7365747">
        <ele>248.66</ele>
        <time>2026-02-15T04:40:08Z</time>
        <speed>1.1493747</speed>
      </trkpt>
      <trkpt lat="29.2353673" lon="119.7366023">
        <ele>246.96</ele>
        <time>2026-02-15T04:40:16Z</time>
        <speed>1.451002</speed>
      </trkpt>
      <trkpt lat="29.2352831" lon="119.7366762">
        <ele>244.14</ele>
        <time>2026-02-15T04:40:24Z</time>
        <speed>1.5503433</speed>
      </trkpt>
      <trkpt lat="29.2352052" lon="119.7367615">
        <ele>238.92</ele>
        <time>2026-02-15T04:40:34Z</time>
        <speed>1.1936408</speed>
      </trkpt>
      <trkpt lat="29.2351231" lon="119.7368233">
        <ele>233.66</ele>
        <time>2026-02-15T04:40:52Z</time>
        <speed>0.52913445</speed>
      </trkpt>
      <trkpt lat="29.2350577" lon="119.7369139">
        <ele>230.15</ele>
        <time>2026-02-15T04:41:00Z</time>
        <speed>1.0973878</speed>
      </trkpt>
      <trkpt lat="29.2349971" lon="119.7370005">
        <ele>227.59</ele>
        <time>2026-02-15T04:41:08Z</time>
        <speed>1.2512897</speed>
      </trkpt>
      <trkpt lat="29.234916" lon="119.7370769">
        <ele>226.05</ele>
        <time>2026-02-15T04:41:18Z</time>
        <speed>1.1704783</speed>
      </trkpt>
      <trkpt lat="29.2348279" lon="119.7371416">
        <ele>226.33</ele>
        <time>2026-02-15T04:41:28Z</time>
        <speed>1.0371653</speed>
      </trkpt>
      <trkpt lat="29.2347531" lon="119.737216">
        <ele>229.03</ele>
        <time>2026-02-15T04:41:36Z</time>
        <speed>1.1668752</speed>
      </trkpt>
      <trkpt lat="29.2347151" lon="119.7373249">
        <ele>231.47</ele>
        <time>2026-02-15T04:41:44Z</time>
        <speed>1.1818023</speed>
      </trkpt>
      <trkpt lat="29.234684" lon="119.73743">
        <ele>232.99</ele>
        <time>2026-02-15T04:41:52Z</time>
        <speed>1.0762842</speed>
      </trkpt>
      <trkpt lat="29.2346232" lon="119.7375293">
        <ele>232.26</ele>
        <time>2026-02-15T04:42:02Z</time>
        <speed>1.115403</speed>
      </trkpt>
      <trkpt lat="29.2345876" lon="119.7376381">
        <ele>229.65</ele>
        <time>2026-02-15T04:42:10Z</time>
        <speed>1.09327</speed>
      </trkpt>
      <trkpt lat="29.2345444" lon="119.7377391">
        <ele>227.61</ele>
        <time>2026-02-15T04:42:18Z</time>
        <speed>1.0927553</speed>
      </trkpt>
      <trkpt lat="29.2345101" lon="119.7378428">
        <ele>226.23</ele>
        <time>2026-02-15T04:42:32Z</time>
        <speed>0.56670916</speed>
      </trkpt>
      <trkpt lat="29.234514" lon="119.7379589">
        <ele>225.05</ele>
        <time>2026-02-15T04:42:44Z</time>
        <speed>1.1220944</speed>
      </trkpt>
      <trkpt lat="29.2345238" lon="119.7380733">
        <ele>224.47</ele>
        <time>2026-02-15T04:42:52Z</time>
        <speed>1.4741645</speed>
      </trkpt>
      <trkpt lat="29.2345238" lon="119.7380733">
        <ele>224.47</ele>
        <time>2026-02-15T04:43:26Z</time>
        <speed>1.4741645</speed>
      </trkpt>
      <trkpt lat="29.2345238" lon="119.7380733">
        <ele>224.47</ele>
        <time>2026-02-15T04:45:24Z</time>
        <speed>1.4741645</speed>
      </trkpt>
      <trkpt lat="29.2345238" lon="119.7380733">
        <ele>224.47</ele>
        <time>2026-02-15T04:45:28Z</time>
        <speed>1.4741645</speed>
      </trkpt>
      <extensions>
        <PauseTimes>1771130606000:pause;1771130724000:resume;1771130728000:pause</PauseTimes>
      </extensions>
    </trkseg>
  </trk>
  <wpt lat="29.2371044" lon="119.7353905">
    <ele>224.7</ele>
    <time>2026-02-15T01:06:37Z</time>
    <name><![CDATA[左边
        
        ]]>
    </name>
    <cmt>左边
        
        </cmt>
    <desc><![CDATA[]]>
    </desc>
    <sym>Flag, Blue</sym>
    <type>user</type>
    <extensions>
      <PosType>0</PosType>
      <Speed>0.98209</Speed>
      <Accuracy>1.8</Accuracy>
      <Time>1771117597207</Time>
      <description><![CDATA[]]>
      </description>
      <FileId>1563339149</FileId>
      <FileSize>1546375</FileSize>
      <FileType>0</FileType>
    </extensions>
  </wpt>
  <wpt lat="29.2404996" lon="119.7309865">
    <ele>300.1</ele>
    <time>2026-02-15T01:18:26Z</time>
    <name><![CDATA[
        
        ]]>
    </name>
    <cmt>
        
        </cmt>
    <desc><![CDATA[]]>
    </desc>
    <sym>Flag, Blue</sym>
    <type>user</type>
    <extensions>
      <PosType>0</PosType>
      <Speed>1.3212919</Speed>
      <Accuracy>1.6</Accuracy>
      <Time>1771118306294</Time>
      <description><![CDATA[]]>
      </description>
      <FileId>1563339147</FileId>
      <FileSize>1616919</FileSize>
      <FileType>0</FileType>
    </extensions>
  </wpt>
  <wpt lat="29.2421624" lon="119.7291852">
    <ele>348.6</ele>
    <time>2026-02-15T01:24:08Z</time>
    <name><![CDATA[
        
        ]]>
    </name>
    <cmt>
        
        </cmt>
    <desc><![CDATA[]]>
    </desc>
    <sym>Flag, Blue</sym>
    <type>user</type>
    <extensions>
      <PosType>0</PosType>
      <Speed>1.0778283</Speed>
      <Accuracy>1.7</Accuracy>
      <Time>1771118648254</Time>
      <description><![CDATA[]]>
      </description>
      <FileId>1563339146</FileId>
      <FileSize>589662</FileSize>
      <FileType>0</FileType>
    </extensions>
  </wpt>
  <wpt lat="29.2423515" lon="119.7291045">
    <ele>351.8</ele>
    <time>2026-02-15T01:25:42Z</time>
    <name><![CDATA[陡台阶
        
        ]]>
    </name>
    <cmt>陡台阶
        
        </cmt>
    <desc><![CDATA[]]>
    </desc>
    <sym>Flag, Blue</sym>
    <type>user</type>
    <extensions>
      <PosType>0</PosType>
      <Speed>0.0</Speed>
      <Accuracy>1.6</Accuracy>
      <Time>1771118742297</Time>
      <description><![CDATA[]]>
      </description>
      <FileId>1563339144</FileId>
      <FileSize>1418069</FileSize>
      <FileType>0</FileType>
    </extensions>
  </wpt>
  <wpt lat="29.2450976" lon="119.7261667">
    <ele>396.2</ele>
    <time>2026-02-15T01:32:38Z</time>
    <name><![CDATA[
        
        ]]>
    </name>
    <cmt>
        
        </cmt>
    <desc><![CDATA[]]>
    </desc>
    <sym>Flag, Blue</sym>
    <type>user</type>
    <extensions>
      <PosType>0</PosType>
      <Speed>0.74892086</Speed>
      <Accuracy>1.6</Accuracy>
      <Time>1771119158313</Time>
      <description><![CDATA[]]>
      </description>
      <FileId>1563339143</FileId>
      <FileSize>566385</FileSize>
      <FileType>0</FileType>
    </extensions>
  </wpt>
  <wpt lat="29.2451975" lon="119.725853">
    <ele>400.9</ele>
    <time>2026-02-15T01:34:36Z</time>
    <name><![CDATA[龙潭庙
        
        ]]>
    </name>
    <cmt>龙潭庙
        
        </cmt>
    <desc><![CDATA[]]>
    </desc>
    <sym>Flag, Blue</sym>
    <type>user</type>
    <extensions>
      <PosType>0</PosType>
      <Speed>0.0</Speed>
      <Accuracy>1.5</Accuracy>
      <Time>1771119276318</Time>
      <description><![CDATA[]]>
      </description>
      <FileId>1563339142</FileId>
      <FileSize>1407490</FileSize>
      <FileType>0</FileType>
    </extensions>
  </wpt>
  <wpt lat="29.2465478" lon="119.723451">
    <ele>437.3</ele>
    <time>2026-02-15T01:39:50Z</time>
    <name><![CDATA[往右
        
        ]]>
    </name>
    <cmt>往右
        
        </cmt>
    <desc><![CDATA[]]>
    </desc>
    <sym>Flag, Blue</sym>
    <type>user</type>
    <extensions>
      <PosType>0</PosType>
      <Speed>0.676345</Speed>
      <Accuracy>1.6</Accuracy>
      <Time>1771119590322</Time>
      <description><![CDATA[]]>
      </description>
      <FileId>1563339141</FileId>
      <FileSize>500376</FileSize>
      <FileType>0</FileType>
    </extensions>
  </wpt>
  <wpt lat="29.2479203" lon="119.7221368">
    <ele>479.3</ele>
    <time>2026-02-15T01:45:12Z</time>
    <name><![CDATA[
        
        ]]>
    </name>
    <cmt>
        
        </cmt>
    <desc><![CDATA[]]>
    </desc>
    <sym>Flag, Blue</sym>
    <type>user</type>
    <extensions>
      <PosType>0</PosType>
      <Speed>0.80708444</Speed>
      <Accuracy>1.7</Accuracy>
      <Time>1771119912312</Time>
      <description><![CDATA[]]>
      </description>
      <FileId>1563339140</FileId>
      <FileSize>662871</FileSize>
      <FileType>0</FileType>
    </extensions>
  </wpt>
  <wpt lat="29.2486413" lon="119.7210397">
    <ele>505.9</ele>
    <time>2026-02-15T01:48:46Z</time>
    <name><![CDATA[清泉石上游
        
        ]]>
    </name>
    <cmt>清泉石上游
        
        </cmt>
    <desc><![CDATA[]]>
    </desc>
    <sym>Flag, Blue</sym>
    <type>user</type>
    <extensions>
      <PosType>0</PosType>
      <Speed>0.81892306</Speed>
      <Accuracy>1.7</Accuracy>
      <Time>1771120126349</Time>
      <description><![CDATA[]]>
      </description>
      <FileId>1563339138</FileId>
      <FileSize>1608724</FileSize>
      <FileType>0</FileType>
    </extensions>
  </wpt>
  <wpt lat="29.2495631" lon="119.7201513">
    <ele>537.6</ele>
    <time>2026-02-15T01:52:46Z</time>
    <name><![CDATA[休息椅
        
        ]]>
    </name>
    <cmt>休息椅
        
        </cmt>
    <desc><![CDATA[]]>
    </desc>
    <sym>Flag, Blue</sym>
    <type>user</type>
    <extensions>
      <PosType>0</PosType>
      <Speed>0.78649557</Speed>
      <Accuracy>1.6</Accuracy>
      <Time>1771120366301</Time>
      <description><![CDATA[]]>
      </description>
      <FileId>1563339136</FileId>
      <FileSize>1432834</FileSize>
      <FileType>0</FileType>
    </extensions>
  </wpt>
  <wpt lat="29.2497802" lon="119.720057">
    <ele>540.4</ele>
    <time>2026-02-15T01:53:46Z</time>
    <name><![CDATA[
        
        ]]>
    </name>
    <cmt>
        
        </cmt>
    <desc><![CDATA[]]>
    </desc>
    <sym>Flag, Blue</sym>
    <type>user</type>
    <extensions>
      <PosType>0</PosType>
      <Speed>0.86988056</Speed>
      <Accuracy>1.5</Accuracy>
      <Time>1771120426324</Time>
      <description><![CDATA[]]>
      </description>
      <FileId>1563339134</FileId>
      <FileSize>535462</FileSize>
      <FileType>0</FileType>
    </extensions>
  </wpt>
  <wpt lat="29.2507927" lon="119.7196919">
    <ele>566.1</ele>
    <time>2026-02-15T01:56:50Z</time>
    <name><![CDATA[连续上坡
        
        ]]>
    </name>
    <cmt>连续上坡
        
        </cmt>
    <desc><![CDATA[]]>
    </desc>
    <sym>Flag, Blue</sym>
    <type>user</type>
    <extensions>
      <PosType>0</PosType>
      <Speed>0.7056842</Speed>
      <Accuracy>1.4</Accuracy>
      <Time>1771120610329</Time>
      <description><![CDATA[]]>
      </description>
      <FileId>1563339129</FileId>
      <FileSize>1444283</FileSize>
      <FileType>0</FileType>
    </extensions>
  </wpt>
  <wpt lat="29.2512861" lon="119.7191927">
    <ele>587.8</ele>
    <time>2026-02-15T01:59:06Z</time>
    <name><![CDATA[海拔613米
        
        ]]>
    </name>
    <cmt>海拔613米
        
        </cmt>
    <desc><![CDATA[]]>
    </desc>
    <sym>Flag, Blue</sym>
    <type>user</type>
    <extensions>
      <PosType>0</PosType>
      <Speed>0.59347475</Speed>
      <Accuracy>1.5</Accuracy>
      <Time>1771120746345</Time>
      <description><![CDATA[]]>
      </description>
      <FileId>1563339127</FileId>
      <FileSize>601705</FileSize>
      <FileType>0</FileType>
    </extensions>
  </wpt>
  <wpt lat="29.2517799" lon="119.7180879">
    <ele>631.6</ele>
    <time>2026-02-15T02:05:14Z</time>
    <name><![CDATA[
        
        ]]>
    </name>
    <cmt>
        
        </cmt>
    <desc><![CDATA[]]>
    </desc>
    <sym>Flag, Blue</sym>
    <type>user</type>
    <extensions>
      <PosType>0</PosType>
      <Speed>0.68355113</Speed>
      <Accuracy>1.7</Accuracy>
      <Time>1771121114326</Time>
      <description><![CDATA[]]>
      </description>
      <FileId>1563339126</FileId>
      <FileSize>1699390</FileSize>
      <FileType>0</FileType>
    </extensions>
  </wpt>
  <wpt lat="29.251651" lon="119.7167336">
    <ele>682.8</ele>
    <time>2026-02-15T02:10:34Z</time>
    <name><![CDATA[2点以后到这边的，时间紧张，最好原路返回
        
        ]]>
    </name>
    <cmt>2点以后到这边的，时间紧张，最好原路返回
        
        </cmt>
    <desc><![CDATA[]]>
    </desc>
    <sym>Flag, Blue</sym>
    <type>user</type>
    <extensions>
      <PosType>0</PosType>
      <Speed>0.57803303</Speed>
      <Accuracy>1.5</Accuracy>
      <Time>1771121434314</Time>
      <description><![CDATA[]]>
      </description>
      <FileId>1563339124</FileId>
      <FileSize>1910607</FileSize>
      <FileType>0</FileType>
    </extensions>
  </wpt>
  <wpt lat="29.251905" lon="119.7157867">
    <ele>711.3</ele>
    <time>2026-02-15T02:17:12Z</time>
    <name><![CDATA[右转
        
        ]]>
    </name>
    <cmt>右转
        
        </cmt>
    <desc><![CDATA[]]>
    </desc>
    <sym>Flag, Blue</sym>
    <type>user</type>
    <extensions>
      <PosType>0</PosType>
      <Speed>0.9537803</Speed>
      <Accuracy>1.5</Accuracy>
      <Time>1771121832364</Time>
      <description><![CDATA[]]>
      </description>
      <FileId>1563339022</FileId>
      <FileSize>582132</FileSize>
      <FileType>0</FileType>
    </extensions>
  </wpt>
  <wpt lat="29.2531796" lon="119.7170535">
    <ele>730.0</ele>
    <time>2026-02-15T02:22:00Z</time>
    <name><![CDATA[秋的颜色
        
        ]]>
    </name>
    <cmt>秋的颜色
        
        </cmt>
    <desc><![CDATA[]]>
    </desc>
    <sym>Flag, Blue</sym>
    <type>user</type>
    <extensions>
      <PosType>0</PosType>
      <Speed>0.7741422</Speed>
      <Accuracy>1.3</Accuracy>
      <Time>1771122120335</Time>
      <description><![CDATA[]]>
      </description>
      <FileId>1563339021</FileId>
      <FileSize>1390529</FileSize>
      <FileType>0</FileType>
    </extensions>
  </wpt>
  <wpt lat="29.2529971" lon="119.7175045">
    <ele>731.5</ele>
    <time>2026-02-15T02:23:18Z</time>
    <name><![CDATA[下坡
        
        ]]>
    </name>
    <cmt>下坡
        
        </cmt>
    <desc><![CDATA[]]>
    </desc>
    <sym>Flag, Blue</sym>
    <type>user</type>
    <extensions>
      <PosType>0</PosType>
      <Speed>0.0</Speed>
      <Accuracy>1.3</Accuracy>
      <Time>1771122198334</Time>
      <description><![CDATA[]]>
      </description>
      <FileId>1563339018</FileId>
      <FileSize>1770958</FileSize>
      <FileType>0</FileType>
    </extensions>
  </wpt>
  <wpt lat="29.2536025" lon="119.71817">
    <ele>737.8</ele>
    <time>2026-02-15T02:26:16Z</time>
    <name><![CDATA[
        
        ]]>
    </name>
    <cmt>
        
        </cmt>
    <desc><![CDATA[]]>
    </desc>
    <sym>Flag, Blue</sym>
    <type>user</type>
    <extensions>
      <PosType>0</PosType>
      <Speed>0.83230585</Speed>
      <Accuracy>1.3</Accuracy>
      <Time>1771122376346</Time>
      <description><![CDATA[]]>
      </description>
      <FileId>1563339016</FileId>
      <FileSize>486576</FileSize>
      <FileType>0</FileType>
    </extensions>
  </wpt>
  <wpt lat="29.2537143" lon="119.7183488">
    <ele>749.5</ele>
    <time>2026-02-15T02:26:50Z</time>
    <name><![CDATA[
        
        ]]>
    </name>
    <cmt>
        
        </cmt>
    <desc><![CDATA[]]>
    </desc>
    <sym>Flag, Blue</sym>
    <type>user</type>
    <extensions>
      <PosType>0</PosType>
      <Speed>0.53634053</Speed>
      <Accuracy>1.4</Accuracy>
      <Time>1771122410345</Time>
      <description><![CDATA[]]>
      </description>
      <FileId>1563339015</FileId>
      <FileSize>1013631</FileSize>
      <FileType>0</FileType>
    </extensions>
  </wpt>
  <wpt lat="29.25371" lon="119.7183567">
    <ele>751.5</ele>
    <time>2026-02-15T02:31:22Z</time>
    <name><![CDATA[观景拍照点
        
        ]]>
    </name>
    <cmt>观景拍照点
        
        </cmt>
    <desc><![CDATA[]]>
    </desc>
    <sym>Flag, Blue</sym>
    <type>user</type>
    <extensions>
      <PosType>0</PosType>
      <Speed>0.194565</Speed>
      <Accuracy>1.1</Accuracy>
      <Time>1771122682375</Time>
      <description><![CDATA[]]>
      </description>
      <FileId>1563339013</FileId>
      <FileSize>1346439</FileSize>
      <FileType>0</FileType>
    </extensions>
  </wpt>
  <wpt lat="29.2542231" lon="119.7202341">
    <ele>796.3</ele>
    <time>2026-02-15T02:36:38Z</time>
    <name><![CDATA[
        
        ]]>
    </name>
    <cmt>
        
        </cmt>
    <desc><![CDATA[]]>
    </desc>
    <sym>Flag, Blue</sym>
    <type>user</type>
    <extensions>
      <PosType>0</PosType>
      <Speed>1.1504042</Speed>
      <Accuracy>1.4</Accuracy>
      <Time>1771122998350</Time>
      <description><![CDATA[]]>
      </description>
      <FileId>1563339011</FileId>
      <FileSize>1595873</FileSize>
      <FileType>0</FileType>
    </extensions>
  </wpt>
  <wpt lat="29.2543744" lon="119.7204124">
    <ele>798.3</ele>
    <time>2026-02-15T02:37:20Z</time>
    <name><![CDATA[休息点
        
        ]]>
    </name>
    <cmt>休息点
        
        </cmt>
    <desc><![CDATA[]]>
    </desc>
    <sym>Flag, Blue</sym>
    <type>user</type>
    <extensions>
      <PosType>0</PosType>
      <Speed>0.8436297</Speed>
      <Accuracy>1.4</Accuracy>
      <Time>1771123040364</Time>
      <description><![CDATA[]]>
      </description>
      <FileId>1563339008</FileId>
      <FileSize>1754710</FileSize>
      <FileType>0</FileType>
    </extensions>
  </wpt>
  <wpt lat="29.2547808" lon="119.7216896">
    <ele>850.6</ele>
    <time>2026-02-15T02:48:00Z</time>
    <name><![CDATA[峭壁
        
        ]]>
    </name>
    <cmt>峭壁
        
        </cmt>
    <desc><![CDATA[]]>
    </desc>
    <sym>Flag, Blue</sym>
    <type>user</type>
    <extensions>
      <PosType>0</PosType>
      <Speed>1.2245241</Speed>
      <Accuracy>1.4</Accuracy>
      <Time>1771123680346</Time>
      <description><![CDATA[]]>
      </description>
      <FileId>1563339005</FileId>
      <FileSize>1217355</FileSize>
      <FileType>0</FileType>
    </extensions>
  </wpt>
  <wpt lat="29.2548023" lon="119.7217415">
    <ele>848.9</ele>
    <time>2026-02-15T02:48:30Z</time>
    <name><![CDATA[山顶红旗
        
        ]]>
    </name>
    <cmt>山顶红旗
        
        </cmt>
    <desc><![CDATA[]]>
    </desc>
    <sym>Flag, Blue</sym>
    <type>user</type>
    <extensions>
      <PosType>0</PosType>
      <Speed>0.77980417</Speed>
      <Accuracy>1.3</Accuracy>
      <Time>1771123710344</Time>
      <description><![CDATA[]]>
      </description>
      <FileId>1563339003</FileId>
      <FileSize>819816</FileSize>
      <FileType>0</FileType>
    </extensions>
  </wpt>
  <wpt lat="29.2546913" lon="119.72251">
    <ele>860.1</ele>
    <time>2026-02-15T02:49:48Z</time>
    <name><![CDATA[
        
        ]]>
    </name>
    <cmt>
        
        </cmt>
    <desc><![CDATA[]]>
    </desc>
    <sym>Flag, Blue</sym>
    <type>user</type>
    <extensions>
      <PosType>0</PosType>
      <Speed>0.79987836</Speed>
      <Accuracy>1.4</Accuracy>
      <Time>1771123788363</Time>
      <description><![CDATA[]]>
      </description>
      <FileId>1563339002</FileId>
      <FileSize>576322</FileSize>
      <FileType>0</FileType>
    </extensions>
  </wpt>
  <wpt lat="29.2546873" lon="119.7228321">
    <ele>877.1</ele>
    <time>2026-02-15T02:51:10Z</time>
    <name><![CDATA[
        
        ]]>
    </name>
    <cmt>
        
        </cmt>
    <desc><![CDATA[]]>
    </desc>
    <sym>Flag, Blue</sym>
    <type>user</type>
    <extensions>
      <PosType>0</PosType>
      <Speed>0.0</Speed>
      <Accuracy>1.3</Accuracy>
      <Time>1771123870329</Time>
      <description><![CDATA[]]>
      </description>
      <FileId>1563339000</FileId>
      <FileSize>847840</FileSize>
      <FileType>0</FileType>
    </extensions>
  </wpt>
  <wpt lat="29.254701" lon="119.7231432">
    <ele>890.7</ele>
    <time>2026-02-15T02:52:48Z</time>
    <name><![CDATA[鸬鹚尖
        
        ]]>
    </name>
    <cmt>鸬鹚尖
        
        </cmt>
    <desc><![CDATA[]]>
    </desc>
    <sym>Flag, Blue</sym>
    <type>user</type>
    <extensions>
      <PosType>0</PosType>
      <Speed>0.6413439</Speed>
      <Accuracy>1.2</Accuracy>
      <Time>1771123968377</Time>
      <description><![CDATA[]]>
      </description>
      <FileId>1563338999</FileId>
      <FileSize>606996</FileSize>
      <FileType>0</FileType>
    </extensions>
  </wpt>
  <wpt lat="29.254854" lon="119.7258796">
    <ele>846.4</ele>
    <time>2026-02-15T03:08:59Z</time>
    <name><![CDATA[
        
        ]]>
    </name>
    <cmt>
        
        </cmt>
    <desc><![CDATA[]]>
    </desc>
    <sym>Flag, Blue</sym>
    <type>user</type>
    <extensions>
      <PosType>0</PosType>
      <Speed>0.0</Speed>
      <Accuracy>1.1</Accuracy>
      <Time>1771124939334</Time>
      <description><![CDATA[]]>
      </description>
      <FileId>1563338997</FileId>
      <FileSize>1376776</FileSize>
      <FileType>0</FileType>
    </extensions>
  </wpt>
  <wpt lat="29.254785" lon="119.7260683">
    <ele>844.6</ele>
    <time>2026-02-15T03:10:21Z</time>
    <name><![CDATA[
        
        ]]>
    </name>
    <cmt>
        
        </cmt>
    <desc><![CDATA[]]>
    </desc>
    <sym>Flag, Blue</sym>
    <type>user</type>
    <extensions>
      <PosType>0</PosType>
      <Speed>0.7576711</Speed>
      <Accuracy>1.3</Accuracy>
      <Time>1771125021251</Time>
      <description><![CDATA[]]>
      </description>
      <FileId>1563338996</FileId>
      <FileSize>912652</FileSize>
      <FileType>0</FileType>
    </extensions>
  </wpt>
  <wpt lat="29.2547462" lon="119.7261668">
    <ele>845.5</ele>
    <time>2026-02-15T03:10:41Z</time>
    <name><![CDATA[
        
        ]]>
    </name>
    <cmt>
        
        </cmt>
    <desc><![CDATA[]]>
    </desc>
    <sym>Flag, Blue</sym>
    <type>user</type>
    <extensions>
      <PosType>0</PosType>
      <Speed>0.6186961</Speed>
      <Accuracy>1.1</Accuracy>
      <Time>1771125041317</Time>
      <description><![CDATA[]]>
      </description>
      <FileId>1563338992</FileId>
      <FileSize>913411</FileSize>
      <FileType>0</FileType>
    </extensions>
  </wpt>
  <wpt lat="29.2546536" lon="119.7262619">
    <ele>837.5</ele>
    <time>2026-02-15T03:14:31Z</time>
    <name><![CDATA[往左黄马尖

        
        ]]>
    </name>
    <cmt>往左黄马尖

        
        </cmt>
    <desc><![CDATA[]]>
    </desc>
    <sym>Flag, Blue</sym>
    <type>user</type>
    <extensions>
      <PosType>0</PosType>
      <Speed>0.9604717</Speed>
      <Accuracy>1.3</Accuracy>
      <Time>1771125271322</Time>
      <description><![CDATA[]]>
      </description>
      <FileId>1563338990</FileId>
      <FileSize>771035</FileSize>
      <FileType>0</FileType>
    </extensions>
  </wpt>
  <wpt lat="29.2554505" lon="119.7284887">
    <ele>829.9</ele>
    <time>2026-02-15T03:19:33Z</time>
    <name><![CDATA[休息点
        
        ]]>
    </name>
    <cmt>休息点
        
        </cmt>
    <desc><![CDATA[]]>
    </desc>
    <sym>Flag, Blue</sym>
    <type>user</type>
    <extensions>
      <PosType>0</PosType>
      <Speed>0.58318025</Speed>
      <Accuracy>1.3</Accuracy>
      <Time>1771125573314</Time>
      <description><![CDATA[]]>
      </description>
      <FileId>1563338989</FileId>
      <FileSize>1542750</FileSize>
      <FileType>0</FileType>
    </extensions>
  </wpt>
  <wpt lat="29.2551955" lon="119.7291988">
    <ele>820.7</ele>
    <time>2026-02-15T03:21:21Z</time>
    <name><![CDATA[左转
        
        ]]>
    </name>
    <cmt>左转
        
        </cmt>
    <desc><![CDATA[]]>
    </desc>
    <sym>Flag, Blue</sym>
    <type>user</type>
    <extensions>
      <PosType>0</PosType>
      <Speed>0.7442883</Speed>
      <Accuracy>1.4</Accuracy>
      <Time>1771125681333</Time>
      <description><![CDATA[]]>
      </description>
      <FileId>1563338987</FileId>
      <FileSize>1559637</FileSize>
      <FileType>0</FileType>
    </extensions>
  </wpt>
  <wpt lat="29.2555746" lon="119.7297457">
    <ele>827.0</ele>
    <time>2026-02-15T03:23:03Z</time>
    <name><![CDATA[观景台
        
        ]]>
    </name>
    <cmt>观景台
        
        </cmt>
    <desc><![CDATA[]]>
    </desc>
    <sym>Flag, Blue</sym>
    <type>user</type>
    <extensions>
      <PosType>0</PosType>
      <Speed>0.8750278</Speed>
      <Accuracy>1.2</Accuracy>
      <Time>1771125783348</Time>
      <description><![CDATA[]]>
      </description>
      <FileId>1563338985</FileId>
      <FileSize>1221129</FileSize>
      <FileType>0</FileType>
    </extensions>
  </wpt>
  <wpt lat="29.2558053" lon="119.7301257">
    <ele>823.6</ele>
    <time>2026-02-15T03:24:03Z</time>
    <name><![CDATA[休息区
        
        ]]>
    </name>
    <cmt>休息区
        
        </cmt>
    <desc><![CDATA[]]>
    </desc>
    <sym>Flag, Blue</sym>
    <type>user</type>
    <extensions>
      <PosType>0</PosType>
      <Speed>0.68869835</Speed>
      <Accuracy>1.2</Accuracy>
      <Time>1771125843287</Time>
      <description><![CDATA[]]>
      </description>
      <FileId>1563338983</FileId>
      <FileSize>1908698</FileSize>
      <FileType>0</FileType>
    </extensions>
  </wpt>
  <wpt lat="29.2560414" lon="119.7303559">
    <ele>825.9</ele>
    <time>2026-02-15T03:24:53Z</time>
    <name><![CDATA[右转
        
        ]]>
    </name>
    <cmt>右转
        
        </cmt>
    <desc><![CDATA[]]>
    </desc>
    <sym>Flag, Blue</sym>
    <type>user</type>
    <extensions>
      <PosType>0</PosType>
      <Speed>0.87399834</Speed>
      <Accuracy>1.4</Accuracy>
      <Time>1771125893319</Time>
      <description><![CDATA[]]>
      </description>
      <FileId>1563338982</FileId>
      <FileSize>569113</FileSize>
      <FileType>0</FileType>
    </extensions>
  </wpt>
  <wpt lat="29.2560718" lon="119.7313411">
    <ele>841.3</ele>
    <time>2026-02-15T03:28:41Z</time>
    <name><![CDATA[休息区
        
        ]]>
    </name>
    <cmt>休息区
        
        </cmt>
    <desc><![CDATA[]]>
    </desc>
    <sym>Flag, Blue</sym>
    <type>user</type>
    <extensions>
      <PosType>0</PosType>
      <Speed>0.38037974</Speed>
      <Accuracy>1.2</Accuracy>
      <Time>1771126121324</Time>
      <description><![CDATA[]]>
      </description>
      <FileId>1563338981</FileId>
      <FileSize>1718256</FileSize>
      <FileType>0</FileType>
    </extensions>
  </wpt>
  <wpt lat="29.2559964" lon="119.7316717">
    <ele>834.6</ele>
    <time>2026-02-15T03:29:39Z</time>
    <name><![CDATA[黄马尖茂密无景
        
        ]]>
    </name>
    <cmt>黄马尖茂密无景
        
        </cmt>
    <desc><![CDATA[]]>
    </desc>
    <sym>Flag, Blue</sym>
    <type>user</type>
    <extensions>
      <PosType>0</PosType>
      <Speed>0.0</Speed>
      <Accuracy>1.2</Accuracy>
      <Time>1771126179294</Time>
      <description><![CDATA[]]>
      </description>
      <FileId>1563338980</FileId>
      <FileSize>1727032</FileSize>
      <FileType>0</FileType>
    </extensions>
  </wpt>
  <wpt lat="29.2558829" lon="119.7318225">
    <ele>832.5</ele>
    <time>2026-02-15T03:30:43Z</time>
    <name><![CDATA[直行
        
        ]]>
    </name>
    <cmt>直行
        
        </cmt>
    <desc><![CDATA[]]>
    </desc>
    <sym>Flag, Blue</sym>
    <type>user</type>
    <extensions>
      <PosType>0</PosType>
      <Speed>0.67016834</Speed>
      <Accuracy>1.2</Accuracy>
      <Time>1771126243301</Time>
      <description><![CDATA[]]>
      </description>
      <FileId>1563338978</FileId>
      <FileSize>1673196</FileSize>
      <FileType>0</FileType>
    </extensions>
  </wpt>
  <wpt lat="29.2557167" lon="119.7317567">
    <ele>825.1</ele>
    <time>2026-02-15T03:33:17Z</time>
    <name><![CDATA[很陡
        
        ]]>
    </name>
    <cmt>很陡
        
        </cmt>
    <desc><![CDATA[]]>
    </desc>
    <sym>Flag, Blue</sym>
    <type>user</type>
    <extensions>
      <PosType>0</PosType>
      <Speed>0.0</Speed>
      <Accuracy>1.1</Accuracy>
      <Time>1771126397319</Time>
      <description><![CDATA[]]>
      </description>
      <FileId>1563338977</FileId>
      <FileSize>1670374</FileSize>
      <FileType>0</FileType>
    </extensions>
  </wpt>
  <wpt lat="29.254458" lon="119.7318777">
    <ele>735.2</ele>
    <time>2026-02-15T03:38:49Z</time>
    <name><![CDATA[一直很陡。注意安全
        
        ]]>
    </name>
    <cmt>一直很陡。注意安全
        
        </cmt>
    <desc><![CDATA[]]>
    </desc>
    <sym>Flag, Blue</sym>
    <type>user</type>
    <extensions>
      <PosType>0</PosType>
      <Speed>0.37008527</Speed>
      <Accuracy>1.3</Accuracy>
      <Time>1771126729325</Time>
      <description><![CDATA[]]>
      </description>
      <FileId>1563338976</FileId>
      <FileSize>1760722</FileSize>
      <FileType>0</FileType>
    </extensions>
  </wpt>
  <wpt lat="29.2537268" lon="119.7320291">
    <ele>681.3</ele>
    <time>2026-02-15T03:45:30Z</time>
    <name><![CDATA[一直下陡坡
        
        ]]>
    </name>
    <cmt>一直下陡坡
        
        </cmt>
    <desc><![CDATA[]]>
    </desc>
    <sym>Flag, Blue</sym>
    <type>user</type>
    <extensions>
      <PosType>0</PosType>
      <Speed>0.2825825</Speed>
      <Accuracy>1.4</Accuracy>
      <Time>1771127130325</Time>
      <description><![CDATA[]]>
      </description>
      <FileId>1563338974</FileId>
      <FileSize>1484071</FileSize>
      <FileType>0</FileType>
    </extensions>
  </wpt>
  <wpt lat="29.2533617" lon="119.7321176">
    <ele>663.0</ele>
    <time>2026-02-15T03:47:36Z</time>
    <name><![CDATA[有像样的路了
        
        ]]>
    </name>
    <cmt>有像样的路了
        
        </cmt>
    <desc><![CDATA[]]>
    </desc>
    <sym>Flag, Blue</sym>
    <type>user</type>
    <extensions>
      <PosType>0</PosType>
      <Speed>0.44111696</Speed>
      <Accuracy>1.6</Accuracy>
      <Time>1771127256319</Time>
      <description><![CDATA[]]>
      </description>
      <FileId>1563338923</FileId>
      <FileSize>1515675</FileSize>
      <FileType>0</FileType>
    </extensions>
  </wpt>
  <wpt lat="29.2532026" lon="119.7322604">
    <ele>647.8</ele>
    <time>2026-02-15T03:48:52Z</time>
    <name><![CDATA[房子
        
        ]]>
    </name>
    <cmt>房子
        
        </cmt>
    <desc><![CDATA[]]>
    </desc>
    <sym>Flag, Blue</sym>
    <type>user</type>
    <extensions>
      <PosType>0</PosType>
      <Speed>0.27795</Speed>
      <Accuracy>1.6</Accuracy>
      <Time>1771127332332</Time>
      <description><![CDATA[]]>
      </description>
      <FileId>1563338922</FileId>
      <FileSize>935733</FileSize>
      <FileType>0</FileType>
    </extensions>
  </wpt>
  <wpt lat="29.2530858" lon="119.7324388">
    <ele>640.7</ele>
    <time>2026-02-15T03:50:32Z</time>
    <name><![CDATA[右转
        
        ]]>
    </name>
    <cmt>右转
        
        </cmt>
    <desc><![CDATA[]]>
    </desc>
    <sym>Flag, Blue</sym>
    <type>user</type>
    <extensions>
      <PosType>0</PosType>
      <Speed>0.88944</Speed>
      <Accuracy>1.6</Accuracy>
      <Time>1771127432325</Time>
      <description><![CDATA[]]>
      </description>
      <FileId>1563338921</FileId>
      <FileSize>834305</FileSize>
      <FileType>0</FileType>
    </extensions>
  </wpt>
  <wpt lat="29.2525836" lon="119.7324542">
    <ele>631.6</ele>
    <time>2026-02-15T03:54:06Z</time>
    <name><![CDATA[左转
        
        ]]>
    </name>
    <cmt>左转
        
        </cmt>
    <desc><![CDATA[]]>
    </desc>
    <sym>Flag, Blue</sym>
    <type>user</type>
    <extensions>
      <PosType>0</PosType>
      <Speed>0.917235</Speed>
      <Accuracy>1.5</Accuracy>
      <Time>1771127646333</Time>
      <description><![CDATA[]]>
      </description>
      <FileId>1563338920</FileId>
      <FileSize>1787796</FileSize>
      <FileType>0</FileType>
    </extensions>
  </wpt>
  <wpt lat="29.2509819" lon="119.7311044">
    <ele>612.6</ele>
    <time>2026-02-15T03:58:28Z</time>
    <name><![CDATA[山顶另个路口下山，从这边汇合
        
        ]]>
    </name>
    <cmt>山顶另个路口下山，从这边汇合
        
        </cmt>
    <desc><![CDATA[]]>
    </desc>
    <sym>Flag, Blue</sym>
    <type>user</type>
    <extensions>
      <PosType>0</PosType>
      <Speed>1.4504873</Speed>
      <Accuracy>1.4</Accuracy>
      <Time>1771127908321</Time>
      <description><![CDATA[]]>
      </description>
      <FileId>1563338919</FileId>
      <FileSize>2736760</FileSize>
      <FileType>0</FileType>
    </extensions>
  </wpt>
  <wpt lat="29.2489745" lon="119.7319585">
    <ele>585.3</ele>
    <time>2026-02-15T04:01:22Z</time>
    <name><![CDATA[抄近道
        
        ]]>
    </name>
    <cmt>抄近道
        
        </cmt>
    <desc><![CDATA[]]>
    </desc>
    <sym>Flag, Blue</sym>
    <type>user</type>
    <extensions>
      <PosType>0</PosType>
      <Speed>1.2327597</Speed>
      <Accuracy>1.3</Accuracy>
      <Time>1771128082337</Time>
      <description><![CDATA[]]>
      </description>
      <FileId>1563338918</FileId>
      <FileSize>2260836</FileSize>
      <FileType>0</FileType>
    </extensions>
  </wpt>
  <wpt lat="29.2489437" lon="119.7321196">
    <ele>582.4</ele>
    <time>2026-02-15T04:02:08Z</time>
    <name><![CDATA[右转
        
        ]]>
    </name>
    <cmt>右转
        
        </cmt>
    <desc><![CDATA[]]>
    </desc>
    <sym>Flag, Blue</sym>
    <type>user</type>
    <extensions>
      <PosType>0</PosType>
      <Speed>1.4582081</Speed>
      <Accuracy>1.4</Accuracy>
      <Time>1771128128353</Time>
      <description><![CDATA[]]>
      </description>
      <FileId>1563338917</FileId>
      <FileSize>1406354</FileSize>
      <FileType>0</FileType>
    </extensions>
  </wpt>
  <wpt lat="29.2484401" lon="119.7324944">
    <ele>589.1</ele>
    <time>2026-02-15T04:02:56Z</time>
    <name><![CDATA[
        
        ]]>
    </name>
    <cmt>
        
        </cmt>
    <desc><![CDATA[]]>
    </desc>
    <sym>Flag, Blue</sym>
    <type>user</type>
    <extensions>
      <PosType>0</PosType>
      <Speed>1.22298</Speed>
      <Accuracy>1.3</Accuracy>
      <Time>1771128176344</Time>
      <description><![CDATA[]]>
      </description>
      <FileId>1563338916</FileId>
      <FileSize>640398</FileSize>
      <FileType>0</FileType>
    </extensions>
  </wpt>
  <wpt lat="29.2490282" lon="119.7327811">
    <ele>577.6</ele>
    <time>2026-02-15T04:04:12Z</time>
    <name><![CDATA[
        
        ]]>
    </name>
    <cmt>
        
        </cmt>
    <desc><![CDATA[]]>
    </desc>
    <sym>Flag, Blue</sym>
    <type>user</type>
    <extensions>
      <PosType>0</PosType>
      <Speed>1.0114292</Speed>
      <Accuracy>1.3</Accuracy>
      <Time>1771128252336</Time>
      <description><![CDATA[]]>
      </description>
      <FileId>1563338915</FileId>
      <FileSize>495547</FileSize>
      <FileType>0</FileType>
    </extensions>
  </wpt>
  <wpt lat="29.24889" lon="119.7337367">
    <ele>574.5</ele>
    <time>2026-02-15T04:05:52Z</time>
    <name><![CDATA[
        
        ]]>
    </name>
    <cmt>
        
        </cmt>
    <desc><![CDATA[]]>
    </desc>
    <sym>Flag, Blue</sym>
    <type>user</type>
    <extensions>
      <PosType>0</PosType>
      <Speed>1.4021033</Speed>
      <Accuracy>1.4</Accuracy>
      <Time>1771128352344</Time>
      <description><![CDATA[]]>
      </description>
      <FileId>1563338914</FileId>
      <FileSize>581081</FileSize>
      <FileType>0</FileType>
    </extensions>
  </wpt>
  <wpt lat="29.2488941" lon="119.7337513">
    <ele>572.4</ele>
    <time>2026-02-15T04:06:04Z</time>
    <name><![CDATA[往右
        
        ]]>
    </name>
    <cmt>往右
        
        </cmt>
    <desc><![CDATA[]]>
    </desc>
    <sym>Flag, Blue</sym>
    <type>user</type>
    <extensions>
      <PosType>0</PosType>
      <Speed>0.0</Speed>
      <Accuracy>1.4</Accuracy>
      <Time>1771128364337</Time>
      <description><![CDATA[]]>
      </description>
      <FileId>1563338913</FileId>
      <FileSize>2708493</FileSize>
      <FileType>0</FileType>
    </extensions>
  </wpt>
  <wpt lat="29.2495984" lon="119.7347591">
    <ele>522.4</ele>
    <time>2026-02-15T04:09:00Z</time>
    <name><![CDATA[洗手
        
        ]]>
    </name>
    <cmt>洗手
        
        </cmt>
    <desc><![CDATA[]]>
    </desc>
    <sym>Flag, Blue</sym>
    <type>user</type>
    <extensions>
      <PosType>0</PosType>
      <Speed>1.2430542</Speed>
      <Accuracy>1.6</Accuracy>
      <Time>1771128540361</Time>
      <description><![CDATA[]]>
      </description>
      <FileId>1563338912</FileId>
      <FileSize>1601151</FileSize>
      <FileType>0</FileType>
    </extensions>
  </wpt>
  <wpt lat="29.2471336" lon="119.7339157">
    <ele>484.1</ele>
    <time>2026-02-15T04:13:00Z</time>
    <name><![CDATA[
        
        ]]>
    </name>
    <cmt>
        
        </cmt>
    <desc><![CDATA[]]>
    </desc>
    <sym>Flag, Blue</sym>
    <type>user</type>
    <extensions>
      <PosType>0</PosType>
      <Speed>0.0</Speed>
      <Accuracy>1.6</Accuracy>
      <Time>1771128780341</Time>
      <description><![CDATA[]]>
      </description>
      <FileId>1563338910</FileId>
      <FileSize>588647</FileSize>
      <FileType>0</FileType>
    </extensions>
  </wpt>
  <wpt lat="29.2469867" lon="119.7337817">
    <ele>472.5</ele>
    <time>2026-02-15T04:14:56Z</time>
    <name><![CDATA[休息区
        
        ]]>
    </name>
    <cmt>休息区
        
        </cmt>
    <desc><![CDATA[]]>
    </desc>
    <sym>Flag, Blue</sym>
    <type>user</type>
    <extensions>
      <PosType>0</PosType>
      <Speed>0.28567085</Speed>
      <Accuracy>1.6</Accuracy>
      <Time>1771128896319</Time>
      <description><![CDATA[]]>
      </description>
      <FileId>1563338909</FileId>
      <FileSize>1798078</FileSize>
      <FileType>0</FileType>
    </extensions>
  </wpt>
  <wpt lat="29.244018" lon="119.7348015">
    <ele>403.6</ele>
    <time>2026-02-15T04:18:32Z</time>
    <name><![CDATA[
        
        ]]>
    </name>
    <cmt>
        
        </cmt>
    <desc><![CDATA[]]>
    </desc>
    <sym>Flag, Blue</sym>
    <type>user</type>
    <extensions>
      <PosType>0</PosType>
      <Speed>1.6671853</Speed>
      <Accuracy>1.8</Accuracy>
      <Time>1771129112317</Time>
      <description><![CDATA[]]>
      </description>
      <FileId>1563338908</FileId>
      <FileSize>1217439</FileSize>
      <FileType>0</FileType>
    </extensions>
  </wpt>
  <wpt lat="29.2431153" lon="119.734863">
    <ele>400.8</ele>
    <time>2026-02-15T04:19:42Z</time>
    <name><![CDATA[
        
        ]]>
    </name>
    <cmt>
        
        </cmt>
    <desc><![CDATA[]]>
    </desc>
    <sym>Flag, Blue</sym>
    <type>user</type>
    <extensions>
      <PosType>0</PosType>
      <Speed>1.7938069</Speed>
      <Accuracy>1.8</Accuracy>
      <Time>1771129182350</Time>
      <description><![CDATA[]]>
      </description>
      <FileId>1563338906</FileId>
      <FileSize>537529</FileSize>
      <FileType>0</FileType>
    </extensions>
  </wpt>
  <wpt lat="29.2410775" lon="119.736253">
    <ele>318.2</ele>
    <time>2026-02-15T04:24:46Z</time>
    <name><![CDATA[瀑布，值得一看
        
        ]]>
    </name>
    <cmt>瀑布，值得一看
        
        </cmt>
    <desc><![CDATA[]]>
    </desc>
    <sym>Flag, Blue</sym>
    <type>user</type>
    <extensions>
      <PosType>0</PosType>
      <Speed>0.6691389</Speed>
      <Accuracy>1.8</Accuracy>
      <Time>1771129486338</Time>
      <description><![CDATA[]]>
      </description>
      <FileId>1563338905</FileId>
      <FileSize>1700256</FileSize>
      <FileType>0</FileType>
    </extensions>
  </wpt>
  <wpt lat="29.2393701" lon="119.7366287">
    <ele>292.7</ele>
    <time>2026-02-15T04:31:12Z</time>
    <name><![CDATA[最后730米
        
        ]]>
    </name>
    <cmt>最后730米
        
        </cmt>
    <desc><![CDATA[]]>
    </desc>
    <sym>Flag, Blue</sym>
    <type>user</type>
    <extensions>
      <PosType>0</PosType>
      <Speed>1.1735667</Speed>
      <Accuracy>1.7</Accuracy>
      <Time>1771129872301</Time>
      <description><![CDATA[]]>
      </description>
      <FileId>1563338904</FileId>
      <FileSize>526789</FileSize>
      <FileType>0</FileType>
    </extensions>
  </wpt>
  <wpt lat="29.2373355" lon="119.7355542">
    <ele>245.7</ele>
    <time>2026-02-15T04:36:10Z</time>
    <name><![CDATA[闭环
        
        ]]>
    </name>
    <cmt>闭环
        
        </cmt>
    <desc><![CDATA[]]>
    </desc>
    <sym>Flag, Blue</sym>
    <type>user</type>
    <extensions>
      <PosType>0</PosType>
      <Speed>0.64031446</Speed>
      <Accuracy>1.6</Accuracy>
      <Time>1771130170284</Time>
      <description><![CDATA[]]>
      </description>
      <FileId>1563338902</FileId>
      <FileSize>1536545</FileSize>
      <FileType>0</FileType>
    </extensions>
  </wpt>
</gpx>