<?xml version='1.0' encoding='UTF-8' standalone='yes' ?>
<gpx version="1.1" creator="GPSBabel - http://www.gpsbabel.org" xmlns:xsi="http://www.w3.org/2001/XMLSchema-instance" xmlns="http://www.topografix.com/GPX/1/1" xsi:schemaLocation="http://www.topografix.com/GPX/1/1 http://www.topografix.com/GPX/1/1/gpx.xsd">
  <metadata>
    <link href="http://www.garmin.com">
      <text>Garmin International</text>
    </link>
    <time>2026-03-11T04:34:56Z</time>
    <bounds minlat="29.218834" minlon="119.7459722" maxlat="29.2253815" maxlon="119.7565325" />
  </metadata>
  <extensions>
    <name><![CDATA[铁堰水库大佛寺260311]]>
    </name>
    <description><![CDATA[抖音有详细视频，可参考]]>
    </description>
    <TrackId>80185317</TrackId>
    <TrackTypeId>8</TrackTypeId>
    <TrackTags>徒步</TrackTags>
    <BeginTime>1773203696000</BeginTime>
    <EndTime>1773212042000</EndTime>
    <TimeUsed>8346000</TimeUsed>
    <PauseTime>147744</PauseTime>
    <PosStartName>曹千线</PosStartName>
    <PosEndName>曹千线</PosEndName>
    <ProductVersion>and_8.1.3</ProductVersion>
    <StartDistrictId>9655</StartDistrictId>
    <EndDistrictId>9655</EndDistrictId>
    <CreaterId>64771087</CreaterId>
    <CreaterName><![CDATA[步履赴山野]]>
    </CreaterName>
    <CreaterIcon>1523534626</CreaterIcon>
    <OriginCreaterId>64771087</OriginCreaterId>
    <OriginCreaterNickname><![CDATA[步履赴山野]]>
    </OriginCreaterNickname>
    <OriginCreaterName><![CDATA[null]]>
    </OriginCreaterName>
    <OriginCreaterIcon>1523534626</OriginCreaterIcon>
    <ThumbnailId>1568564503</ThumbnailId>
    <Distance>4901.0</Distance>
    <ElevationGain>242.13000000000005</ElevationGain>
    <ElevationLoss>252.26000000000005</ElevationLoss>
    <SportAvgSpeed>0.5978100708248193</SportAvgSpeed>
  </extensions>
  <trk>
    <trkseg>
      <trkpt lat="29.2227201" lon="119.7551303">
        <ele>126.0</ele>
        <time>2026-03-11T04:34:56Z</time>
        <speed>0.028309721</speed>
      </trkpt>
      <trkpt lat="29.2226706" lon="119.7552236">
        <ele>126.0</ele>
        <time>2026-03-11T04:35:14Z</time>
        <speed>0.8426003</speed>
      </trkpt>
      <trkpt lat="29.222615" lon="119.7553181">
        <ele>126.34</ele>
        <time>2026-03-11T04:35:28Z</time>
        <speed>0.77208334</speed>
      </trkpt>
      <trkpt lat="29.2225607" lon="119.7554256">
        <ele>126.15</ele>
        <time>2026-03-11T04:35:38Z</time>
        <speed>1.0814314</speed>
      </trkpt>
      <trkpt lat="29.2225107" lon="119.7555215">
        <ele>125.05</ele>
        <time>2026-03-11T04:35:48Z</time>
        <speed>1.0345917</speed>
      </trkpt>
      <trkpt lat="29.2224442" lon="119.7556074">
        <ele>123.83</ele>
        <time>2026-03-11T04:36:00Z</time>
        <speed>0.98106056</speed>
      </trkpt>
      <trkpt lat="29.2223843" lon="119.75569">
        <ele>122.44</ele>
        <time>2026-03-11T04:36:10Z</time>
        <speed>1.2368774</speed>
      </trkpt>
      <trkpt lat="29.222334" lon="119.7557882">
        <ele>120.19</ele>
        <time>2026-03-11T04:36:20Z</time>
        <speed>1.0222384</speed>
      </trkpt>
      <trkpt lat="29.2222848" lon="119.7558902">
        <ele>117.78</ele>
        <time>2026-03-11T04:36:28Z</time>
        <speed>1.5838003</speed>
      </trkpt>
      <trkpt lat="29.2222232" lon="119.7559806">
        <ele>117.49</ele>
        <time>2026-03-11T04:36:38Z</time>
        <speed>1.4715909</speed>
      </trkpt>
      <trkpt lat="29.2222343" lon="119.7560586">
        <ele>117.02</ele>
        <time>2026-03-11T04:37:02Z</time>
        <speed>0.0</speed>
      </trkpt>
      <trkpt lat="29.2221961" lon="119.75616">
        <ele>117.01</ele>
        <time>2026-03-11T04:37:22Z</time>
        <speed>0.88068974</speed>
      </trkpt>
      <trkpt lat="29.2221187" lon="119.7562559">
        <ele>117.26</ele>
        <time>2026-03-11T04:37:32Z</time>
        <speed>1.1751108</speed>
      </trkpt>
      <trkpt lat="29.2220289" lon="119.7563263">
        <ele>117.62</ele>
        <time>2026-03-11T04:37:38Z</time>
        <speed>1.7531439</speed>
      </trkpt>
      <trkpt lat="29.222021" lon="119.7563385">
        <ele>117.27</ele>
        <time>2026-03-11T04:37:54Z</time>
        <speed>0.0</speed>
      </trkpt>
      <trkpt lat="29.22198" lon="119.7563959">
        <ele>117.15</ele>
        <time>2026-03-11T04:38:50Z</time>
        <speed>0.9954728</speed>
      </trkpt>
      <trkpt lat="29.2219272" lon="119.7564849">
        <ele>117.99</ele>
        <time>2026-03-11T04:38:58Z</time>
        <speed>1.5487992</speed>
      </trkpt>
      <trkpt lat="29.2219203" lon="119.7565325">
        <ele>118.34</ele>
        <time>2026-03-11T04:39:12Z</time>
        <speed>0.0</speed>
      </trkpt>
      <trkpt lat="29.2218467" lon="119.7564767">
        <ele>118.06</ele>
        <time>2026-03-11T04:40:16Z</time>
        <speed>1.5560052</speed>
      </trkpt>
      <trkpt lat="29.221805" lon="119.7563833">
        <ele>118.08</ele>
        <time>2026-03-11T04:40:24Z</time>
        <speed>1.3573225</speed>
      </trkpt>
      <trkpt lat="29.2217351" lon="119.7562872">
        <ele>118.48</ele>
        <time>2026-03-11T04:40:36Z</time>
        <speed>1.1169472</speed>
      </trkpt>
      <trkpt lat="29.2216628" lon="119.7562163">
        <ele>120.42</ele>
        <time>2026-03-11T04:40:48Z</time>
        <speed>1.0649602</speed>
      </trkpt>
      <trkpt lat="29.2216335" lon="119.756167">
        <ele>124.28</ele>
        <time>2026-03-11T04:41:00Z</time>
        <speed>0.0</speed>
      </trkpt>
      <trkpt lat="29.2215614" lon="119.7561824">
        <ele>127.73</ele>
        <time>2026-03-11T04:41:18Z</time>
        <speed>1.2729081</speed>
      </trkpt>
      <trkpt lat="29.2215118" lon="119.7562735">
        <ele>129.52</ele>
        <time>2026-03-11T04:41:26Z</time>
        <speed>1.1967292</speed>
      </trkpt>
      <trkpt lat="29.2214305" lon="119.7563228">
        <ele>129.9</ele>
        <time>2026-03-11T04:41:36Z</time>
        <speed>0.6814922</speed>
      </trkpt>
      <trkpt lat="29.2214535" lon="119.7562762">
        <ele>130.29</ele>
        <time>2026-03-11T04:42:04Z</time>
        <speed>0.6387703</speed>
      </trkpt>
      <trkpt lat="29.221461" lon="119.7561772">
        <ele>131.8</ele>
        <time>2026-03-11T04:42:16Z</time>
        <speed>1.6517437</speed>
      </trkpt>
      <trkpt lat="29.2214178" lon="119.7561587">
        <ele>131.58</ele>
        <time>2026-03-11T04:42:32Z</time>
        <speed>0.0</speed>
      </trkpt>
      <trkpt lat="29.221472" lon="119.75614">
        <ele>131.07</ele>
        <time>2026-03-11T04:42:56Z</time>
        <speed>0.6722272</speed>
      </trkpt>
      <trkpt lat="29.2215236" lon="119.7560595">
        <ele>130.83</ele>
        <time>2026-03-11T04:43:40Z</time>
        <speed>0.7365675</speed>
      </trkpt>
      <trkpt lat="29.2214897" lon="119.7559655">
        <ele>130.04</ele>
        <time>2026-03-11T04:44:14Z</time>
        <speed>1.0114292</speed>
      </trkpt>
      <trkpt lat="29.2214562" lon="119.7558622">
        <ele>130.37</ele>
        <time>2026-03-11T04:44:38Z</time>
        <speed>0.5672239</speed>
      </trkpt>
      <trkpt lat="29.2214301" lon="119.7557451">
        <ele>130.98</ele>
        <time>2026-03-11T04:44:56Z</time>
        <speed>0.5795772</speed>
      </trkpt>
      <trkpt lat="29.2214099" lon="119.7556335">
        <ele>130.86</ele>
        <time>2026-03-11T04:45:42Z</time>
        <speed>0.68458056</speed>
      </trkpt>
      <trkpt lat="29.2213636" lon="119.7555357">
        <ele>131.39</ele>
        <time>2026-03-11T04:46:04Z</time>
        <speed>0.57597417</speed>
      </trkpt>
      <trkpt lat="29.2212789" lon="119.7555185">
        <ele>130.58</ele>
        <time>2026-03-11T04:46:34Z</time>
        <speed>0.48795667</speed>
      </trkpt>
      <trkpt lat="29.2212267" lon="119.7556031">
        <ele>130.46</ele>
        <time>2026-03-11T04:46:54Z</time>
        <speed>0.5054572</speed>
      </trkpt>
      <trkpt lat="29.2211517" lon="119.7557314">
        <ele>130.99</ele>
        <time>2026-03-11T04:47:12Z</time>
        <speed>0.0</speed>
      </trkpt>
      <trkpt lat="29.2210631" lon="119.7557975">
        <ele>132.24</ele>
        <time>2026-03-11T04:47:36Z</time>
        <speed>0.0</speed>
      </trkpt>
      <trkpt lat="29.2210106" lon="119.7557354">
        <ele>132.18</ele>
        <time>2026-03-11T04:47:42Z</time>
        <speed>0.0</speed>
      </trkpt>
      <trkpt lat="29.2210767" lon="119.755675">
        <ele>131.85</ele>
        <time>2026-03-11T04:47:48Z</time>
        <speed>0.0</speed>
      </trkpt>
      <trkpt lat="29.2211973" lon="119.7556073">
        <ele>131.44</ele>
        <time>2026-03-11T04:47:58Z</time>
        <speed>0.0</speed>
      </trkpt>
      <trkpt lat="29.2212818" lon="119.7555642">
        <ele>131.21</ele>
        <time>2026-03-11T04:48:02Z</time>
        <speed>0.0</speed>
      </trkpt>
      <trkpt lat="29.2211723" lon="119.75554">
        <ele>130.95</ele>
        <time>2026-03-11T04:48:08Z</time>
        <speed>1.8813097</speed>
      </trkpt>
      <trkpt lat="29.2210492" lon="119.7555188">
        <ele>131.61</ele>
        <time>2026-03-11T04:48:12Z</time>
        <speed>1.4160008</speed>
      </trkpt>
      <trkpt lat="29.2209646" lon="119.7555289">
        <ele>132.55</ele>
        <time>2026-03-11T04:48:18Z</time>
        <speed>0.0</speed>
      </trkpt>
      <trkpt lat="29.2210165" lon="119.7555196">
        <ele>132.88</ele>
        <time>2026-03-11T04:48:52Z</time>
        <speed>1.6239486</speed>
      </trkpt>
      <trkpt lat="29.2210717" lon="119.7554461">
        <ele>137.1</ele>
        <time>2026-03-11T04:49:04Z</time>
        <speed>0.6933308</speed>
      </trkpt>
      <trkpt lat="29.2211437" lon="119.7553552">
        <ele>141.06</ele>
        <time>2026-03-11T04:49:10Z</time>
        <speed>0.87451303</speed>
      </trkpt>
      <trkpt lat="29.2212206" lon="119.7553856">
        <ele>142.32</ele>
        <time>2026-03-11T04:49:22Z</time>
        <speed>1.210112</speed>
      </trkpt>
      <trkpt lat="29.2212423" lon="119.7554203">
        <ele>140.94</ele>
        <time>2026-03-11T04:49:28Z</time>
        <speed>0.0</speed>
      </trkpt>
      <trkpt lat="29.2212847" lon="119.7554992">
        <ele>139.67</ele>
        <time>2026-03-11T04:49:44Z</time>
        <speed>0.0</speed>
      </trkpt>
      <trkpt lat="29.2213617" lon="119.7555561">
        <ele>137.06</ele>
        <time>2026-03-11T04:50:14Z</time>
        <speed>0.59398943</speed>
      </trkpt>
      <trkpt lat="29.2214225" lon="119.7556411">
        <ele>137.72</ele>
        <time>2026-03-11T04:50:44Z</time>
        <speed>0.5610472</speed>
      </trkpt>
      <trkpt lat="29.2214642" lon="119.7557379">
        <ele>139.61</ele>
        <time>2026-03-11T04:50:56Z</time>
        <speed>0.7067136</speed>
      </trkpt>
      <trkpt lat="29.2214763" lon="119.7558658">
        <ele>141.75</ele>
        <time>2026-03-11T04:51:12Z</time>
        <speed>0.8976756</speed>
      </trkpt>
      <trkpt lat="29.2214985" lon="119.7559934">
        <ele>141.04</ele>
        <time>2026-03-11T04:51:24Z</time>
        <speed>0.6804628</speed>
      </trkpt>
      <trkpt lat="29.2215516" lon="119.7559617">
        <ele>139.69</ele>
        <time>2026-03-11T04:52:08Z</time>
        <speed>0.7252436</speed>
      </trkpt>
      <trkpt lat="29.2215603" lon="119.7558591">
        <ele>142.23</ele>
        <time>2026-03-11T04:52:34Z</time>
        <speed>0.27434695</speed>
      </trkpt>
      <trkpt lat="29.22154" lon="119.7557399">
        <ele>145.44</ele>
        <time>2026-03-11T04:53:28Z</time>
        <speed>0.48795667</speed>
      </trkpt>
      <trkpt lat="29.2215034" lon="119.755614">
        <ele>145.38</ele>
        <time>2026-03-11T04:53:52Z</time>
        <speed>0.60428387</speed>
      </trkpt>
      <trkpt lat="29.221482" lon="119.7554971">
        <ele>144.57</ele>
        <time>2026-03-11T04:54:08Z</time>
        <speed>0.53994364</speed>
      </trkpt>
      <trkpt lat="29.2214472" lon="119.7553941">
        <ele>144.84</ele>
        <time>2026-03-11T04:54:28Z</time>
        <speed>0.38552696</speed>
      </trkpt>
      <trkpt lat="29.2214078" lon="119.7552987">
        <ele>147.28</ele>
        <time>2026-03-11T04:54:42Z</time>
        <speed>0.8065697</speed>
      </trkpt>
      <trkpt lat="29.2213801" lon="119.7551784">
        <ele>149.22</ele>
        <time>2026-03-11T04:55:08Z</time>
        <speed>0.5620767</speed>
      </trkpt>
      <trkpt lat="29.2213112" lon="119.7550985">
        <ele>153.47</ele>
        <time>2026-03-11T04:55:18Z</time>
        <speed>1.0634161</speed>
      </trkpt>
      <trkpt lat="29.2212206" lon="119.7550495">
        <ele>157.53</ele>
        <time>2026-03-11T04:55:28Z</time>
        <speed>0.88635164</speed>
      </trkpt>
      <trkpt lat="29.2211268" lon="119.755004">
        <ele>161.95</ele>
        <time>2026-03-11T04:55:38Z</time>
        <speed>0.82973224</speed>
      </trkpt>
      <trkpt lat="29.2210266" lon="119.7549922">
        <ele>166.57</ele>
        <time>2026-03-11T04:55:48Z</time>
        <speed>0.9388533</speed>
      </trkpt>
      <trkpt lat="29.2209368" lon="119.7549536">
        <ele>170.24</ele>
        <time>2026-03-11T04:56:06Z</time>
        <speed>0.44574943</speed>
      </trkpt>
      <trkpt lat="29.2208518" lon="119.7550066">
        <ele>172.2</ele>
        <time>2026-03-11T04:56:22Z</time>
        <speed>1.4185745</speed>
      </trkpt>
      <trkpt lat="29.2208475" lon="119.7549552">
        <ele>169.71</ele>
        <time>2026-03-11T04:56:34Z</time>
        <speed>0.5728858</speed>
      </trkpt>
      <trkpt lat="29.2208475" lon="119.7549552">
        <ele>169.71</ele>
        <time>2026-03-11T04:57:03Z</time>
        <speed>0.5728858</speed>
      </trkpt>
      <extensions>
        <PauseTimes>1773205023000:pause</PauseTimes>
      </extensions>
    </trkseg>
  </trk>
  <trk>
    <trkseg>
      <trkpt lat="29.2208983" lon="119.754825">
        <ele>165.19</ele>
        <time>2026-03-11T04:57:33Z</time>
        <speed>0.0</speed>
      </trkpt>
      <trkpt lat="29.2208983" lon="119.754825">
        <ele>165.19</ele>
        <time>2026-03-11T04:58:20Z</time>
        <speed>0.0</speed>
      </trkpt>
      <trkpt lat="29.220965" lon="119.7547467">
        <ele>163.04</ele>
        <time>2026-03-11T04:59:00Z</time>
        <speed>0.0</speed>
      </trkpt>
      <trkpt lat="29.2210218" lon="119.7546387">
        <ele>164.87</ele>
        <time>2026-03-11T04:59:28Z</time>
        <speed>0.0</speed>
      </trkpt>
      <trkpt lat="29.2212184" lon="119.7544946">
        <ele>167.85</ele>
        <time>2026-03-11T04:59:36Z</time>
        <speed>0.0</speed>
      </trkpt>
      <trkpt lat="29.2212228" lon="119.7544044">
        <ele>172.35</ele>
        <time>2026-03-11T05:00:00Z</time>
        <speed>0.0</speed>
      </trkpt>
      <trkpt lat="29.2211516" lon="119.7544274">
        <ele>177.88</ele>
        <time>2026-03-11T05:00:12Z</time>
        <speed>1.5369606</speed>
      </trkpt>
      <trkpt lat="29.2210961" lon="119.7545095">
        <ele>180.42</ele>
        <time>2026-03-11T05:00:50Z</time>
        <speed>0.0</speed>
      </trkpt>
      <trkpt lat="29.2210379" lon="119.7544797">
        <ele>176.5</ele>
        <time>2026-03-11T05:01:08Z</time>
        <speed>0.5903864</speed>
      </trkpt>
      <trkpt lat="29.2209569" lon="119.754422">
        <ele>173.62</ele>
        <time>2026-03-11T05:01:24Z</time>
        <speed>0.59913665</speed>
      </trkpt>
      <trkpt lat="29.220853" lon="119.7543866">
        <ele>172.49</ele>
        <time>2026-03-11T05:01:44Z</time>
        <speed>0.70259583</speed>
      </trkpt>
      <trkpt lat="29.2207607" lon="119.7543234">
        <ele>173.1</ele>
        <time>2026-03-11T05:02:20Z</time>
        <speed>0.361335</speed>
      </trkpt>
      <trkpt lat="29.2206649" lon="119.7542816">
        <ele>176.5</ele>
        <time>2026-03-11T05:02:42Z</time>
        <speed>0.50236887</speed>
      </trkpt>
      <trkpt lat="29.2205799" lon="119.754233">
        <ele>180.37</ele>
        <time>2026-03-11T05:03:10Z</time>
        <speed>0.5713417</speed>
      </trkpt>
      <trkpt lat="29.2204917" lon="119.7541904">
        <ele>186.84</ele>
        <time>2026-03-11T05:03:22Z</time>
        <speed>0.9965022</speed>
      </trkpt>
      <trkpt lat="29.220436" lon="119.7541089">
        <ele>193.1</ele>
        <time>2026-03-11T05:03:42Z</time>
        <speed>0.77465695</speed>
      </trkpt>
      <trkpt lat="29.2203971" lon="119.7540117">
        <ele>197.49</ele>
        <time>2026-03-11T05:03:54Z</time>
        <speed>0.88841057</speed>
      </trkpt>
      <trkpt lat="29.220464" lon="119.7539709">
        <ele>200.29</ele>
        <time>2026-03-11T05:04:16Z</time>
        <speed>0.5981072</speed>
      </trkpt>
      <trkpt lat="29.2205615" lon="119.7539851">
        <ele>204.04</ele>
        <time>2026-03-11T05:04:42Z</time>
        <speed>0.8302469</speed>
      </trkpt>
      <trkpt lat="29.2206721" lon="119.7540613">
        <ele>207.68</ele>
        <time>2026-03-11T05:05:10Z</time>
        <speed>0.36699694</speed>
      </trkpt>
      <trkpt lat="29.2207847" lon="119.7541197">
        <ele>211.26</ele>
        <time>2026-03-11T05:05:42Z</time>
        <speed>0.78392196</speed>
      </trkpt>
      <trkpt lat="29.2208695" lon="119.7540808">
        <ele>212.95</ele>
        <time>2026-03-11T05:06:00Z</time>
        <speed>0.6789186</speed>
      </trkpt>
      <trkpt lat="29.2208107" lon="119.7540758">
        <ele>212.54</ele>
        <time>2026-03-11T05:06:20Z</time>
        <speed>0.8621597</speed>
      </trkpt>
      <trkpt lat="29.2207174" lon="119.7540349">
        <ele>213.64</ele>
        <time>2026-03-11T05:06:44Z</time>
        <speed>0.41538084</speed>
      </trkpt>
      <trkpt lat="29.2207374" lon="119.7539775">
        <ele>216.21</ele>
        <time>2026-03-11T05:07:02Z</time>
        <speed>0.7159786</speed>
      </trkpt>
      <trkpt lat="29.2207083" lon="119.7540633">
        <ele>217.45</ele>
        <time>2026-03-11T05:19:46Z</time>
        <speed>0.8601008</speed>
      </trkpt>
      <trkpt lat="29.220605" lon="119.7540667">
        <ele>220.44</ele>
        <time>2026-03-11T05:20:28Z</time>
        <speed>1.2116561</speed>
      </trkpt>
      <trkpt lat="29.2205355" lon="119.7539924">
        <ele>218.92</ele>
        <time>2026-03-11T05:20:42Z</time>
        <speed>0.77208334</speed>
      </trkpt>
      <trkpt lat="29.2204463" lon="119.7539585">
        <ele>215.17</ele>
        <time>2026-03-11T05:20:50Z</time>
        <speed>1.4000444</speed>
      </trkpt>
      <trkpt lat="29.2203824" lon="119.7540158">
        <ele>212.21</ele>
        <time>2026-03-11T05:21:00Z</time>
        <speed>1.4957827</speed>
      </trkpt>
      <trkpt lat="29.2204254" lon="119.754092">
        <ele>209.11</ele>
        <time>2026-03-11T05:21:10Z</time>
        <speed>0.93061775</speed>
      </trkpt>
      <trkpt lat="29.2204575" lon="119.7542042">
        <ele>206.01</ele>
        <time>2026-03-11T05:21:24Z</time>
        <speed>0.7576711</speed>
      </trkpt>
      <trkpt lat="29.2204892" lon="119.7543282">
        <ele>202.86</ele>
        <time>2026-03-11T05:21:40Z</time>
        <speed>0.77980417</speed>
      </trkpt>
      <trkpt lat="29.220469" lon="119.7544502">
        <ele>200.51</ele>
        <time>2026-03-11T05:22:00Z</time>
        <speed>0.95069194</speed>
      </trkpt>
      <trkpt lat="29.2203895" lon="119.7544984">
        <ele>198.53</ele>
        <time>2026-03-11T05:22:18Z</time>
        <speed>0.7602447</speed>
      </trkpt>
      <trkpt lat="29.2203405" lon="119.7544232">
        <ele>197.66</ele>
        <time>2026-03-11T05:22:30Z</time>
        <speed>0.82561445</speed>
      </trkpt>
      <trkpt lat="29.2202606" lon="119.7543613">
        <ele>197.85</ele>
        <time>2026-03-11T05:22:52Z</time>
        <speed>0.8050256</speed>
      </trkpt>
      <trkpt lat="29.2201788" lon="119.7542814">
        <ele>198.04</ele>
        <time>2026-03-11T05:23:16Z</time>
        <speed>1.1725372</speed>
      </trkpt>
      <trkpt lat="29.2201046" lon="119.7542026">
        <ele>199.27</ele>
        <time>2026-03-11T05:23:50Z</time>
        <speed>1.0587837</speed>
      </trkpt>
      <trkpt lat="29.2200319" lon="119.7541209">
        <ele>200.62</ele>
        <time>2026-03-11T05:23:58Z</time>
        <speed>1.1874641</speed>
      </trkpt>
      <trkpt lat="29.2200062" lon="119.7540071">
        <ele>199.96</ele>
        <time>2026-03-11T05:24:08Z</time>
        <speed>1.2770258</speed>
      </trkpt>
      <trkpt lat="29.2199489" lon="119.7539063">
        <ele>198.0</ele>
        <time>2026-03-11T05:24:22Z</time>
        <speed>0.93730915</speed>
      </trkpt>
      <trkpt lat="29.2198663" lon="119.753894">
        <ele>193.35</ele>
        <time>2026-03-11T05:24:40Z</time>
        <speed>0.87245417</speed>
      </trkpt>
      <trkpt lat="29.2197985" lon="119.7538393">
        <ele>186.75</ele>
        <time>2026-03-11T05:25:06Z</time>
        <speed>0.52398723</speed>
      </trkpt>
      <trkpt lat="29.2197277" lon="119.7537709">
        <ele>179.93</ele>
        <time>2026-03-11T05:25:20Z</time>
        <speed>0.73862636</speed>
      </trkpt>
      <trkpt lat="29.2196659" lon="119.7536898">
        <ele>175.87</ele>
        <time>2026-03-11T05:25:32Z</time>
        <speed>0.87091</speed>
      </trkpt>
      <trkpt lat="29.2196063" lon="119.7536022">
        <ele>173.18</ele>
        <time>2026-03-11T05:25:44Z</time>
        <speed>0.898705</speed>
      </trkpt>
      <trkpt lat="29.2195659" lon="119.7535059">
        <ele>172.37</ele>
        <time>2026-03-11T05:26:00Z</time>
        <speed>0.6439175</speed>
      </trkpt>
      <trkpt lat="29.2195547" lon="119.7533897">
        <ele>172.98</ele>
        <time>2026-03-11T05:26:08Z</time>
        <speed>1.0701075</speed>
      </trkpt>
      <trkpt lat="29.2195304" lon="119.753286">
        <ele>173.98</ele>
        <time>2026-03-11T05:26:20Z</time>
        <speed>0.7448031</speed>
      </trkpt>
      <trkpt lat="29.2194979" lon="119.753171">
        <ele>174.16</ele>
        <time>2026-03-11T05:27:12Z</time>
        <speed>1.0217236</speed>
      </trkpt>
      <trkpt lat="29.2194167" lon="119.7530995">
        <ele>172.67</ele>
        <time>2026-03-11T05:27:18Z</time>
        <speed>1.819543</speed>
      </trkpt>
      <trkpt lat="29.2193105" lon="119.7530622">
        <ele>171.69</ele>
        <time>2026-03-11T05:27:28Z</time>
        <speed>1.1776844</speed>
      </trkpt>
      <trkpt lat="29.2192142" lon="119.7530855">
        <ele>169.8</ele>
        <time>2026-03-11T05:27:34Z</time>
        <speed>1.5385047</speed>
      </trkpt>
      <trkpt lat="29.2191343" lon="119.7531681">
        <ele>168.08</ele>
        <time>2026-03-11T05:27:42Z</time>
        <speed>1.4551197</speed>
      </trkpt>
      <trkpt lat="29.2190614" lon="119.7532599">
        <ele>166.11</ele>
        <time>2026-03-11T05:27:50Z</time>
        <speed>1.3830587</speed>
      </trkpt>
      <trkpt lat="29.2189682" lon="119.7533017">
        <ele>163.74</ele>
        <time>2026-03-11T05:28:00Z</time>
        <speed>1.3979856</speed>
      </trkpt>
      <trkpt lat="29.2188919" lon="119.7532539">
        <ele>160.88</ele>
        <time>2026-03-11T05:28:08Z</time>
        <speed>1.3089386</speed>
      </trkpt>
      <trkpt lat="29.218834" lon="119.7531505">
        <ele>158.48</ele>
        <time>2026-03-11T05:28:16Z</time>
        <speed>1.269305</speed>
      </trkpt>
      <trkpt lat="29.2188498" lon="119.7530334">
        <ele>155.56</ele>
        <time>2026-03-11T05:28:28Z</time>
        <speed>0.9120878</speed>
      </trkpt>
      <trkpt lat="29.2189014" lon="119.7529196">
        <ele>152.01</ele>
        <time>2026-03-11T05:28:36Z</time>
        <speed>1.0510628</speed>
      </trkpt>
      <trkpt lat="29.2189387" lon="119.7528085">
        <ele>149.34</ele>
        <time>2026-03-11T05:28:44Z</time>
        <speed>1.3254098</speed>
      </trkpt>
      <trkpt lat="29.2189714" lon="119.7527051">
        <ele>147.17</ele>
        <time>2026-03-11T05:28:52Z</time>
        <speed>1.2399658</speed>
      </trkpt>
      <trkpt lat="29.2190109" lon="119.7526005">
        <ele>145.25</ele>
        <time>2026-03-11T05:29:04Z</time>
        <speed>0.9939286</speed>
      </trkpt>
      <trkpt lat="29.2190635" lon="119.7524979">
        <ele>144.54</ele>
        <time>2026-03-11T05:29:16Z</time>
        <speed>0.6995075</speed>
      </trkpt>
      <trkpt lat="29.2191076" lon="119.7523887">
        <ele>144.82</ele>
        <time>2026-03-11T05:29:26Z</time>
        <speed>0.8945872</speed>
      </trkpt>
      <trkpt lat="29.2191502" lon="119.7522706">
        <ele>145.54</ele>
        <time>2026-03-11T05:29:36Z</time>
        <speed>1.0953289</speed>
      </trkpt>
      <trkpt lat="29.2191695" lon="119.7521535">
        <ele>146.51</ele>
        <time>2026-03-11T05:29:46Z</time>
        <speed>0.9898108</speed>
      </trkpt>
      <trkpt lat="29.2191965" lon="119.7520436">
        <ele>148.1</ele>
        <time>2026-03-11T05:29:54Z</time>
        <speed>1.1349626</speed>
      </trkpt>
      <trkpt lat="29.219224" lon="119.7519416">
        <ele>149.3</ele>
        <time>2026-03-11T05:30:04Z</time>
        <speed>0.9522361</speed>
      </trkpt>
      <trkpt lat="29.2192569" lon="119.7518461">
        <ele>150.08</ele>
        <time>2026-03-11T05:30:14Z</time>
        <speed>0.94091225</speed>
      </trkpt>
      <trkpt lat="29.2192969" lon="119.7517323">
        <ele>150.82</ele>
        <time>2026-03-11T05:30:24Z</time>
        <speed>1.0356212</speed>
      </trkpt>
      <trkpt lat="29.219323" lon="119.7516112">
        <ele>151.15</ele>
        <time>2026-03-11T05:30:34Z</time>
        <speed>1.3794556</speed>
      </trkpt>
      <trkpt lat="29.2193209" lon="119.7515018">
        <ele>152.16</ele>
        <time>2026-03-11T05:30:48Z</time>
        <speed>0.78701025</speed>
      </trkpt>
      <trkpt lat="29.2193215" lon="119.7513913">
        <ele>154.8</ele>
        <time>2026-03-11T05:30:56Z</time>
        <speed>1.0551805</speed>
      </trkpt>
      <trkpt lat="29.21931" lon="119.7512763">
        <ele>156.65</ele>
        <time>2026-03-11T05:31:06Z</time>
        <speed>1.2518045</speed>
      </trkpt>
      <trkpt lat="29.2192935" lon="119.7511658">
        <ele>157.75</ele>
        <time>2026-03-11T05:31:18Z</time>
        <speed>0.811717</speed>
      </trkpt>
      <trkpt lat="29.2193164" lon="119.751066">
        <ele>158.76</ele>
        <time>2026-03-11T05:31:28Z</time>
        <speed>0.98569304</speed>
      </trkpt>
      <trkpt lat="29.2193557" lon="119.7509625">
        <ele>159.12</ele>
        <time>2026-03-11T05:31:40Z</time>
        <speed>1.8910894</speed>
      </trkpt>
      <trkpt lat="29.2194383" lon="119.750947">
        <ele>158.6</ele>
        <time>2026-03-11T05:31:46Z</time>
        <speed>2.034697</speed>
      </trkpt>
      <trkpt lat="29.2195335" lon="119.7509336">
        <ele>157.44</ele>
        <time>2026-03-11T05:32:00Z</time>
        <speed>0.9244411</speed>
      </trkpt>
      <trkpt lat="29.2196313" lon="119.750911">
        <ele>154.5</ele>
        <time>2026-03-11T05:32:12Z</time>
        <speed>1.26004</speed>
      </trkpt>
      <trkpt lat="29.2197113" lon="119.7508585">
        <ele>152.56</ele>
        <time>2026-03-11T05:32:24Z</time>
        <speed>0.82715863</speed>
      </trkpt>
      <trkpt lat="29.2196869" lon="119.7507679">
        <ele>151.16</ele>
        <time>2026-03-11T05:33:16Z</time>
        <speed>0.5564147</speed>
      </trkpt>
      <trkpt lat="29.2196371" lon="119.7506645">
        <ele>151.56</ele>
        <time>2026-03-11T05:33:26Z</time>
        <speed>1.0788578</speed>
      </trkpt>
      <trkpt lat="29.2196477" lon="119.7505604">
        <ele>150.85</ele>
        <time>2026-03-11T05:33:34Z</time>
        <speed>1.5230631</speed>
      </trkpt>
      <trkpt lat="29.2196962" lon="119.7504669">
        <ele>149.02</ele>
        <time>2026-03-11T05:33:42Z</time>
        <speed>1.5848297</speed>
      </trkpt>
      <trkpt lat="29.2197224" lon="119.7503659">
        <ele>145.66</ele>
        <time>2026-03-11T05:33:56Z</time>
        <speed>0.6001661</speed>
      </trkpt>
      <trkpt lat="29.2196629" lon="119.7503099">
        <ele>141.2</ele>
        <time>2026-03-11T05:34:08Z</time>
        <speed>1.3516606</speed>
      </trkpt>
      <trkpt lat="29.2195957" lon="119.7502406">
        <ele>136.3</ele>
        <time>2026-03-11T05:34:26Z</time>
        <speed>0.58266556</speed>
      </trkpt>
      <trkpt lat="29.219499" lon="119.7501905">
        <ele>132.17</ele>
        <time>2026-03-11T05:34:38Z</time>
        <speed>1.2214358</speed>
      </trkpt>
      <trkpt lat="29.2194557" lon="119.7500894">
        <ele>129.09</ele>
        <time>2026-03-11T05:34:54Z</time>
        <speed>0.52964914</speed>
      </trkpt>
      <trkpt lat="29.2194376" lon="119.7499821">
        <ele>126.55</ele>
        <time>2026-03-11T05:35:02Z</time>
        <speed>0.95275086</speed>
      </trkpt>
      <trkpt lat="29.2194024" lon="119.7498747">
        <ele>124.51</ele>
        <time>2026-03-11T05:35:10Z</time>
        <speed>1.8854275</speed>
      </trkpt>
      <trkpt lat="29.2194128" lon="119.7497624">
        <ele>121.92</ele>
        <time>2026-03-11T05:35:22Z</time>
        <speed>1.0124586</speed>
      </trkpt>
      <trkpt lat="29.2193507" lon="119.7496817">
        <ele>118.6</ele>
        <time>2026-03-11T05:35:52Z</time>
        <speed>0.8940725</speed>
      </trkpt>
      <trkpt lat="29.2192646" lon="119.7496408">
        <ele>116.97</ele>
        <time>2026-03-11T05:36:00Z</time>
        <speed>1.3357042</speed>
      </trkpt>
      <trkpt lat="29.2192487" lon="119.7495592">
        <ele>115.99</ele>
        <time>2026-03-11T05:36:20Z</time>
        <speed>0.5677386</speed>
      </trkpt>
      <trkpt lat="29.2192462" lon="119.7494522">
        <ele>117.37</ele>
        <time>2026-03-11T05:36:32Z</time>
        <speed>1.3429103</speed>
      </trkpt>
      <trkpt lat="29.219221" lon="119.7493405">
        <ele>121.9</ele>
        <time>2026-03-11T05:36:42Z</time>
        <speed>1.2512897</speed>
      </trkpt>
      <trkpt lat="29.2191994" lon="119.7492326">
        <ele>125.9</ele>
        <time>2026-03-11T05:36:54Z</time>
        <speed>0.8410561</speed>
      </trkpt>
      <trkpt lat="29.2192243" lon="119.7492775">
        <ele>128.7</ele>
        <time>2026-03-11T05:37:14Z</time>
        <speed>0.62590224</speed>
      </trkpt>
      <trkpt lat="29.2192798" lon="119.7492321">
        <ele>129.6</ele>
        <time>2026-03-11T05:37:26Z</time>
        <speed>1.1045939</speed>
      </trkpt>
      <trkpt lat="29.2192851" lon="119.7491393">
        <ele>131.32</ele>
        <time>2026-03-11T05:37:38Z</time>
        <speed>0.7623036</speed>
      </trkpt>
      <trkpt lat="29.2192703" lon="119.7490211">
        <ele>134.58</ele>
        <time>2026-03-11T05:37:48Z</time>
        <speed>0.9723103</speed>
      </trkpt>
      <trkpt lat="29.2193143" lon="119.7489053">
        <ele>138.12</ele>
        <time>2026-03-11T05:37:56Z</time>
        <speed>1.2245241</speed>
      </trkpt>
      <trkpt lat="29.219384" lon="119.7488209">
        <ele>141.08</ele>
        <time>2026-03-11T05:38:04Z</time>
        <speed>1.4757086</speed>
      </trkpt>
      <trkpt lat="29.2194684" lon="119.7487431">
        <ele>142.03</ele>
        <time>2026-03-11T05:38:14Z</time>
        <speed>1.2976147</speed>
      </trkpt>
      <trkpt lat="29.2195504" lon="119.748668">
        <ele>142.58</ele>
        <time>2026-03-11T05:38:24Z</time>
        <speed>1.1437128</speed>
      </trkpt>
      <trkpt lat="29.2196293" lon="119.7486018">
        <ele>143.49</ele>
        <time>2026-03-11T05:38:32Z</time>
        <speed>1.2039353</speed>
      </trkpt>
      <trkpt lat="29.2196836" lon="119.7485081">
        <ele>145.34</ele>
        <time>2026-03-11T05:38:40Z</time>
        <speed>1.3624697</speed>
      </trkpt>
      <trkpt lat="29.2197322" lon="119.7484125">
        <ele>146.31</ele>
        <time>2026-03-11T05:38:48Z</time>
        <speed>1.4885767</speed>
      </trkpt>
      <trkpt lat="29.21981" lon="119.7483396">
        <ele>146.44</ele>
        <time>2026-03-11T05:39:00Z</time>
        <speed>0.86730695</speed>
      </trkpt>
      <trkpt lat="29.2199068" lon="119.7482821">
        <ele>144.87</ele>
        <time>2026-03-11T05:39:10Z</time>
        <speed>1.2353333</speed>
      </trkpt>
      <trkpt lat="29.2199869" lon="119.7481967">
        <ele>142.91</ele>
        <time>2026-03-11T05:39:20Z</time>
        <speed>1.269305</speed>
      </trkpt>
      <trkpt lat="29.2200406" lon="119.7480835">
        <ele>141.31</ele>
        <time>2026-03-11T05:39:30Z</time>
        <speed>1.1138589</speed>
      </trkpt>
      <trkpt lat="29.2200708" lon="119.7479748">
        <ele>139.03</ele>
        <time>2026-03-11T05:39:38Z</time>
        <speed>1.210112</speed>
      </trkpt>
      <trkpt lat="29.2201416" lon="119.747896">
        <ele>137.68</ele>
        <time>2026-03-11T05:39:48Z</time>
        <speed>1.0901817</speed>
      </trkpt>
      <trkpt lat="29.2202216" lon="119.7478414">
        <ele>136.01</ele>
        <time>2026-03-11T05:39:56Z</time>
        <speed>1.0258414</speed>
      </trkpt>
      <trkpt lat="29.2202915" lon="119.7477744">
        <ele>135.4</ele>
        <time>2026-03-11T05:40:04Z</time>
        <speed>0.0</speed>
      </trkpt>
      <trkpt lat="29.220334" lon="119.7476834">
        <ele>135.06</ele>
        <time>2026-03-11T05:40:12Z</time>
        <speed>1.0999614</speed>
      </trkpt>
      <trkpt lat="29.220389" lon="119.7476008">
        <ele>134.13</ele>
        <time>2026-03-11T05:40:20Z</time>
        <speed>1.3475428</speed>
      </trkpt>
      <trkpt lat="29.2204425" lon="119.7475136">
        <ele>133.0</ele>
        <time>2026-03-11T05:40:28Z</time>
        <speed>1.5863739</speed>
      </trkpt>
      <trkpt lat="29.2204943" lon="119.7474186">
        <ele>132.05</ele>
        <time>2026-03-11T05:40:40Z</time>
        <speed>0.9656189</speed>
      </trkpt>
      <trkpt lat="29.2205457" lon="119.7473299">
        <ele>131.56</ele>
        <time>2026-03-11T05:40:50Z</time>
        <speed>1.1112853</speed>
      </trkpt>
      <trkpt lat="29.2205895" lon="119.7472277">
        <ele>131.19</ele>
        <time>2026-03-11T05:40:58Z</time>
        <speed>1.5210042</speed>
      </trkpt>
      <trkpt lat="29.220652" lon="119.7471444">
        <ele>130.42</ele>
        <time>2026-03-11T05:41:10Z</time>
        <speed>0.9939286</speed>
      </trkpt>
      <trkpt lat="29.220708" lon="119.74706">
        <ele>130.37</ele>
        <time>2026-03-11T05:41:18Z</time>
        <speed>1.0047377</speed>
      </trkpt>
      <trkpt lat="29.2207659" lon="119.7469795">
        <ele>131.03</ele>
        <time>2026-03-11T05:41:26Z</time>
        <speed>1.108197</speed>
      </trkpt>
      <trkpt lat="29.2208369" lon="119.7469026">
        <ele>131.66</ele>
        <time>2026-03-11T05:41:36Z</time>
        <speed>0.98003113</speed>
      </trkpt>
      <trkpt lat="29.2209101" lon="119.746818">
        <ele>132.75</ele>
        <time>2026-03-11T05:41:50Z</time>
        <speed>0.8426003</speed>
      </trkpt>
      <trkpt lat="29.2209983" lon="119.7467526">
        <ele>133.33</ele>
        <time>2026-03-11T05:41:58Z</time>
        <speed>1.2204064</speed>
      </trkpt>
      <trkpt lat="29.2210802" lon="119.7466971">
        <ele>133.58</ele>
        <time>2026-03-11T05:42:08Z</time>
        <speed>0.79370165</speed>
      </trkpt>
      <trkpt lat="29.221175" lon="119.7466629">
        <ele>134.53</ele>
        <time>2026-03-11T05:42:28Z</time>
        <speed>0.5435467</speed>
      </trkpt>
      <trkpt lat="29.2212592" lon="119.746618">
        <ele>136.63</ele>
        <time>2026-03-11T05:42:40Z</time>
        <speed>0.63516724</speed>
      </trkpt>
      <trkpt lat="29.2213512" lon="119.74659">
        <ele>138.68</ele>
        <time>2026-03-11T05:42:50Z</time>
        <speed>0.74686193</speed>
      </trkpt>
      <trkpt lat="29.2214487" lon="119.7465691">
        <ele>140.93</ele>
        <time>2026-03-11T05:43:00Z</time>
        <speed>0.8081139</speed>
      </trkpt>
      <trkpt lat="29.2215454" lon="119.7465535">
        <ele>143.71</ele>
        <time>2026-03-11T05:43:16Z</time>
        <speed>0.59398943</speed>
      </trkpt>
      <trkpt lat="29.2215454" lon="119.7465535">
        <ele>143.71</ele>
        <time>2026-03-11T05:43:40Z</time>
        <speed>0.59398943</speed>
      </trkpt>
      <extensions>
        <PauseTimes>1773207820000:pause</PauseTimes>
      </extensions>
    </trkseg>
  </trk>
  <trk>
    <trkseg>
      <trkpt lat="29.2216483" lon="119.746445">
        <ele>145.0</ele>
        <time>2026-03-11T05:44:46Z</time>
        <speed>1.5096803</speed>
      </trkpt>
      <trkpt lat="29.2216483" lon="119.746445">
        <ele>145.0</ele>
        <time>2026-03-11T05:45:23Z</time>
        <speed>1.5096803</speed>
      </trkpt>
      <trkpt lat="29.2217333" lon="119.7463617">
        <ele>146.89</ele>
        <time>2026-03-11T05:45:27Z</time>
        <speed>2.2323503</speed>
      </trkpt>
      <trkpt lat="29.2217915" lon="119.7462642">
        <ele>147.76</ele>
        <time>2026-03-11T05:45:33Z</time>
        <speed>2.2704396</speed>
      </trkpt>
      <trkpt lat="29.2218193" lon="119.7461476">
        <ele>148.89</ele>
        <time>2026-03-11T05:45:41Z</time>
        <speed>1.3753377</speed>
      </trkpt>
      <trkpt lat="29.2218361" lon="119.7460324">
        <ele>151.52</ele>
        <time>2026-03-11T05:45:49Z</time>
        <speed>1.4221776</speed>
      </trkpt>
      <trkpt lat="29.2219153" lon="119.7459772">
        <ele>154.01</ele>
        <time>2026-03-11T05:46:03Z</time>
        <speed>0.7113461</speed>
      </trkpt>
      <trkpt lat="29.222009" lon="119.745981">
        <ele>155.21</ele>
        <time>2026-03-11T05:46:17Z</time>
        <speed>0.72627306</speed>
      </trkpt>
      <trkpt lat="29.2219667" lon="119.7459722">
        <ele>153.96</ele>
        <time>2026-03-11T05:46:31Z</time>
        <speed>0.90230805</speed>
      </trkpt>
      <trkpt lat="29.2220128" lon="119.7459939">
        <ele>154.36</ele>
        <time>2026-03-11T05:46:49Z</time>
        <speed>1.0021641</speed>
      </trkpt>
      <trkpt lat="29.2220687" lon="119.7460351">
        <ele>150.98</ele>
        <time>2026-03-11T05:47:07Z</time>
        <speed>0.0</speed>
      </trkpt>
      <trkpt lat="29.2221367" lon="119.7461019">
        <ele>154.26</ele>
        <time>2026-03-11T05:47:37Z</time>
        <speed>0.55898833</speed>
      </trkpt>
      <trkpt lat="29.222233" lon="119.7461281">
        <ele>155.78</ele>
        <time>2026-03-11T05:48:13Z</time>
        <speed>0.74789137</speed>
      </trkpt>
      <trkpt lat="29.2223469" lon="119.7461229">
        <ele>158.89</ele>
        <time>2026-03-11T05:48:23Z</time>
        <speed>1.3809997</speed>
      </trkpt>
      <trkpt lat="29.2224437" lon="119.7461697">
        <ele>159.54</ele>
        <time>2026-03-11T05:48:31Z</time>
        <speed>1.0279002</speed>
      </trkpt>
      <trkpt lat="29.2225058" lon="119.74625">
        <ele>159.61</ele>
        <time>2026-03-11T05:48:45Z</time>
        <speed>0.40868944</speed>
      </trkpt>
      <trkpt lat="29.2225562" lon="119.746351">
        <ele>160.59</ele>
        <time>2026-03-11T05:49:03Z</time>
        <speed>0.8503211</speed>
      </trkpt>
      <trkpt lat="29.2226318" lon="119.7464004">
        <ele>160.51</ele>
        <time>2026-03-11T05:49:21Z</time>
        <speed>0.7432589</speed>
      </trkpt>
      <trkpt lat="29.2227218" lon="119.7464234">
        <ele>161.67</ele>
        <time>2026-03-11T05:49:31Z</time>
        <speed>0.69693387</speed>
      </trkpt>
      <trkpt lat="29.2228141" lon="119.7464394">
        <ele>163.49</ele>
        <time>2026-03-11T05:49:39Z</time>
        <speed>0.8034814</speed>
      </trkpt>
      <trkpt lat="29.2229024" lon="119.7464902">
        <ele>164.96</ele>
        <time>2026-03-11T05:49:49Z</time>
        <speed>0.9872372</speed>
      </trkpt>
      <trkpt lat="29.2229685" lon="119.7465877">
        <ele>166.09</ele>
        <time>2026-03-11T05:50:01Z</time>
        <speed>0.8544389</speed>
      </trkpt>
      <trkpt lat="29.2230276" lon="119.7466838">
        <ele>166.01</ele>
        <time>2026-03-11T05:50:17Z</time>
        <speed>0.63002</speed>
      </trkpt>
      <trkpt lat="29.2230941" lon="119.7467599">
        <ele>165.02</ele>
        <time>2026-03-11T05:50:27Z</time>
        <speed>0.7777453</speed>
      </trkpt>
      <trkpt lat="29.2231517" lon="119.7468459">
        <ele>163.63</ele>
        <time>2026-03-11T05:50:37Z</time>
        <speed>0.8101728</speed>
      </trkpt>
      <trkpt lat="29.2232212" lon="119.7469345">
        <ele>163.32</ele>
        <time>2026-03-11T05:50:47Z</time>
        <speed>1.0536364</speed>
      </trkpt>
      <trkpt lat="29.223288" lon="119.7470187">
        <ele>165.25</ele>
        <time>2026-03-11T05:50:59Z</time>
        <speed>0.8199525</speed>
      </trkpt>
      <trkpt lat="29.2233661" lon="119.7470795">
        <ele>166.82</ele>
        <time>2026-03-11T05:51:11Z</time>
        <speed>0.46685305</speed>
      </trkpt>
      <trkpt lat="29.2234458" lon="119.7471382">
        <ele>167.8</ele>
        <time>2026-03-11T05:51:21Z</time>
        <speed>0.88944</speed>
      </trkpt>
      <trkpt lat="29.2235328" lon="119.7471824">
        <ele>169.61</ele>
        <time>2026-03-11T05:51:33Z</time>
        <speed>0.8575272</speed>
      </trkpt>
      <trkpt lat="29.2235784" lon="119.7472684">
        <ele>172.18</ele>
        <time>2026-03-11T05:51:49Z</time>
        <speed>0.5687681</speed>
      </trkpt>
      <trkpt lat="29.2235906" lon="119.7473872">
        <ele>174.56</ele>
        <time>2026-03-11T05:52:03Z</time>
        <speed>0.92804414</speed>
      </trkpt>
      <trkpt lat="29.2236339" lon="119.7474851">
        <ele>178.4</ele>
        <time>2026-03-11T05:52:13Z</time>
        <speed>0.83796775</speed>
      </trkpt>
      <trkpt lat="29.2237477" lon="119.7474974">
        <ele>182.19</ele>
        <time>2026-03-11T05:53:03Z</time>
        <speed>0.0</speed>
      </trkpt>
      <trkpt lat="29.2238358" lon="119.7475522">
        <ele>185.63</ele>
        <time>2026-03-11T05:53:45Z</time>
        <speed>1.0500333</speed>
      </trkpt>
      <trkpt lat="29.2238642" lon="119.7475544">
        <ele>186.65</ele>
        <time>2026-03-11T05:53:57Z</time>
        <speed>0.0</speed>
      </trkpt>
      <trkpt lat="29.223939" lon="119.7475274">
        <ele>187.4</ele>
        <time>2026-03-11T05:54:13Z</time>
        <speed>0.7633331</speed>
      </trkpt>
      <trkpt lat="29.2240323" lon="119.7475039">
        <ele>188.65</ele>
        <time>2026-03-11T05:54:29Z</time>
        <speed>0.5018542</speed>
      </trkpt>
      <trkpt lat="29.2241252" lon="119.7474749">
        <ele>189.88</ele>
        <time>2026-03-11T05:55:05Z</time>
        <speed>0.79473114</speed>
      </trkpt>
      <trkpt lat="29.2242189" lon="119.7474879">
        <ele>190.75</ele>
        <time>2026-03-11T05:55:17Z</time>
        <speed>0.77053916</speed>
      </trkpt>
      <trkpt lat="29.2243133" lon="119.7474886">
        <ele>190.25</ele>
        <time>2026-03-11T05:56:09Z</time>
        <speed>0.0</speed>
      </trkpt>
      <trkpt lat="29.224276" lon="119.7474517">
        <ele>190.62</ele>
        <time>2026-03-11T05:56:21Z</time>
        <speed>0.40354222</speed>
      </trkpt>
      <trkpt lat="29.2243093" lon="119.7473933">
        <ele>191.34</ele>
        <time>2026-03-11T05:56:45Z</time>
        <speed>0.99341387</speed>
      </trkpt>
      <trkpt lat="29.2243917" lon="119.7473553">
        <ele>189.47</ele>
        <time>2026-03-11T05:56:59Z</time>
        <speed>0.8106875</speed>
      </trkpt>
      <trkpt lat="29.2244944" lon="119.7473533">
        <ele>186.65</ele>
        <time>2026-03-11T05:57:07Z</time>
        <speed>0.0</speed>
      </trkpt>
      <trkpt lat="29.2246006" lon="119.7473394">
        <ele>183.31</ele>
        <time>2026-03-11T05:57:15Z</time>
        <speed>1.13033</speed>
      </trkpt>
      <trkpt lat="29.2246541" lon="119.7472415">
        <ele>179.52</ele>
        <time>2026-03-11T05:57:21Z</time>
        <speed>1.534387</speed>
      </trkpt>
      <trkpt lat="29.2245879" lon="119.7471703">
        <ele>176.63</ele>
        <time>2026-03-11T05:57:39Z</time>
        <speed>0.79884887</speed>
      </trkpt>
      <trkpt lat="29.2244825" lon="119.7471131">
        <ele>174.81</ele>
        <time>2026-03-11T05:57:49Z</time>
        <speed>1.084005</speed>
      </trkpt>
      <trkpt lat="29.2243817" lon="119.747052">
        <ele>173.77</ele>
        <time>2026-03-11T05:57:57Z</time>
        <speed>1.0464302</speed>
      </trkpt>
      <trkpt lat="29.2242788" lon="119.7470354">
        <ele>174.0</ele>
        <time>2026-03-11T05:58:05Z</time>
        <speed>0.8966461</speed>
      </trkpt>
      <trkpt lat="29.2241844" lon="119.7470127">
        <ele>174.99</ele>
        <time>2026-03-11T05:58:13Z</time>
        <speed>1.20445</speed>
      </trkpt>
      <trkpt lat="29.2240986" lon="119.7469689">
        <ele>175.55</ele>
        <time>2026-03-11T05:58:19Z</time>
        <speed>1.5817413</speed>
      </trkpt>
      <trkpt lat="29.2240352" lon="119.7468903">
        <ele>176.18</ele>
        <time>2026-03-11T05:58:27Z</time>
        <speed>1.3537195</speed>
      </trkpt>
      <trkpt lat="29.2240561" lon="119.7467896">
        <ele>177.48</ele>
        <time>2026-03-11T05:58:45Z</time>
        <speed>0.5126633</speed>
      </trkpt>
      <trkpt lat="29.2240025" lon="119.746718">
        <ele>175.64</ele>
        <time>2026-03-11T05:59:03Z</time>
        <speed>1.2121708</speed>
      </trkpt>
      <trkpt lat="29.2239164" lon="119.7466959">
        <ele>173.56</ele>
        <time>2026-03-11T05:59:09Z</time>
        <speed>1.6764503</speed>
      </trkpt>
      <trkpt lat="29.2238197" lon="119.7466916">
        <ele>171.6</ele>
        <time>2026-03-11T05:59:23Z</time>
        <speed>0.6480353</speed>
      </trkpt>
      <trkpt lat="29.2237303" lon="119.7466257">
        <ele>167.98</ele>
        <time>2026-03-11T05:59:53Z</time>
        <speed>0.6964192</speed>
      </trkpt>
      <trkpt lat="29.2236316" lon="119.7465661">
        <ele>164.51</ele>
        <time>2026-03-11T06:00:01Z</time>
        <speed>1.1699636</speed>
      </trkpt>
      <trkpt lat="29.2236154" lon="119.7465147">
        <ele>162.74</ele>
        <time>2026-03-11T06:00:07Z</time>
        <speed>0.0</speed>
      </trkpt>
      <trkpt lat="29.223625" lon="119.7464093">
        <ele>162.08</ele>
        <time>2026-03-11T06:00:13Z</time>
        <speed>1.0546658</speed>
      </trkpt>
      <trkpt lat="29.2235649" lon="119.7463556">
        <ele>162.3</ele>
        <time>2026-03-11T06:00:33Z</time>
        <speed>0.47611806</speed>
      </trkpt>
      <trkpt lat="29.2236617" lon="119.7463517">
        <ele>161.96</ele>
        <time>2026-03-11T06:01:51Z</time>
        <speed>0.8642186</speed>
      </trkpt>
      <trkpt lat="29.22373" lon="119.7462683">
        <ele>159.39</ele>
        <time>2026-03-11T06:02:03Z</time>
        <speed>0.6233286</speed>
      </trkpt>
      <trkpt lat="29.2238279" lon="119.7462851">
        <ele>158.49</ele>
        <time>2026-03-11T06:02:25Z</time>
        <speed>0.77980417</speed>
      </trkpt>
      <trkpt lat="29.2239157" lon="119.7463415">
        <ele>158.93</ele>
        <time>2026-03-11T06:02:35Z</time>
        <speed>0.9105436</speed>
      </trkpt>
      <trkpt lat="29.2239916" lon="119.7464121">
        <ele>159.47</ele>
        <time>2026-03-11T06:02:43Z</time>
        <speed>0.9388533</speed>
      </trkpt>
      <trkpt lat="29.2240732" lon="119.7464927">
        <ele>160.0</ele>
        <time>2026-03-11T06:02:51Z</time>
        <speed>1.1179767</speed>
      </trkpt>
      <trkpt lat="29.2241562" lon="119.7465728">
        <ele>161.38</ele>
        <time>2026-03-11T06:03:01Z</time>
        <speed>0.9604717</speed>
      </trkpt>
      <trkpt lat="29.2242484" lon="119.7466203">
        <ele>163.24</ele>
        <time>2026-03-11T06:03:29Z</time>
        <speed>0.47405916</speed>
      </trkpt>
      <trkpt lat="29.2243376" lon="119.7466584">
        <ele>163.18</ele>
        <time>2026-03-11T06:03:35Z</time>
        <speed>1.0675339</speed>
      </trkpt>
      <trkpt lat="29.2244063" lon="119.7466931">
        <ele>162.8</ele>
        <time>2026-03-11T06:03:49Z</time>
        <speed>0.0</speed>
      </trkpt>
      <trkpt lat="29.2244938" lon="119.7467">
        <ele>163.36</ele>
        <time>2026-03-11T06:04:07Z</time>
        <speed>0.9470889</speed>
      </trkpt>
      <trkpt lat="29.2245892" lon="119.7467014">
        <ele>165.31</ele>
        <time>2026-03-11T06:04:21Z</time>
        <speed>0.41126305</speed>
      </trkpt>
      <trkpt lat="29.224677" lon="119.7466563">
        <ele>167.03</ele>
        <time>2026-03-11T06:04:31Z</time>
        <speed>0.75149447</speed>
      </trkpt>
      <trkpt lat="29.2247526" lon="119.7465768">
        <ele>168.01</ele>
        <time>2026-03-11T06:04:43Z</time>
        <speed>0.0</speed>
      </trkpt>
      <trkpt lat="29.2247861" lon="119.7464579">
        <ele>168.65</ele>
        <time>2026-03-11T06:04:55Z</time>
        <speed>1.1092263</speed>
      </trkpt>
      <trkpt lat="29.2248314" lon="119.7463483">
        <ele>169.87</ele>
        <time>2026-03-11T06:05:01Z</time>
        <speed>1.2888645</speed>
      </trkpt>
      <trkpt lat="29.2247859" lon="119.7462625">
        <ele>170.88</ele>
        <time>2026-03-11T06:05:15Z</time>
        <speed>0.69178665</speed>
      </trkpt>
      <trkpt lat="29.2246992" lon="119.7462796">
        <ele>170.07</ele>
        <time>2026-03-11T06:05:25Z</time>
        <speed>0.6511236</speed>
      </trkpt>
      <trkpt lat="29.2246004" lon="119.7462575">
        <ele>169.65</ele>
        <time>2026-03-11T06:05:43Z</time>
        <speed>0.5703122</speed>
      </trkpt>
      <trkpt lat="29.224501" lon="119.7462628">
        <ele>172.17</ele>
        <time>2026-03-11T06:06:11Z</time>
        <speed>0.86061555</speed>
      </trkpt>
      <trkpt lat="29.2243998" lon="119.7462735">
        <ele>173.99</ele>
        <time>2026-03-11T06:06:23Z</time>
        <speed>0.90230805</speed>
      </trkpt>
      <trkpt lat="29.2243461" lon="119.7462039">
        <ele>175.15</ele>
        <time>2026-03-11T06:06:33Z</time>
        <speed>0.8621597</speed>
      </trkpt>
      <trkpt lat="29.2244034" lon="119.7461336">
        <ele>176.34</ele>
        <time>2026-03-11T06:07:05Z</time>
        <speed>0.54817915</speed>
      </trkpt>
      <trkpt lat="29.224498" lon="119.7461596">
        <ele>176.19</ele>
        <time>2026-03-11T06:07:47Z</time>
        <speed>0.9136319</speed>
      </trkpt>
      <trkpt lat="29.2246229" lon="119.7461988">
        <ele>175.38</ele>
        <time>2026-03-11T06:07:57Z</time>
        <speed>1.0855491</speed>
      </trkpt>
      <trkpt lat="29.2247405" lon="119.7462612">
        <ele>174.44</ele>
        <time>2026-03-11T06:08:07Z</time>
        <speed>0.94914776</speed>
      </trkpt>
      <trkpt lat="29.2248356" lon="119.7463328">
        <ele>174.29</ele>
        <time>2026-03-11T06:08:15Z</time>
        <speed>0.79370165</speed>
      </trkpt>
      <trkpt lat="29.2249141" lon="119.7464063">
        <ele>173.74</ele>
        <time>2026-03-11T06:08:25Z</time>
        <speed>0.89819026</speed>
      </trkpt>
      <trkpt lat="29.2249429" lon="119.7465059">
        <ele>173.59</ele>
        <time>2026-03-11T06:08:33Z</time>
        <speed>1.1293006</speed>
      </trkpt>
      <trkpt lat="29.2249795" lon="119.7465939">
        <ele>174.37</ele>
        <time>2026-03-11T06:08:49Z</time>
        <speed>0.0</speed>
      </trkpt>
      <trkpt lat="29.2250159" lon="119.7466894">
        <ele>175.5</ele>
        <time>2026-03-11T06:09:09Z</time>
        <speed>0.6933308</speed>
      </trkpt>
      <trkpt lat="29.2250885" lon="119.7467446">
        <ele>176.32</ele>
        <time>2026-03-11T06:09:27Z</time>
        <speed>0.4421464</speed>
      </trkpt>
      <trkpt lat="29.2251251" lon="119.746832">
        <ele>179.02</ele>
        <time>2026-03-11T06:09:39Z</time>
        <speed>0.8410561</speed>
      </trkpt>
      <trkpt lat="29.2251205" lon="119.7469317">
        <ele>182.32</ele>
        <time>2026-03-11T06:09:55Z</time>
        <speed>0.7957606</speed>
      </trkpt>
      <trkpt lat="29.2250733" lon="119.7470265">
        <ele>187.26</ele>
        <time>2026-03-11T06:10:11Z</time>
        <speed>0.515237</speed>
      </trkpt>
      <trkpt lat="29.2250195" lon="119.7471196">
        <ele>191.54</ele>
        <time>2026-03-11T06:10:47Z</time>
        <speed>0.5672239</speed>
      </trkpt>
      <trkpt lat="29.224976" lon="119.7472205">
        <ele>194.4</ele>
        <time>2026-03-11T06:11:03Z</time>
        <speed>0.78701025</speed>
      </trkpt>
      <trkpt lat="29.2249098" lon="119.747318">
        <ele>197.24</ele>
        <time>2026-03-11T06:11:45Z</time>
        <speed>1.4041622</speed>
      </trkpt>
      <trkpt lat="29.224816" lon="119.7473912">
        <ele>198.04</ele>
        <time>2026-03-11T06:11:53Z</time>
        <speed>1.5143127</speed>
      </trkpt>
      <trkpt lat="29.22474" lon="119.7474843">
        <ele>198.45</ele>
        <time>2026-03-11T06:12:01Z</time>
        <speed>1.4242364</speed>
      </trkpt>
      <trkpt lat="29.2246479" lon="119.7475621">
        <ele>199.29</ele>
        <time>2026-03-11T06:12:09Z</time>
        <speed>1.4782822</speed>
      </trkpt>
      <trkpt lat="29.2245589" lon="119.7476365">
        <ele>201.27</ele>
        <time>2026-03-11T06:12:17Z</time>
        <speed>1.2554075</speed>
      </trkpt>
      <trkpt lat="29.2244659" lon="119.7476939">
        <ele>204.55</ele>
        <time>2026-03-11T06:12:25Z</time>
        <speed>1.245113</speed>
      </trkpt>
      <trkpt lat="29.2243842" lon="119.7477695">
        <ele>207.71</ele>
        <time>2026-03-11T06:12:35Z</time>
        <speed>1.1864347</speed>
      </trkpt>
      <trkpt lat="29.2242922" lon="119.7478204">
        <ele>210.55</ele>
        <time>2026-03-11T06:12:45Z</time>
        <speed>0.91157305</speed>
      </trkpt>
      <trkpt lat="29.2242059" lon="119.7478681">
        <ele>213.54</ele>
        <time>2026-03-11T06:12:59Z</time>
        <speed>0.0</speed>
      </trkpt>
      <trkpt lat="29.2241259" lon="119.7478345">
        <ele>216.23</ele>
        <time>2026-03-11T06:13:13Z</time>
        <speed>0.99186975</speed>
      </trkpt>
      <trkpt lat="29.2240405" lon="119.7477907">
        <ele>216.13</ele>
        <time>2026-03-11T06:13:19Z</time>
        <speed>1.6069628</speed>
      </trkpt>
      <trkpt lat="29.2239615" lon="119.7478144">
        <ele>214.83</ele>
        <time>2026-03-11T06:13:37Z</time>
        <speed>0.60840166</speed>
      </trkpt>
      <trkpt lat="29.2239074" lon="119.7478948">
        <ele>213.57</ele>
        <time>2026-03-11T06:13:49Z</time>
        <speed>1.124668</speed>
      </trkpt>
      <trkpt lat="29.2238772" lon="119.7479975">
        <ele>213.8</ele>
        <time>2026-03-11T06:13:59Z</time>
        <speed>0.9120878</speed>
      </trkpt>
      <trkpt lat="29.2238955" lon="119.7481131">
        <ele>215.09</ele>
        <time>2026-03-11T06:14:11Z</time>
        <speed>0.61921084</speed>
      </trkpt>
      <trkpt lat="29.2238743" lon="119.7482336">
        <ele>215.91</ele>
        <time>2026-03-11T06:14:41Z</time>
        <speed>0.8075992</speed>
      </trkpt>
      <trkpt lat="29.2238211" lon="119.7483446">
        <ele>216.21</ele>
        <time>2026-03-11T06:14:49Z</time>
        <speed>1.3629844</speed>
      </trkpt>
      <trkpt lat="29.2237639" lon="119.7484456">
        <ele>216.59</ele>
        <time>2026-03-11T06:14:57Z</time>
        <speed>1.3233508</speed>
      </trkpt>
      <trkpt lat="29.2236782" lon="119.7485025">
        <ele>215.69</ele>
        <time>2026-03-11T06:15:05Z</time>
        <speed>1.4448253</speed>
      </trkpt>
      <trkpt lat="29.2235934" lon="119.7485498">
        <ele>214.45</ele>
        <time>2026-03-11T06:15:15Z</time>
        <speed>1.139595</speed>
      </trkpt>
      <trkpt lat="29.2235286" lon="119.7486189">
        <ele>213.74</ele>
        <time>2026-03-11T06:15:23Z</time>
        <speed>1.1833464</speed>
      </trkpt>
      <trkpt lat="29.2234885" lon="119.7487254">
        <ele>212.3</ele>
        <time>2026-03-11T06:15:41Z</time>
        <speed>1.1159178</speed>
      </trkpt>
      <trkpt lat="29.2234971" lon="119.7488341">
        <ele>209.63</ele>
        <time>2026-03-11T06:15:51Z</time>
        <speed>1.1890084</speed>
      </trkpt>
      <trkpt lat="29.2234979" lon="119.7489564">
        <ele>206.65</ele>
        <time>2026-03-11T06:16:05Z</time>
        <speed>0.86061555</speed>
      </trkpt>
      <trkpt lat="29.2234887" lon="119.7490688">
        <ele>204.01</ele>
        <time>2026-03-11T06:16:19Z</time>
        <speed>0.8426003</speed>
      </trkpt>
      <trkpt lat="29.2234643" lon="119.7491735">
        <ele>201.21</ele>
        <time>2026-03-11T06:16:51Z</time>
        <speed>0.45295554</speed>
      </trkpt>
      <trkpt lat="29.2233891" lon="119.7492152">
        <ele>200.52</ele>
        <time>2026-03-11T06:17:05Z</time>
        <speed>1.1169472</speed>
      </trkpt>
      <trkpt lat="29.2234" lon="119.7492867">
        <ele>199.91</ele>
        <time>2026-03-11T06:17:19Z</time>
        <speed>0.7777453</speed>
      </trkpt>
      <trkpt lat="29.2233854" lon="119.7493941">
        <ele>197.67</ele>
        <time>2026-03-11T06:17:31Z</time>
        <speed>1.0505481</speed>
      </trkpt>
      <trkpt lat="29.2233684" lon="119.7495073">
        <ele>194.33</ele>
        <time>2026-03-11T06:17:41Z</time>
        <speed>1.2358481</speed>
      </trkpt>
      <trkpt lat="29.2233779" lon="119.749622">
        <ele>190.4</ele>
        <time>2026-03-11T06:17:53Z</time>
        <speed>0.81223166</speed>
      </trkpt>
      <trkpt lat="29.2234185" lon="119.7497248">
        <ele>187.86</ele>
        <time>2026-03-11T06:18:09Z</time>
        <speed>0.61097527</speed>
      </trkpt>
      <trkpt lat="29.2234588" lon="119.7498225">
        <ele>184.52</ele>
        <time>2026-03-11T06:18:17Z</time>
        <speed>0.9995906</speed>
      </trkpt>
      <trkpt lat="29.223518" lon="119.749921">
        <ele>181.85</ele>
        <time>2026-03-11T06:18:31Z</time>
        <speed>0.9470889</speed>
      </trkpt>
      <trkpt lat="29.2235651" lon="119.7500153">
        <ele>178.82</ele>
        <time>2026-03-11T06:18:57Z</time>
        <speed>0.8667922</speed>
      </trkpt>
      <trkpt lat="29.2236074" lon="119.7501144">
        <ele>174.68</ele>
        <time>2026-03-11T06:19:09Z</time>
        <speed>0.787525</speed>
      </trkpt>
      <trkpt lat="29.223654" lon="119.7502057">
        <ele>172.06</ele>
        <time>2026-03-11T06:19:25Z</time>
        <speed>0.5116339</speed>
      </trkpt>
      <trkpt lat="29.2236885" lon="119.7503189">
        <ele>169.41</ele>
        <time>2026-03-11T06:19:39Z</time>
        <speed>0.9378239</speed>
      </trkpt>
      <trkpt lat="29.2237271" lon="119.7504331">
        <ele>166.18</ele>
        <time>2026-03-11T06:19:51Z</time>
        <speed>1.1694489</speed>
      </trkpt>
      <trkpt lat="29.2237504" lon="119.7505417">
        <ele>161.76</ele>
        <time>2026-03-11T06:19:59Z</time>
        <speed>1.3315864</speed>
      </trkpt>
      <trkpt lat="29.223763" lon="119.7506501">
        <ele>157.82</ele>
        <time>2026-03-11T06:20:11Z</time>
        <speed>0.69796336</speed>
      </trkpt>
      <trkpt lat="29.2237927" lon="119.7507546">
        <ele>155.36</ele>
        <time>2026-03-11T06:20:23Z</time>
        <speed>0.77517164</speed>
      </trkpt>
      <trkpt lat="29.223836" lon="119.7508503">
        <ele>154.6</ele>
        <time>2026-03-11T06:20:35Z</time>
        <speed>0.81480527</speed>
      </trkpt>
      <trkpt lat="29.2238249" lon="119.750963">
        <ele>154.34</ele>
        <time>2026-03-11T06:20:47Z</time>
        <speed>0.9162056</speed>
      </trkpt>
      <trkpt lat="29.2237819" lon="119.7510737">
        <ele>153.08</ele>
        <time>2026-03-11T06:20:59Z</time>
        <speed>0.94914776</speed>
      </trkpt>
      <trkpt lat="29.2236882" lon="119.7511255">
        <ele>150.12</ele>
        <time>2026-03-11T06:21:07Z</time>
        <speed>1.4365897</speed>
      </trkpt>
      <trkpt lat="29.2237245" lon="119.7511229">
        <ele>146.5</ele>
        <time>2026-03-11T06:21:23Z</time>
        <speed>1.1684195</speed>
      </trkpt>
      <trkpt lat="29.2238088" lon="119.7510774">
        <ele>142.76</ele>
        <time>2026-03-11T06:21:33Z</time>
        <speed>1.2147444</speed>
      </trkpt>
      <trkpt lat="29.2238983" lon="119.7510082">
        <ele>141.23</ele>
        <time>2026-03-11T06:21:47Z</time>
        <speed>0.7020811</speed>
      </trkpt>
      <trkpt lat="29.224025" lon="119.75097">
        <ele>142.63</ele>
        <time>2026-03-11T06:22:49Z</time>
        <speed>0.52501667</speed>
      </trkpt>
      <trkpt lat="29.22412" lon="119.7509833">
        <ele>142.71</ele>
        <time>2026-03-11T06:23:01Z</time>
        <speed>0.8868664</speed>
      </trkpt>
      <trkpt lat="29.2242277" lon="119.7510009">
        <ele>141.97</ele>
        <time>2026-03-11T06:23:11Z</time>
        <speed>1.1179767</speed>
      </trkpt>
      <trkpt lat="29.2243261" lon="119.7510346">
        <ele>140.74</ele>
        <time>2026-03-11T06:23:25Z</time>
        <speed>0.7571564</speed>
      </trkpt>
      <trkpt lat="29.2244216" lon="119.7510509">
        <ele>139.39</ele>
        <time>2026-03-11T06:23:37Z</time>
        <speed>0.93730915</speed>
      </trkpt>
      <trkpt lat="29.2245212" lon="119.7510716">
        <ele>138.32</ele>
        <time>2026-03-11T06:23:45Z</time>
        <speed>1.154522</speed>
      </trkpt>
      <trkpt lat="29.2246112" lon="119.7511093">
        <ele>138.18</ele>
        <time>2026-03-11T06:23:55Z</time>
        <speed>0.94400054</speed>
      </trkpt>
      <trkpt lat="29.224714" lon="119.7511295">
        <ele>137.89</ele>
        <time>2026-03-11T06:24:03Z</time>
        <speed>1.3202626</speed>
      </trkpt>
      <trkpt lat="29.2247881" lon="119.7512074">
        <ele>138.24</ele>
        <time>2026-03-11T06:24:19Z</time>
        <speed>0.7324497</speed>
      </trkpt>
      <trkpt lat="29.2248537" lon="119.7513018">
        <ele>138.44</ele>
        <time>2026-03-11T06:24:45Z</time>
        <speed>0.8410561</speed>
      </trkpt>
      <trkpt lat="29.2249302" lon="119.7513606">
        <ele>138.25</ele>
        <time>2026-03-11T06:24:59Z</time>
        <speed>0.6063428</speed>
      </trkpt>
      <trkpt lat="29.224993" lon="119.751454">
        <ele>138.57</ele>
        <time>2026-03-11T06:25:11Z</time>
        <speed>1.0644456</speed>
      </trkpt>
      <trkpt lat="29.2250044" lon="119.7514868">
        <ele>139.14</ele>
        <time>2026-03-11T06:25:21Z</time>
        <speed>0.0</speed>
      </trkpt>
      <trkpt lat="29.2249766" lon="119.751566">
        <ele>140.16</ele>
        <time>2026-03-11T06:26:11Z</time>
        <speed>0.6253875</speed>
      </trkpt>
      <trkpt lat="29.2249703" lon="119.7516772">
        <ele>138.02</ele>
        <time>2026-03-11T06:26:29Z</time>
        <speed>0.43854332</speed>
      </trkpt>
      <trkpt lat="29.22501" lon="119.7517933">
        <ele>135.56</ele>
        <time>2026-03-11T06:28:17Z</time>
        <speed>0.93679446</speed>
      </trkpt>
      <trkpt lat="29.2250017" lon="119.7519017">
        <ele>132.83</ele>
        <time>2026-03-11T06:28:45Z</time>
        <speed>0.8019372</speed>
      </trkpt>
      <trkpt lat="29.2250046" lon="119.75201">
        <ele>131.01</ele>
        <time>2026-03-11T06:29:21Z</time>
        <speed>0.68921304</speed>
      </trkpt>
      <trkpt lat="29.2250134" lon="119.7521145">
        <ele>129.54</ele>
        <time>2026-03-11T06:29:29Z</time>
        <speed>1.2085677</speed>
      </trkpt>
      <trkpt lat="29.2250241" lon="119.752229">
        <ele>128.88</ele>
        <time>2026-03-11T06:29:39Z</time>
        <speed>1.1473159</speed>
      </trkpt>
      <trkpt lat="29.2250427" lon="119.7523348">
        <ele>128.37</ele>
        <time>2026-03-11T06:29:53Z</time>
        <speed>0.64957947</speed>
      </trkpt>
      <trkpt lat="29.2250537" lon="119.752442">
        <ele>128.51</ele>
        <time>2026-03-11T06:30:33Z</time>
        <speed>0.85083586</speed>
      </trkpt>
      <trkpt lat="29.2250533" lon="119.75231">
        <ele>129.15</ele>
        <time>2026-03-11T06:31:47Z</time>
        <speed>1.4376192</speed>
      </trkpt>
      <trkpt lat="29.22497" lon="119.752255">
        <ele>129.6</ele>
        <time>2026-03-11T06:32:01Z</time>
        <speed>0.63362306</speed>
      </trkpt>
      <trkpt lat="29.22505" lon="119.7523283">
        <ele>130.2</ele>
        <time>2026-03-11T06:35:09Z</time>
        <speed>0.6305347</speed>
      </trkpt>
      <trkpt lat="29.22507" lon="119.752435">
        <ele>129.64</ele>
        <time>2026-03-11T06:35:21Z</time>
        <speed>1.0320181</speed>
      </trkpt>
      <trkpt lat="29.2250759" lon="119.7524514">
        <ele>129.75</ele>
        <time>2026-03-11T06:35:37Z</time>
        <speed>0.0</speed>
      </trkpt>
      <trkpt lat="29.2250677" lon="119.7525329">
        <ele>129.86</ele>
        <time>2026-03-11T06:36:21Z</time>
        <speed>0.66193277</speed>
      </trkpt>
      <trkpt lat="29.2250701" lon="119.752633">
        <ele>127.55</ele>
        <time>2026-03-11T06:36:37Z</time>
        <speed>0.7273025</speed>
      </trkpt>
      <trkpt lat="29.2250732" lon="119.7527566">
        <ele>127.1</ele>
        <time>2026-03-11T06:36:59Z</time>
        <speed>0.9872372</speed>
      </trkpt>
      <trkpt lat="29.2250915" lon="119.7528772">
        <ele>128.99</ele>
        <time>2026-03-11T06:37:09Z</time>
        <speed>1.4087948</speed>
      </trkpt>
      <trkpt lat="29.2251517" lon="119.7529795">
        <ele>129.68</ele>
        <time>2026-03-11T06:37:19Z</time>
        <speed>1.3753377</speed>
      </trkpt>
      <trkpt lat="29.2252339" lon="119.7530553">
        <ele>129.99</ele>
        <time>2026-03-11T06:37:29Z</time>
        <speed>1.2698197</speed>
      </trkpt>
      <trkpt lat="29.2253201" lon="119.7531231">
        <ele>130.64</ele>
        <time>2026-03-11T06:37:47Z</time>
        <speed>0.89304304</speed>
      </trkpt>
      <trkpt lat="29.2253601" lon="119.7532248">
        <ele>131.44</ele>
        <time>2026-03-11T06:37:59Z</time>
        <speed>0.9609864</speed>
      </trkpt>
      <trkpt lat="29.2253815" lon="119.7533339">
        <ele>131.08</ele>
        <time>2026-03-11T06:38:09Z</time>
        <speed>1.0052525</speed>
      </trkpt>
      <trkpt lat="29.2253489" lon="119.7534345">
        <ele>131.91</ele>
        <time>2026-03-11T06:38:21Z</time>
        <speed>0.8776014</speed>
      </trkpt>
      <trkpt lat="29.2252635" lon="119.7534723">
        <ele>133.06</ele>
        <time>2026-03-11T06:38:29Z</time>
        <speed>1.1437128</speed>
      </trkpt>
      <trkpt lat="29.2251878" lon="119.7534681">
        <ele>134.37</ele>
        <time>2026-03-11T06:38:53Z</time>
        <speed>0.0</speed>
      </trkpt>
      <trkpt lat="29.2251019" lon="119.7534283">
        <ele>135.59</ele>
        <time>2026-03-11T06:39:29Z</time>
        <speed>0.6006808</speed>
      </trkpt>
      <trkpt lat="29.2250005" lon="119.7533883">
        <ele>134.35</ele>
        <time>2026-03-11T06:39:41Z</time>
        <speed>0.9321619</speed>
      </trkpt>
      <trkpt lat="29.2248977" lon="119.7533637">
        <ele>134.24</ele>
        <time>2026-03-11T06:39:51Z</time>
        <speed>1.0870934</speed>
      </trkpt>
      <trkpt lat="29.2248024" lon="119.7533718">
        <ele>134.22</ele>
        <time>2026-03-11T06:39:59Z</time>
        <speed>1.4340161</speed>
      </trkpt>
      <trkpt lat="29.2247083" lon="119.7534087">
        <ele>134.9</ele>
        <time>2026-03-11T06:40:07Z</time>
        <speed>1.8730742</speed>
      </trkpt>
      <trkpt lat="29.2246048" lon="119.753413">
        <ele>136.32</ele>
        <time>2026-03-11T06:40:17Z</time>
        <speed>1.4262953</speed>
      </trkpt>
      <trkpt lat="29.2245078" lon="119.7533654">
        <ele>135.92</ele>
        <time>2026-03-11T06:40:27Z</time>
        <speed>1.5868886</speed>
      </trkpt>
      <trkpt lat="29.2244526" lon="119.7532706">
        <ele>136.13</ele>
        <time>2026-03-11T06:40:35Z</time>
        <speed>1.3562931</speed>
      </trkpt>
      <trkpt lat="29.2244501" lon="119.7531428">
        <ele>136.63</ele>
        <time>2026-03-11T06:40:45Z</time>
        <speed>1.1910672</speed>
      </trkpt>
      <trkpt lat="29.2244294" lon="119.7530135">
        <ele>137.78</ele>
        <time>2026-03-11T06:40:55Z</time>
        <speed>1.5282103</speed>
      </trkpt>
      <trkpt lat="29.2243718" lon="119.752904">
        <ele>139.04</ele>
        <time>2026-03-11T06:41:05Z</time>
        <speed>1.26004</speed>
      </trkpt>
      <trkpt lat="29.2242943" lon="119.7528402">
        <ele>139.28</ele>
        <time>2026-03-11T06:41:11Z</time>
        <speed>1.5251219</speed>
      </trkpt>
      <trkpt lat="29.2241973" lon="119.7528195">
        <ele>138.73</ele>
        <time>2026-03-11T06:41:19Z</time>
        <speed>1.5256367</speed>
      </trkpt>
      <trkpt lat="29.2241476" lon="119.7527884">
        <ele>137.73</ele>
        <time>2026-03-11T06:41:43Z</time>
        <speed>0.0</speed>
      </trkpt>
      <trkpt lat="29.2240908" lon="119.7527047">
        <ele>137.41</ele>
        <time>2026-03-11T06:41:53Z</time>
        <speed>1.3496016</speed>
      </trkpt>
      <trkpt lat="29.2240037" lon="119.7526755">
        <ele>137.84</ele>
        <time>2026-03-11T06:42:07Z</time>
        <speed>0.88635164</speed>
      </trkpt>
      <trkpt lat="29.2239326" lon="119.7527611">
        <ele>138.04</ele>
        <time>2026-03-11T06:42:15Z</time>
        <speed>1.4021033</speed>
      </trkpt>
      <trkpt lat="29.2238939" lon="119.752873">
        <ele>137.59</ele>
        <time>2026-03-11T06:42:25Z</time>
        <speed>1.191582</speed>
      </trkpt>
      <trkpt lat="29.2238719" lon="119.7529885">
        <ele>137.51</ele>
        <time>2026-03-11T06:42:33Z</time>
        <speed>0.9867225</speed>
      </trkpt>
      <trkpt lat="29.2238467" lon="119.7531188">
        <ele>137.94</ele>
        <time>2026-03-11T06:42:43Z</time>
        <speed>1.1169472</speed>
      </trkpt>
      <trkpt lat="29.2237733" lon="119.7531976">
        <ele>138.57</ele>
        <time>2026-03-11T06:42:53Z</time>
        <speed>1.5256367</speed>
      </trkpt>
      <trkpt lat="29.2236852" lon="119.753239">
        <ele>138.84</ele>
        <time>2026-03-11T06:43:01Z</time>
        <speed>1.3532047</speed>
      </trkpt>
      <trkpt lat="29.2236228" lon="119.7533296">
        <ele>139.04</ele>
        <time>2026-03-11T06:43:11Z</time>
        <speed>1.2986442</speed>
      </trkpt>
      <trkpt lat="29.2236419" lon="119.7534385">
        <ele>138.63</ele>
        <time>2026-03-11T06:43:19Z</time>
        <speed>1.4144567</speed>
      </trkpt>
      <trkpt lat="29.2237141" lon="119.7535191">
        <ele>137.97</ele>
        <time>2026-03-11T06:43:31Z</time>
        <speed>0.7926722</speed>
      </trkpt>
      <trkpt lat="29.223815" lon="119.7535302">
        <ele>137.0</ele>
        <time>2026-03-11T06:43:43Z</time>
        <speed>0.91569084</speed>
      </trkpt>
      <trkpt lat="29.2239221" lon="119.7535278">
        <ele>136.05</ele>
        <time>2026-03-11T06:43:53Z</time>
        <speed>1.1184914</speed>
      </trkpt>
      <trkpt lat="29.2239983" lon="119.7535823">
        <ele>136.29</ele>
        <time>2026-03-11T06:44:03Z</time>
        <speed>0.92495584</speed>
      </trkpt>
      <trkpt lat="29.2240417" lon="119.7536718">
        <ele>136.64</ele>
        <time>2026-03-11T06:44:11Z</time>
        <speed>1.2178328</speed>
      </trkpt>
      <trkpt lat="29.2240772" lon="119.7537713">
        <ele>137.48</ele>
        <time>2026-03-11T06:44:25Z</time>
        <speed>0.5790625</speed>
      </trkpt>
      <trkpt lat="29.2241104" lon="119.7538954">
        <ele>138.82</ele>
        <time>2026-03-11T06:44:37Z</time>
        <speed>0.87708664</speed>
      </trkpt>
      <trkpt lat="29.2240817" lon="119.7540228">
        <ele>139.29</ele>
        <time>2026-03-11T06:44:49Z</time>
        <speed>0.8467181</speed>
      </trkpt>
      <trkpt lat="29.2240125" lon="119.7541077">
        <ele>138.95</ele>
        <time>2026-03-11T06:45:03Z</time>
        <speed>0.89561665</speed>
      </trkpt>
      <trkpt lat="29.223916" lon="119.754123">
        <ele>140.05</ele>
        <time>2026-03-11T06:45:13Z</time>
        <speed>0.9403975</speed>
      </trkpt>
      <trkpt lat="29.2238127" lon="119.7541307">
        <ele>140.16</ele>
        <time>2026-03-11T06:45:43Z</time>
        <speed>0.9167203</speed>
      </trkpt>
      <trkpt lat="29.2236955" lon="119.7541328">
        <ele>138.88</ele>
        <time>2026-03-11T06:46:03Z</time>
        <speed>1.2198917</speed>
      </trkpt>
      <trkpt lat="29.2235932" lon="119.7541381">
        <ele>138.07</ele>
        <time>2026-03-11T06:46:13Z</time>
        <speed>1.0567247</speed>
      </trkpt>
      <trkpt lat="29.2234971" lon="119.7541528">
        <ele>137.87</ele>
        <time>2026-03-11T06:46:23Z</time>
        <speed>1.1061381</speed>
      </trkpt>
      <trkpt lat="29.2234048" lon="119.7541629">
        <ele>138.14</ele>
        <time>2026-03-11T06:46:33Z</time>
        <speed>1.0016495</speed>
      </trkpt>
      <trkpt lat="29.2233011" lon="119.7541324">
        <ele>138.04</ele>
        <time>2026-03-11T06:46:45Z</time>
        <speed>1.2404805</speed>
      </trkpt>
      <trkpt lat="29.223203" lon="119.7541562">
        <ele>136.73</ele>
        <time>2026-03-11T06:46:55Z</time>
        <speed>1.3871764</speed>
      </trkpt>
      <trkpt lat="29.2231061" lon="119.7541821">
        <ele>136.46</ele>
        <time>2026-03-11T06:47:05Z</time>
        <speed>0.94657415</speed>
      </trkpt>
      <trkpt lat="29.223007" lon="119.7542082">
        <ele>136.61</ele>
        <time>2026-03-11T06:47:13Z</time>
        <speed>1.2523192</speed>
      </trkpt>
      <trkpt lat="29.2229122" lon="119.754231">
        <ele>137.12</ele>
        <time>2026-03-11T06:47:23Z</time>
        <speed>1.0608425</speed>
      </trkpt>
      <trkpt lat="29.2228715" lon="119.754322">
        <ele>137.5</ele>
        <time>2026-03-11T06:47:37Z</time>
        <speed>1.0217236</speed>
      </trkpt>
      <trkpt lat="29.2228641" lon="119.7544454">
        <ele>136.34</ele>
        <time>2026-03-11T06:47:47Z</time>
        <speed>1.1468011</speed>
      </trkpt>
      <trkpt lat="29.2228784" lon="119.7545193">
        <ele>136.67</ele>
        <time>2026-03-11T06:47:57Z</time>
        <speed>0.0</speed>
      </trkpt>
      <trkpt lat="29.2228934" lon="119.7546188">
        <ele>136.59</ele>
        <time>2026-03-11T06:48:17Z</time>
        <speed>0.7674508</speed>
      </trkpt>
      <trkpt lat="29.2228468" lon="119.7547021">
        <ele>133.41</ele>
        <time>2026-03-11T06:48:29Z</time>
        <speed>1.4726202</speed>
      </trkpt>
      <trkpt lat="29.2227522" lon="119.7547258">
        <ele>130.1</ele>
        <time>2026-03-11T06:48:37Z</time>
        <speed>1.6620381</speed>
      </trkpt>
      <trkpt lat="29.2226527" lon="119.7546981">
        <ele>126.96</ele>
        <time>2026-03-11T06:48:49Z</time>
        <speed>0.9615011</speed>
      </trkpt>
      <trkpt lat="29.2225991" lon="119.7547689">
        <ele>124.48</ele>
        <time>2026-03-11T06:48:57Z</time>
        <speed>1.3511459</speed>
      </trkpt>
      <trkpt lat="29.2225458" lon="119.7548617">
        <ele>123.54</ele>
        <time>2026-03-11T06:49:07Z</time>
        <speed>1.1972439</speed>
      </trkpt>
      <trkpt lat="29.2225403" lon="119.7549795">
        <ele>123.61</ele>
        <time>2026-03-11T06:49:21Z</time>
        <speed>0.8945872</speed>
      </trkpt>
      <trkpt lat="29.222509" lon="119.755085">
        <ele>123.61</ele>
        <time>2026-03-11T06:49:31Z</time>
        <speed>0.9887814</speed>
      </trkpt>
      <trkpt lat="29.2224728" lon="119.7551869">
        <ele>123.47</ele>
        <time>2026-03-11T06:49:41Z</time>
        <speed>1.0001053</speed>
      </trkpt>
      <trkpt lat="29.2224558" lon="119.755214">
        <ele>123.53</ele>
        <time>2026-03-11T06:49:49Z</time>
        <speed>0.0</speed>
      </trkpt>
      <trkpt lat="29.222485" lon="119.7552933">
        <ele>123.69</ele>
        <time>2026-03-11T06:51:25Z</time>
        <speed>0.6583297</speed>
      </trkpt>
      <trkpt lat="29.2224433" lon="119.7553933">
        <ele>121.84</ele>
        <time>2026-03-11T06:52:05Z</time>
        <speed>0.3448639</speed>
      </trkpt>
      <trkpt lat="29.2224947" lon="119.7554877">
        <ele>119.72</ele>
        <time>2026-03-11T06:52:31Z</time>
        <speed>0.86318916</speed>
      </trkpt>
      <trkpt lat="29.2225729" lon="119.7554434">
        <ele>117.13</ele>
        <time>2026-03-11T06:52:41Z</time>
        <speed>1.2245241</speed>
      </trkpt>
      <trkpt lat="29.2226424" lon="119.7553545">
        <ele>116.04</ele>
        <time>2026-03-11T06:52:51Z</time>
        <speed>1.0757694</speed>
      </trkpt>
      <trkpt lat="29.2227017" lon="119.755245">
        <ele>116.02</ele>
        <time>2026-03-11T06:53:01Z</time>
        <speed>1.0659897</speed>
      </trkpt>
      <trkpt lat="29.2227017" lon="119.755245">
        <ele>116.02</ele>
        <time>2026-03-11T06:53:10Z</time>
        <speed>1.0659897</speed>
      </trkpt>
      <extensions>
        <PauseTimes>1773211990000:pause</PauseTimes>
      </extensions>
    </trkseg>
  </trk>
  <wpt lat="29.2219203" lon="119.7565325">
    <ele>117.7</ele>
    <time>2026-03-11T04:39:12Z</time>
    <name><![CDATA[右转
        ]]>
    </name>
    <cmt>右转
        </cmt>
    <desc><![CDATA[]]>
    </desc>
    <sym>Flag, Blue</sym>
    <type>user</type>
    <extensions>
      <PosType>0</PosType>
      <Speed>0.0</Speed>
      <Accuracy>1.3</Accuracy>
      <Time>1773203952386</Time>
      <description><![CDATA[]]>
      </description>
    </extensions>
  </wpt>
  <wpt lat="29.2214305" lon="119.7563228">
    <ele>130.8</ele>
    <time>2026-03-11T04:41:36Z</time>
    <name><![CDATA[
        ]]>
    </name>
    <cmt>
        </cmt>
    <desc><![CDATA[]]>
    </desc>
    <sym>Flag, Blue</sym>
    <type>user</type>
    <extensions>
      <PosType>0</PosType>
      <Speed>0.6814922</Speed>
      <Accuracy>1.4</Accuracy>
      <Time>1773204096477</Time>
      <description><![CDATA[]]>
      </description>
      <FileId>1568564726</FileId>
      <FileSize>558181</FileSize>
      <FileType>0</FileType>
    </extensions>
  </wpt>
  <wpt lat="29.221472" lon="119.75614">
    <ele>130.5</ele>
    <time>2026-03-11T04:42:56Z</time>
    <name><![CDATA[天皇庙
        ]]>
    </name>
    <cmt>天皇庙
        </cmt>
    <desc><![CDATA[]]>
    </desc>
    <sym>Flag, Blue</sym>
    <type>user</type>
    <extensions>
      <PosType>0</PosType>
      <Speed>0.6722272</Speed>
      <Accuracy>1.5</Accuracy>
      <Time>1773204176441</Time>
      <description><![CDATA[]]>
      </description>
      <FileId>1568564673</FileId>
      <FileSize>931009</FileSize>
      <FileType>0</FileType>
    </extensions>
  </wpt>
  <wpt lat="29.2211517" lon="119.7557314">
    <ele>133.9</ele>
    <time>2026-03-11T04:47:12Z</time>
    <name><![CDATA[逛一圈
        ]]>
    </name>
    <cmt>逛一圈
        </cmt>
    <desc><![CDATA[]]>
    </desc>
    <sym>Flag, Blue</sym>
    <type>user</type>
    <extensions>
      <PosType>0</PosType>
      <Speed>0.0</Speed>
      <Accuracy>2.3</Accuracy>
      <Time>1773204432394</Time>
      <description><![CDATA[]]>
      </description>
    </extensions>
  </wpt>
  <wpt lat="29.2214985" lon="119.7559934">
    <ele>137.9</ele>
    <time>2026-03-11T04:51:24Z</time>
    <name><![CDATA[逛完寺庙，桥右边继续走
        ]]>
    </name>
    <cmt>逛完寺庙，桥右边继续走
        </cmt>
    <desc><![CDATA[]]>
    </desc>
    <sym>Flag, Blue</sym>
    <type>user</type>
    <extensions>
      <PosType>0</PosType>
      <Speed>0.6804628</Speed>
      <Accuracy>1.6</Accuracy>
      <Time>1773204684465</Time>
      <description><![CDATA[]]>
      </description>
      <FileId>1568564672</FileId>
      <FileSize>1142722</FileSize>
      <FileType>0</FileType>
    </extensions>
  </wpt>
  <wpt lat="29.2208475" lon="119.7549552">
    <ele>159.2</ele>
    <time>2026-03-11T04:56:34Z</time>
    <name><![CDATA[右转
        ]]>
    </name>
    <cmt>右转
        </cmt>
    <desc><![CDATA[]]>
    </desc>
    <sym>Flag, Blue</sym>
    <type>user</type>
    <extensions>
      <PosType>0</PosType>
      <Speed>0.5728858</Speed>
      <Accuracy>1.6</Accuracy>
      <Time>1773204994417</Time>
      <description><![CDATA[]]>
      </description>
    </extensions>
  </wpt>
  <wpt lat="29.2208983" lon="119.754825">
    <ele>160.2</ele>
    <time>2026-03-11T04:58:20Z</time>
    <name><![CDATA[这边走
        ]]>
    </name>
    <cmt>这边走
        </cmt>
    <desc><![CDATA[]]>
    </desc>
    <sym>Flag, Blue</sym>
    <type>user</type>
    <extensions>
      <PosType>0</PosType>
      <Speed>0.0</Speed>
      <Accuracy>1.6</Accuracy>
      <Time>1773205100420</Time>
      <description><![CDATA[]]>
      </description>
      <FileId>1568564670</FileId>
      <FileSize>959438</FileSize>
      <FileType>0</FileType>
    </extensions>
  </wpt>
  <wpt lat="29.2210218" lon="119.7546387">
    <ele>171.8</ele>
    <time>2026-03-11T04:59:28Z</time>
    <name><![CDATA[岩洞
        ]]>
    </name>
    <cmt>岩洞
        </cmt>
    <desc><![CDATA[]]>
    </desc>
    <sym>Flag, Blue</sym>
    <type>user</type>
    <extensions>
      <PosType>0</PosType>
      <Speed>0.0</Speed>
      <Accuracy>2.4</Accuracy>
      <Time>1773205168317</Time>
      <description><![CDATA[]]>
      </description>
      <FileId>1568564669</FileId>
      <FileSize>1280859</FileSize>
      <FileType>0</FileType>
    </extensions>
  </wpt>
  <wpt lat="29.2209569" lon="119.754422">
    <ele>171.0</ele>
    <time>2026-03-11T05:01:24Z</time>
    <name><![CDATA[
        ]]>
    </name>
    <cmt>
        </cmt>
    <desc><![CDATA[]]>
    </desc>
    <sym>Flag, Blue</sym>
    <type>user</type>
    <extensions>
      <PosType>0</PosType>
      <Speed>0.59913665</Speed>
      <Accuracy>1.5</Accuracy>
      <Time>1773205284465</Time>
      <description><![CDATA[]]>
      </description>
      <FileId>1568564664</FileId>
      <FileSize>1155130</FileSize>
      <FileType>0</FileType>
    </extensions>
  </wpt>
  <wpt lat="29.2206649" lon="119.7542816">
    <ele>185.5</ele>
    <time>2026-03-11T05:02:42Z</time>
    <name><![CDATA[右转看观景台
        ]]>
    </name>
    <cmt>右转看观景台
        </cmt>
    <desc><![CDATA[]]>
    </desc>
    <sym>Flag, Blue</sym>
    <type>user</type>
    <extensions>
      <PosType>0</PosType>
      <Speed>0.50236887</Speed>
      <Accuracy>1.4</Accuracy>
      <Time>1773205362482</Time>
      <description><![CDATA[]]>
      </description>
    </extensions>
  </wpt>
  <wpt lat="29.2208107" lon="119.7540758">
    <ele>215.1</ele>
    <time>2026-03-11T05:06:20Z</time>
    <name><![CDATA[观景台
        ]]>
    </name>
    <cmt>观景台
        </cmt>
    <desc><![CDATA[]]>
    </desc>
    <sym>Flag, Blue</sym>
    <type>user</type>
    <extensions>
      <PosType>0</PosType>
      <Speed>0.8621597</Speed>
      <Accuracy>1.4</Accuracy>
      <Time>1773205580443</Time>
      <description><![CDATA[]]>
      </description>
      <FileId>1568564657</FileId>
      <FileSize>512473</FileSize>
      <FileType>0</FileType>
    </extensions>
  </wpt>
  <wpt lat="29.220785" lon="119.7539117">
    <ele>220.3</ele>
    <time>2026-03-11T05:09:34Z</time>
    <name><![CDATA[
        ]]>
    </name>
    <cmt>
        </cmt>
    <desc><![CDATA[]]>
    </desc>
    <sym>Flag, Blue</sym>
    <type>user</type>
    <extensions>
      <PosType>0</PosType>
      <Speed>0.0</Speed>
      <Accuracy>1.1</Accuracy>
      <Time>1773205774453</Time>
      <description><![CDATA[]]>
      </description>
      <FileId>1568564646</FileId>
      <FileSize>440764</FileSize>
      <FileType>0</FileType>
    </extensions>
  </wpt>
  <wpt lat="29.2204254" lon="119.754092">
    <ele>201.9</ele>
    <time>2026-03-11T05:21:10Z</time>
    <name><![CDATA[原路返回
        ]]>
    </name>
    <cmt>原路返回
        </cmt>
    <desc><![CDATA[]]>
    </desc>
    <sym>Flag, Blue</sym>
    <type>user</type>
    <extensions>
      <PosType>0</PosType>
      <Speed>0.93061775</Speed>
      <Accuracy>1.3</Accuracy>
      <Time>1773206470516</Time>
      <description><![CDATA[]]>
      </description>
    </extensions>
  </wpt>
  <wpt lat="29.2204892" lon="119.7543282">
    <ele>197.4</ele>
    <time>2026-03-11T05:21:40Z</time>
    <name><![CDATA[右转
        ]]>
    </name>
    <cmt>右转
        </cmt>
    <desc><![CDATA[]]>
    </desc>
    <sym>Flag, Blue</sym>
    <type>user</type>
    <extensions>
      <PosType>0</PosType>
      <Speed>0.77980417</Speed>
      <Accuracy>1.4</Accuracy>
      <Time>1773206500498</Time>
      <description><![CDATA[]]>
      </description>
      <FileId>1568564643</FileId>
      <FileSize>493632</FileSize>
      <FileType>0</FileType>
    </extensions>
  </wpt>
  <wpt lat="29.2203405" lon="119.7544232">
    <ele>198.1</ele>
    <time>2026-03-11T05:22:30Z</time>
    <name><![CDATA[
        ]]>
    </name>
    <cmt>
        </cmt>
    <desc><![CDATA[]]>
    </desc>
    <sym>Flag, Blue</sym>
    <type>user</type>
    <extensions>
      <PosType>0</PosType>
      <Speed>0.82561445</Speed>
      <Accuracy>1.4</Accuracy>
      <Time>1773206550475</Time>
      <description><![CDATA[]]>
      </description>
      <FileId>1568564641</FileId>
      <FileSize>1448401</FileSize>
      <FileType>0</FileType>
    </extensions>
  </wpt>
  <wpt lat="29.2195547" lon="119.7533897">
    <ele>175.3</ele>
    <time>2026-03-11T05:26:08Z</time>
    <name><![CDATA[左转
        ]]>
    </name>
    <cmt>左转
        </cmt>
    <desc><![CDATA[]]>
    </desc>
    <sym>Flag, Blue</sym>
    <type>user</type>
    <extensions>
      <PosType>0</PosType>
      <Speed>1.0701075</Speed>
      <Accuracy>1.4</Accuracy>
      <Time>1773206768469</Time>
      <description><![CDATA[]]>
      </description>
    </extensions>
  </wpt>
  <wpt lat="29.2195304" lon="119.753286">
    <ele>174.4</ele>
    <time>2026-03-11T05:26:20Z</time>
    <name><![CDATA[
        ]]>
    </name>
    <cmt>
        </cmt>
    <desc><![CDATA[]]>
    </desc>
    <sym>Flag, Blue</sym>
    <type>user</type>
    <extensions>
      <PosType>0</PosType>
      <Speed>0.7448031</Speed>
      <Accuracy>1.4</Accuracy>
      <Time>1773206780454</Time>
      <description><![CDATA[]]>
      </description>
      <FileId>1568564626</FileId>
      <FileSize>1425114</FileSize>
      <FileType>0</FileType>
    </extensions>
  </wpt>
  <wpt lat="29.2197113" lon="119.7508585">
    <ele>149.3</ele>
    <time>2026-03-11T05:32:24Z</time>
    <name><![CDATA[下去
        ]]>
    </name>
    <cmt>下去
        </cmt>
    <desc><![CDATA[]]>
    </desc>
    <sym>Flag, Blue</sym>
    <type>user</type>
    <extensions>
      <PosType>0</PosType>
      <Speed>0.82715863</Speed>
      <Accuracy>1.3</Accuracy>
      <Time>1773207144514</Time>
      <description><![CDATA[]]>
      </description>
      <FileId>1568564571</FileId>
      <FileSize>1341262</FileSize>
      <FileType>0</FileType>
    </extensions>
  </wpt>
  <wpt lat="29.219499" lon="119.7501905">
    <ele>125.0</ele>
    <time>2026-03-11T05:34:38Z</time>
    <name><![CDATA[亭子
        ]]>
    </name>
    <cmt>亭子
        </cmt>
    <desc><![CDATA[]]>
    </desc>
    <sym>Flag, Blue</sym>
    <type>user</type>
    <extensions>
      <PosType>0</PosType>
      <Speed>1.2214358</Speed>
      <Accuracy>1.3</Accuracy>
      <Time>1773207278505</Time>
      <description><![CDATA[]]>
      </description>
      <FileId>1568564568</FileId>
      <FileSize>1164310</FileSize>
      <FileType>0</FileType>
    </extensions>
  </wpt>
  <wpt lat="29.2192646" lon="119.7496408">
    <ele>114.7</ele>
    <time>2026-03-11T05:36:00Z</time>
    <name><![CDATA[
        ]]>
    </name>
    <cmt>
        </cmt>
    <desc><![CDATA[]]>
    </desc>
    <sym>Flag, Blue</sym>
    <type>user</type>
    <extensions>
      <PosType>0</PosType>
      <Speed>1.3357042</Speed>
      <Accuracy>1.3</Accuracy>
      <Time>1773207360541</Time>
      <description><![CDATA[]]>
      </description>
      <FileId>1568564564</FileId>
      <FileSize>1049487</FileSize>
      <FileType>0</FileType>
    </extensions>
  </wpt>
  <wpt lat="29.2192851" lon="119.7491393">
    <ele>138.9</ele>
    <time>2026-03-11T05:37:38Z</time>
    <name><![CDATA[水泥路右转
        ]]>
    </name>
    <cmt>水泥路右转
        </cmt>
    <desc><![CDATA[]]>
    </desc>
    <sym>Flag, Blue</sym>
    <type>user</type>
    <extensions>
      <PosType>0</PosType>
      <Speed>0.7623036</Speed>
      <Accuracy>1.3</Accuracy>
      <Time>1773207458477</Time>
      <description><![CDATA[]]>
      </description>
    </extensions>
  </wpt>
  <wpt lat="29.2215454" lon="119.7465535">
    <ele>146.7</ele>
    <time>2026-03-11T05:43:16Z</time>
    <name><![CDATA[左转
        ]]>
    </name>
    <cmt>左转
        </cmt>
    <desc><![CDATA[]]>
    </desc>
    <sym>Flag, Blue</sym>
    <type>user</type>
    <extensions>
      <PosType>0</PosType>
      <Speed>0.59398943</Speed>
      <Accuracy>1.2</Accuracy>
      <Time>1773207796470</Time>
      <description><![CDATA[]]>
      </description>
      <FileId>1568564559</FileId>
      <FileSize>2697479</FileSize>
      <FileType>0</FileType>
    </extensions>
  </wpt>
  <wpt lat="29.2218361" lon="119.7460324">
    <ele>157.3</ele>
    <time>2026-03-11T05:45:49Z</time>
    <name><![CDATA[
        ]]>
    </name>
    <cmt>
        </cmt>
    <desc><![CDATA[]]>
    </desc>
    <sym>Flag, Blue</sym>
    <type>user</type>
    <extensions>
      <PosType>0</PosType>
      <Speed>1.4221776</Speed>
      <Accuracy>1.3</Accuracy>
      <Time>1773207949431</Time>
      <description><![CDATA[]]>
      </description>
      <FileId>1568564557</FileId>
      <FileSize>1104628</FileSize>
      <FileType>0</FileType>
    </extensions>
  </wpt>
  <wpt lat="29.2221367" lon="119.7461019">
    <ele>157.8</ele>
    <time>2026-03-11T05:47:37Z</time>
    <name><![CDATA[
        ]]>
    </name>
    <cmt>
        </cmt>
    <desc><![CDATA[]]>
    </desc>
    <sym>Flag, Blue</sym>
    <type>user</type>
    <extensions>
      <PosType>0</PosType>
      <Speed>0.55898833</Speed>
      <Accuracy>1.5</Accuracy>
      <Time>1773208057477</Time>
      <description><![CDATA[]]>
      </description>
      <FileId>1568564552</FileId>
      <FileSize>877097</FileSize>
      <FileType>0</FileType>
    </extensions>
  </wpt>
  <wpt lat="29.2221367" lon="119.7461019">
    <ele>157.8</ele>
    <time>2026-03-11T05:47:37Z</time>
    <name><![CDATA[左转
        ]]>
    </name>
    <cmt>左转
        </cmt>
    <desc><![CDATA[]]>
    </desc>
    <sym>Flag, Blue</sym>
    <type>user</type>
    <extensions>
      <PosType>0</PosType>
      <Speed>0.55898833</Speed>
      <Accuracy>1.5</Accuracy>
      <Time>1773208057477</Time>
      <description><![CDATA[]]>
      </description>
    </extensions>
  </wpt>
  <wpt lat="29.2224437" lon="119.7461697">
    <ele>159.7</ele>
    <time>2026-03-11T05:48:31Z</time>
    <name><![CDATA[
        ]]>
    </name>
    <cmt>
        </cmt>
    <desc><![CDATA[]]>
    </desc>
    <sym>Flag, Blue</sym>
    <type>user</type>
    <extensions>
      <PosType>0</PosType>
      <Speed>1.0279002</Speed>
      <Accuracy>1.5</Accuracy>
      <Time>1773208111451</Time>
      <description><![CDATA[]]>
      </description>
      <FileId>1568564540</FileId>
      <FileSize>2586500</FileSize>
      <FileType>0</FileType>
    </extensions>
  </wpt>
  <wpt lat="29.2237477" lon="119.7474974">
    <ele>190.2</ele>
    <time>2026-03-11T05:53:03Z</time>
    <name><![CDATA[钟楼
        ]]>
    </name>
    <cmt>钟楼
        </cmt>
    <desc><![CDATA[]]>
    </desc>
    <sym>Flag, Blue</sym>
    <type>user</type>
    <extensions>
      <PosType>0</PosType>
      <Speed>0.0</Speed>
      <Accuracy>1.4</Accuracy>
      <Time>1773208383473</Time>
      <description><![CDATA[]]>
      </description>
      <FileId>1568564528</FileId>
      <FileSize>810561</FileSize>
      <FileType>0</FileType>
    </extensions>
  </wpt>
  <wpt lat="29.2238358" lon="119.7475522">
    <ele>188.0</ele>
    <time>2026-03-11T05:53:45Z</time>
    <name><![CDATA[左转
        ]]>
    </name>
    <cmt>左转
        </cmt>
    <desc><![CDATA[]]>
    </desc>
    <sym>Flag, Blue</sym>
    <type>user</type>
    <extensions>
      <PosType>0</PosType>
      <Speed>1.0500333</Speed>
      <Accuracy>1.6</Accuracy>
      <Time>1773208425428</Time>
      <description><![CDATA[]]>
      </description>
    </extensions>
  </wpt>
  <wpt lat="29.2243917" lon="119.7473553">
    <ele>182.9</ele>
    <time>2026-03-11T05:56:59Z</time>
    <name><![CDATA[
        ]]>
    </name>
    <cmt>
        </cmt>
    <desc><![CDATA[]]>
    </desc>
    <sym>Flag, Blue</sym>
    <type>user</type>
    <extensions>
      <PosType>0</PosType>
      <Speed>0.8106875</Speed>
      <Accuracy>2.0</Accuracy>
      <Time>1773208619415</Time>
      <description><![CDATA[]]>
      </description>
      <FileId>1568564524</FileId>
      <FileSize>763070</FileSize>
      <FileType>0</FileType>
    </extensions>
  </wpt>
  <wpt lat="29.2246541" lon="119.7472415">
    <ele>172.8</ele>
    <time>2026-03-11T05:57:21Z</time>
    <name><![CDATA[
        ]]>
    </name>
    <cmt>
        </cmt>
    <desc><![CDATA[]]>
    </desc>
    <sym>Flag, Blue</sym>
    <type>user</type>
    <extensions>
      <PosType>0</PosType>
      <Speed>1.534387</Speed>
      <Accuracy>2.1</Accuracy>
      <Time>1773208641432</Time>
      <description><![CDATA[]]>
      </description>
      <FileId>1568564471</FileId>
      <FileSize>1575792</FileSize>
      <FileType>0</FileType>
    </extensions>
  </wpt>
  <wpt lat="29.2242788" lon="119.7470354">
    <ele>176.3</ele>
    <time>2026-03-11T05:58:05Z</time>
    <name><![CDATA[客堂
        ]]>
    </name>
    <cmt>客堂
        </cmt>
    <desc><![CDATA[]]>
    </desc>
    <sym>Flag, Blue</sym>
    <type>user</type>
    <extensions>
      <PosType>0</PosType>
      <Speed>0.8966461</Speed>
      <Accuracy>1.7</Accuracy>
      <Time>1773208685420</Time>
      <description><![CDATA[]]>
      </description>
      <FileId>1568564466</FileId>
      <FileSize>656644</FileSize>
      <FileType>0</FileType>
    </extensions>
  </wpt>
  <wpt lat="29.2240352" lon="119.7468903">
    <ele>179.2</ele>
    <time>2026-03-11T05:58:27Z</time>
    <name><![CDATA[
        ]]>
    </name>
    <cmt>
        </cmt>
    <desc><![CDATA[]]>
    </desc>
    <sym>Flag, Blue</sym>
    <type>user</type>
    <extensions>
      <PosType>0</PosType>
      <Speed>1.3537195</Speed>
      <Accuracy>1.7</Accuracy>
      <Time>1773208707434</Time>
      <description><![CDATA[]]>
      </description>
      <FileId>1568564461</FileId>
      <FileSize>988379</FileSize>
      <FileType>0</FileType>
    </extensions>
  </wpt>
  <wpt lat="29.223625" lon="119.7464093">
    <ele>162.6</ele>
    <time>2026-03-11T06:00:13Z</time>
    <name><![CDATA[大佛
        ]]>
    </name>
    <cmt>大佛
        </cmt>
    <desc><![CDATA[]]>
    </desc>
    <sym>Flag, Blue</sym>
    <type>user</type>
    <extensions>
      <PosType>0</PosType>
      <Speed>1.0546658</Speed>
      <Accuracy>1.5</Accuracy>
      <Time>1773208813440</Time>
      <description><![CDATA[]]>
      </description>
      <FileId>1568564453</FileId>
      <FileSize>1159896</FileSize>
      <FileType>0</FileType>
    </extensions>
  </wpt>
  <wpt lat="29.2241562" lon="119.7465728">
    <ele>165.7</ele>
    <time>2026-03-11T06:03:01Z</time>
    <name><![CDATA[
        ]]>
    </name>
    <cmt>
        </cmt>
    <desc><![CDATA[]]>
    </desc>
    <sym>Flag, Blue</sym>
    <type>user</type>
    <extensions>
      <PosType>0</PosType>
      <Speed>0.9604717</Speed>
      <Accuracy>1.4</Accuracy>
      <Time>1773208981453</Time>
      <description><![CDATA[]]>
      </description>
      <FileId>1568564443</FileId>
      <FileSize>1402547</FileSize>
      <FileType>0</FileType>
    </extensions>
  </wpt>
  <wpt lat="29.2243376" lon="119.7466584">
    <ele>162.3</ele>
    <time>2026-03-11T06:03:35Z</time>
    <name><![CDATA[
        ]]>
    </name>
    <cmt>
        </cmt>
    <desc><![CDATA[]]>
    </desc>
    <sym>Flag, Blue</sym>
    <type>user</type>
    <extensions>
      <PosType>0</PosType>
      <Speed>1.0675339</Speed>
      <Accuracy>1.5</Accuracy>
      <Time>1773209015475</Time>
      <description><![CDATA[]]>
      </description>
      <FileId>1568564435</FileId>
      <FileSize>2088740</FileSize>
      <FileType>0</FileType>
    </extensions>
  </wpt>
  <wpt lat="29.2247526" lon="119.7465768">
    <ele>169.5</ele>
    <time>2026-03-11T06:04:43Z</time>
    <name><![CDATA[
        ]]>
    </name>
    <cmt>
        </cmt>
    <desc><![CDATA[]]>
    </desc>
    <sym>Flag, Blue</sym>
    <type>user</type>
    <extensions>
      <PosType>0</PosType>
      <Speed>0.0</Speed>
      <Accuracy>1.7</Accuracy>
      <Time>1773209083463</Time>
      <description><![CDATA[]]>
      </description>
      <FileId>1568564432</FileId>
      <FileSize>783662</FileSize>
      <FileType>0</FileType>
    </extensions>
  </wpt>
  <wpt lat="29.2247861" lon="119.7464579">
    <ele>171.5</ele>
    <time>2026-03-11T06:04:55Z</time>
    <name><![CDATA[
        ]]>
    </name>
    <cmt>
        </cmt>
    <desc><![CDATA[]]>
    </desc>
    <sym>Flag, Blue</sym>
    <type>user</type>
    <extensions>
      <PosType>0</PosType>
      <Speed>1.1092263</Speed>
      <Accuracy>2.1</Accuracy>
      <Time>1773209095406</Time>
      <description><![CDATA[]]>
      </description>
      <FileId>1568564425</FileId>
      <FileSize>1116314</FileSize>
      <FileType>0</FileType>
    </extensions>
  </wpt>
  <wpt lat="29.2243461" lon="119.7462039">
    <ele>177.9</ele>
    <time>2026-03-11T06:06:33Z</time>
    <name><![CDATA[
        ]]>
    </name>
    <cmt>
        </cmt>
    <desc><![CDATA[]]>
    </desc>
    <sym>Flag, Blue</sym>
    <type>user</type>
    <extensions>
      <PosType>0</PosType>
      <Speed>0.8621597</Speed>
      <Accuracy>1.4</Accuracy>
      <Time>1773209193477</Time>
      <description><![CDATA[]]>
      </description>
      <FileId>1568564370</FileId>
      <FileSize>841122</FileSize>
      <FileType>0</FileType>
    </extensions>
  </wpt>
  <wpt lat="29.2247405" lon="119.7462612">
    <ele>174.1</ele>
    <time>2026-03-11T06:08:07Z</time>
    <name><![CDATA[
        ]]>
    </name>
    <cmt>
        </cmt>
    <desc><![CDATA[]]>
    </desc>
    <sym>Flag, Blue</sym>
    <type>user</type>
    <extensions>
      <PosType>0</PosType>
      <Speed>0.94914776</Speed>
      <Accuracy>1.6</Accuracy>
      <Time>1773209287385</Time>
      <description><![CDATA[]]>
      </description>
      <FileId>1568564369</FileId>
      <FileSize>1293222</FileSize>
      <FileType>0</FileType>
    </extensions>
  </wpt>
  <wpt lat="29.2251251" lon="119.746832">
    <ele>186.7</ele>
    <time>2026-03-11T06:09:39Z</time>
    <name><![CDATA[
        ]]>
    </name>
    <cmt>
        </cmt>
    <desc><![CDATA[]]>
    </desc>
    <sym>Flag, Blue</sym>
    <type>user</type>
    <extensions>
      <PosType>0</PosType>
      <Speed>0.8410561</Speed>
      <Accuracy>1.4</Accuracy>
      <Time>1773209379448</Time>
      <description><![CDATA[]]>
      </description>
      <FileId>1568564367</FileId>
      <FileSize>1404364</FileSize>
      <FileType>0</FileType>
    </extensions>
  </wpt>
  <wpt lat="29.2242059" lon="119.7478681">
    <ele>219.8</ele>
    <time>2026-03-11T06:12:59Z</time>
    <name><![CDATA[右转
        ]]>
    </name>
    <cmt>右转
        </cmt>
    <desc><![CDATA[]]>
    </desc>
    <sym>Flag, Blue</sym>
    <type>user</type>
    <extensions>
      <PosType>0</PosType>
      <Speed>0.0</Speed>
      <Accuracy>1.2</Accuracy>
      <Time>1773209579461</Time>
      <description><![CDATA[]]>
      </description>
      <FileId>1568564362</FileId>
      <FileSize>1710102</FileSize>
      <FileType>0</FileType>
    </extensions>
  </wpt>
  <wpt lat="29.2240405" lon="119.7477907">
    <ele>213.1</ele>
    <time>2026-03-11T06:13:19Z</time>
    <name><![CDATA[直行
        ]]>
    </name>
    <cmt>直行
        </cmt>
    <desc><![CDATA[]]>
    </desc>
    <sym>Flag, Blue</sym>
    <type>user</type>
    <extensions>
      <PosType>0</PosType>
      <Speed>1.6069628</Speed>
      <Accuracy>1.2</Accuracy>
      <Time>1773209599464</Time>
      <description><![CDATA[]]>
      </description>
    </extensions>
  </wpt>
  <wpt lat="29.2238955" lon="119.7481131">
    <ele>217.0</ele>
    <time>2026-03-11T06:14:11Z</time>
    <name><![CDATA[
        ]]>
    </name>
    <cmt>
        </cmt>
    <desc><![CDATA[]]>
    </desc>
    <sym>Flag, Blue</sym>
    <type>user</type>
    <extensions>
      <PosType>0</PosType>
      <Speed>0.61921084</Speed>
      <Accuracy>1.4</Accuracy>
      <Time>1773209651479</Time>
      <description><![CDATA[]]>
      </description>
      <FileId>1568564360</FileId>
      <FileSize>824026</FileSize>
      <FileType>0</FileType>
    </extensions>
  </wpt>
  <wpt lat="29.2238955" lon="119.7481131">
    <ele>217.0</ele>
    <time>2026-03-11T06:14:11Z</time>
    <name><![CDATA[右转
        ]]>
    </name>
    <cmt>右转
        </cmt>
    <desc><![CDATA[]]>
    </desc>
    <sym>Flag, Blue</sym>
    <type>user</type>
    <extensions>
      <PosType>0</PosType>
      <Speed>0.61921084</Speed>
      <Accuracy>1.4</Accuracy>
      <Time>1773209651479</Time>
      <description><![CDATA[]]>
      </description>
    </extensions>
  </wpt>
  <wpt lat="29.2235286" lon="119.7486189">
    <ele>210.4</ele>
    <time>2026-03-11T06:15:23Z</time>
    <name><![CDATA[观景台
        ]]>
    </name>
    <cmt>观景台
        </cmt>
    <desc><![CDATA[]]>
    </desc>
    <sym>Flag, Blue</sym>
    <type>user</type>
    <extensions>
      <PosType>0</PosType>
      <Speed>1.1833464</Speed>
      <Accuracy>1.3</Accuracy>
      <Time>1773209723469</Time>
      <description><![CDATA[]]>
      </description>
      <FileId>1568564357</FileId>
      <FileSize>940939</FileSize>
      <FileType>0</FileType>
    </extensions>
  </wpt>
  <wpt lat="29.2233684" lon="119.7495073">
    <ele>185.2</ele>
    <time>2026-03-11T06:17:41Z</time>
    <name><![CDATA[下坡
        ]]>
    </name>
    <cmt>下坡
        </cmt>
    <desc><![CDATA[]]>
    </desc>
    <sym>Flag, Blue</sym>
    <type>user</type>
    <extensions>
      <PosType>0</PosType>
      <Speed>1.2358481</Speed>
      <Accuracy>1.1</Accuracy>
      <Time>1773209861458</Time>
      <description><![CDATA[]]>
      </description>
      <FileId>1568564355</FileId>
      <FileSize>1084746</FileSize>
      <FileType>0</FileType>
    </extensions>
  </wpt>
  <wpt lat="29.2236882" lon="119.7511255">
    <ele>141.7</ele>
    <time>2026-03-11T06:21:07Z</time>
    <name><![CDATA[左转
        ]]>
    </name>
    <cmt>左转
        </cmt>
    <desc><![CDATA[]]>
    </desc>
    <sym>Flag, Blue</sym>
    <type>user</type>
    <extensions>
      <PosType>0</PosType>
      <Speed>1.4365897</Speed>
      <Accuracy>1.4</Accuracy>
      <Time>1773210067468</Time>
      <description><![CDATA[]]>
      </description>
    </extensions>
  </wpt>
  <wpt lat="29.2247881" lon="119.7512074">
    <ele>138.7</ele>
    <time>2026-03-11T06:24:19Z</time>
    <name><![CDATA[吊桥
        ]]>
    </name>
    <cmt>吊桥
        </cmt>
    <desc><![CDATA[]]>
    </desc>
    <sym>Flag, Blue</sym>
    <type>user</type>
    <extensions>
      <PosType>0</PosType>
      <Speed>0.7324497</Speed>
      <Accuracy>1.3</Accuracy>
      <Time>1773210259493</Time>
      <description><![CDATA[]]>
      </description>
      <FileId>1568564354</FileId>
      <FileSize>1099692</FileSize>
      <FileType>0</FileType>
    </extensions>
  </wpt>
  <wpt lat="29.2248537" lon="119.7513018">
    <ele>138.0</ele>
    <time>2026-03-11T06:24:45Z</time>
    <name><![CDATA[浮桥
        ]]>
    </name>
    <cmt>浮桥
        </cmt>
    <desc><![CDATA[]]>
    </desc>
    <sym>Flag, Blue</sym>
    <type>user</type>
    <extensions>
      <PosType>0</PosType>
      <Speed>0.8410561</Speed>
      <Accuracy>1.3</Accuracy>
      <Time>1773210285455</Time>
      <description><![CDATA[]]>
      </description>
      <FileId>1568564350</FileId>
      <FileSize>1007984</FileSize>
      <FileType>0</FileType>
    </extensions>
  </wpt>
  <wpt lat="29.2252339" lon="119.7530553">
    <ele>131.5</ele>
    <time>2026-03-11T06:37:29Z</time>
    <name><![CDATA[
        ]]>
    </name>
    <cmt>
        </cmt>
    <desc><![CDATA[]]>
    </desc>
    <sym>Flag, Blue</sym>
    <type>user</type>
    <extensions>
      <PosType>0</PosType>
      <Speed>1.2698197</Speed>
      <Accuracy>1.3</Accuracy>
      <Time>1773211049499</Time>
      <description><![CDATA[]]>
      </description>
      <FileId>1568564347</FileId>
      <FileSize>1629898</FileSize>
      <FileType>0</FileType>
    </extensions>
  </wpt>
  <wpt lat="29.2240908" lon="119.7527047">
    <ele>138.4</ele>
    <time>2026-03-11T06:41:53Z</time>
    <name><![CDATA[
        ]]>
    </name>
    <cmt>
        </cmt>
    <desc><![CDATA[]]>
    </desc>
    <sym>Flag, Blue</sym>
    <type>user</type>
    <extensions>
      <PosType>0</PosType>
      <Speed>1.3496016</Speed>
      <Accuracy>1.3</Accuracy>
      <Time>1773211313443</Time>
      <description><![CDATA[]]>
      </description>
      <FileId>1568564346</FileId>
      <FileSize>1066033</FileSize>
      <FileType>0</FileType>
    </extensions>
  </wpt>
  <wpt lat="29.2240417" lon="119.7536718">
    <ele>138.6</ele>
    <time>2026-03-11T06:44:11Z</time>
    <name><![CDATA[
        ]]>
    </name>
    <cmt>
        </cmt>
    <desc><![CDATA[]]>
    </desc>
    <sym>Flag, Blue</sym>
    <type>user</type>
    <extensions>
      <PosType>0</PosType>
      <Speed>1.2178328</Speed>
      <Accuracy>1.1</Accuracy>
      <Time>1773211451442</Time>
      <description><![CDATA[]]>
      </description>
      <FileId>1568564344</FileId>
      <FileSize>608106</FileSize>
      <FileType>0</FileType>
    </extensions>
  </wpt>
  <wpt lat="29.2241104" lon="119.7538954">
    <ele>139.9</ele>
    <time>2026-03-11T06:44:37Z</time>
    <name><![CDATA[我们右转，推荐直走公路返回
        ]]>
    </name>
    <cmt>我们右转，推荐直走公路返回
        </cmt>
    <desc><![CDATA[]]>
    </desc>
    <sym>Flag, Blue</sym>
    <type>user</type>
    <extensions>
      <PosType>0</PosType>
      <Speed>0.87708664</Speed>
      <Accuracy>1.3</Accuracy>
      <Time>1773211477436</Time>
      <description><![CDATA[]]>
      </description>
    </extensions>
  </wpt>
  <wpt lat="29.2240817" lon="119.7540228">
    <ele>138.5</ele>
    <time>2026-03-11T06:44:49Z</time>
    <name><![CDATA[
        ]]>
    </name>
    <cmt>
        </cmt>
    <desc><![CDATA[]]>
    </desc>
    <sym>Flag, Blue</sym>
    <type>user</type>
    <extensions>
      <PosType>0</PosType>
      <Speed>0.8467181</Speed>
      <Accuracy>1.1</Accuracy>
      <Time>1773211489465</Time>
      <description><![CDATA[]]>
      </description>
      <FileId>1568564343</FileId>
      <FileSize>855177</FileSize>
      <FileType>0</FileType>
    </extensions>
  </wpt>
  <wpt lat="29.2240125" lon="119.7541077">
    <ele>141.5</ele>
    <time>2026-03-11T06:45:03Z</time>
    <name><![CDATA[
        ]]>
    </name>
    <cmt>
        </cmt>
    <desc><![CDATA[]]>
    </desc>
    <sym>Flag, Blue</sym>
    <type>user</type>
    <extensions>
      <PosType>0</PosType>
      <Speed>0.89561665</Speed>
      <Accuracy>1.2</Accuracy>
      <Time>1773211503471</Time>
      <description><![CDATA[]]>
      </description>
      <FileId>1568564340</FileId>
      <FileSize>1055389</FileSize>
      <FileType>0</FileType>
    </extensions>
  </wpt>
  <wpt lat="29.2231061" lon="119.7541821">
    <ele>136.8</ele>
    <time>2026-03-11T06:47:05Z</time>
    <name><![CDATA[
        ]]>
    </name>
    <cmt>
        </cmt>
    <desc><![CDATA[]]>
    </desc>
    <sym>Flag, Blue</sym>
    <type>user</type>
    <extensions>
      <PosType>0</PosType>
      <Speed>0.94657415</Speed>
      <Accuracy>1.2</Accuracy>
      <Time>1773211625478</Time>
      <description><![CDATA[]]>
      </description>
      <FileId>1568564337</FileId>
      <FileSize>1866173</FileSize>
      <FileType>0</FileType>
    </extensions>
  </wpt>
  <wpt lat="29.2228641" lon="119.7544454">
    <ele>137.1</ele>
    <time>2026-03-11T06:47:47Z</time>
    <name><![CDATA[
        ]]>
    </name>
    <cmt>
        </cmt>
    <desc><![CDATA[]]>
    </desc>
    <sym>Flag, Blue</sym>
    <type>user</type>
    <extensions>
      <PosType>0</PosType>
      <Speed>1.1468011</Speed>
      <Accuracy>1.1</Accuracy>
      <Time>1773211667482</Time>
      <description><![CDATA[]]>
      </description>
      <FileId>1568564335</FileId>
      <FileSize>2327664</FileSize>
      <FileType>0</FileType>
    </extensions>
  </wpt>
  <wpt lat="29.2225458" lon="119.7548617">
    <ele>123.7</ele>
    <time>2026-03-11T06:49:07Z</time>
    <name><![CDATA[最好从公路走
        ]]>
    </name>
    <cmt>最好从公路走
        </cmt>
    <desc><![CDATA[]]>
    </desc>
    <sym>Flag, Blue</sym>
    <type>user</type>
    <extensions>
      <PosType>0</PosType>
      <Speed>1.1972439</Speed>
      <Accuracy>1.4</Accuracy>
      <Time>1773211747456</Time>
      <description><![CDATA[]]>
      </description>
    </extensions>
  </wpt>
  <wpt lat="29.2224558" lon="119.755214">
    <ele>123.9</ele>
    <time>2026-03-11T06:49:49Z</time>
    <name><![CDATA[跳下来
        ]]>
    </name>
    <cmt>跳下来
        </cmt>
    <desc><![CDATA[]]>
    </desc>
    <sym>Flag, Blue</sym>
    <type>user</type>
    <extensions>
      <PosType>0</PosType>
      <Speed>0.0</Speed>
      <Accuracy>1.2</Accuracy>
      <Time>1773211789470</Time>
      <description><![CDATA[]]>
      </description>
      <FileId>1568564334</FileId>
      <FileSize>2176364</FileSize>
      <FileType>0</FileType>
    </extensions>
  </wpt>
  <wpt lat="29.222485" lon="119.7552933">
    <ele>119.4</ele>
    <time>2026-03-11T06:51:25Z</time>
    <name><![CDATA[
        ]]>
    </name>
    <cmt>
        </cmt>
    <desc><![CDATA[]]>
    </desc>
    <sym>Flag, Blue</sym>
    <type>user</type>
    <extensions>
      <PosType>0</PosType>
      <Speed>0.6583297</Speed>
      <Accuracy>1.2</Accuracy>
      <Time>1773211885445</Time>
      <description><![CDATA[]]>
      </description>
      <FileId>1568564333</FileId>
      <FileSize>2749089</FileSize>
      <FileType>0</FileType>
    </extensions>
  </wpt>
</gpx>